<?xml version="1.0" encoding="UTF-8"?><TrainingCenterDatabase xsi:schemaLocation="http://www.garmin.com/xmlschemas/TrainingCenterDatabase/v2 http://www.garmin.com/xmlschemas/TrainingCenterDatabasev2.xsd" xmlns:ns5="http://www.garmin.com/xmlschemas/ActivityGoals/v1" xmlns:ns3="http://www.garmin.com/xmlschemas/ActivityExtension/v2" xmlns:ns2="http://www.garmin.com/xmlschemas/UserProfile/v2" xmlns="http://www.garmin.com/xmlschemas/TrainingCenterDatabase/v2" xmlns:xsi="http://www.w3.org/2001/XMLSchema-instance"><Activities><Activity Sport="Biking"><Id>2026-03-20T11:42:29+00:00</Id><Lap StartTime="2026-03-20T11:42:29+00:00"><TotalTimeSeconds>2713</TotalTimeSeconds><DistanceMeters>5667.33</DistanceMeters><Track><Trackpoint><Time>2026-03-20T11:42:29+00:00</Time><Position><LatitudeDegrees>50.860108</LatitudeDegrees><LongitudeDegrees>4.282782</LongitudeDegrees></Position><AltitudeMeters>52.1</AltitudeMeters><Extensions><TPX xmlns="http://www.garmin.com/xmlschemas/ActivityExtension/v2"><Speed>0.0</Speed></TPX></Extensions></Trackpoint><Trackpoint><Time>2026-03-20T11:42:30+00:00</Time><Position><LatitudeDegrees>50.860117</LatitudeDegrees><LongitudeDegrees>4.2828</LongitudeDegrees></Position><AltitudeMeters>52.1</AltitudeMeters><Extensions><TPX xmlns="http://www.garmin.com/xmlschemas/ActivityExtension/v2"><Speed>0.0</Speed></TPX></Extensions></Trackpoint><Trackpoint><Time>2026-03-20T11:42:31+00:00</Time><Position><LatitudeDegrees>50.860131</LatitudeDegrees><LongitudeDegrees>4.282803</LongitudeDegrees></Position><AltitudeMeters>52.1</AltitudeMeters><Extensions><TPX xmlns="http://www.garmin.com/xmlschemas/ActivityExtension/v2"><Speed>0.0</Speed></TPX></Extensions></Trackpoint><Trackpoint><Time>2026-03-20T11:42:33+00:00</Time><DistanceMeters>3.2</DistanceMeters><Position><LatitudeDegrees>50.86013</LatitudeDegrees><LongitudeDegrees>4.282808</LongitudeDegrees></Position><AltitudeMeters>52.2</AltitudeMeters><Extensions><TPX xmlns="http://www.garmin.com/xmlschemas/ActivityExtension/v2"><Speed>0.8</Speed></TPX></Extensions></Trackpoint><Trackpoint><Time>2026-03-20T11:42:34+00:00</Time><DistanceMeters>3.2</DistanceMeters><Position><LatitudeDegrees>50.86013</LatitudeDegrees><LongitudeDegrees>4.282808</LongitudeDegrees></Position><AltitudeMeters>52.2</AltitudeMeters><Extensions><TPX xmlns="http://www.garmin.com/xmlschemas/ActivityExtension/v2"><Speed>0.64</Speed></TPX></Extensions></Trackpoint><Trackpoint><Time>2026-03-20T11:42:35+00:00</Time><DistanceMeters>3.2</DistanceMeters><Position><LatitudeDegrees>50.86013</LatitudeDegrees><LongitudeDegrees>4.282809</LongitudeDegrees></Position><AltitudeMeters>52.2</AltitudeMeters><Extensions><TPX xmlns="http://www.garmin.com/xmlschemas/ActivityExtension/v2"><Speed>0.64</Speed></TPX></Extensions></Trackpoint><Trackpoint><Time>2026-03-20T11:42:36+00:00</Time><DistanceMeters>3.2</DistanceMeters><Position><LatitudeDegrees>50.860131</LatitudeDegrees><LongitudeDegrees>4.282811</LongitudeDegrees></Position><AltitudeMeters>52.2</AltitudeMeters><Extensions><TPX xmlns="http://www.garmin.com/xmlschemas/ActivityExtension/v2"><Speed>0.64</Speed></TPX></Extensions></Trackpoint><Trackpoint><Time>2026-03-20T11:42:37+00:00</Time><DistanceMeters>3.2</DistanceMeters><Position><LatitudeDegrees>50.860129</LatitudeDegrees><LongitudeDegrees>4.28281</LongitudeDegrees></Position><AltitudeMeters>52.2</AltitudeMeters><Extensions><TPX xmlns="http://www.garmin.com/xmlschemas/ActivityExtension/v2"><Speed>0.533</Speed></TPX></Extensions></Trackpoint><Trackpoint><Time>2026-03-20T11:42:38+00:00</Time><DistanceMeters>3.2</DistanceMeters><Position><LatitudeDegrees>50.860127</LatitudeDegrees><LongitudeDegrees>4.28281</LongitudeDegrees></Position><AltitudeMeters>52.2</AltitudeMeters><Extensions><TPX xmlns="http://www.garmin.com/xmlschemas/ActivityExtension/v2"><Speed>0.0</Speed></TPX></Extensions></Trackpoint><Trackpoint><Time>2026-03-20T11:42:39+00:00</Time><DistanceMeters>3.2</DistanceMeters><Position><LatitudeDegrees>50.860126</LatitudeDegrees><LongitudeDegrees>4.282809</LongitudeDegrees></Position><AltitudeMeters>52.2</AltitudeMeters><Extensions><TPX xmlns="http://www.garmin.com/xmlschemas/ActivityExtension/v2"><Speed>0.0</Speed></TPX></Extensions></Trackpoint><Trackpoint><Time>2026-03-20T11:42:40+00:00</Time><DistanceMeters>3.2</DistanceMeters><Position><LatitudeDegrees>50.860126</LatitudeDegrees><LongitudeDegrees>4.282809</LongitudeDegrees></Position><AltitudeMeters>52.2</AltitudeMeters><Extensions><TPX xmlns="http://www.garmin.com/xmlschemas/ActivityExtension/v2"><Speed>0.0</Speed></TPX></Extensions></Trackpoint><Trackpoint><Time>2026-03-20T11:42:41+00:00</Time><DistanceMeters>3.2</DistanceMeters><Position><LatitudeDegrees>50.860124</LatitudeDegrees><LongitudeDegrees>4.282808</LongitudeDegrees></Position><AltitudeMeters>52.2</AltitudeMeters><Extensions><TPX xmlns="http://www.garmin.com/xmlschemas/ActivityExtension/v2"><Speed>0.0</Speed></TPX></Extensions></Trackpoint><Trackpoint><Time>2026-03-20T11:42:42+00:00</Time><DistanceMeters>3.2</DistanceMeters><Position><LatitudeDegrees>50.860125</LatitudeDegrees><LongitudeDegrees>4.28281</LongitudeDegrees></Position><AltitudeMeters>52.2</AltitudeMeters><Extensions><TPX xmlns="http://www.garmin.com/xmlschemas/ActivityExtension/v2"><Speed>0.0</Speed></TPX></Extensions></Trackpoint><Trackpoint><Time>2026-03-20T11:42:43+00:00</Time><DistanceMeters>3.2</DistanceMeters><Position><LatitudeDegrees>50.860124</LatitudeDegrees><LongitudeDegrees>4.282811</LongitudeDegrees></Position><AltitudeMeters>52.2</AltitudeMeters><Extensions><TPX xmlns="http://www.garmin.com/xmlschemas/ActivityExtension/v2"><Speed>0.0</Speed></TPX></Extensions></Trackpoint><Trackpoint><Time>2026-03-20T11:42:44+00:00</Time><DistanceMeters>3.2</DistanceMeters><Position><LatitudeDegrees>50.860123</LatitudeDegrees><LongitudeDegrees>4.282809</LongitudeDegrees></Position><AltitudeMeters>52.2</AltitudeMeters><Extensions><TPX xmlns="http://www.garmin.com/xmlschemas/ActivityExtension/v2"><Speed>0.0</Speed></TPX></Extensions></Trackpoint><Trackpoint><Time>2026-03-20T11:42:45+00:00</Time><DistanceMeters>3.2</DistanceMeters><Position><LatitudeDegrees>50.860122</LatitudeDegrees><LongitudeDegrees>4.282809</LongitudeDegrees></Position><AltitudeMeters>52.2</AltitudeMeters><Extensions><TPX xmlns="http://www.garmin.com/xmlschemas/ActivityExtension/v2"><Speed>0.0</Speed></TPX></Extensions></Trackpoint><Trackpoint><Time>2026-03-20T11:42:46+00:00</Time><DistanceMeters>3.2</DistanceMeters><Position><LatitudeDegrees>50.86012</LatitudeDegrees><LongitudeDegrees>4.282809</LongitudeDegrees></Position><AltitudeMeters>52.2</AltitudeMeters><Extensions><TPX xmlns="http://www.garmin.com/xmlschemas/ActivityExtension/v2"><Speed>0.0</Speed></TPX></Extensions></Trackpoint><Trackpoint><Time>2026-03-20T11:42:47+00:00</Time><DistanceMeters>3.2</DistanceMeters><Position><LatitudeDegrees>50.860118</LatitudeDegrees><LongitudeDegrees>4.282811</LongitudeDegrees></Position><AltitudeMeters>52.2</AltitudeMeters><Extensions><TPX xmlns="http://www.garmin.com/xmlschemas/ActivityExtension/v2"><Speed>0.0</Speed></TPX></Extensions></Trackpoint><Trackpoint><Time>2026-03-20T11:42:48+00:00</Time><DistanceMeters>3.2</DistanceMeters><Position><LatitudeDegrees>50.860116</LatitudeDegrees><LongitudeDegrees>4.282812</LongitudeDegrees></Position><AltitudeMeters>52.2</AltitudeMeters><Extensions><TPX xmlns="http://www.garmin.com/xmlschemas/ActivityExtension/v2"><Speed>0.0</Speed></TPX></Extensions></Trackpoint><Trackpoint><Time>2026-03-20T11:42:49+00:00</Time><DistanceMeters>3.2</DistanceMeters><Position><LatitudeDegrees>50.860107</LatitudeDegrees><LongitudeDegrees>4.28281</LongitudeDegrees></Position><AltitudeMeters>52.3</AltitudeMeters><Extensions><TPX xmlns="http://www.garmin.com/xmlschemas/ActivityExtension/v2"><Speed>0.0</Speed></TPX></Extensions></Trackpoint><Trackpoint><Time>2026-03-20T11:42:50+00:00</Time><DistanceMeters>6.9</DistanceMeters><Position><LatitudeDegrees>50.860097</LatitudeDegrees><LongitudeDegrees>4.282805</LongitudeDegrees></Position><AltitudeMeters>52.3</AltitudeMeters><Extensions><TPX xmlns="http://www.garmin.com/xmlschemas/ActivityExtension/v2"><Speed>0.74</Speed></TPX></Extensions></Trackpoint><Trackpoint><Time>2026-03-20T11:42:51+00:00</Time><DistanceMeters>8.7</DistanceMeters><Position><LatitudeDegrees>50.860079</LatitudeDegrees><LongitudeDegrees>4.282793</LongitudeDegrees></Position><AltitudeMeters>52.3</AltitudeMeters><Extensions><TPX xmlns="http://www.garmin.com/xmlschemas/ActivityExtension/v2"><Speed>1.093</Speed></TPX></Extensions></Trackpoint><Trackpoint><Time>2026-03-20T11:42:52+00:00</Time><DistanceMeters>10.4</DistanceMeters><Position><LatitudeDegrees>50.860066</LatitudeDegrees><LongitudeDegrees>4.282783</LongitudeDegrees></Position><AltitudeMeters>52.4</AltitudeMeters><Extensions><TPX xmlns="http://www.garmin.com/xmlschemas/ActivityExtension/v2"><Speed>1.447</Speed></TPX></Extensions></Trackpoint><Trackpoint><Time>2026-03-20T11:42:53+00:00</Time><DistanceMeters>12.2</DistanceMeters><Position><LatitudeDegrees>50.860054</LatitudeDegrees><LongitudeDegrees>4.282773</LongitudeDegrees></Position><AltitudeMeters>52.4</AltitudeMeters><Extensions><TPX xmlns="http://www.garmin.com/xmlschemas/ActivityExtension/v2"><Speed>1.8</Speed></TPX></Extensions></Trackpoint><Trackpoint><Time>2026-03-20T11:42:54+00:00</Time><DistanceMeters>14.8</DistanceMeters><Position><LatitudeDegrees>50.860025</LatitudeDegrees><LongitudeDegrees>4.28275</LongitudeDegrees></Position><AltitudeMeters>52.5</AltitudeMeters><Extensions><TPX xmlns="http://www.garmin.com/xmlschemas/ActivityExtension/v2"><Speed>2.32</Speed></TPX></Extensions></Trackpoint><Trackpoint><Time>2026-03-20T11:42:55+00:00</Time><DistanceMeters>17.4</DistanceMeters><Position><LatitudeDegrees>50.860012</LatitudeDegrees><LongitudeDegrees>4.282743</LongitudeDegrees></Position><AltitudeMeters>52.6</AltitudeMeters><Extensions><TPX xmlns="http://www.garmin.com/xmlschemas/ActivityExtension/v2"><Speed>2.1</Speed></TPX></Extensions></Trackpoint><Trackpoint><Time>2026-03-20T11:42:56+00:00</Time><DistanceMeters>20.4</DistanceMeters><Position><LatitudeDegrees>50.859985</LatitudeDegrees><LongitudeDegrees>4.282731</LongitudeDegrees></Position><AltitudeMeters>52.7</AltitudeMeters><Extensions><TPX xmlns="http://www.garmin.com/xmlschemas/ActivityExtension/v2"><Speed>2.347</Speed></TPX></Extensions></Trackpoint><Trackpoint><Time>2026-03-20T11:42:58+00:00</Time><DistanceMeters>23.3</DistanceMeters><Position><LatitudeDegrees>50.859948</LatitudeDegrees><LongitudeDegrees>4.282712</LongitudeDegrees></Position><AltitudeMeters>52.8</AltitudeMeters><Extensions><TPX xmlns="http://www.garmin.com/xmlschemas/ActivityExtension/v2"><Speed>2.22</Speed></TPX></Extensions></Trackpoint><Trackpoint><Time>2026-03-20T11:42:59+00:00</Time><DistanceMeters>26.2</DistanceMeters><Position><LatitudeDegrees>50.859936</LatitudeDegrees><LongitudeDegrees>4.282706</LongitudeDegrees></Position><AltitudeMeters>52.8</AltitudeMeters><Extensions><TPX xmlns="http://www.garmin.com/xmlschemas/ActivityExtension/v2"><Speed>2.28</Speed></TPX></Extensions></Trackpoint><Trackpoint><Time>2026-03-20T11:43:00+00:00</Time><DistanceMeters>29.4</DistanceMeters><Position><LatitudeDegrees>50.859897</LatitudeDegrees><LongitudeDegrees>4.282693</LongitudeDegrees></Position><AltitudeMeters>52.9</AltitudeMeters><Extensions><TPX xmlns="http://www.garmin.com/xmlschemas/ActivityExtension/v2"><Speed>2.4</Speed></TPX></Extensions></Trackpoint><Trackpoint><Time>2026-03-20T11:43:01+00:00</Time><DistanceMeters>32.6</DistanceMeters><Position><LatitudeDegrees>50.859879</LatitudeDegrees><LongitudeDegrees>4.282693</LongitudeDegrees></Position><AltitudeMeters>53.0</AltitudeMeters><Extensions><TPX xmlns="http://www.garmin.com/xmlschemas/ActivityExtension/v2"><Speed>2.44</Speed></TPX></Extensions></Trackpoint><Trackpoint><Time>2026-03-20T11:43:02+00:00</Time><DistanceMeters>36.2</DistanceMeters><Position><LatitudeDegrees>50.859823</LatitudeDegrees><LongitudeDegrees>4.282675</LongitudeDegrees></Position><AltitudeMeters>53.2</AltitudeMeters><Extensions><TPX xmlns="http://www.garmin.com/xmlschemas/ActivityExtension/v2"><Speed>2.633</Speed></TPX></Extensions></Trackpoint><Trackpoint><Time>2026-03-20T11:43:03+00:00</Time><DistanceMeters>44.1</DistanceMeters><Position><LatitudeDegrees>50.85978</LatitudeDegrees><LongitudeDegrees>4.282655</LongitudeDegrees></Position><AltitudeMeters>53.3</AltitudeMeters><Extensions><TPX xmlns="http://www.garmin.com/xmlschemas/ActivityExtension/v2"><Speed>4.16</Speed></TPX></Extensions></Trackpoint><Trackpoint><Time>2026-03-20T11:43:04+00:00</Time><DistanceMeters>48.2</DistanceMeters><Position><LatitudeDegrees>50.859744</LatitudeDegrees><LongitudeDegrees>4.282656</LongitudeDegrees></Position><AltitudeMeters>53.4</AltitudeMeters><Extensions><TPX xmlns="http://www.garmin.com/xmlschemas/ActivityExtension/v2"><Speed>4.4</Speed></TPX></Extensions></Trackpoint><Trackpoint><Time>2026-03-20T11:43:05+00:00</Time><DistanceMeters>52.1</DistanceMeters><Position><LatitudeDegrees>50.859696</LatitudeDegrees><LongitudeDegrees>4.282645</LongitudeDegrees></Position><AltitudeMeters>53.5</AltitudeMeters><Extensions><TPX xmlns="http://www.garmin.com/xmlschemas/ActivityExtension/v2"><Speed>4.54</Speed></TPX></Extensions></Trackpoint><Trackpoint><Time>2026-03-20T11:43:06+00:00</Time><DistanceMeters>56.0</DistanceMeters><Position><LatitudeDegrees>50.859673</LatitudeDegrees><LongitudeDegrees>4.282639</LongitudeDegrees></Position><AltitudeMeters>53.6</AltitudeMeters><Extensions><TPX xmlns="http://www.garmin.com/xmlschemas/ActivityExtension/v2"><Speed>4.68</Speed></TPX></Extensions></Trackpoint><Trackpoint><Time>2026-03-20T11:43:08+00:00</Time><DistanceMeters>62.4</DistanceMeters><Position><LatitudeDegrees>50.85962</LatitudeDegrees><LongitudeDegrees>4.282604</LongitudeDegrees></Position><AltitudeMeters>53.8</AltitudeMeters><Extensions><TPX xmlns="http://www.garmin.com/xmlschemas/ActivityExtension/v2"><Speed>3.66</Speed></TPX></Extensions></Trackpoint><Trackpoint><Time>2026-03-20T11:43:09+00:00</Time><DistanceMeters>65.5</DistanceMeters><Position><LatitudeDegrees>50.859582</LatitudeDegrees><LongitudeDegrees>4.282584</LongitudeDegrees></Position><AltitudeMeters>53.9</AltitudeMeters><Extensions><TPX xmlns="http://www.garmin.com/xmlschemas/ActivityExtension/v2"><Speed>3.46</Speed></TPX></Extensions></Trackpoint><Trackpoint><Time>2026-03-20T11:43:10+00:00</Time><DistanceMeters>68.6</DistanceMeters><Position><LatitudeDegrees>50.859568</LatitudeDegrees><LongitudeDegrees>4.282575</LongitudeDegrees></Position><AltitudeMeters>53.9</AltitudeMeters><Extensions><TPX xmlns="http://www.garmin.com/xmlschemas/ActivityExtension/v2"><Speed>3.3</Speed></TPX></Extensions></Trackpoint><Trackpoint><Time>2026-03-20T11:43:11+00:00</Time><DistanceMeters>71.4</DistanceMeters><Position><LatitudeDegrees>50.859535</LatitudeDegrees><LongitudeDegrees>4.282543</LongitudeDegrees></Position><AltitudeMeters>54.0</AltitudeMeters><Extensions><TPX xmlns="http://www.garmin.com/xmlschemas/ActivityExtension/v2"><Speed>3.09</Speed></TPX></Extensions></Trackpoint><Trackpoint><Time>2026-03-20T11:43:12+00:00</Time><DistanceMeters>74.3</DistanceMeters><Position><LatitudeDegrees>50.859524</LatitudeDegrees><LongitudeDegrees>4.282533</LongitudeDegrees></Position><AltitudeMeters>54.0</AltitudeMeters><Extensions><TPX xmlns="http://www.garmin.com/xmlschemas/ActivityExtension/v2"><Speed>3.05</Speed></TPX></Extensions></Trackpoint><Trackpoint><Time>2026-03-20T11:43:13+00:00</Time><DistanceMeters>77.3</DistanceMeters><Position><LatitudeDegrees>50.859491</LatitudeDegrees><LongitudeDegrees>4.282503</LongitudeDegrees></Position><AltitudeMeters>54.1</AltitudeMeters><Extensions><TPX xmlns="http://www.garmin.com/xmlschemas/ActivityExtension/v2"><Speed>2.98</Speed></TPX></Extensions></Trackpoint><Trackpoint><Time>2026-03-20T11:43:14+00:00</Time><DistanceMeters>80.3</DistanceMeters><Position><LatitudeDegrees>50.859475</LatitudeDegrees><LongitudeDegrees>4.282495</LongitudeDegrees></Position><AltitudeMeters>54.2</AltitudeMeters><Extensions><TPX xmlns="http://www.garmin.com/xmlschemas/ActivityExtension/v2"><Speed>2.96</Speed></TPX></Extensions></Trackpoint><Trackpoint><Time>2026-03-20T11:43:15+00:00</Time><DistanceMeters>84.3</DistanceMeters><Position><LatitudeDegrees>50.85944</LatitudeDegrees><LongitudeDegrees>4.282487</LongitudeDegrees></Position><AltitudeMeters>54.3</AltitudeMeters><Extensions><TPX xmlns="http://www.garmin.com/xmlschemas/ActivityExtension/v2"><Speed>3.14</Speed></TPX></Extensions></Trackpoint><Trackpoint><Time>2026-03-20T11:43:16+00:00</Time><DistanceMeters>87.4</DistanceMeters><Position><LatitudeDegrees>50.859402</LatitudeDegrees><LongitudeDegrees>4.282463</LongitudeDegrees></Position><AltitudeMeters>54.4</AltitudeMeters><Extensions><TPX xmlns="http://www.garmin.com/xmlschemas/ActivityExtension/v2"><Speed>3.19</Speed></TPX></Extensions></Trackpoint><Trackpoint><Time>2026-03-20T11:43:17+00:00</Time><DistanceMeters>90.5</DistanceMeters><Position><LatitudeDegrees>50.859388</LatitudeDegrees><LongitudeDegrees>4.282455</LongitudeDegrees></Position><AltitudeMeters>54.5</AltitudeMeters><Extensions><TPX xmlns="http://www.garmin.com/xmlschemas/ActivityExtension/v2"><Speed>3.24</Speed></TPX></Extensions></Trackpoint><Trackpoint><Time>2026-03-20T11:43:18+00:00</Time><DistanceMeters>93.8</DistanceMeters><Position><LatitudeDegrees>50.85936</LatitudeDegrees><LongitudeDegrees>4.282435</LongitudeDegrees></Position><AltitudeMeters>54.6</AltitudeMeters><Extensions><TPX xmlns="http://www.garmin.com/xmlschemas/ActivityExtension/v2"><Speed>3.3</Speed></TPX></Extensions></Trackpoint><Trackpoint><Time>2026-03-20T11:43:19+00:00</Time><DistanceMeters>97.1</DistanceMeters><Position><LatitudeDegrees>50.859335</LatitudeDegrees><LongitudeDegrees>4.282415</LongitudeDegrees></Position><AltitudeMeters>54.7</AltitudeMeters><Extensions><TPX xmlns="http://www.garmin.com/xmlschemas/ActivityExtension/v2"><Speed>3.36</Speed></TPX></Extensions></Trackpoint><Trackpoint><Time>2026-03-20T11:43:20+00:00</Time><DistanceMeters>100.1</DistanceMeters><Position><LatitudeDegrees>50.8593</LatitudeDegrees><LongitudeDegrees>4.282387</LongitudeDegrees></Position><AltitudeMeters>54.9</AltitudeMeters><Extensions><TPX xmlns="http://www.garmin.com/xmlschemas/ActivityExtension/v2"><Speed>3.16</Speed></TPX></Extensions></Trackpoint><Trackpoint><Time>2026-03-20T11:43:21+00:00</Time><DistanceMeters>103.1</DistanceMeters><Position><LatitudeDegrees>50.859287</LatitudeDegrees><LongitudeDegrees>4.282375</LongitudeDegrees></Position><AltitudeMeters>54.9</AltitudeMeters><Extensions><TPX xmlns="http://www.garmin.com/xmlschemas/ActivityExtension/v2"><Speed>3.14</Speed></TPX></Extensions></Trackpoint><Trackpoint><Time>2026-03-20T11:43:22+00:00</Time><DistanceMeters>105.8</DistanceMeters><Position><LatitudeDegrees>50.859253</LatitudeDegrees><LongitudeDegrees>4.28235</LongitudeDegrees></Position><AltitudeMeters>55.1</AltitudeMeters><Extensions><TPX xmlns="http://www.garmin.com/xmlschemas/ActivityExtension/v2"><Speed>3.06</Speed></TPX></Extensions></Trackpoint><Trackpoint><Time>2026-03-20T11:43:23+00:00</Time><DistanceMeters>108.5</DistanceMeters><Position><LatitudeDegrees>50.859242</LatitudeDegrees><LongitudeDegrees>4.282344</LongitudeDegrees></Position><AltitudeMeters>55.1</AltitudeMeters><Extensions><TPX xmlns="http://www.garmin.com/xmlschemas/ActivityExtension/v2"><Speed>2.94</Speed></TPX></Extensions></Trackpoint><Trackpoint><Time>2026-03-20T11:43:24+00:00</Time><DistanceMeters>111.3</DistanceMeters><Position><LatitudeDegrees>50.859207</LatitudeDegrees><LongitudeDegrees>4.282326</LongitudeDegrees></Position><AltitudeMeters>55.3</AltitudeMeters><Extensions><TPX xmlns="http://www.garmin.com/xmlschemas/ActivityExtension/v2"><Speed>2.83</Speed></TPX></Extensions></Trackpoint><Trackpoint><Time>2026-03-20T11:43:25+00:00</Time><DistanceMeters>114.0</DistanceMeters><Position><LatitudeDegrees>50.859195</LatitudeDegrees><LongitudeDegrees>4.282321</LongitudeDegrees></Position><AltitudeMeters>55.4</AltitudeMeters><Extensions><TPX xmlns="http://www.garmin.com/xmlschemas/ActivityExtension/v2"><Speed>2.78</Speed></TPX></Extensions></Trackpoint><Trackpoint><Time>2026-03-20T11:43:26+00:00</Time><DistanceMeters>116.5</DistanceMeters><Position><LatitudeDegrees>50.859162</LatitudeDegrees><LongitudeDegrees>4.28231</LongitudeDegrees></Position><AltitudeMeters>55.5</AltitudeMeters><Extensions><TPX xmlns="http://www.garmin.com/xmlschemas/ActivityExtension/v2"><Speed>2.68</Speed></TPX></Extensions></Trackpoint><Trackpoint><Time>2026-03-20T11:43:27+00:00</Time><DistanceMeters>119.0</DistanceMeters><Position><LatitudeDegrees>50.859151</LatitudeDegrees><LongitudeDegrees>4.282307</LongitudeDegrees></Position><AltitudeMeters>55.6</AltitudeMeters><Extensions><TPX xmlns="http://www.garmin.com/xmlschemas/ActivityExtension/v2"><Speed>2.64</Speed></TPX></Extensions></Trackpoint><Trackpoint><Time>2026-03-20T11:43:28+00:00</Time><DistanceMeters>121.6</DistanceMeters><Position><LatitudeDegrees>50.859118</LatitudeDegrees><LongitudeDegrees>4.282293</LongitudeDegrees></Position><AltitudeMeters>55.7</AltitudeMeters><Extensions><TPX xmlns="http://www.garmin.com/xmlschemas/ActivityExtension/v2"><Speed>2.62</Speed></TPX></Extensions></Trackpoint><Trackpoint><Time>2026-03-20T11:43:29+00:00</Time><DistanceMeters>124.2</DistanceMeters><Position><LatitudeDegrees>50.859106</LatitudeDegrees><LongitudeDegrees>4.282289</LongitudeDegrees></Position><AltitudeMeters>55.8</AltitudeMeters><Extensions><TPX xmlns="http://www.garmin.com/xmlschemas/ActivityExtension/v2"><Speed>2.59</Speed></TPX></Extensions></Trackpoint><Trackpoint><Time>2026-03-20T11:43:30+00:00</Time><DistanceMeters>126.6</DistanceMeters><Position><LatitudeDegrees>50.859076</LatitudeDegrees><LongitudeDegrees>4.282272</LongitudeDegrees></Position><AltitudeMeters>55.9</AltitudeMeters><Extensions><TPX xmlns="http://www.garmin.com/xmlschemas/ActivityExtension/v2"><Speed>2.51</Speed></TPX></Extensions></Trackpoint><Trackpoint><Time>2026-03-20T11:43:31+00:00</Time><DistanceMeters>128.9</DistanceMeters><Position><LatitudeDegrees>50.859067</LatitudeDegrees><LongitudeDegrees>4.282263</LongitudeDegrees></Position><AltitudeMeters>56.0</AltitudeMeters><Extensions><TPX xmlns="http://www.garmin.com/xmlschemas/ActivityExtension/v2"><Speed>2.48</Speed></TPX></Extensions></Trackpoint><Trackpoint><Time>2026-03-20T11:43:32+00:00</Time><DistanceMeters>131.4</DistanceMeters><Position><LatitudeDegrees>50.859036</LatitudeDegrees><LongitudeDegrees>4.282244</LongitudeDegrees></Position><AltitudeMeters>56.1</AltitudeMeters><Extensions><TPX xmlns="http://www.garmin.com/xmlschemas/ActivityExtension/v2"><Speed>2.47</Speed></TPX></Extensions></Trackpoint><Trackpoint><Time>2026-03-20T11:43:33+00:00</Time><DistanceMeters>133.8</DistanceMeters><Position><LatitudeDegrees>50.859025</LatitudeDegrees><LongitudeDegrees>4.28224</LongitudeDegrees></Position><AltitudeMeters>56.1</AltitudeMeters><Extensions><TPX xmlns="http://www.garmin.com/xmlschemas/ActivityExtension/v2"><Speed>2.44</Speed></TPX></Extensions></Trackpoint><Trackpoint><Time>2026-03-20T11:43:34+00:00</Time><DistanceMeters>136.4</DistanceMeters><Position><LatitudeDegrees>50.858992</LatitudeDegrees><LongitudeDegrees>4.282221</LongitudeDegrees></Position><AltitudeMeters>56.3</AltitudeMeters><Extensions><TPX xmlns="http://www.garmin.com/xmlschemas/ActivityExtension/v2"><Speed>2.43</Speed></TPX></Extensions></Trackpoint><Trackpoint><Time>2026-03-20T11:43:35+00:00</Time><DistanceMeters>138.9</DistanceMeters><Position><LatitudeDegrees>50.858983</LatitudeDegrees><LongitudeDegrees>4.282212</LongitudeDegrees></Position><AltitudeMeters>56.3</AltitudeMeters><Extensions><TPX xmlns="http://www.garmin.com/xmlschemas/ActivityExtension/v2"><Speed>2.47</Speed></TPX></Extensions></Trackpoint><Trackpoint><Time>2026-03-20T11:43:37+00:00</Time><DistanceMeters>142.0</DistanceMeters><Position><LatitudeDegrees>50.858955</LatitudeDegrees><LongitudeDegrees>4.282168</LongitudeDegrees></Position><AltitudeMeters>56.5</AltitudeMeters><Extensions><TPX xmlns="http://www.garmin.com/xmlschemas/ActivityExtension/v2"><Speed>2.12</Speed></TPX></Extensions></Trackpoint><Trackpoint><Time>2026-03-20T11:43:38+00:00</Time><DistanceMeters>145.0</DistanceMeters><Position><LatitudeDegrees>50.858941</LatitudeDegrees><LongitudeDegrees>4.282157</LongitudeDegrees></Position><AltitudeMeters>56.6</AltitudeMeters><Extensions><TPX xmlns="http://www.garmin.com/xmlschemas/ActivityExtension/v2"><Speed>2.24</Speed></TPX></Extensions></Trackpoint><Trackpoint><Time>2026-03-20T11:43:39+00:00</Time><DistanceMeters>148.0</DistanceMeters><Position><LatitudeDegrees>50.858902</LatitudeDegrees><LongitudeDegrees>4.282143</LongitudeDegrees></Position><AltitudeMeters>56.7</AltitudeMeters><Extensions><TPX xmlns="http://www.garmin.com/xmlschemas/ActivityExtension/v2"><Speed>2.32</Speed></TPX></Extensions></Trackpoint><Trackpoint><Time>2026-03-20T11:43:40+00:00</Time><DistanceMeters>150.9</DistanceMeters><Position><LatitudeDegrees>50.858889</LatitudeDegrees><LongitudeDegrees>4.282137</LongitudeDegrees></Position><AltitudeMeters>56.8</AltitudeMeters><Extensions><TPX xmlns="http://www.garmin.com/xmlschemas/ActivityExtension/v2"><Speed>2.4</Speed></TPX></Extensions></Trackpoint><Trackpoint><Time>2026-03-20T11:43:41+00:00</Time><DistanceMeters>153.5</DistanceMeters><Position><LatitudeDegrees>50.858855</LatitudeDegrees><LongitudeDegrees>4.282127</LongitudeDegrees></Position><AltitudeMeters>56.9</AltitudeMeters><Extensions><TPX xmlns="http://www.garmin.com/xmlschemas/ActivityExtension/v2"><Speed>2.425</Speed></TPX></Extensions></Trackpoint><Trackpoint><Time>2026-03-20T11:43:42+00:00</Time><DistanceMeters>156.0</DistanceMeters><Position><LatitudeDegrees>50.858844</LatitudeDegrees><LongitudeDegrees>4.282125</LongitudeDegrees></Position><AltitudeMeters>56.9</AltitudeMeters><Extensions><TPX xmlns="http://www.garmin.com/xmlschemas/ActivityExtension/v2"><Speed>2.81</Speed></TPX></Extensions></Trackpoint><Trackpoint><Time>2026-03-20T11:43:43+00:00</Time><DistanceMeters>160.5</DistanceMeters><Position><LatitudeDegrees>50.858808</LatitudeDegrees><LongitudeDegrees>4.282156</LongitudeDegrees></Position><AltitudeMeters>57.1</AltitudeMeters><Extensions><TPX xmlns="http://www.garmin.com/xmlschemas/ActivityExtension/v2"><Speed>3.1</Speed></TPX></Extensions></Trackpoint><Trackpoint><Time>2026-03-20T11:43:44+00:00</Time><DistanceMeters>160.5</DistanceMeters><Position><LatitudeDegrees>50.858799</LatitudeDegrees><LongitudeDegrees>4.28217</LongitudeDegrees></Position><AltitudeMeters>57.2</AltitudeMeters><Extensions><TPX xmlns="http://www.garmin.com/xmlschemas/ActivityExtension/v2"><Speed>2.51</Speed></TPX></Extensions></Trackpoint><Trackpoint><Time>2026-03-20T11:43:45+00:00</Time><DistanceMeters>163.9</DistanceMeters><Position><LatitudeDegrees>50.85878</LatitudeDegrees><LongitudeDegrees>4.282174</LongitudeDegrees></Position><AltitudeMeters>57.2</AltitudeMeters><Extensions><TPX xmlns="http://www.garmin.com/xmlschemas/ActivityExtension/v2"><Speed>2.6</Speed></TPX></Extensions></Trackpoint><Trackpoint><Time>2026-03-20T11:43:46+00:00</Time><DistanceMeters>166.3</DistanceMeters><Position><LatitudeDegrees>50.858749</LatitudeDegrees><LongitudeDegrees>4.282186</LongitudeDegrees></Position><AltitudeMeters>57.4</AltitudeMeters><Extensions><TPX xmlns="http://www.garmin.com/xmlschemas/ActivityExtension/v2"><Speed>2.56</Speed></TPX></Extensions></Trackpoint><Trackpoint><Time>2026-03-20T11:43:47+00:00</Time><DistanceMeters>168.6</DistanceMeters><Position><LatitudeDegrees>50.858739</LatitudeDegrees><LongitudeDegrees>4.282194</LongitudeDegrees></Position><AltitudeMeters>57.4</AltitudeMeters><Extensions><TPX xmlns="http://www.garmin.com/xmlschemas/ActivityExtension/v2"><Speed>2.52</Speed></TPX></Extensions></Trackpoint><Trackpoint><Time>2026-03-20T11:43:48+00:00</Time><DistanceMeters>171.1</DistanceMeters><Position><LatitudeDegrees>50.85871</LatitudeDegrees><LongitudeDegrees>4.282217</LongitudeDegrees></Position><AltitudeMeters>57.5</AltitudeMeters><Extensions><TPX xmlns="http://www.garmin.com/xmlschemas/ActivityExtension/v2"><Speed>2.11</Speed></TPX></Extensions></Trackpoint><Trackpoint><Time>2026-03-20T11:43:49+00:00</Time><DistanceMeters>173.5</DistanceMeters><Position><LatitudeDegrees>50.858699</LatitudeDegrees><LongitudeDegrees>4.282223</LongitudeDegrees></Position><AltitudeMeters>57.6</AltitudeMeters><Extensions><TPX xmlns="http://www.garmin.com/xmlschemas/ActivityExtension/v2"><Speed>2.6</Speed></TPX></Extensions></Trackpoint><Trackpoint><Time>2026-03-20T11:43:50+00:00</Time><DistanceMeters>176.1</DistanceMeters><Position><LatitudeDegrees>50.858668</LatitudeDegrees><LongitudeDegrees>4.282248</LongitudeDegrees></Position><AltitudeMeters>57.7</AltitudeMeters><Extensions><TPX xmlns="http://www.garmin.com/xmlschemas/ActivityExtension/v2"><Speed>2.44</Speed></TPX></Extensions></Trackpoint><Trackpoint><Time>2026-03-20T11:43:51+00:00</Time><DistanceMeters>178.7</DistanceMeters><Position><LatitudeDegrees>50.858658</LatitudeDegrees><LongitudeDegrees>4.282257</LongitudeDegrees></Position><AltitudeMeters>57.7</AltitudeMeters><Extensions><TPX xmlns="http://www.garmin.com/xmlschemas/ActivityExtension/v2"><Speed>2.49</Speed></TPX></Extensions></Trackpoint><Trackpoint><Time>2026-03-20T11:43:52+00:00</Time><DistanceMeters>180.8</DistanceMeters><Position><LatitudeDegrees>50.858631</LatitudeDegrees><LongitudeDegrees>4.282244</LongitudeDegrees></Position><AltitudeMeters>57.8</AltitudeMeters><Extensions><TPX xmlns="http://www.garmin.com/xmlschemas/ActivityExtension/v2"><Speed>2.44</Speed></TPX></Extensions></Trackpoint><Trackpoint><Time>2026-03-20T11:43:53+00:00</Time><DistanceMeters>182.9</DistanceMeters><Position><LatitudeDegrees>50.858621</LatitudeDegrees><LongitudeDegrees>4.282243</LongitudeDegrees></Position><AltitudeMeters>57.9</AltitudeMeters><Extensions><TPX xmlns="http://www.garmin.com/xmlschemas/ActivityExtension/v2"><Speed>2.37</Speed></TPX></Extensions></Trackpoint><Trackpoint><Time>2026-03-20T11:43:54+00:00</Time><DistanceMeters>185.3</DistanceMeters><Position><LatitudeDegrees>50.858591</LatitudeDegrees><LongitudeDegrees>4.282239</LongitudeDegrees></Position><AltitudeMeters>58.0</AltitudeMeters><Extensions><TPX xmlns="http://www.garmin.com/xmlschemas/ActivityExtension/v2"><Speed>2.35</Speed></TPX></Extensions></Trackpoint><Trackpoint><Time>2026-03-20T11:43:55+00:00</Time><DistanceMeters>187.6</DistanceMeters><Position><LatitudeDegrees>50.858579</LatitudeDegrees><LongitudeDegrees>4.282237</LongitudeDegrees></Position><AltitudeMeters>58.0</AltitudeMeters><Extensions><TPX xmlns="http://www.garmin.com/xmlschemas/ActivityExtension/v2"><Speed>2.3</Speed></TPX></Extensions></Trackpoint><Trackpoint><Time>2026-03-20T11:43:56+00:00</Time><DistanceMeters>190.0</DistanceMeters><Position><LatitudeDegrees>50.858547</LatitudeDegrees><LongitudeDegrees>4.282232</LongitudeDegrees></Position><AltitudeMeters>58.2</AltitudeMeters><Extensions><TPX xmlns="http://www.garmin.com/xmlschemas/ActivityExtension/v2"><Speed>2.26</Speed></TPX></Extensions></Trackpoint><Trackpoint><Time>2026-03-20T11:43:57+00:00</Time><DistanceMeters>192.4</DistanceMeters><Position><LatitudeDegrees>50.858536</LatitudeDegrees><LongitudeDegrees>4.282232</LongitudeDegrees></Position><AltitudeMeters>58.2</AltitudeMeters><Extensions><TPX xmlns="http://www.garmin.com/xmlschemas/ActivityExtension/v2"><Speed>2.32</Speed></TPX></Extensions></Trackpoint><Trackpoint><Time>2026-03-20T11:43:58+00:00</Time><DistanceMeters>194.8</DistanceMeters><Position><LatitudeDegrees>50.858503</LatitudeDegrees><LongitudeDegrees>4.282227</LongitudeDegrees></Position><AltitudeMeters>58.3</AltitudeMeters><Extensions><TPX xmlns="http://www.garmin.com/xmlschemas/ActivityExtension/v2"><Speed>2.38</Speed></TPX></Extensions></Trackpoint><Trackpoint><Time>2026-03-20T11:43:59+00:00</Time><DistanceMeters>197.2</DistanceMeters><Position><LatitudeDegrees>50.858492</LatitudeDegrees><LongitudeDegrees>4.282227</LongitudeDegrees></Position><AltitudeMeters>58.4</AltitudeMeters><Extensions><TPX xmlns="http://www.garmin.com/xmlschemas/ActivityExtension/v2"><Speed>2.39</Speed></TPX></Extensions></Trackpoint><Trackpoint><Time>2026-03-20T11:44:00+00:00</Time><DistanceMeters>198.7</DistanceMeters><Position><LatitudeDegrees>50.858473</LatitudeDegrees><LongitudeDegrees>4.28221</LongitudeDegrees></Position><AltitudeMeters>58.5</AltitudeMeters><Extensions><TPX xmlns="http://www.garmin.com/xmlschemas/ActivityExtension/v2"><Speed>2.22</Speed></TPX></Extensions></Trackpoint><Trackpoint><Time>2026-03-20T11:44:01+00:00</Time><DistanceMeters>200.2</DistanceMeters><Position><LatitudeDegrees>50.858463</LatitudeDegrees><LongitudeDegrees>4.282209</LongitudeDegrees></Position><AltitudeMeters>58.5</AltitudeMeters><Extensions><TPX xmlns="http://www.garmin.com/xmlschemas/ActivityExtension/v2"><Speed>2.04</Speed></TPX></Extensions></Trackpoint><Trackpoint><Time>2026-03-20T11:44:02+00:00</Time><DistanceMeters>201.7</DistanceMeters><Position><LatitudeDegrees>50.858454</LatitudeDegrees><LongitudeDegrees>4.282209</LongitudeDegrees></Position><AltitudeMeters>58.5</AltitudeMeters><Extensions><TPX xmlns="http://www.garmin.com/xmlschemas/ActivityExtension/v2"><Speed>1.86</Speed></TPX></Extensions></Trackpoint><Trackpoint><Time>2026-03-20T11:44:03+00:00</Time><DistanceMeters>204.0</DistanceMeters><Position><LatitudeDegrees>50.858423</LatitudeDegrees><LongitudeDegrees>4.28221</LongitudeDegrees></Position><AltitudeMeters>58.6</AltitudeMeters><Extensions><TPX xmlns="http://www.garmin.com/xmlschemas/ActivityExtension/v2"><Speed>1.84</Speed></TPX></Extensions></Trackpoint><Trackpoint><Time>2026-03-20T11:44:04+00:00</Time><DistanceMeters>206.3</DistanceMeters><Position><LatitudeDegrees>50.858413</LatitudeDegrees><LongitudeDegrees>4.282209</LongitudeDegrees></Position><AltitudeMeters>58.7</AltitudeMeters><Extensions><TPX xmlns="http://www.garmin.com/xmlschemas/ActivityExtension/v2"><Speed>1.82</Speed></TPX></Extensions></Trackpoint><Trackpoint><Time>2026-03-20T11:44:05+00:00</Time><DistanceMeters>208.8</DistanceMeters><Position><LatitudeDegrees>50.858382</LatitudeDegrees><LongitudeDegrees>4.282198</LongitudeDegrees></Position><AltitudeMeters>58.8</AltitudeMeters><Extensions><TPX xmlns="http://www.garmin.com/xmlschemas/ActivityExtension/v2"><Speed>2.01</Speed></TPX></Extensions></Trackpoint><Trackpoint><Time>2026-03-20T11:44:06+00:00</Time><DistanceMeters>211.2</DistanceMeters><Position><LatitudeDegrees>50.85837</LatitudeDegrees><LongitudeDegrees>4.28219</LongitudeDegrees></Position><AltitudeMeters>58.9</AltitudeMeters><Extensions><TPX xmlns="http://www.garmin.com/xmlschemas/ActivityExtension/v2"><Speed>2.2</Speed></TPX></Extensions></Trackpoint><Trackpoint><Time>2026-03-20T11:44:07+00:00</Time><DistanceMeters>217.4</DistanceMeters><Position><LatitudeDegrees>50.858326</LatitudeDegrees><LongitudeDegrees>4.282108</LongitudeDegrees></Position><AltitudeMeters>59.2</AltitudeMeters><Extensions><TPX xmlns="http://www.garmin.com/xmlschemas/ActivityExtension/v2"><Speed>3.14</Speed></TPX></Extensions></Trackpoint><Trackpoint><Time>2026-03-20T11:44:08+00:00</Time><DistanceMeters>223.6</DistanceMeters><Position><LatitudeDegrees>50.858304</LatitudeDegrees><LongitudeDegrees>4.282047</LongitudeDegrees></Position><AltitudeMeters>59.3</AltitudeMeters><Extensions><TPX xmlns="http://www.garmin.com/xmlschemas/ActivityExtension/v2"><Speed>3.92</Speed></TPX></Extensions></Trackpoint><Trackpoint><Time>2026-03-20T11:44:09+00:00</Time><DistanceMeters>223.6</DistanceMeters><Position><LatitudeDegrees>50.858295</LatitudeDegrees><LongitudeDegrees>4.282023</LongitudeDegrees></Position><AltitudeMeters>59.4</AltitudeMeters><Extensions><TPX xmlns="http://www.garmin.com/xmlschemas/ActivityExtension/v2"><Speed>3.46</Speed></TPX></Extensions></Trackpoint><Trackpoint><Time>2026-03-20T11:44:10+00:00</Time><DistanceMeters>227.5</DistanceMeters><Position><LatitudeDegrees>50.858278</LatitudeDegrees><LongitudeDegrees>4.282011</LongitudeDegrees></Position><AltitudeMeters>59.5</AltitudeMeters><Extensions><TPX xmlns="http://www.garmin.com/xmlschemas/ActivityExtension/v2"><Speed>3.75</Speed></TPX></Extensions></Trackpoint><Trackpoint><Time>2026-03-20T11:44:11+00:00</Time><DistanceMeters>229.8</DistanceMeters><Position><LatitudeDegrees>50.85825</LatitudeDegrees><LongitudeDegrees>4.281992</LongitudeDegrees></Position><AltitudeMeters>59.7</AltitudeMeters><Extensions><TPX xmlns="http://www.garmin.com/xmlschemas/ActivityExtension/v2"><Speed>3.72</Speed></TPX></Extensions></Trackpoint><Trackpoint><Time>2026-03-20T11:44:12+00:00</Time><DistanceMeters>232.1</DistanceMeters><Position><LatitudeDegrees>50.85824</LatitudeDegrees><LongitudeDegrees>4.281985</LongitudeDegrees></Position><AltitudeMeters>59.7</AltitudeMeters><Extensions><TPX xmlns="http://www.garmin.com/xmlschemas/ActivityExtension/v2"><Speed>2.94</Speed></TPX></Extensions></Trackpoint><Trackpoint><Time>2026-03-20T11:44:13+00:00</Time><DistanceMeters>232.1</DistanceMeters><Position><LatitudeDegrees>50.858221</LatitudeDegrees><LongitudeDegrees>4.281972</LongitudeDegrees></Position><AltitudeMeters>59.8</AltitudeMeters><Extensions><TPX xmlns="http://www.garmin.com/xmlschemas/ActivityExtension/v2"><Speed>1.7</Speed></TPX></Extensions></Trackpoint><Trackpoint><Time>2026-03-20T11:44:15+00:00</Time><DistanceMeters>236.9</DistanceMeters><Position><LatitudeDegrees>50.858199</LatitudeDegrees><LongitudeDegrees>4.281963</LongitudeDegrees></Position><AltitudeMeters>59.9</AltitudeMeters><Extensions><TPX xmlns="http://www.garmin.com/xmlschemas/ActivityExtension/v2"><Speed>1.88</Speed></TPX></Extensions></Trackpoint><Trackpoint><Time>2026-03-20T11:44:16+00:00</Time><DistanceMeters>240.3</DistanceMeters><Position><LatitudeDegrees>50.858158</LatitudeDegrees><LongitudeDegrees>4.28194</LongitudeDegrees></Position><AltitudeMeters>60.1</AltitudeMeters><Extensions><TPX xmlns="http://www.garmin.com/xmlschemas/ActivityExtension/v2"><Speed>2.1</Speed></TPX></Extensions></Trackpoint><Trackpoint><Time>2026-03-20T11:44:17+00:00</Time><DistanceMeters>243.7</DistanceMeters><Position><LatitudeDegrees>50.858143</LatitudeDegrees><LongitudeDegrees>4.281923</LongitudeDegrees></Position><AltitudeMeters>60.2</AltitudeMeters><Extensions><TPX xmlns="http://www.garmin.com/xmlschemas/ActivityExtension/v2"><Speed>2.32</Speed></TPX></Extensions></Trackpoint><Trackpoint><Time>2026-03-20T11:44:18+00:00</Time><DistanceMeters>246.1</DistanceMeters><Position><LatitudeDegrees>50.858115</LatitudeDegrees><LongitudeDegrees>4.281909</LongitudeDegrees></Position><AltitudeMeters>60.4</AltitudeMeters><Extensions><TPX xmlns="http://www.garmin.com/xmlschemas/ActivityExtension/v2"><Speed>2.79</Speed></TPX></Extensions></Trackpoint><Trackpoint><Time>2026-03-20T11:44:19+00:00</Time><DistanceMeters>248.4</DistanceMeters><Position><LatitudeDegrees>50.858103</LatitudeDegrees><LongitudeDegrees>4.281905</LongitudeDegrees></Position><AltitudeMeters>60.4</AltitudeMeters><Extensions><TPX xmlns="http://www.garmin.com/xmlschemas/ActivityExtension/v2"><Speed>2.717</Speed></TPX></Extensions></Trackpoint><Trackpoint><Time>2026-03-20T11:44:20+00:00</Time><DistanceMeters>251.0</DistanceMeters><Position><LatitudeDegrees>50.858069</LatitudeDegrees><LongitudeDegrees>4.281895</LongitudeDegrees></Position><AltitudeMeters>60.6</AltitudeMeters><Extensions><TPX xmlns="http://www.garmin.com/xmlschemas/ActivityExtension/v2"><Speed>2.82</Speed></TPX></Extensions></Trackpoint><Trackpoint><Time>2026-03-20T11:44:21+00:00</Time><DistanceMeters>253.6</DistanceMeters><Position><LatitudeDegrees>50.858057</LatitudeDegrees><LongitudeDegrees>4.281892</LongitudeDegrees></Position><AltitudeMeters>60.7</AltitudeMeters><Extensions><TPX xmlns="http://www.garmin.com/xmlschemas/ActivityExtension/v2"><Speed>2.66</Speed></TPX></Extensions></Trackpoint><Trackpoint><Time>2026-03-20T11:44:22+00:00</Time><DistanceMeters>255.8</DistanceMeters><Position><LatitudeDegrees>50.858028</LatitudeDegrees><LongitudeDegrees>4.281884</LongitudeDegrees></Position><AltitudeMeters>60.8</AltitudeMeters><Extensions><TPX xmlns="http://www.garmin.com/xmlschemas/ActivityExtension/v2"><Speed>2.41</Speed></TPX></Extensions></Trackpoint><Trackpoint><Time>2026-03-20T11:44:23+00:00</Time><DistanceMeters>257.9</DistanceMeters><Position><LatitudeDegrees>50.858018</LatitudeDegrees><LongitudeDegrees>4.281882</LongitudeDegrees></Position><AltitudeMeters>60.9</AltitudeMeters><Extensions><TPX xmlns="http://www.garmin.com/xmlschemas/ActivityExtension/v2"><Speed>2.37</Speed></TPX></Extensions></Trackpoint><Trackpoint><Time>2026-03-20T11:44:24+00:00</Time><DistanceMeters>260.2</DistanceMeters><Position><LatitudeDegrees>50.85799</LatitudeDegrees><LongitudeDegrees>4.281866</LongitudeDegrees></Position><AltitudeMeters>61.0</AltitudeMeters><Extensions><TPX xmlns="http://www.garmin.com/xmlschemas/ActivityExtension/v2"><Speed>2.35</Speed></TPX></Extensions></Trackpoint><Trackpoint><Time>2026-03-20T11:44:25+00:00</Time><DistanceMeters>262.4</DistanceMeters><Position><LatitudeDegrees>50.857982</LatitudeDegrees><LongitudeDegrees>4.281856</LongitudeDegrees></Position><AltitudeMeters>61.1</AltitudeMeters><Extensions><TPX xmlns="http://www.garmin.com/xmlschemas/ActivityExtension/v2"><Speed>2.28</Speed></TPX></Extensions></Trackpoint><Trackpoint><Time>2026-03-20T11:44:26+00:00</Time><DistanceMeters>262.4</DistanceMeters><Position><LatitudeDegrees>50.857966</LatitudeDegrees><LongitudeDegrees>4.281851</LongitudeDegrees></Position><AltitudeMeters>61.2</AltitudeMeters><Extensions><TPX xmlns="http://www.garmin.com/xmlschemas/ActivityExtension/v2"><Speed>1.76</Speed></TPX></Extensions></Trackpoint><Trackpoint><Time>2026-03-20T11:44:27+00:00</Time><DistanceMeters>266.3</DistanceMeters><Position><LatitudeDegrees>50.857947</LatitudeDegrees><LongitudeDegrees>4.281844</LongitudeDegrees></Position><AltitudeMeters>61.3</AltitudeMeters><Extensions><TPX xmlns="http://www.garmin.com/xmlschemas/ActivityExtension/v2"><Speed>2.11</Speed></TPX></Extensions></Trackpoint><Trackpoint><Time>2026-03-20T11:44:28+00:00</Time><DistanceMeters>268.5</DistanceMeters><Position><LatitudeDegrees>50.857918</LatitudeDegrees><LongitudeDegrees>4.28184</LongitudeDegrees></Position><AltitudeMeters>61.4</AltitudeMeters><Extensions><TPX xmlns="http://www.garmin.com/xmlschemas/ActivityExtension/v2"><Speed>2.12</Speed></TPX></Extensions></Trackpoint><Trackpoint><Time>2026-03-20T11:44:29+00:00</Time><DistanceMeters>270.7</DistanceMeters><Position><LatitudeDegrees>50.857907</LatitudeDegrees><LongitudeDegrees>4.281841</LongitudeDegrees></Position><AltitudeMeters>61.5</AltitudeMeters><Extensions><TPX xmlns="http://www.garmin.com/xmlschemas/ActivityExtension/v2"><Speed>2.11</Speed></TPX></Extensions></Trackpoint><Trackpoint><Time>2026-03-20T11:44:30+00:00</Time><DistanceMeters>273.7</DistanceMeters><Position><LatitudeDegrees>50.857877</LatitudeDegrees><LongitudeDegrees>4.281875</LongitudeDegrees></Position><AltitudeMeters>61.7</AltitudeMeters><Extensions><TPX xmlns="http://www.garmin.com/xmlschemas/ActivityExtension/v2"><Speed>2.26</Speed></TPX></Extensions></Trackpoint><Trackpoint><Time>2026-03-20T11:44:31+00:00</Time><DistanceMeters>276.7</DistanceMeters><Position><LatitudeDegrees>50.857868</LatitudeDegrees><LongitudeDegrees>4.281898</LongitudeDegrees></Position><AltitudeMeters>61.8</AltitudeMeters><Extensions><TPX xmlns="http://www.garmin.com/xmlschemas/ActivityExtension/v2"><Speed>2.86</Speed></TPX></Extensions></Trackpoint><Trackpoint><Time>2026-03-20T11:44:32+00:00</Time><DistanceMeters>287.3</DistanceMeters><Position><LatitudeDegrees>50.857858</LatitudeDegrees><LongitudeDegrees>4.282048</LongitudeDegrees></Position><AltitudeMeters>62.3</AltitudeMeters><Extensions><TPX xmlns="http://www.garmin.com/xmlschemas/ActivityExtension/v2"><Speed>4.2</Speed></TPX></Extensions></Trackpoint><Trackpoint><Time>2026-03-20T11:44:33+00:00</Time><DistanceMeters>296.1</DistanceMeters><Position><LatitudeDegrees>50.857866</LatitudeDegrees><LongitudeDegrees>4.282173</LongitudeDegrees></Position><AltitudeMeters>62.7</AltitudeMeters><Extensions><TPX xmlns="http://www.garmin.com/xmlschemas/ActivityExtension/v2"><Speed>5.52</Speed></TPX></Extensions></Trackpoint><Trackpoint><Time>2026-03-20T11:44:34+00:00</Time><DistanceMeters>297.7</DistanceMeters><Position><LatitudeDegrees>50.857854</LatitudeDegrees><LongitudeDegrees>4.2822</LongitudeDegrees></Position><AltitudeMeters>62.8</AltitudeMeters><Extensions><TPX xmlns="http://www.garmin.com/xmlschemas/ActivityExtension/v2"><Speed>5.393</Speed></TPX></Extensions></Trackpoint><Trackpoint><Time>2026-03-20T11:44:35+00:00</Time><DistanceMeters>299.2</DistanceMeters><Position><LatitudeDegrees>50.857847</LatitudeDegrees><LongitudeDegrees>4.282213</LongitudeDegrees></Position><AltitudeMeters>62.9</AltitudeMeters><Extensions><TPX xmlns="http://www.garmin.com/xmlschemas/ActivityExtension/v2"><Speed>5.107</Speed></TPX></Extensions></Trackpoint><Trackpoint><Time>2026-03-20T11:44:36+00:00</Time><DistanceMeters>300.8</DistanceMeters><Position><LatitudeDegrees>50.857839</LatitudeDegrees><LongitudeDegrees>4.282225</LongitudeDegrees></Position><AltitudeMeters>62.9</AltitudeMeters><Extensions><TPX xmlns="http://www.garmin.com/xmlschemas/ActivityExtension/v2"><Speed>4.82</Speed></TPX></Extensions></Trackpoint><Trackpoint><Time>2026-03-20T11:44:37+00:00</Time><DistanceMeters>300.8</DistanceMeters><Position><LatitudeDegrees>50.857827</LatitudeDegrees><LongitudeDegrees>4.282242</LongitudeDegrees></Position><AltitudeMeters>63.0</AltitudeMeters><Extensions><TPX xmlns="http://www.garmin.com/xmlschemas/ActivityExtension/v2"><Speed>2.7</Speed></TPX></Extensions></Trackpoint><Trackpoint><Time>2026-03-20T11:44:38+00:00</Time><DistanceMeters>304.6</DistanceMeters><Position><LatitudeDegrees>50.857813</LatitudeDegrees><LongitudeDegrees>4.282258</LongitudeDegrees></Position><AltitudeMeters>63.1</AltitudeMeters><Extensions><TPX xmlns="http://www.garmin.com/xmlschemas/ActivityExtension/v2"><Speed>1.7</Speed></TPX></Extensions></Trackpoint><Trackpoint><Time>2026-03-20T11:44:39+00:00</Time><DistanceMeters>304.6</DistanceMeters><Position><LatitudeDegrees>50.857798</LatitudeDegrees><LongitudeDegrees>4.282273</LongitudeDegrees></Position><AltitudeMeters>63.2</AltitudeMeters><Extensions><TPX xmlns="http://www.garmin.com/xmlschemas/ActivityExtension/v2"><Speed>1.387</Speed></TPX></Extensions></Trackpoint><Trackpoint><Time>2026-03-20T11:44:40+00:00</Time><DistanceMeters>308.4</DistanceMeters><Position><LatitudeDegrees>50.857784</LatitudeDegrees><LongitudeDegrees>4.282287</LongitudeDegrees></Position><AltitudeMeters>63.3</AltitudeMeters><Extensions><TPX xmlns="http://www.garmin.com/xmlschemas/ActivityExtension/v2"><Speed>1.833</Speed></TPX></Extensions></Trackpoint><Trackpoint><Time>2026-03-20T11:44:41+00:00</Time><DistanceMeters>308.4</DistanceMeters><Position><LatitudeDegrees>50.857766</LatitudeDegrees><LongitudeDegrees>4.282304</LongitudeDegrees></Position><AltitudeMeters>63.4</AltitudeMeters><Extensions><TPX xmlns="http://www.garmin.com/xmlschemas/ActivityExtension/v2"><Speed>1.52</Speed></TPX></Extensions></Trackpoint><Trackpoint><Time>2026-03-20T11:44:42+00:00</Time><DistanceMeters>311.8</DistanceMeters><Position><LatitudeDegrees>50.857757</LatitudeDegrees><LongitudeDegrees>4.282313</LongitudeDegrees></Position><AltitudeMeters>63.5</AltitudeMeters><Extensions><TPX xmlns="http://www.garmin.com/xmlschemas/ActivityExtension/v2"><Speed>2.2</Speed></TPX></Extensions></Trackpoint><Trackpoint><Time>2026-03-20T11:44:43+00:00</Time><DistanceMeters>314.0</DistanceMeters><Position><LatitudeDegrees>50.857733</LatitudeDegrees><LongitudeDegrees>4.282338</LongitudeDegrees></Position><AltitudeMeters>63.6</AltitudeMeters><Extensions><TPX xmlns="http://www.garmin.com/xmlschemas/ActivityExtension/v2"><Speed>1.87</Speed></TPX></Extensions></Trackpoint><Trackpoint><Time>2026-03-20T11:44:44+00:00</Time><DistanceMeters>316.1</DistanceMeters><Position><LatitudeDegrees>50.857725</LatitudeDegrees><LongitudeDegrees>4.282346</LongitudeDegrees></Position><AltitudeMeters>63.7</AltitudeMeters><Extensions><TPX xmlns="http://www.garmin.com/xmlschemas/ActivityExtension/v2"><Speed>2.3</Speed></TPX></Extensions></Trackpoint><Trackpoint><Time>2026-03-20T11:44:45+00:00</Time><DistanceMeters>318.4</DistanceMeters><Position><LatitudeDegrees>50.857699</LatitudeDegrees><LongitudeDegrees>4.28237</LongitudeDegrees></Position><AltitudeMeters>63.8</AltitudeMeters><Extensions><TPX xmlns="http://www.garmin.com/xmlschemas/ActivityExtension/v2"><Speed>1.99</Speed></TPX></Extensions></Trackpoint><Trackpoint><Time>2026-03-20T11:44:46+00:00</Time><DistanceMeters>320.6</DistanceMeters><Position><LatitudeDegrees>50.85769</LatitudeDegrees><LongitudeDegrees>4.282378</LongitudeDegrees></Position><AltitudeMeters>63.9</AltitudeMeters><Extensions><TPX xmlns="http://www.garmin.com/xmlschemas/ActivityExtension/v2"><Speed>2.44</Speed></TPX></Extensions></Trackpoint><Trackpoint><Time>2026-03-20T11:44:47+00:00</Time><DistanceMeters>322.7</DistanceMeters><Position><LatitudeDegrees>50.857665</LatitudeDegrees><LongitudeDegrees>4.282398</LongitudeDegrees></Position><AltitudeMeters>64.0</AltitudeMeters><Extensions><TPX xmlns="http://www.garmin.com/xmlschemas/ActivityExtension/v2"><Speed>2.18</Speed></TPX></Extensions></Trackpoint><Trackpoint><Time>2026-03-20T11:44:48+00:00</Time><DistanceMeters>324.8</DistanceMeters><Position><LatitudeDegrees>50.857657</LatitudeDegrees><LongitudeDegrees>4.282405</LongitudeDegrees></Position><AltitudeMeters>64.0</AltitudeMeters><Extensions><TPX xmlns="http://www.garmin.com/xmlschemas/ActivityExtension/v2"><Speed>2.17</Speed></TPX></Extensions></Trackpoint><Trackpoint><Time>2026-03-20T11:44:49+00:00</Time><DistanceMeters>327.7</DistanceMeters><Position><LatitudeDegrees>50.857623</LatitudeDegrees><LongitudeDegrees>4.282426</LongitudeDegrees></Position><AltitudeMeters>64.2</AltitudeMeters><Extensions><TPX xmlns="http://www.garmin.com/xmlschemas/ActivityExtension/v2"><Speed>2.32</Speed></TPX></Extensions></Trackpoint><Trackpoint><Time>2026-03-20T11:44:50+00:00</Time><DistanceMeters>330.6</DistanceMeters><Position><LatitudeDegrees>50.857607</LatitudeDegrees><LongitudeDegrees>4.282432</LongitudeDegrees></Position><AltitudeMeters>64.3</AltitudeMeters><Extensions><TPX xmlns="http://www.garmin.com/xmlschemas/ActivityExtension/v2"><Speed>2.45</Speed></TPX></Extensions></Trackpoint><Trackpoint><Time>2026-03-20T11:44:51+00:00</Time><DistanceMeters>330.6</DistanceMeters><Position><LatitudeDegrees>50.857594</LatitudeDegrees><LongitudeDegrees>4.282448</LongitudeDegrees></Position><AltitudeMeters>64.4</AltitudeMeters><Extensions><TPX xmlns="http://www.garmin.com/xmlschemas/ActivityExtension/v2"><Speed>2.0</Speed></TPX></Extensions></Trackpoint><Trackpoint><Time>2026-03-20T11:44:52+00:00</Time><DistanceMeters>334.6</DistanceMeters><Position><LatitudeDegrees>50.857576</LatitudeDegrees><LongitudeDegrees>4.282462</LongitudeDegrees></Position><AltitudeMeters>64.5</AltitudeMeters><Extensions><TPX xmlns="http://www.garmin.com/xmlschemas/ActivityExtension/v2"><Speed>2.38</Speed></TPX></Extensions></Trackpoint><Trackpoint><Time>2026-03-20T11:44:53+00:00</Time><DistanceMeters>336.7</DistanceMeters><Position><LatitudeDegrees>50.857552</LatitudeDegrees><LongitudeDegrees>4.282485</LongitudeDegrees></Position><AltitudeMeters>64.6</AltitudeMeters><Extensions><TPX xmlns="http://www.garmin.com/xmlschemas/ActivityExtension/v2"><Speed>2.38</Speed></TPX></Extensions></Trackpoint><Trackpoint><Time>2026-03-20T11:44:54+00:00</Time><DistanceMeters>338.8</DistanceMeters><Position><LatitudeDegrees>50.857544</LatitudeDegrees><LongitudeDegrees>4.282493</LongitudeDegrees></Position><AltitudeMeters>64.7</AltitudeMeters><Extensions><TPX xmlns="http://www.garmin.com/xmlschemas/ActivityExtension/v2"><Speed>2.22</Speed></TPX></Extensions></Trackpoint><Trackpoint><Time>2026-03-20T11:44:55+00:00</Time><DistanceMeters>341.0</DistanceMeters><Position><LatitudeDegrees>50.857519</LatitudeDegrees><LongitudeDegrees>4.282516</LongitudeDegrees></Position><AltitudeMeters>64.8</AltitudeMeters><Extensions><TPX xmlns="http://www.garmin.com/xmlschemas/ActivityExtension/v2"><Speed>2.07</Speed></TPX></Extensions></Trackpoint><Trackpoint><Time>2026-03-20T11:44:56+00:00</Time><DistanceMeters>343.1</DistanceMeters><Position><LatitudeDegrees>50.85751</LatitudeDegrees><LongitudeDegrees>4.282523</LongitudeDegrees></Position><AltitudeMeters>64.9</AltitudeMeters><Extensions><TPX xmlns="http://www.garmin.com/xmlschemas/ActivityExtension/v2"><Speed>2.5</Speed></TPX></Extensions></Trackpoint><Trackpoint><Time>2026-03-20T11:44:57+00:00</Time><DistanceMeters>345.5</DistanceMeters><Position><LatitudeDegrees>50.857481</LatitudeDegrees><LongitudeDegrees>4.282537</LongitudeDegrees></Position><AltitudeMeters>65.0</AltitudeMeters><Extensions><TPX xmlns="http://www.garmin.com/xmlschemas/ActivityExtension/v2"><Speed>2.17</Speed></TPX></Extensions></Trackpoint><Trackpoint><Time>2026-03-20T11:44:58+00:00</Time><DistanceMeters>347.8</DistanceMeters><Position><LatitudeDegrees>50.857469</LatitudeDegrees><LongitudeDegrees>4.282538</LongitudeDegrees></Position><AltitudeMeters>65.1</AltitudeMeters><Extensions><TPX xmlns="http://www.garmin.com/xmlschemas/ActivityExtension/v2"><Speed>2.22</Speed></TPX></Extensions></Trackpoint><Trackpoint><Time>2026-03-20T11:44:59+00:00</Time><DistanceMeters>350.0</DistanceMeters><Position><LatitudeDegrees>50.857441</LatitudeDegrees><LongitudeDegrees>4.282551</LongitudeDegrees></Position><AltitudeMeters>65.2</AltitudeMeters><Extensions><TPX xmlns="http://www.garmin.com/xmlschemas/ActivityExtension/v2"><Speed>2.23</Speed></TPX></Extensions></Trackpoint><Trackpoint><Time>2026-03-20T11:45:00+00:00</Time><DistanceMeters>352.1</DistanceMeters><Position><LatitudeDegrees>50.857432</LatitudeDegrees><LongitudeDegrees>4.282557</LongitudeDegrees></Position><AltitudeMeters>65.3</AltitudeMeters><Extensions><TPX xmlns="http://www.garmin.com/xmlschemas/ActivityExtension/v2"><Speed>2.23</Speed></TPX></Extensions></Trackpoint><Trackpoint><Time>2026-03-20T11:45:01+00:00</Time><DistanceMeters>354.2</DistanceMeters><Position><LatitudeDegrees>50.857412</LatitudeDegrees><LongitudeDegrees>4.282586</LongitudeDegrees></Position><AltitudeMeters>65.4</AltitudeMeters><Extensions><TPX xmlns="http://www.garmin.com/xmlschemas/ActivityExtension/v2"><Speed>2.22</Speed></TPX></Extensions></Trackpoint><Trackpoint><Time>2026-03-20T11:45:02+00:00</Time><DistanceMeters>356.3</DistanceMeters><Position><LatitudeDegrees>50.857405</LatitudeDegrees><LongitudeDegrees>4.282597</LongitudeDegrees></Position><AltitudeMeters>65.4</AltitudeMeters><Extensions><TPX xmlns="http://www.garmin.com/xmlschemas/ActivityExtension/v2"><Speed>2.17</Speed></TPX></Extensions></Trackpoint><Trackpoint><Time>2026-03-20T11:45:03+00:00</Time><DistanceMeters>358.5</DistanceMeters><Position><LatitudeDegrees>50.857388</LatitudeDegrees><LongitudeDegrees>4.282635</LongitudeDegrees></Position><AltitudeMeters>65.5</AltitudeMeters><Extensions><TPX xmlns="http://www.garmin.com/xmlschemas/ActivityExtension/v2"><Speed>2.13</Speed></TPX></Extensions></Trackpoint><Trackpoint><Time>2026-03-20T11:45:04+00:00</Time><DistanceMeters>360.6</DistanceMeters><Position><LatitudeDegrees>50.857383</LatitudeDegrees><LongitudeDegrees>4.282648</LongitudeDegrees></Position><AltitudeMeters>65.6</AltitudeMeters><Extensions><TPX xmlns="http://www.garmin.com/xmlschemas/ActivityExtension/v2"><Speed>2.13</Speed></TPX></Extensions></Trackpoint><Trackpoint><Time>2026-03-20T11:45:05+00:00</Time><DistanceMeters>362.9</DistanceMeters><Position><LatitudeDegrees>50.857371</LatitudeDegrees><LongitudeDegrees>4.282693</LongitudeDegrees></Position><AltitudeMeters>65.7</AltitudeMeters><Extensions><TPX xmlns="http://www.garmin.com/xmlschemas/ActivityExtension/v2"><Speed>2.15</Speed></TPX></Extensions></Trackpoint><Trackpoint><Time>2026-03-20T11:45:06+00:00</Time><DistanceMeters>365.1</DistanceMeters><Position><LatitudeDegrees>50.857365</LatitudeDegrees><LongitudeDegrees>4.282706</LongitudeDegrees></Position><AltitudeMeters>65.8</AltitudeMeters><Extensions><TPX xmlns="http://www.garmin.com/xmlschemas/ActivityExtension/v2"><Speed>2.18</Speed></TPX></Extensions></Trackpoint><Trackpoint><Time>2026-03-20T11:45:07+00:00</Time><DistanceMeters>365.1</DistanceMeters><Position><LatitudeDegrees>50.857361</LatitudeDegrees><LongitudeDegrees>4.282728</LongitudeDegrees></Position><AltitudeMeters>65.8</AltitudeMeters><Extensions><TPX xmlns="http://www.garmin.com/xmlschemas/ActivityExtension/v2"><Speed>1.76</Speed></TPX></Extensions></Trackpoint><Trackpoint><Time>2026-03-20T11:45:08+00:00</Time><DistanceMeters>368.4</DistanceMeters><Position><LatitudeDegrees>50.85735</LatitudeDegrees><LongitudeDegrees>4.282747</LongitudeDegrees></Position><AltitudeMeters>65.9</AltitudeMeters><Extensions><TPX xmlns="http://www.garmin.com/xmlschemas/ActivityExtension/v2"><Speed>1.99</Speed></TPX></Extensions></Trackpoint><Trackpoint><Time>2026-03-20T11:45:09+00:00</Time><DistanceMeters>370.8</DistanceMeters><Position><LatitudeDegrees>50.857325</LatitudeDegrees><LongitudeDegrees>4.282779</LongitudeDegrees></Position><AltitudeMeters>66.0</AltitudeMeters><Extensions><TPX xmlns="http://www.garmin.com/xmlschemas/ActivityExtension/v2"><Speed>2.03</Speed></TPX></Extensions></Trackpoint><Trackpoint><Time>2026-03-20T11:45:10+00:00</Time><DistanceMeters>373.1</DistanceMeters><Position><LatitudeDegrees>50.857319</LatitudeDegrees><LongitudeDegrees>4.282791</LongitudeDegrees></Position><AltitudeMeters>66.1</AltitudeMeters><Extensions><TPX xmlns="http://www.garmin.com/xmlschemas/ActivityExtension/v2"><Speed>2.05</Speed></TPX></Extensions></Trackpoint><Trackpoint><Time>2026-03-20T11:45:11+00:00</Time><DistanceMeters>376.0</DistanceMeters><Position><LatitudeDegrees>50.857291</LatitudeDegrees><LongitudeDegrees>4.282832</LongitudeDegrees></Position><AltitudeMeters>66.2</AltitudeMeters><Extensions><TPX xmlns="http://www.garmin.com/xmlschemas/ActivityExtension/v2"><Speed>2.18</Speed></TPX></Extensions></Trackpoint><Trackpoint><Time>2026-03-20T11:45:12+00:00</Time><DistanceMeters>378.9</DistanceMeters><Position><LatitudeDegrees>50.85728</LatitudeDegrees><LongitudeDegrees>4.282846</LongitudeDegrees></Position><AltitudeMeters>66.3</AltitudeMeters><Extensions><TPX xmlns="http://www.garmin.com/xmlschemas/ActivityExtension/v2"><Speed>2.76</Speed></TPX></Extensions></Trackpoint><Trackpoint><Time>2026-03-20T11:45:13+00:00</Time><DistanceMeters>381.0</DistanceMeters><Position><LatitudeDegrees>50.857263</LatitudeDegrees><LongitudeDegrees>4.282881</LongitudeDegrees></Position><AltitudeMeters>66.4</AltitudeMeters><Extensions><TPX xmlns="http://www.garmin.com/xmlschemas/ActivityExtension/v2"><Speed>2.51</Speed></TPX></Extensions></Trackpoint><Trackpoint><Time>2026-03-20T11:45:14+00:00</Time><DistanceMeters>383.0</DistanceMeters><Position><LatitudeDegrees>50.857259</LatitudeDegrees><LongitudeDegrees>4.282894</LongitudeDegrees></Position><AltitudeMeters>66.4</AltitudeMeters><Extensions><TPX xmlns="http://www.garmin.com/xmlschemas/ActivityExtension/v2"><Speed>2.45</Speed></TPX></Extensions></Trackpoint><Trackpoint><Time>2026-03-20T11:45:15+00:00</Time><DistanceMeters>383.0</DistanceMeters><Position><LatitudeDegrees>50.857274</LatitudeDegrees><LongitudeDegrees>4.282889</LongitudeDegrees></Position><AltitudeMeters>66.5</AltitudeMeters><Extensions><TPX xmlns="http://www.garmin.com/xmlschemas/ActivityExtension/v2"><Speed>1.98</Speed></TPX></Extensions></Trackpoint><Trackpoint><Time>2026-03-20T11:45:16+00:00</Time><DistanceMeters>383.0</DistanceMeters><Position><LatitudeDegrees>50.857272</LatitudeDegrees><LongitudeDegrees>4.282914</LongitudeDegrees></Position><AltitudeMeters>66.5</AltitudeMeters><Extensions><TPX xmlns="http://www.garmin.com/xmlschemas/ActivityExtension/v2"><Speed>1.4</Speed></TPX></Extensions></Trackpoint><Trackpoint><Time>2026-03-20T11:45:17+00:00</Time><DistanceMeters>386.7</DistanceMeters><Position><LatitudeDegrees>50.857269</LatitudeDegrees><LongitudeDegrees>4.282943</LongitudeDegrees></Position><AltitudeMeters>66.6</AltitudeMeters><Extensions><TPX xmlns="http://www.garmin.com/xmlschemas/ActivityExtension/v2"><Speed>1.56</Speed></TPX></Extensions></Trackpoint><Trackpoint><Time>2026-03-20T11:45:18+00:00</Time><DistanceMeters>389.1</DistanceMeters><Position><LatitudeDegrees>50.857267</LatitudeDegrees><LongitudeDegrees>4.282995</LongitudeDegrees></Position><AltitudeMeters>66.7</AltitudeMeters><Extensions><TPX xmlns="http://www.garmin.com/xmlschemas/ActivityExtension/v2"><Speed>1.63</Speed></TPX></Extensions></Trackpoint><Trackpoint><Time>2026-03-20T11:45:19+00:00</Time><DistanceMeters>391.5</DistanceMeters><Position><LatitudeDegrees>50.857266</LatitudeDegrees><LongitudeDegrees>4.283011</LongitudeDegrees></Position><AltitudeMeters>66.8</AltitudeMeters><Extensions><TPX xmlns="http://www.garmin.com/xmlschemas/ActivityExtension/v2"><Speed>1.7</Speed></TPX></Extensions></Trackpoint><Trackpoint><Time>2026-03-20T11:45:20+00:00</Time><DistanceMeters>393.8</DistanceMeters><Position><LatitudeDegrees>50.857259</LatitudeDegrees><LongitudeDegrees>4.28306</LongitudeDegrees></Position><AltitudeMeters>66.9</AltitudeMeters><Extensions><TPX xmlns="http://www.garmin.com/xmlschemas/ActivityExtension/v2"><Speed>2.16</Speed></TPX></Extensions></Trackpoint><Trackpoint><Time>2026-03-20T11:45:21+00:00</Time><DistanceMeters>396.1</DistanceMeters><Position><LatitudeDegrees>50.857253</LatitudeDegrees><LongitudeDegrees>4.283075</LongitudeDegrees></Position><AltitudeMeters>66.9</AltitudeMeters><Extensions><TPX xmlns="http://www.garmin.com/xmlschemas/ActivityExtension/v2"><Speed>2.62</Speed></TPX></Extensions></Trackpoint><Trackpoint><Time>2026-03-20T11:45:22+00:00</Time><DistanceMeters>398.5</DistanceMeters><Position><LatitudeDegrees>50.857233</LatitudeDegrees><LongitudeDegrees>4.283117</LongitudeDegrees></Position><AltitudeMeters>67.0</AltitudeMeters><Extensions><TPX xmlns="http://www.garmin.com/xmlschemas/ActivityExtension/v2"><Speed>2.36</Speed></TPX></Extensions></Trackpoint><Trackpoint><Time>2026-03-20T11:45:23+00:00</Time><DistanceMeters>400.9</DistanceMeters><Position><LatitudeDegrees>50.857232</LatitudeDegrees><LongitudeDegrees>4.283134</LongitudeDegrees></Position><AltitudeMeters>67.0</AltitudeMeters><Extensions><TPX xmlns="http://www.garmin.com/xmlschemas/ActivityExtension/v2"><Speed>2.36</Speed></TPX></Extensions></Trackpoint><Trackpoint><Time>2026-03-20T11:45:24+00:00</Time><DistanceMeters>400.9</DistanceMeters><Position><LatitudeDegrees>50.857239</LatitudeDegrees><LongitudeDegrees>4.283151</LongitudeDegrees></Position><AltitudeMeters>67.0</AltitudeMeters><Extensions><TPX xmlns="http://www.garmin.com/xmlschemas/ActivityExtension/v2"><Speed>1.88</Speed></TPX></Extensions></Trackpoint><Trackpoint><Time>2026-03-20T11:45:25+00:00</Time><DistanceMeters>400.9</DistanceMeters><Position><LatitudeDegrees>50.857235</LatitudeDegrees><LongitudeDegrees>4.28317</LongitudeDegrees></Position><AltitudeMeters>67.0</AltitudeMeters><Extensions><TPX xmlns="http://www.garmin.com/xmlschemas/ActivityExtension/v2"><Speed>1.42</Speed></TPX></Extensions></Trackpoint><Trackpoint><Time>2026-03-20T11:45:26+00:00</Time><DistanceMeters>404.6</DistanceMeters><Position><LatitudeDegrees>50.857232</LatitudeDegrees><LongitudeDegrees>4.283186</LongitudeDegrees></Position><AltitudeMeters>67.1</AltitudeMeters><Extensions><TPX xmlns="http://www.garmin.com/xmlschemas/ActivityExtension/v2"><Speed>1.7</Speed></TPX></Extensions></Trackpoint><Trackpoint><Time>2026-03-20T11:45:27+00:00</Time><DistanceMeters>404.6</DistanceMeters><Position><LatitudeDegrees>50.857223</LatitudeDegrees><LongitudeDegrees>4.283208</LongitudeDegrees></Position><AltitudeMeters>67.1</AltitudeMeters><Extensions><TPX xmlns="http://www.garmin.com/xmlschemas/ActivityExtension/v2"><Speed>1.22</Speed></TPX></Extensions></Trackpoint><Trackpoint><Time>2026-03-20T11:45:28+00:00</Time><DistanceMeters>408.4</DistanceMeters><Position><LatitudeDegrees>50.857223</LatitudeDegrees><LongitudeDegrees>4.283239</LongitudeDegrees></Position><AltitudeMeters>67.1</AltitudeMeters><Extensions><TPX xmlns="http://www.garmin.com/xmlschemas/ActivityExtension/v2"><Speed>1.5</Speed></TPX></Extensions></Trackpoint><Trackpoint><Time>2026-03-20T11:45:29+00:00</Time><DistanceMeters>410.8</DistanceMeters><Position><LatitudeDegrees>50.85723</LatitudeDegrees><LongitudeDegrees>4.283288</LongitudeDegrees></Position><AltitudeMeters>67.2</AltitudeMeters><Extensions><TPX xmlns="http://www.garmin.com/xmlschemas/ActivityExtension/v2"><Speed>1.97</Speed></TPX></Extensions></Trackpoint><Trackpoint><Time>2026-03-20T11:45:30+00:00</Time><DistanceMeters>413.1</DistanceMeters><Position><LatitudeDegrees>50.857232</LatitudeDegrees><LongitudeDegrees>4.283305</LongitudeDegrees></Position><AltitudeMeters>67.2</AltitudeMeters><Extensions><TPX xmlns="http://www.garmin.com/xmlschemas/ActivityExtension/v2"><Speed>2.44</Speed></TPX></Extensions></Trackpoint><Trackpoint><Time>2026-03-20T11:45:31+00:00</Time><DistanceMeters>417.1</DistanceMeters><Position><LatitudeDegrees>50.857235</LatitudeDegrees><LongitudeDegrees>4.283362</LongitudeDegrees></Position><AltitudeMeters>67.2</AltitudeMeters><Extensions><TPX xmlns="http://www.garmin.com/xmlschemas/ActivityExtension/v2"><Speed>2.5</Speed></TPX></Extensions></Trackpoint><Trackpoint><Time>2026-03-20T11:45:32+00:00</Time><DistanceMeters>417.1</DistanceMeters><Position><LatitudeDegrees>50.85725</LatitudeDegrees><LongitudeDegrees>4.283371</LongitudeDegrees></Position><AltitudeMeters>67.2</AltitudeMeters><Extensions><TPX xmlns="http://www.garmin.com/xmlschemas/ActivityExtension/v2"><Speed>2.5</Speed></TPX></Extensions></Trackpoint><Trackpoint><Time>2026-03-20T11:45:33+00:00</Time><DistanceMeters>420.7</DistanceMeters><Position><LatitudeDegrees>50.857258</LatitudeDegrees><LongitudeDegrees>4.283398</LongitudeDegrees></Position><AltitudeMeters>67.2</AltitudeMeters><Extensions><TPX xmlns="http://www.garmin.com/xmlschemas/ActivityExtension/v2"><Speed>2.46</Speed></TPX></Extensions></Trackpoint><Trackpoint><Time>2026-03-20T11:45:34+00:00</Time><DistanceMeters>422.9</DistanceMeters><Position><LatitudeDegrees>50.857264</LatitudeDegrees><LongitudeDegrees>4.283442</LongitudeDegrees></Position><AltitudeMeters>67.2</AltitudeMeters><Extensions><TPX xmlns="http://www.garmin.com/xmlschemas/ActivityExtension/v2"><Speed>2.42</Speed></TPX></Extensions></Trackpoint><Trackpoint><Time>2026-03-20T11:45:35+00:00</Time><DistanceMeters>425.0</DistanceMeters><Position><LatitudeDegrees>50.857265</LatitudeDegrees><LongitudeDegrees>4.283459</LongitudeDegrees></Position><AltitudeMeters>67.3</AltitudeMeters><Extensions><TPX xmlns="http://www.garmin.com/xmlschemas/ActivityExtension/v2"><Speed>2.38</Speed></TPX></Extensions></Trackpoint><Trackpoint><Time>2026-03-20T11:45:36+00:00</Time><DistanceMeters>427.1</DistanceMeters><Position><LatitudeDegrees>50.857267</LatitudeDegrees><LongitudeDegrees>4.283503</LongitudeDegrees></Position><AltitudeMeters>67.3</AltitudeMeters><Extensions><TPX xmlns="http://www.garmin.com/xmlschemas/ActivityExtension/v2"><Speed>2.0</Speed></TPX></Extensions></Trackpoint><Trackpoint><Time>2026-03-20T11:45:37+00:00</Time><DistanceMeters>429.2</DistanceMeters><Position><LatitudeDegrees>50.857267</LatitudeDegrees><LongitudeDegrees>4.283518</LongitudeDegrees></Position><AltitudeMeters>67.3</AltitudeMeters><Extensions><TPX xmlns="http://www.garmin.com/xmlschemas/ActivityExtension/v2"><Speed>2.42</Speed></TPX></Extensions></Trackpoint><Trackpoint><Time>2026-03-20T11:45:38+00:00</Time><DistanceMeters>431.4</DistanceMeters><Position><LatitudeDegrees>50.857266</LatitudeDegrees><LongitudeDegrees>4.283566</LongitudeDegrees></Position><AltitudeMeters>67.3</AltitudeMeters><Extensions><TPX xmlns="http://www.garmin.com/xmlschemas/ActivityExtension/v2"><Speed>2.14</Speed></TPX></Extensions></Trackpoint><Trackpoint><Time>2026-03-20T11:45:39+00:00</Time><DistanceMeters>433.6</DistanceMeters><Position><LatitudeDegrees>50.857263</LatitudeDegrees><LongitudeDegrees>4.28358</LongitudeDegrees></Position><AltitudeMeters>67.3</AltitudeMeters><Extensions><TPX xmlns="http://www.garmin.com/xmlschemas/ActivityExtension/v2"><Speed>2.15</Speed></TPX></Extensions></Trackpoint><Trackpoint><Time>2026-03-20T11:45:40+00:00</Time><DistanceMeters>436.0</DistanceMeters><Position><LatitudeDegrees>50.857241</LatitudeDegrees><LongitudeDegrees>4.283618</LongitudeDegrees></Position><AltitudeMeters>67.2</AltitudeMeters><Extensions><TPX xmlns="http://www.garmin.com/xmlschemas/ActivityExtension/v2"><Speed>2.19</Speed></TPX></Extensions></Trackpoint><Trackpoint><Time>2026-03-20T11:45:41+00:00</Time><DistanceMeters>438.3</DistanceMeters><Position><LatitudeDegrees>50.857232</LatitudeDegrees><LongitudeDegrees>4.283626</LongitudeDegrees></Position><AltitudeMeters>67.2</AltitudeMeters><Extensions><TPX xmlns="http://www.garmin.com/xmlschemas/ActivityExtension/v2"><Speed>2.24</Speed></TPX></Extensions></Trackpoint><Trackpoint><Time>2026-03-20T11:45:42+00:00</Time><DistanceMeters>440.8</DistanceMeters><Position><LatitudeDegrees>50.857203</LatitudeDegrees><LongitudeDegrees>4.283653</LongitudeDegrees></Position><AltitudeMeters>67.2</AltitudeMeters><Extensions><TPX xmlns="http://www.garmin.com/xmlschemas/ActivityExtension/v2"><Speed>2.31</Speed></TPX></Extensions></Trackpoint><Trackpoint><Time>2026-03-20T11:45:43+00:00</Time><DistanceMeters>443.2</DistanceMeters><Position><LatitudeDegrees>50.857195</LatitudeDegrees><LongitudeDegrees>4.283663</LongitudeDegrees></Position><AltitudeMeters>67.2</AltitudeMeters><Extensions><TPX xmlns="http://www.garmin.com/xmlschemas/ActivityExtension/v2"><Speed>2.36</Speed></TPX></Extensions></Trackpoint><Trackpoint><Time>2026-03-20T11:45:44+00:00</Time><DistanceMeters>445.5</DistanceMeters><Position><LatitudeDegrees>50.857173</LatitudeDegrees><LongitudeDegrees>4.283699</LongitudeDegrees></Position><AltitudeMeters>67.2</AltitudeMeters><Extensions><TPX xmlns="http://www.garmin.com/xmlschemas/ActivityExtension/v2"><Speed>2.38</Speed></TPX></Extensions></Trackpoint><Trackpoint><Time>2026-03-20T11:45:45+00:00</Time><DistanceMeters>447.8</DistanceMeters><Position><LatitudeDegrees>50.857166</LatitudeDegrees><LongitudeDegrees>4.283711</LongitudeDegrees></Position><AltitudeMeters>67.2</AltitudeMeters><Extensions><TPX xmlns="http://www.garmin.com/xmlschemas/ActivityExtension/v2"><Speed>2.37</Speed></TPX></Extensions></Trackpoint><Trackpoint><Time>2026-03-20T11:45:46+00:00</Time><DistanceMeters>450.2</DistanceMeters><Position><LatitudeDegrees>50.857136</LatitudeDegrees><LongitudeDegrees>4.283717</LongitudeDegrees></Position><AltitudeMeters>67.2</AltitudeMeters><Extensions><TPX xmlns="http://www.garmin.com/xmlschemas/ActivityExtension/v2"><Speed>2.37</Speed></TPX></Extensions></Trackpoint><Trackpoint><Time>2026-03-20T11:45:47+00:00</Time><DistanceMeters>452.5</DistanceMeters><Position><LatitudeDegrees>50.857124</LatitudeDegrees><LongitudeDegrees>4.283719</LongitudeDegrees></Position><AltitudeMeters>67.2</AltitudeMeters><Extensions><TPX xmlns="http://www.garmin.com/xmlschemas/ActivityExtension/v2"><Speed>2.35</Speed></TPX></Extensions></Trackpoint><Trackpoint><Time>2026-03-20T11:45:48+00:00</Time><DistanceMeters>456.3</DistanceMeters><Position><LatitudeDegrees>50.857092</LatitudeDegrees><LongitudeDegrees>4.283733</LongitudeDegrees></Position><AltitudeMeters>67.2</AltitudeMeters><Extensions><TPX xmlns="http://www.garmin.com/xmlschemas/ActivityExtension/v2"><Speed>2.62</Speed></TPX></Extensions></Trackpoint><Trackpoint><Time>2026-03-20T11:45:49+00:00</Time><DistanceMeters>458.5</DistanceMeters><Position><LatitudeDegrees>50.857067</LatitudeDegrees><LongitudeDegrees>4.283754</LongitudeDegrees></Position><AltitudeMeters>67.1</AltitudeMeters><Extensions><TPX xmlns="http://www.garmin.com/xmlschemas/ActivityExtension/v2"><Speed>2.6</Speed></TPX></Extensions></Trackpoint><Trackpoint><Time>2026-03-20T11:45:50+00:00</Time><DistanceMeters>460.7</DistanceMeters><Position><LatitudeDegrees>50.857056</LatitudeDegrees><LongitudeDegrees>4.283763</LongitudeDegrees></Position><AltitudeMeters>67.1</AltitudeMeters><Extensions><TPX xmlns="http://www.garmin.com/xmlschemas/ActivityExtension/v2"><Speed>2.58</Speed></TPX></Extensions></Trackpoint><Trackpoint><Time>2026-03-20T11:45:51+00:00</Time><DistanceMeters>463.3</DistanceMeters><Position><LatitudeDegrees>50.857025</LatitudeDegrees><LongitudeDegrees>4.283789</LongitudeDegrees></Position><AltitudeMeters>67.1</AltitudeMeters><Extensions><TPX xmlns="http://www.garmin.com/xmlschemas/ActivityExtension/v2"><Speed>2.63</Speed></TPX></Extensions></Trackpoint><Trackpoint><Time>2026-03-20T11:45:52+00:00</Time><DistanceMeters>465.9</DistanceMeters><Position><LatitudeDegrees>50.857015</LatitudeDegrees><LongitudeDegrees>4.283797</LongitudeDegrees></Position><AltitudeMeters>67.1</AltitudeMeters><Extensions><TPX xmlns="http://www.garmin.com/xmlschemas/ActivityExtension/v2"><Speed>2.68</Speed></TPX></Extensions></Trackpoint><Trackpoint><Time>2026-03-20T11:45:53+00:00</Time><DistanceMeters>468.5</DistanceMeters><Position><LatitudeDegrees>50.856984</LatitudeDegrees><LongitudeDegrees>4.283819</LongitudeDegrees></Position><AltitudeMeters>67.1</AltitudeMeters><Extensions><TPX xmlns="http://www.garmin.com/xmlschemas/ActivityExtension/v2"><Speed>2.44</Speed></TPX></Extensions></Trackpoint><Trackpoint><Time>2026-03-20T11:45:54+00:00</Time><DistanceMeters>471.1</DistanceMeters><Position><LatitudeDegrees>50.856973</LatitudeDegrees><LongitudeDegrees>4.283827</LongitudeDegrees></Position><AltitudeMeters>67.1</AltitudeMeters><Extensions><TPX xmlns="http://www.garmin.com/xmlschemas/ActivityExtension/v2"><Speed>2.52</Speed></TPX></Extensions></Trackpoint><Trackpoint><Time>2026-03-20T11:45:55+00:00</Time><DistanceMeters>473.7</DistanceMeters><Position><LatitudeDegrees>50.856941</LatitudeDegrees><LongitudeDegrees>4.283846</LongitudeDegrees></Position><AltitudeMeters>67.1</AltitudeMeters><Extensions><TPX xmlns="http://www.garmin.com/xmlschemas/ActivityExtension/v2"><Speed>2.6</Speed></TPX></Extensions></Trackpoint><Trackpoint><Time>2026-03-20T11:45:56+00:00</Time><DistanceMeters>476.3</DistanceMeters><Position><LatitudeDegrees>50.856928</LatitudeDegrees><LongitudeDegrees>4.283852</LongitudeDegrees></Position><AltitudeMeters>67.1</AltitudeMeters><Extensions><TPX xmlns="http://www.garmin.com/xmlschemas/ActivityExtension/v2"><Speed>2.6</Speed></TPX></Extensions></Trackpoint><Trackpoint><Time>2026-03-20T11:45:57+00:00</Time><DistanceMeters>479.9</DistanceMeters><Position><LatitudeDegrees>50.856902</LatitudeDegrees><LongitudeDegrees>4.28382</LongitudeDegrees></Position><AltitudeMeters>67.1</AltitudeMeters><Extensions><TPX xmlns="http://www.garmin.com/xmlschemas/ActivityExtension/v2"><Speed>2.8</Speed></TPX></Extensions></Trackpoint><Trackpoint><Time>2026-03-20T11:45:58+00:00</Time><DistanceMeters>482.3</DistanceMeters><Position><LatitudeDegrees>50.856871</LatitudeDegrees><LongitudeDegrees>4.283829</LongitudeDegrees></Position><AltitudeMeters>67.0</AltitudeMeters><Extensions><TPX xmlns="http://www.garmin.com/xmlschemas/ActivityExtension/v2"><Speed>2.75</Speed></TPX></Extensions></Trackpoint><Trackpoint><Time>2026-03-20T11:45:59+00:00</Time><DistanceMeters>484.6</DistanceMeters><Position><LatitudeDegrees>50.856861</LatitudeDegrees><LongitudeDegrees>4.283832</LongitudeDegrees></Position><AltitudeMeters>67.0</AltitudeMeters><Extensions><TPX xmlns="http://www.garmin.com/xmlschemas/ActivityExtension/v2"><Speed>2.7</Speed></TPX></Extensions></Trackpoint><Trackpoint><Time>2026-03-20T11:46:00+00:00</Time><DistanceMeters>487.3</DistanceMeters><Position><LatitudeDegrees>50.856825</LatitudeDegrees><LongitudeDegrees>4.283832</LongitudeDegrees></Position><AltitudeMeters>67.0</AltitudeMeters><Extensions><TPX xmlns="http://www.garmin.com/xmlschemas/ActivityExtension/v2"><Speed>2.71</Speed></TPX></Extensions></Trackpoint><Trackpoint><Time>2026-03-20T11:46:01+00:00</Time><DistanceMeters>489.9</DistanceMeters><Position><LatitudeDegrees>50.856813</LatitudeDegrees><LongitudeDegrees>4.283831</LongitudeDegrees></Position><AltitudeMeters>67.0</AltitudeMeters><Extensions><TPX xmlns="http://www.garmin.com/xmlschemas/ActivityExtension/v2"><Speed>2.72</Speed></TPX></Extensions></Trackpoint><Trackpoint><Time>2026-03-20T11:46:02+00:00</Time><DistanceMeters>492.5</DistanceMeters><Position><LatitudeDegrees>50.856779</LatitudeDegrees><LongitudeDegrees>4.283827</LongitudeDegrees></Position><AltitudeMeters>67.0</AltitudeMeters><Extensions><TPX xmlns="http://www.garmin.com/xmlschemas/ActivityExtension/v2"><Speed>2.51</Speed></TPX></Extensions></Trackpoint><Trackpoint><Time>2026-03-20T11:46:03+00:00</Time><DistanceMeters>495.0</DistanceMeters><Position><LatitudeDegrees>50.856767</LatitudeDegrees><LongitudeDegrees>4.283825</LongitudeDegrees></Position><AltitudeMeters>67.0</AltitudeMeters><Extensions><TPX xmlns="http://www.garmin.com/xmlschemas/ActivityExtension/v2"><Speed>2.55</Speed></TPX></Extensions></Trackpoint><Trackpoint><Time>2026-03-20T11:46:04+00:00</Time><DistanceMeters>497.3</DistanceMeters><Position><LatitudeDegrees>50.856735</LatitudeDegrees><LongitudeDegrees>4.283824</LongitudeDegrees></Position><AltitudeMeters>67.0</AltitudeMeters><Extensions><TPX xmlns="http://www.garmin.com/xmlschemas/ActivityExtension/v2"><Speed>2.54</Speed></TPX></Extensions></Trackpoint><Trackpoint><Time>2026-03-20T11:46:05+00:00</Time><DistanceMeters>499.6</DistanceMeters><Position><LatitudeDegrees>50.856726</LatitudeDegrees><LongitudeDegrees>4.283831</LongitudeDegrees></Position><AltitudeMeters>67.0</AltitudeMeters><Extensions><TPX xmlns="http://www.garmin.com/xmlschemas/ActivityExtension/v2"><Speed>2.47</Speed></TPX></Extensions></Trackpoint><Trackpoint><Time>2026-03-20T11:46:06+00:00</Time><DistanceMeters>502.4</DistanceMeters><Position><LatitudeDegrees>50.856703</LatitudeDegrees><LongitudeDegrees>4.283878</LongitudeDegrees></Position><AltitudeMeters>67.0</AltitudeMeters><Extensions><TPX xmlns="http://www.garmin.com/xmlschemas/ActivityExtension/v2"><Speed>2.5</Speed></TPX></Extensions></Trackpoint><Trackpoint><Time>2026-03-20T11:46:07+00:00</Time><DistanceMeters>505.2</DistanceMeters><Position><LatitudeDegrees>50.856693</LatitudeDegrees><LongitudeDegrees>4.28389</LongitudeDegrees></Position><AltitudeMeters>67.0</AltitudeMeters><Extensions><TPX xmlns="http://www.garmin.com/xmlschemas/ActivityExtension/v2"><Speed>2.55</Speed></TPX></Extensions></Trackpoint><Trackpoint><Time>2026-03-20T11:46:08+00:00</Time><DistanceMeters>507.8</DistanceMeters><Position><LatitudeDegrees>50.856662</LatitudeDegrees><LongitudeDegrees>4.283913</LongitudeDegrees></Position><AltitudeMeters>67.0</AltitudeMeters><Extensions><TPX xmlns="http://www.garmin.com/xmlschemas/ActivityExtension/v2"><Speed>2.55</Speed></TPX></Extensions></Trackpoint><Trackpoint><Time>2026-03-20T11:46:09+00:00</Time><DistanceMeters>510.3</DistanceMeters><Position><LatitudeDegrees>50.856651</LatitudeDegrees><LongitudeDegrees>4.283919</LongitudeDegrees></Position><AltitudeMeters>67.0</AltitudeMeters><Extensions><TPX xmlns="http://www.garmin.com/xmlschemas/ActivityExtension/v2"><Speed>2.6</Speed></TPX></Extensions></Trackpoint><Trackpoint><Time>2026-03-20T11:46:10+00:00</Time><DistanceMeters>512.9</DistanceMeters><Position><LatitudeDegrees>50.856622</LatitudeDegrees><LongitudeDegrees>4.283948</LongitudeDegrees></Position><AltitudeMeters>67.1</AltitudeMeters><Extensions><TPX xmlns="http://www.garmin.com/xmlschemas/ActivityExtension/v2"><Speed>2.65</Speed></TPX></Extensions></Trackpoint><Trackpoint><Time>2026-03-20T11:46:11+00:00</Time><DistanceMeters>515.4</DistanceMeters><Position><LatitudeDegrees>50.856612</LatitudeDegrees><LongitudeDegrees>4.283957</LongitudeDegrees></Position><AltitudeMeters>67.1</AltitudeMeters><Extensions><TPX xmlns="http://www.garmin.com/xmlschemas/ActivityExtension/v2"><Speed>2.6</Speed></TPX></Extensions></Trackpoint><Trackpoint><Time>2026-03-20T11:46:12+00:00</Time><DistanceMeters>518.3</DistanceMeters><Position><LatitudeDegrees>50.856592</LatitudeDegrees><LongitudeDegrees>4.284007</LongitudeDegrees></Position><AltitudeMeters>67.1</AltitudeMeters><Extensions><TPX xmlns="http://www.garmin.com/xmlschemas/ActivityExtension/v2"><Speed>2.61</Speed></TPX></Extensions></Trackpoint><Trackpoint><Time>2026-03-20T11:46:13+00:00</Time><DistanceMeters>521.1</DistanceMeters><Position><LatitudeDegrees>50.856591</LatitudeDegrees><LongitudeDegrees>4.284032</LongitudeDegrees></Position><AltitudeMeters>67.1</AltitudeMeters><Extensions><TPX xmlns="http://www.garmin.com/xmlschemas/ActivityExtension/v2"><Speed>2.67</Speed></TPX></Extensions></Trackpoint><Trackpoint><Time>2026-03-20T11:46:14+00:00</Time><DistanceMeters>523.8</DistanceMeters><Position><LatitudeDegrees>50.856574</LatitudeDegrees><LongitudeDegrees>4.284081</LongitudeDegrees></Position><AltitudeMeters>67.1</AltitudeMeters><Extensions><TPX xmlns="http://www.garmin.com/xmlschemas/ActivityExtension/v2"><Speed>2.7</Speed></TPX></Extensions></Trackpoint><Trackpoint><Time>2026-03-20T11:46:15+00:00</Time><DistanceMeters>526.5</DistanceMeters><Position><LatitudeDegrees>50.856566</LatitudeDegrees><LongitudeDegrees>4.284097</LongitudeDegrees></Position><AltitudeMeters>67.2</AltitudeMeters><Extensions><TPX xmlns="http://www.garmin.com/xmlschemas/ActivityExtension/v2"><Speed>2.73</Speed></TPX></Extensions></Trackpoint><Trackpoint><Time>2026-03-20T11:46:16+00:00</Time><DistanceMeters>529.2</DistanceMeters><Position><LatitudeDegrees>50.85654</LatitudeDegrees><LongitudeDegrees>4.284138</LongitudeDegrees></Position><AltitudeMeters>67.2</AltitudeMeters><Extensions><TPX xmlns="http://www.garmin.com/xmlschemas/ActivityExtension/v2"><Speed>2.76</Speed></TPX></Extensions></Trackpoint><Trackpoint><Time>2026-03-20T11:46:17+00:00</Time><DistanceMeters>531.9</DistanceMeters><Position><LatitudeDegrees>50.856532</LatitudeDegrees><LongitudeDegrees>4.284152</LongitudeDegrees></Position><AltitudeMeters>67.2</AltitudeMeters><Extensions><TPX xmlns="http://www.garmin.com/xmlschemas/ActivityExtension/v2"><Speed>2.73</Speed></TPX></Extensions></Trackpoint><Trackpoint><Time>2026-03-20T11:46:18+00:00</Time><DistanceMeters>534.5</DistanceMeters><Position><LatitudeDegrees>50.856509</LatitudeDegrees><LongitudeDegrees>4.284194</LongitudeDegrees></Position><AltitudeMeters>67.3</AltitudeMeters><Extensions><TPX xmlns="http://www.garmin.com/xmlschemas/ActivityExtension/v2"><Speed>2.68</Speed></TPX></Extensions></Trackpoint><Trackpoint><Time>2026-03-20T11:46:19+00:00</Time><DistanceMeters>537.1</DistanceMeters><Position><LatitudeDegrees>50.856502</LatitudeDegrees><LongitudeDegrees>4.28421</LongitudeDegrees></Position><AltitudeMeters>67.3</AltitudeMeters><Extensions><TPX xmlns="http://www.garmin.com/xmlschemas/ActivityExtension/v2"><Speed>2.66</Speed></TPX></Extensions></Trackpoint><Trackpoint><Time>2026-03-20T11:46:20+00:00</Time><DistanceMeters>539.7</DistanceMeters><Position><LatitudeDegrees>50.856484</LatitudeDegrees><LongitudeDegrees>4.284256</LongitudeDegrees></Position><AltitudeMeters>67.3</AltitudeMeters><Extensions><TPX xmlns="http://www.garmin.com/xmlschemas/ActivityExtension/v2"><Speed>2.63</Speed></TPX></Extensions></Trackpoint><Trackpoint><Time>2026-03-20T11:46:21+00:00</Time><DistanceMeters>542.2</DistanceMeters><Position><LatitudeDegrees>50.85648</LatitudeDegrees><LongitudeDegrees>4.284274</LongitudeDegrees></Position><AltitudeMeters>67.3</AltitudeMeters><Extensions><TPX xmlns="http://www.garmin.com/xmlschemas/ActivityExtension/v2"><Speed>2.6</Speed></TPX></Extensions></Trackpoint><Trackpoint><Time>2026-03-20T11:46:22+00:00</Time><DistanceMeters>545.5</DistanceMeters><Position><LatitudeDegrees>50.856486</LatitudeDegrees><LongitudeDegrees>4.28432</LongitudeDegrees></Position><AltitudeMeters>67.4</AltitudeMeters><Extensions><TPX xmlns="http://www.garmin.com/xmlschemas/ActivityExtension/v2"><Speed>2.72</Speed></TPX></Extensions></Trackpoint><Trackpoint><Time>2026-03-20T11:46:23+00:00</Time><DistanceMeters>547.8</DistanceMeters><Position><LatitudeDegrees>50.856488</LatitudeDegrees><LongitudeDegrees>4.284371</LongitudeDegrees></Position><AltitudeMeters>67.4</AltitudeMeters><Extensions><TPX xmlns="http://www.garmin.com/xmlschemas/ActivityExtension/v2"><Speed>2.65</Speed></TPX></Extensions></Trackpoint><Trackpoint><Time>2026-03-20T11:46:24+00:00</Time><DistanceMeters>550.0</DistanceMeters><Position><LatitudeDegrees>50.856485</LatitudeDegrees><LongitudeDegrees>4.284384</LongitudeDegrees></Position><AltitudeMeters>67.4</AltitudeMeters><Extensions><TPX xmlns="http://www.garmin.com/xmlschemas/ActivityExtension/v2"><Speed>2.58</Speed></TPX></Extensions></Trackpoint><Trackpoint><Time>2026-03-20T11:46:25+00:00</Time><DistanceMeters>550.0</DistanceMeters><Position><LatitudeDegrees>50.856475</LatitudeDegrees><LongitudeDegrees>4.28441</LongitudeDegrees></Position><AltitudeMeters>67.5</AltitudeMeters><Extensions><TPX xmlns="http://www.garmin.com/xmlschemas/ActivityExtension/v2"><Speed>2.07</Speed></TPX></Extensions></Trackpoint><Trackpoint><Time>2026-03-20T11:46:26+00:00</Time><DistanceMeters>554.0</DistanceMeters><Position><LatitudeDegrees>50.856459</LatitudeDegrees><LongitudeDegrees>4.284425</LongitudeDegrees></Position><AltitudeMeters>67.5</AltitudeMeters><Extensions><TPX xmlns="http://www.garmin.com/xmlschemas/ActivityExtension/v2"><Speed>2.36</Speed></TPX></Extensions></Trackpoint><Trackpoint><Time>2026-03-20T11:46:27+00:00</Time><DistanceMeters>556.4</DistanceMeters><Position><LatitudeDegrees>50.856433</LatitudeDegrees><LongitudeDegrees>4.284452</LongitudeDegrees></Position><AltitudeMeters>67.5</AltitudeMeters><Extensions><TPX xmlns="http://www.garmin.com/xmlschemas/ActivityExtension/v2"><Speed>2.17</Speed></TPX></Extensions></Trackpoint><Trackpoint><Time>2026-03-20T11:46:28+00:00</Time><DistanceMeters>558.7</DistanceMeters><Position><LatitudeDegrees>50.856424</LatitudeDegrees><LongitudeDegrees>4.284461</LongitudeDegrees></Position><AltitudeMeters>67.5</AltitudeMeters><Extensions><TPX xmlns="http://www.garmin.com/xmlschemas/ActivityExtension/v2"><Speed>2.19</Speed></TPX></Extensions></Trackpoint><Trackpoint><Time>2026-03-20T11:46:29+00:00</Time><DistanceMeters>561.0</DistanceMeters><Position><LatitudeDegrees>50.856396</LatitudeDegrees><LongitudeDegrees>4.284481</LongitudeDegrees></Position><AltitudeMeters>67.5</AltitudeMeters><Extensions><TPX xmlns="http://www.garmin.com/xmlschemas/ActivityExtension/v2"><Speed>2.19</Speed></TPX></Extensions></Trackpoint><Trackpoint><Time>2026-03-20T11:46:30+00:00</Time><DistanceMeters>563.2</DistanceMeters><Position><LatitudeDegrees>50.856388</LatitudeDegrees><LongitudeDegrees>4.284489</LongitudeDegrees></Position><AltitudeMeters>67.6</AltitudeMeters><Extensions><TPX xmlns="http://www.garmin.com/xmlschemas/ActivityExtension/v2"><Speed>2.64</Speed></TPX></Extensions></Trackpoint><Trackpoint><Time>2026-03-20T11:46:31+00:00</Time><DistanceMeters>565.5</DistanceMeters><Position><LatitudeDegrees>50.856364</LatitudeDegrees><LongitudeDegrees>4.284519</LongitudeDegrees></Position><AltitudeMeters>67.6</AltitudeMeters><Extensions><TPX xmlns="http://www.garmin.com/xmlschemas/ActivityExtension/v2"><Speed>2.3</Speed></TPX></Extensions></Trackpoint><Trackpoint><Time>2026-03-20T11:46:32+00:00</Time><DistanceMeters>567.8</DistanceMeters><Position><LatitudeDegrees>50.856355</LatitudeDegrees><LongitudeDegrees>4.284528</LongitudeDegrees></Position><AltitudeMeters>67.6</AltitudeMeters><Extensions><TPX xmlns="http://www.garmin.com/xmlschemas/ActivityExtension/v2"><Speed>2.29</Speed></TPX></Extensions></Trackpoint><Trackpoint><Time>2026-03-20T11:46:33+00:00</Time><DistanceMeters>569.9</DistanceMeters><Position><LatitudeDegrees>50.85633</LatitudeDegrees><LongitudeDegrees>4.28455</LongitudeDegrees></Position><AltitudeMeters>67.6</AltitudeMeters><Extensions><TPX xmlns="http://www.garmin.com/xmlschemas/ActivityExtension/v2"><Speed>2.24</Speed></TPX></Extensions></Trackpoint><Trackpoint><Time>2026-03-20T11:46:34+00:00</Time><DistanceMeters>572.0</DistanceMeters><Position><LatitudeDegrees>50.856322</LatitudeDegrees><LongitudeDegrees>4.284558</LongitudeDegrees></Position><AltitudeMeters>67.6</AltitudeMeters><Extensions><TPX xmlns="http://www.garmin.com/xmlschemas/ActivityExtension/v2"><Speed>2.21</Speed></TPX></Extensions></Trackpoint><Trackpoint><Time>2026-03-20T11:46:35+00:00</Time><DistanceMeters>574.6</DistanceMeters><Position><LatitudeDegrees>50.85629</LatitudeDegrees><LongitudeDegrees>4.28458</LongitudeDegrees></Position><AltitudeMeters>67.6</AltitudeMeters><Extensions><TPX xmlns="http://www.garmin.com/xmlschemas/ActivityExtension/v2"><Speed>2.28</Speed></TPX></Extensions></Trackpoint><Trackpoint><Time>2026-03-20T11:46:36+00:00</Time><DistanceMeters>577.2</DistanceMeters><Position><LatitudeDegrees>50.856279</LatitudeDegrees><LongitudeDegrees>4.284588</LongitudeDegrees></Position><AltitudeMeters>67.6</AltitudeMeters><Extensions><TPX xmlns="http://www.garmin.com/xmlschemas/ActivityExtension/v2"><Speed>2.34</Speed></TPX></Extensions></Trackpoint><Trackpoint><Time>2026-03-20T11:46:37+00:00</Time><DistanceMeters>579.7</DistanceMeters><Position><LatitudeDegrees>50.856251</LatitudeDegrees><LongitudeDegrees>4.284616</LongitudeDegrees></Position><AltitudeMeters>67.7</AltitudeMeters><Extensions><TPX xmlns="http://www.garmin.com/xmlschemas/ActivityExtension/v2"><Speed>2.38</Speed></TPX></Extensions></Trackpoint><Trackpoint><Time>2026-03-20T11:46:38+00:00</Time><DistanceMeters>582.2</DistanceMeters><Position><LatitudeDegrees>50.85624</LatitudeDegrees><LongitudeDegrees>4.284625</LongitudeDegrees></Position><AltitudeMeters>67.7</AltitudeMeters><Extensions><TPX xmlns="http://www.garmin.com/xmlschemas/ActivityExtension/v2"><Speed>2.46</Speed></TPX></Extensions></Trackpoint><Trackpoint><Time>2026-03-20T11:46:39+00:00</Time><DistanceMeters>584.9</DistanceMeters><Position><LatitudeDegrees>50.85621</LatitudeDegrees><LongitudeDegrees>4.284654</LongitudeDegrees></Position><AltitudeMeters>67.7</AltitudeMeters><Extensions><TPX xmlns="http://www.garmin.com/xmlschemas/ActivityExtension/v2"><Speed>2.57</Speed></TPX></Extensions></Trackpoint><Trackpoint><Time>2026-03-20T11:46:40+00:00</Time><DistanceMeters>587.5</DistanceMeters><Position><LatitudeDegrees>50.856201</LatitudeDegrees><LongitudeDegrees>4.284666</LongitudeDegrees></Position><AltitudeMeters>67.7</AltitudeMeters><Extensions><TPX xmlns="http://www.garmin.com/xmlschemas/ActivityExtension/v2"><Speed>2.58</Speed></TPX></Extensions></Trackpoint><Trackpoint><Time>2026-03-20T11:46:41+00:00</Time><DistanceMeters>589.7</DistanceMeters><Position><LatitudeDegrees>50.856183</LatitudeDegrees><LongitudeDegrees>4.284705</LongitudeDegrees></Position><AltitudeMeters>67.7</AltitudeMeters><Extensions><TPX xmlns="http://www.garmin.com/xmlschemas/ActivityExtension/v2"><Speed>2.5</Speed></TPX></Extensions></Trackpoint><Trackpoint><Time>2026-03-20T11:46:42+00:00</Time><DistanceMeters>591.9</DistanceMeters><Position><LatitudeDegrees>50.856179</LatitudeDegrees><LongitudeDegrees>4.284718</LongitudeDegrees></Position><AltitudeMeters>67.7</AltitudeMeters><Extensions><TPX xmlns="http://www.garmin.com/xmlschemas/ActivityExtension/v2"><Speed>2.44</Speed></TPX></Extensions></Trackpoint><Trackpoint><Time>2026-03-20T11:46:43+00:00</Time><DistanceMeters>594.3</DistanceMeters><Position><LatitudeDegrees>50.856174</LatitudeDegrees><LongitudeDegrees>4.28477</LongitudeDegrees></Position><AltitudeMeters>67.7</AltitudeMeters><Extensions><TPX xmlns="http://www.garmin.com/xmlschemas/ActivityExtension/v2"><Speed>2.43</Speed></TPX></Extensions></Trackpoint><Trackpoint><Time>2026-03-20T11:46:44+00:00</Time><DistanceMeters>596.8</DistanceMeters><Position><LatitudeDegrees>50.856173</LatitudeDegrees><LongitudeDegrees>4.284788</LongitudeDegrees></Position><AltitudeMeters>67.7</AltitudeMeters><Extensions><TPX xmlns="http://www.garmin.com/xmlschemas/ActivityExtension/v2"><Speed>2.39</Speed></TPX></Extensions></Trackpoint><Trackpoint><Time>2026-03-20T11:46:45+00:00</Time><DistanceMeters>599.0</DistanceMeters><Position><LatitudeDegrees>50.856177</LatitudeDegrees><LongitudeDegrees>4.284837</LongitudeDegrees></Position><AltitudeMeters>67.7</AltitudeMeters><Extensions><TPX xmlns="http://www.garmin.com/xmlschemas/ActivityExtension/v2"><Speed>2.3</Speed></TPX></Extensions></Trackpoint><Trackpoint><Time>2026-03-20T11:46:46+00:00</Time><DistanceMeters>601.2</DistanceMeters><Position><LatitudeDegrees>50.856175</LatitudeDegrees><LongitudeDegrees>4.28485</LongitudeDegrees></Position><AltitudeMeters>67.8</AltitudeMeters><Extensions><TPX xmlns="http://www.garmin.com/xmlschemas/ActivityExtension/v2"><Speed>2.3</Speed></TPX></Extensions></Trackpoint><Trackpoint><Time>2026-03-20T11:46:47+00:00</Time><DistanceMeters>601.2</DistanceMeters><Position><LatitudeDegrees>50.856168</LatitudeDegrees><LongitudeDegrees>4.284875</LongitudeDegrees></Position><AltitudeMeters>67.8</AltitudeMeters><Extensions><TPX xmlns="http://www.garmin.com/xmlschemas/ActivityExtension/v2"><Speed>1.86</Speed></TPX></Extensions></Trackpoint><Trackpoint><Time>2026-03-20T11:46:48+00:00</Time><DistanceMeters>605.0</DistanceMeters><Position><LatitudeDegrees>50.856159</LatitudeDegrees><LongitudeDegrees>4.284899</LongitudeDegrees></Position><AltitudeMeters>67.8</AltitudeMeters><Extensions><TPX xmlns="http://www.garmin.com/xmlschemas/ActivityExtension/v2"><Speed>2.13</Speed></TPX></Extensions></Trackpoint><Trackpoint><Time>2026-03-20T11:46:49+00:00</Time><DistanceMeters>605.0</DistanceMeters><Position><LatitudeDegrees>50.856153</LatitudeDegrees><LongitudeDegrees>4.284915</LongitudeDegrees></Position><AltitudeMeters>67.8</AltitudeMeters><Extensions><TPX xmlns="http://www.garmin.com/xmlschemas/ActivityExtension/v2"><Speed>1.64</Speed></TPX></Extensions></Trackpoint><Trackpoint><Time>2026-03-20T11:46:50+00:00</Time><DistanceMeters>608.3</DistanceMeters><Position><LatitudeDegrees>50.856143</LatitudeDegrees><LongitudeDegrees>4.284936</LongitudeDegrees></Position><AltitudeMeters>67.9</AltitudeMeters><Extensions><TPX xmlns="http://www.garmin.com/xmlschemas/ActivityExtension/v2"><Speed>1.86</Speed></TPX></Extensions></Trackpoint><Trackpoint><Time>2026-03-20T11:46:51+00:00</Time><DistanceMeters>610.8</DistanceMeters><Position><LatitudeDegrees>50.856117</LatitudeDegrees><LongitudeDegrees>4.284968</LongitudeDegrees></Position><AltitudeMeters>67.9</AltitudeMeters><Extensions><TPX xmlns="http://www.garmin.com/xmlschemas/ActivityExtension/v2"><Speed>1.91</Speed></TPX></Extensions></Trackpoint><Trackpoint><Time>2026-03-20T11:46:52+00:00</Time><DistanceMeters>613.2</DistanceMeters><Position><LatitudeDegrees>50.856106</LatitudeDegrees><LongitudeDegrees>4.284978</LongitudeDegrees></Position><AltitudeMeters>68.0</AltitudeMeters><Extensions><TPX xmlns="http://www.garmin.com/xmlschemas/ActivityExtension/v2"><Speed>2.4</Speed></TPX></Extensions></Trackpoint><Trackpoint><Time>2026-03-20T11:46:53+00:00</Time><DistanceMeters>615.5</DistanceMeters><Position><LatitudeDegrees>50.856086</LatitudeDegrees><LongitudeDegrees>4.285014</LongitudeDegrees></Position><AltitudeMeters>68.0</AltitudeMeters><Extensions><TPX xmlns="http://www.garmin.com/xmlschemas/ActivityExtension/v2"><Speed>2.09</Speed></TPX></Extensions></Trackpoint><Trackpoint><Time>2026-03-20T11:46:54+00:00</Time><DistanceMeters>617.7</DistanceMeters><Position><LatitudeDegrees>50.856079</LatitudeDegrees><LongitudeDegrees>4.285026</LongitudeDegrees></Position><AltitudeMeters>68.0</AltitudeMeters><Extensions><TPX xmlns="http://www.garmin.com/xmlschemas/ActivityExtension/v2"><Speed>2.54</Speed></TPX></Extensions></Trackpoint><Trackpoint><Time>2026-03-20T11:46:55+00:00</Time><DistanceMeters>620.1</DistanceMeters><Position><LatitudeDegrees>50.856053</LatitudeDegrees><LongitudeDegrees>4.285054</LongitudeDegrees></Position><AltitudeMeters>68.1</AltitudeMeters><Extensions><TPX xmlns="http://www.garmin.com/xmlschemas/ActivityExtension/v2"><Speed>2.36</Speed></TPX></Extensions></Trackpoint><Trackpoint><Time>2026-03-20T11:46:56+00:00</Time><DistanceMeters>622.5</DistanceMeters><Position><LatitudeDegrees>50.856041</LatitudeDegrees><LongitudeDegrees>4.285058</LongitudeDegrees></Position><AltitudeMeters>68.1</AltitudeMeters><Extensions><TPX xmlns="http://www.garmin.com/xmlschemas/ActivityExtension/v2"><Speed>2.35</Speed></TPX></Extensions></Trackpoint><Trackpoint><Time>2026-03-20T11:46:57+00:00</Time><DistanceMeters>625.0</DistanceMeters><Position><LatitudeDegrees>50.856009</LatitudeDegrees><LongitudeDegrees>4.285071</LongitudeDegrees></Position><AltitudeMeters>68.2</AltitudeMeters><Extensions><TPX xmlns="http://www.garmin.com/xmlschemas/ActivityExtension/v2"><Speed>2.36</Speed></TPX></Extensions></Trackpoint><Trackpoint><Time>2026-03-20T11:46:58+00:00</Time><DistanceMeters>627.5</DistanceMeters><Position><LatitudeDegrees>50.855999</LatitudeDegrees><LongitudeDegrees>4.28508</LongitudeDegrees></Position><AltitudeMeters>68.2</AltitudeMeters><Extensions><TPX xmlns="http://www.garmin.com/xmlschemas/ActivityExtension/v2"><Speed>2.41</Speed></TPX></Extensions></Trackpoint><Trackpoint><Time>2026-03-20T11:46:59+00:00</Time><DistanceMeters>629.8</DistanceMeters><Position><LatitudeDegrees>50.855972</LatitudeDegrees><LongitudeDegrees>4.285103</LongitudeDegrees></Position><AltitudeMeters>68.3</AltitudeMeters><Extensions><TPX xmlns="http://www.garmin.com/xmlschemas/ActivityExtension/v2"><Speed>2.42</Speed></TPX></Extensions></Trackpoint><Trackpoint><Time>2026-03-20T11:47:00+00:00</Time><DistanceMeters>632.1</DistanceMeters><Position><LatitudeDegrees>50.855962</LatitudeDegrees><LongitudeDegrees>4.28511</LongitudeDegrees></Position><AltitudeMeters>68.3</AltitudeMeters><Extensions><TPX xmlns="http://www.garmin.com/xmlschemas/ActivityExtension/v2"><Speed>2.4</Speed></TPX></Extensions></Trackpoint><Trackpoint><Time>2026-03-20T11:47:01+00:00</Time><DistanceMeters>634.6</DistanceMeters><Position><LatitudeDegrees>50.855933</LatitudeDegrees><LongitudeDegrees>4.285131</LongitudeDegrees></Position><AltitudeMeters>68.4</AltitudeMeters><Extensions><TPX xmlns="http://www.garmin.com/xmlschemas/ActivityExtension/v2"><Speed>2.41</Speed></TPX></Extensions></Trackpoint><Trackpoint><Time>2026-03-20T11:47:02+00:00</Time><DistanceMeters>637.0</DistanceMeters><Position><LatitudeDegrees>50.855922</LatitudeDegrees><LongitudeDegrees>4.285137</LongitudeDegrees></Position><AltitudeMeters>68.4</AltitudeMeters><Extensions><TPX xmlns="http://www.garmin.com/xmlschemas/ActivityExtension/v2"><Speed>2.4</Speed></TPX></Extensions></Trackpoint><Trackpoint><Time>2026-03-20T11:47:03+00:00</Time><DistanceMeters>639.4</DistanceMeters><Position><LatitudeDegrees>50.855892</LatitudeDegrees><LongitudeDegrees>4.285155</LongitudeDegrees></Position><AltitudeMeters>68.5</AltitudeMeters><Extensions><TPX xmlns="http://www.garmin.com/xmlschemas/ActivityExtension/v2"><Speed>2.37</Speed></TPX></Extensions></Trackpoint><Trackpoint><Time>2026-03-20T11:47:04+00:00</Time><DistanceMeters>641.7</DistanceMeters><Position><LatitudeDegrees>50.855882</LatitudeDegrees><LongitudeDegrees>4.28516</LongitudeDegrees></Position><AltitudeMeters>68.5</AltitudeMeters><Extensions><TPX xmlns="http://www.garmin.com/xmlschemas/ActivityExtension/v2"><Speed>2.38</Speed></TPX></Extensions></Trackpoint><Trackpoint><Time>2026-03-20T11:47:05+00:00</Time><DistanceMeters>644.1</DistanceMeters><Position><LatitudeDegrees>50.855851</LatitudeDegrees><LongitudeDegrees>4.285167</LongitudeDegrees></Position><AltitudeMeters>68.6</AltitudeMeters><Extensions><TPX xmlns="http://www.garmin.com/xmlschemas/ActivityExtension/v2"><Speed>2.4</Speed></TPX></Extensions></Trackpoint><Trackpoint><Time>2026-03-20T11:47:06+00:00</Time><DistanceMeters>646.5</DistanceMeters><Position><LatitudeDegrees>50.855839</LatitudeDegrees><LongitudeDegrees>4.285167</LongitudeDegrees></Position><AltitudeMeters>68.6</AltitudeMeters><Extensions><TPX xmlns="http://www.garmin.com/xmlschemas/ActivityExtension/v2"><Speed>2.39</Speed></TPX></Extensions></Trackpoint><Trackpoint><Time>2026-03-20T11:47:07+00:00</Time><DistanceMeters>649.4</DistanceMeters><Position><LatitudeDegrees>50.855802</LatitudeDegrees><LongitudeDegrees>4.285152</LongitudeDegrees></Position><AltitudeMeters>68.7</AltitudeMeters><Extensions><TPX xmlns="http://www.garmin.com/xmlschemas/ActivityExtension/v2"><Speed>2.48</Speed></TPX></Extensions></Trackpoint><Trackpoint><Time>2026-03-20T11:47:08+00:00</Time><DistanceMeters>652.3</DistanceMeters><Position><LatitudeDegrees>50.855789</LatitudeDegrees><LongitudeDegrees>4.285145</LongitudeDegrees></Position><AltitudeMeters>68.8</AltitudeMeters><Extensions><TPX xmlns="http://www.garmin.com/xmlschemas/ActivityExtension/v2"><Speed>2.59</Speed></TPX></Extensions></Trackpoint><Trackpoint><Time>2026-03-20T11:47:09+00:00</Time><DistanceMeters>654.4</DistanceMeters><Position><LatitudeDegrees>50.85576</LatitudeDegrees><LongitudeDegrees>4.285152</LongitudeDegrees></Position><AltitudeMeters>68.8</AltitudeMeters><Extensions><TPX xmlns="http://www.garmin.com/xmlschemas/ActivityExtension/v2"><Speed>2.54</Speed></TPX></Extensions></Trackpoint><Trackpoint><Time>2026-03-20T11:47:10+00:00</Time><DistanceMeters>656.5</DistanceMeters><Position><LatitudeDegrees>50.855753</LatitudeDegrees><LongitudeDegrees>4.285161</LongitudeDegrees></Position><AltitudeMeters>68.9</AltitudeMeters><Extensions><TPX xmlns="http://www.garmin.com/xmlschemas/ActivityExtension/v2"><Speed>2.48</Speed></TPX></Extensions></Trackpoint><Trackpoint><Time>2026-03-20T11:47:11+00:00</Time><DistanceMeters>662.5</DistanceMeters><Position><LatitudeDegrees>50.855756</LatitudeDegrees><LongitudeDegrees>4.285246</LongitudeDegrees></Position><AltitudeMeters>69.0</AltitudeMeters><Extensions><TPX xmlns="http://www.garmin.com/xmlschemas/ActivityExtension/v2"><Speed>3.2</Speed></TPX></Extensions></Trackpoint><Trackpoint><Time>2026-03-20T11:47:12+00:00</Time><DistanceMeters>662.5</DistanceMeters><Position><LatitudeDegrees>50.855747</LatitudeDegrees><LongitudeDegrees>4.285267</LongitudeDegrees></Position><AltitudeMeters>69.0</AltitudeMeters><Extensions><TPX xmlns="http://www.garmin.com/xmlschemas/ActivityExtension/v2"><Speed>2.62</Speed></TPX></Extensions></Trackpoint><Trackpoint><Time>2026-03-20T11:47:13+00:00</Time><DistanceMeters>666.5</DistanceMeters><Position><LatitudeDegrees>50.85573</LatitudeDegrees><LongitudeDegrees>4.285287</LongitudeDegrees></Position><AltitudeMeters>69.1</AltitudeMeters><Extensions><TPX xmlns="http://www.garmin.com/xmlschemas/ActivityExtension/v2"><Speed>2.84</Speed></TPX></Extensions></Trackpoint><Trackpoint><Time>2026-03-20T11:47:14+00:00</Time><DistanceMeters>669.0</DistanceMeters><Position><LatitudeDegrees>50.855704</LatitudeDegrees><LongitudeDegrees>4.285318</LongitudeDegrees></Position><AltitudeMeters>69.2</AltitudeMeters><Extensions><TPX xmlns="http://www.garmin.com/xmlschemas/ActivityExtension/v2"><Speed>2.91</Speed></TPX></Extensions></Trackpoint><Trackpoint><Time>2026-03-20T11:47:15+00:00</Time><DistanceMeters>671.4</DistanceMeters><Position><LatitudeDegrees>50.855695</LatitudeDegrees><LongitudeDegrees>4.285329</LongitudeDegrees></Position><AltitudeMeters>69.2</AltitudeMeters><Extensions><TPX xmlns="http://www.garmin.com/xmlschemas/ActivityExtension/v2"><Speed>2.98</Speed></TPX></Extensions></Trackpoint><Trackpoint><Time>2026-03-20T11:47:16+00:00</Time><DistanceMeters>674.1</DistanceMeters><Position><LatitudeDegrees>50.85567</LatitudeDegrees><LongitudeDegrees>4.285368</LongitudeDegrees></Position><AltitudeMeters>69.3</AltitudeMeters><Extensions><TPX xmlns="http://www.garmin.com/xmlschemas/ActivityExtension/v2"><Speed>2.31</Speed></TPX></Extensions></Trackpoint><Trackpoint><Time>2026-03-20T11:47:17+00:00</Time><DistanceMeters>676.7</DistanceMeters><Position><LatitudeDegrees>50.855661</LatitudeDegrees><LongitudeDegrees>4.285382</LongitudeDegrees></Position><AltitudeMeters>69.3</AltitudeMeters><Extensions><TPX xmlns="http://www.garmin.com/xmlschemas/ActivityExtension/v2"><Speed>2.84</Speed></TPX></Extensions></Trackpoint><Trackpoint><Time>2026-03-20T11:47:18+00:00</Time><DistanceMeters>679.3</DistanceMeters><Position><LatitudeDegrees>50.855639</LatitudeDegrees><LongitudeDegrees>4.285425</LongitudeDegrees></Position><AltitudeMeters>69.3</AltitudeMeters><Extensions><TPX xmlns="http://www.garmin.com/xmlschemas/ActivityExtension/v2"><Speed>2.55</Speed></TPX></Extensions></Trackpoint><Trackpoint><Time>2026-03-20T11:47:19+00:00</Time><DistanceMeters>681.8</DistanceMeters><Position><LatitudeDegrees>50.855632</LatitudeDegrees><LongitudeDegrees>4.285438</LongitudeDegrees></Position><AltitudeMeters>69.3</AltitudeMeters><Extensions><TPX xmlns="http://www.garmin.com/xmlschemas/ActivityExtension/v2"><Speed>2.57</Speed></TPX></Extensions></Trackpoint><Trackpoint><Time>2026-03-20T11:47:20+00:00</Time><DistanceMeters>681.8</DistanceMeters><Position><LatitudeDegrees>50.855623</LatitudeDegrees><LongitudeDegrees>4.285456</LongitudeDegrees></Position><AltitudeMeters>69.4</AltitudeMeters><Extensions><TPX xmlns="http://www.garmin.com/xmlschemas/ActivityExtension/v2"><Speed>2.08</Speed></TPX></Extensions></Trackpoint><Trackpoint><Time>2026-03-20T11:47:21+00:00</Time><DistanceMeters>681.8</DistanceMeters><Position><LatitudeDegrees>50.855618</LatitudeDegrees><LongitudeDegrees>4.28547</LongitudeDegrees></Position><AltitudeMeters>69.4</AltitudeMeters><Extensions><TPX xmlns="http://www.garmin.com/xmlschemas/ActivityExtension/v2"><Speed>1.55</Speed></TPX></Extensions></Trackpoint><Trackpoint><Time>2026-03-20T11:47:22+00:00</Time><DistanceMeters>685.4</DistanceMeters><Position><LatitudeDegrees>50.855618</LatitudeDegrees><LongitudeDegrees>4.285484</LongitudeDegrees></Position><AltitudeMeters>69.4</AltitudeMeters><Extensions><TPX xmlns="http://www.garmin.com/xmlschemas/ActivityExtension/v2"><Speed>1.74</Speed></TPX></Extensions></Trackpoint><Trackpoint><Time>2026-03-20T11:47:23+00:00</Time><DistanceMeters>685.4</DistanceMeters><Position><LatitudeDegrees>50.855619</LatitudeDegrees><LongitudeDegrees>4.285507</LongitudeDegrees></Position><AltitudeMeters>69.4</AltitudeMeters><Extensions><TPX xmlns="http://www.garmin.com/xmlschemas/ActivityExtension/v2"><Speed>1.23</Speed></TPX></Extensions></Trackpoint><Trackpoint><Time>2026-03-20T11:47:24+00:00</Time><DistanceMeters>689.0</DistanceMeters><Position><LatitudeDegrees>50.855619</LatitudeDegrees><LongitudeDegrees>4.285535</LongitudeDegrees></Position><AltitudeMeters>69.4</AltitudeMeters><Extensions><TPX xmlns="http://www.garmin.com/xmlschemas/ActivityExtension/v2"><Speed>1.44</Speed></TPX></Extensions></Trackpoint><Trackpoint><Time>2026-03-20T11:47:25+00:00</Time><DistanceMeters>689.0</DistanceMeters><Position><LatitudeDegrees>50.855618</LatitudeDegrees><LongitudeDegrees>4.285564</LongitudeDegrees></Position><AltitudeMeters>69.5</AltitudeMeters><Extensions><TPX xmlns="http://www.garmin.com/xmlschemas/ActivityExtension/v2"><Speed>1.44</Speed></TPX></Extensions></Trackpoint><Trackpoint><Time>2026-03-20T11:47:26+00:00</Time><DistanceMeters>693.0</DistanceMeters><Position><LatitudeDegrees>50.855619</LatitudeDegrees><LongitudeDegrees>4.285593</LongitudeDegrees></Position><AltitudeMeters>69.5</AltitudeMeters><Extensions><TPX xmlns="http://www.garmin.com/xmlschemas/ActivityExtension/v2"><Speed>2.24</Speed></TPX></Extensions></Trackpoint><Trackpoint><Time>2026-03-20T11:47:27+00:00</Time><DistanceMeters>695.3</DistanceMeters><Position><LatitudeDegrees>50.855626</LatitudeDegrees><LongitudeDegrees>4.28564</LongitudeDegrees></Position><AltitudeMeters>69.5</AltitudeMeters><Extensions><TPX xmlns="http://www.garmin.com/xmlschemas/ActivityExtension/v2"><Speed>1.98</Speed></TPX></Extensions></Trackpoint><Trackpoint><Time>2026-03-20T11:47:28+00:00</Time><DistanceMeters>697.6</DistanceMeters><Position><LatitudeDegrees>50.85563</LatitudeDegrees><LongitudeDegrees>4.285656</LongitudeDegrees></Position><AltitudeMeters>69.5</AltitudeMeters><Extensions><TPX xmlns="http://www.garmin.com/xmlschemas/ActivityExtension/v2"><Speed>2.44</Speed></TPX></Extensions></Trackpoint><Trackpoint><Time>2026-03-20T11:47:29+00:00</Time><DistanceMeters>699.8</DistanceMeters><Position><LatitudeDegrees>50.85564</LatitudeDegrees><LongitudeDegrees>4.285701</LongitudeDegrees></Position><AltitudeMeters>69.6</AltitudeMeters><Extensions><TPX xmlns="http://www.garmin.com/xmlschemas/ActivityExtension/v2"><Speed>2.16</Speed></TPX></Extensions></Trackpoint><Trackpoint><Time>2026-03-20T11:47:30+00:00</Time><DistanceMeters>702.0</DistanceMeters><Position><LatitudeDegrees>50.855642</LatitudeDegrees><LongitudeDegrees>4.285716</LongitudeDegrees></Position><AltitudeMeters>69.6</AltitudeMeters><Extensions><TPX xmlns="http://www.garmin.com/xmlschemas/ActivityExtension/v2"><Speed>2.6</Speed></TPX></Extensions></Trackpoint><Trackpoint><Time>2026-03-20T11:47:31+00:00</Time><DistanceMeters>704.1</DistanceMeters><Position><LatitudeDegrees>50.855648</LatitudeDegrees><LongitudeDegrees>4.285758</LongitudeDegrees></Position><AltitudeMeters>69.6</AltitudeMeters><Extensions><TPX xmlns="http://www.garmin.com/xmlschemas/ActivityExtension/v2"><Speed>2.21</Speed></TPX></Extensions></Trackpoint><Trackpoint><Time>2026-03-20T11:47:32+00:00</Time><DistanceMeters>706.1</DistanceMeters><Position><LatitudeDegrees>50.85565</LatitudeDegrees><LongitudeDegrees>4.285773</LongitudeDegrees></Position><AltitudeMeters>69.6</AltitudeMeters><Extensions><TPX xmlns="http://www.garmin.com/xmlschemas/ActivityExtension/v2"><Speed>2.16</Speed></TPX></Extensions></Trackpoint><Trackpoint><Time>2026-03-20T11:47:33+00:00</Time><DistanceMeters>708.3</DistanceMeters><Position><LatitudeDegrees>50.855655</LatitudeDegrees><LongitudeDegrees>4.285818</LongitudeDegrees></Position><AltitudeMeters>69.7</AltitudeMeters><Extensions><TPX xmlns="http://www.garmin.com/xmlschemas/ActivityExtension/v2"><Speed>2.14</Speed></TPX></Extensions></Trackpoint><Trackpoint><Time>2026-03-20T11:47:34+00:00</Time><DistanceMeters>710.5</DistanceMeters><Position><LatitudeDegrees>50.855656</LatitudeDegrees><LongitudeDegrees>4.285834</LongitudeDegrees></Position><AltitudeMeters>69.7</AltitudeMeters><Extensions><TPX xmlns="http://www.garmin.com/xmlschemas/ActivityExtension/v2"><Speed>2.14</Speed></TPX></Extensions></Trackpoint><Trackpoint><Time>2026-03-20T11:47:35+00:00</Time><DistanceMeters>712.8</DistanceMeters><Position><LatitudeDegrees>50.855661</LatitudeDegrees><LongitudeDegrees>4.285882</LongitudeDegrees></Position><AltitudeMeters>69.7</AltitudeMeters><Extensions><TPX xmlns="http://www.garmin.com/xmlschemas/ActivityExtension/v2"><Speed>2.15</Speed></TPX></Extensions></Trackpoint><Trackpoint><Time>2026-03-20T11:47:36+00:00</Time><DistanceMeters>715.0</DistanceMeters><Position><LatitudeDegrees>50.855662</LatitudeDegrees><LongitudeDegrees>4.285898</LongitudeDegrees></Position><AltitudeMeters>69.7</AltitudeMeters><Extensions><TPX xmlns="http://www.garmin.com/xmlschemas/ActivityExtension/v2"><Speed>2.19</Speed></TPX></Extensions></Trackpoint><Trackpoint><Time>2026-03-20T11:47:37+00:00</Time><DistanceMeters>717.4</DistanceMeters><Position><LatitudeDegrees>50.855668</LatitudeDegrees><LongitudeDegrees>4.285947</LongitudeDegrees></Position><AltitudeMeters>69.8</AltitudeMeters><Extensions><TPX xmlns="http://www.garmin.com/xmlschemas/ActivityExtension/v2"><Speed>2.25</Speed></TPX></Extensions></Trackpoint><Trackpoint><Time>2026-03-20T11:47:38+00:00</Time><DistanceMeters>719.7</DistanceMeters><Position><LatitudeDegrees>50.85567</LatitudeDegrees><LongitudeDegrees>4.285964</LongitudeDegrees></Position><AltitudeMeters>69.8</AltitudeMeters><Extensions><TPX xmlns="http://www.garmin.com/xmlschemas/ActivityExtension/v2"><Speed>2.28</Speed></TPX></Extensions></Trackpoint><Trackpoint><Time>2026-03-20T11:47:39+00:00</Time><DistanceMeters>722.1</DistanceMeters><Position><LatitudeDegrees>50.855677</LatitudeDegrees><LongitudeDegrees>4.286014</LongitudeDegrees></Position><AltitudeMeters>69.8</AltitudeMeters><Extensions><TPX xmlns="http://www.garmin.com/xmlschemas/ActivityExtension/v2"><Speed>2.32</Speed></TPX></Extensions></Trackpoint><Trackpoint><Time>2026-03-20T11:47:40+00:00</Time><DistanceMeters>724.5</DistanceMeters><Position><LatitudeDegrees>50.855679</LatitudeDegrees><LongitudeDegrees>4.286031</LongitudeDegrees></Position><AltitudeMeters>69.8</AltitudeMeters><Extensions><TPX xmlns="http://www.garmin.com/xmlschemas/ActivityExtension/v2"><Speed>2.35</Speed></TPX></Extensions></Trackpoint><Trackpoint><Time>2026-03-20T11:47:41+00:00</Time><DistanceMeters>726.8</DistanceMeters><Position><LatitudeDegrees>50.855684</LatitudeDegrees><LongitudeDegrees>4.286079</LongitudeDegrees></Position><AltitudeMeters>69.8</AltitudeMeters><Extensions><TPX xmlns="http://www.garmin.com/xmlschemas/ActivityExtension/v2"><Speed>2.36</Speed></TPX></Extensions></Trackpoint><Trackpoint><Time>2026-03-20T11:47:42+00:00</Time><DistanceMeters>729.1</DistanceMeters><Position><LatitudeDegrees>50.855686</LatitudeDegrees><LongitudeDegrees>4.286095</LongitudeDegrees></Position><AltitudeMeters>69.9</AltitudeMeters><Extensions><TPX xmlns="http://www.garmin.com/xmlschemas/ActivityExtension/v2"><Speed>2.35</Speed></TPX></Extensions></Trackpoint><Trackpoint><Time>2026-03-20T11:47:43+00:00</Time><DistanceMeters>731.6</DistanceMeters><Position><LatitudeDegrees>50.855693</LatitudeDegrees><LongitudeDegrees>4.286146</LongitudeDegrees></Position><AltitudeMeters>69.9</AltitudeMeters><Extensions><TPX xmlns="http://www.garmin.com/xmlschemas/ActivityExtension/v2"><Speed>2.37</Speed></TPX></Extensions></Trackpoint><Trackpoint><Time>2026-03-20T11:47:44+00:00</Time><DistanceMeters>734.0</DistanceMeters><Position><LatitudeDegrees>50.855695</LatitudeDegrees><LongitudeDegrees>4.286164</LongitudeDegrees></Position><AltitudeMeters>69.9</AltitudeMeters><Extensions><TPX xmlns="http://www.garmin.com/xmlschemas/ActivityExtension/v2"><Speed>2.38</Speed></TPX></Extensions></Trackpoint><Trackpoint><Time>2026-03-20T11:47:45+00:00</Time><DistanceMeters>736.4</DistanceMeters><Position><LatitudeDegrees>50.855703</LatitudeDegrees><LongitudeDegrees>4.286213</LongitudeDegrees></Position><AltitudeMeters>69.9</AltitudeMeters><Extensions><TPX xmlns="http://www.garmin.com/xmlschemas/ActivityExtension/v2"><Speed>2.38</Speed></TPX></Extensions></Trackpoint><Trackpoint><Time>2026-03-20T11:47:46+00:00</Time><DistanceMeters>738.8</DistanceMeters><Position><LatitudeDegrees>50.855705</LatitudeDegrees><LongitudeDegrees>4.28623</LongitudeDegrees></Position><AltitudeMeters>70.0</AltitudeMeters><Extensions><TPX xmlns="http://www.garmin.com/xmlschemas/ActivityExtension/v2"><Speed>2.4</Speed></TPX></Extensions></Trackpoint><Trackpoint><Time>2026-03-20T11:47:47+00:00</Time><DistanceMeters>741.2</DistanceMeters><Position><LatitudeDegrees>50.855711</LatitudeDegrees><LongitudeDegrees>4.286281</LongitudeDegrees></Position><AltitudeMeters>70.0</AltitudeMeters><Extensions><TPX xmlns="http://www.garmin.com/xmlschemas/ActivityExtension/v2"><Speed>2.41</Speed></TPX></Extensions></Trackpoint><Trackpoint><Time>2026-03-20T11:47:48+00:00</Time><DistanceMeters>743.5</DistanceMeters><Position><LatitudeDegrees>50.855713</LatitudeDegrees><LongitudeDegrees>4.286297</LongitudeDegrees></Position><AltitudeMeters>70.0</AltitudeMeters><Extensions><TPX xmlns="http://www.garmin.com/xmlschemas/ActivityExtension/v2"><Speed>2.39</Speed></TPX></Extensions></Trackpoint><Trackpoint><Time>2026-03-20T11:47:49+00:00</Time><DistanceMeters>745.9</DistanceMeters><Position><LatitudeDegrees>50.85572</LatitudeDegrees><LongitudeDegrees>4.286346</LongitudeDegrees></Position><AltitudeMeters>70.1</AltitudeMeters><Extensions><TPX xmlns="http://www.garmin.com/xmlschemas/ActivityExtension/v2"><Speed>2.38</Speed></TPX></Extensions></Trackpoint><Trackpoint><Time>2026-03-20T11:47:50+00:00</Time><DistanceMeters>748.3</DistanceMeters><Position><LatitudeDegrees>50.855721</LatitudeDegrees><LongitudeDegrees>4.286363</LongitudeDegrees></Position><AltitudeMeters>70.1</AltitudeMeters><Extensions><TPX xmlns="http://www.garmin.com/xmlschemas/ActivityExtension/v2"><Speed>2.38</Speed></TPX></Extensions></Trackpoint><Trackpoint><Time>2026-03-20T11:47:51+00:00</Time><DistanceMeters>748.3</DistanceMeters><Position><LatitudeDegrees>50.855723</LatitudeDegrees><LongitudeDegrees>4.28639</LongitudeDegrees></Position><AltitudeMeters>70.1</AltitudeMeters><Extensions><TPX xmlns="http://www.garmin.com/xmlschemas/ActivityExtension/v2"><Speed>1.9</Speed></TPX></Extensions></Trackpoint><Trackpoint><Time>2026-03-20T11:47:52+00:00</Time><DistanceMeters>752.3</DistanceMeters><Position><LatitudeDegrees>50.855726</LatitudeDegrees><LongitudeDegrees>4.28642</LongitudeDegrees></Position><AltitudeMeters>70.1</AltitudeMeters><Extensions><TPX xmlns="http://www.garmin.com/xmlschemas/ActivityExtension/v2"><Speed>2.23</Speed></TPX></Extensions></Trackpoint><Trackpoint><Time>2026-03-20T11:47:54+00:00</Time><DistanceMeters>756.5</DistanceMeters><Position><LatitudeDegrees>50.855731</LatitudeDegrees><LongitudeDegrees>4.286478</LongitudeDegrees></Position><AltitudeMeters>70.2</AltitudeMeters><Extensions><TPX xmlns="http://www.garmin.com/xmlschemas/ActivityExtension/v2"><Speed>2.12</Speed></TPX></Extensions></Trackpoint><Trackpoint><Time>2026-03-20T11:47:55+00:00</Time><DistanceMeters>758.8</DistanceMeters><Position><LatitudeDegrees>50.855737</LatitudeDegrees><LongitudeDegrees>4.286524</LongitudeDegrees></Position><AltitudeMeters>70.3</AltitudeMeters><Extensions><TPX xmlns="http://www.garmin.com/xmlschemas/ActivityExtension/v2"><Speed>2.09</Speed></TPX></Extensions></Trackpoint><Trackpoint><Time>2026-03-20T11:47:56+00:00</Time><DistanceMeters>761.0</DistanceMeters><Position><LatitudeDegrees>50.855738</LatitudeDegrees><LongitudeDegrees>4.286541</LongitudeDegrees></Position><AltitudeMeters>70.3</AltitudeMeters><Extensions><TPX xmlns="http://www.garmin.com/xmlschemas/ActivityExtension/v2"><Speed>2.54</Speed></TPX></Extensions></Trackpoint><Trackpoint><Time>2026-03-20T11:47:57+00:00</Time><DistanceMeters>761.0</DistanceMeters><Position><LatitudeDegrees>50.855742</LatitudeDegrees><LongitudeDegrees>4.286568</LongitudeDegrees></Position><AltitudeMeters>70.3</AltitudeMeters><Extensions><TPX xmlns="http://www.garmin.com/xmlschemas/ActivityExtension/v2"><Speed>1.74</Speed></TPX></Extensions></Trackpoint><Trackpoint><Time>2026-03-20T11:47:58+00:00</Time><DistanceMeters>765.0</DistanceMeters><Position><LatitudeDegrees>50.855745</LatitudeDegrees><LongitudeDegrees>4.286598</LongitudeDegrees></Position><AltitudeMeters>70.4</AltitudeMeters><Extensions><TPX xmlns="http://www.garmin.com/xmlschemas/ActivityExtension/v2"><Speed>2.117</Speed></TPX></Extensions></Trackpoint><Trackpoint><Time>2026-03-20T11:47:59+00:00</Time><DistanceMeters>767.1</DistanceMeters><Position><LatitudeDegrees>50.85575</LatitudeDegrees><LongitudeDegrees>4.286642</LongitudeDegrees></Position><AltitudeMeters>70.4</AltitudeMeters><Extensions><TPX xmlns="http://www.garmin.com/xmlschemas/ActivityExtension/v2"><Speed>2.12</Speed></TPX></Extensions></Trackpoint><Trackpoint><Time>2026-03-20T11:48:00+00:00</Time><DistanceMeters>769.2</DistanceMeters><Position><LatitudeDegrees>50.855753</LatitudeDegrees><LongitudeDegrees>4.286657</LongitudeDegrees></Position><AltitudeMeters>70.4</AltitudeMeters><Extensions><TPX xmlns="http://www.garmin.com/xmlschemas/ActivityExtension/v2"><Speed>2.09</Speed></TPX></Extensions></Trackpoint><Trackpoint><Time>2026-03-20T11:48:01+00:00</Time><DistanceMeters>771.6</DistanceMeters><Position><LatitudeDegrees>50.855766</LatitudeDegrees><LongitudeDegrees>4.286702</LongitudeDegrees></Position><AltitudeMeters>70.5</AltitudeMeters><Extensions><TPX xmlns="http://www.garmin.com/xmlschemas/ActivityExtension/v2"><Speed>2.12</Speed></TPX></Extensions></Trackpoint><Trackpoint><Time>2026-03-20T11:48:02+00:00</Time><DistanceMeters>774.0</DistanceMeters><Position><LatitudeDegrees>50.855769</LatitudeDegrees><LongitudeDegrees>4.286719</LongitudeDegrees></Position><AltitudeMeters>70.5</AltitudeMeters><Extensions><TPX xmlns="http://www.garmin.com/xmlschemas/ActivityExtension/v2"><Speed>2.6</Speed></TPX></Extensions></Trackpoint><Trackpoint><Time>2026-03-20T11:48:03+00:00</Time><DistanceMeters>776.1</DistanceMeters><Position><LatitudeDegrees>50.855781</LatitudeDegrees><LongitudeDegrees>4.286759</LongitudeDegrees></Position><AltitudeMeters>70.6</AltitudeMeters><Extensions><TPX xmlns="http://www.garmin.com/xmlschemas/ActivityExtension/v2"><Speed>2.21</Speed></TPX></Extensions></Trackpoint><Trackpoint><Time>2026-03-20T11:48:04+00:00</Time><DistanceMeters>778.1</DistanceMeters><Position><LatitudeDegrees>50.855785</LatitudeDegrees><LongitudeDegrees>4.286773</LongitudeDegrees></Position><AltitudeMeters>70.6</AltitudeMeters><Extensions><TPX xmlns="http://www.garmin.com/xmlschemas/ActivityExtension/v2"><Speed>2.2</Speed></TPX></Extensions></Trackpoint><Trackpoint><Time>2026-03-20T11:48:05+00:00</Time><DistanceMeters>780.3</DistanceMeters><Position><LatitudeDegrees>50.855796</LatitudeDegrees><LongitudeDegrees>4.286817</LongitudeDegrees></Position><AltitudeMeters>70.7</AltitudeMeters><Extensions><TPX xmlns="http://www.garmin.com/xmlschemas/ActivityExtension/v2"><Speed>2.22</Speed></TPX></Extensions></Trackpoint><Trackpoint><Time>2026-03-20T11:48:06+00:00</Time><DistanceMeters>782.5</DistanceMeters><Position><LatitudeDegrees>50.855799</LatitudeDegrees><LongitudeDegrees>4.286831</LongitudeDegrees></Position><AltitudeMeters>70.7</AltitudeMeters><Extensions><TPX xmlns="http://www.garmin.com/xmlschemas/ActivityExtension/v2"><Speed>2.18</Speed></TPX></Extensions></Trackpoint><Trackpoint><Time>2026-03-20T11:48:07+00:00</Time><DistanceMeters>784.8</DistanceMeters><Position><LatitudeDegrees>50.85581</LatitudeDegrees><LongitudeDegrees>4.286877</LongitudeDegrees></Position><AltitudeMeters>70.7</AltitudeMeters><Extensions><TPX xmlns="http://www.garmin.com/xmlschemas/ActivityExtension/v2"><Speed>2.15</Speed></TPX></Extensions></Trackpoint><Trackpoint><Time>2026-03-20T11:48:08+00:00</Time><DistanceMeters>787.0</DistanceMeters><Position><LatitudeDegrees>50.855813</LatitudeDegrees><LongitudeDegrees>4.286892</LongitudeDegrees></Position><AltitudeMeters>70.8</AltitudeMeters><Extensions><TPX xmlns="http://www.garmin.com/xmlschemas/ActivityExtension/v2"><Speed>2.19</Speed></TPX></Extensions></Trackpoint><Trackpoint><Time>2026-03-20T11:48:09+00:00</Time><DistanceMeters>789.2</DistanceMeters><Position><LatitudeDegrees>50.855825</LatitudeDegrees><LongitudeDegrees>4.286933</LongitudeDegrees></Position><AltitudeMeters>70.8</AltitudeMeters><Extensions><TPX xmlns="http://www.garmin.com/xmlschemas/ActivityExtension/v2"><Speed>2.21</Speed></TPX></Extensions></Trackpoint><Trackpoint><Time>2026-03-20T11:48:10+00:00</Time><DistanceMeters>791.3</DistanceMeters><Position><LatitudeDegrees>50.855828</LatitudeDegrees><LongitudeDegrees>4.286948</LongitudeDegrees></Position><AltitudeMeters>70.8</AltitudeMeters><Extensions><TPX xmlns="http://www.garmin.com/xmlschemas/ActivityExtension/v2"><Speed>2.2</Speed></TPX></Extensions></Trackpoint><Trackpoint><Time>2026-03-20T11:48:11+00:00</Time><DistanceMeters>793.6</DistanceMeters><Position><LatitudeDegrees>50.855837</LatitudeDegrees><LongitudeDegrees>4.286994</LongitudeDegrees></Position><AltitudeMeters>70.9</AltitudeMeters><Extensions><TPX xmlns="http://www.garmin.com/xmlschemas/ActivityExtension/v2"><Speed>2.21</Speed></TPX></Extensions></Trackpoint><Trackpoint><Time>2026-03-20T11:48:12+00:00</Time><DistanceMeters>795.8</DistanceMeters><Position><LatitudeDegrees>50.85584</LatitudeDegrees><LongitudeDegrees>4.287009</LongitudeDegrees></Position><AltitudeMeters>70.9</AltitudeMeters><Extensions><TPX xmlns="http://www.garmin.com/xmlschemas/ActivityExtension/v2"><Speed>2.21</Speed></TPX></Extensions></Trackpoint><Trackpoint><Time>2026-03-20T11:48:13+00:00</Time><DistanceMeters>798.2</DistanceMeters><Position><LatitudeDegrees>50.855852</LatitudeDegrees><LongitudeDegrees>4.287056</LongitudeDegrees></Position><AltitudeMeters>71.0</AltitudeMeters><Extensions><TPX xmlns="http://www.garmin.com/xmlschemas/ActivityExtension/v2"><Speed>2.23</Speed></TPX></Extensions></Trackpoint><Trackpoint><Time>2026-03-20T11:48:14+00:00</Time><DistanceMeters>800.5</DistanceMeters><Position><LatitudeDegrees>50.855855</LatitudeDegrees><LongitudeDegrees>4.287071</LongitudeDegrees></Position><AltitudeMeters>71.0</AltitudeMeters><Extensions><TPX xmlns="http://www.garmin.com/xmlschemas/ActivityExtension/v2"><Speed>2.27</Speed></TPX></Extensions></Trackpoint><Trackpoint><Time>2026-03-20T11:48:15+00:00</Time><DistanceMeters>802.7</DistanceMeters><Position><LatitudeDegrees>50.855864</LatitudeDegrees><LongitudeDegrees>4.287117</LongitudeDegrees></Position><AltitudeMeters>71.1</AltitudeMeters><Extensions><TPX xmlns="http://www.garmin.com/xmlschemas/ActivityExtension/v2"><Speed>2.28</Speed></TPX></Extensions></Trackpoint><Trackpoint><Time>2026-03-20T11:48:16+00:00</Time><DistanceMeters>804.9</DistanceMeters><Position><LatitudeDegrees>50.855867</LatitudeDegrees><LongitudeDegrees>4.287131</LongitudeDegrees></Position><AltitudeMeters>71.1</AltitudeMeters><Extensions><TPX xmlns="http://www.garmin.com/xmlschemas/ActivityExtension/v2"><Speed>2.27</Speed></TPX></Extensions></Trackpoint><Trackpoint><Time>2026-03-20T11:48:17+00:00</Time><DistanceMeters>807.3</DistanceMeters><Position><LatitudeDegrees>50.855878</LatitudeDegrees><LongitudeDegrees>4.287178</LongitudeDegrees></Position><AltitudeMeters>71.2</AltitudeMeters><Extensions><TPX xmlns="http://www.garmin.com/xmlschemas/ActivityExtension/v2"><Speed>2.29</Speed></TPX></Extensions></Trackpoint><Trackpoint><Time>2026-03-20T11:48:18+00:00</Time><DistanceMeters>809.6</DistanceMeters><Position><LatitudeDegrees>50.855881</LatitudeDegrees><LongitudeDegrees>4.287194</LongitudeDegrees></Position><AltitudeMeters>71.2</AltitudeMeters><Extensions><TPX xmlns="http://www.garmin.com/xmlschemas/ActivityExtension/v2"><Speed>2.29</Speed></TPX></Extensions></Trackpoint><Trackpoint><Time>2026-03-20T11:48:19+00:00</Time><DistanceMeters>811.9</DistanceMeters><Position><LatitudeDegrees>50.85589</LatitudeDegrees><LongitudeDegrees>4.28724</LongitudeDegrees></Position><AltitudeMeters>71.3</AltitudeMeters><Extensions><TPX xmlns="http://www.garmin.com/xmlschemas/ActivityExtension/v2"><Speed>2.27</Speed></TPX></Extensions></Trackpoint><Trackpoint><Time>2026-03-20T11:48:20+00:00</Time><DistanceMeters>814.1</DistanceMeters><Position><LatitudeDegrees>50.855892</LatitudeDegrees><LongitudeDegrees>4.287256</LongitudeDegrees></Position><AltitudeMeters>71.3</AltitudeMeters><Extensions><TPX xmlns="http://www.garmin.com/xmlschemas/ActivityExtension/v2"><Speed>2.28</Speed></TPX></Extensions></Trackpoint><Trackpoint><Time>2026-03-20T11:48:21+00:00</Time><DistanceMeters>816.2</DistanceMeters><Position><LatitudeDegrees>50.855902</LatitudeDegrees><LongitudeDegrees>4.2873</LongitudeDegrees></Position><AltitudeMeters>71.4</AltitudeMeters><Extensions><TPX xmlns="http://www.garmin.com/xmlschemas/ActivityExtension/v2"><Speed>2.26</Speed></TPX></Extensions></Trackpoint><Trackpoint><Time>2026-03-20T11:48:22+00:00</Time><DistanceMeters>818.3</DistanceMeters><Position><LatitudeDegrees>50.855905</LatitudeDegrees><LongitudeDegrees>4.287313</LongitudeDegrees></Position><AltitudeMeters>71.4</AltitudeMeters><Extensions><TPX xmlns="http://www.garmin.com/xmlschemas/ActivityExtension/v2"><Speed>2.21</Speed></TPX></Extensions></Trackpoint><Trackpoint><Time>2026-03-20T11:48:23+00:00</Time><DistanceMeters>820.4</DistanceMeters><Position><LatitudeDegrees>50.855914</LatitudeDegrees><LongitudeDegrees>4.287355</LongitudeDegrees></Position><AltitudeMeters>71.5</AltitudeMeters><Extensions><TPX xmlns="http://www.garmin.com/xmlschemas/ActivityExtension/v2"><Speed>2.16</Speed></TPX></Extensions></Trackpoint><Trackpoint><Time>2026-03-20T11:48:24+00:00</Time><DistanceMeters>822.5</DistanceMeters><Position><LatitudeDegrees>50.855916</LatitudeDegrees><LongitudeDegrees>4.287369</LongitudeDegrees></Position><AltitudeMeters>71.5</AltitudeMeters><Extensions><TPX xmlns="http://www.garmin.com/xmlschemas/ActivityExtension/v2"><Speed>2.13</Speed></TPX></Extensions></Trackpoint><Trackpoint><Time>2026-03-20T11:48:25+00:00</Time><DistanceMeters>824.7</DistanceMeters><Position><LatitudeDegrees>50.855925</LatitudeDegrees><LongitudeDegrees>4.287413</LongitudeDegrees></Position><AltitudeMeters>71.6</AltitudeMeters><Extensions><TPX xmlns="http://www.garmin.com/xmlschemas/ActivityExtension/v2"><Speed>2.11</Speed></TPX></Extensions></Trackpoint><Trackpoint><Time>2026-03-20T11:48:26+00:00</Time><DistanceMeters>826.8</DistanceMeters><Position><LatitudeDegrees>50.855927</LatitudeDegrees><LongitudeDegrees>4.287429</LongitudeDegrees></Position><AltitudeMeters>71.6</AltitudeMeters><Extensions><TPX xmlns="http://www.garmin.com/xmlschemas/ActivityExtension/v2"><Speed>2.12</Speed></TPX></Extensions></Trackpoint><Trackpoint><Time>2026-03-20T11:48:27+00:00</Time><DistanceMeters>826.8</DistanceMeters><Position><LatitudeDegrees>50.855932</LatitudeDegrees><LongitudeDegrees>4.287456</LongitudeDegrees></Position><AltitudeMeters>71.7</AltitudeMeters><Extensions><TPX xmlns="http://www.garmin.com/xmlschemas/ActivityExtension/v2"><Speed>1.7</Speed></TPX></Extensions></Trackpoint><Trackpoint><Time>2026-03-20T11:48:28+00:00</Time><DistanceMeters>830.8</DistanceMeters><Position><LatitudeDegrees>50.855936</LatitudeDegrees><LongitudeDegrees>4.287484</LongitudeDegrees></Position><AltitudeMeters>71.7</AltitudeMeters><Extensions><TPX xmlns="http://www.garmin.com/xmlschemas/ActivityExtension/v2"><Speed>2.08</Speed></TPX></Extensions></Trackpoint><Trackpoint><Time>2026-03-20T11:48:29+00:00</Time><DistanceMeters>832.9</DistanceMeters><Position><LatitudeDegrees>50.855944</LatitudeDegrees><LongitudeDegrees>4.287527</LongitudeDegrees></Position><AltitudeMeters>71.8</AltitudeMeters><Extensions><TPX xmlns="http://www.garmin.com/xmlschemas/ActivityExtension/v2"><Speed>2.07</Speed></TPX></Extensions></Trackpoint><Trackpoint><Time>2026-03-20T11:48:30+00:00</Time><DistanceMeters>834.9</DistanceMeters><Position><LatitudeDegrees>50.855947</LatitudeDegrees><LongitudeDegrees>4.28754</LongitudeDegrees></Position><AltitudeMeters>71.8</AltitudeMeters><Extensions><TPX xmlns="http://www.garmin.com/xmlschemas/ActivityExtension/v2"><Speed>2.05</Speed></TPX></Extensions></Trackpoint><Trackpoint><Time>2026-03-20T11:48:31+00:00</Time><DistanceMeters>837.1</DistanceMeters><Position><LatitudeDegrees>50.855953</LatitudeDegrees><LongitudeDegrees>4.287585</LongitudeDegrees></Position><AltitudeMeters>71.9</AltitudeMeters><Extensions><TPX xmlns="http://www.garmin.com/xmlschemas/ActivityExtension/v2"><Speed>2.06</Speed></TPX></Extensions></Trackpoint><Trackpoint><Time>2026-03-20T11:48:32+00:00</Time><DistanceMeters>839.3</DistanceMeters><Position><LatitudeDegrees>50.855954</LatitudeDegrees><LongitudeDegrees>4.287601</LongitudeDegrees></Position><AltitudeMeters>71.9</AltitudeMeters><Extensions><TPX xmlns="http://www.garmin.com/xmlschemas/ActivityExtension/v2"><Speed>2.5</Speed></TPX></Extensions></Trackpoint><Trackpoint><Time>2026-03-20T11:48:33+00:00</Time><DistanceMeters>839.3</DistanceMeters><Position><LatitudeDegrees>50.855956</LatitudeDegrees><LongitudeDegrees>4.287625</LongitudeDegrees></Position><AltitudeMeters>72.0</AltitudeMeters><Extensions><TPX xmlns="http://www.garmin.com/xmlschemas/ActivityExtension/v2"><Speed>1.7</Speed></TPX></Extensions></Trackpoint><Trackpoint><Time>2026-03-20T11:48:34+00:00</Time><DistanceMeters>843.0</DistanceMeters><Position><LatitudeDegrees>50.855959</LatitudeDegrees><LongitudeDegrees>4.287654</LongitudeDegrees></Position><AltitudeMeters>72.0</AltitudeMeters><Extensions><TPX xmlns="http://www.garmin.com/xmlschemas/ActivityExtension/v2"><Speed>2.03</Speed></TPX></Extensions></Trackpoint><Trackpoint><Time>2026-03-20T11:48:35+00:00</Time><DistanceMeters>845.2</DistanceMeters><Position><LatitudeDegrees>50.855964</LatitudeDegrees><LongitudeDegrees>4.2877</LongitudeDegrees></Position><AltitudeMeters>72.1</AltitudeMeters><Extensions><TPX xmlns="http://www.garmin.com/xmlschemas/ActivityExtension/v2"><Speed>2.05</Speed></TPX></Extensions></Trackpoint><Trackpoint><Time>2026-03-20T11:48:36+00:00</Time><DistanceMeters>847.3</DistanceMeters><Position><LatitudeDegrees>50.855965</LatitudeDegrees><LongitudeDegrees>4.287713</LongitudeDegrees></Position><AltitudeMeters>72.1</AltitudeMeters><Extensions><TPX xmlns="http://www.garmin.com/xmlschemas/ActivityExtension/v2"><Speed>2.04</Speed></TPX></Extensions></Trackpoint><Trackpoint><Time>2026-03-20T11:48:37+00:00</Time><DistanceMeters>849.4</DistanceMeters><Position><LatitudeDegrees>50.855971</LatitudeDegrees><LongitudeDegrees>4.287756</LongitudeDegrees></Position><AltitudeMeters>72.2</AltitudeMeters><Extensions><TPX xmlns="http://www.garmin.com/xmlschemas/ActivityExtension/v2"><Speed>2.01</Speed></TPX></Extensions></Trackpoint><Trackpoint><Time>2026-03-20T11:48:38+00:00</Time><DistanceMeters>851.4</DistanceMeters><Position><LatitudeDegrees>50.855972</LatitudeDegrees><LongitudeDegrees>4.287772</LongitudeDegrees></Position><AltitudeMeters>72.2</AltitudeMeters><Extensions><TPX xmlns="http://www.garmin.com/xmlschemas/ActivityExtension/v2"><Speed>2.42</Speed></TPX></Extensions></Trackpoint><Trackpoint><Time>2026-03-20T11:48:39+00:00</Time><DistanceMeters>853.5</DistanceMeters><Position><LatitudeDegrees>50.855975</LatitudeDegrees><LongitudeDegrees>4.287816</LongitudeDegrees></Position><AltitudeMeters>72.3</AltitudeMeters><Extensions><TPX xmlns="http://www.garmin.com/xmlschemas/ActivityExtension/v2"><Speed>2.1</Speed></TPX></Extensions></Trackpoint><Trackpoint><Time>2026-03-20T11:48:40+00:00</Time><DistanceMeters>855.6</DistanceMeters><Position><LatitudeDegrees>50.855976</LatitudeDegrees><LongitudeDegrees>4.28783</LongitudeDegrees></Position><AltitudeMeters>72.3</AltitudeMeters><Extensions><TPX xmlns="http://www.garmin.com/xmlschemas/ActivityExtension/v2"><Speed>2.09</Speed></TPX></Extensions></Trackpoint><Trackpoint><Time>2026-03-20T11:48:41+00:00</Time><DistanceMeters>855.6</DistanceMeters><Position><LatitudeDegrees>50.855979</LatitudeDegrees><LongitudeDegrees>4.287861</LongitudeDegrees></Position><AltitudeMeters>72.4</AltitudeMeters><Extensions><TPX xmlns="http://www.garmin.com/xmlschemas/ActivityExtension/v2"><Speed>1.66</Speed></TPX></Extensions></Trackpoint><Trackpoint><Time>2026-03-20T11:48:42+00:00</Time><DistanceMeters>859.6</DistanceMeters><Position><LatitudeDegrees>50.85598</LatitudeDegrees><LongitudeDegrees>4.287887</LongitudeDegrees></Position><AltitudeMeters>72.4</AltitudeMeters><Extensions><TPX xmlns="http://www.garmin.com/xmlschemas/ActivityExtension/v2"><Speed>2.05</Speed></TPX></Extensions></Trackpoint><Trackpoint><Time>2026-03-20T11:48:43+00:00</Time><DistanceMeters>861.8</DistanceMeters><Position><LatitudeDegrees>50.855981</LatitudeDegrees><LongitudeDegrees>4.287933</LongitudeDegrees></Position><AltitudeMeters>72.5</AltitudeMeters><Extensions><TPX xmlns="http://www.garmin.com/xmlschemas/ActivityExtension/v2"><Speed>2.08</Speed></TPX></Extensions></Trackpoint><Trackpoint><Time>2026-03-20T11:48:44+00:00</Time><DistanceMeters>864.0</DistanceMeters><Position><LatitudeDegrees>50.855981</LatitudeDegrees><LongitudeDegrees>4.287949</LongitudeDegrees></Position><AltitudeMeters>72.5</AltitudeMeters><Extensions><TPX xmlns="http://www.garmin.com/xmlschemas/ActivityExtension/v2"><Speed>2.1</Speed></TPX></Extensions></Trackpoint><Trackpoint><Time>2026-03-20T11:48:45+00:00</Time><DistanceMeters>866.2</DistanceMeters><Position><LatitudeDegrees>50.855981</LatitudeDegrees><LongitudeDegrees>4.287995</LongitudeDegrees></Position><AltitudeMeters>72.6</AltitudeMeters><Extensions><TPX xmlns="http://www.garmin.com/xmlschemas/ActivityExtension/v2"><Speed>2.11</Speed></TPX></Extensions></Trackpoint><Trackpoint><Time>2026-03-20T11:48:46+00:00</Time><DistanceMeters>868.3</DistanceMeters><Position><LatitudeDegrees>50.855981</LatitudeDegrees><LongitudeDegrees>4.288011</LongitudeDegrees></Position><AltitudeMeters>72.6</AltitudeMeters><Extensions><TPX xmlns="http://www.garmin.com/xmlschemas/ActivityExtension/v2"><Speed>2.54</Speed></TPX></Extensions></Trackpoint><Trackpoint><Time>2026-03-20T11:48:47+00:00</Time><DistanceMeters>870.5</DistanceMeters><Position><LatitudeDegrees>50.855981</LatitudeDegrees><LongitudeDegrees>4.288059</LongitudeDegrees></Position><AltitudeMeters>72.7</AltitudeMeters><Extensions><TPX xmlns="http://www.garmin.com/xmlschemas/ActivityExtension/v2"><Speed>2.17</Speed></TPX></Extensions></Trackpoint><Trackpoint><Time>2026-03-20T11:48:48+00:00</Time><DistanceMeters>872.6</DistanceMeters><Position><LatitudeDegrees>50.855981</LatitudeDegrees><LongitudeDegrees>4.288073</LongitudeDegrees></Position><AltitudeMeters>72.7</AltitudeMeters><Extensions><TPX xmlns="http://www.garmin.com/xmlschemas/ActivityExtension/v2"><Speed>2.16</Speed></TPX></Extensions></Trackpoint><Trackpoint><Time>2026-03-20T11:48:49+00:00</Time><DistanceMeters>872.6</DistanceMeters><Position><LatitudeDegrees>50.855982</LatitudeDegrees><LongitudeDegrees>4.288101</LongitudeDegrees></Position><AltitudeMeters>72.8</AltitudeMeters><Extensions><TPX xmlns="http://www.garmin.com/xmlschemas/ActivityExtension/v2"><Speed>1.72</Speed></TPX></Extensions></Trackpoint><Trackpoint><Time>2026-03-20T11:48:50+00:00</Time><DistanceMeters>876.5</DistanceMeters><Position><LatitudeDegrees>50.855984</LatitudeDegrees><LongitudeDegrees>4.288128</LongitudeDegrees></Position><AltitudeMeters>72.8</AltitudeMeters><Extensions><TPX xmlns="http://www.garmin.com/xmlschemas/ActivityExtension/v2"><Speed>2.07</Speed></TPX></Extensions></Trackpoint><Trackpoint><Time>2026-03-20T11:48:51+00:00</Time><DistanceMeters>876.5</DistanceMeters><Position><LatitudeDegrees>50.85599</LatitudeDegrees><LongitudeDegrees>4.288153</LongitudeDegrees></Position><AltitudeMeters>72.9</AltitudeMeters><Extensions><TPX xmlns="http://www.garmin.com/xmlschemas/ActivityExtension/v2"><Speed>1.64</Speed></TPX></Extensions></Trackpoint><Trackpoint><Time>2026-03-20T11:48:52+00:00</Time><DistanceMeters>880.3</DistanceMeters><Position><LatitudeDegrees>50.855997</LatitudeDegrees><LongitudeDegrees>4.288178</LongitudeDegrees></Position><AltitudeMeters>72.9</AltitudeMeters><Extensions><TPX xmlns="http://www.garmin.com/xmlschemas/ActivityExtension/v2"><Speed>1.97</Speed></TPX></Extensions></Trackpoint><Trackpoint><Time>2026-03-20T11:48:53+00:00</Time><DistanceMeters>880.3</DistanceMeters><Position><LatitudeDegrees>50.856001</LatitudeDegrees><LongitudeDegrees>4.288205</LongitudeDegrees></Position><AltitudeMeters>73.0</AltitudeMeters><Extensions><TPX xmlns="http://www.garmin.com/xmlschemas/ActivityExtension/v2"><Speed>1.54</Speed></TPX></Extensions></Trackpoint><Trackpoint><Time>2026-03-20T11:48:54+00:00</Time><DistanceMeters>884.2</DistanceMeters><Position><LatitudeDegrees>50.855999</LatitudeDegrees><LongitudeDegrees>4.288234</LongitudeDegrees></Position><AltitudeMeters>73.0</AltitudeMeters><Extensions><TPX xmlns="http://www.garmin.com/xmlschemas/ActivityExtension/v2"><Speed>2.32</Speed></TPX></Extensions></Trackpoint><Trackpoint><Time>2026-03-20T11:48:55+00:00</Time><DistanceMeters>886.4</DistanceMeters><Position><LatitudeDegrees>50.855997</LatitudeDegrees><LongitudeDegrees>4.28828</LongitudeDegrees></Position><AltitudeMeters>73.1</AltitudeMeters><Extensions><TPX xmlns="http://www.garmin.com/xmlschemas/ActivityExtension/v2"><Speed>1.98</Speed></TPX></Extensions></Trackpoint><Trackpoint><Time>2026-03-20T11:48:56+00:00</Time><DistanceMeters>888.6</DistanceMeters><Position><LatitudeDegrees>50.855997</LatitudeDegrees><LongitudeDegrees>4.288296</LongitudeDegrees></Position><AltitudeMeters>73.1</AltitudeMeters><Extensions><TPX xmlns="http://www.garmin.com/xmlschemas/ActivityExtension/v2"><Speed>2.42</Speed></TPX></Extensions></Trackpoint><Trackpoint><Time>2026-03-20T11:48:57+00:00</Time><DistanceMeters>891.0</DistanceMeters><Position><LatitudeDegrees>50.855999</LatitudeDegrees><LongitudeDegrees>4.288348</LongitudeDegrees></Position><AltitudeMeters>73.2</AltitudeMeters><Extensions><TPX xmlns="http://www.garmin.com/xmlschemas/ActivityExtension/v2"><Speed>2.14</Speed></TPX></Extensions></Trackpoint><Trackpoint><Time>2026-03-20T11:48:58+00:00</Time><DistanceMeters>893.4</DistanceMeters><Position><LatitudeDegrees>50.855999</LatitudeDegrees><LongitudeDegrees>4.288365</LongitudeDegrees></Position><AltitudeMeters>73.3</AltitudeMeters><Extensions><TPX xmlns="http://www.garmin.com/xmlschemas/ActivityExtension/v2"><Speed>2.62</Speed></TPX></Extensions></Trackpoint><Trackpoint><Time>2026-03-20T11:48:59+00:00</Time><DistanceMeters>893.4</DistanceMeters><Position><LatitudeDegrees>50.856004</LatitudeDegrees><LongitudeDegrees>4.288392</LongitudeDegrees></Position><AltitudeMeters>73.3</AltitudeMeters><Extensions><TPX xmlns="http://www.garmin.com/xmlschemas/ActivityExtension/v2"><Speed>1.84</Speed></TPX></Extensions></Trackpoint><Trackpoint><Time>2026-03-20T11:49:00+00:00</Time><DistanceMeters>897.2</DistanceMeters><Position><LatitudeDegrees>50.856004</LatitudeDegrees><LongitudeDegrees>4.288418</LongitudeDegrees></Position><AltitudeMeters>73.4</AltitudeMeters><Extensions><TPX xmlns="http://www.garmin.com/xmlschemas/ActivityExtension/v2"><Speed>2.16</Speed></TPX></Extensions></Trackpoint><Trackpoint><Time>2026-03-20T11:49:01+00:00</Time><DistanceMeters>897.2</DistanceMeters><Position><LatitudeDegrees>50.856004</LatitudeDegrees><LongitudeDegrees>4.288443</LongitudeDegrees></Position><AltitudeMeters>73.5</AltitudeMeters><Extensions><TPX xmlns="http://www.garmin.com/xmlschemas/ActivityExtension/v2"><Speed>1.72</Speed></TPX></Extensions></Trackpoint><Trackpoint><Time>2026-03-20T11:49:02+00:00</Time><DistanceMeters>900.9</DistanceMeters><Position><LatitudeDegrees>50.856001</LatitudeDegrees><LongitudeDegrees>4.288471</LongitudeDegrees></Position><AltitudeMeters>73.5</AltitudeMeters><Extensions><TPX xmlns="http://www.garmin.com/xmlschemas/ActivityExtension/v2"><Speed>1.98</Speed></TPX></Extensions></Trackpoint><Trackpoint><Time>2026-03-20T11:49:03+00:00</Time><DistanceMeters>903.1</DistanceMeters><Position><LatitudeDegrees>50.855993</LatitudeDegrees><LongitudeDegrees>4.288516</LongitudeDegrees></Position><AltitudeMeters>73.6</AltitudeMeters><Extensions><TPX xmlns="http://www.garmin.com/xmlschemas/ActivityExtension/v2"><Speed>1.94</Speed></TPX></Extensions></Trackpoint><Trackpoint><Time>2026-03-20T11:49:04+00:00</Time><DistanceMeters>905.3</DistanceMeters><Position><LatitudeDegrees>50.855991</LatitudeDegrees><LongitudeDegrees>4.288531</LongitudeDegrees></Position><AltitudeMeters>73.7</AltitudeMeters><Extensions><TPX xmlns="http://www.garmin.com/xmlschemas/ActivityExtension/v2"><Speed>2.38</Speed></TPX></Extensions></Trackpoint><Trackpoint><Time>2026-03-20T11:49:05+00:00</Time><DistanceMeters>905.3</DistanceMeters><Position><LatitudeDegrees>50.855988</LatitudeDegrees><LongitudeDegrees>4.288557</LongitudeDegrees></Position><AltitudeMeters>73.7</AltitudeMeters><Extensions><TPX xmlns="http://www.garmin.com/xmlschemas/ActivityExtension/v2"><Speed>1.62</Speed></TPX></Extensions></Trackpoint><Trackpoint><Time>2026-03-20T11:49:06+00:00</Time><DistanceMeters>909.2</DistanceMeters><Position><LatitudeDegrees>50.855985</LatitudeDegrees><LongitudeDegrees>4.288586</LongitudeDegrees></Position><AltitudeMeters>73.8</AltitudeMeters><Extensions><TPX xmlns="http://www.garmin.com/xmlschemas/ActivityExtension/v2"><Speed>2.4</Speed></TPX></Extensions></Trackpoint><Trackpoint><Time>2026-03-20T11:49:07+00:00</Time><DistanceMeters>911.4</DistanceMeters><Position><LatitudeDegrees>50.855984</LatitudeDegrees><LongitudeDegrees>4.288631</LongitudeDegrees></Position><AltitudeMeters>73.9</AltitudeMeters><Extensions><TPX xmlns="http://www.garmin.com/xmlschemas/ActivityExtension/v2"><Speed>2.09</Speed></TPX></Extensions></Trackpoint><Trackpoint><Time>2026-03-20T11:49:08+00:00</Time><DistanceMeters>913.5</DistanceMeters><Position><LatitudeDegrees>50.855982</LatitudeDegrees><LongitudeDegrees>4.288647</LongitudeDegrees></Position><AltitudeMeters>73.9</AltitudeMeters><Extensions><TPX xmlns="http://www.garmin.com/xmlschemas/ActivityExtension/v2"><Speed>2.08</Speed></TPX></Extensions></Trackpoint><Trackpoint><Time>2026-03-20T11:49:09+00:00</Time><DistanceMeters>913.5</DistanceMeters><Position><LatitudeDegrees>50.855979</LatitudeDegrees><LongitudeDegrees>4.288672</LongitudeDegrees></Position><AltitudeMeters>74.0</AltitudeMeters><Extensions><TPX xmlns="http://www.garmin.com/xmlschemas/ActivityExtension/v2"><Speed>1.64</Speed></TPX></Extensions></Trackpoint><Trackpoint><Time>2026-03-20T11:49:10+00:00</Time><DistanceMeters>917.1</DistanceMeters><Position><LatitudeDegrees>50.855976</LatitudeDegrees><LongitudeDegrees>4.288698</LongitudeDegrees></Position><AltitudeMeters>74.1</AltitudeMeters><Extensions><TPX xmlns="http://www.garmin.com/xmlschemas/ActivityExtension/v2"><Speed>2.36</Speed></TPX></Extensions></Trackpoint><Trackpoint><Time>2026-03-20T11:49:11+00:00</Time><DistanceMeters>917.1</DistanceMeters><Position><LatitudeDegrees>50.855973</LatitudeDegrees><LongitudeDegrees>4.288731</LongitudeDegrees></Position><AltitudeMeters>74.1</AltitudeMeters><Extensions><TPX xmlns="http://www.garmin.com/xmlschemas/ActivityExtension/v2"><Speed>1.58</Speed></TPX></Extensions></Trackpoint><Trackpoint><Time>2026-03-20T11:49:12+00:00</Time><DistanceMeters>921.0</DistanceMeters><Position><LatitudeDegrees>50.855971</LatitudeDegrees><LongitudeDegrees>4.288752</LongitudeDegrees></Position><AltitudeMeters>74.2</AltitudeMeters><Extensions><TPX xmlns="http://www.garmin.com/xmlschemas/ActivityExtension/v2"><Speed>1.93</Speed></TPX></Extensions></Trackpoint><Trackpoint><Time>2026-03-20T11:49:13+00:00</Time><DistanceMeters>921.0</DistanceMeters><Position><LatitudeDegrees>50.85597</LatitudeDegrees><LongitudeDegrees>4.288777</LongitudeDegrees></Position><AltitudeMeters>74.2</AltitudeMeters><Extensions><TPX xmlns="http://www.garmin.com/xmlschemas/ActivityExtension/v2"><Speed>1.5</Speed></TPX></Extensions></Trackpoint><Trackpoint><Time>2026-03-20T11:49:14+00:00</Time><DistanceMeters>925.0</DistanceMeters><Position><LatitudeDegrees>50.855967</LatitudeDegrees><LongitudeDegrees>4.288809</LongitudeDegrees></Position><AltitudeMeters>74.3</AltitudeMeters><Extensions><TPX xmlns="http://www.garmin.com/xmlschemas/ActivityExtension/v2"><Speed>2.3</Speed></TPX></Extensions></Trackpoint><Trackpoint><Time>2026-03-20T11:49:15+00:00</Time><DistanceMeters>925.0</DistanceMeters><Position><LatitudeDegrees>50.855963</LatitudeDegrees><LongitudeDegrees>4.288836</LongitudeDegrees></Position><AltitudeMeters>74.4</AltitudeMeters><Extensions><TPX xmlns="http://www.garmin.com/xmlschemas/ActivityExtension/v2"><Speed>1.58</Speed></TPX></Extensions></Trackpoint><Trackpoint><Time>2026-03-20T11:49:16+00:00</Time><DistanceMeters>929.0</DistanceMeters><Position><LatitudeDegrees>50.855958</LatitudeDegrees><LongitudeDegrees>4.288864</LongitudeDegrees></Position><AltitudeMeters>74.4</AltitudeMeters><Extensions><TPX xmlns="http://www.garmin.com/xmlschemas/ActivityExtension/v2"><Speed>2.38</Speed></TPX></Extensions></Trackpoint><Trackpoint><Time>2026-03-20T11:49:17+00:00</Time><DistanceMeters>931.3</DistanceMeters><Position><LatitudeDegrees>50.855951</LatitudeDegrees><LongitudeDegrees>4.288912</LongitudeDegrees></Position><AltitudeMeters>74.5</AltitudeMeters><Extensions><TPX xmlns="http://www.garmin.com/xmlschemas/ActivityExtension/v2"><Speed>2.05</Speed></TPX></Extensions></Trackpoint><Trackpoint><Time>2026-03-20T11:49:18+00:00</Time><DistanceMeters>933.5</DistanceMeters><Position><LatitudeDegrees>50.855949</LatitudeDegrees><LongitudeDegrees>4.288926</LongitudeDegrees></Position><AltitudeMeters>74.6</AltitudeMeters><Extensions><TPX xmlns="http://www.garmin.com/xmlschemas/ActivityExtension/v2"><Speed>2.5</Speed></TPX></Extensions></Trackpoint><Trackpoint><Time>2026-03-20T11:49:19+00:00</Time><DistanceMeters>935.7</DistanceMeters><Position><LatitudeDegrees>50.855943</LatitudeDegrees><LongitudeDegrees>4.288971</LongitudeDegrees></Position><AltitudeMeters>74.6</AltitudeMeters><Extensions><TPX xmlns="http://www.garmin.com/xmlschemas/ActivityExtension/v2"><Speed>2.13</Speed></TPX></Extensions></Trackpoint><Trackpoint><Time>2026-03-20T11:49:20+00:00</Time><DistanceMeters>937.8</DistanceMeters><Position><LatitudeDegrees>50.855941</LatitudeDegrees><LongitudeDegrees>4.288986</LongitudeDegrees></Position><AltitudeMeters>74.7</AltitudeMeters><Extensions><TPX xmlns="http://www.garmin.com/xmlschemas/ActivityExtension/v2"><Speed>2.56</Speed></TPX></Extensions></Trackpoint><Trackpoint><Time>2026-03-20T11:49:21+00:00</Time><DistanceMeters>937.8</DistanceMeters><Position><LatitudeDegrees>50.855938</LatitudeDegrees><LongitudeDegrees>4.28901</LongitudeDegrees></Position><AltitudeMeters>74.7</AltitudeMeters><Extensions><TPX xmlns="http://www.garmin.com/xmlschemas/ActivityExtension/v2"><Speed>1.76</Speed></TPX></Extensions></Trackpoint><Trackpoint><Time>2026-03-20T11:49:22+00:00</Time><DistanceMeters>940.9</DistanceMeters><Position><LatitudeDegrees>50.855935</LatitudeDegrees><LongitudeDegrees>4.28903</LongitudeDegrees></Position><AltitudeMeters>74.8</AltitudeMeters><Extensions><TPX xmlns="http://www.garmin.com/xmlschemas/ActivityExtension/v2"><Speed>1.93</Speed></TPX></Extensions></Trackpoint><Trackpoint><Time>2026-03-20T11:49:23+00:00</Time><DistanceMeters>940.9</DistanceMeters><Position><LatitudeDegrees>50.855932</LatitudeDegrees><LongitudeDegrees>4.289059</LongitudeDegrees></Position><AltitudeMeters>74.8</AltitudeMeters><Extensions><TPX xmlns="http://www.garmin.com/xmlschemas/ActivityExtension/v2"><Speed>1.48</Speed></TPX></Extensions></Trackpoint><Trackpoint><Time>2026-03-20T11:49:24+00:00</Time><DistanceMeters>944.7</DistanceMeters><Position><LatitudeDegrees>50.855926</LatitudeDegrees><LongitudeDegrees>4.289082</LongitudeDegrees></Position><AltitudeMeters>74.9</AltitudeMeters><Extensions><TPX xmlns="http://www.garmin.com/xmlschemas/ActivityExtension/v2"><Speed>1.81</Speed></TPX></Extensions></Trackpoint><Trackpoint><Time>2026-03-20T11:49:25+00:00</Time><DistanceMeters>947.4</DistanceMeters><Position><LatitudeDegrees>50.855918</LatitudeDegrees><LongitudeDegrees>4.289136</LongitudeDegrees></Position><AltitudeMeters>75.0</AltitudeMeters><Extensions><TPX xmlns="http://www.garmin.com/xmlschemas/ActivityExtension/v2"><Speed>1.92</Speed></TPX></Extensions></Trackpoint><Trackpoint><Time>2026-03-20T11:49:26+00:00</Time><DistanceMeters>950.1</DistanceMeters><Position><LatitudeDegrees>50.855914</LatitudeDegrees><LongitudeDegrees>4.289156</LongitudeDegrees></Position><AltitudeMeters>75.1</AltitudeMeters><Extensions><TPX xmlns="http://www.garmin.com/xmlschemas/ActivityExtension/v2"><Speed>2.46</Speed></TPX></Extensions></Trackpoint><Trackpoint><Time>2026-03-20T11:49:27+00:00</Time><DistanceMeters>950.1</DistanceMeters><Position><LatitudeDegrees>50.855909</LatitudeDegrees><LongitudeDegrees>4.289178</LongitudeDegrees></Position><AltitudeMeters>75.1</AltitudeMeters><Extensions><TPX xmlns="http://www.garmin.com/xmlschemas/ActivityExtension/v2"><Speed>1.84</Speed></TPX></Extensions></Trackpoint><Trackpoint><Time>2026-03-20T11:49:28+00:00</Time><DistanceMeters>953.6</DistanceMeters><Position><LatitudeDegrees>50.855902</LatitudeDegrees><LongitudeDegrees>4.289203</LongitudeDegrees></Position><AltitudeMeters>75.2</AltitudeMeters><Extensions><TPX xmlns="http://www.garmin.com/xmlschemas/ActivityExtension/v2"><Speed>2.54</Speed></TPX></Extensions></Trackpoint><Trackpoint><Time>2026-03-20T11:49:29+00:00</Time><DistanceMeters>953.6</DistanceMeters><Position><LatitudeDegrees>50.855896</LatitudeDegrees><LongitudeDegrees>4.289227</LongitudeDegrees></Position><AltitudeMeters>75.2</AltitudeMeters><Extensions><TPX xmlns="http://www.garmin.com/xmlschemas/ActivityExtension/v2"><Speed>1.78</Speed></TPX></Extensions></Trackpoint><Trackpoint><Time>2026-03-20T11:49:30+00:00</Time><DistanceMeters>957.2</DistanceMeters><Position><LatitudeDegrees>50.85589</LatitudeDegrees><LongitudeDegrees>4.28925</LongitudeDegrees></Position><AltitudeMeters>75.3</AltitudeMeters><Extensions><TPX xmlns="http://www.garmin.com/xmlschemas/ActivityExtension/v2"><Speed>1.96</Speed></TPX></Extensions></Trackpoint><Trackpoint><Time>2026-03-20T11:49:31+00:00</Time><DistanceMeters>957.2</DistanceMeters><Position><LatitudeDegrees>50.855886</LatitudeDegrees><LongitudeDegrees>4.289274</LongitudeDegrees></Position><AltitudeMeters>75.3</AltitudeMeters><Extensions><TPX xmlns="http://www.garmin.com/xmlschemas/ActivityExtension/v2"><Speed>1.42</Speed></TPX></Extensions></Trackpoint><Trackpoint><Time>2026-03-20T11:49:32+00:00</Time><DistanceMeters>961.0</DistanceMeters><Position><LatitudeDegrees>50.855882</LatitudeDegrees><LongitudeDegrees>4.289304</LongitudeDegrees></Position><AltitudeMeters>75.4</AltitudeMeters><Extensions><TPX xmlns="http://www.garmin.com/xmlschemas/ActivityExtension/v2"><Speed>2.18</Speed></TPX></Extensions></Trackpoint><Trackpoint><Time>2026-03-20T11:49:33+00:00</Time><DistanceMeters>963.1</DistanceMeters><Position><LatitudeDegrees>50.855878</LatitudeDegrees><LongitudeDegrees>4.289347</LongitudeDegrees></Position><AltitudeMeters>75.4</AltitudeMeters><Extensions><TPX xmlns="http://www.garmin.com/xmlschemas/ActivityExtension/v2"><Speed>1.89</Speed></TPX></Extensions></Trackpoint><Trackpoint><Time>2026-03-20T11:49:34+00:00</Time><DistanceMeters>965.1</DistanceMeters><Position><LatitudeDegrees>50.855876</LatitudeDegrees><LongitudeDegrees>4.28936</LongitudeDegrees></Position><AltitudeMeters>75.5</AltitudeMeters><Extensions><TPX xmlns="http://www.garmin.com/xmlschemas/ActivityExtension/v2"><Speed>2.3</Speed></TPX></Extensions></Trackpoint><Trackpoint><Time>2026-03-20T11:49:35+00:00</Time><DistanceMeters>967.2</DistanceMeters><Position><LatitudeDegrees>50.855868</LatitudeDegrees><LongitudeDegrees>4.289402</LongitudeDegrees></Position><AltitudeMeters>75.6</AltitudeMeters><Extensions><TPX xmlns="http://www.garmin.com/xmlschemas/ActivityExtension/v2"><Speed>2.0</Speed></TPX></Extensions></Trackpoint><Trackpoint><Time>2026-03-20T11:49:36+00:00</Time><DistanceMeters>969.3</DistanceMeters><Position><LatitudeDegrees>50.855864</LatitudeDegrees><LongitudeDegrees>4.289417</LongitudeDegrees></Position><AltitudeMeters>75.6</AltitudeMeters><Extensions><TPX xmlns="http://www.garmin.com/xmlschemas/ActivityExtension/v2"><Speed>2.42</Speed></TPX></Extensions></Trackpoint><Trackpoint><Time>2026-03-20T11:49:37+00:00</Time><DistanceMeters>971.4</DistanceMeters><Position><LatitudeDegrees>50.855854</LatitudeDegrees><LongitudeDegrees>4.28946</LongitudeDegrees></Position><AltitudeMeters>75.7</AltitudeMeters><Extensions><TPX xmlns="http://www.garmin.com/xmlschemas/ActivityExtension/v2"><Speed>2.08</Speed></TPX></Extensions></Trackpoint><Trackpoint><Time>2026-03-20T11:49:38+00:00</Time><DistanceMeters>973.5</DistanceMeters><Position><LatitudeDegrees>50.85585</LatitudeDegrees><LongitudeDegrees>4.289473</LongitudeDegrees></Position><AltitudeMeters>75.7</AltitudeMeters><Extensions><TPX xmlns="http://www.garmin.com/xmlschemas/ActivityExtension/v2"><Speed>2.09</Speed></TPX></Extensions></Trackpoint><Trackpoint><Time>2026-03-20T11:49:39+00:00</Time><DistanceMeters>973.5</DistanceMeters><Position><LatitudeDegrees>50.855843</LatitudeDegrees><LongitudeDegrees>4.289499</LongitudeDegrees></Position><AltitudeMeters>75.8</AltitudeMeters><Extensions><TPX xmlns="http://www.garmin.com/xmlschemas/ActivityExtension/v2"><Speed>1.68</Speed></TPX></Extensions></Trackpoint><Trackpoint><Time>2026-03-20T11:49:40+00:00</Time><DistanceMeters>977.2</DistanceMeters><Position><LatitudeDegrees>50.855836</LatitudeDegrees><LongitudeDegrees>4.289522</LongitudeDegrees></Position><AltitudeMeters>75.8</AltitudeMeters><Extensions><TPX xmlns="http://www.garmin.com/xmlschemas/ActivityExtension/v2"><Speed>2.0</Speed></TPX></Extensions></Trackpoint><Trackpoint><Time>2026-03-20T11:49:41+00:00</Time><DistanceMeters>977.2</DistanceMeters><Position><LatitudeDegrees>50.855829</LatitudeDegrees><LongitudeDegrees>4.289546</LongitudeDegrees></Position><AltitudeMeters>75.9</AltitudeMeters><Extensions><TPX xmlns="http://www.garmin.com/xmlschemas/ActivityExtension/v2"><Speed>1.58</Speed></TPX></Extensions></Trackpoint><Trackpoint><Time>2026-03-20T11:49:42+00:00</Time><DistanceMeters>981.1</DistanceMeters><Position><LatitudeDegrees>50.855821</LatitudeDegrees><LongitudeDegrees>4.289571</LongitudeDegrees></Position><AltitudeMeters>75.9</AltitudeMeters><Extensions><TPX xmlns="http://www.garmin.com/xmlschemas/ActivityExtension/v2"><Speed>1.94</Speed></TPX></Extensions></Trackpoint><Trackpoint><Time>2026-03-20T11:49:43+00:00</Time><DistanceMeters>981.1</DistanceMeters><Position><LatitudeDegrees>50.855813</LatitudeDegrees><LongitudeDegrees>4.289597</LongitudeDegrees></Position><AltitudeMeters>76.0</AltitudeMeters><Extensions><TPX xmlns="http://www.garmin.com/xmlschemas/ActivityExtension/v2"><Speed>1.52</Speed></TPX></Extensions></Trackpoint><Trackpoint><Time>2026-03-20T11:49:44+00:00</Time><DistanceMeters>984.9</DistanceMeters><Position><LatitudeDegrees>50.855807</LatitudeDegrees><LongitudeDegrees>4.28962</LongitudeDegrees></Position><AltitudeMeters>76.0</AltitudeMeters><Extensions><TPX xmlns="http://www.garmin.com/xmlschemas/ActivityExtension/v2"><Speed>2.28</Speed></TPX></Extensions></Trackpoint><Trackpoint><Time>2026-03-20T11:49:45+00:00</Time><DistanceMeters>984.9</DistanceMeters><Position><LatitudeDegrees>50.855796</LatitudeDegrees><LongitudeDegrees>4.289638</LongitudeDegrees></Position><AltitudeMeters>76.1</AltitudeMeters><Extensions><TPX xmlns="http://www.garmin.com/xmlschemas/ActivityExtension/v2"><Speed>1.54</Speed></TPX></Extensions></Trackpoint><Trackpoint><Time>2026-03-20T11:49:46+00:00</Time><DistanceMeters>988.7</DistanceMeters><Position><LatitudeDegrees>50.855781</LatitudeDegrees><LongitudeDegrees>4.289655</LongitudeDegrees></Position><AltitudeMeters>76.1</AltitudeMeters><Extensions><TPX xmlns="http://www.garmin.com/xmlschemas/ActivityExtension/v2"><Speed>2.3</Speed></TPX></Extensions></Trackpoint><Trackpoint><Time>2026-03-20T11:49:47+00:00</Time><DistanceMeters>988.7</DistanceMeters><Position><LatitudeDegrees>50.855767</LatitudeDegrees><LongitudeDegrees>4.289662</LongitudeDegrees></Position><AltitudeMeters>76.1</AltitudeMeters><Extensions><TPX xmlns="http://www.garmin.com/xmlschemas/ActivityExtension/v2"><Speed>1.52</Speed></TPX></Extensions></Trackpoint><Trackpoint><Time>2026-03-20T11:49:48+00:00</Time><DistanceMeters>992.0</DistanceMeters><Position><LatitudeDegrees>50.855753</LatitudeDegrees><LongitudeDegrees>4.289671</LongitudeDegrees></Position><AltitudeMeters>76.1</AltitudeMeters><Extensions><TPX xmlns="http://www.garmin.com/xmlschemas/ActivityExtension/v2"><Speed>2.18</Speed></TPX></Extensions></Trackpoint><Trackpoint><Time>2026-03-20T11:49:49+00:00</Time><DistanceMeters>993.6</DistanceMeters><Position><LatitudeDegrees>50.855736</LatitudeDegrees><LongitudeDegrees>4.289698</LongitudeDegrees></Position><AltitudeMeters>76.2</AltitudeMeters><Extensions><TPX xmlns="http://www.garmin.com/xmlschemas/ActivityExtension/v2"><Speed>1.733</Speed></TPX></Extensions></Trackpoint><Trackpoint><Time>2026-03-20T11:49:50+00:00</Time><DistanceMeters>995.1</DistanceMeters><Position><LatitudeDegrees>50.855732</LatitudeDegrees><LongitudeDegrees>4.289712</LongitudeDegrees></Position><AltitudeMeters>76.2</AltitudeMeters><Extensions><TPX xmlns="http://www.garmin.com/xmlschemas/ActivityExtension/v2"><Speed>2.047</Speed></TPX></Extensions></Trackpoint><Trackpoint><Time>2026-03-20T11:49:51+00:00</Time><DistanceMeters>996.7</DistanceMeters><Position><LatitudeDegrees>50.855728</LatitudeDegrees><LongitudeDegrees>4.289725</LongitudeDegrees></Position><AltitudeMeters>76.2</AltitudeMeters><Extensions><TPX xmlns="http://www.garmin.com/xmlschemas/ActivityExtension/v2"><Speed>1.6</Speed></TPX></Extensions></Trackpoint><Trackpoint><Time>2026-03-20T11:49:52+00:00</Time><DistanceMeters>999.1</DistanceMeters><Position><LatitudeDegrees>50.855731</LatitudeDegrees><LongitudeDegrees>4.289775</LongitudeDegrees></Position><AltitudeMeters>76.2</AltitudeMeters><Extensions><TPX xmlns="http://www.garmin.com/xmlschemas/ActivityExtension/v2"><Speed>2.07</Speed></TPX></Extensions></Trackpoint><Trackpoint><Time>2026-03-20T11:49:53+00:00</Time><DistanceMeters>1001.4</DistanceMeters><Position><LatitudeDegrees>50.855732</LatitudeDegrees><LongitudeDegrees>4.289792</LongitudeDegrees></Position><AltitudeMeters>76.2</AltitudeMeters><Extensions><TPX xmlns="http://www.garmin.com/xmlschemas/ActivityExtension/v2"><Speed>1.88</Speed></TPX></Extensions></Trackpoint><Trackpoint><Time>2026-03-20T11:49:54+00:00</Time><DistanceMeters>1003.6</DistanceMeters><Position><LatitudeDegrees>50.855731</LatitudeDegrees><LongitudeDegrees>4.289839</LongitudeDegrees></Position><AltitudeMeters>76.2</AltitudeMeters><Extensions><TPX xmlns="http://www.garmin.com/xmlschemas/ActivityExtension/v2"><Speed>1.997</Speed></TPX></Extensions></Trackpoint><Trackpoint><Time>2026-03-20T11:49:55+00:00</Time><DistanceMeters>1005.7</DistanceMeters><Position><LatitudeDegrees>50.85573</LatitudeDegrees><LongitudeDegrees>4.289853</LongitudeDegrees></Position><AltitudeMeters>76.3</AltitudeMeters><Extensions><TPX xmlns="http://www.garmin.com/xmlschemas/ActivityExtension/v2"><Speed>2.113</Speed></TPX></Extensions></Trackpoint><Trackpoint><Time>2026-03-20T11:49:56+00:00</Time><DistanceMeters>1007.8</DistanceMeters><Position><LatitudeDegrees>50.855731</LatitudeDegrees><LongitudeDegrees>4.289898</LongitudeDegrees></Position><AltitudeMeters>76.3</AltitudeMeters><Extensions><TPX xmlns="http://www.garmin.com/xmlschemas/ActivityExtension/v2"><Speed>2.22</Speed></TPX></Extensions></Trackpoint><Trackpoint><Time>2026-03-20T11:49:57+00:00</Time><DistanceMeters>1009.9</DistanceMeters><Position><LatitudeDegrees>50.855732</LatitudeDegrees><LongitudeDegrees>4.289913</LongitudeDegrees></Position><AltitudeMeters>76.3</AltitudeMeters><Extensions><TPX xmlns="http://www.garmin.com/xmlschemas/ActivityExtension/v2"><Speed>2.17</Speed></TPX></Extensions></Trackpoint><Trackpoint><Time>2026-03-20T11:49:58+00:00</Time><DistanceMeters>1012.0</DistanceMeters><Position><LatitudeDegrees>50.855733</LatitudeDegrees><LongitudeDegrees>4.289958</LongitudeDegrees></Position><AltitudeMeters>76.4</AltitudeMeters><Extensions><TPX xmlns="http://www.garmin.com/xmlschemas/ActivityExtension/v2"><Speed>2.11</Speed></TPX></Extensions></Trackpoint><Trackpoint><Time>2026-03-20T11:49:59+00:00</Time><DistanceMeters>1014.0</DistanceMeters><Position><LatitudeDegrees>50.855732</LatitudeDegrees><LongitudeDegrees>4.28997</LongitudeDegrees></Position><AltitudeMeters>76.4</AltitudeMeters><Extensions><TPX xmlns="http://www.garmin.com/xmlschemas/ActivityExtension/v2"><Speed>2.09</Speed></TPX></Extensions></Trackpoint><Trackpoint><Time>2026-03-20T11:50:00+00:00</Time><DistanceMeters>1014.0</DistanceMeters><Position><LatitudeDegrees>50.855733</LatitudeDegrees><LongitudeDegrees>4.289998</LongitudeDegrees></Position><AltitudeMeters>76.4</AltitudeMeters><Extensions><TPX xmlns="http://www.garmin.com/xmlschemas/ActivityExtension/v2"><Speed>1.66</Speed></TPX></Extensions></Trackpoint><Trackpoint><Time>2026-03-20T11:50:01+00:00</Time><DistanceMeters>1017.9</DistanceMeters><Position><LatitudeDegrees>50.855735</LatitudeDegrees><LongitudeDegrees>4.290027</LongitudeDegrees></Position><AltitudeMeters>76.4</AltitudeMeters><Extensions><TPX xmlns="http://www.garmin.com/xmlschemas/ActivityExtension/v2"><Speed>2.02</Speed></TPX></Extensions></Trackpoint><Trackpoint><Time>2026-03-20T11:50:02+00:00</Time><DistanceMeters>1017.9</DistanceMeters><Position><LatitudeDegrees>50.855733</LatitudeDegrees><LongitudeDegrees>4.29005</LongitudeDegrees></Position><AltitudeMeters>76.4</AltitudeMeters><Extensions><TPX xmlns="http://www.garmin.com/xmlschemas/ActivityExtension/v2"><Speed>1.6</Speed></TPX></Extensions></Trackpoint><Trackpoint><Time>2026-03-20T11:50:03+00:00</Time><DistanceMeters>1021.4</DistanceMeters><Position><LatitudeDegrees>50.855733</LatitudeDegrees><LongitudeDegrees>4.290076</LongitudeDegrees></Position><AltitudeMeters>76.5</AltitudeMeters><Extensions><TPX xmlns="http://www.garmin.com/xmlschemas/ActivityExtension/v2"><Speed>1.89</Speed></TPX></Extensions></Trackpoint><Trackpoint><Time>2026-03-20T11:50:04+00:00</Time><DistanceMeters>1021.4</DistanceMeters><Position><LatitudeDegrees>50.855734</LatitudeDegrees><LongitudeDegrees>4.290106</LongitudeDegrees></Position><AltitudeMeters>76.5</AltitudeMeters><Extensions><TPX xmlns="http://www.garmin.com/xmlschemas/ActivityExtension/v2"><Speed>1.48</Speed></TPX></Extensions></Trackpoint><Trackpoint><Time>2026-03-20T11:50:05+00:00</Time><DistanceMeters>1025.0</DistanceMeters><Position><LatitudeDegrees>50.855735</LatitudeDegrees><LongitudeDegrees>4.290127</LongitudeDegrees></Position><AltitudeMeters>76.5</AltitudeMeters><Extensions><TPX xmlns="http://www.garmin.com/xmlschemas/ActivityExtension/v2"><Speed>2.2</Speed></TPX></Extensions></Trackpoint><Trackpoint><Time>2026-03-20T11:50:06+00:00</Time><DistanceMeters>1025.0</DistanceMeters><Position><LatitudeDegrees>50.855738</LatitudeDegrees><LongitudeDegrees>4.290155</LongitudeDegrees></Position><AltitudeMeters>76.5</AltitudeMeters><Extensions><TPX xmlns="http://www.garmin.com/xmlschemas/ActivityExtension/v2"><Speed>1.42</Speed></TPX></Extensions></Trackpoint><Trackpoint><Time>2026-03-20T11:50:07+00:00</Time><DistanceMeters>1029.0</DistanceMeters><Position><LatitudeDegrees>50.85574</LatitudeDegrees><LongitudeDegrees>4.290184</LongitudeDegrees></Position><AltitudeMeters>76.5</AltitudeMeters><Extensions><TPX xmlns="http://www.garmin.com/xmlschemas/ActivityExtension/v2"><Speed>2.22</Speed></TPX></Extensions></Trackpoint><Trackpoint><Time>2026-03-20T11:50:08+00:00</Time><DistanceMeters>1029.0</DistanceMeters><Position><LatitudeDegrees>50.855742</LatitudeDegrees><LongitudeDegrees>4.290208</LongitudeDegrees></Position><AltitudeMeters>76.6</AltitudeMeters><Extensions><TPX xmlns="http://www.garmin.com/xmlschemas/ActivityExtension/v2"><Speed>1.52</Speed></TPX></Extensions></Trackpoint><Trackpoint><Time>2026-03-20T11:50:09+00:00</Time><DistanceMeters>1032.8</DistanceMeters><Position><LatitudeDegrees>50.855744</LatitudeDegrees><LongitudeDegrees>4.290237</LongitudeDegrees></Position><AltitudeMeters>76.6</AltitudeMeters><Extensions><TPX xmlns="http://www.garmin.com/xmlschemas/ActivityExtension/v2"><Speed>2.28</Speed></TPX></Extensions></Trackpoint><Trackpoint><Time>2026-03-20T11:50:10+00:00</Time><DistanceMeters>1032.8</DistanceMeters><Position><LatitudeDegrees>50.855745</LatitudeDegrees><LongitudeDegrees>4.290269</LongitudeDegrees></Position><AltitudeMeters>76.6</AltitudeMeters><Extensions><TPX xmlns="http://www.garmin.com/xmlschemas/ActivityExtension/v2"><Speed>1.56</Speed></TPX></Extensions></Trackpoint><Trackpoint><Time>2026-03-20T11:50:11+00:00</Time><DistanceMeters>1036.8</DistanceMeters><Position><LatitudeDegrees>50.855747</LatitudeDegrees><LongitudeDegrees>4.290295</LongitudeDegrees></Position><AltitudeMeters>76.6</AltitudeMeters><Extensions><TPX xmlns="http://www.garmin.com/xmlschemas/ActivityExtension/v2"><Speed>2.36</Speed></TPX></Extensions></Trackpoint><Trackpoint><Time>2026-03-20T11:50:12+00:00</Time><DistanceMeters>1038.9</DistanceMeters><Position><LatitudeDegrees>50.855749</LatitudeDegrees><LongitudeDegrees>4.290339</LongitudeDegrees></Position><AltitudeMeters>76.7</AltitudeMeters><Extensions><TPX xmlns="http://www.garmin.com/xmlschemas/ActivityExtension/v2"><Speed>1.99</Speed></TPX></Extensions></Trackpoint><Trackpoint><Time>2026-03-20T11:50:13+00:00</Time><DistanceMeters>1041.1</DistanceMeters><Position><LatitudeDegrees>50.855749</LatitudeDegrees><LongitudeDegrees>4.290355</LongitudeDegrees></Position><AltitudeMeters>76.7</AltitudeMeters><Extensions><TPX xmlns="http://www.garmin.com/xmlschemas/ActivityExtension/v2"><Speed>2.42</Speed></TPX></Extensions></Trackpoint><Trackpoint><Time>2026-03-20T11:50:14+00:00</Time><DistanceMeters>1041.1</DistanceMeters><Position><LatitudeDegrees>50.855748</LatitudeDegrees><LongitudeDegrees>4.290379</LongitudeDegrees></Position><AltitudeMeters>76.7</AltitudeMeters><Extensions><TPX xmlns="http://www.garmin.com/xmlschemas/ActivityExtension/v2"><Speed>1.66</Speed></TPX></Extensions></Trackpoint><Trackpoint><Time>2026-03-20T11:50:15+00:00</Time><DistanceMeters>1044.7</DistanceMeters><Position><LatitudeDegrees>50.855748</LatitudeDegrees><LongitudeDegrees>4.290407</LongitudeDegrees></Position><AltitudeMeters>76.7</AltitudeMeters><Extensions><TPX xmlns="http://www.garmin.com/xmlschemas/ActivityExtension/v2"><Speed>2.38</Speed></TPX></Extensions></Trackpoint><Trackpoint><Time>2026-03-20T11:50:16+00:00</Time><DistanceMeters>1044.7</DistanceMeters><Position><LatitudeDegrees>50.85575</LatitudeDegrees><LongitudeDegrees>4.290439</LongitudeDegrees></Position><AltitudeMeters>76.7</AltitudeMeters><Extensions><TPX xmlns="http://www.garmin.com/xmlschemas/ActivityExtension/v2"><Speed>1.58</Speed></TPX></Extensions></Trackpoint><Trackpoint><Time>2026-03-20T11:50:17+00:00</Time><DistanceMeters>1048.0</DistanceMeters><Position><LatitudeDegrees>50.855749</LatitudeDegrees><LongitudeDegrees>4.290455</LongitudeDegrees></Position><AltitudeMeters>76.7</AltitudeMeters><Extensions><TPX xmlns="http://www.garmin.com/xmlschemas/ActivityExtension/v2"><Speed>1.81</Speed></TPX></Extensions></Trackpoint><Trackpoint><Time>2026-03-20T11:50:18+00:00</Time><DistanceMeters>1048.0</DistanceMeters><Position><LatitudeDegrees>50.855748</LatitudeDegrees><LongitudeDegrees>4.290474</LongitudeDegrees></Position><AltitudeMeters>76.7</AltitudeMeters><Extensions><TPX xmlns="http://www.garmin.com/xmlschemas/ActivityExtension/v2"><Speed>1.38</Speed></TPX></Extensions></Trackpoint><Trackpoint><Time>2026-03-20T11:50:19+00:00</Time><DistanceMeters>1051.3</DistanceMeters><Position><LatitudeDegrees>50.855749</LatitudeDegrees><LongitudeDegrees>4.2905</LongitudeDegrees></Position><AltitudeMeters>76.8</AltitudeMeters><Extensions><TPX xmlns="http://www.garmin.com/xmlschemas/ActivityExtension/v2"><Speed>2.04</Speed></TPX></Extensions></Trackpoint><Trackpoint><Time>2026-03-20T11:50:20+00:00</Time><DistanceMeters>1052.8</DistanceMeters><Position><LatitudeDegrees>50.855749</LatitudeDegrees><LongitudeDegrees>4.29053</LongitudeDegrees></Position><AltitudeMeters>76.8</AltitudeMeters><Extensions><TPX xmlns="http://www.garmin.com/xmlschemas/ActivityExtension/v2"><Speed>1.62</Speed></TPX></Extensions></Trackpoint><Trackpoint><Time>2026-03-20T11:50:21+00:00</Time><DistanceMeters>1054.3</DistanceMeters><Position><LatitudeDegrees>50.855749</LatitudeDegrees><LongitudeDegrees>4.290548</LongitudeDegrees></Position><AltitudeMeters>76.8</AltitudeMeters><Extensions><TPX xmlns="http://www.garmin.com/xmlschemas/ActivityExtension/v2"><Speed>1.92</Speed></TPX></Extensions></Trackpoint><Trackpoint><Time>2026-03-20T11:50:22+00:00</Time><DistanceMeters>1055.8</DistanceMeters><Position><LatitudeDegrees>50.85575</LatitudeDegrees><LongitudeDegrees>4.290565</LongitudeDegrees></Position><AltitudeMeters>76.8</AltitudeMeters><Extensions><TPX xmlns="http://www.garmin.com/xmlschemas/ActivityExtension/v2"><Speed>1.56</Speed></TPX></Extensions></Trackpoint><Trackpoint><Time>2026-03-20T11:50:23+00:00</Time><DistanceMeters>1058.3</DistanceMeters><Position><LatitudeDegrees>50.855754</LatitudeDegrees><LongitudeDegrees>4.290621</LongitudeDegrees></Position><AltitudeMeters>76.8</AltitudeMeters><Extensions><TPX xmlns="http://www.garmin.com/xmlschemas/ActivityExtension/v2"><Speed>2.05</Speed></TPX></Extensions></Trackpoint><Trackpoint><Time>2026-03-20T11:50:24+00:00</Time><DistanceMeters>1060.7</DistanceMeters><Position><LatitudeDegrees>50.855754</LatitudeDegrees><LongitudeDegrees>4.290635</LongitudeDegrees></Position><AltitudeMeters>76.9</AltitudeMeters><Extensions><TPX xmlns="http://www.garmin.com/xmlschemas/ActivityExtension/v2"><Speed>1.88</Speed></TPX></Extensions></Trackpoint><Trackpoint><Time>2026-03-20T11:50:25+00:00</Time><DistanceMeters>1063.4</DistanceMeters><Position><LatitudeDegrees>50.855758</LatitudeDegrees><LongitudeDegrees>4.290693</LongitudeDegrees></Position><AltitudeMeters>76.9</AltitudeMeters><Extensions><TPX xmlns="http://www.garmin.com/xmlschemas/ActivityExtension/v2"><Speed>2.12</Speed></TPX></Extensions></Trackpoint><Trackpoint><Time>2026-03-20T11:50:26+00:00</Time><DistanceMeters>1066.1</DistanceMeters><Position><LatitudeDegrees>50.855758</LatitudeDegrees><LongitudeDegrees>4.290711</LongitudeDegrees></Position><AltitudeMeters>76.9</AltitudeMeters><Extensions><TPX xmlns="http://www.garmin.com/xmlschemas/ActivityExtension/v2"><Speed>2.36</Speed></TPX></Extensions></Trackpoint><Trackpoint><Time>2026-03-20T11:50:27+00:00</Time><DistanceMeters>1068.4</DistanceMeters><Position><LatitudeDegrees>50.855756</LatitudeDegrees><LongitudeDegrees>4.29076</LongitudeDegrees></Position><AltitudeMeters>76.9</AltitudeMeters><Extensions><TPX xmlns="http://www.garmin.com/xmlschemas/ActivityExtension/v2"><Speed>2.52</Speed></TPX></Extensions></Trackpoint><Trackpoint><Time>2026-03-20T11:50:28+00:00</Time><DistanceMeters>1070.7</DistanceMeters><Position><LatitudeDegrees>50.855755</LatitudeDegrees><LongitudeDegrees>4.290776</LongitudeDegrees></Position><AltitudeMeters>76.9</AltitudeMeters><Extensions><TPX xmlns="http://www.garmin.com/xmlschemas/ActivityExtension/v2"><Speed>2.49</Speed></TPX></Extensions></Trackpoint><Trackpoint><Time>2026-03-20T11:50:29+00:00</Time><DistanceMeters>1070.7</DistanceMeters><Position><LatitudeDegrees>50.855746</LatitudeDegrees><LongitudeDegrees>4.290759</LongitudeDegrees></Position><AltitudeMeters>77.0</AltitudeMeters><Extensions><TPX xmlns="http://www.garmin.com/xmlschemas/ActivityExtension/v2"><Speed>2.0</Speed></TPX></Extensions></Trackpoint><Trackpoint><Time>2026-03-20T11:50:30+00:00</Time><DistanceMeters>1070.7</DistanceMeters><Position><LatitudeDegrees>50.855746</LatitudeDegrees><LongitudeDegrees>4.290776</LongitudeDegrees></Position><AltitudeMeters>77.0</AltitudeMeters><Extensions><TPX xmlns="http://www.garmin.com/xmlschemas/ActivityExtension/v2"><Speed>1.46</Speed></TPX></Extensions></Trackpoint><Trackpoint><Time>2026-03-20T11:50:31+00:00</Time><DistanceMeters>1073.8</DistanceMeters><Position><LatitudeDegrees>50.855748</LatitudeDegrees><LongitudeDegrees>4.290819</LongitudeDegrees></Position><AltitudeMeters>77.0</AltitudeMeters><Extensions><TPX xmlns="http://www.garmin.com/xmlschemas/ActivityExtension/v2"><Speed>1.54</Speed></TPX></Extensions></Trackpoint><Trackpoint><Time>2026-03-20T11:50:32+00:00</Time><DistanceMeters>1076.3</DistanceMeters><Position><LatitudeDegrees>50.855751</LatitudeDegrees><LongitudeDegrees>4.290871</LongitudeDegrees></Position><AltitudeMeters>77.0</AltitudeMeters><Extensions><TPX xmlns="http://www.garmin.com/xmlschemas/ActivityExtension/v2"><Speed>1.57</Speed></TPX></Extensions></Trackpoint><Trackpoint><Time>2026-03-20T11:50:33+00:00</Time><DistanceMeters>1078.7</DistanceMeters><Position><LatitudeDegrees>50.855752</LatitudeDegrees><LongitudeDegrees>4.290889</LongitudeDegrees></Position><AltitudeMeters>77.0</AltitudeMeters><Extensions><TPX xmlns="http://www.garmin.com/xmlschemas/ActivityExtension/v2"><Speed>1.6</Speed></TPX></Extensions></Trackpoint><Trackpoint><Time>2026-03-20T11:50:34+00:00</Time><DistanceMeters>1081.2</DistanceMeters><Position><LatitudeDegrees>50.855754</LatitudeDegrees><LongitudeDegrees>4.290941</LongitudeDegrees></Position><AltitudeMeters>77.1</AltitudeMeters><Extensions><TPX xmlns="http://www.garmin.com/xmlschemas/ActivityExtension/v2"><Speed>2.09</Speed></TPX></Extensions></Trackpoint><Trackpoint><Time>2026-03-20T11:50:35+00:00</Time><DistanceMeters>1083.6</DistanceMeters><Position><LatitudeDegrees>50.855755</LatitudeDegrees><LongitudeDegrees>4.290959</LongitudeDegrees></Position><AltitudeMeters>77.1</AltitudeMeters><Extensions><TPX xmlns="http://www.garmin.com/xmlschemas/ActivityExtension/v2"><Speed>2.58</Speed></TPX></Extensions></Trackpoint><Trackpoint><Time>2026-03-20T11:50:36+00:00</Time><DistanceMeters>1086.0</DistanceMeters><Position><LatitudeDegrees>50.855757</LatitudeDegrees><LongitudeDegrees>4.29101</LongitudeDegrees></Position><AltitudeMeters>77.1</AltitudeMeters><Extensions><TPX xmlns="http://www.garmin.com/xmlschemas/ActivityExtension/v2"><Speed>2.44</Speed></TPX></Extensions></Trackpoint><Trackpoint><Time>2026-03-20T11:50:37+00:00</Time><DistanceMeters>1088.4</DistanceMeters><Position><LatitudeDegrees>50.855757</LatitudeDegrees><LongitudeDegrees>4.291027</LongitudeDegrees></Position><AltitudeMeters>77.1</AltitudeMeters><Extensions><TPX xmlns="http://www.garmin.com/xmlschemas/ActivityExtension/v2"><Speed>2.43</Speed></TPX></Extensions></Trackpoint><Trackpoint><Time>2026-03-20T11:50:38+00:00</Time><DistanceMeters>1091.0</DistanceMeters><Position><LatitudeDegrees>50.85576</LatitudeDegrees><LongitudeDegrees>4.291083</LongitudeDegrees></Position><AltitudeMeters>77.1</AltitudeMeters><Extensions><TPX xmlns="http://www.garmin.com/xmlschemas/ActivityExtension/v2"><Speed>2.46</Speed></TPX></Extensions></Trackpoint><Trackpoint><Time>2026-03-20T11:50:39+00:00</Time><DistanceMeters>1093.6</DistanceMeters><Position><LatitudeDegrees>50.855761</LatitudeDegrees><LongitudeDegrees>4.291101</LongitudeDegrees></Position><AltitudeMeters>77.1</AltitudeMeters><Extensions><TPX xmlns="http://www.garmin.com/xmlschemas/ActivityExtension/v2"><Speed>2.49</Speed></TPX></Extensions></Trackpoint><Trackpoint><Time>2026-03-20T11:50:40+00:00</Time><DistanceMeters>1095.7</DistanceMeters><Position><LatitudeDegrees>50.855767</LatitudeDegrees><LongitudeDegrees>4.291145</LongitudeDegrees></Position><AltitudeMeters>77.1</AltitudeMeters><Extensions><TPX xmlns="http://www.garmin.com/xmlschemas/ActivityExtension/v2"><Speed>2.42</Speed></TPX></Extensions></Trackpoint><Trackpoint><Time>2026-03-20T11:50:41+00:00</Time><DistanceMeters>1097.8</DistanceMeters><Position><LatitudeDegrees>50.855769</LatitudeDegrees><LongitudeDegrees>4.29116</LongitudeDegrees></Position><AltitudeMeters>77.1</AltitudeMeters><Extensions><TPX xmlns="http://www.garmin.com/xmlschemas/ActivityExtension/v2"><Speed>2.36</Speed></TPX></Extensions></Trackpoint><Trackpoint><Time>2026-03-20T11:50:42+00:00</Time><DistanceMeters>1100.2</DistanceMeters><Position><LatitudeDegrees>50.855779</LatitudeDegrees><LongitudeDegrees>4.291207</LongitudeDegrees></Position><AltitudeMeters>77.1</AltitudeMeters><Extensions><TPX xmlns="http://www.garmin.com/xmlschemas/ActivityExtension/v2"><Speed>2.36</Speed></TPX></Extensions></Trackpoint><Trackpoint><Time>2026-03-20T11:50:43+00:00</Time><DistanceMeters>1102.6</DistanceMeters><Position><LatitudeDegrees>50.85578</LatitudeDegrees><LongitudeDegrees>4.291225</LongitudeDegrees></Position><AltitudeMeters>77.1</AltitudeMeters><Extensions><TPX xmlns="http://www.garmin.com/xmlschemas/ActivityExtension/v2"><Speed>2.32</Speed></TPX></Extensions></Trackpoint><Trackpoint><Time>2026-03-20T11:50:44+00:00</Time><DistanceMeters>1105.1</DistanceMeters><Position><LatitudeDegrees>50.85578</LatitudeDegrees><LongitudeDegrees>4.291276</LongitudeDegrees></Position><AltitudeMeters>77.1</AltitudeMeters><Extensions><TPX xmlns="http://www.garmin.com/xmlschemas/ActivityExtension/v2"><Speed>2.29</Speed></TPX></Extensions></Trackpoint><Trackpoint><Time>2026-03-20T11:50:45+00:00</Time><DistanceMeters>1107.5</DistanceMeters><Position><LatitudeDegrees>50.85578</LatitudeDegrees><LongitudeDegrees>4.291294</LongitudeDegrees></Position><AltitudeMeters>77.1</AltitudeMeters><Extensions><TPX xmlns="http://www.garmin.com/xmlschemas/ActivityExtension/v2"><Speed>2.36</Speed></TPX></Extensions></Trackpoint><Trackpoint><Time>2026-03-20T11:50:46+00:00</Time><DistanceMeters>1109.8</DistanceMeters><Position><LatitudeDegrees>50.855779</LatitudeDegrees><LongitudeDegrees>4.291343</LongitudeDegrees></Position><AltitudeMeters>77.1</AltitudeMeters><Extensions><TPX xmlns="http://www.garmin.com/xmlschemas/ActivityExtension/v2"><Speed>2.39</Speed></TPX></Extensions></Trackpoint><Trackpoint><Time>2026-03-20T11:50:47+00:00</Time><DistanceMeters>1112.0</DistanceMeters><Position><LatitudeDegrees>50.855778</LatitudeDegrees><LongitudeDegrees>4.29136</LongitudeDegrees></Position><AltitudeMeters>77.1</AltitudeMeters><Extensions><TPX xmlns="http://www.garmin.com/xmlschemas/ActivityExtension/v2"><Speed>2.36</Speed></TPX></Extensions></Trackpoint><Trackpoint><Time>2026-03-20T11:50:48+00:00</Time><DistanceMeters>1114.7</DistanceMeters><Position><LatitudeDegrees>50.855776</LatitudeDegrees><LongitudeDegrees>4.291416</LongitudeDegrees></Position><AltitudeMeters>77.1</AltitudeMeters><Extensions><TPX xmlns="http://www.garmin.com/xmlschemas/ActivityExtension/v2"><Speed>2.41</Speed></TPX></Extensions></Trackpoint><Trackpoint><Time>2026-03-20T11:50:49+00:00</Time><DistanceMeters>1117.3</DistanceMeters><Position><LatitudeDegrees>50.855775</LatitudeDegrees><LongitudeDegrees>4.291434</LongitudeDegrees></Position><AltitudeMeters>77.1</AltitudeMeters><Extensions><TPX xmlns="http://www.garmin.com/xmlschemas/ActivityExtension/v2"><Speed>2.45</Speed></TPX></Extensions></Trackpoint><Trackpoint><Time>2026-03-20T11:50:50+00:00</Time><DistanceMeters>1119.7</DistanceMeters><Position><LatitudeDegrees>50.855777</LatitudeDegrees><LongitudeDegrees>4.291485</LongitudeDegrees></Position><AltitudeMeters>77.1</AltitudeMeters><Extensions><TPX xmlns="http://www.garmin.com/xmlschemas/ActivityExtension/v2"><Speed>2.44</Speed></TPX></Extensions></Trackpoint><Trackpoint><Time>2026-03-20T11:50:51+00:00</Time><DistanceMeters>1122.1</DistanceMeters><Position><LatitudeDegrees>50.855777</LatitudeDegrees><LongitudeDegrees>4.291502</LongitudeDegrees></Position><AltitudeMeters>77.1</AltitudeMeters><Extensions><TPX xmlns="http://www.garmin.com/xmlschemas/ActivityExtension/v2"><Speed>2.47</Speed></TPX></Extensions></Trackpoint><Trackpoint><Time>2026-03-20T11:50:52+00:00</Time><DistanceMeters>1122.1</DistanceMeters><Position><LatitudeDegrees>50.855783</LatitudeDegrees><LongitudeDegrees>4.291513</LongitudeDegrees></Position><AltitudeMeters>77.1</AltitudeMeters><Extensions><TPX xmlns="http://www.garmin.com/xmlschemas/ActivityExtension/v2"><Speed>2.02</Speed></TPX></Extensions></Trackpoint><Trackpoint><Time>2026-03-20T11:50:53+00:00</Time><DistanceMeters>1122.1</DistanceMeters><Position><LatitudeDegrees>50.855784</LatitudeDegrees><LongitudeDegrees>4.291532</LongitudeDegrees></Position><AltitudeMeters>77.1</AltitudeMeters><Extensions><TPX xmlns="http://www.garmin.com/xmlschemas/ActivityExtension/v2"><Speed>1.49</Speed></TPX></Extensions></Trackpoint><Trackpoint><Time>2026-03-20T11:50:54+00:00</Time><DistanceMeters>1126.1</DistanceMeters><Position><LatitudeDegrees>50.855782</LatitudeDegrees><LongitudeDegrees>4.291559</LongitudeDegrees></Position><AltitudeMeters>77.1</AltitudeMeters><Extensions><TPX xmlns="http://www.garmin.com/xmlschemas/ActivityExtension/v2"><Speed>1.76</Speed></TPX></Extensions></Trackpoint><Trackpoint><Time>2026-03-20T11:50:56+00:00</Time><DistanceMeters>1130.3</DistanceMeters><Position><LatitudeDegrees>50.855778</LatitudeDegrees><LongitudeDegrees>4.291618</LongitudeDegrees></Position><AltitudeMeters>77.1</AltitudeMeters><Extensions><TPX xmlns="http://www.garmin.com/xmlschemas/ActivityExtension/v2"><Speed>1.64</Speed></TPX></Extensions></Trackpoint><Trackpoint><Time>2026-03-20T11:50:57+00:00</Time><DistanceMeters>1132.9</DistanceMeters><Position><LatitudeDegrees>50.855768</LatitudeDegrees><LongitudeDegrees>4.291672</LongitudeDegrees></Position><AltitudeMeters>77.1</AltitudeMeters><Extensions><TPX xmlns="http://www.garmin.com/xmlschemas/ActivityExtension/v2"><Speed>2.16</Speed></TPX></Extensions></Trackpoint><Trackpoint><Time>2026-03-20T11:50:58+00:00</Time><DistanceMeters>1135.5</DistanceMeters><Position><LatitudeDegrees>50.855764</LatitudeDegrees><LongitudeDegrees>4.29169</LongitudeDegrees></Position><AltitudeMeters>77.1</AltitudeMeters><Extensions><TPX xmlns="http://www.garmin.com/xmlschemas/ActivityExtension/v2"><Speed>2.68</Speed></TPX></Extensions></Trackpoint><Trackpoint><Time>2026-03-20T11:50:59+00:00</Time><DistanceMeters>1138.7</DistanceMeters><Position><LatitudeDegrees>50.855753</LatitudeDegrees><LongitudeDegrees>4.291731</LongitudeDegrees></Position><AltitudeMeters>77.0</AltitudeMeters><Extensions><TPX xmlns="http://www.garmin.com/xmlschemas/ActivityExtension/v2"><Speed>2.52</Speed></TPX></Extensions></Trackpoint><Trackpoint><Time>2026-03-20T11:51:00+00:00</Time><DistanceMeters>1141.5</DistanceMeters><Position><LatitudeDegrees>50.855735</LatitudeDegrees><LongitudeDegrees>4.291785</LongitudeDegrees></Position><AltitudeMeters>76.9</AltitudeMeters><Extensions><TPX xmlns="http://www.garmin.com/xmlschemas/ActivityExtension/v2"><Speed>2.567</Speed></TPX></Extensions></Trackpoint><Trackpoint><Time>2026-03-20T11:51:01+00:00</Time><DistanceMeters>1144.3</DistanceMeters><Position><LatitudeDegrees>50.855728</LatitudeDegrees><LongitudeDegrees>4.2918</LongitudeDegrees></Position><AltitudeMeters>76.9</AltitudeMeters><Extensions><TPX xmlns="http://www.garmin.com/xmlschemas/ActivityExtension/v2"><Speed>2.8</Speed></TPX></Extensions></Trackpoint><Trackpoint><Time>2026-03-20T11:51:02+00:00</Time><DistanceMeters>1146.6</DistanceMeters><Position><LatitudeDegrees>50.855716</LatitudeDegrees><LongitudeDegrees>4.291846</LongitudeDegrees></Position><AltitudeMeters>76.9</AltitudeMeters><Extensions><TPX xmlns="http://www.garmin.com/xmlschemas/ActivityExtension/v2"><Speed>2.74</Speed></TPX></Extensions></Trackpoint><Trackpoint><Time>2026-03-20T11:51:03+00:00</Time><DistanceMeters>1148.9</DistanceMeters><Position><LatitudeDegrees>50.855712</LatitudeDegrees><LongitudeDegrees>4.291861</LongitudeDegrees></Position><AltitudeMeters>76.8</AltitudeMeters><Extensions><TPX xmlns="http://www.garmin.com/xmlschemas/ActivityExtension/v2"><Speed>2.68</Speed></TPX></Extensions></Trackpoint><Trackpoint><Time>2026-03-20T11:51:04+00:00</Time><DistanceMeters>1151.1</DistanceMeters><Position><LatitudeDegrees>50.855701</LatitudeDegrees><LongitudeDegrees>4.291905</LongitudeDegrees></Position><AltitudeMeters>76.8</AltitudeMeters><Extensions><TPX xmlns="http://www.garmin.com/xmlschemas/ActivityExtension/v2"><Speed>2.48</Speed></TPX></Extensions></Trackpoint><Trackpoint><Time>2026-03-20T11:51:05+00:00</Time><DistanceMeters>1153.3</DistanceMeters><Position><LatitudeDegrees>50.855696</LatitudeDegrees><LongitudeDegrees>4.291919</LongitudeDegrees></Position><AltitudeMeters>76.8</AltitudeMeters><Extensions><TPX xmlns="http://www.garmin.com/xmlschemas/ActivityExtension/v2"><Speed>2.36</Speed></TPX></Extensions></Trackpoint><Trackpoint><Time>2026-03-20T11:51:06+00:00</Time><DistanceMeters>1155.7</DistanceMeters><Position><LatitudeDegrees>50.855683</LatitudeDegrees><LongitudeDegrees>4.291963</LongitudeDegrees></Position><AltitudeMeters>76.7</AltitudeMeters><Extensions><TPX xmlns="http://www.garmin.com/xmlschemas/ActivityExtension/v2"><Speed>2.27</Speed></TPX></Extensions></Trackpoint><Trackpoint><Time>2026-03-20T11:51:07+00:00</Time><DistanceMeters>1158.0</DistanceMeters><Position><LatitudeDegrees>50.855679</LatitudeDegrees><LongitudeDegrees>4.291979</LongitudeDegrees></Position><AltitudeMeters>76.7</AltitudeMeters><Extensions><TPX xmlns="http://www.garmin.com/xmlschemas/ActivityExtension/v2"><Speed>2.28</Speed></TPX></Extensions></Trackpoint><Trackpoint><Time>2026-03-20T11:51:08+00:00</Time><DistanceMeters>1160.4</DistanceMeters><Position><LatitudeDegrees>50.855667</LatitudeDegrees><LongitudeDegrees>4.292028</LongitudeDegrees></Position><AltitudeMeters>76.6</AltitudeMeters><Extensions><TPX xmlns="http://www.garmin.com/xmlschemas/ActivityExtension/v2"><Speed>2.3</Speed></TPX></Extensions></Trackpoint><Trackpoint><Time>2026-03-20T11:51:09+00:00</Time><DistanceMeters>1162.8</DistanceMeters><Position><LatitudeDegrees>50.855664</LatitudeDegrees><LongitudeDegrees>4.292043</LongitudeDegrees></Position><AltitudeMeters>76.6</AltitudeMeters><Extensions><TPX xmlns="http://www.garmin.com/xmlschemas/ActivityExtension/v2"><Speed>2.34</Speed></TPX></Extensions></Trackpoint><Trackpoint><Time>2026-03-20T11:51:10+00:00</Time><DistanceMeters>1162.8</DistanceMeters><Position><LatitudeDegrees>50.855661</LatitudeDegrees><LongitudeDegrees>4.292069</LongitudeDegrees></Position><AltitudeMeters>76.6</AltitudeMeters><Extensions><TPX xmlns="http://www.garmin.com/xmlschemas/ActivityExtension/v2"><Speed>1.9</Speed></TPX></Extensions></Trackpoint><Trackpoint><Time>2026-03-20T11:51:11+00:00</Time><DistanceMeters>1166.6</DistanceMeters><Position><LatitudeDegrees>50.85565</LatitudeDegrees><LongitudeDegrees>4.292094</LongitudeDegrees></Position><AltitudeMeters>76.6</AltitudeMeters><Extensions><TPX xmlns="http://www.garmin.com/xmlschemas/ActivityExtension/v2"><Speed>2.19</Speed></TPX></Extensions></Trackpoint><Trackpoint><Time>2026-03-20T11:51:12+00:00</Time><DistanceMeters>1168.7</DistanceMeters><Position><LatitudeDegrees>50.855638</LatitudeDegrees><LongitudeDegrees>4.292133</LongitudeDegrees></Position><AltitudeMeters>76.5</AltitudeMeters><Extensions><TPX xmlns="http://www.garmin.com/xmlschemas/ActivityExtension/v2"><Speed>2.14</Speed></TPX></Extensions></Trackpoint><Trackpoint><Time>2026-03-20T11:51:13+00:00</Time><DistanceMeters>1170.8</DistanceMeters><Position><LatitudeDegrees>50.855634</LatitudeDegrees><LongitudeDegrees>4.292147</LongitudeDegrees></Position><AltitudeMeters>76.5</AltitudeMeters><Extensions><TPX xmlns="http://www.garmin.com/xmlschemas/ActivityExtension/v2"><Speed>2.08</Speed></TPX></Extensions></Trackpoint><Trackpoint><Time>2026-03-20T11:51:14+00:00</Time><DistanceMeters>1170.8</DistanceMeters><Position><LatitudeDegrees>50.855626</LatitudeDegrees><LongitudeDegrees>4.292173</LongitudeDegrees></Position><AltitudeMeters>76.4</AltitudeMeters><Extensions><TPX xmlns="http://www.garmin.com/xmlschemas/ActivityExtension/v2"><Speed>1.6</Speed></TPX></Extensions></Trackpoint><Trackpoint><Time>2026-03-20T11:51:15+00:00</Time><DistanceMeters>1174.8</DistanceMeters><Position><LatitudeDegrees>50.855616</LatitudeDegrees><LongitudeDegrees>4.292197</LongitudeDegrees></Position><AltitudeMeters>76.4</AltitudeMeters><Extensions><TPX xmlns="http://www.garmin.com/xmlschemas/ActivityExtension/v2"><Speed>2.4</Speed></TPX></Extensions></Trackpoint><Trackpoint><Time>2026-03-20T11:51:16+00:00</Time><DistanceMeters>1174.8</DistanceMeters><Position><LatitudeDegrees>50.855604</LatitudeDegrees><LongitudeDegrees>4.292221</LongitudeDegrees></Position><AltitudeMeters>76.4</AltitudeMeters><Extensions><TPX xmlns="http://www.garmin.com/xmlschemas/ActivityExtension/v2"><Speed>1.64</Speed></TPX></Extensions></Trackpoint><Trackpoint><Time>2026-03-20T11:51:17+00:00</Time><DistanceMeters>1178.2</DistanceMeters><Position><LatitudeDegrees>50.855602</LatitudeDegrees><LongitudeDegrees>4.29224</LongitudeDegrees></Position><AltitudeMeters>76.3</AltitudeMeters><Extensions><TPX xmlns="http://www.garmin.com/xmlschemas/ActivityExtension/v2"><Speed>1.9</Speed></TPX></Extensions></Trackpoint><Trackpoint><Time>2026-03-20T11:51:18+00:00</Time><DistanceMeters>1180.3</DistanceMeters><Position><LatitudeDegrees>50.855585</LatitudeDegrees><LongitudeDegrees>4.292273</LongitudeDegrees></Position><AltitudeMeters>76.3</AltitudeMeters><Extensions><TPX xmlns="http://www.garmin.com/xmlschemas/ActivityExtension/v2"><Speed>1.9</Speed></TPX></Extensions></Trackpoint><Trackpoint><Time>2026-03-20T11:51:19+00:00</Time><DistanceMeters>1182.4</DistanceMeters><Position><LatitudeDegrees>50.855577</LatitudeDegrees><LongitudeDegrees>4.292284</LongitudeDegrees></Position><AltitudeMeters>76.2</AltitudeMeters><Extensions><TPX xmlns="http://www.garmin.com/xmlschemas/ActivityExtension/v2"><Speed>2.32</Speed></TPX></Extensions></Trackpoint><Trackpoint><Time>2026-03-20T11:51:20+00:00</Time><DistanceMeters>1185.0</DistanceMeters><Position><LatitudeDegrees>50.855545</LatitudeDegrees><LongitudeDegrees>4.292312</LongitudeDegrees></Position><AltitudeMeters>76.2</AltitudeMeters><Extensions><TPX xmlns="http://www.garmin.com/xmlschemas/ActivityExtension/v2"><Speed>2.04</Speed></TPX></Extensions></Trackpoint><Trackpoint><Time>2026-03-20T11:51:21+00:00</Time><DistanceMeters>1187.6</DistanceMeters><Position><LatitudeDegrees>50.855535</LatitudeDegrees><LongitudeDegrees>4.292319</LongitudeDegrees></Position><AltitudeMeters>76.1</AltitudeMeters><Extensions><TPX xmlns="http://www.garmin.com/xmlschemas/ActivityExtension/v2"><Speed>2.56</Speed></TPX></Extensions></Trackpoint><Trackpoint><Time>2026-03-20T11:51:22+00:00</Time><DistanceMeters>1189.9</DistanceMeters><Position><LatitudeDegrees>50.855508</LatitudeDegrees><LongitudeDegrees>4.29234</LongitudeDegrees></Position><AltitudeMeters>76.1</AltitudeMeters><Extensions><TPX xmlns="http://www.garmin.com/xmlschemas/ActivityExtension/v2"><Speed>2.34</Speed></TPX></Extensions></Trackpoint><Trackpoint><Time>2026-03-20T11:51:23+00:00</Time><DistanceMeters>1192.2</DistanceMeters><Position><LatitudeDegrees>50.855498</LatitudeDegrees><LongitudeDegrees>4.292345</LongitudeDegrees></Position><AltitudeMeters>76.0</AltitudeMeters><Extensions><TPX xmlns="http://www.garmin.com/xmlschemas/ActivityExtension/v2"><Speed>2.38</Speed></TPX></Extensions></Trackpoint><Trackpoint><Time>2026-03-20T11:51:24+00:00</Time><DistanceMeters>1192.2</DistanceMeters><Position><LatitudeDegrees>50.855482</LatitudeDegrees><LongitudeDegrees>4.292358</LongitudeDegrees></Position><AltitudeMeters>76.0</AltitudeMeters><Extensions><TPX xmlns="http://www.garmin.com/xmlschemas/ActivityExtension/v2"><Speed>1.96</Speed></TPX></Extensions></Trackpoint><Trackpoint><Time>2026-03-20T11:51:25+00:00</Time><DistanceMeters>1195.6</DistanceMeters><Position><LatitudeDegrees>50.855473</LatitudeDegrees><LongitudeDegrees>4.292372</LongitudeDegrees></Position><AltitudeMeters>76.0</AltitudeMeters><Extensions><TPX xmlns="http://www.garmin.com/xmlschemas/ActivityExtension/v2"><Speed>2.12</Speed></TPX></Extensions></Trackpoint><Trackpoint><Time>2026-03-20T11:51:26+00:00</Time><DistanceMeters>1197.1</DistanceMeters><Position><LatitudeDegrees>50.855459</LatitudeDegrees><LongitudeDegrees>4.292399</LongitudeDegrees></Position><AltitudeMeters>75.9</AltitudeMeters><Extensions><TPX xmlns="http://www.garmin.com/xmlschemas/ActivityExtension/v2"><Speed>1.9</Speed></TPX></Extensions></Trackpoint><Trackpoint><Time>2026-03-20T11:51:27+00:00</Time><DistanceMeters>1198.6</DistanceMeters><Position><LatitudeDegrees>50.855454</LatitudeDegrees><LongitudeDegrees>4.292411</LongitudeDegrees></Position><AltitudeMeters>75.9</AltitudeMeters><Extensions><TPX xmlns="http://www.garmin.com/xmlschemas/ActivityExtension/v2"><Speed>1.74</Speed></TPX></Extensions></Trackpoint><Trackpoint><Time>2026-03-20T11:51:28+00:00</Time><DistanceMeters>1200.1</DistanceMeters><Position><LatitudeDegrees>50.855448</LatitudeDegrees><LongitudeDegrees>4.292424</LongitudeDegrees></Position><AltitudeMeters>75.9</AltitudeMeters><Extensions><TPX xmlns="http://www.garmin.com/xmlschemas/ActivityExtension/v2"><Speed>1.58</Speed></TPX></Extensions></Trackpoint><Trackpoint><Time>2026-03-20T11:51:29+00:00</Time><DistanceMeters>1202.4</DistanceMeters><Position><LatitudeDegrees>50.855427</LatitudeDegrees><LongitudeDegrees>4.292458</LongitudeDegrees></Position><AltitudeMeters>75.8</AltitudeMeters><Extensions><TPX xmlns="http://www.garmin.com/xmlschemas/ActivityExtension/v2"><Speed>2.03</Speed></TPX></Extensions></Trackpoint><Trackpoint><Time>2026-03-20T11:51:30+00:00</Time><DistanceMeters>1204.6</DistanceMeters><Position><LatitudeDegrees>50.855415</LatitudeDegrees><LongitudeDegrees>4.292459</LongitudeDegrees></Position><AltitudeMeters>75.8</AltitudeMeters><Extensions><TPX xmlns="http://www.garmin.com/xmlschemas/ActivityExtension/v2"><Speed>1.8</Speed></TPX></Extensions></Trackpoint><Trackpoint><Time>2026-03-20T11:51:31+00:00</Time><DistanceMeters>1208.1</DistanceMeters><Position><LatitudeDegrees>50.855384</LatitudeDegrees><LongitudeDegrees>4.292444</LongitudeDegrees></Position><AltitudeMeters>75.7</AltitudeMeters><Extensions><TPX xmlns="http://www.garmin.com/xmlschemas/ActivityExtension/v2"><Speed>2.2</Speed></TPX></Extensions></Trackpoint><Trackpoint><Time>2026-03-20T11:51:32+00:00</Time><DistanceMeters>1212.4</DistanceMeters><Position><LatitudeDegrees>50.85535</LatitudeDegrees><LongitudeDegrees>4.292414</LongitudeDegrees></Position><AltitudeMeters>75.6</AltitudeMeters><Extensions><TPX xmlns="http://www.garmin.com/xmlschemas/ActivityExtension/v2"><Speed>2.76</Speed></TPX></Extensions></Trackpoint><Trackpoint><Time>2026-03-20T11:51:33+00:00</Time><DistanceMeters>1216.2</DistanceMeters><Position><LatitudeDegrees>50.85532</LatitudeDegrees><LongitudeDegrees>4.292391</LongitudeDegrees></Position><AltitudeMeters>75.5</AltitudeMeters><Extensions><TPX xmlns="http://www.garmin.com/xmlschemas/ActivityExtension/v2"><Speed>3.22</Speed></TPX></Extensions></Trackpoint><Trackpoint><Time>2026-03-20T11:51:34+00:00</Time><DistanceMeters>1216.2</DistanceMeters><Position><LatitudeDegrees>50.855301</LatitudeDegrees><LongitudeDegrees>4.292398</LongitudeDegrees></Position><AltitudeMeters>75.5</AltitudeMeters><Extensions><TPX xmlns="http://www.garmin.com/xmlschemas/ActivityExtension/v2"><Speed>2.77</Speed></TPX></Extensions></Trackpoint><Trackpoint><Time>2026-03-20T11:51:35+00:00</Time><DistanceMeters>1220.2</DistanceMeters><Position><LatitudeDegrees>50.855289</LatitudeDegrees><LongitudeDegrees>4.292422</LongitudeDegrees></Position><AltitudeMeters>75.4</AltitudeMeters><Extensions><TPX xmlns="http://www.garmin.com/xmlschemas/ActivityExtension/v2"><Speed>3.12</Speed></TPX></Extensions></Trackpoint><Trackpoint><Time>2026-03-20T11:51:36+00:00</Time><DistanceMeters>1220.2</DistanceMeters><Position><LatitudeDegrees>50.855278</LatitudeDegrees><LongitudeDegrees>4.292444</LongitudeDegrees></Position><AltitudeMeters>75.3</AltitudeMeters><Extensions><TPX xmlns="http://www.garmin.com/xmlschemas/ActivityExtension/v2"><Speed>2.42</Speed></TPX></Extensions></Trackpoint><Trackpoint><Time>2026-03-20T11:51:37+00:00</Time><DistanceMeters>1224.2</DistanceMeters><Position><LatitudeDegrees>50.855264</LatitudeDegrees><LongitudeDegrees>4.292463</LongitudeDegrees></Position><AltitudeMeters>75.2</AltitudeMeters><Extensions><TPX xmlns="http://www.garmin.com/xmlschemas/ActivityExtension/v2"><Speed>2.36</Speed></TPX></Extensions></Trackpoint><Trackpoint><Time>2026-03-20T11:51:38+00:00</Time><DistanceMeters>1228.3</DistanceMeters><Position><LatitudeDegrees>50.855274</LatitudeDegrees><LongitudeDegrees>4.29252</LongitudeDegrees></Position><AltitudeMeters>75.0</AltitudeMeters><Extensions><TPX xmlns="http://www.garmin.com/xmlschemas/ActivityExtension/v2"><Speed>2.42</Speed></TPX></Extensions></Trackpoint><Trackpoint><Time>2026-03-20T11:51:39+00:00</Time><DistanceMeters>1230.4</DistanceMeters><Position><LatitudeDegrees>50.855263</LatitudeDegrees><LongitudeDegrees>4.292564</LongitudeDegrees></Position><AltitudeMeters>74.8</AltitudeMeters><Extensions><TPX xmlns="http://www.garmin.com/xmlschemas/ActivityExtension/v2"><Speed>2.85</Speed></TPX></Extensions></Trackpoint><Trackpoint><Time>2026-03-20T11:51:40+00:00</Time><DistanceMeters>1232.6</DistanceMeters><Position><LatitudeDegrees>50.855256</LatitudeDegrees><LongitudeDegrees>4.292573</LongitudeDegrees></Position><AltitudeMeters>74.8</AltitudeMeters><Extensions><TPX xmlns="http://www.garmin.com/xmlschemas/ActivityExtension/v2"><Speed>2.48</Speed></TPX></Extensions></Trackpoint><Trackpoint><Time>2026-03-20T11:51:41+00:00</Time><DistanceMeters>1232.6</DistanceMeters><Position><LatitudeDegrees>50.855249</LatitudeDegrees><LongitudeDegrees>4.292597</LongitudeDegrees></Position><AltitudeMeters>74.7</AltitudeMeters><Extensions><TPX xmlns="http://www.garmin.com/xmlschemas/ActivityExtension/v2"><Speed>2.48</Speed></TPX></Extensions></Trackpoint><Trackpoint><Time>2026-03-20T11:51:42+00:00</Time><DistanceMeters>1236.4</DistanceMeters><Position><LatitudeDegrees>50.855226</LatitudeDegrees><LongitudeDegrees>4.292598</LongitudeDegrees></Position><AltitudeMeters>74.6</AltitudeMeters><Extensions><TPX xmlns="http://www.garmin.com/xmlschemas/ActivityExtension/v2"><Speed>2.44</Speed></TPX></Extensions></Trackpoint><Trackpoint><Time>2026-03-20T11:51:43+00:00</Time><DistanceMeters>1239.1</DistanceMeters><Position><LatitudeDegrees>50.855192</LatitudeDegrees><LongitudeDegrees>4.292609</LongitudeDegrees></Position><AltitudeMeters>74.3</AltitudeMeters><Extensions><TPX xmlns="http://www.garmin.com/xmlschemas/ActivityExtension/v2"><Speed>2.16</Speed></TPX></Extensions></Trackpoint><Trackpoint><Time>2026-03-20T11:51:44+00:00</Time><DistanceMeters>1241.8</DistanceMeters><Position><LatitudeDegrees>50.855179</LatitudeDegrees><LongitudeDegrees>4.292615</LongitudeDegrees></Position><AltitudeMeters>74.3</AltitudeMeters><Extensions><TPX xmlns="http://www.garmin.com/xmlschemas/ActivityExtension/v2"><Speed>2.27</Speed></TPX></Extensions></Trackpoint><Trackpoint><Time>2026-03-20T11:51:45+00:00</Time><DistanceMeters>1244.6</DistanceMeters><Position><LatitudeDegrees>50.855143</LatitudeDegrees><LongitudeDegrees>4.292631</LongitudeDegrees></Position><AltitudeMeters>74.0</AltitudeMeters><Extensions><TPX xmlns="http://www.garmin.com/xmlschemas/ActivityExtension/v2"><Speed>2.39</Speed></TPX></Extensions></Trackpoint><Trackpoint><Time>2026-03-20T11:51:46+00:00</Time><DistanceMeters>1247.3</DistanceMeters><Position><LatitudeDegrees>50.855131</LatitudeDegrees><LongitudeDegrees>4.292635</LongitudeDegrees></Position><AltitudeMeters>73.9</AltitudeMeters><Extensions><TPX xmlns="http://www.garmin.com/xmlschemas/ActivityExtension/v2"><Speed>2.94</Speed></TPX></Extensions></Trackpoint><Trackpoint><Time>2026-03-20T11:51:47+00:00</Time><DistanceMeters>1249.7</DistanceMeters><Position><LatitudeDegrees>50.855099</LatitudeDegrees><LongitudeDegrees>4.292651</LongitudeDegrees></Position><AltitudeMeters>73.7</AltitudeMeters><Extensions><TPX xmlns="http://www.garmin.com/xmlschemas/ActivityExtension/v2"><Speed>2.66</Speed></TPX></Extensions></Trackpoint><Trackpoint><Time>2026-03-20T11:51:48+00:00</Time><DistanceMeters>1252.1</DistanceMeters><Position><LatitudeDegrees>50.855089</LatitudeDegrees><LongitudeDegrees>4.292655</LongitudeDegrees></Position><AltitudeMeters>73.7</AltitudeMeters><Extensions><TPX xmlns="http://www.garmin.com/xmlschemas/ActivityExtension/v2"><Speed>2.6</Speed></TPX></Extensions></Trackpoint><Trackpoint><Time>2026-03-20T11:51:49+00:00</Time><DistanceMeters>1252.1</DistanceMeters><Position><LatitudeDegrees>50.855071</LatitudeDegrees><LongitudeDegrees>4.292669</LongitudeDegrees></Position><AltitudeMeters>73.5</AltitudeMeters><Extensions><TPX xmlns="http://www.garmin.com/xmlschemas/ActivityExtension/v2"><Speed>2.06</Speed></TPX></Extensions></Trackpoint><Trackpoint><Time>2026-03-20T11:51:50+00:00</Time><DistanceMeters>1255.7</DistanceMeters><Position><LatitudeDegrees>50.855061</LatitudeDegrees><LongitudeDegrees>4.292681</LongitudeDegrees></Position><AltitudeMeters>73.4</AltitudeMeters><Extensions><TPX xmlns="http://www.garmin.com/xmlschemas/ActivityExtension/v2"><Speed>2.23</Speed></TPX></Extensions></Trackpoint><Trackpoint><Time>2026-03-20T11:51:51+00:00</Time><DistanceMeters>1256.9</DistanceMeters><Position><LatitudeDegrees>50.855057</LatitudeDegrees><LongitudeDegrees>4.292695</LongitudeDegrees></Position><AltitudeMeters>73.4</AltitudeMeters><Extensions><TPX xmlns="http://www.garmin.com/xmlschemas/ActivityExtension/v2"><Speed>1.925</Speed></TPX></Extensions></Trackpoint><Trackpoint><Time>2026-03-20T11:51:52+00:00</Time><DistanceMeters>1258.2</DistanceMeters><Position><LatitudeDegrees>50.855046</LatitudeDegrees><LongitudeDegrees>4.292703</LongitudeDegrees></Position><AltitudeMeters>73.3</AltitudeMeters><Extensions><TPX xmlns="http://www.garmin.com/xmlschemas/ActivityExtension/v2"><Speed>1.69</Speed></TPX></Extensions></Trackpoint><Trackpoint><Time>2026-03-20T11:51:53+00:00</Time><DistanceMeters>1259.4</DistanceMeters><Position><LatitudeDegrees>50.855035</LatitudeDegrees><LongitudeDegrees>4.292711</LongitudeDegrees></Position><AltitudeMeters>73.2</AltitudeMeters><Extensions><TPX xmlns="http://www.garmin.com/xmlschemas/ActivityExtension/v2"><Speed>1.455</Speed></TPX></Extensions></Trackpoint><Trackpoint><Time>2026-03-20T11:51:54+00:00</Time><DistanceMeters>1260.6</DistanceMeters><Position><LatitudeDegrees>50.855024</LatitudeDegrees><LongitudeDegrees>4.292719</LongitudeDegrees></Position><AltitudeMeters>73.1</AltitudeMeters><Extensions><TPX xmlns="http://www.garmin.com/xmlschemas/ActivityExtension/v2"><Speed>1.7</Speed></TPX></Extensions></Trackpoint><Trackpoint><Time>2026-03-20T11:51:55+00:00</Time><DistanceMeters>1262.7</DistanceMeters><Position><LatitudeDegrees>50.854999</LatitudeDegrees><LongitudeDegrees>4.292738</LongitudeDegrees></Position><AltitudeMeters>72.9</AltitudeMeters><Extensions><TPX xmlns="http://www.garmin.com/xmlschemas/ActivityExtension/v2"><Speed>1.39</Speed></TPX></Extensions></Trackpoint><Trackpoint><Time>2026-03-20T11:51:56+00:00</Time><DistanceMeters>1264.7</DistanceMeters><Position><LatitudeDegrees>50.854991</LatitudeDegrees><LongitudeDegrees>4.292743</LongitudeDegrees></Position><AltitudeMeters>72.9</AltitudeMeters><Extensions><TPX xmlns="http://www.garmin.com/xmlschemas/ActivityExtension/v2"><Speed>1.555</Speed></TPX></Extensions></Trackpoint><Trackpoint><Time>2026-03-20T11:51:57+00:00</Time><DistanceMeters>1266.8</DistanceMeters><Position><LatitudeDegrees>50.854964</LatitudeDegrees><LongitudeDegrees>4.292757</LongitudeDegrees></Position><AltitudeMeters>72.7</AltitudeMeters><Extensions><TPX xmlns="http://www.garmin.com/xmlschemas/ActivityExtension/v2"><Speed>1.72</Speed></TPX></Extensions></Trackpoint><Trackpoint><Time>2026-03-20T11:51:58+00:00</Time><DistanceMeters>1268.8</DistanceMeters><Position><LatitudeDegrees>50.854956</LatitudeDegrees><LongitudeDegrees>4.292761</LongitudeDegrees></Position><AltitudeMeters>72.6</AltitudeMeters><Extensions><TPX xmlns="http://www.garmin.com/xmlschemas/ActivityExtension/v2"><Speed>1.885</Speed></TPX></Extensions></Trackpoint><Trackpoint><Time>2026-03-20T11:51:59+00:00</Time><DistanceMeters>1271.0</DistanceMeters><Position><LatitudeDegrees>50.854928</LatitudeDegrees><LongitudeDegrees>4.292776</LongitudeDegrees></Position><AltitudeMeters>72.4</AltitudeMeters><Extensions><TPX xmlns="http://www.garmin.com/xmlschemas/ActivityExtension/v2"><Speed>2.08</Speed></TPX></Extensions></Trackpoint><Trackpoint><Time>2026-03-20T11:52:00+00:00</Time><DistanceMeters>1273.2</DistanceMeters><Position><LatitudeDegrees>50.854918</LatitudeDegrees><LongitudeDegrees>4.292781</LongitudeDegrees></Position><AltitudeMeters>72.4</AltitudeMeters><Extensions><TPX xmlns="http://www.garmin.com/xmlschemas/ActivityExtension/v2"><Speed>2.11</Speed></TPX></Extensions></Trackpoint><Trackpoint><Time>2026-03-20T11:52:01+00:00</Time><DistanceMeters>1276.3</DistanceMeters><Position><LatitudeDegrees>50.854893</LatitudeDegrees><LongitudeDegrees>4.292797</LongitudeDegrees></Position><AltitudeMeters>72.2</AltitudeMeters><Extensions><TPX xmlns="http://www.garmin.com/xmlschemas/ActivityExtension/v2"><Speed>2.32</Speed></TPX></Extensions></Trackpoint><Trackpoint><Time>2026-03-20T11:52:02+00:00</Time><DistanceMeters>1278.8</DistanceMeters><Position><LatitudeDegrees>50.854862</LatitudeDegrees><LongitudeDegrees>4.292814</LongitudeDegrees></Position><AltitudeMeters>72.0</AltitudeMeters><Extensions><TPX xmlns="http://www.garmin.com/xmlschemas/ActivityExtension/v2"><Speed>2.41</Speed></TPX></Extensions></Trackpoint><Trackpoint><Time>2026-03-20T11:52:03+00:00</Time><DistanceMeters>1281.3</DistanceMeters><Position><LatitudeDegrees>50.85485</LatitudeDegrees><LongitudeDegrees>4.29282</LongitudeDegrees></Position><AltitudeMeters>71.9</AltitudeMeters><Extensions><TPX xmlns="http://www.garmin.com/xmlschemas/ActivityExtension/v2"><Speed>2.5</Speed></TPX></Extensions></Trackpoint><Trackpoint><Time>2026-03-20T11:52:04+00:00</Time><DistanceMeters>1284.2</DistanceMeters><Position><LatitudeDegrees>50.854812</LatitudeDegrees><LongitudeDegrees>4.292841</LongitudeDegrees></Position><AltitudeMeters>71.6</AltitudeMeters><Extensions><TPX xmlns="http://www.garmin.com/xmlschemas/ActivityExtension/v2"><Speed>2.64</Speed></TPX></Extensions></Trackpoint><Trackpoint><Time>2026-03-20T11:52:05+00:00</Time><DistanceMeters>1287.1</DistanceMeters><Position><LatitudeDegrees>50.8548</LatitudeDegrees><LongitudeDegrees>4.292848</LongitudeDegrees></Position><AltitudeMeters>71.6</AltitudeMeters><Extensions><TPX xmlns="http://www.garmin.com/xmlschemas/ActivityExtension/v2"><Speed>2.78</Speed></TPX></Extensions></Trackpoint><Trackpoint><Time>2026-03-20T11:52:06+00:00</Time><DistanceMeters>1289.8</DistanceMeters><Position><LatitudeDegrees>50.854766</LatitudeDegrees><LongitudeDegrees>4.292867</LongitudeDegrees></Position><AltitudeMeters>71.3</AltitudeMeters><Extensions><TPX xmlns="http://www.garmin.com/xmlschemas/ActivityExtension/v2"><Speed>2.7</Speed></TPX></Extensions></Trackpoint><Trackpoint><Time>2026-03-20T11:52:07+00:00</Time><DistanceMeters>1292.5</DistanceMeters><Position><LatitudeDegrees>50.854755</LatitudeDegrees><LongitudeDegrees>4.292873</LongitudeDegrees></Position><AltitudeMeters>71.3</AltitudeMeters><Extensions><TPX xmlns="http://www.garmin.com/xmlschemas/ActivityExtension/v2"><Speed>2.74</Speed></TPX></Extensions></Trackpoint><Trackpoint><Time>2026-03-20T11:52:08+00:00</Time><DistanceMeters>1295.3</DistanceMeters><Position><LatitudeDegrees>50.85472</LatitudeDegrees><LongitudeDegrees>4.292895</LongitudeDegrees></Position><AltitudeMeters>71.0</AltitudeMeters><Extensions><TPX xmlns="http://www.garmin.com/xmlschemas/ActivityExtension/v2"><Speed>2.8</Speed></TPX></Extensions></Trackpoint><Trackpoint><Time>2026-03-20T11:52:09+00:00</Time><DistanceMeters>1298.1</DistanceMeters><Position><LatitudeDegrees>50.854708</LatitudeDegrees><LongitudeDegrees>4.292902</LongitudeDegrees></Position><AltitudeMeters>70.9</AltitudeMeters><Extensions><TPX xmlns="http://www.garmin.com/xmlschemas/ActivityExtension/v2"><Speed>2.78</Speed></TPX></Extensions></Trackpoint><Trackpoint><Time>2026-03-20T11:52:10+00:00</Time><DistanceMeters>1298.1</DistanceMeters><Position><LatitudeDegrees>50.854694</LatitudeDegrees><LongitudeDegrees>4.292908</LongitudeDegrees></Position><AltitudeMeters>70.9</AltitudeMeters><Extensions><TPX xmlns="http://www.garmin.com/xmlschemas/ActivityExtension/v2"><Speed>2.2</Speed></TPX></Extensions></Trackpoint><Trackpoint><Time>2026-03-20T11:52:11+00:00</Time><DistanceMeters>1301.6</DistanceMeters><Position><LatitudeDegrees>50.854678</LatitudeDegrees><LongitudeDegrees>4.292913</LongitudeDegrees></Position><AltitudeMeters>70.7</AltitudeMeters><Extensions><TPX xmlns="http://www.garmin.com/xmlschemas/ActivityExtension/v2"><Speed>2.36</Speed></TPX></Extensions></Trackpoint><Trackpoint><Time>2026-03-20T11:52:12+00:00</Time><DistanceMeters>1301.6</DistanceMeters><Position><LatitudeDegrees>50.854664</LatitudeDegrees><LongitudeDegrees>4.292916</LongitudeDegrees></Position><AltitudeMeters>70.7</AltitudeMeters><Extensions><TPX xmlns="http://www.garmin.com/xmlschemas/ActivityExtension/v2"><Speed>1.82</Speed></TPX></Extensions></Trackpoint><Trackpoint><Time>2026-03-20T11:52:13+00:00</Time><DistanceMeters>1305.1</DistanceMeters><Position><LatitudeDegrees>50.854646</LatitudeDegrees><LongitudeDegrees>4.292921</LongitudeDegrees></Position><AltitudeMeters>70.6</AltitudeMeters><Extensions><TPX xmlns="http://www.garmin.com/xmlschemas/ActivityExtension/v2"><Speed>1.96</Speed></TPX></Extensions></Trackpoint><Trackpoint><Time>2026-03-20T11:52:14+00:00</Time><DistanceMeters>1307.2</DistanceMeters><Position><LatitudeDegrees>50.854619</LatitudeDegrees><LongitudeDegrees>4.292928</LongitudeDegrees></Position><AltitudeMeters>70.4</AltitudeMeters><Extensions><TPX xmlns="http://www.garmin.com/xmlschemas/ActivityExtension/v2"><Speed>1.81</Speed></TPX></Extensions></Trackpoint><Trackpoint><Time>2026-03-20T11:52:15+00:00</Time><DistanceMeters>1309.2</DistanceMeters><Position><LatitudeDegrees>50.85461</LatitudeDegrees><LongitudeDegrees>4.292928</LongitudeDegrees></Position><AltitudeMeters>70.3</AltitudeMeters><Extensions><TPX xmlns="http://www.garmin.com/xmlschemas/ActivityExtension/v2"><Speed>2.22</Speed></TPX></Extensions></Trackpoint><Trackpoint><Time>2026-03-20T11:52:16+00:00</Time><DistanceMeters>1311.4</DistanceMeters><Position><LatitudeDegrees>50.854581</LatitudeDegrees><LongitudeDegrees>4.292943</LongitudeDegrees></Position><AltitudeMeters>70.1</AltitudeMeters><Extensions><TPX xmlns="http://www.garmin.com/xmlschemas/ActivityExtension/v2"><Speed>1.96</Speed></TPX></Extensions></Trackpoint><Trackpoint><Time>2026-03-20T11:52:17+00:00</Time><DistanceMeters>1313.6</DistanceMeters><Position><LatitudeDegrees>50.854572</LatitudeDegrees><LongitudeDegrees>4.292947</LongitudeDegrees></Position><AltitudeMeters>70.1</AltitudeMeters><Extensions><TPX xmlns="http://www.garmin.com/xmlschemas/ActivityExtension/v2"><Speed>2.4</Speed></TPX></Extensions></Trackpoint><Trackpoint><Time>2026-03-20T11:52:18+00:00</Time><DistanceMeters>1315.9</DistanceMeters><Position><LatitudeDegrees>50.854542</LatitudeDegrees><LongitudeDegrees>4.29296</LongitudeDegrees></Position><AltitudeMeters>69.9</AltitudeMeters><Extensions><TPX xmlns="http://www.garmin.com/xmlschemas/ActivityExtension/v2"><Speed>2.16</Speed></TPX></Extensions></Trackpoint><Trackpoint><Time>2026-03-20T11:52:19+00:00</Time><DistanceMeters>1318.2</DistanceMeters><Position><LatitudeDegrees>50.854532</LatitudeDegrees><LongitudeDegrees>4.292961</LongitudeDegrees></Position><AltitudeMeters>69.9</AltitudeMeters><Extensions><TPX xmlns="http://www.garmin.com/xmlschemas/ActivityExtension/v2"><Speed>2.21</Speed></TPX></Extensions></Trackpoint><Trackpoint><Time>2026-03-20T11:52:20+00:00</Time><DistanceMeters>1320.4</DistanceMeters><Position><LatitudeDegrees>50.854507</LatitudeDegrees><LongitudeDegrees>4.292987</LongitudeDegrees></Position><AltitudeMeters>69.9</AltitudeMeters><Extensions><TPX xmlns="http://www.garmin.com/xmlschemas/ActivityExtension/v2"><Speed>2.23</Speed></TPX></Extensions></Trackpoint><Trackpoint><Time>2026-03-20T11:52:21+00:00</Time><DistanceMeters>1322.5</DistanceMeters><Position><LatitudeDegrees>50.8545</LatitudeDegrees><LongitudeDegrees>4.292999</LongitudeDegrees></Position><AltitudeMeters>69.9</AltitudeMeters><Extensions><TPX xmlns="http://www.garmin.com/xmlschemas/ActivityExtension/v2"><Speed>2.22</Speed></TPX></Extensions></Trackpoint><Trackpoint><Time>2026-03-20T11:52:22+00:00</Time><DistanceMeters>1324.9</DistanceMeters><Position><LatitudeDegrees>50.854483</LatitudeDegrees><LongitudeDegrees>4.29304</LongitudeDegrees></Position><AltitudeMeters>69.8</AltitudeMeters><Extensions><TPX xmlns="http://www.garmin.com/xmlschemas/ActivityExtension/v2"><Speed>2.25</Speed></TPX></Extensions></Trackpoint><Trackpoint><Time>2026-03-20T11:52:23+00:00</Time><DistanceMeters>1327.2</DistanceMeters><Position><LatitudeDegrees>50.854478</LatitudeDegrees><LongitudeDegrees>4.293055</LongitudeDegrees></Position><AltitudeMeters>69.8</AltitudeMeters><Extensions><TPX xmlns="http://www.garmin.com/xmlschemas/ActivityExtension/v2"><Speed>2.26</Speed></TPX></Extensions></Trackpoint><Trackpoint><Time>2026-03-20T11:52:24+00:00</Time><DistanceMeters>1329.8</DistanceMeters><Position><LatitudeDegrees>50.854469</LatitudeDegrees><LongitudeDegrees>4.293108</LongitudeDegrees></Position><AltitudeMeters>69.7</AltitudeMeters><Extensions><TPX xmlns="http://www.garmin.com/xmlschemas/ActivityExtension/v2"><Speed>2.31</Speed></TPX></Extensions></Trackpoint><Trackpoint><Time>2026-03-20T11:52:25+00:00</Time><DistanceMeters>1332.3</DistanceMeters><Position><LatitudeDegrees>50.854467</LatitudeDegrees><LongitudeDegrees>4.293125</LongitudeDegrees></Position><AltitudeMeters>69.7</AltitudeMeters><Extensions><TPX xmlns="http://www.garmin.com/xmlschemas/ActivityExtension/v2"><Speed>2.39</Speed></TPX></Extensions></Trackpoint><Trackpoint><Time>2026-03-20T11:52:26+00:00</Time><DistanceMeters>1334.9</DistanceMeters><Position><LatitudeDegrees>50.85446</LatitudeDegrees><LongitudeDegrees>4.29318</LongitudeDegrees></Position><AltitudeMeters>69.6</AltitudeMeters><Extensions><TPX xmlns="http://www.garmin.com/xmlschemas/ActivityExtension/v2"><Speed>2.49</Speed></TPX></Extensions></Trackpoint><Trackpoint><Time>2026-03-20T11:52:27+00:00</Time><DistanceMeters>1337.6</DistanceMeters><Position><LatitudeDegrees>50.854457</LatitudeDegrees><LongitudeDegrees>4.2932</LongitudeDegrees></Position><AltitudeMeters>69.6</AltitudeMeters><Extensions><TPX xmlns="http://www.garmin.com/xmlschemas/ActivityExtension/v2"><Speed>2.55</Speed></TPX></Extensions></Trackpoint><Trackpoint><Time>2026-03-20T11:52:28+00:00</Time><DistanceMeters>1340.1</DistanceMeters><Position><LatitudeDegrees>50.854451</LatitudeDegrees><LongitudeDegrees>4.293252</LongitudeDegrees></Position><AltitudeMeters>69.5</AltitudeMeters><Extensions><TPX xmlns="http://www.garmin.com/xmlschemas/ActivityExtension/v2"><Speed>2.57</Speed></TPX></Extensions></Trackpoint><Trackpoint><Time>2026-03-20T11:52:29+00:00</Time><DistanceMeters>1342.5</DistanceMeters><Position><LatitudeDegrees>50.854448</LatitudeDegrees><LongitudeDegrees>4.293267</LongitudeDegrees></Position><AltitudeMeters>69.5</AltitudeMeters><Extensions><TPX xmlns="http://www.garmin.com/xmlschemas/ActivityExtension/v2"><Speed>2.55</Speed></TPX></Extensions></Trackpoint><Trackpoint><Time>2026-03-20T11:52:30+00:00</Time><DistanceMeters>1344.8</DistanceMeters><Position><LatitudeDegrees>50.854443</LatitudeDegrees><LongitudeDegrees>4.293315</LongitudeDegrees></Position><AltitudeMeters>69.4</AltitudeMeters><Extensions><TPX xmlns="http://www.garmin.com/xmlschemas/ActivityExtension/v2"><Speed>2.49</Speed></TPX></Extensions></Trackpoint><Trackpoint><Time>2026-03-20T11:52:31+00:00</Time><DistanceMeters>1347.0</DistanceMeters><Position><LatitudeDegrees>50.854441</LatitudeDegrees><LongitudeDegrees>4.293331</LongitudeDegrees></Position><AltitudeMeters>69.4</AltitudeMeters><Extensions><TPX xmlns="http://www.garmin.com/xmlschemas/ActivityExtension/v2"><Speed>2.41</Speed></TPX></Extensions></Trackpoint><Trackpoint><Time>2026-03-20T11:52:32+00:00</Time><DistanceMeters>1349.4</DistanceMeters><Position><LatitudeDegrees>50.854432</LatitudeDegrees><LongitudeDegrees>4.29338</LongitudeDegrees></Position><AltitudeMeters>69.3</AltitudeMeters><Extensions><TPX xmlns="http://www.garmin.com/xmlschemas/ActivityExtension/v2"><Speed>2.36</Speed></TPX></Extensions></Trackpoint><Trackpoint><Time>2026-03-20T11:52:33+00:00</Time><DistanceMeters>1351.8</DistanceMeters><Position><LatitudeDegrees>50.854429</LatitudeDegrees><LongitudeDegrees>4.293397</LongitudeDegrees></Position><AltitudeMeters>69.3</AltitudeMeters><Extensions><TPX xmlns="http://www.garmin.com/xmlschemas/ActivityExtension/v2"><Speed>2.35</Speed></TPX></Extensions></Trackpoint><Trackpoint><Time>2026-03-20T11:52:34+00:00</Time><DistanceMeters>1354.1</DistanceMeters><Position><LatitudeDegrees>50.854424</LatitudeDegrees><LongitudeDegrees>4.293443</LongitudeDegrees></Position><AltitudeMeters>69.3</AltitudeMeters><Extensions><TPX xmlns="http://www.garmin.com/xmlschemas/ActivityExtension/v2"><Speed>2.31</Speed></TPX></Extensions></Trackpoint><Trackpoint><Time>2026-03-20T11:52:35+00:00</Time><DistanceMeters>1356.3</DistanceMeters><Position><LatitudeDegrees>50.854422</LatitudeDegrees><LongitudeDegrees>4.293459</LongitudeDegrees></Position><AltitudeMeters>69.2</AltitudeMeters><Extensions><TPX xmlns="http://www.garmin.com/xmlschemas/ActivityExtension/v2"><Speed>2.31</Speed></TPX></Extensions></Trackpoint><Trackpoint><Time>2026-03-20T11:52:36+00:00</Time><DistanceMeters>1358.4</DistanceMeters><Position><LatitudeDegrees>50.854415</LatitudeDegrees><LongitudeDegrees>4.293504</LongitudeDegrees></Position><AltitudeMeters>69.2</AltitudeMeters><Extensions><TPX xmlns="http://www.garmin.com/xmlschemas/ActivityExtension/v2"><Speed>2.29</Speed></TPX></Extensions></Trackpoint><Trackpoint><Time>2026-03-20T11:52:37+00:00</Time><DistanceMeters>1360.6</DistanceMeters><Position><LatitudeDegrees>50.854413</LatitudeDegrees><LongitudeDegrees>4.293519</LongitudeDegrees></Position><AltitudeMeters>69.2</AltitudeMeters><Extensions><TPX xmlns="http://www.garmin.com/xmlschemas/ActivityExtension/v2"><Speed>2.24</Speed></TPX></Extensions></Trackpoint><Trackpoint><Time>2026-03-20T11:52:38+00:00</Time><DistanceMeters>1362.8</DistanceMeters><Position><LatitudeDegrees>50.854407</LatitudeDegrees><LongitudeDegrees>4.293564</LongitudeDegrees></Position><AltitudeMeters>69.1</AltitudeMeters><Extensions><TPX xmlns="http://www.garmin.com/xmlschemas/ActivityExtension/v2"><Speed>2.2</Speed></TPX></Extensions></Trackpoint><Trackpoint><Time>2026-03-20T11:52:39+00:00</Time><DistanceMeters>1365.0</DistanceMeters><Position><LatitudeDegrees>50.854404</LatitudeDegrees><LongitudeDegrees>4.293579</LongitudeDegrees></Position><AltitudeMeters>69.1</AltitudeMeters><Extensions><TPX xmlns="http://www.garmin.com/xmlschemas/ActivityExtension/v2"><Speed>2.19</Speed></TPX></Extensions></Trackpoint><Trackpoint><Time>2026-03-20T11:52:40+00:00</Time><DistanceMeters>1365.0</DistanceMeters><Position><LatitudeDegrees>50.854398</LatitudeDegrees><LongitudeDegrees>4.293608</LongitudeDegrees></Position><AltitudeMeters>69.1</AltitudeMeters><Extensions><TPX xmlns="http://www.garmin.com/xmlschemas/ActivityExtension/v2"><Speed>1.74</Speed></TPX></Extensions></Trackpoint><Trackpoint><Time>2026-03-20T11:52:41+00:00</Time><DistanceMeters>1368.9</DistanceMeters><Position><LatitudeDegrees>50.854394</LatitudeDegrees><LongitudeDegrees>4.293633</LongitudeDegrees></Position><AltitudeMeters>69.0</AltitudeMeters><Extensions><TPX xmlns="http://www.garmin.com/xmlschemas/ActivityExtension/v2"><Speed>2.09</Speed></TPX></Extensions></Trackpoint><Trackpoint><Time>2026-03-20T11:52:42+00:00</Time><DistanceMeters>1368.9</DistanceMeters><Position><LatitudeDegrees>50.854388</LatitudeDegrees><LongitudeDegrees>4.29366</LongitudeDegrees></Position><AltitudeMeters>69.0</AltitudeMeters><Extensions><TPX xmlns="http://www.garmin.com/xmlschemas/ActivityExtension/v2"><Speed>1.66</Speed></TPX></Extensions></Trackpoint><Trackpoint><Time>2026-03-20T11:52:43+00:00</Time><DistanceMeters>1372.7</DistanceMeters><Position><LatitudeDegrees>50.854382</LatitudeDegrees><LongitudeDegrees>4.293684</LongitudeDegrees></Position><AltitudeMeters>69.0</AltitudeMeters><Extensions><TPX xmlns="http://www.garmin.com/xmlschemas/ActivityExtension/v2"><Speed>1.98</Speed></TPX></Extensions></Trackpoint><Trackpoint><Time>2026-03-20T11:52:44+00:00</Time><DistanceMeters>1372.7</DistanceMeters><Position><LatitudeDegrees>50.854375</LatitudeDegrees><LongitudeDegrees>4.293711</LongitudeDegrees></Position><AltitudeMeters>68.9</AltitudeMeters><Extensions><TPX xmlns="http://www.garmin.com/xmlschemas/ActivityExtension/v2"><Speed>1.54</Speed></TPX></Extensions></Trackpoint><Trackpoint><Time>2026-03-20T11:52:45+00:00</Time><DistanceMeters>1376.5</DistanceMeters><Position><LatitudeDegrees>50.854369</LatitudeDegrees><LongitudeDegrees>4.293734</LongitudeDegrees></Position><AltitudeMeters>68.9</AltitudeMeters><Extensions><TPX xmlns="http://www.garmin.com/xmlschemas/ActivityExtension/v2"><Speed>2.3</Speed></TPX></Extensions></Trackpoint><Trackpoint><Time>2026-03-20T11:52:46+00:00</Time><DistanceMeters>1376.5</DistanceMeters><Position><LatitudeDegrees>50.854362</LatitudeDegrees><LongitudeDegrees>4.293759</LongitudeDegrees></Position><AltitudeMeters>68.9</AltitudeMeters><Extensions><TPX xmlns="http://www.garmin.com/xmlschemas/ActivityExtension/v2"><Speed>1.52</Speed></TPX></Extensions></Trackpoint><Trackpoint><Time>2026-03-20T11:52:47+00:00</Time><DistanceMeters>1380.5</DistanceMeters><Position><LatitudeDegrees>50.854354</LatitudeDegrees><LongitudeDegrees>4.293787</LongitudeDegrees></Position><AltitudeMeters>68.8</AltitudeMeters><Extensions><TPX xmlns="http://www.garmin.com/xmlschemas/ActivityExtension/v2"><Speed>2.32</Speed></TPX></Extensions></Trackpoint><Trackpoint><Time>2026-03-20T11:52:48+00:00</Time><DistanceMeters>1382.9</DistanceMeters><Position><LatitudeDegrees>50.854343</LatitudeDegrees><LongitudeDegrees>4.293833</LongitudeDegrees></Position><AltitudeMeters>68.8</AltitudeMeters><Extensions><TPX xmlns="http://www.garmin.com/xmlschemas/ActivityExtension/v2"><Speed>2.04</Speed></TPX></Extensions></Trackpoint><Trackpoint><Time>2026-03-20T11:52:49+00:00</Time><DistanceMeters>1385.3</DistanceMeters><Position><LatitudeDegrees>50.854339</LatitudeDegrees><LongitudeDegrees>4.293849</LongitudeDegrees></Position><AltitudeMeters>68.8</AltitudeMeters><Extensions><TPX xmlns="http://www.garmin.com/xmlschemas/ActivityExtension/v2"><Speed>2.52</Speed></TPX></Extensions></Trackpoint><Trackpoint><Time>2026-03-20T11:52:50+00:00</Time><DistanceMeters>1387.8</DistanceMeters><Position><LatitudeDegrees>50.854329</LatitudeDegrees><LongitudeDegrees>4.2939</LongitudeDegrees></Position><AltitudeMeters>68.7</AltitudeMeters><Extensions><TPX xmlns="http://www.garmin.com/xmlschemas/ActivityExtension/v2"><Speed>2.25</Speed></TPX></Extensions></Trackpoint><Trackpoint><Time>2026-03-20T11:52:51+00:00</Time><DistanceMeters>1390.2</DistanceMeters><Position><LatitudeDegrees>50.854325</LatitudeDegrees><LongitudeDegrees>4.293917</LongitudeDegrees></Position><AltitudeMeters>68.7</AltitudeMeters><Extensions><TPX xmlns="http://www.garmin.com/xmlschemas/ActivityExtension/v2"><Speed>2.74</Speed></TPX></Extensions></Trackpoint><Trackpoint><Time>2026-03-20T11:52:52+00:00</Time><DistanceMeters>1392.9</DistanceMeters><Position><LatitudeDegrees>50.854317</LatitudeDegrees><LongitudeDegrees>4.293971</LongitudeDegrees></Position><AltitudeMeters>68.7</AltitudeMeters><Extensions><TPX xmlns="http://www.garmin.com/xmlschemas/ActivityExtension/v2"><Speed>2.48</Speed></TPX></Extensions></Trackpoint><Trackpoint><Time>2026-03-20T11:52:53+00:00</Time><DistanceMeters>1395.6</DistanceMeters><Position><LatitudeDegrees>50.854314</LatitudeDegrees><LongitudeDegrees>4.293992</LongitudeDegrees></Position><AltitudeMeters>68.6</AltitudeMeters><Extensions><TPX xmlns="http://www.garmin.com/xmlschemas/ActivityExtension/v2"><Speed>2.54</Speed></TPX></Extensions></Trackpoint><Trackpoint><Time>2026-03-20T11:52:54+00:00</Time><DistanceMeters>1398.4</DistanceMeters><Position><LatitudeDegrees>50.854307</LatitudeDegrees><LongitudeDegrees>4.29405</LongitudeDegrees></Position><AltitudeMeters>68.6</AltitudeMeters><Extensions><TPX xmlns="http://www.garmin.com/xmlschemas/ActivityExtension/v2"><Speed>2.63</Speed></TPX></Extensions></Trackpoint><Trackpoint><Time>2026-03-20T11:52:55+00:00</Time><DistanceMeters>1401.3</DistanceMeters><Position><LatitudeDegrees>50.854304</LatitudeDegrees><LongitudeDegrees>4.294071</LongitudeDegrees></Position><AltitudeMeters>68.6</AltitudeMeters><Extensions><TPX xmlns="http://www.garmin.com/xmlschemas/ActivityExtension/v2"><Speed>2.71</Speed></TPX></Extensions></Trackpoint><Trackpoint><Time>2026-03-20T11:52:56+00:00</Time><DistanceMeters>1403.9</DistanceMeters><Position><LatitudeDegrees>50.854293</LatitudeDegrees><LongitudeDegrees>4.294125</LongitudeDegrees></Position><AltitudeMeters>68.5</AltitudeMeters><Extensions><TPX xmlns="http://www.garmin.com/xmlschemas/ActivityExtension/v2"><Speed>2.75</Speed></TPX></Extensions></Trackpoint><Trackpoint><Time>2026-03-20T11:52:57+00:00</Time><DistanceMeters>1406.6</DistanceMeters><Position><LatitudeDegrees>50.854289</LatitudeDegrees><LongitudeDegrees>4.294143</LongitudeDegrees></Position><AltitudeMeters>68.5</AltitudeMeters><Extensions><TPX xmlns="http://www.garmin.com/xmlschemas/ActivityExtension/v2"><Speed>2.74</Speed></TPX></Extensions></Trackpoint><Trackpoint><Time>2026-03-20T11:52:58+00:00</Time><DistanceMeters>1409.2</DistanceMeters><Position><LatitudeDegrees>50.854279</LatitudeDegrees><LongitudeDegrees>4.294195</LongitudeDegrees></Position><AltitudeMeters>68.4</AltitudeMeters><Extensions><TPX xmlns="http://www.garmin.com/xmlschemas/ActivityExtension/v2"><Speed>2.71</Speed></TPX></Extensions></Trackpoint><Trackpoint><Time>2026-03-20T11:52:59+00:00</Time><DistanceMeters>1411.7</DistanceMeters><Position><LatitudeDegrees>50.854276</LatitudeDegrees><LongitudeDegrees>4.294212</LongitudeDegrees></Position><AltitudeMeters>68.4</AltitudeMeters><Extensions><TPX xmlns="http://www.garmin.com/xmlschemas/ActivityExtension/v2"><Speed>2.65</Speed></TPX></Extensions></Trackpoint><Trackpoint><Time>2026-03-20T11:53:00+00:00</Time><DistanceMeters>1414.2</DistanceMeters><Position><LatitudeDegrees>50.854266</LatitudeDegrees><LongitudeDegrees>4.294262</LongitudeDegrees></Position><AltitudeMeters>68.4</AltitudeMeters><Extensions><TPX xmlns="http://www.garmin.com/xmlschemas/ActivityExtension/v2"><Speed>2.57</Speed></TPX></Extensions></Trackpoint><Trackpoint><Time>2026-03-20T11:53:01+00:00</Time><DistanceMeters>1416.6</DistanceMeters><Position><LatitudeDegrees>50.854262</LatitudeDegrees><LongitudeDegrees>4.294278</LongitudeDegrees></Position><AltitudeMeters>68.4</AltitudeMeters><Extensions><TPX xmlns="http://www.garmin.com/xmlschemas/ActivityExtension/v2"><Speed>2.53</Speed></TPX></Extensions></Trackpoint><Trackpoint><Time>2026-03-20T11:53:02+00:00</Time><DistanceMeters>1419.2</DistanceMeters><Position><LatitudeDegrees>50.85425</LatitudeDegrees><LongitudeDegrees>4.294332</LongitudeDegrees></Position><AltitudeMeters>68.3</AltitudeMeters><Extensions><TPX xmlns="http://www.garmin.com/xmlschemas/ActivityExtension/v2"><Speed>2.52</Speed></TPX></Extensions></Trackpoint><Trackpoint><Time>2026-03-20T11:53:03+00:00</Time><DistanceMeters>1421.8</DistanceMeters><Position><LatitudeDegrees>50.854246</LatitudeDegrees><LongitudeDegrees>4.294349</LongitudeDegrees></Position><AltitudeMeters>68.3</AltitudeMeters><Extensions><TPX xmlns="http://www.garmin.com/xmlschemas/ActivityExtension/v2"><Speed>2.53</Speed></TPX></Extensions></Trackpoint><Trackpoint><Time>2026-03-20T11:53:04+00:00</Time><DistanceMeters>1423.9</DistanceMeters><Position><LatitudeDegrees>50.85424</LatitudeDegrees><LongitudeDegrees>4.294394</LongitudeDegrees></Position><AltitudeMeters>68.2</AltitudeMeters><Extensions><TPX xmlns="http://www.garmin.com/xmlschemas/ActivityExtension/v2"><Speed>2.43</Speed></TPX></Extensions></Trackpoint><Trackpoint><Time>2026-03-20T11:53:05+00:00</Time><DistanceMeters>1425.9</DistanceMeters><Position><LatitudeDegrees>50.85424</LatitudeDegrees><LongitudeDegrees>4.294406</LongitudeDegrees></Position><AltitudeMeters>68.2</AltitudeMeters><Extensions><TPX xmlns="http://www.garmin.com/xmlschemas/ActivityExtension/v2"><Speed>2.35</Speed></TPX></Extensions></Trackpoint><Trackpoint><Time>2026-03-20T11:53:06+00:00</Time><DistanceMeters>1425.9</DistanceMeters><Position><LatitudeDegrees>50.854242</LatitudeDegrees><LongitudeDegrees>4.294427</LongitudeDegrees></Position><AltitudeMeters>68.2</AltitudeMeters><Extensions><TPX xmlns="http://www.garmin.com/xmlschemas/ActivityExtension/v2"><Speed>1.86</Speed></TPX></Extensions></Trackpoint><Trackpoint><Time>2026-03-20T11:53:07+00:00</Time><DistanceMeters>1429.7</DistanceMeters><Position><LatitudeDegrees>50.85424</LatitudeDegrees><LongitudeDegrees>4.294459</LongitudeDegrees></Position><AltitudeMeters>68.2</AltitudeMeters><Extensions><TPX xmlns="http://www.garmin.com/xmlschemas/ActivityExtension/v2"><Speed>2.1</Speed></TPX></Extensions></Trackpoint><Trackpoint><Time>2026-03-20T11:53:08+00:00</Time><DistanceMeters>1432.4</DistanceMeters><Position><LatitudeDegrees>50.854233</LatitudeDegrees><LongitudeDegrees>4.294515</LongitudeDegrees></Position><AltitudeMeters>68.1</AltitudeMeters><Extensions><TPX xmlns="http://www.garmin.com/xmlschemas/ActivityExtension/v2"><Speed>2.12</Speed></TPX></Extensions></Trackpoint><Trackpoint><Time>2026-03-20T11:53:09+00:00</Time><DistanceMeters>1435.1</DistanceMeters><Position><LatitudeDegrees>50.85423</LatitudeDegrees><LongitudeDegrees>4.294536</LongitudeDegrees></Position><AltitudeMeters>68.1</AltitudeMeters><Extensions><TPX xmlns="http://www.garmin.com/xmlschemas/ActivityExtension/v2"><Speed>2.25</Speed></TPX></Extensions></Trackpoint><Trackpoint><Time>2026-03-20T11:53:10+00:00</Time><DistanceMeters>1437.5</DistanceMeters><Position><LatitudeDegrees>50.854223</LatitudeDegrees><LongitudeDegrees>4.294587</LongitudeDegrees></Position><AltitudeMeters>68.0</AltitudeMeters><Extensions><TPX xmlns="http://www.garmin.com/xmlschemas/ActivityExtension/v2"><Speed>2.32</Speed></TPX></Extensions></Trackpoint><Trackpoint><Time>2026-03-20T11:53:11+00:00</Time><DistanceMeters>1439.9</DistanceMeters><Position><LatitudeDegrees>50.85422</LatitudeDegrees><LongitudeDegrees>4.294602</LongitudeDegrees></Position><AltitudeMeters>68.0</AltitudeMeters><Extensions><TPX xmlns="http://www.garmin.com/xmlschemas/ActivityExtension/v2"><Speed>2.8</Speed></TPX></Extensions></Trackpoint><Trackpoint><Time>2026-03-20T11:53:12+00:00</Time><DistanceMeters>1442.1</DistanceMeters><Position><LatitudeDegrees>50.854212</LatitudeDegrees><LongitudeDegrees>4.294649</LongitudeDegrees></Position><AltitudeMeters>68.0</AltitudeMeters><Extensions><TPX xmlns="http://www.garmin.com/xmlschemas/ActivityExtension/v2"><Speed>2.48</Speed></TPX></Extensions></Trackpoint><Trackpoint><Time>2026-03-20T11:53:13+00:00</Time><DistanceMeters>1444.3</DistanceMeters><Position><LatitudeDegrees>50.854209</LatitudeDegrees><LongitudeDegrees>4.294661</LongitudeDegrees></Position><AltitudeMeters>67.9</AltitudeMeters><Extensions><TPX xmlns="http://www.garmin.com/xmlschemas/ActivityExtension/v2"><Speed>2.38</Speed></TPX></Extensions></Trackpoint><Trackpoint><Time>2026-03-20T11:53:14+00:00</Time><DistanceMeters>1446.6</DistanceMeters><Position><LatitudeDegrees>50.8542</LatitudeDegrees><LongitudeDegrees>4.294709</LongitudeDegrees></Position><AltitudeMeters>67.9</AltitudeMeters><Extensions><TPX xmlns="http://www.garmin.com/xmlschemas/ActivityExtension/v2"><Speed>2.3</Speed></TPX></Extensions></Trackpoint><Trackpoint><Time>2026-03-20T11:53:15+00:00</Time><DistanceMeters>1448.9</DistanceMeters><Position><LatitudeDegrees>50.854198</LatitudeDegrees><LongitudeDegrees>4.294724</LongitudeDegrees></Position><AltitudeMeters>67.9</AltitudeMeters><Extensions><TPX xmlns="http://www.garmin.com/xmlschemas/ActivityExtension/v2"><Speed>2.28</Speed></TPX></Extensions></Trackpoint><Trackpoint><Time>2026-03-20T11:53:16+00:00</Time><DistanceMeters>1448.9</DistanceMeters><Position><LatitudeDegrees>50.854206</LatitudeDegrees><LongitudeDegrees>4.294749</LongitudeDegrees></Position><AltitudeMeters>67.8</AltitudeMeters><Extensions><TPX xmlns="http://www.garmin.com/xmlschemas/ActivityExtension/v2"><Speed>1.8</Speed></TPX></Extensions></Trackpoint><Trackpoint><Time>2026-03-20T11:53:17+00:00</Time><DistanceMeters>1448.9</DistanceMeters><Position><LatitudeDegrees>50.854222</LatitudeDegrees><LongitudeDegrees>4.294734</LongitudeDegrees></Position><AltitudeMeters>67.8</AltitudeMeters><Extensions><TPX xmlns="http://www.garmin.com/xmlschemas/ActivityExtension/v2"><Speed>1.36</Speed></TPX></Extensions></Trackpoint><Trackpoint><Time>2026-03-20T11:53:18+00:00</Time><DistanceMeters>1452.6</DistanceMeters><Position><LatitudeDegrees>50.85423</LatitudeDegrees><LongitudeDegrees>4.294718</LongitudeDegrees></Position><AltitudeMeters>67.8</AltitudeMeters><Extensions><TPX xmlns="http://www.garmin.com/xmlschemas/ActivityExtension/v2"><Speed>1.66</Speed></TPX></Extensions></Trackpoint><Trackpoint><Time>2026-03-20T11:53:20+00:00</Time><DistanceMeters>1452.6</DistanceMeters><Position><LatitudeDegrees>50.854224</LatitudeDegrees><LongitudeDegrees>4.294725</LongitudeDegrees></Position><AltitudeMeters>67.8</AltitudeMeters><Extensions><TPX xmlns="http://www.garmin.com/xmlschemas/ActivityExtension/v2"><Speed>0.74</Speed></TPX></Extensions></Trackpoint><Trackpoint><Time>2026-03-20T11:53:21+00:00</Time><DistanceMeters>1452.6</DistanceMeters><Position><LatitudeDegrees>50.854219</LatitudeDegrees><LongitudeDegrees>4.294702</LongitudeDegrees></Position><AltitudeMeters>67.8</AltitudeMeters><Extensions><TPX xmlns="http://www.garmin.com/xmlschemas/ActivityExtension/v2"><Speed>0.74</Speed></TPX></Extensions></Trackpoint><Trackpoint><Time>2026-03-20T11:53:22+00:00</Time><DistanceMeters>1456.3</DistanceMeters><Position><LatitudeDegrees>50.85422</LatitudeDegrees><LongitudeDegrees>4.294668</LongitudeDegrees></Position><AltitudeMeters>67.7</AltitudeMeters><Extensions><TPX xmlns="http://www.garmin.com/xmlschemas/ActivityExtension/v2"><Speed>1.48</Speed></TPX></Extensions></Trackpoint><Trackpoint><Time>2026-03-20T11:53:23+00:00</Time><DistanceMeters>1465.8</DistanceMeters><Position><LatitudeDegrees>50.854169</LatitudeDegrees><LongitudeDegrees>4.294778</LongitudeDegrees></Position><AltitudeMeters>67.6</AltitudeMeters><Extensions><TPX xmlns="http://www.garmin.com/xmlschemas/ActivityExtension/v2"><Speed>2.64</Speed></TPX></Extensions></Trackpoint><Trackpoint><Time>2026-03-20T11:53:24+00:00</Time><DistanceMeters>1479.0</DistanceMeters><Position><LatitudeDegrees>50.854107</LatitudeDegrees><LongitudeDegrees>4.294938</LongitudeDegrees></Position><AltitudeMeters>67.4</AltitudeMeters><Extensions><TPX xmlns="http://www.garmin.com/xmlschemas/ActivityExtension/v2"><Speed>4.4</Speed></TPX></Extensions></Trackpoint><Trackpoint><Time>2026-03-20T11:53:26+00:00</Time><DistanceMeters>1482.6</DistanceMeters><Position><LatitudeDegrees>50.854091</LatitudeDegrees><LongitudeDegrees>4.294981</LongitudeDegrees></Position><AltitudeMeters>67.4</AltitudeMeters><Extensions><TPX xmlns="http://www.garmin.com/xmlschemas/ActivityExtension/v2"><Speed>6.0</Speed></TPX></Extensions></Trackpoint><Trackpoint><Time>2026-03-20T11:53:27+00:00</Time><DistanceMeters>1485.6</DistanceMeters><Position><LatitudeDegrees>50.854067</LatitudeDegrees><LongitudeDegrees>4.295055</LongitudeDegrees></Position><AltitudeMeters>67.5</AltitudeMeters><Extensions><TPX xmlns="http://www.garmin.com/xmlschemas/ActivityExtension/v2"><Speed>5.86</Speed></TPX></Extensions></Trackpoint><Trackpoint><Time>2026-03-20T11:53:28+00:00</Time><DistanceMeters>1491.1</DistanceMeters><Position><LatitudeDegrees>50.854054</LatitudeDegrees><LongitudeDegrees>4.295087</LongitudeDegrees></Position><AltitudeMeters>67.5</AltitudeMeters><Extensions><TPX xmlns="http://www.garmin.com/xmlschemas/ActivityExtension/v2"><Speed>5.06</Speed></TPX></Extensions></Trackpoint><Trackpoint><Time>2026-03-20T11:53:30+00:00</Time><DistanceMeters>1496.5</DistanceMeters><Position><LatitudeDegrees>50.854028</LatitudeDegrees><LongitudeDegrees>4.295153</LongitudeDegrees></Position><AltitudeMeters>67.5</AltitudeMeters><Extensions><TPX xmlns="http://www.garmin.com/xmlschemas/ActivityExtension/v2"><Speed>2.917</Speed></TPX></Extensions></Trackpoint><Trackpoint><Time>2026-03-20T11:53:31+00:00</Time><DistanceMeters>1499.0</DistanceMeters><Position><LatitudeDegrees>50.854007</LatitudeDegrees><LongitudeDegrees>4.295196</LongitudeDegrees></Position><AltitudeMeters>67.6</AltitudeMeters><Extensions><TPX xmlns="http://www.garmin.com/xmlschemas/ActivityExtension/v2"><Speed>3.28</Speed></TPX></Extensions></Trackpoint><Trackpoint><Time>2026-03-20T11:53:32+00:00</Time><DistanceMeters>1501.5</DistanceMeters><Position><LatitudeDegrees>50.853998</LatitudeDegrees><LongitudeDegrees>4.295207</LongitudeDegrees></Position><AltitudeMeters>67.6</AltitudeMeters><Extensions><TPX xmlns="http://www.garmin.com/xmlschemas/ActivityExtension/v2"><Speed>3.18</Speed></TPX></Extensions></Trackpoint><Trackpoint><Time>2026-03-20T11:53:33+00:00</Time><DistanceMeters>1503.8</DistanceMeters><Position><LatitudeDegrees>50.853974</LatitudeDegrees><LongitudeDegrees>4.295237</LongitudeDegrees></Position><AltitudeMeters>67.6</AltitudeMeters><Extensions><TPX xmlns="http://www.garmin.com/xmlschemas/ActivityExtension/v2"><Speed>2.54</Speed></TPX></Extensions></Trackpoint><Trackpoint><Time>2026-03-20T11:53:34+00:00</Time><DistanceMeters>1506.1</DistanceMeters><Position><LatitudeDegrees>50.853966</LatitudeDegrees><LongitudeDegrees>4.295248</LongitudeDegrees></Position><AltitudeMeters>67.6</AltitudeMeters><Extensions><TPX xmlns="http://www.garmin.com/xmlschemas/ActivityExtension/v2"><Speed>2.5</Speed></TPX></Extensions></Trackpoint><Trackpoint><Time>2026-03-20T11:53:35+00:00</Time><DistanceMeters>1508.3</DistanceMeters><Position><LatitudeDegrees>50.853945</LatitudeDegrees><LongitudeDegrees>4.29528</LongitudeDegrees></Position><AltitudeMeters>67.5</AltitudeMeters><Extensions><TPX xmlns="http://www.garmin.com/xmlschemas/ActivityExtension/v2"><Speed>2.35</Speed></TPX></Extensions></Trackpoint><Trackpoint><Time>2026-03-20T11:53:36+00:00</Time><DistanceMeters>1510.4</DistanceMeters><Position><LatitudeDegrees>50.853935</LatitudeDegrees><LongitudeDegrees>4.295285</LongitudeDegrees></Position><AltitudeMeters>67.5</AltitudeMeters><Extensions><TPX xmlns="http://www.garmin.com/xmlschemas/ActivityExtension/v2"><Speed>2.28</Speed></TPX></Extensions></Trackpoint><Trackpoint><Time>2026-03-20T11:53:37+00:00</Time><DistanceMeters>1512.6</DistanceMeters><Position><LatitudeDegrees>50.85391</LatitudeDegrees><LongitudeDegrees>4.295306</LongitudeDegrees></Position><AltitudeMeters>67.4</AltitudeMeters><Extensions><TPX xmlns="http://www.garmin.com/xmlschemas/ActivityExtension/v2"><Speed>2.21</Speed></TPX></Extensions></Trackpoint><Trackpoint><Time>2026-03-20T11:53:38+00:00</Time><DistanceMeters>1514.7</DistanceMeters><Position><LatitudeDegrees>50.853901</LatitudeDegrees><LongitudeDegrees>4.295312</LongitudeDegrees></Position><AltitudeMeters>67.4</AltitudeMeters><Extensions><TPX xmlns="http://www.garmin.com/xmlschemas/ActivityExtension/v2"><Speed>2.18</Speed></TPX></Extensions></Trackpoint><Trackpoint><Time>2026-03-20T11:53:39+00:00</Time><DistanceMeters>1516.8</DistanceMeters><Position><LatitudeDegrees>50.853883</LatitudeDegrees><LongitudeDegrees>4.295346</LongitudeDegrees></Position><AltitudeMeters>67.3</AltitudeMeters><Extensions><TPX xmlns="http://www.garmin.com/xmlschemas/ActivityExtension/v2"><Speed>2.13</Speed></TPX></Extensions></Trackpoint><Trackpoint><Time>2026-03-20T11:53:40+00:00</Time><DistanceMeters>1518.8</DistanceMeters><Position><LatitudeDegrees>50.85388</LatitudeDegrees><LongitudeDegrees>4.295361</LongitudeDegrees></Position><AltitudeMeters>67.3</AltitudeMeters><Extensions><TPX xmlns="http://www.garmin.com/xmlschemas/ActivityExtension/v2"><Speed>2.11</Speed></TPX></Extensions></Trackpoint><Trackpoint><Time>2026-03-20T11:53:41+00:00</Time><DistanceMeters>1521.3</DistanceMeters><Position><LatitudeDegrees>50.853874</LatitudeDegrees><LongitudeDegrees>4.295415</LongitudeDegrees></Position><AltitudeMeters>67.2</AltitudeMeters><Extensions><TPX xmlns="http://www.garmin.com/xmlschemas/ActivityExtension/v2"><Speed>2.18</Speed></TPX></Extensions></Trackpoint><Trackpoint><Time>2026-03-20T11:53:42+00:00</Time><DistanceMeters>1523.8</DistanceMeters><Position><LatitudeDegrees>50.853872</LatitudeDegrees><LongitudeDegrees>4.295431</LongitudeDegrees></Position><AltitudeMeters>67.1</AltitudeMeters><Extensions><TPX xmlns="http://www.garmin.com/xmlschemas/ActivityExtension/v2"><Speed>2.25</Speed></TPX></Extensions></Trackpoint><Trackpoint><Time>2026-03-20T11:53:43+00:00</Time><DistanceMeters>1525.9</DistanceMeters><Position><LatitudeDegrees>50.853865</LatitudeDegrees><LongitudeDegrees>4.295475</LongitudeDegrees></Position><AltitudeMeters>67.1</AltitudeMeters><Extensions><TPX xmlns="http://www.garmin.com/xmlschemas/ActivityExtension/v2"><Speed>2.24</Speed></TPX></Extensions></Trackpoint><Trackpoint><Time>2026-03-20T11:53:44+00:00</Time><DistanceMeters>1528.0</DistanceMeters><Position><LatitudeDegrees>50.853863</LatitudeDegrees><LongitudeDegrees>4.295489</LongitudeDegrees></Position><AltitudeMeters>67.0</AltitudeMeters><Extensions><TPX xmlns="http://www.garmin.com/xmlschemas/ActivityExtension/v2"><Speed>2.25</Speed></TPX></Extensions></Trackpoint><Trackpoint><Time>2026-03-20T11:53:45+00:00</Time><DistanceMeters>1528.0</DistanceMeters><Position><LatitudeDegrees>50.853861</LatitudeDegrees><LongitudeDegrees>4.295518</LongitudeDegrees></Position><AltitudeMeters>67.0</AltitudeMeters><Extensions><TPX xmlns="http://www.garmin.com/xmlschemas/ActivityExtension/v2"><Speed>1.84</Speed></TPX></Extensions></Trackpoint><Trackpoint><Time>2026-03-20T11:53:46+00:00</Time><DistanceMeters>1532.0</DistanceMeters><Position><LatitudeDegrees>50.853858</LatitudeDegrees><LongitudeDegrees>4.295545</LongitudeDegrees></Position><AltitudeMeters>67.0</AltitudeMeters><Extensions><TPX xmlns="http://www.garmin.com/xmlschemas/ActivityExtension/v2"><Speed>2.14</Speed></TPX></Extensions></Trackpoint><Trackpoint><Time>2026-03-20T11:53:47+00:00</Time><DistanceMeters>1532.0</DistanceMeters><Position><LatitudeDegrees>50.853858</LatitudeDegrees><LongitudeDegrees>4.295572</LongitudeDegrees></Position><AltitudeMeters>66.9</AltitudeMeters><Extensions><TPX xmlns="http://www.garmin.com/xmlschemas/ActivityExtension/v2"><Speed>1.64</Speed></TPX></Extensions></Trackpoint><Trackpoint><Time>2026-03-20T11:53:48+00:00</Time><DistanceMeters>1535.8</DistanceMeters><Position><LatitudeDegrees>50.853853</LatitudeDegrees><LongitudeDegrees>4.295599</LongitudeDegrees></Position><AltitudeMeters>66.9</AltitudeMeters><Extensions><TPX xmlns="http://www.garmin.com/xmlschemas/ActivityExtension/v2"><Speed>1.98</Speed></TPX></Extensions></Trackpoint><Trackpoint><Time>2026-03-20T11:53:49+00:00</Time><DistanceMeters>1537.9</DistanceMeters><Position><LatitudeDegrees>50.853849</LatitudeDegrees><LongitudeDegrees>4.295642</LongitudeDegrees></Position><AltitudeMeters>66.8</AltitudeMeters><Extensions><TPX xmlns="http://www.garmin.com/xmlschemas/ActivityExtension/v2"><Speed>1.97</Speed></TPX></Extensions></Trackpoint><Trackpoint><Time>2026-03-20T11:53:50+00:00</Time><DistanceMeters>1539.9</DistanceMeters><Position><LatitudeDegrees>50.853847</LatitudeDegrees><LongitudeDegrees>4.295657</LongitudeDegrees></Position><AltitudeMeters>66.8</AltitudeMeters><Extensions><TPX xmlns="http://www.garmin.com/xmlschemas/ActivityExtension/v2"><Speed>2.38</Speed></TPX></Extensions></Trackpoint><Trackpoint><Time>2026-03-20T11:53:52+00:00</Time><DistanceMeters>1539.9</DistanceMeters><Position><LatitudeDegrees>50.853846</LatitudeDegrees><LongitudeDegrees>4.295682</LongitudeDegrees></Position><AltitudeMeters>66.8</AltitudeMeters><Extensions><TPX xmlns="http://www.garmin.com/xmlschemas/ActivityExtension/v2"><Speed>1.58</Speed></TPX></Extensions></Trackpoint><Trackpoint><Time>2026-03-20T11:53:53+00:00</Time><DistanceMeters>1543.8</DistanceMeters><Position><LatitudeDegrees>50.853844</LatitudeDegrees><LongitudeDegrees>4.29574</LongitudeDegrees></Position><AltitudeMeters>66.7</AltitudeMeters><Extensions><TPX xmlns="http://www.garmin.com/xmlschemas/ActivityExtension/v2"><Speed>1.6</Speed></TPX></Extensions></Trackpoint><Trackpoint><Time>2026-03-20T11:53:54+00:00</Time><DistanceMeters>1548.0</DistanceMeters><Position><LatitudeDegrees>50.853838</LatitudeDegrees><LongitudeDegrees>4.295771</LongitudeDegrees></Position><AltitudeMeters>66.7</AltitudeMeters><Extensions><TPX xmlns="http://www.garmin.com/xmlschemas/ActivityExtension/v2"><Speed>2.03</Speed></TPX></Extensions></Trackpoint><Trackpoint><Time>2026-03-20T11:53:55+00:00</Time><DistanceMeters>1548.0</DistanceMeters><Position><LatitudeDegrees>50.853838</LatitudeDegrees><LongitudeDegrees>4.295792</LongitudeDegrees></Position><AltitudeMeters>66.7</AltitudeMeters><Extensions><TPX xmlns="http://www.garmin.com/xmlschemas/ActivityExtension/v2"><Speed>1.62</Speed></TPX></Extensions></Trackpoint><Trackpoint><Time>2026-03-20T11:53:57+00:00</Time><DistanceMeters>1551.2</DistanceMeters><Position><LatitudeDegrees>50.853844</LatitudeDegrees><LongitudeDegrees>4.295843</LongitudeDegrees></Position><AltitudeMeters>66.7</AltitudeMeters><Extensions><TPX xmlns="http://www.garmin.com/xmlschemas/ActivityExtension/v2"><Speed>2.26</Speed></TPX></Extensions></Trackpoint><Trackpoint><Time>2026-03-20T11:53:58+00:00</Time><DistanceMeters>1555.1</DistanceMeters><Position><LatitudeDegrees>50.853841</LatitudeDegrees><LongitudeDegrees>4.295871</LongitudeDegrees></Position><AltitudeMeters>66.6</AltitudeMeters><Extensions><TPX xmlns="http://www.garmin.com/xmlschemas/ActivityExtension/v2"><Speed>2.26</Speed></TPX></Extensions></Trackpoint><Trackpoint><Time>2026-03-20T11:53:59+00:00</Time><DistanceMeters>1557.4</DistanceMeters><Position><LatitudeDegrees>50.85384</LatitudeDegrees><LongitudeDegrees>4.29592</LongitudeDegrees></Position><AltitudeMeters>66.6</AltitudeMeters><Extensions><TPX xmlns="http://www.garmin.com/xmlschemas/ActivityExtension/v2"><Speed>1.87</Speed></TPX></Extensions></Trackpoint><Trackpoint><Time>2026-03-20T11:54:00+00:00</Time><DistanceMeters>1559.6</DistanceMeters><Position><LatitudeDegrees>50.853839</LatitudeDegrees><LongitudeDegrees>4.295936</LongitudeDegrees></Position><AltitudeMeters>66.6</AltitudeMeters><Extensions><TPX xmlns="http://www.garmin.com/xmlschemas/ActivityExtension/v2"><Speed>2.32</Speed></TPX></Extensions></Trackpoint><Trackpoint><Time>2026-03-20T11:54:01+00:00</Time><DistanceMeters>1561.9</DistanceMeters><Position><LatitudeDegrees>50.853835</LatitudeDegrees><LongitudeDegrees>4.295984</LongitudeDegrees></Position><AltitudeMeters>66.6</AltitudeMeters><Extensions><TPX xmlns="http://www.garmin.com/xmlschemas/ActivityExtension/v2"><Speed>2.317</Speed></TPX></Extensions></Trackpoint><Trackpoint><Time>2026-03-20T11:54:02+00:00</Time><DistanceMeters>1564.2</DistanceMeters><Position><LatitudeDegrees>50.853832</LatitudeDegrees><LongitudeDegrees>4.296</LongitudeDegrees></Position><AltitudeMeters>66.6</AltitudeMeters><Extensions><TPX xmlns="http://www.garmin.com/xmlschemas/ActivityExtension/v2"><Speed>2.6</Speed></TPX></Extensions></Trackpoint><Trackpoint><Time>2026-03-20T11:54:03+00:00</Time><DistanceMeters>1564.2</DistanceMeters><Position><LatitudeDegrees>50.853829</LatitudeDegrees><LongitudeDegrees>4.296028</LongitudeDegrees></Position><AltitudeMeters>66.6</AltitudeMeters><Extensions><TPX xmlns="http://www.garmin.com/xmlschemas/ActivityExtension/v2"><Speed>1.82</Speed></TPX></Extensions></Trackpoint><Trackpoint><Time>2026-03-20T11:54:04+00:00</Time><DistanceMeters>1567.7</DistanceMeters><Position><LatitudeDegrees>50.853826</LatitudeDegrees><LongitudeDegrees>4.296048</LongitudeDegrees></Position><AltitudeMeters>66.6</AltitudeMeters><Extensions><TPX xmlns="http://www.garmin.com/xmlschemas/ActivityExtension/v2"><Speed>2.07</Speed></TPX></Extensions></Trackpoint><Trackpoint><Time>2026-03-20T11:54:05+00:00</Time><DistanceMeters>1567.7</DistanceMeters><Position><LatitudeDegrees>50.853819</LatitudeDegrees><LongitudeDegrees>4.296072</LongitudeDegrees></Position><AltitudeMeters>66.5</AltitudeMeters><Extensions><TPX xmlns="http://www.garmin.com/xmlschemas/ActivityExtension/v2"><Speed>1.62</Speed></TPX></Extensions></Trackpoint><Trackpoint><Time>2026-03-20T11:54:06+00:00</Time><DistanceMeters>1571.4</DistanceMeters><Position><LatitudeDegrees>50.853812</LatitudeDegrees><LongitudeDegrees>4.296097</LongitudeDegrees></Position><AltitudeMeters>66.5</AltitudeMeters><Extensions><TPX xmlns="http://www.garmin.com/xmlschemas/ActivityExtension/v2"><Speed>1.9</Speed></TPX></Extensions></Trackpoint><Trackpoint><Time>2026-03-20T11:54:07+00:00</Time><DistanceMeters>1571.4</DistanceMeters><Position><LatitudeDegrees>50.853804</LatitudeDegrees><LongitudeDegrees>4.296119</LongitudeDegrees></Position><AltitudeMeters>66.5</AltitudeMeters><Extensions><TPX xmlns="http://www.garmin.com/xmlschemas/ActivityExtension/v2"><Speed>1.44</Speed></TPX></Extensions></Trackpoint><Trackpoint><Time>2026-03-20T11:54:08+00:00</Time><DistanceMeters>1574.9</DistanceMeters><Position><LatitudeDegrees>50.853798</LatitudeDegrees><LongitudeDegrees>4.296142</LongitudeDegrees></Position><AltitudeMeters>66.5</AltitudeMeters><Extensions><TPX xmlns="http://www.garmin.com/xmlschemas/ActivityExtension/v2"><Speed>2.14</Speed></TPX></Extensions></Trackpoint><Trackpoint><Time>2026-03-20T11:54:09+00:00</Time><DistanceMeters>1577.0</DistanceMeters><Position><LatitudeDegrees>50.853788</LatitudeDegrees><LongitudeDegrees>4.296181</LongitudeDegrees></Position><AltitudeMeters>66.5</AltitudeMeters><Extensions><TPX xmlns="http://www.garmin.com/xmlschemas/ActivityExtension/v2"><Speed>1.85</Speed></TPX></Extensions></Trackpoint><Trackpoint><Time>2026-03-20T11:54:10+00:00</Time><DistanceMeters>1579.0</DistanceMeters><Position><LatitudeDegrees>50.853784</LatitudeDegrees><LongitudeDegrees>4.296195</LongitudeDegrees></Position><AltitudeMeters>66.5</AltitudeMeters><Extensions><TPX xmlns="http://www.garmin.com/xmlschemas/ActivityExtension/v2"><Speed>2.26</Speed></TPX></Extensions></Trackpoint><Trackpoint><Time>2026-03-20T11:54:11+00:00</Time><DistanceMeters>1579.0</DistanceMeters><Position><LatitudeDegrees>50.853777</LatitudeDegrees><LongitudeDegrees>4.296217</LongitudeDegrees></Position><AltitudeMeters>66.4</AltitudeMeters><Extensions><TPX xmlns="http://www.garmin.com/xmlschemas/ActivityExtension/v2"><Speed>1.52</Speed></TPX></Extensions></Trackpoint><Trackpoint><Time>2026-03-20T11:54:12+00:00</Time><DistanceMeters>1582.6</DistanceMeters><Position><LatitudeDegrees>50.853772</LatitudeDegrees><LongitudeDegrees>4.296242</LongitudeDegrees></Position><AltitudeMeters>66.4</AltitudeMeters><Extensions><TPX xmlns="http://www.garmin.com/xmlschemas/ActivityExtension/v2"><Speed>2.24</Speed></TPX></Extensions></Trackpoint><Trackpoint><Time>2026-03-20T11:54:13+00:00</Time><DistanceMeters>1582.6</DistanceMeters><Position><LatitudeDegrees>50.853768</LatitudeDegrees><LongitudeDegrees>4.296268</LongitudeDegrees></Position><AltitudeMeters>66.4</AltitudeMeters><Extensions><TPX xmlns="http://www.garmin.com/xmlschemas/ActivityExtension/v2"><Speed>1.54</Speed></TPX></Extensions></Trackpoint><Trackpoint><Time>2026-03-20T11:54:14+00:00</Time><DistanceMeters>1586.3</DistanceMeters><Position><LatitudeDegrees>50.853764</LatitudeDegrees><LongitudeDegrees>4.296295</LongitudeDegrees></Position><AltitudeMeters>66.3</AltitudeMeters><Extensions><TPX xmlns="http://www.garmin.com/xmlschemas/ActivityExtension/v2"><Speed>1.87</Speed></TPX></Extensions></Trackpoint><Trackpoint><Time>2026-03-20T11:54:15+00:00</Time><DistanceMeters>1586.3</DistanceMeters><Position><LatitudeDegrees>50.853759</LatitudeDegrees><LongitudeDegrees>4.296325</LongitudeDegrees></Position><AltitudeMeters>66.3</AltitudeMeters><Extensions><TPX xmlns="http://www.garmin.com/xmlschemas/ActivityExtension/v2"><Speed>1.46</Speed></TPX></Extensions></Trackpoint><Trackpoint><Time>2026-03-20T11:54:16+00:00</Time><DistanceMeters>1590.0</DistanceMeters><Position><LatitudeDegrees>50.853755</LatitudeDegrees><LongitudeDegrees>4.296346</LongitudeDegrees></Position><AltitudeMeters>66.3</AltitudeMeters><Extensions><TPX xmlns="http://www.garmin.com/xmlschemas/ActivityExtension/v2"><Speed>2.2</Speed></TPX></Extensions></Trackpoint><Trackpoint><Time>2026-03-20T11:54:17+00:00</Time><DistanceMeters>1592.4</DistanceMeters><Position><LatitudeDegrees>50.853748</LatitudeDegrees><LongitudeDegrees>4.296394</LongitudeDegrees></Position><AltitudeMeters>66.2</AltitudeMeters><Extensions><TPX xmlns="http://www.garmin.com/xmlschemas/ActivityExtension/v2"><Speed>1.96</Speed></TPX></Extensions></Trackpoint><Trackpoint><Time>2026-03-20T11:54:18+00:00</Time><DistanceMeters>1594.8</DistanceMeters><Position><LatitudeDegrees>50.853745</LatitudeDegrees><LongitudeDegrees>4.296411</LongitudeDegrees></Position><AltitudeMeters>66.2</AltitudeMeters><Extensions><TPX xmlns="http://www.garmin.com/xmlschemas/ActivityExtension/v2"><Speed>2.44</Speed></TPX></Extensions></Trackpoint><Trackpoint><Time>2026-03-20T11:54:19+00:00</Time><DistanceMeters>1597.3</DistanceMeters><Position><LatitudeDegrees>50.853733</LatitudeDegrees><LongitudeDegrees>4.296462</LongitudeDegrees></Position><AltitudeMeters>66.1</AltitudeMeters><Extensions><TPX xmlns="http://www.garmin.com/xmlschemas/ActivityExtension/v2"><Speed>2.19</Speed></TPX></Extensions></Trackpoint><Trackpoint><Time>2026-03-20T11:54:20+00:00</Time><DistanceMeters>1599.7</DistanceMeters><Position><LatitudeDegrees>50.853729</LatitudeDegrees><LongitudeDegrees>4.296477</LongitudeDegrees></Position><AltitudeMeters>66.0</AltitudeMeters><Extensions><TPX xmlns="http://www.garmin.com/xmlschemas/ActivityExtension/v2"><Speed>2.68</Speed></TPX></Extensions></Trackpoint><Trackpoint><Time>2026-03-20T11:54:21+00:00</Time><DistanceMeters>1601.8</DistanceMeters><Position><LatitudeDegrees>50.853721</LatitudeDegrees><LongitudeDegrees>4.296519</LongitudeDegrees></Position><AltitudeMeters>66.0</AltitudeMeters><Extensions><TPX xmlns="http://www.garmin.com/xmlschemas/ActivityExtension/v2"><Speed>2.35</Speed></TPX></Extensions></Trackpoint><Trackpoint><Time>2026-03-20T11:54:22+00:00</Time><DistanceMeters>1603.8</DistanceMeters><Position><LatitudeDegrees>50.853719</LatitudeDegrees><LongitudeDegrees>4.296532</LongitudeDegrees></Position><AltitudeMeters>65.9</AltitudeMeters><Extensions><TPX xmlns="http://www.garmin.com/xmlschemas/ActivityExtension/v2"><Speed>2.28</Speed></TPX></Extensions></Trackpoint><Trackpoint><Time>2026-03-20T11:54:23+00:00</Time><DistanceMeters>1603.8</DistanceMeters><Position><LatitudeDegrees>50.853713</LatitudeDegrees><LongitudeDegrees>4.296559</LongitudeDegrees></Position><AltitudeMeters>65.9</AltitudeMeters><Extensions><TPX xmlns="http://www.garmin.com/xmlschemas/ActivityExtension/v2"><Speed>1.8</Speed></TPX></Extensions></Trackpoint><Trackpoint><Time>2026-03-20T11:54:24+00:00</Time><DistanceMeters>1607.3</DistanceMeters><Position><LatitudeDegrees>50.853707</LatitudeDegrees><LongitudeDegrees>4.296579</LongitudeDegrees></Position><AltitudeMeters>65.8</AltitudeMeters><Extensions><TPX xmlns="http://www.garmin.com/xmlschemas/ActivityExtension/v2"><Speed>2.01</Speed></TPX></Extensions></Trackpoint><Trackpoint><Time>2026-03-20T11:54:25+00:00</Time><DistanceMeters>1609.7</DistanceMeters><Position><LatitudeDegrees>50.853694</LatitudeDegrees><LongitudeDegrees>4.296627</LongitudeDegrees></Position><AltitudeMeters>65.7</AltitudeMeters><Extensions><TPX xmlns="http://www.garmin.com/xmlschemas/ActivityExtension/v2"><Speed>1.99</Speed></TPX></Extensions></Trackpoint><Trackpoint><Time>2026-03-20T11:54:26+00:00</Time><DistanceMeters>1612.0</DistanceMeters><Position><LatitudeDegrees>50.853689</LatitudeDegrees><LongitudeDegrees>4.29664</LongitudeDegrees></Position><AltitudeMeters>65.7</AltitudeMeters><Extensions><TPX xmlns="http://www.garmin.com/xmlschemas/ActivityExtension/v2"><Speed>2.05</Speed></TPX></Extensions></Trackpoint><Trackpoint><Time>2026-03-20T11:54:27+00:00</Time><DistanceMeters>1614.5</DistanceMeters><Position><LatitudeDegrees>50.853659</LatitudeDegrees><LongitudeDegrees>4.296662</LongitudeDegrees></Position><AltitudeMeters>65.5</AltitudeMeters><Extensions><TPX xmlns="http://www.garmin.com/xmlschemas/ActivityExtension/v2"><Speed>2.14</Speed></TPX></Extensions></Trackpoint><Trackpoint><Time>2026-03-20T11:54:28+00:00</Time><DistanceMeters>1617.0</DistanceMeters><Position><LatitudeDegrees>50.853647</LatitudeDegrees><LongitudeDegrees>4.296664</LongitudeDegrees></Position><AltitudeMeters>65.4</AltitudeMeters><Extensions><TPX xmlns="http://www.garmin.com/xmlschemas/ActivityExtension/v2"><Speed>2.64</Speed></TPX></Extensions></Trackpoint><Trackpoint><Time>2026-03-20T11:54:29+00:00</Time><DistanceMeters>1619.5</DistanceMeters><Position><LatitudeDegrees>50.853613</LatitudeDegrees><LongitudeDegrees>4.29667</LongitudeDegrees></Position><AltitudeMeters>65.1</AltitudeMeters><Extensions><TPX xmlns="http://www.garmin.com/xmlschemas/ActivityExtension/v2"><Speed>2.44</Speed></TPX></Extensions></Trackpoint><Trackpoint><Time>2026-03-20T11:54:30+00:00</Time><DistanceMeters>1622.0</DistanceMeters><Position><LatitudeDegrees>50.853602</LatitudeDegrees><LongitudeDegrees>4.296671</LongitudeDegrees></Position><AltitudeMeters>65.0</AltitudeMeters><Extensions><TPX xmlns="http://www.garmin.com/xmlschemas/ActivityExtension/v2"><Speed>2.47</Speed></TPX></Extensions></Trackpoint><Trackpoint><Time>2026-03-20T11:54:31+00:00</Time><DistanceMeters>1624.6</DistanceMeters><Position><LatitudeDegrees>50.853568</LatitudeDegrees><LongitudeDegrees>4.29668</LongitudeDegrees></Position><AltitudeMeters>64.7</AltitudeMeters><Extensions><TPX xmlns="http://www.garmin.com/xmlschemas/ActivityExtension/v2"><Speed>2.52</Speed></TPX></Extensions></Trackpoint><Trackpoint><Time>2026-03-20T11:54:32+00:00</Time><DistanceMeters>1627.2</DistanceMeters><Position><LatitudeDegrees>50.853556</LatitudeDegrees><LongitudeDegrees>4.296682</LongitudeDegrees></Position><AltitudeMeters>64.6</AltitudeMeters><Extensions><TPX xmlns="http://www.garmin.com/xmlschemas/ActivityExtension/v2"><Speed>2.54</Speed></TPX></Extensions></Trackpoint><Trackpoint><Time>2026-03-20T11:54:33+00:00</Time><DistanceMeters>1629.7</DistanceMeters><Position><LatitudeDegrees>50.853523</LatitudeDegrees><LongitudeDegrees>4.29669</LongitudeDegrees></Position><AltitudeMeters>64.3</AltitudeMeters><Extensions><TPX xmlns="http://www.garmin.com/xmlschemas/ActivityExtension/v2"><Speed>2.53</Speed></TPX></Extensions></Trackpoint><Trackpoint><Time>2026-03-20T11:54:34+00:00</Time><DistanceMeters>1632.1</DistanceMeters><Position><LatitudeDegrees>50.853513</LatitudeDegrees><LongitudeDegrees>4.296692</LongitudeDegrees></Position><AltitudeMeters>64.2</AltitudeMeters><Extensions><TPX xmlns="http://www.garmin.com/xmlschemas/ActivityExtension/v2"><Speed>2.52</Speed></TPX></Extensions></Trackpoint><Trackpoint><Time>2026-03-20T11:54:35+00:00</Time><DistanceMeters>1632.1</DistanceMeters><Position><LatitudeDegrees>50.85349</LatitudeDegrees><LongitudeDegrees>4.296692</LongitudeDegrees></Position><AltitudeMeters>64.0</AltitudeMeters><Extensions><TPX xmlns="http://www.garmin.com/xmlschemas/ActivityExtension/v2"><Speed>2.02</Speed></TPX></Extensions></Trackpoint><Trackpoint><Time>2026-03-20T11:54:36+00:00</Time><DistanceMeters>1635.2</DistanceMeters><Position><LatitudeDegrees>50.853484</LatitudeDegrees><LongitudeDegrees>4.296693</LongitudeDegrees></Position><AltitudeMeters>63.9</AltitudeMeters><Extensions><TPX xmlns="http://www.garmin.com/xmlschemas/ActivityExtension/v2"><Speed>2.12</Speed></TPX></Extensions></Trackpoint><Trackpoint><Time>2026-03-20T11:54:37+00:00</Time><DistanceMeters>1635.2</DistanceMeters><Position><LatitudeDegrees>50.853471</LatitudeDegrees><LongitudeDegrees>4.296696</LongitudeDegrees></Position><AltitudeMeters>63.8</AltitudeMeters><Extensions><TPX xmlns="http://www.garmin.com/xmlschemas/ActivityExtension/v2"><Speed>1.6</Speed></TPX></Extensions></Trackpoint><Trackpoint><Time>2026-03-20T11:54:38+00:00</Time><DistanceMeters>1638.4</DistanceMeters><Position><LatitudeDegrees>50.853456</LatitudeDegrees><LongitudeDegrees>4.296697</LongitudeDegrees></Position><AltitudeMeters>63.6</AltitudeMeters><Extensions><TPX xmlns="http://www.garmin.com/xmlschemas/ActivityExtension/v2"><Speed>1.75</Speed></TPX></Extensions></Trackpoint><Trackpoint><Time>2026-03-20T11:54:39+00:00</Time><DistanceMeters>1640.5</DistanceMeters><Position><LatitudeDegrees>50.853429</LatitudeDegrees><LongitudeDegrees>4.296682</LongitudeDegrees></Position><AltitudeMeters>63.4</AltitudeMeters><Extensions><TPX xmlns="http://www.garmin.com/xmlschemas/ActivityExtension/v2"><Speed>1.68</Speed></TPX></Extensions></Trackpoint><Trackpoint><Time>2026-03-20T11:54:40+00:00</Time><DistanceMeters>1642.6</DistanceMeters><Position><LatitudeDegrees>50.853421</LatitudeDegrees><LongitudeDegrees>4.296675</LongitudeDegrees></Position><AltitudeMeters>63.3</AltitudeMeters><Extensions><TPX xmlns="http://www.garmin.com/xmlschemas/ActivityExtension/v2"><Speed>2.1</Speed></TPX></Extensions></Trackpoint><Trackpoint><Time>2026-03-20T11:54:41+00:00</Time><DistanceMeters>1644.9</DistanceMeters><Position><LatitudeDegrees>50.853392</LatitudeDegrees><LongitudeDegrees>4.296659</LongitudeDegrees></Position><AltitudeMeters>63.0</AltitudeMeters><Extensions><TPX xmlns="http://www.garmin.com/xmlschemas/ActivityExtension/v2"><Speed>1.94</Speed></TPX></Extensions></Trackpoint><Trackpoint><Time>2026-03-20T11:54:42+00:00</Time><DistanceMeters>1647.2</DistanceMeters><Position><LatitudeDegrees>50.853381</LatitudeDegrees><LongitudeDegrees>4.296655</LongitudeDegrees></Position><AltitudeMeters>62.9</AltitudeMeters><Extensions><TPX xmlns="http://www.garmin.com/xmlschemas/ActivityExtension/v2"><Speed>2.4</Speed></TPX></Extensions></Trackpoint><Trackpoint><Time>2026-03-20T11:54:43+00:00</Time><DistanceMeters>1650.1</DistanceMeters><Position><LatitudeDegrees>50.853345</LatitudeDegrees><LongitudeDegrees>4.296642</LongitudeDegrees></Position><AltitudeMeters>62.6</AltitudeMeters><Extensions><TPX xmlns="http://www.garmin.com/xmlschemas/ActivityExtension/v2"><Speed>2.33</Speed></TPX></Extensions></Trackpoint><Trackpoint><Time>2026-03-20T11:54:44+00:00</Time><DistanceMeters>1652.9</DistanceMeters><Position><LatitudeDegrees>50.853331</LatitudeDegrees><LongitudeDegrees>4.296637</LongitudeDegrees></Position><AltitudeMeters>62.5</AltitudeMeters><Extensions><TPX xmlns="http://www.garmin.com/xmlschemas/ActivityExtension/v2"><Speed>2.48</Speed></TPX></Extensions></Trackpoint><Trackpoint><Time>2026-03-20T11:54:45+00:00</Time><DistanceMeters>1652.9</DistanceMeters><Position><LatitudeDegrees>50.853318</LatitudeDegrees><LongitudeDegrees>4.296635</LongitudeDegrees></Position><AltitudeMeters>62.3</AltitudeMeters><Extensions><TPX xmlns="http://www.garmin.com/xmlschemas/ActivityExtension/v2"><Speed>2.06</Speed></TPX></Extensions></Trackpoint><Trackpoint><Time>2026-03-20T11:54:46+00:00</Time><DistanceMeters>1656.6</DistanceMeters><Position><LatitudeDegrees>50.853298</LatitudeDegrees><LongitudeDegrees>4.296637</LongitudeDegrees></Position><AltitudeMeters>62.1</AltitudeMeters><Extensions><TPX xmlns="http://www.garmin.com/xmlschemas/ActivityExtension/v2"><Speed>2.34</Speed></TPX></Extensions></Trackpoint><Trackpoint><Time>2026-03-20T11:54:47+00:00</Time><DistanceMeters>1658.9</DistanceMeters><Position><LatitudeDegrees>50.853268</LatitudeDegrees><LongitudeDegrees>4.296641</LongitudeDegrees></Position><AltitudeMeters>61.8</AltitudeMeters><Extensions><TPX xmlns="http://www.garmin.com/xmlschemas/ActivityExtension/v2"><Speed>2.33</Speed></TPX></Extensions></Trackpoint><Trackpoint><Time>2026-03-20T11:54:48+00:00</Time><DistanceMeters>1661.1</DistanceMeters><Position><LatitudeDegrees>50.853258</LatitudeDegrees><LongitudeDegrees>4.296644</LongitudeDegrees></Position><AltitudeMeters>61.7</AltitudeMeters><Extensions><TPX xmlns="http://www.garmin.com/xmlschemas/ActivityExtension/v2"><Speed>2.21</Speed></TPX></Extensions></Trackpoint><Trackpoint><Time>2026-03-20T11:54:49+00:00</Time><DistanceMeters>1663.6</DistanceMeters><Position><LatitudeDegrees>50.853226</LatitudeDegrees><LongitudeDegrees>4.296661</LongitudeDegrees></Position><AltitudeMeters>61.3</AltitudeMeters><Extensions><TPX xmlns="http://www.garmin.com/xmlschemas/ActivityExtension/v2"><Speed>2.14</Speed></TPX></Extensions></Trackpoint><Trackpoint><Time>2026-03-20T11:54:50+00:00</Time><DistanceMeters>1666.1</DistanceMeters><Position><LatitudeDegrees>50.853215</LatitudeDegrees><LongitudeDegrees>4.296667</LongitudeDegrees></Position><AltitudeMeters>61.1</AltitudeMeters><Extensions><TPX xmlns="http://www.garmin.com/xmlschemas/ActivityExtension/v2"><Speed>2.64</Speed></TPX></Extensions></Trackpoint><Trackpoint><Time>2026-03-20T11:54:51+00:00</Time><DistanceMeters>1668.6</DistanceMeters><Position><LatitudeDegrees>50.853187</LatitudeDegrees><LongitudeDegrees>4.296695</LongitudeDegrees></Position><AltitudeMeters>60.6</AltitudeMeters><Extensions><TPX xmlns="http://www.garmin.com/xmlschemas/ActivityExtension/v2"><Speed>2.4</Speed></TPX></Extensions></Trackpoint><Trackpoint><Time>2026-03-20T11:54:52+00:00</Time><DistanceMeters>1671.1</DistanceMeters><Position><LatitudeDegrees>50.853177</LatitudeDegrees><LongitudeDegrees>4.296703</LongitudeDegrees></Position><AltitudeMeters>60.5</AltitudeMeters><Extensions><TPX xmlns="http://www.garmin.com/xmlschemas/ActivityExtension/v2"><Speed>2.45</Speed></TPX></Extensions></Trackpoint><Trackpoint><Time>2026-03-20T11:54:53+00:00</Time><DistanceMeters>1673.5</DistanceMeters><Position><LatitudeDegrees>50.85315</LatitudeDegrees><LongitudeDegrees>4.296732</LongitudeDegrees></Position><AltitudeMeters>60.0</AltitudeMeters><Extensions><TPX xmlns="http://www.garmin.com/xmlschemas/ActivityExtension/v2"><Speed>2.48</Speed></TPX></Extensions></Trackpoint><Trackpoint><Time>2026-03-20T11:54:54+00:00</Time><DistanceMeters>1675.9</DistanceMeters><Position><LatitudeDegrees>50.853142</LatitudeDegrees><LongitudeDegrees>4.296743</LongitudeDegrees></Position><AltitudeMeters>59.9</AltitudeMeters><Extensions><TPX xmlns="http://www.garmin.com/xmlschemas/ActivityExtension/v2"><Speed>2.46</Speed></TPX></Extensions></Trackpoint><Trackpoint><Time>2026-03-20T11:54:55+00:00</Time><DistanceMeters>1678.5</DistanceMeters><Position><LatitudeDegrees>50.853115</LatitudeDegrees><LongitudeDegrees>4.29678</LongitudeDegrees></Position><AltitudeMeters>59.4</AltitudeMeters><Extensions><TPX xmlns="http://www.garmin.com/xmlschemas/ActivityExtension/v2"><Speed>2.48</Speed></TPX></Extensions></Trackpoint><Trackpoint><Time>2026-03-20T11:54:56+00:00</Time><DistanceMeters>1681.1</DistanceMeters><Position><LatitudeDegrees>50.853106</LatitudeDegrees><LongitudeDegrees>4.296791</LongitudeDegrees></Position><AltitudeMeters>59.3</AltitudeMeters><Extensions><TPX xmlns="http://www.garmin.com/xmlschemas/ActivityExtension/v2"><Speed>2.5</Speed></TPX></Extensions></Trackpoint><Trackpoint><Time>2026-03-20T11:54:57+00:00</Time><DistanceMeters>1683.7</DistanceMeters><Position><LatitudeDegrees>50.853082</LatitudeDegrees><LongitudeDegrees>4.29683</LongitudeDegrees></Position><AltitudeMeters>58.8</AltitudeMeters><Extensions><TPX xmlns="http://www.garmin.com/xmlschemas/ActivityExtension/v2"><Speed>2.51</Speed></TPX></Extensions></Trackpoint><Trackpoint><Time>2026-03-20T11:54:58+00:00</Time><DistanceMeters>1686.2</DistanceMeters><Position><LatitudeDegrees>50.853075</LatitudeDegrees><LongitudeDegrees>4.296845</LongitudeDegrees></Position><AltitudeMeters>58.6</AltitudeMeters><Extensions><TPX xmlns="http://www.garmin.com/xmlschemas/ActivityExtension/v2"><Speed>2.54</Speed></TPX></Extensions></Trackpoint><Trackpoint><Time>2026-03-20T11:54:59+00:00</Time><DistanceMeters>1688.5</DistanceMeters><Position><LatitudeDegrees>50.853051</LatitudeDegrees><LongitudeDegrees>4.296876</LongitudeDegrees></Position><AltitudeMeters>58.2</AltitudeMeters><Extensions><TPX xmlns="http://www.garmin.com/xmlschemas/ActivityExtension/v2"><Speed>2.52</Speed></TPX></Extensions></Trackpoint><Trackpoint><Time>2026-03-20T11:55:00+00:00</Time><DistanceMeters>1690.8</DistanceMeters><Position><LatitudeDegrees>50.853042</LatitudeDegrees><LongitudeDegrees>4.296885</LongitudeDegrees></Position><AltitudeMeters>58.0</AltitudeMeters><Extensions><TPX xmlns="http://www.garmin.com/xmlschemas/ActivityExtension/v2"><Speed>2.46</Speed></TPX></Extensions></Trackpoint><Trackpoint><Time>2026-03-20T11:55:01+00:00</Time><DistanceMeters>1693.0</DistanceMeters><Position><LatitudeDegrees>50.853021</LatitudeDegrees><LongitudeDegrees>4.296918</LongitudeDegrees></Position><AltitudeMeters>57.6</AltitudeMeters><Extensions><TPX xmlns="http://www.garmin.com/xmlschemas/ActivityExtension/v2"><Speed>2.38</Speed></TPX></Extensions></Trackpoint><Trackpoint><Time>2026-03-20T11:55:02+00:00</Time><DistanceMeters>1695.2</DistanceMeters><Position><LatitudeDegrees>50.853015</LatitudeDegrees><LongitudeDegrees>4.29693</LongitudeDegrees></Position><AltitudeMeters>57.5</AltitudeMeters><Extensions><TPX xmlns="http://www.garmin.com/xmlschemas/ActivityExtension/v2"><Speed>2.31</Speed></TPX></Extensions></Trackpoint><Trackpoint><Time>2026-03-20T11:55:03+00:00</Time><DistanceMeters>1697.3</DistanceMeters><Position><LatitudeDegrees>50.852988</LatitudeDegrees><LongitudeDegrees>4.296954</LongitudeDegrees></Position><AltitudeMeters>57.0</AltitudeMeters><Extensions><TPX xmlns="http://www.garmin.com/xmlschemas/ActivityExtension/v2"><Speed>2.22</Speed></TPX></Extensions></Trackpoint><Trackpoint><Time>2026-03-20T11:55:04+00:00</Time><DistanceMeters>1699.4</DistanceMeters><Position><LatitudeDegrees>50.852981</LatitudeDegrees><LongitudeDegrees>4.296958</LongitudeDegrees></Position><AltitudeMeters>56.9</AltitudeMeters><Extensions><TPX xmlns="http://www.garmin.com/xmlschemas/ActivityExtension/v2"><Speed>2.18</Speed></TPX></Extensions></Trackpoint><Trackpoint><Time>2026-03-20T11:55:05+00:00</Time><DistanceMeters>1699.4</DistanceMeters><Position><LatitudeDegrees>50.852967</LatitudeDegrees><LongitudeDegrees>4.296965</LongitudeDegrees></Position><AltitudeMeters>56.6</AltitudeMeters><Extensions><TPX xmlns="http://www.garmin.com/xmlschemas/ActivityExtension/v2"><Speed>1.72</Speed></TPX></Extensions></Trackpoint><Trackpoint><Time>2026-03-20T11:55:06+00:00</Time><DistanceMeters>1703.2</DistanceMeters><Position><LatitudeDegrees>50.85295</LatitudeDegrees><LongitudeDegrees>4.29698</LongitudeDegrees></Position><AltitudeMeters>56.3</AltitudeMeters><Extensions><TPX xmlns="http://www.garmin.com/xmlschemas/ActivityExtension/v2"><Speed>2.04</Speed></TPX></Extensions></Trackpoint><Trackpoint><Time>2026-03-20T11:55:07+00:00</Time><DistanceMeters>1704.6</DistanceMeters><Position><LatitudeDegrees>50.852936</LatitudeDegrees><LongitudeDegrees>4.296992</LongitudeDegrees></Position><AltitudeMeters>56.1</AltitudeMeters><Extensions><TPX xmlns="http://www.garmin.com/xmlschemas/ActivityExtension/v2"><Speed>1.887</Speed></TPX></Extensions></Trackpoint><Trackpoint><Time>2026-03-20T11:55:08+00:00</Time><DistanceMeters>1706.1</DistanceMeters><Position><LatitudeDegrees>50.852924</LatitudeDegrees><LongitudeDegrees>4.296996</LongitudeDegrees></Position><AltitudeMeters>55.9</AltitudeMeters><Extensions><TPX xmlns="http://www.garmin.com/xmlschemas/ActivityExtension/v2"><Speed>1.753</Speed></TPX></Extensions></Trackpoint><Trackpoint><Time>2026-03-20T11:55:09+00:00</Time><DistanceMeters>1707.5</DistanceMeters><Position><LatitudeDegrees>50.852912</LatitudeDegrees><LongitudeDegrees>4.296999</LongitudeDegrees></Position><AltitudeMeters>55.7</AltitudeMeters><Extensions><TPX xmlns="http://www.garmin.com/xmlschemas/ActivityExtension/v2"><Speed>1.62</Speed></TPX></Extensions></Trackpoint><Trackpoint><Time>2026-03-20T11:55:11+00:00</Time><DistanceMeters>1708.9</DistanceMeters><Position><LatitudeDegrees>50.852899</LatitudeDegrees><LongitudeDegrees>4.297002</LongitudeDegrees></Position><AltitudeMeters>55.5</AltitudeMeters><Extensions><TPX xmlns="http://www.garmin.com/xmlschemas/ActivityExtension/v2"><Speed>1.147</Speed></TPX></Extensions></Trackpoint><Trackpoint><Time>2026-03-20T11:55:12+00:00</Time><DistanceMeters>1710.4</DistanceMeters><Position><LatitudeDegrees>50.852887</LatitudeDegrees><LongitudeDegrees>4.297006</LongitudeDegrees></Position><AltitudeMeters>55.3</AltitudeMeters><Extensions><TPX xmlns="http://www.garmin.com/xmlschemas/ActivityExtension/v2"><Speed>1.147</Speed></TPX></Extensions></Trackpoint><Trackpoint><Time>2026-03-20T11:55:13+00:00</Time><DistanceMeters>1711.8</DistanceMeters><Position><LatitudeDegrees>50.852875</LatitudeDegrees><LongitudeDegrees>4.297009</LongitudeDegrees></Position><AltitudeMeters>55.1</AltitudeMeters><Extensions><TPX xmlns="http://www.garmin.com/xmlschemas/ActivityExtension/v2"><Speed>1.147</Speed></TPX></Extensions></Trackpoint><Trackpoint><Time>2026-03-20T11:55:14+00:00</Time><DistanceMeters>1713.9</DistanceMeters><Position><LatitudeDegrees>50.852848</LatitudeDegrees><LongitudeDegrees>4.297013</LongitudeDegrees></Position><AltitudeMeters>54.7</AltitudeMeters><Extensions><TPX xmlns="http://www.garmin.com/xmlschemas/ActivityExtension/v2"><Speed>1.27</Speed></TPX></Extensions></Trackpoint><Trackpoint><Time>2026-03-20T11:55:15+00:00</Time><DistanceMeters>1715.9</DistanceMeters><Position><LatitudeDegrees>50.852838</LatitudeDegrees><LongitudeDegrees>4.29701</LongitudeDegrees></Position><AltitudeMeters>54.5</AltitudeMeters><Extensions><TPX xmlns="http://www.garmin.com/xmlschemas/ActivityExtension/v2"><Speed>1.4</Speed></TPX></Extensions></Trackpoint><Trackpoint><Time>2026-03-20T11:55:16+00:00</Time><DistanceMeters>1718.3</DistanceMeters><Position><LatitudeDegrees>50.852814</LatitudeDegrees><LongitudeDegrees>4.296976</LongitudeDegrees></Position><AltitudeMeters>54.1</AltitudeMeters><Extensions><TPX xmlns="http://www.garmin.com/xmlschemas/ActivityExtension/v2"><Speed>1.873</Speed></TPX></Extensions></Trackpoint><Trackpoint><Time>2026-03-20T11:55:17+00:00</Time><DistanceMeters>1720.7</DistanceMeters><Position><LatitudeDegrees>50.852806</LatitudeDegrees><LongitudeDegrees>4.296965</LongitudeDegrees></Position><AltitudeMeters>53.9</AltitudeMeters><Extensions><TPX xmlns="http://www.garmin.com/xmlschemas/ActivityExtension/v2"><Speed>2.067</Speed></TPX></Extensions></Trackpoint><Trackpoint><Time>2026-03-20T11:55:18+00:00</Time><DistanceMeters>1724.0</DistanceMeters><Position><LatitudeDegrees>50.852793</LatitudeDegrees><LongitudeDegrees>4.296923</LongitudeDegrees></Position><AltitudeMeters>53.5</AltitudeMeters><Extensions><TPX xmlns="http://www.garmin.com/xmlschemas/ActivityExtension/v2"><Speed>2.44</Speed></TPX></Extensions></Trackpoint><Trackpoint><Time>2026-03-20T11:55:19+00:00</Time><DistanceMeters>1726.7</DistanceMeters><Position><LatitudeDegrees>50.852781</LatitudeDegrees><LongitudeDegrees>4.296869</LongitudeDegrees></Position><AltitudeMeters>53.1</AltitudeMeters><Extensions><TPX xmlns="http://www.garmin.com/xmlschemas/ActivityExtension/v2"><Speed>2.56</Speed></TPX></Extensions></Trackpoint><Trackpoint><Time>2026-03-20T11:55:20+00:00</Time><DistanceMeters>1729.3</DistanceMeters><Position><LatitudeDegrees>50.852777</LatitudeDegrees><LongitudeDegrees>4.296852</LongitudeDegrees></Position><AltitudeMeters>52.9</AltitudeMeters><Extensions><TPX xmlns="http://www.garmin.com/xmlschemas/ActivityExtension/v2"><Speed>2.68</Speed></TPX></Extensions></Trackpoint><Trackpoint><Time>2026-03-20T11:55:21+00:00</Time><DistanceMeters>1731.9</DistanceMeters><Position><LatitudeDegrees>50.852761</LatitudeDegrees><LongitudeDegrees>4.296805</LongitudeDegrees></Position><AltitudeMeters>52.5</AltitudeMeters><Extensions><TPX xmlns="http://www.garmin.com/xmlschemas/ActivityExtension/v2"><Speed>2.72</Speed></TPX></Extensions></Trackpoint><Trackpoint><Time>2026-03-20T11:55:22+00:00</Time><DistanceMeters>1734.5</DistanceMeters><Position><LatitudeDegrees>50.852752</LatitudeDegrees><LongitudeDegrees>4.296788</LongitudeDegrees></Position><AltitudeMeters>52.3</AltitudeMeters><Extensions><TPX xmlns="http://www.garmin.com/xmlschemas/ActivityExtension/v2"><Speed>2.76</Speed></TPX></Extensions></Trackpoint><Trackpoint><Time>2026-03-20T11:55:23+00:00</Time><DistanceMeters>1734.5</DistanceMeters><Position><LatitudeDegrees>50.852748</LatitudeDegrees><LongitudeDegrees>4.296772</LongitudeDegrees></Position><AltitudeMeters>52.2</AltitudeMeters><Extensions><TPX xmlns="http://www.garmin.com/xmlschemas/ActivityExtension/v2"><Speed>2.1</Speed></TPX></Extensions></Trackpoint><Trackpoint><Time>2026-03-20T11:55:24+00:00</Time><DistanceMeters>1737.7</DistanceMeters><Position><LatitudeDegrees>50.852738</LatitudeDegrees><LongitudeDegrees>4.296748</LongitudeDegrees></Position><AltitudeMeters>52.0</AltitudeMeters><Extensions><TPX xmlns="http://www.garmin.com/xmlschemas/ActivityExtension/v2"><Speed>2.21</Speed></TPX></Extensions></Trackpoint><Trackpoint><Time>2026-03-20T11:55:25+00:00</Time><DistanceMeters>1740.1</DistanceMeters><Position><LatitudeDegrees>50.852717</LatitudeDegrees><LongitudeDegrees>4.29671</LongitudeDegrees></Position><AltitudeMeters>51.6</AltitudeMeters><Extensions><TPX xmlns="http://www.garmin.com/xmlschemas/ActivityExtension/v2"><Speed>2.15</Speed></TPX></Extensions></Trackpoint><Trackpoint><Time>2026-03-20T11:55:26+00:00</Time><DistanceMeters>1742.4</DistanceMeters><Position><LatitudeDegrees>50.85271</LatitudeDegrees><LongitudeDegrees>4.296699</LongitudeDegrees></Position><AltitudeMeters>51.5</AltitudeMeters><Extensions><TPX xmlns="http://www.garmin.com/xmlschemas/ActivityExtension/v2"><Speed>2.1</Speed></TPX></Extensions></Trackpoint><Trackpoint><Time>2026-03-20T11:55:27+00:00</Time><DistanceMeters>1744.7</DistanceMeters><Position><LatitudeDegrees>50.85269</LatitudeDegrees><LongitudeDegrees>4.296664</LongitudeDegrees></Position><AltitudeMeters>51.2</AltitudeMeters><Extensions><TPX xmlns="http://www.garmin.com/xmlschemas/ActivityExtension/v2"><Speed>2.03</Speed></TPX></Extensions></Trackpoint><Trackpoint><Time>2026-03-20T11:55:28+00:00</Time><DistanceMeters>1746.9</DistanceMeters><Position><LatitudeDegrees>50.852683</LatitudeDegrees><LongitudeDegrees>4.296652</LongitudeDegrees></Position><AltitudeMeters>51.1</AltitudeMeters><Extensions><TPX xmlns="http://www.garmin.com/xmlschemas/ActivityExtension/v2"><Speed>2.48</Speed></TPX></Extensions></Trackpoint><Trackpoint><Time>2026-03-20T11:55:29+00:00</Time><DistanceMeters>1749.2</DistanceMeters><Position><LatitudeDegrees>50.852665</LatitudeDegrees><LongitudeDegrees>4.296612</LongitudeDegrees></Position><AltitudeMeters>50.8</AltitudeMeters><Extensions><TPX xmlns="http://www.garmin.com/xmlschemas/ActivityExtension/v2"><Speed>2.29</Speed></TPX></Extensions></Trackpoint><Trackpoint><Time>2026-03-20T11:55:30+00:00</Time><DistanceMeters>1751.4</DistanceMeters><Position><LatitudeDegrees>50.852659</LatitudeDegrees><LongitudeDegrees>4.296599</LongitudeDegrees></Position><AltitudeMeters>50.7</AltitudeMeters><Extensions><TPX xmlns="http://www.garmin.com/xmlschemas/ActivityExtension/v2"><Speed>2.27</Speed></TPX></Extensions></Trackpoint><Trackpoint><Time>2026-03-20T11:55:31+00:00</Time><DistanceMeters>1753.7</DistanceMeters><Position><LatitudeDegrees>50.852639</LatitudeDegrees><LongitudeDegrees>4.296562</LongitudeDegrees></Position><AltitudeMeters>50.3</AltitudeMeters><Extensions><TPX xmlns="http://www.garmin.com/xmlschemas/ActivityExtension/v2"><Speed>2.26</Speed></TPX></Extensions></Trackpoint><Trackpoint><Time>2026-03-20T11:55:32+00:00</Time><DistanceMeters>1756.0</DistanceMeters><Position><LatitudeDegrees>50.852632</LatitudeDegrees><LongitudeDegrees>4.29655</LongitudeDegrees></Position><AltitudeMeters>50.2</AltitudeMeters><Extensions><TPX xmlns="http://www.garmin.com/xmlschemas/ActivityExtension/v2"><Speed>2.27</Speed></TPX></Extensions></Trackpoint><Trackpoint><Time>2026-03-20T11:55:33+00:00</Time><DistanceMeters>1758.3</DistanceMeters><Position><LatitudeDegrees>50.852613</LatitudeDegrees><LongitudeDegrees>4.296514</LongitudeDegrees></Position><AltitudeMeters>49.9</AltitudeMeters><Extensions><TPX xmlns="http://www.garmin.com/xmlschemas/ActivityExtension/v2"><Speed>2.27</Speed></TPX></Extensions></Trackpoint><Trackpoint><Time>2026-03-20T11:55:34+00:00</Time><DistanceMeters>1760.5</DistanceMeters><Position><LatitudeDegrees>50.852605</LatitudeDegrees><LongitudeDegrees>4.296502</LongitudeDegrees></Position><AltitudeMeters>49.8</AltitudeMeters><Extensions><TPX xmlns="http://www.garmin.com/xmlschemas/ActivityExtension/v2"><Speed>2.27</Speed></TPX></Extensions></Trackpoint><Trackpoint><Time>2026-03-20T11:55:35+00:00</Time><DistanceMeters>1762.7</DistanceMeters><Position><LatitudeDegrees>50.852583</LatitudeDegrees><LongitudeDegrees>4.296472</LongitudeDegrees></Position><AltitudeMeters>49.5</AltitudeMeters><Extensions><TPX xmlns="http://www.garmin.com/xmlschemas/ActivityExtension/v2"><Speed>2.25</Speed></TPX></Extensions></Trackpoint><Trackpoint><Time>2026-03-20T11:55:36+00:00</Time><DistanceMeters>1764.8</DistanceMeters><Position><LatitudeDegrees>50.852575</LatitudeDegrees><LongitudeDegrees>4.296465</LongitudeDegrees></Position><AltitudeMeters>49.5</AltitudeMeters><Extensions><TPX xmlns="http://www.garmin.com/xmlschemas/ActivityExtension/v2"><Speed>2.22</Speed></TPX></Extensions></Trackpoint><Trackpoint><Time>2026-03-20T11:55:37+00:00</Time><DistanceMeters>1764.8</DistanceMeters><Position><LatitudeDegrees>50.852559</LatitudeDegrees><LongitudeDegrees>4.296458</LongitudeDegrees></Position><AltitudeMeters>49.3</AltitudeMeters><Extensions><TPX xmlns="http://www.garmin.com/xmlschemas/ActivityExtension/v2"><Speed>1.76</Speed></TPX></Extensions></Trackpoint><Trackpoint><Time>2026-03-20T11:55:38+00:00</Time><DistanceMeters>1768.5</DistanceMeters><Position><LatitudeDegrees>50.852542</LatitudeDegrees><LongitudeDegrees>4.296453</LongitudeDegrees></Position><AltitudeMeters>49.2</AltitudeMeters><Extensions><TPX xmlns="http://www.garmin.com/xmlschemas/ActivityExtension/v2"><Speed>2.05</Speed></TPX></Extensions></Trackpoint><Trackpoint><Time>2026-03-20T11:55:39+00:00</Time><DistanceMeters>1768.5</DistanceMeters><Position><LatitudeDegrees>50.852526</LatitudeDegrees><LongitudeDegrees>4.296457</LongitudeDegrees></Position><AltitudeMeters>49.1</AltitudeMeters><Extensions><TPX xmlns="http://www.garmin.com/xmlschemas/ActivityExtension/v2"><Speed>1.6</Speed></TPX></Extensions></Trackpoint><Trackpoint><Time>2026-03-20T11:55:40+00:00</Time><DistanceMeters>1772.1</DistanceMeters><Position><LatitudeDegrees>50.852511</LatitudeDegrees><LongitudeDegrees>4.296465</LongitudeDegrees></Position><AltitudeMeters>49.0</AltitudeMeters><Extensions><TPX xmlns="http://www.garmin.com/xmlschemas/ActivityExtension/v2"><Speed>1.89</Speed></TPX></Extensions></Trackpoint><Trackpoint><Time>2026-03-20T11:55:41+00:00</Time><DistanceMeters>1772.1</DistanceMeters><Position><LatitudeDegrees>50.852498</LatitudeDegrees><LongitudeDegrees>4.29648</LongitudeDegrees></Position><AltitudeMeters>48.9</AltitudeMeters><Extensions><TPX xmlns="http://www.garmin.com/xmlschemas/ActivityExtension/v2"><Speed>1.46</Speed></TPX></Extensions></Trackpoint><Trackpoint><Time>2026-03-20T11:55:42+00:00</Time><DistanceMeters>1772.1</DistanceMeters><Position><LatitudeDegrees>50.852505</LatitudeDegrees><LongitudeDegrees>4.296505</LongitudeDegrees></Position><AltitudeMeters>48.9</AltitudeMeters><Extensions><TPX xmlns="http://www.garmin.com/xmlschemas/ActivityExtension/v2"><Speed>1.46</Speed></TPX></Extensions></Trackpoint><Trackpoint><Time>2026-03-20T11:55:43+00:00</Time><DistanceMeters>1775.4</DistanceMeters><Position><LatitudeDegrees>50.852524</LatitudeDegrees><LongitudeDegrees>4.296507</LongitudeDegrees></Position><AltitudeMeters>49.1</AltitudeMeters><Extensions><TPX xmlns="http://www.garmin.com/xmlschemas/ActivityExtension/v2"><Speed>1.38</Speed></TPX></Extensions></Trackpoint><Trackpoint><Time>2026-03-20T11:55:44+00:00</Time><DistanceMeters>1777.8</DistanceMeters><Position><LatitudeDegrees>50.852557</LatitudeDegrees><LongitudeDegrees>4.296503</LongitudeDegrees></Position><AltitudeMeters>49.3</AltitudeMeters><Extensions><TPX xmlns="http://www.garmin.com/xmlschemas/ActivityExtension/v2"><Speed>1.86</Speed></TPX></Extensions></Trackpoint><Trackpoint><Time>2026-03-20T11:55:45+00:00</Time><DistanceMeters>1780.2</DistanceMeters><Position><LatitudeDegrees>50.852568</LatitudeDegrees><LongitudeDegrees>4.296505</LongitudeDegrees></Position><AltitudeMeters>49.4</AltitudeMeters><Extensions><TPX xmlns="http://www.garmin.com/xmlschemas/ActivityExtension/v2"><Speed>1.62</Speed></TPX></Extensions></Trackpoint><Trackpoint><Time>2026-03-20T11:55:46+00:00</Time><DistanceMeters>1782.9</DistanceMeters><Position><LatitudeDegrees>50.852603</LatitudeDegrees><LongitudeDegrees>4.296522</LongitudeDegrees></Position><AltitudeMeters>49.7</AltitudeMeters><Extensions><TPX xmlns="http://www.garmin.com/xmlschemas/ActivityExtension/v2"><Speed>2.15</Speed></TPX></Extensions></Trackpoint><Trackpoint><Time>2026-03-20T11:55:47+00:00</Time><DistanceMeters>1785.5</DistanceMeters><Position><LatitudeDegrees>50.852612</LatitudeDegrees><LongitudeDegrees>4.296528</LongitudeDegrees></Position><AltitudeMeters>49.7</AltitudeMeters><Extensions><TPX xmlns="http://www.garmin.com/xmlschemas/ActivityExtension/v2"><Speed>2.68</Speed></TPX></Extensions></Trackpoint><Trackpoint><Time>2026-03-20T11:55:48+00:00</Time><DistanceMeters>1788.2</DistanceMeters><Position><LatitudeDegrees>50.852642</LatitudeDegrees><LongitudeDegrees>4.296563</LongitudeDegrees></Position><AltitudeMeters>50.1</AltitudeMeters><Extensions><TPX xmlns="http://www.garmin.com/xmlschemas/ActivityExtension/v2"><Speed>2.56</Speed></TPX></Extensions></Trackpoint><Trackpoint><Time>2026-03-20T11:55:49+00:00</Time><DistanceMeters>1790.9</DistanceMeters><Position><LatitudeDegrees>50.852651</LatitudeDegrees><LongitudeDegrees>4.296576</LongitudeDegrees></Position><AltitudeMeters>50.2</AltitudeMeters><Extensions><TPX xmlns="http://www.garmin.com/xmlschemas/ActivityExtension/v2"><Speed>2.62</Speed></TPX></Extensions></Trackpoint><Trackpoint><Time>2026-03-20T11:55:50+00:00</Time><DistanceMeters>1794.1</DistanceMeters><Position><LatitudeDegrees>50.852668</LatitudeDegrees><LongitudeDegrees>4.296612</LongitudeDegrees></Position><AltitudeMeters>50.5</AltitudeMeters><Extensions><TPX xmlns="http://www.garmin.com/xmlschemas/ActivityExtension/v2"><Speed>2.78</Speed></TPX></Extensions></Trackpoint><Trackpoint><Time>2026-03-20T11:55:51+00:00</Time><DistanceMeters>1797.3</DistanceMeters><Position><LatitudeDegrees>50.852686</LatitudeDegrees><LongitudeDegrees>4.296647</LongitudeDegrees></Position><AltitudeMeters>50.7</AltitudeMeters><Extensions><TPX xmlns="http://www.garmin.com/xmlschemas/ActivityExtension/v2"><Speed>2.89</Speed></TPX></Extensions></Trackpoint><Trackpoint><Time>2026-03-20T11:55:52+00:00</Time><DistanceMeters>1801.2</DistanceMeters><Position><LatitudeDegrees>50.852707</LatitudeDegrees><LongitudeDegrees>4.296693</LongitudeDegrees></Position><AltitudeMeters>51.1</AltitudeMeters><Extensions><TPX xmlns="http://www.garmin.com/xmlschemas/ActivityExtension/v2"><Speed>3.14</Speed></TPX></Extensions></Trackpoint><Trackpoint><Time>2026-03-20T11:55:53+00:00</Time><DistanceMeters>1805.1</DistanceMeters><Position><LatitudeDegrees>50.852731</LatitudeDegrees><LongitudeDegrees>4.296732</LongitudeDegrees></Position><AltitudeMeters>51.4</AltitudeMeters><Extensions><TPX xmlns="http://www.garmin.com/xmlschemas/ActivityExtension/v2"><Speed>3.38</Speed></TPX></Extensions></Trackpoint><Trackpoint><Time>2026-03-20T11:55:54+00:00</Time><DistanceMeters>1808.7</DistanceMeters><Position><LatitudeDegrees>50.852753</LatitudeDegrees><LongitudeDegrees>4.29677</LongitudeDegrees></Position><AltitudeMeters>51.7</AltitudeMeters><Extensions><TPX xmlns="http://www.garmin.com/xmlschemas/ActivityExtension/v2"><Speed>3.56</Speed></TPX></Extensions></Trackpoint><Trackpoint><Time>2026-03-20T11:55:55+00:00</Time><DistanceMeters>1812.1</DistanceMeters><Position><LatitudeDegrees>50.852772</LatitudeDegrees><LongitudeDegrees>4.296808</LongitudeDegrees></Position><AltitudeMeters>52.0</AltitudeMeters><Extensions><TPX xmlns="http://www.garmin.com/xmlschemas/ActivityExtension/v2"><Speed>3.6</Speed></TPX></Extensions></Trackpoint><Trackpoint><Time>2026-03-20T11:55:56+00:00</Time><DistanceMeters>1815.4</DistanceMeters><Position><LatitudeDegrees>50.852791</LatitudeDegrees><LongitudeDegrees>4.296845</LongitudeDegrees></Position><AltitudeMeters>52.4</AltitudeMeters><Extensions><TPX xmlns="http://www.garmin.com/xmlschemas/ActivityExtension/v2"><Speed>3.62</Speed></TPX></Extensions></Trackpoint><Trackpoint><Time>2026-03-20T11:55:57+00:00</Time><DistanceMeters>1818.6</DistanceMeters><Position><LatitudeDegrees>50.852809</LatitudeDegrees><LongitudeDegrees>4.29688</LongitudeDegrees></Position><AltitudeMeters>52.7</AltitudeMeters><Extensions><TPX xmlns="http://www.garmin.com/xmlschemas/ActivityExtension/v2"><Speed>3.48</Speed></TPX></Extensions></Trackpoint><Trackpoint><Time>2026-03-20T11:55:58+00:00</Time><DistanceMeters>1821.8</DistanceMeters><Position><LatitudeDegrees>50.852829</LatitudeDegrees><LongitudeDegrees>4.296912</LongitudeDegrees></Position><AltitudeMeters>53.0</AltitudeMeters><Extensions><TPX xmlns="http://www.garmin.com/xmlschemas/ActivityExtension/v2"><Speed>3.34</Speed></TPX></Extensions></Trackpoint><Trackpoint><Time>2026-03-20T11:55:59+00:00</Time><DistanceMeters>1825.5</DistanceMeters><Position><LatitudeDegrees>50.852854</LatitudeDegrees><LongitudeDegrees>4.296947</LongitudeDegrees></Position><AltitudeMeters>53.4</AltitudeMeters><Extensions><TPX xmlns="http://www.garmin.com/xmlschemas/ActivityExtension/v2"><Speed>3.36</Speed></TPX></Extensions></Trackpoint><Trackpoint><Time>2026-03-20T11:56:00+00:00</Time><DistanceMeters>1829.3</DistanceMeters><Position><LatitudeDegrees>50.852883</LatitudeDegrees><LongitudeDegrees>4.296977</LongitudeDegrees></Position><AltitudeMeters>53.8</AltitudeMeters><Extensions><TPX xmlns="http://www.garmin.com/xmlschemas/ActivityExtension/v2"><Speed>3.44</Speed></TPX></Extensions></Trackpoint><Trackpoint><Time>2026-03-20T11:56:01+00:00</Time><DistanceMeters>1832.8</DistanceMeters><Position><LatitudeDegrees>50.852909</LatitudeDegrees><LongitudeDegrees>4.297005</LongitudeDegrees></Position><AltitudeMeters>54.2</AltitudeMeters><Extensions><TPX xmlns="http://www.garmin.com/xmlschemas/ActivityExtension/v2"><Speed>3.48</Speed></TPX></Extensions></Trackpoint><Trackpoint><Time>2026-03-20T11:56:02+00:00</Time><DistanceMeters>1836.2</DistanceMeters><Position><LatitudeDegrees>50.852936</LatitudeDegrees><LongitudeDegrees>4.297027</LongitudeDegrees></Position><AltitudeMeters>54.6</AltitudeMeters><Extensions><TPX xmlns="http://www.garmin.com/xmlschemas/ActivityExtension/v2"><Speed>3.52</Speed></TPX></Extensions></Trackpoint><Trackpoint><Time>2026-03-20T11:56:03+00:00</Time><DistanceMeters>1839.3</DistanceMeters><Position><LatitudeDegrees>50.852963</LatitudeDegrees><LongitudeDegrees>4.29704</LongitudeDegrees></Position><AltitudeMeters>55.0</AltitudeMeters><Extensions><TPX xmlns="http://www.garmin.com/xmlschemas/ActivityExtension/v2"><Speed>3.5</Speed></TPX></Extensions></Trackpoint><Trackpoint><Time>2026-03-20T11:56:04+00:00</Time><DistanceMeters>1843.0</DistanceMeters><Position><LatitudeDegrees>50.852996</LatitudeDegrees><LongitudeDegrees>4.297046</LongitudeDegrees></Position><AltitudeMeters>55.4</AltitudeMeters><Extensions><TPX xmlns="http://www.garmin.com/xmlschemas/ActivityExtension/v2"><Speed>3.5</Speed></TPX></Extensions></Trackpoint><Trackpoint><Time>2026-03-20T11:56:05+00:00</Time><DistanceMeters>1847.0</DistanceMeters><Position><LatitudeDegrees>50.85303</LatitudeDegrees><LongitudeDegrees>4.29703</LongitudeDegrees></Position><AltitudeMeters>55.9</AltitudeMeters><Extensions><TPX xmlns="http://www.garmin.com/xmlschemas/ActivityExtension/v2"><Speed>3.54</Speed></TPX></Extensions></Trackpoint><Trackpoint><Time>2026-03-20T11:56:06+00:00</Time><DistanceMeters>1850.7</DistanceMeters><Position><LatitudeDegrees>50.85306</LatitudeDegrees><LongitudeDegrees>4.297006</LongitudeDegrees></Position><AltitudeMeters>56.4</AltitudeMeters><Extensions><TPX xmlns="http://www.garmin.com/xmlschemas/ActivityExtension/v2"><Speed>3.58</Speed></TPX></Extensions></Trackpoint><Trackpoint><Time>2026-03-20T11:56:07+00:00</Time><DistanceMeters>1853.8</DistanceMeters><Position><LatitudeDegrees>50.853085</LatitudeDegrees><LongitudeDegrees>4.296987</LongitudeDegrees></Position><AltitudeMeters>56.8</AltitudeMeters><Extensions><TPX xmlns="http://www.garmin.com/xmlschemas/ActivityExtension/v2"><Speed>3.52</Speed></TPX></Extensions></Trackpoint><Trackpoint><Time>2026-03-20T11:56:08+00:00</Time><DistanceMeters>1856.8</DistanceMeters><Position><LatitudeDegrees>50.853117</LatitudeDegrees><LongitudeDegrees>4.296948</LongitudeDegrees></Position><AltitudeMeters>57.4</AltitudeMeters><Extensions><TPX xmlns="http://www.garmin.com/xmlschemas/ActivityExtension/v2"><Speed>3.49</Speed></TPX></Extensions></Trackpoint><Trackpoint><Time>2026-03-20T11:56:09+00:00</Time><DistanceMeters>1859.7</DistanceMeters><Position><LatitudeDegrees>50.853126</LatitudeDegrees><LongitudeDegrees>4.296932</LongitudeDegrees></Position><AltitudeMeters>57.6</AltitudeMeters><Extensions><TPX xmlns="http://www.garmin.com/xmlschemas/ActivityExtension/v2"><Speed>3.34</Speed></TPX></Extensions></Trackpoint><Trackpoint><Time>2026-03-20T11:56:10+00:00</Time><DistanceMeters>1862.8</DistanceMeters><Position><LatitudeDegrees>50.853143</LatitudeDegrees><LongitudeDegrees>4.296898</LongitudeDegrees></Position><AltitudeMeters>57.9</AltitudeMeters><Extensions><TPX xmlns="http://www.garmin.com/xmlschemas/ActivityExtension/v2"><Speed>3.16</Speed></TPX></Extensions></Trackpoint><Trackpoint><Time>2026-03-20T11:56:11+00:00</Time><DistanceMeters>1865.1</DistanceMeters><Position><LatitudeDegrees>50.853161</LatitudeDegrees><LongitudeDegrees>4.296852</LongitudeDegrees></Position><AltitudeMeters>58.4</AltitudeMeters><Extensions><TPX xmlns="http://www.garmin.com/xmlschemas/ActivityExtension/v2"><Speed>2.88</Speed></TPX></Extensions></Trackpoint><Trackpoint><Time>2026-03-20T11:56:12+00:00</Time><DistanceMeters>1867.4</DistanceMeters><Position><LatitudeDegrees>50.853163</LatitudeDegrees><LongitudeDegrees>4.29684</LongitudeDegrees></Position><AltitudeMeters>58.5</AltitudeMeters><Extensions><TPX xmlns="http://www.garmin.com/xmlschemas/ActivityExtension/v2"><Speed>2.72</Speed></TPX></Extensions></Trackpoint><Trackpoint><Time>2026-03-20T11:56:13+00:00</Time><DistanceMeters>1870.4</DistanceMeters><Position><LatitudeDegrees>50.85319</LatitudeDegrees><LongitudeDegrees>4.296796</LongitudeDegrees></Position><AltitudeMeters>58.9</AltitudeMeters><Extensions><TPX xmlns="http://www.garmin.com/xmlschemas/ActivityExtension/v2"><Speed>2.73</Speed></TPX></Extensions></Trackpoint><Trackpoint><Time>2026-03-20T11:56:14+00:00</Time><DistanceMeters>1873.4</DistanceMeters><Position><LatitudeDegrees>50.853201</LatitudeDegrees><LongitudeDegrees>4.296779</LongitudeDegrees></Position><AltitudeMeters>59.1</AltitudeMeters><Extensions><TPX xmlns="http://www.garmin.com/xmlschemas/ActivityExtension/v2"><Speed>2.74</Speed></TPX></Extensions></Trackpoint><Trackpoint><Time>2026-03-20T11:56:15+00:00</Time><DistanceMeters>1876.6</DistanceMeters><Position><LatitudeDegrees>50.853219</LatitudeDegrees><LongitudeDegrees>4.296745</LongitudeDegrees></Position><AltitudeMeters>59.5</AltitudeMeters><Extensions><TPX xmlns="http://www.garmin.com/xmlschemas/ActivityExtension/v2"><Speed>2.76</Speed></TPX></Extensions></Trackpoint><Trackpoint><Time>2026-03-20T11:56:16+00:00</Time><DistanceMeters>1878.7</DistanceMeters><Position><LatitudeDegrees>50.85324</LatitudeDegrees><LongitudeDegrees>4.296715</LongitudeDegrees></Position><AltitudeMeters>59.8</AltitudeMeters><Extensions><TPX xmlns="http://www.garmin.com/xmlschemas/ActivityExtension/v2"><Speed>2.72</Speed></TPX></Extensions></Trackpoint><Trackpoint><Time>2026-03-20T11:56:17+00:00</Time><DistanceMeters>1880.8</DistanceMeters><Position><LatitudeDegrees>50.853249</LatitudeDegrees><LongitudeDegrees>4.296706</LongitudeDegrees></Position><AltitudeMeters>59.9</AltitudeMeters><Extensions><TPX xmlns="http://www.garmin.com/xmlschemas/ActivityExtension/v2"><Speed>2.68</Speed></TPX></Extensions></Trackpoint><Trackpoint><Time>2026-03-20T11:56:18+00:00</Time><DistanceMeters>1883.4</DistanceMeters><Position><LatitudeDegrees>50.853279</LatitudeDegrees><LongitudeDegrees>4.296678</LongitudeDegrees></Position><AltitudeMeters>60.4</AltitudeMeters><Extensions><TPX xmlns="http://www.garmin.com/xmlschemas/ActivityExtension/v2"><Speed>2.59</Speed></TPX></Extensions></Trackpoint><Trackpoint><Time>2026-03-20T11:56:19+00:00</Time><DistanceMeters>1885.9</DistanceMeters><Position><LatitudeDegrees>50.853289</LatitudeDegrees><LongitudeDegrees>4.296672</LongitudeDegrees></Position><AltitudeMeters>60.5</AltitudeMeters><Extensions><TPX xmlns="http://www.garmin.com/xmlschemas/ActivityExtension/v2"><Speed>2.5</Speed></TPX></Extensions></Trackpoint><Trackpoint><Time>2026-03-20T11:56:20+00:00</Time><DistanceMeters>1888.7</DistanceMeters><Position><LatitudeDegrees>50.853326</LatitudeDegrees><LongitudeDegrees>4.296675</LongitudeDegrees></Position><AltitudeMeters>61.0</AltitudeMeters><Extensions><TPX xmlns="http://www.garmin.com/xmlschemas/ActivityExtension/v2"><Speed>2.41</Speed></TPX></Extensions></Trackpoint><Trackpoint><Time>2026-03-20T11:56:21+00:00</Time><DistanceMeters>1891.4</DistanceMeters><Position><LatitudeDegrees>50.853338</LatitudeDegrees><LongitudeDegrees>4.29668</LongitudeDegrees></Position><AltitudeMeters>61.1</AltitudeMeters><Extensions><TPX xmlns="http://www.garmin.com/xmlschemas/ActivityExtension/v2"><Speed>2.54</Speed></TPX></Extensions></Trackpoint><Trackpoint><Time>2026-03-20T11:56:22+00:00</Time><DistanceMeters>1894.4</DistanceMeters><Position><LatitudeDegrees>50.853374</LatitudeDegrees><LongitudeDegrees>4.296705</LongitudeDegrees></Position><AltitudeMeters>61.6</AltitudeMeters><Extensions><TPX xmlns="http://www.garmin.com/xmlschemas/ActivityExtension/v2"><Speed>2.71</Speed></TPX></Extensions></Trackpoint><Trackpoint><Time>2026-03-20T11:56:23+00:00</Time><DistanceMeters>1897.3</DistanceMeters><Position><LatitudeDegrees>50.853386</LatitudeDegrees><LongitudeDegrees>4.296715</LongitudeDegrees></Position><AltitudeMeters>61.7</AltitudeMeters><Extensions><TPX xmlns="http://www.garmin.com/xmlschemas/ActivityExtension/v2"><Speed>2.79</Speed></TPX></Extensions></Trackpoint><Trackpoint><Time>2026-03-20T11:56:24+00:00</Time><DistanceMeters>1900.1</DistanceMeters><Position><LatitudeDegrees>50.853418</LatitudeDegrees><LongitudeDegrees>4.296747</LongitudeDegrees></Position><AltitudeMeters>62.1</AltitudeMeters><Extensions><TPX xmlns="http://www.garmin.com/xmlschemas/ActivityExtension/v2"><Speed>2.84</Speed></TPX></Extensions></Trackpoint><Trackpoint><Time>2026-03-20T11:56:25+00:00</Time><DistanceMeters>1902.9</DistanceMeters><Position><LatitudeDegrees>50.853429</LatitudeDegrees><LongitudeDegrees>4.296758</LongitudeDegrees></Position><AltitudeMeters>62.2</AltitudeMeters><Extensions><TPX xmlns="http://www.garmin.com/xmlschemas/ActivityExtension/v2"><Speed>2.85</Speed></TPX></Extensions></Trackpoint><Trackpoint><Time>2026-03-20T11:56:26+00:00</Time><DistanceMeters>1905.5</DistanceMeters><Position><LatitudeDegrees>50.853464</LatitudeDegrees><LongitudeDegrees>4.296769</LongitudeDegrees></Position><AltitudeMeters>62.6</AltitudeMeters><Extensions><TPX xmlns="http://www.garmin.com/xmlschemas/ActivityExtension/v2"><Speed>2.82</Speed></TPX></Extensions></Trackpoint><Trackpoint><Time>2026-03-20T11:56:27+00:00</Time><DistanceMeters>1908.1</DistanceMeters><Position><LatitudeDegrees>50.853475</LatitudeDegrees><LongitudeDegrees>4.296766</LongitudeDegrees></Position><AltitudeMeters>62.6</AltitudeMeters><Extensions><TPX xmlns="http://www.garmin.com/xmlschemas/ActivityExtension/v2"><Speed>2.75</Speed></TPX></Extensions></Trackpoint><Trackpoint><Time>2026-03-20T11:56:28+00:00</Time><DistanceMeters>1910.7</DistanceMeters><Position><LatitudeDegrees>50.853461</LatitudeDegrees><LongitudeDegrees>4.296716</LongitudeDegrees></Position><AltitudeMeters>62.9</AltitudeMeters><Extensions><TPX xmlns="http://www.garmin.com/xmlschemas/ActivityExtension/v2"><Speed>2.68</Speed></TPX></Extensions></Trackpoint><Trackpoint><Time>2026-03-20T11:56:29+00:00</Time><DistanceMeters>1913.3</DistanceMeters><Position><LatitudeDegrees>50.853449</LatitudeDegrees><LongitudeDegrees>4.296703</LongitudeDegrees></Position><AltitudeMeters>63.0</AltitudeMeters><Extensions><TPX xmlns="http://www.garmin.com/xmlschemas/ActivityExtension/v2"><Speed>2.64</Speed></TPX></Extensions></Trackpoint><Trackpoint><Time>2026-03-20T11:56:30+00:00</Time><DistanceMeters>1913.3</DistanceMeters><Position><LatitudeDegrees>50.853428</LatitudeDegrees><LongitudeDegrees>4.296688</LongitudeDegrees></Position><AltitudeMeters>63.0</AltitudeMeters><Extensions><TPX xmlns="http://www.garmin.com/xmlschemas/ActivityExtension/v2"><Speed>2.08</Speed></TPX></Extensions></Trackpoint><Trackpoint><Time>2026-03-20T11:56:32+00:00</Time><DistanceMeters>1918.3</DistanceMeters><Position><LatitudeDegrees>50.853388</LatitudeDegrees><LongitudeDegrees>4.296671</LongitudeDegrees></Position><AltitudeMeters>62.6</AltitudeMeters><Extensions><TPX xmlns="http://www.garmin.com/xmlschemas/ActivityExtension/v2"><Speed>2.04</Speed></TPX></Extensions></Trackpoint><Trackpoint><Time>2026-03-20T11:56:33+00:00</Time><DistanceMeters>1922.5</DistanceMeters><Position><LatitudeDegrees>50.85337</LatitudeDegrees><LongitudeDegrees>4.296667</LongitudeDegrees></Position><AltitudeMeters>62.4</AltitudeMeters><Extensions><TPX xmlns="http://www.garmin.com/xmlschemas/ActivityExtension/v2"><Speed>2.36</Speed></TPX></Extensions></Trackpoint><Trackpoint><Time>2026-03-20T11:56:34+00:00</Time><DistanceMeters>1922.5</DistanceMeters><Position><LatitudeDegrees>50.853353</LatitudeDegrees><LongitudeDegrees>4.296665</LongitudeDegrees></Position><AltitudeMeters>62.3</AltitudeMeters><Extensions><TPX xmlns="http://www.garmin.com/xmlschemas/ActivityExtension/v2"><Speed>1.84</Speed></TPX></Extensions></Trackpoint><Trackpoint><Time>2026-03-20T11:56:35+00:00</Time><DistanceMeters>1926.3</DistanceMeters><Position><LatitudeDegrees>50.853336</LatitudeDegrees><LongitudeDegrees>4.296663</LongitudeDegrees></Position><AltitudeMeters>62.1</AltitudeMeters><Extensions><TPX xmlns="http://www.garmin.com/xmlschemas/ActivityExtension/v2"><Speed>2.6</Speed></TPX></Extensions></Trackpoint><Trackpoint><Time>2026-03-20T11:56:36+00:00</Time><DistanceMeters>1926.3</DistanceMeters><Position><LatitudeDegrees>50.85332</LatitudeDegrees><LongitudeDegrees>4.296666</LongitudeDegrees></Position><AltitudeMeters>61.9</AltitudeMeters><Extensions><TPX xmlns="http://www.garmin.com/xmlschemas/ActivityExtension/v2"><Speed>2.167</Speed></TPX></Extensions></Trackpoint><Trackpoint><Time>2026-03-20T11:56:37+00:00</Time><DistanceMeters>1929.9</DistanceMeters><Position><LatitudeDegrees>50.853304</LatitudeDegrees><LongitudeDegrees>4.296672</LongitudeDegrees></Position><AltitudeMeters>61.7</AltitudeMeters><Extensions><TPX xmlns="http://www.garmin.com/xmlschemas/ActivityExtension/v2"><Speed>2.32</Speed></TPX></Extensions></Trackpoint><Trackpoint><Time>2026-03-20T11:56:38+00:00</Time><DistanceMeters>1932.0</DistanceMeters><Position><LatitudeDegrees>50.853279</LatitudeDegrees><LongitudeDegrees>4.29669</LongitudeDegrees></Position><AltitudeMeters>61.4</AltitudeMeters><Extensions><TPX xmlns="http://www.garmin.com/xmlschemas/ActivityExtension/v2"><Speed>1.9</Speed></TPX></Extensions></Trackpoint><Trackpoint><Time>2026-03-20T11:56:39+00:00</Time><DistanceMeters>1934.1</DistanceMeters><Position><LatitudeDegrees>50.85327</LatitudeDegrees><LongitudeDegrees>4.296696</LongitudeDegrees></Position><AltitudeMeters>61.2</AltitudeMeters><Extensions><TPX xmlns="http://www.garmin.com/xmlschemas/ActivityExtension/v2"><Speed>2.32</Speed></TPX></Extensions></Trackpoint><Trackpoint><Time>2026-03-20T11:56:40+00:00</Time><DistanceMeters>1936.8</DistanceMeters><Position><LatitudeDegrees>50.853239</LatitudeDegrees><LongitudeDegrees>4.296721</LongitudeDegrees></Position><AltitudeMeters>60.8</AltitudeMeters><Extensions><TPX xmlns="http://www.garmin.com/xmlschemas/ActivityExtension/v2"><Speed>2.09</Speed></TPX></Extensions></Trackpoint><Trackpoint><Time>2026-03-20T11:56:41+00:00</Time><DistanceMeters>1939.4</DistanceMeters><Position><LatitudeDegrees>50.853226</LatitudeDegrees><LongitudeDegrees>4.296726</LongitudeDegrees></Position><AltitudeMeters>60.6</AltitudeMeters><Extensions><TPX xmlns="http://www.garmin.com/xmlschemas/ActivityExtension/v2"><Speed>2.62</Speed></TPX></Extensions></Trackpoint><Trackpoint><Time>2026-03-20T11:56:42+00:00</Time><DistanceMeters>1941.5</DistanceMeters><Position><LatitudeDegrees>50.8532</LatitudeDegrees><LongitudeDegrees>4.296741</LongitudeDegrees></Position><AltitudeMeters>60.2</AltitudeMeters><Extensions><TPX xmlns="http://www.garmin.com/xmlschemas/ActivityExtension/v2"><Speed>2.32</Speed></TPX></Extensions></Trackpoint><Trackpoint><Time>2026-03-20T11:56:43+00:00</Time><DistanceMeters>1943.6</DistanceMeters><Position><LatitudeDegrees>50.85319</LatitudeDegrees><LongitudeDegrees>4.296748</LongitudeDegrees></Position><AltitudeMeters>60.1</AltitudeMeters><Extensions><TPX xmlns="http://www.garmin.com/xmlschemas/ActivityExtension/v2"><Speed>2.32</Speed></TPX></Extensions></Trackpoint><Trackpoint><Time>2026-03-20T11:56:44+00:00</Time><DistanceMeters>1946.2</DistanceMeters><Position><LatitudeDegrees>50.853161</LatitudeDegrees><LongitudeDegrees>4.296778</LongitudeDegrees></Position><AltitudeMeters>59.6</AltitudeMeters><Extensions><TPX xmlns="http://www.garmin.com/xmlschemas/ActivityExtension/v2"><Speed>2.42</Speed></TPX></Extensions></Trackpoint><Trackpoint><Time>2026-03-20T11:56:45+00:00</Time><DistanceMeters>1948.8</DistanceMeters><Position><LatitudeDegrees>50.853152</LatitudeDegrees><LongitudeDegrees>4.296788</LongitudeDegrees></Position><AltitudeMeters>59.4</AltitudeMeters><Extensions><TPX xmlns="http://www.garmin.com/xmlschemas/ActivityExtension/v2"><Speed>2.41</Speed></TPX></Extensions></Trackpoint><Trackpoint><Time>2026-03-20T11:56:46+00:00</Time><DistanceMeters>1950.9</DistanceMeters><Position><LatitudeDegrees>50.853133</LatitudeDegrees><LongitudeDegrees>4.296821</LongitudeDegrees></Position><AltitudeMeters>59.1</AltitudeMeters><Extensions><TPX xmlns="http://www.garmin.com/xmlschemas/ActivityExtension/v2"><Speed>2.29</Speed></TPX></Extensions></Trackpoint><Trackpoint><Time>2026-03-20T11:56:47+00:00</Time><DistanceMeters>1952.9</DistanceMeters><Position><LatitudeDegrees>50.853126</LatitudeDegrees><LongitudeDegrees>4.296832</LongitudeDegrees></Position><AltitudeMeters>58.9</AltitudeMeters><Extensions><TPX xmlns="http://www.garmin.com/xmlschemas/ActivityExtension/v2"><Speed>2.28</Speed></TPX></Extensions></Trackpoint><Trackpoint><Time>2026-03-20T11:56:48+00:00</Time><DistanceMeters>1952.9</DistanceMeters><Position><LatitudeDegrees>50.853115</LatitudeDegrees><LongitudeDegrees>4.296853</LongitudeDegrees></Position><AltitudeMeters>58.7</AltitudeMeters><Extensions><TPX xmlns="http://www.garmin.com/xmlschemas/ActivityExtension/v2"><Speed>1.86</Speed></TPX></Extensions></Trackpoint><Trackpoint><Time>2026-03-20T11:56:49+00:00</Time><DistanceMeters>1956.7</DistanceMeters><Position><LatitudeDegrees>50.853106</LatitudeDegrees><LongitudeDegrees>4.296875</LongitudeDegrees></Position><AltitudeMeters>58.5</AltitudeMeters><Extensions><TPX xmlns="http://www.garmin.com/xmlschemas/ActivityExtension/v2"><Speed>2.1</Speed></TPX></Extensions></Trackpoint><Trackpoint><Time>2026-03-20T11:56:50+00:00</Time><DistanceMeters>1956.7</DistanceMeters><Position><LatitudeDegrees>50.853093</LatitudeDegrees><LongitudeDegrees>4.296898</LongitudeDegrees></Position><AltitudeMeters>58.2</AltitudeMeters><Extensions><TPX xmlns="http://www.garmin.com/xmlschemas/ActivityExtension/v2"><Speed>1.58</Speed></TPX></Extensions></Trackpoint><Trackpoint><Time>2026-03-20T11:56:51+00:00</Time><DistanceMeters>1960.6</DistanceMeters><Position><LatitudeDegrees>50.853083</LatitudeDegrees><LongitudeDegrees>4.296917</LongitudeDegrees></Position><AltitudeMeters>58.0</AltitudeMeters><Extensions><TPX xmlns="http://www.garmin.com/xmlschemas/ActivityExtension/v2"><Speed>1.95</Speed></TPX></Extensions></Trackpoint><Trackpoint><Time>2026-03-20T11:56:52+00:00</Time><DistanceMeters>1960.6</DistanceMeters><Position><LatitudeDegrees>50.85307</LatitudeDegrees><LongitudeDegrees>4.296936</LongitudeDegrees></Position><AltitudeMeters>57.7</AltitudeMeters><Extensions><TPX xmlns="http://www.garmin.com/xmlschemas/ActivityExtension/v2"><Speed>1.54</Speed></TPX></Extensions></Trackpoint><Trackpoint><Time>2026-03-20T11:56:53+00:00</Time><DistanceMeters>1964.5</DistanceMeters><Position><LatitudeDegrees>50.853057</LatitudeDegrees><LongitudeDegrees>4.296954</LongitudeDegrees></Position><AltitudeMeters>57.5</AltitudeMeters><Extensions><TPX xmlns="http://www.garmin.com/xmlschemas/ActivityExtension/v2"><Speed>2.32</Speed></TPX></Extensions></Trackpoint><Trackpoint><Time>2026-03-20T11:56:54+00:00</Time><DistanceMeters>1966.8</DistanceMeters><Position><LatitudeDegrees>50.853032</LatitudeDegrees><LongitudeDegrees>4.29698</LongitudeDegrees></Position><AltitudeMeters>57.0</AltitudeMeters><Extensions><TPX xmlns="http://www.garmin.com/xmlschemas/ActivityExtension/v2"><Speed>2.01</Speed></TPX></Extensions></Trackpoint><Trackpoint><Time>2026-03-20T11:56:55+00:00</Time><DistanceMeters>1969.0</DistanceMeters><Position><LatitudeDegrees>50.853023</LatitudeDegrees><LongitudeDegrees>4.296989</LongitudeDegrees></Position><AltitudeMeters>56.8</AltitudeMeters><Extensions><TPX xmlns="http://www.garmin.com/xmlschemas/ActivityExtension/v2"><Speed>2.46</Speed></TPX></Extensions></Trackpoint><Trackpoint><Time>2026-03-20T11:56:56+00:00</Time><DistanceMeters>1969.0</DistanceMeters><Position><LatitudeDegrees>50.85301</LatitudeDegrees><LongitudeDegrees>4.296998</LongitudeDegrees></Position><AltitudeMeters>56.6</AltitudeMeters><Extensions><TPX xmlns="http://www.garmin.com/xmlschemas/ActivityExtension/v2"><Speed>1.68</Speed></TPX></Extensions></Trackpoint><Trackpoint><Time>2026-03-20T11:56:57+00:00</Time><DistanceMeters>1972.5</DistanceMeters><Position><LatitudeDegrees>50.852994</LatitudeDegrees><LongitudeDegrees>4.297006</LongitudeDegrees></Position><AltitudeMeters>56.4</AltitudeMeters><Extensions><TPX xmlns="http://www.garmin.com/xmlschemas/ActivityExtension/v2"><Speed>2.38</Speed></TPX></Extensions></Trackpoint><Trackpoint><Time>2026-03-20T11:56:58+00:00</Time><DistanceMeters>1972.5</DistanceMeters><Position><LatitudeDegrees>50.852978</LatitudeDegrees><LongitudeDegrees>4.297004</LongitudeDegrees></Position><AltitudeMeters>56.1</AltitudeMeters><Extensions><TPX xmlns="http://www.garmin.com/xmlschemas/ActivityExtension/v2"><Speed>1.6</Speed></TPX></Extensions></Trackpoint><Trackpoint><Time>2026-03-20T11:56:59+00:00</Time><DistanceMeters>1976.0</DistanceMeters><Position><LatitudeDegrees>50.852962</LatitudeDegrees><LongitudeDegrees>4.297008</LongitudeDegrees></Position><AltitudeMeters>55.8</AltitudeMeters><Extensions><TPX xmlns="http://www.garmin.com/xmlschemas/ActivityExtension/v2"><Speed>1.85</Speed></TPX></Extensions></Trackpoint><Trackpoint><Time>2026-03-20T11:57:00+00:00</Time><DistanceMeters>1978.6</DistanceMeters><Position><LatitudeDegrees>50.852932</LatitudeDegrees><LongitudeDegrees>4.29698</LongitudeDegrees></Position><AltitudeMeters>55.3</AltitudeMeters><Extensions><TPX xmlns="http://www.garmin.com/xmlschemas/ActivityExtension/v2"><Speed>1.92</Speed></TPX></Extensions></Trackpoint><Trackpoint><Time>2026-03-20T11:57:01+00:00</Time><DistanceMeters>1981.2</DistanceMeters><Position><LatitudeDegrees>50.852921</LatitudeDegrees><LongitudeDegrees>4.296973</LongitudeDegrees></Position><AltitudeMeters>55.1</AltitudeMeters><Extensions><TPX xmlns="http://www.garmin.com/xmlschemas/ActivityExtension/v2"><Speed>2.44</Speed></TPX></Extensions></Trackpoint><Trackpoint><Time>2026-03-20T11:57:02+00:00</Time><DistanceMeters>1983.7</DistanceMeters><Position><LatitudeDegrees>50.852891</LatitudeDegrees><LongitudeDegrees>4.296955</LongitudeDegrees></Position><AltitudeMeters>54.6</AltitudeMeters><Extensions><TPX xmlns="http://www.garmin.com/xmlschemas/ActivityExtension/v2"><Speed>2.24</Speed></TPX></Extensions></Trackpoint><Trackpoint><Time>2026-03-20T11:57:03+00:00</Time><DistanceMeters>1986.2</DistanceMeters><Position><LatitudeDegrees>50.85288</LatitudeDegrees><LongitudeDegrees>4.296945</LongitudeDegrees></Position><AltitudeMeters>54.4</AltitudeMeters><Extensions><TPX xmlns="http://www.garmin.com/xmlschemas/ActivityExtension/v2"><Speed>2.74</Speed></TPX></Extensions></Trackpoint><Trackpoint><Time>2026-03-20T11:57:04+00:00</Time><DistanceMeters>1989.0</DistanceMeters><Position><LatitudeDegrees>50.852855</LatitudeDegrees><LongitudeDegrees>4.296902</LongitudeDegrees></Position><AltitudeMeters>53.9</AltitudeMeters><Extensions><TPX xmlns="http://www.garmin.com/xmlschemas/ActivityExtension/v2"><Speed>2.59</Speed></TPX></Extensions></Trackpoint><Trackpoint><Time>2026-03-20T11:57:05+00:00</Time><DistanceMeters>1991.7</DistanceMeters><Position><LatitudeDegrees>50.852847</LatitudeDegrees><LongitudeDegrees>4.296886</LongitudeDegrees></Position><AltitudeMeters>53.7</AltitudeMeters><Extensions><TPX xmlns="http://www.garmin.com/xmlschemas/ActivityExtension/v2"><Speed>2.62</Speed></TPX></Extensions></Trackpoint><Trackpoint><Time>2026-03-20T11:57:06+00:00</Time><DistanceMeters>1993.8</DistanceMeters><Position><LatitudeDegrees>50.852829</LatitudeDegrees><LongitudeDegrees>4.29685</LongitudeDegrees></Position><AltitudeMeters>53.4</AltitudeMeters><Extensions><TPX xmlns="http://www.garmin.com/xmlschemas/ActivityExtension/v2"><Speed>2.52</Speed></TPX></Extensions></Trackpoint><Trackpoint><Time>2026-03-20T11:57:07+00:00</Time><DistanceMeters>1995.9</DistanceMeters><Position><LatitudeDegrees>50.852823</LatitudeDegrees><LongitudeDegrees>4.296839</LongitudeDegrees></Position><AltitudeMeters>53.3</AltitudeMeters><Extensions><TPX xmlns="http://www.garmin.com/xmlschemas/ActivityExtension/v2"><Speed>2.44</Speed></TPX></Extensions></Trackpoint><Trackpoint><Time>2026-03-20T11:57:08+00:00</Time><DistanceMeters>1998.2</DistanceMeters><Position><LatitudeDegrees>50.852803</LatitudeDegrees><LongitudeDegrees>4.296803</LongitudeDegrees></Position><AltitudeMeters>52.9</AltitudeMeters><Extensions><TPX xmlns="http://www.garmin.com/xmlschemas/ActivityExtension/v2"><Speed>2.39</Speed></TPX></Extensions></Trackpoint><Trackpoint><Time>2026-03-20T11:57:09+00:00</Time><DistanceMeters>2000.4</DistanceMeters><Position><LatitudeDegrees>50.852795</LatitudeDegrees><LongitudeDegrees>4.296792</LongitudeDegrees></Position><AltitudeMeters>52.7</AltitudeMeters><Extensions><TPX xmlns="http://www.garmin.com/xmlschemas/ActivityExtension/v2"><Speed>2.29</Speed></TPX></Extensions></Trackpoint><Trackpoint><Time>2026-03-20T11:57:10+00:00</Time><DistanceMeters>2002.6</DistanceMeters><Position><LatitudeDegrees>50.852771</LatitudeDegrees><LongitudeDegrees>4.296764</LongitudeDegrees></Position><AltitudeMeters>52.4</AltitudeMeters><Extensions><TPX xmlns="http://www.garmin.com/xmlschemas/ActivityExtension/v2"><Speed>2.17</Speed></TPX></Extensions></Trackpoint><Trackpoint><Time>2026-03-20T11:57:11+00:00</Time><DistanceMeters>2004.7</DistanceMeters><Position><LatitudeDegrees>50.852763</LatitudeDegrees><LongitudeDegrees>4.296758</LongitudeDegrees></Position><AltitudeMeters>52.3</AltitudeMeters><Extensions><TPX xmlns="http://www.garmin.com/xmlschemas/ActivityExtension/v2"><Speed>2.18</Speed></TPX></Extensions></Trackpoint><Trackpoint><Time>2026-03-20T11:57:12+00:00</Time><DistanceMeters>2004.7</DistanceMeters><Position><LatitudeDegrees>50.852752</LatitudeDegrees><LongitudeDegrees>4.296738</LongitudeDegrees></Position><AltitudeMeters>52.1</AltitudeMeters><Extensions><TPX xmlns="http://www.garmin.com/xmlschemas/ActivityExtension/v2"><Speed>1.76</Speed></TPX></Extensions></Trackpoint><Trackpoint><Time>2026-03-20T11:57:13+00:00</Time><DistanceMeters>2008.1</DistanceMeters><Position><LatitudeDegrees>50.852744</LatitudeDegrees><LongitudeDegrees>4.296721</LongitudeDegrees></Position><AltitudeMeters>51.9</AltitudeMeters><Extensions><TPX xmlns="http://www.garmin.com/xmlschemas/ActivityExtension/v2"><Speed>1.99</Speed></TPX></Extensions></Trackpoint><Trackpoint><Time>2026-03-20T11:57:14+00:00</Time><DistanceMeters>2008.1</DistanceMeters><Position><LatitudeDegrees>50.852725</LatitudeDegrees><LongitudeDegrees>4.296711</LongitudeDegrees></Position><AltitudeMeters>51.7</AltitudeMeters><Extensions><TPX xmlns="http://www.garmin.com/xmlschemas/ActivityExtension/v2"><Speed>1.54</Speed></TPX></Extensions></Trackpoint><Trackpoint><Time>2026-03-20T11:57:15+00:00</Time><DistanceMeters>2012.0</DistanceMeters><Position><LatitudeDegrees>50.852712</LatitudeDegrees><LongitudeDegrees>4.2967</LongitudeDegrees></Position><AltitudeMeters>51.6</AltitudeMeters><Extensions><TPX xmlns="http://www.garmin.com/xmlschemas/ActivityExtension/v2"><Speed>1.89</Speed></TPX></Extensions></Trackpoint><Trackpoint><Time>2026-03-20T11:57:16+00:00</Time><DistanceMeters>2012.0</DistanceMeters><Position><LatitudeDegrees>50.852699</LatitudeDegrees><LongitudeDegrees>4.296687</LongitudeDegrees></Position><AltitudeMeters>51.4</AltitudeMeters><Extensions><TPX xmlns="http://www.garmin.com/xmlschemas/ActivityExtension/v2"><Speed>1.46</Speed></TPX></Extensions></Trackpoint><Trackpoint><Time>2026-03-20T11:57:17+00:00</Time><DistanceMeters>2015.4</DistanceMeters><Position><LatitudeDegrees>50.852686</LatitudeDegrees><LongitudeDegrees>4.296674</LongitudeDegrees></Position><AltitudeMeters>51.2</AltitudeMeters><Extensions><TPX xmlns="http://www.garmin.com/xmlschemas/ActivityExtension/v2"><Speed>2.14</Speed></TPX></Extensions></Trackpoint><Trackpoint><Time>2026-03-20T11:57:18+00:00</Time><DistanceMeters>2015.4</DistanceMeters><Position><LatitudeDegrees>50.852673</LatitudeDegrees><LongitudeDegrees>4.296665</LongitudeDegrees></Position><AltitudeMeters>51.1</AltitudeMeters><Extensions><TPX xmlns="http://www.garmin.com/xmlschemas/ActivityExtension/v2"><Speed>1.46</Speed></TPX></Extensions></Trackpoint><Trackpoint><Time>2026-03-20T11:57:19+00:00</Time><DistanceMeters>2018.8</DistanceMeters><Position><LatitudeDegrees>50.852657</LatitudeDegrees><LongitudeDegrees>4.296657</LongitudeDegrees></Position><AltitudeMeters>50.9</AltitudeMeters><Extensions><TPX xmlns="http://www.garmin.com/xmlschemas/ActivityExtension/v2"><Speed>2.14</Speed></TPX></Extensions></Trackpoint><Trackpoint><Time>2026-03-20T11:57:20+00:00</Time><DistanceMeters>2018.8</DistanceMeters><Position><LatitudeDegrees>50.852647</LatitudeDegrees><LongitudeDegrees>4.296654</LongitudeDegrees></Position><AltitudeMeters>50.8</AltitudeMeters><Extensions><TPX xmlns="http://www.garmin.com/xmlschemas/ActivityExtension/v2"><Speed>1.36</Speed></TPX></Extensions></Trackpoint><Trackpoint><Time>2026-03-20T11:57:21+00:00</Time><DistanceMeters>2018.8</DistanceMeters><Position><LatitudeDegrees>50.85264</LatitudeDegrees><LongitudeDegrees>4.296644</LongitudeDegrees></Position><AltitudeMeters>50.7</AltitudeMeters><Extensions><TPX xmlns="http://www.garmin.com/xmlschemas/ActivityExtension/v2"><Speed>1.36</Speed></TPX></Extensions></Trackpoint><Trackpoint><Time>2026-03-20T11:57:22+00:00</Time><DistanceMeters>2021.9</DistanceMeters><Position><LatitudeDegrees>50.852636</LatitudeDegrees><LongitudeDegrees>4.296629</LongitudeDegrees></Position><AltitudeMeters>50.6</AltitudeMeters><Extensions><TPX xmlns="http://www.garmin.com/xmlschemas/ActivityExtension/v2"><Speed>1.3</Speed></TPX></Extensions></Trackpoint><Trackpoint><Time>2026-03-20T11:57:23+00:00</Time><DistanceMeters>2021.9</DistanceMeters><Position><LatitudeDegrees>50.852631</LatitudeDegrees><LongitudeDegrees>4.296618</LongitudeDegrees></Position><AltitudeMeters>50.5</AltitudeMeters><Extensions><TPX xmlns="http://www.garmin.com/xmlschemas/ActivityExtension/v2"><Speed>1.3</Speed></TPX></Extensions></Trackpoint><Trackpoint><Time>2026-03-20T11:57:24+00:00</Time><DistanceMeters>2021.9</DistanceMeters><Position><LatitudeDegrees>50.852632</LatitudeDegrees><LongitudeDegrees>4.296617</LongitudeDegrees></Position><AltitudeMeters>50.5</AltitudeMeters><Extensions><TPX xmlns="http://www.garmin.com/xmlschemas/ActivityExtension/v2"><Speed>0.62</Speed></TPX></Extensions></Trackpoint><Trackpoint><Time>2026-03-20T11:57:25+00:00</Time><DistanceMeters>2021.9</DistanceMeters><Position><LatitudeDegrees>50.852634</LatitudeDegrees><LongitudeDegrees>4.296602</LongitudeDegrees></Position><AltitudeMeters>50.4</AltitudeMeters><Extensions><TPX xmlns="http://www.garmin.com/xmlschemas/ActivityExtension/v2"><Speed>0.62</Speed></TPX></Extensions></Trackpoint><Trackpoint><Time>2026-03-20T11:57:26+00:00</Time><DistanceMeters>2025.4</DistanceMeters><Position><LatitudeDegrees>50.85263</LatitudeDegrees><LongitudeDegrees>4.296581</LongitudeDegrees></Position><AltitudeMeters>50.2</AltitudeMeters><Extensions><TPX xmlns="http://www.garmin.com/xmlschemas/ActivityExtension/v2"><Speed>1.32</Speed></TPX></Extensions></Trackpoint><Trackpoint><Time>2026-03-20T11:57:27+00:00</Time><DistanceMeters>2025.4</DistanceMeters><Position><LatitudeDegrees>50.852622</LatitudeDegrees><LongitudeDegrees>4.296558</LongitudeDegrees></Position><AltitudeMeters>50.1</AltitudeMeters><Extensions><TPX xmlns="http://www.garmin.com/xmlschemas/ActivityExtension/v2"><Speed>0.7</Speed></TPX></Extensions></Trackpoint><Trackpoint><Time>2026-03-20T11:57:28+00:00</Time><DistanceMeters>2028.9</DistanceMeters><Position><LatitudeDegrees>50.852614</LatitudeDegrees><LongitudeDegrees>4.296537</LongitudeDegrees></Position><AltitudeMeters>49.9</AltitudeMeters><Extensions><TPX xmlns="http://www.garmin.com/xmlschemas/ActivityExtension/v2"><Speed>1.4</Speed></TPX></Extensions></Trackpoint><Trackpoint><Time>2026-03-20T11:57:29+00:00</Time><DistanceMeters>2028.9</DistanceMeters><Position><LatitudeDegrees>50.852606</LatitudeDegrees><LongitudeDegrees>4.296518</LongitudeDegrees></Position><AltitudeMeters>49.8</AltitudeMeters><Extensions><TPX xmlns="http://www.garmin.com/xmlschemas/ActivityExtension/v2"><Speed>1.4</Speed></TPX></Extensions></Trackpoint><Trackpoint><Time>2026-03-20T11:57:30+00:00</Time><DistanceMeters>2032.2</DistanceMeters><Position><LatitudeDegrees>50.852595</LatitudeDegrees><LongitudeDegrees>4.296502</LongitudeDegrees></Position><AltitudeMeters>49.6</AltitudeMeters><Extensions><TPX xmlns="http://www.garmin.com/xmlschemas/ActivityExtension/v2"><Speed>2.06</Speed></TPX></Extensions></Trackpoint><Trackpoint><Time>2026-03-20T11:57:31+00:00</Time><DistanceMeters>2032.2</DistanceMeters><Position><LatitudeDegrees>50.852585</LatitudeDegrees><LongitudeDegrees>4.29649</LongitudeDegrees></Position><AltitudeMeters>49.5</AltitudeMeters><Extensions><TPX xmlns="http://www.garmin.com/xmlschemas/ActivityExtension/v2"><Speed>1.36</Speed></TPX></Extensions></Trackpoint><Trackpoint><Time>2026-03-20T11:57:32+00:00</Time><DistanceMeters>2035.8</DistanceMeters><Position><LatitudeDegrees>50.852569</LatitudeDegrees><LongitudeDegrees>4.296471</LongitudeDegrees></Position><AltitudeMeters>49.3</AltitudeMeters><Extensions><TPX xmlns="http://www.garmin.com/xmlschemas/ActivityExtension/v2"><Speed>2.08</Speed></TPX></Extensions></Trackpoint><Trackpoint><Time>2026-03-20T11:57:33+00:00</Time><DistanceMeters>2037.3</DistanceMeters><Position><LatitudeDegrees>50.852548</LatitudeDegrees><LongitudeDegrees>4.296475</LongitudeDegrees></Position><AltitudeMeters>49.2</AltitudeMeters><Extensions><TPX xmlns="http://www.garmin.com/xmlschemas/ActivityExtension/v2"><Speed>1.68</Speed></TPX></Extensions></Trackpoint><Trackpoint><Time>2026-03-20T11:57:34+00:00</Time><DistanceMeters>2038.8</DistanceMeters><Position><LatitudeDegrees>50.852539</LatitudeDegrees><LongitudeDegrees>4.296476</LongitudeDegrees></Position><AltitudeMeters>49.1</AltitudeMeters><Extensions><TPX xmlns="http://www.garmin.com/xmlschemas/ActivityExtension/v2"><Speed>1.98</Speed></TPX></Extensions></Trackpoint><Trackpoint><Time>2026-03-20T11:57:35+00:00</Time><DistanceMeters>2040.3</DistanceMeters><Position><LatitudeDegrees>50.852529</LatitudeDegrees><LongitudeDegrees>4.296476</LongitudeDegrees></Position><AltitudeMeters>49.0</AltitudeMeters><Extensions><TPX xmlns="http://www.garmin.com/xmlschemas/ActivityExtension/v2"><Speed>1.62</Speed></TPX></Extensions></Trackpoint><Trackpoint><Time>2026-03-20T11:57:36+00:00</Time><DistanceMeters>2040.3</DistanceMeters><Position><LatitudeDegrees>50.852514</LatitudeDegrees><LongitudeDegrees>4.296478</LongitudeDegrees></Position><AltitudeMeters>48.9</AltitudeMeters><Extensions><TPX xmlns="http://www.garmin.com/xmlschemas/ActivityExtension/v2"><Speed>1.62</Speed></TPX></Extensions></Trackpoint><Trackpoint><Time>2026-03-20T11:57:37+00:00</Time><DistanceMeters>2044.2</DistanceMeters><Position><LatitudeDegrees>50.852494</LatitudeDegrees><LongitudeDegrees>4.296484</LongitudeDegrees></Position><AltitudeMeters>48.8</AltitudeMeters><Extensions><TPX xmlns="http://www.garmin.com/xmlschemas/ActivityExtension/v2"><Speed>1.68</Speed></TPX></Extensions></Trackpoint><Trackpoint><Time>2026-03-20T11:57:38+00:00</Time><DistanceMeters>2045.7</DistanceMeters><Position><LatitudeDegrees>50.852473</LatitudeDegrees><LongitudeDegrees>4.296497</LongitudeDegrees></Position><AltitudeMeters>48.7</AltitudeMeters><Extensions><TPX xmlns="http://www.garmin.com/xmlschemas/ActivityExtension/v2"><Speed>1.687</Speed></TPX></Extensions></Trackpoint><Trackpoint><Time>2026-03-20T11:57:39+00:00</Time><DistanceMeters>2047.3</DistanceMeters><Position><LatitudeDegrees>50.852465</LatitudeDegrees><LongitudeDegrees>4.296503</LongitudeDegrees></Position><AltitudeMeters>48.7</AltitudeMeters><Extensions><TPX xmlns="http://www.garmin.com/xmlschemas/ActivityExtension/v2"><Speed>1.693</Speed></TPX></Extensions></Trackpoint><Trackpoint><Time>2026-03-20T11:57:40+00:00</Time><DistanceMeters>2048.8</DistanceMeters><Position><LatitudeDegrees>50.852456</LatitudeDegrees><LongitudeDegrees>4.29651</LongitudeDegrees></Position><AltitudeMeters>48.6</AltitudeMeters><Extensions><TPX xmlns="http://www.garmin.com/xmlschemas/ActivityExtension/v2"><Speed>1.7</Speed></TPX></Extensions></Trackpoint><Trackpoint><Time>2026-03-20T11:57:41+00:00</Time><DistanceMeters>2048.8</DistanceMeters><Position><LatitudeDegrees>50.852444</LatitudeDegrees><LongitudeDegrees>4.296522</LongitudeDegrees></Position><AltitudeMeters>48.6</AltitudeMeters><Extensions><TPX xmlns="http://www.garmin.com/xmlschemas/ActivityExtension/v2"><Speed>1.7</Speed></TPX></Extensions></Trackpoint><Trackpoint><Time>2026-03-20T11:57:42+00:00</Time><DistanceMeters>2051.9</DistanceMeters><Position><LatitudeDegrees>50.852432</LatitudeDegrees><LongitudeDegrees>4.296534</LongitudeDegrees></Position><AltitudeMeters>48.5</AltitudeMeters><Extensions><TPX xmlns="http://www.garmin.com/xmlschemas/ActivityExtension/v2"><Speed>1.54</Speed></TPX></Extensions></Trackpoint><Trackpoint><Time>2026-03-20T11:57:43+00:00</Time><DistanceMeters>2053.3</DistanceMeters><Position><LatitudeDegrees>50.852416</LatitudeDegrees><LongitudeDegrees>4.296556</LongitudeDegrees></Position><AltitudeMeters>48.4</AltitudeMeters><Extensions><TPX xmlns="http://www.garmin.com/xmlschemas/ActivityExtension/v2"><Speed>1.513</Speed></TPX></Extensions></Trackpoint><Trackpoint><Time>2026-03-20T11:57:44+00:00</Time><DistanceMeters>2054.7</DistanceMeters><Position><LatitudeDegrees>50.85241</LatitudeDegrees><LongitudeDegrees>4.296565</LongitudeDegrees></Position><AltitudeMeters>48.4</AltitudeMeters><Extensions><TPX xmlns="http://www.garmin.com/xmlschemas/ActivityExtension/v2"><Speed>1.487</Speed></TPX></Extensions></Trackpoint><Trackpoint><Time>2026-03-20T11:57:45+00:00</Time><DistanceMeters>2056.1</DistanceMeters><Position><LatitudeDegrees>50.852404</LatitudeDegrees><LongitudeDegrees>4.296575</LongitudeDegrees></Position><AltitudeMeters>48.4</AltitudeMeters><Extensions><TPX xmlns="http://www.garmin.com/xmlschemas/ActivityExtension/v2"><Speed>1.46</Speed></TPX></Extensions></Trackpoint><Trackpoint><Time>2026-03-20T11:57:46+00:00</Time><DistanceMeters>2057.5</DistanceMeters><Position><LatitudeDegrees>50.852389</LatitudeDegrees><LongitudeDegrees>4.296598</LongitudeDegrees></Position><AltitudeMeters>48.3</AltitudeMeters><Extensions><TPX xmlns="http://www.garmin.com/xmlschemas/ActivityExtension/v2"><Speed>1.747</Speed></TPX></Extensions></Trackpoint><Trackpoint><Time>2026-03-20T11:57:47+00:00</Time><DistanceMeters>2059.0</DistanceMeters><Position><LatitudeDegrees>50.852384</LatitudeDegrees><LongitudeDegrees>4.296608</LongitudeDegrees></Position><AltitudeMeters>48.3</AltitudeMeters><Extensions><TPX xmlns="http://www.garmin.com/xmlschemas/ActivityExtension/v2"><Speed>1.413</Speed></TPX></Extensions></Trackpoint><Trackpoint><Time>2026-03-20T11:57:48+00:00</Time><DistanceMeters>2060.4</DistanceMeters><Position><LatitudeDegrees>50.852378</LatitudeDegrees><LongitudeDegrees>4.296619</LongitudeDegrees></Position><AltitudeMeters>48.3</AltitudeMeters><Extensions><TPX xmlns="http://www.garmin.com/xmlschemas/ActivityExtension/v2"><Speed>1.42</Speed></TPX></Extensions></Trackpoint><Trackpoint><Time>2026-03-20T11:57:49+00:00</Time><DistanceMeters>2060.4</DistanceMeters><Position><LatitudeDegrees>50.852373</LatitudeDegrees><LongitudeDegrees>4.296639</LongitudeDegrees></Position><AltitudeMeters>48.3</AltitudeMeters><Extensions><TPX xmlns="http://www.garmin.com/xmlschemas/ActivityExtension/v2"><Speed>1.14</Speed></TPX></Extensions></Trackpoint><Trackpoint><Time>2026-03-20T11:57:50+00:00</Time><DistanceMeters>2063.5</DistanceMeters><Position><LatitudeDegrees>50.852371</LatitudeDegrees><LongitudeDegrees>4.296661</LongitudeDegrees></Position><AltitudeMeters>48.3</AltitudeMeters><Extensions><TPX xmlns="http://www.garmin.com/xmlschemas/ActivityExtension/v2"><Speed>1.48</Speed></TPX></Extensions></Trackpoint><Trackpoint><Time>2026-03-20T11:57:51+00:00</Time><DistanceMeters>2063.5</DistanceMeters><Position><LatitudeDegrees>50.852369</LatitudeDegrees><LongitudeDegrees>4.296692</LongitudeDegrees></Position><AltitudeMeters>48.3</AltitudeMeters><Extensions><TPX xmlns="http://www.garmin.com/xmlschemas/ActivityExtension/v2"><Speed>1.193</Speed></TPX></Extensions></Trackpoint><Trackpoint><Time>2026-03-20T11:57:52+00:00</Time><DistanceMeters>2066.9</DistanceMeters><Position><LatitudeDegrees>50.852366</LatitudeDegrees><LongitudeDegrees>4.296709</LongitudeDegrees></Position><AltitudeMeters>48.3</AltitudeMeters><Extensions><TPX xmlns="http://www.garmin.com/xmlschemas/ActivityExtension/v2"><Speed>1.587</Speed></TPX></Extensions></Trackpoint><Trackpoint><Time>2026-03-20T11:57:53+00:00</Time><DistanceMeters>2066.9</DistanceMeters><Position><LatitudeDegrees>50.852362</LatitudeDegrees><LongitudeDegrees>4.296728</LongitudeDegrees></Position><AltitudeMeters>48.3</AltitudeMeters><Extensions><TPX xmlns="http://www.garmin.com/xmlschemas/ActivityExtension/v2"><Speed>1.3</Speed></TPX></Extensions></Trackpoint><Trackpoint><Time>2026-03-20T11:57:54+00:00</Time><DistanceMeters>2066.9</DistanceMeters><Position><LatitudeDegrees>50.852364</LatitudeDegrees><LongitudeDegrees>4.296747</LongitudeDegrees></Position><AltitudeMeters>48.3</AltitudeMeters><Extensions><TPX xmlns="http://www.garmin.com/xmlschemas/ActivityExtension/v2"><Speed>1.3</Speed></TPX></Extensions></Trackpoint><Trackpoint><Time>2026-03-20T11:57:55+00:00</Time><DistanceMeters>2070.1</DistanceMeters><Position><LatitudeDegrees>50.852375</LatitudeDegrees><LongitudeDegrees>4.296752</LongitudeDegrees></Position><AltitudeMeters>48.3</AltitudeMeters><Extensions><TPX xmlns="http://www.garmin.com/xmlschemas/ActivityExtension/v2"><Speed>1.32</Speed></TPX></Extensions></Trackpoint><Trackpoint><Time>2026-03-20T11:57:56+00:00</Time><DistanceMeters>2070.1</DistanceMeters><Position><LatitudeDegrees>50.852383</LatitudeDegrees><LongitudeDegrees>4.296729</LongitudeDegrees></Position><AltitudeMeters>48.3</AltitudeMeters><Extensions><TPX xmlns="http://www.garmin.com/xmlschemas/ActivityExtension/v2"><Speed>1.32</Speed></TPX></Extensions></Trackpoint><Trackpoint><Time>2026-03-20T11:57:57+00:00</Time><DistanceMeters>2073.4</DistanceMeters><Position><LatitudeDegrees>50.852382</LatitudeDegrees><LongitudeDegrees>4.296705</LongitudeDegrees></Position><AltitudeMeters>48.3</AltitudeMeters><Extensions><TPX xmlns="http://www.garmin.com/xmlschemas/ActivityExtension/v2"><Speed>1.3</Speed></TPX></Extensions></Trackpoint><Trackpoint><Time>2026-03-20T11:57:58+00:00</Time><DistanceMeters>2075.5</DistanceMeters><Position><LatitudeDegrees>50.852385</LatitudeDegrees><LongitudeDegrees>4.296663</LongitudeDegrees></Position><AltitudeMeters>48.3</AltitudeMeters><Extensions><TPX xmlns="http://www.garmin.com/xmlschemas/ActivityExtension/v2"><Speed>1.71</Speed></TPX></Extensions></Trackpoint><Trackpoint><Time>2026-03-20T11:57:59+00:00</Time><DistanceMeters>2077.5</DistanceMeters><Position><LatitudeDegrees>50.852388</LatitudeDegrees><LongitudeDegrees>4.296648</LongitudeDegrees></Position><AltitudeMeters>48.3</AltitudeMeters><Extensions><TPX xmlns="http://www.garmin.com/xmlschemas/ActivityExtension/v2"><Speed>2.12</Speed></TPX></Extensions></Trackpoint><Trackpoint><Time>2026-03-20T11:58:00+00:00</Time><DistanceMeters>2077.5</DistanceMeters><Position><LatitudeDegrees>50.852396</LatitudeDegrees><LongitudeDegrees>4.29662</LongitudeDegrees></Position><AltitudeMeters>48.3</AltitudeMeters><Extensions><TPX xmlns="http://www.garmin.com/xmlschemas/ActivityExtension/v2"><Speed>1.48</Speed></TPX></Extensions></Trackpoint><Trackpoint><Time>2026-03-20T11:58:01+00:00</Time><DistanceMeters>2081.4</DistanceMeters><Position><LatitudeDegrees>50.852401</LatitudeDegrees><LongitudeDegrees>4.296597</LongitudeDegrees></Position><AltitudeMeters>48.3</AltitudeMeters><Extensions><TPX xmlns="http://www.garmin.com/xmlschemas/ActivityExtension/v2"><Speed>2.26</Speed></TPX></Extensions></Trackpoint><Trackpoint><Time>2026-03-20T11:58:02+00:00</Time><DistanceMeters>2081.4</DistanceMeters><Position><LatitudeDegrees>50.852411</LatitudeDegrees><LongitudeDegrees>4.296583</LongitudeDegrees></Position><AltitudeMeters>48.3</AltitudeMeters><Extensions><TPX xmlns="http://www.garmin.com/xmlschemas/ActivityExtension/v2"><Speed>1.6</Speed></TPX></Extensions></Trackpoint><Trackpoint><Time>2026-03-20T11:58:03+00:00</Time><DistanceMeters>2081.4</DistanceMeters><Position><LatitudeDegrees>50.852423</LatitudeDegrees><LongitudeDegrees>4.296585</LongitudeDegrees></Position><AltitudeMeters>48.4</AltitudeMeters><Extensions><TPX xmlns="http://www.garmin.com/xmlschemas/ActivityExtension/v2"><Speed>1.19</Speed></TPX></Extensions></Trackpoint><Trackpoint><Time>2026-03-20T11:58:04+00:00</Time><DistanceMeters>2084.6</DistanceMeters><Position><LatitudeDegrees>50.85243</LatitudeDegrees><LongitudeDegrees>4.296596</LongitudeDegrees></Position><AltitudeMeters>48.4</AltitudeMeters><Extensions><TPX xmlns="http://www.garmin.com/xmlschemas/ActivityExtension/v2"><Speed>1.42</Speed></TPX></Extensions></Trackpoint><Trackpoint><Time>2026-03-20T11:58:05+00:00</Time><DistanceMeters>2084.6</DistanceMeters><Position><LatitudeDegrees>50.852435</LatitudeDegrees><LongitudeDegrees>4.296623</LongitudeDegrees></Position><AltitudeMeters>48.4</AltitudeMeters><Extensions><TPX xmlns="http://www.garmin.com/xmlschemas/ActivityExtension/v2"><Speed>1.42</Speed></TPX></Extensions></Trackpoint><Trackpoint><Time>2026-03-20T11:58:06+00:00</Time><DistanceMeters>2087.8</DistanceMeters><Position><LatitudeDegrees>50.85243</LatitudeDegrees><LongitudeDegrees>4.296643</LongitudeDegrees></Position><AltitudeMeters>48.4</AltitudeMeters><Extensions><TPX xmlns="http://www.garmin.com/xmlschemas/ActivityExtension/v2"><Speed>1.28</Speed></TPX></Extensions></Trackpoint><Trackpoint><Time>2026-03-20T11:58:07+00:00</Time><DistanceMeters>2087.8</DistanceMeters><Position><LatitudeDegrees>50.852423</LatitudeDegrees><LongitudeDegrees>4.296665</LongitudeDegrees></Position><AltitudeMeters>48.4</AltitudeMeters><Extensions><TPX xmlns="http://www.garmin.com/xmlschemas/ActivityExtension/v2"><Speed>1.28</Speed></TPX></Extensions></Trackpoint><Trackpoint><Time>2026-03-20T11:58:08+00:00</Time><DistanceMeters>2091.3</DistanceMeters><Position><LatitudeDegrees>50.852417</LatitudeDegrees><LongitudeDegrees>4.296688</LongitudeDegrees></Position><AltitudeMeters>48.4</AltitudeMeters><Extensions><TPX xmlns="http://www.garmin.com/xmlschemas/ActivityExtension/v2"><Speed>1.98</Speed></TPX></Extensions></Trackpoint><Trackpoint><Time>2026-03-20T11:58:09+00:00</Time><DistanceMeters>2091.3</DistanceMeters><Position><LatitudeDegrees>50.852411</LatitudeDegrees><LongitudeDegrees>4.296709</LongitudeDegrees></Position><AltitudeMeters>48.4</AltitudeMeters><Extensions><TPX xmlns="http://www.garmin.com/xmlschemas/ActivityExtension/v2"><Speed>1.34</Speed></TPX></Extensions></Trackpoint><Trackpoint><Time>2026-03-20T11:58:10+00:00</Time><DistanceMeters>2094.4</DistanceMeters><Position><LatitudeDegrees>50.852406</LatitudeDegrees><LongitudeDegrees>4.296729</LongitudeDegrees></Position><AltitudeMeters>48.4</AltitudeMeters><Extensions><TPX xmlns="http://www.garmin.com/xmlschemas/ActivityExtension/v2"><Speed>1.96</Speed></TPX></Extensions></Trackpoint><Trackpoint><Time>2026-03-20T11:58:11+00:00</Time><DistanceMeters>2094.4</DistanceMeters><Position><LatitudeDegrees>50.852402</LatitudeDegrees><LongitudeDegrees>4.296748</LongitudeDegrees></Position><AltitudeMeters>48.4</AltitudeMeters><Extensions><TPX xmlns="http://www.garmin.com/xmlschemas/ActivityExtension/v2"><Speed>1.32</Speed></TPX></Extensions></Trackpoint><Trackpoint><Time>2026-03-20T11:58:12+00:00</Time><DistanceMeters>2094.4</DistanceMeters><Position><LatitudeDegrees>50.852404</LatitudeDegrees><LongitudeDegrees>4.296764</LongitudeDegrees></Position><AltitudeMeters>48.4</AltitudeMeters><Extensions><TPX xmlns="http://www.garmin.com/xmlschemas/ActivityExtension/v2"><Speed>1.32</Speed></TPX></Extensions></Trackpoint><Trackpoint><Time>2026-03-20T11:58:13+00:00</Time><DistanceMeters>2097.7</DistanceMeters><Position><LatitudeDegrees>50.852421</LatitudeDegrees><LongitudeDegrees>4.296768</LongitudeDegrees></Position><AltitudeMeters>48.4</AltitudeMeters><Extensions><TPX xmlns="http://www.garmin.com/xmlschemas/ActivityExtension/v2"><Speed>1.28</Speed></TPX></Extensions></Trackpoint><Trackpoint><Time>2026-03-20T11:58:14+00:00</Time><DistanceMeters>2097.7</DistanceMeters><Position><LatitudeDegrees>50.852436</LatitudeDegrees><LongitudeDegrees>4.296761</LongitudeDegrees></Position><AltitudeMeters>48.4</AltitudeMeters><Extensions><TPX xmlns="http://www.garmin.com/xmlschemas/ActivityExtension/v2"><Speed>1.28</Speed></TPX></Extensions></Trackpoint><Trackpoint><Time>2026-03-20T11:58:15+00:00</Time><DistanceMeters>2097.7</DistanceMeters><Position><LatitudeDegrees>50.852438</LatitudeDegrees><LongitudeDegrees>4.296755</LongitudeDegrees></Position><AltitudeMeters>48.4</AltitudeMeters><Extensions><TPX xmlns="http://www.garmin.com/xmlschemas/ActivityExtension/v2"><Speed>0.66</Speed></TPX></Extensions></Trackpoint><Trackpoint><Time>2026-03-20T11:58:16+00:00</Time><DistanceMeters>2100.9</DistanceMeters><Position><LatitudeDegrees>50.85244</LatitudeDegrees><LongitudeDegrees>4.296734</LongitudeDegrees></Position><AltitudeMeters>48.4</AltitudeMeters><Extensions><TPX xmlns="http://www.garmin.com/xmlschemas/ActivityExtension/v2"><Speed>1.3</Speed></TPX></Extensions></Trackpoint><Trackpoint><Time>2026-03-20T11:58:17+00:00</Time><DistanceMeters>2103.1</DistanceMeters><Position><LatitudeDegrees>50.852438</LatitudeDegrees><LongitudeDegrees>4.296684</LongitudeDegrees></Position><AltitudeMeters>48.4</AltitudeMeters><Extensions><TPX xmlns="http://www.garmin.com/xmlschemas/ActivityExtension/v2"><Speed>1.74</Speed></TPX></Extensions></Trackpoint><Trackpoint><Time>2026-03-20T11:58:18+00:00</Time><DistanceMeters>2105.3</DistanceMeters><Position><LatitudeDegrees>50.852436</LatitudeDegrees><LongitudeDegrees>4.296671</LongitudeDegrees></Position><AltitudeMeters>48.4</AltitudeMeters><Extensions><TPX xmlns="http://www.garmin.com/xmlschemas/ActivityExtension/v2"><Speed>1.52</Speed></TPX></Extensions></Trackpoint><Trackpoint><Time>2026-03-20T11:58:19+00:00</Time><DistanceMeters>2105.3</DistanceMeters><Position><LatitudeDegrees>50.852435</LatitudeDegrees><LongitudeDegrees>4.296654</LongitudeDegrees></Position><AltitudeMeters>48.4</AltitudeMeters><Extensions><TPX xmlns="http://www.garmin.com/xmlschemas/ActivityExtension/v2"><Speed>1.52</Speed></TPX></Extensions></Trackpoint><Trackpoint><Time>2026-03-20T11:58:20+00:00</Time><DistanceMeters>2105.3</DistanceMeters><Position><LatitudeDegrees>50.852433</LatitudeDegrees><LongitudeDegrees>4.296636</LongitudeDegrees></Position><AltitudeMeters>48.4</AltitudeMeters><Extensions><TPX xmlns="http://www.garmin.com/xmlschemas/ActivityExtension/v2"><Speed>1.52</Speed></TPX></Extensions></Trackpoint><Trackpoint><Time>2026-03-20T11:58:21+00:00</Time><DistanceMeters>2108.6</DistanceMeters><Position><LatitudeDegrees>50.85243</LatitudeDegrees><LongitudeDegrees>4.296626</LongitudeDegrees></Position><AltitudeMeters>48.4</AltitudeMeters><Extensions><TPX xmlns="http://www.garmin.com/xmlschemas/ActivityExtension/v2"><Speed>1.54</Speed></TPX></Extensions></Trackpoint><Trackpoint><Time>2026-03-20T11:58:22+00:00</Time><DistanceMeters>2108.6</DistanceMeters><Position><LatitudeDegrees>50.852428</LatitudeDegrees><LongitudeDegrees>4.296616</LongitudeDegrees></Position><AltitudeMeters>48.4</AltitudeMeters><Extensions><TPX xmlns="http://www.garmin.com/xmlschemas/ActivityExtension/v2"><Speed>1.1</Speed></TPX></Extensions></Trackpoint><Trackpoint><Time>2026-03-20T11:58:23+00:00</Time><DistanceMeters>2108.6</DistanceMeters><Position><LatitudeDegrees>50.852431</LatitudeDegrees><LongitudeDegrees>4.296604</LongitudeDegrees></Position><AltitudeMeters>48.4</AltitudeMeters><Extensions><TPX xmlns="http://www.garmin.com/xmlschemas/ActivityExtension/v2"><Speed>0.66</Speed></TPX></Extensions></Trackpoint><Trackpoint><Time>2026-03-20T11:58:24+00:00</Time><DistanceMeters>2108.6</DistanceMeters><Position><LatitudeDegrees>50.852432</LatitudeDegrees><LongitudeDegrees>4.296591</LongitudeDegrees></Position><AltitudeMeters>48.4</AltitudeMeters><Extensions><TPX xmlns="http://www.garmin.com/xmlschemas/ActivityExtension/v2"><Speed>0.66</Speed></TPX></Extensions></Trackpoint><Trackpoint><Time>2026-03-20T11:58:25+00:00</Time><DistanceMeters>2108.6</DistanceMeters><Position><LatitudeDegrees>50.85243</LatitudeDegrees><LongitudeDegrees>4.29659</LongitudeDegrees></Position><AltitudeMeters>48.4</AltitudeMeters><Extensions><TPX xmlns="http://www.garmin.com/xmlschemas/ActivityExtension/v2"><Speed>0.66</Speed></TPX></Extensions></Trackpoint><Trackpoint><Time>2026-03-20T11:58:26+00:00</Time><DistanceMeters>2111.8</DistanceMeters><Position><LatitudeDegrees>50.852433</LatitudeDegrees><LongitudeDegrees>4.29658</LongitudeDegrees></Position><AltitudeMeters>48.4</AltitudeMeters><Extensions><TPX xmlns="http://www.garmin.com/xmlschemas/ActivityExtension/v2"><Speed>0.64</Speed></TPX></Extensions></Trackpoint><Trackpoint><Time>2026-03-20T11:58:27+00:00</Time><DistanceMeters>2111.8</DistanceMeters><Position><LatitudeDegrees>50.852432</LatitudeDegrees><LongitudeDegrees>4.296582</LongitudeDegrees></Position><AltitudeMeters>48.4</AltitudeMeters><Extensions><TPX xmlns="http://www.garmin.com/xmlschemas/ActivityExtension/v2"><Speed>0.64</Speed></TPX></Extensions></Trackpoint><Trackpoint><Time>2026-03-20T11:58:28+00:00</Time><DistanceMeters>2111.8</DistanceMeters><Position><LatitudeDegrees>50.852433</LatitudeDegrees><LongitudeDegrees>4.296576</LongitudeDegrees></Position><AltitudeMeters>48.4</AltitudeMeters><Extensions><TPX xmlns="http://www.garmin.com/xmlschemas/ActivityExtension/v2"><Speed>0.64</Speed></TPX></Extensions></Trackpoint><Trackpoint><Time>2026-03-20T11:58:29+00:00</Time><DistanceMeters>2111.8</DistanceMeters><Position><LatitudeDegrees>50.85243</LatitudeDegrees><LongitudeDegrees>4.296553</LongitudeDegrees></Position><AltitudeMeters>48.5</AltitudeMeters><Extensions><TPX xmlns="http://www.garmin.com/xmlschemas/ActivityExtension/v2"><Speed>0.64</Speed></TPX></Extensions></Trackpoint><Trackpoint><Time>2026-03-20T11:58:31+00:00</Time><DistanceMeters>2119.5</DistanceMeters><Position><LatitudeDegrees>50.852483</LatitudeDegrees><LongitudeDegrees>4.296511</LongitudeDegrees></Position><AltitudeMeters>48.6</AltitudeMeters><Extensions><TPX xmlns="http://www.garmin.com/xmlschemas/ActivityExtension/v2"><Speed>1.54</Speed></TPX></Extensions></Trackpoint><Trackpoint><Time>2026-03-20T11:58:32+00:00</Time><DistanceMeters>2123.3</DistanceMeters><Position><LatitudeDegrees>50.852517</LatitudeDegrees><LongitudeDegrees>4.296512</LongitudeDegrees></Position><AltitudeMeters>48.8</AltitudeMeters><Extensions><TPX xmlns="http://www.garmin.com/xmlschemas/ActivityExtension/v2"><Speed>2.3</Speed></TPX></Extensions></Trackpoint><Trackpoint><Time>2026-03-20T11:58:33+00:00</Time><DistanceMeters>2126.7</DistanceMeters><Position><LatitudeDegrees>50.852547</LatitudeDegrees><LongitudeDegrees>4.296521</LongitudeDegrees></Position><AltitudeMeters>48.9</AltitudeMeters><Extensions><TPX xmlns="http://www.garmin.com/xmlschemas/ActivityExtension/v2"><Speed>2.98</Speed></TPX></Extensions></Trackpoint><Trackpoint><Time>2026-03-20T11:58:34+00:00</Time><DistanceMeters>2129.8</DistanceMeters><Position><LatitudeDegrees>50.852573</LatitudeDegrees><LongitudeDegrees>4.296535</LongitudeDegrees></Position><AltitudeMeters>49.0</AltitudeMeters><Extensions><TPX xmlns="http://www.garmin.com/xmlschemas/ActivityExtension/v2"><Speed>3.6</Speed></TPX></Extensions></Trackpoint><Trackpoint><Time>2026-03-20T11:58:35+00:00</Time><DistanceMeters>2133.1</DistanceMeters><Position><LatitudeDegrees>50.852601</LatitudeDegrees><LongitudeDegrees>4.29655</LongitudeDegrees></Position><AltitudeMeters>49.2</AltitudeMeters><Extensions><TPX xmlns="http://www.garmin.com/xmlschemas/ActivityExtension/v2"><Speed>3.55</Speed></TPX></Extensions></Trackpoint><Trackpoint><Time>2026-03-20T11:58:36+00:00</Time><DistanceMeters>2135.6</DistanceMeters><Position><LatitudeDegrees>50.852631</LatitudeDegrees><LongitudeDegrees>4.296576</LongitudeDegrees></Position><AltitudeMeters>49.4</AltitudeMeters><Extensions><TPX xmlns="http://www.garmin.com/xmlschemas/ActivityExtension/v2"><Speed>3.22</Speed></TPX></Extensions></Trackpoint><Trackpoint><Time>2026-03-20T11:58:37+00:00</Time><DistanceMeters>2138.1</DistanceMeters><Position><LatitudeDegrees>50.852639</LatitudeDegrees><LongitudeDegrees>4.296587</LongitudeDegrees></Position><AltitudeMeters>49.5</AltitudeMeters><Extensions><TPX xmlns="http://www.garmin.com/xmlschemas/ActivityExtension/v2"><Speed>2.96</Speed></TPX></Extensions></Trackpoint><Trackpoint><Time>2026-03-20T11:58:38+00:00</Time><DistanceMeters>2140.5</DistanceMeters><Position><LatitudeDegrees>50.852657</LatitudeDegrees><LongitudeDegrees>4.296628</LongitudeDegrees></Position><AltitudeMeters>49.7</AltitudeMeters><Extensions><TPX xmlns="http://www.garmin.com/xmlschemas/ActivityExtension/v2"><Speed>2.76</Speed></TPX></Extensions></Trackpoint><Trackpoint><Time>2026-03-20T11:58:39+00:00</Time><DistanceMeters>2142.9</DistanceMeters><Position><LatitudeDegrees>50.852663</LatitudeDegrees><LongitudeDegrees>4.296644</LongitudeDegrees></Position><AltitudeMeters>49.8</AltitudeMeters><Extensions><TPX xmlns="http://www.garmin.com/xmlschemas/ActivityExtension/v2"><Speed>2.62</Speed></TPX></Extensions></Trackpoint><Trackpoint><Time>2026-03-20T11:58:40+00:00</Time><DistanceMeters>2145.9</DistanceMeters><Position><LatitudeDegrees>50.852683</LatitudeDegrees><LongitudeDegrees>4.296698</LongitudeDegrees></Position><AltitudeMeters>50.1</AltitudeMeters><Extensions><TPX xmlns="http://www.garmin.com/xmlschemas/ActivityExtension/v2"><Speed>2.55</Speed></TPX></Extensions></Trackpoint><Trackpoint><Time>2026-03-20T11:58:41+00:00</Time><DistanceMeters>2148.8</DistanceMeters><Position><LatitudeDegrees>50.852689</LatitudeDegrees><LongitudeDegrees>4.296717</LongitudeDegrees></Position><AltitudeMeters>50.2</AltitudeMeters><Extensions><TPX xmlns="http://www.garmin.com/xmlschemas/ActivityExtension/v2"><Speed>2.64</Speed></TPX></Extensions></Trackpoint><Trackpoint><Time>2026-03-20T11:58:42+00:00</Time><DistanceMeters>2152.1</DistanceMeters><Position><LatitudeDegrees>50.852709</LatitudeDegrees><LongitudeDegrees>4.296753</LongitudeDegrees></Position><AltitudeMeters>50.5</AltitudeMeters><Extensions><TPX xmlns="http://www.garmin.com/xmlschemas/ActivityExtension/v2"><Speed>2.8</Speed></TPX></Extensions></Trackpoint><Trackpoint><Time>2026-03-20T11:58:43+00:00</Time><DistanceMeters>2155.4</DistanceMeters><Position><LatitudeDegrees>50.852728</LatitudeDegrees><LongitudeDegrees>4.29679</LongitudeDegrees></Position><AltitudeMeters>50.7</AltitudeMeters><Extensions><TPX xmlns="http://www.garmin.com/xmlschemas/ActivityExtension/v2"><Speed>2.98</Speed></TPX></Extensions></Trackpoint><Trackpoint><Time>2026-03-20T11:58:44+00:00</Time><DistanceMeters>2158.7</DistanceMeters><Position><LatitudeDegrees>50.852747</LatitudeDegrees><LongitudeDegrees>4.296825</LongitudeDegrees></Position><AltitudeMeters>51.0</AltitudeMeters><Extensions><TPX xmlns="http://www.garmin.com/xmlschemas/ActivityExtension/v2"><Speed>3.16</Speed></TPX></Extensions></Trackpoint><Trackpoint><Time>2026-03-20T11:58:45+00:00</Time><DistanceMeters>2162.2</DistanceMeters><Position><LatitudeDegrees>50.852769</LatitudeDegrees><LongitudeDegrees>4.296862</LongitudeDegrees></Position><AltitudeMeters>51.3</AltitudeMeters><Extensions><TPX xmlns="http://www.garmin.com/xmlschemas/ActivityExtension/v2"><Speed>3.27</Speed></TPX></Extensions></Trackpoint><Trackpoint><Time>2026-03-20T11:58:46+00:00</Time><DistanceMeters>2165.3</DistanceMeters><Position><LatitudeDegrees>50.852804</LatitudeDegrees><LongitudeDegrees>4.296892</LongitudeDegrees></Position><AltitudeMeters>51.6</AltitudeMeters><Extensions><TPX xmlns="http://www.garmin.com/xmlschemas/ActivityExtension/v2"><Speed>3.29</Speed></TPX></Extensions></Trackpoint><Trackpoint><Time>2026-03-20T11:58:47+00:00</Time><DistanceMeters>2168.3</DistanceMeters><Position><LatitudeDegrees>50.852816</LatitudeDegrees><LongitudeDegrees>4.296903</LongitudeDegrees></Position><AltitudeMeters>51.7</AltitudeMeters><Extensions><TPX xmlns="http://www.garmin.com/xmlschemas/ActivityExtension/v2"><Speed>3.24</Speed></TPX></Extensions></Trackpoint><Trackpoint><Time>2026-03-20T11:58:48+00:00</Time><DistanceMeters>2171.5</DistanceMeters><Position><LatitudeDegrees>50.852842</LatitudeDegrees><LongitudeDegrees>4.296926</LongitudeDegrees></Position><AltitudeMeters>52.0</AltitudeMeters><Extensions><TPX xmlns="http://www.garmin.com/xmlschemas/ActivityExtension/v2"><Speed>3.22</Speed></TPX></Extensions></Trackpoint><Trackpoint><Time>2026-03-20T11:58:49+00:00</Time><DistanceMeters>2174.7</DistanceMeters><Position><LatitudeDegrees>50.852867</LatitudeDegrees><LongitudeDegrees>4.296947</LongitudeDegrees></Position><AltitudeMeters>52.2</AltitudeMeters><Extensions><TPX xmlns="http://www.garmin.com/xmlschemas/ActivityExtension/v2"><Speed>3.2</Speed></TPX></Extensions></Trackpoint><Trackpoint><Time>2026-03-20T11:58:50+00:00</Time><DistanceMeters>2178.0</DistanceMeters><Position><LatitudeDegrees>50.852895</LatitudeDegrees><LongitudeDegrees>4.296965</LongitudeDegrees></Position><AltitudeMeters>52.5</AltitudeMeters><Extensions><TPX xmlns="http://www.garmin.com/xmlschemas/ActivityExtension/v2"><Speed>3.16</Speed></TPX></Extensions></Trackpoint><Trackpoint><Time>2026-03-20T11:58:51+00:00</Time><DistanceMeters>2181.8</DistanceMeters><Position><LatitudeDegrees>50.852926</LatitudeDegrees><LongitudeDegrees>4.296987</LongitudeDegrees></Position><AltitudeMeters>52.9</AltitudeMeters><Extensions><TPX xmlns="http://www.garmin.com/xmlschemas/ActivityExtension/v2"><Speed>3.31</Speed></TPX></Extensions></Trackpoint><Trackpoint><Time>2026-03-20T11:58:52+00:00</Time><DistanceMeters>2185.5</DistanceMeters><Position><LatitudeDegrees>50.852958</LatitudeDegrees><LongitudeDegrees>4.297001</LongitudeDegrees></Position><AltitudeMeters>53.2</AltitudeMeters><Extensions><TPX xmlns="http://www.garmin.com/xmlschemas/ActivityExtension/v2"><Speed>3.44</Speed></TPX></Extensions></Trackpoint><Trackpoint><Time>2026-03-20T11:58:53+00:00</Time><DistanceMeters>2188.9</DistanceMeters><Position><LatitudeDegrees>50.852988</LatitudeDegrees><LongitudeDegrees>4.297001</LongitudeDegrees></Position><AltitudeMeters>53.5</AltitudeMeters><Extensions><TPX xmlns="http://www.garmin.com/xmlschemas/ActivityExtension/v2"><Speed>3.48</Speed></TPX></Extensions></Trackpoint><Trackpoint><Time>2026-03-20T11:58:54+00:00</Time><DistanceMeters>2192.3</DistanceMeters><Position><LatitudeDegrees>50.853018</LatitudeDegrees><LongitudeDegrees>4.296989</LongitudeDegrees></Position><AltitudeMeters>53.8</AltitudeMeters><Extensions><TPX xmlns="http://www.garmin.com/xmlschemas/ActivityExtension/v2"><Speed>3.52</Speed></TPX></Extensions></Trackpoint><Trackpoint><Time>2026-03-20T11:58:55+00:00</Time><DistanceMeters>2195.5</DistanceMeters><Position><LatitudeDegrees>50.853045</LatitudeDegrees><LongitudeDegrees>4.296972</LongitudeDegrees></Position><AltitudeMeters>54.1</AltitudeMeters><Extensions><TPX xmlns="http://www.garmin.com/xmlschemas/ActivityExtension/v2"><Speed>3.5</Speed></TPX></Extensions></Trackpoint><Trackpoint><Time>2026-03-20T11:58:56+00:00</Time><DistanceMeters>2198.4</DistanceMeters><Position><LatitudeDegrees>50.853081</LatitudeDegrees><LongitudeDegrees>4.296946</LongitudeDegrees></Position><AltitudeMeters>54.6</AltitudeMeters><Extensions><TPX xmlns="http://www.garmin.com/xmlschemas/ActivityExtension/v2"><Speed>3.31</Speed></TPX></Extensions></Trackpoint><Trackpoint><Time>2026-03-20T11:58:57+00:00</Time><DistanceMeters>2201.2</DistanceMeters><Position><LatitudeDegrees>50.853092</LatitudeDegrees><LongitudeDegrees>4.296938</LongitudeDegrees></Position><AltitudeMeters>54.7</AltitudeMeters><Extensions><TPX xmlns="http://www.garmin.com/xmlschemas/ActivityExtension/v2"><Speed>3.14</Speed></TPX></Extensions></Trackpoint><Trackpoint><Time>2026-03-20T11:58:58+00:00</Time><DistanceMeters>2203.8</DistanceMeters><Position><LatitudeDegrees>50.853115</LatitudeDegrees><LongitudeDegrees>4.2969</LongitudeDegrees></Position><AltitudeMeters>55.1</AltitudeMeters><Extensions><TPX xmlns="http://www.garmin.com/xmlschemas/ActivityExtension/v2"><Speed>2.97</Speed></TPX></Extensions></Trackpoint><Trackpoint><Time>2026-03-20T11:58:59+00:00</Time><DistanceMeters>2206.3</DistanceMeters><Position><LatitudeDegrees>50.853123</LatitudeDegrees><LongitudeDegrees>4.296886</LongitudeDegrees></Position><AltitudeMeters>55.3</AltitudeMeters><Extensions><TPX xmlns="http://www.garmin.com/xmlschemas/ActivityExtension/v2"><Speed>2.8</Speed></TPX></Extensions></Trackpoint><Trackpoint><Time>2026-03-20T11:59:00+00:00</Time><DistanceMeters>2209.1</DistanceMeters><Position><LatitudeDegrees>50.853145</LatitudeDegrees><LongitudeDegrees>4.296836</LongitudeDegrees></Position><AltitudeMeters>55.8</AltitudeMeters><Extensions><TPX xmlns="http://www.garmin.com/xmlschemas/ActivityExtension/v2"><Speed>2.72</Speed></TPX></Extensions></Trackpoint><Trackpoint><Time>2026-03-20T11:59:01+00:00</Time><DistanceMeters>2211.9</DistanceMeters><Position><LatitudeDegrees>50.853152</LatitudeDegrees><LongitudeDegrees>4.29682</LongitudeDegrees></Position><AltitudeMeters>55.9</AltitudeMeters><Extensions><TPX xmlns="http://www.garmin.com/xmlschemas/ActivityExtension/v2"><Speed>2.71</Speed></TPX></Extensions></Trackpoint><Trackpoint><Time>2026-03-20T11:59:02+00:00</Time><DistanceMeters>2214.7</DistanceMeters><Position><LatitudeDegrees>50.85318</LatitudeDegrees><LongitudeDegrees>4.296781</LongitudeDegrees></Position><AltitudeMeters>56.4</AltitudeMeters><Extensions><TPX xmlns="http://www.garmin.com/xmlschemas/ActivityExtension/v2"><Speed>2.7</Speed></TPX></Extensions></Trackpoint><Trackpoint><Time>2026-03-20T11:59:03+00:00</Time><DistanceMeters>2217.5</DistanceMeters><Position><LatitudeDegrees>50.85319</LatitudeDegrees><LongitudeDegrees>4.296767</LongitudeDegrees></Position><AltitudeMeters>56.6</AltitudeMeters><Extensions><TPX xmlns="http://www.garmin.com/xmlschemas/ActivityExtension/v2"><Speed>2.75</Speed></TPX></Extensions></Trackpoint><Trackpoint><Time>2026-03-20T11:59:04+00:00</Time><DistanceMeters>2220.6</DistanceMeters><Position><LatitudeDegrees>50.853213</LatitudeDegrees><LongitudeDegrees>4.296743</LongitudeDegrees></Position><AltitudeMeters>56.9</AltitudeMeters><Extensions><TPX xmlns="http://www.garmin.com/xmlschemas/ActivityExtension/v2"><Speed>2.86</Speed></TPX></Extensions></Trackpoint><Trackpoint><Time>2026-03-20T11:59:05+00:00</Time><DistanceMeters>2224.8</DistanceMeters><Position><LatitudeDegrees>50.853248</LatitudeDegrees><LongitudeDegrees>4.29672</LongitudeDegrees></Position><AltitudeMeters>57.4</AltitudeMeters><Extensions><TPX xmlns="http://www.garmin.com/xmlschemas/ActivityExtension/v2"><Speed>3.14</Speed></TPX></Extensions></Trackpoint><Trackpoint><Time>2026-03-20T11:59:06+00:00</Time><DistanceMeters>2229.0</DistanceMeters><Position><LatitudeDegrees>50.853281</LatitudeDegrees><LongitudeDegrees>4.29669</LongitudeDegrees></Position><AltitudeMeters>57.8</AltitudeMeters><Extensions><TPX xmlns="http://www.garmin.com/xmlschemas/ActivityExtension/v2"><Speed>3.42</Speed></TPX></Extensions></Trackpoint><Trackpoint><Time>2026-03-20T11:59:07+00:00</Time><DistanceMeters>2232.6</DistanceMeters><Position><LatitudeDegrees>50.85331</LatitudeDegrees><LongitudeDegrees>4.296668</LongitudeDegrees></Position><AltitudeMeters>58.2</AltitudeMeters><Extensions><TPX xmlns="http://www.garmin.com/xmlschemas/ActivityExtension/v2"><Speed>3.58</Speed></TPX></Extensions></Trackpoint><Trackpoint><Time>2026-03-20T11:59:08+00:00</Time><DistanceMeters>2236.2</DistanceMeters><Position><LatitudeDegrees>50.853342</LatitudeDegrees><LongitudeDegrees>4.296662</LongitudeDegrees></Position><AltitudeMeters>58.6</AltitudeMeters><Extensions><TPX xmlns="http://www.garmin.com/xmlschemas/ActivityExtension/v2"><Speed>3.74</Speed></TPX></Extensions></Trackpoint><Trackpoint><Time>2026-03-20T11:59:09+00:00</Time><DistanceMeters>2238.8</DistanceMeters><Position><LatitudeDegrees>50.853376</LatitudeDegrees><LongitudeDegrees>4.296667</LongitudeDegrees></Position><AltitudeMeters>58.9</AltitudeMeters><Extensions><TPX xmlns="http://www.garmin.com/xmlschemas/ActivityExtension/v2"><Speed>3.64</Speed></TPX></Extensions></Trackpoint><Trackpoint><Time>2026-03-20T11:59:10+00:00</Time><DistanceMeters>2241.4</DistanceMeters><Position><LatitudeDegrees>50.853388</LatitudeDegrees><LongitudeDegrees>4.296671</LongitudeDegrees></Position><AltitudeMeters>59.1</AltitudeMeters><Extensions><TPX xmlns="http://www.garmin.com/xmlschemas/ActivityExtension/v2"><Speed>3.32</Speed></TPX></Extensions></Trackpoint><Trackpoint><Time>2026-03-20T11:59:11+00:00</Time><DistanceMeters>2243.8</DistanceMeters><Position><LatitudeDegrees>50.853422</LatitudeDegrees><LongitudeDegrees>4.296668</LongitudeDegrees></Position><AltitudeMeters>59.4</AltitudeMeters><Extensions><TPX xmlns="http://www.garmin.com/xmlschemas/ActivityExtension/v2"><Speed>2.95</Speed></TPX></Extensions></Trackpoint><Trackpoint><Time>2026-03-20T11:59:12+00:00</Time><DistanceMeters>2246.1</DistanceMeters><Position><LatitudeDegrees>50.85343</LatitudeDegrees><LongitudeDegrees>4.296674</LongitudeDegrees></Position><AltitudeMeters>59.5</AltitudeMeters><Extensions><TPX xmlns="http://www.garmin.com/xmlschemas/ActivityExtension/v2"><Speed>2.7</Speed></TPX></Extensions></Trackpoint><Trackpoint><Time>2026-03-20T11:59:13+00:00</Time><DistanceMeters>2248.3</DistanceMeters><Position><LatitudeDegrees>50.853454</LatitudeDegrees><LongitudeDegrees>4.296704</LongitudeDegrees></Position><AltitudeMeters>59.9</AltitudeMeters><Extensions><TPX xmlns="http://www.garmin.com/xmlschemas/ActivityExtension/v2"><Speed>2.42</Speed></TPX></Extensions></Trackpoint><Trackpoint><Time>2026-03-20T11:59:14+00:00</Time><DistanceMeters>2250.5</DistanceMeters><Position><LatitudeDegrees>50.853461</LatitudeDegrees><LongitudeDegrees>4.296714</LongitudeDegrees></Position><AltitudeMeters>60.0</AltitudeMeters><Extensions><TPX xmlns="http://www.garmin.com/xmlschemas/ActivityExtension/v2"><Speed>2.34</Speed></TPX></Extensions></Trackpoint><Trackpoint><Time>2026-03-20T11:59:15+00:00</Time><DistanceMeters>2250.5</DistanceMeters><Position><LatitudeDegrees>50.853465</LatitudeDegrees><LongitudeDegrees>4.296724</LongitudeDegrees></Position><AltitudeMeters>60.0</AltitudeMeters><Extensions><TPX xmlns="http://www.garmin.com/xmlschemas/ActivityExtension/v2"><Speed>1.82</Speed></TPX></Extensions></Trackpoint><Trackpoint><Time>2026-03-20T11:59:17+00:00</Time><DistanceMeters>2250.5</DistanceMeters><Position><LatitudeDegrees>50.85347</LatitudeDegrees><LongitudeDegrees>4.29672</LongitudeDegrees></Position><AltitudeMeters>60.1</AltitudeMeters><Extensions><TPX xmlns="http://www.garmin.com/xmlschemas/ActivityExtension/v2"><Speed>0.88</Speed></TPX></Extensions></Trackpoint><Trackpoint><Time>2026-03-20T11:59:18+00:00</Time><DistanceMeters>2250.5</DistanceMeters><Position><LatitudeDegrees>50.853476</LatitudeDegrees><LongitudeDegrees>4.296685</LongitudeDegrees></Position><AltitudeMeters>60.3</AltitudeMeters><Extensions><TPX xmlns="http://www.garmin.com/xmlschemas/ActivityExtension/v2"><Speed>0.44</Speed></TPX></Extensions></Trackpoint><Trackpoint><Time>2026-03-20T11:59:19+00:00</Time><DistanceMeters>2253.7</DistanceMeters><Position><LatitudeDegrees>50.853471</LatitudeDegrees><LongitudeDegrees>4.29667</LongitudeDegrees></Position><AltitudeMeters>60.5</AltitudeMeters><Extensions><TPX xmlns="http://www.garmin.com/xmlschemas/ActivityExtension/v2"><Speed>0.64</Speed></TPX></Extensions></Trackpoint><Trackpoint><Time>2026-03-20T11:59:20+00:00</Time><DistanceMeters>2253.7</DistanceMeters><Position><LatitudeDegrees>50.853461</LatitudeDegrees><LongitudeDegrees>4.296661</LongitudeDegrees></Position><AltitudeMeters>60.6</AltitudeMeters><Extensions><TPX xmlns="http://www.garmin.com/xmlschemas/ActivityExtension/v2"><Speed>0.64</Speed></TPX></Extensions></Trackpoint><Trackpoint><Time>2026-03-20T11:59:21+00:00</Time><DistanceMeters>2257.6</DistanceMeters><Position><LatitudeDegrees>50.853439</LatitudeDegrees><LongitudeDegrees>4.296645</LongitudeDegrees></Position><AltitudeMeters>60.9</AltitudeMeters><Extensions><TPX xmlns="http://www.garmin.com/xmlschemas/ActivityExtension/v2"><Speed>1.183</Speed></TPX></Extensions></Trackpoint><Trackpoint><Time>2026-03-20T11:59:22+00:00</Time><DistanceMeters>2260.4</DistanceMeters><Position><LatitudeDegrees>50.853402</LatitudeDegrees><LongitudeDegrees>4.296639</LongitudeDegrees></Position><AltitudeMeters>61.3</AltitudeMeters><Extensions><TPX xmlns="http://www.garmin.com/xmlschemas/ActivityExtension/v2"><Speed>1.97</Speed></TPX></Extensions></Trackpoint><Trackpoint><Time>2026-03-20T11:59:23+00:00</Time><DistanceMeters>2263.1</DistanceMeters><Position><LatitudeDegrees>50.853391</LatitudeDegrees><LongitudeDegrees>4.296639</LongitudeDegrees></Position><AltitudeMeters>61.4</AltitudeMeters><Extensions><TPX xmlns="http://www.garmin.com/xmlschemas/ActivityExtension/v2"><Speed>2.52</Speed></TPX></Extensions></Trackpoint><Trackpoint><Time>2026-03-20T11:59:24+00:00</Time><DistanceMeters>2263.1</DistanceMeters><Position><LatitudeDegrees>50.853372</LatitudeDegrees><LongitudeDegrees>4.296636</LongitudeDegrees></Position><AltitudeMeters>61.6</AltitudeMeters><Extensions><TPX xmlns="http://www.garmin.com/xmlschemas/ActivityExtension/v2"><Speed>1.88</Speed></TPX></Extensions></Trackpoint><Trackpoint><Time>2026-03-20T11:59:25+00:00</Time><DistanceMeters>2266.9</DistanceMeters><Position><LatitudeDegrees>50.853357</LatitudeDegrees><LongitudeDegrees>4.296631</LongitudeDegrees></Position><AltitudeMeters>61.7</AltitudeMeters><Extensions><TPX xmlns="http://www.garmin.com/xmlschemas/ActivityExtension/v2"><Speed>2.64</Speed></TPX></Extensions></Trackpoint><Trackpoint><Time>2026-03-20T11:59:26+00:00</Time><DistanceMeters>2266.9</DistanceMeters><Position><LatitudeDegrees>50.853342</LatitudeDegrees><LongitudeDegrees>4.296631</LongitudeDegrees></Position><AltitudeMeters>61.5</AltitudeMeters><Extensions><TPX xmlns="http://www.garmin.com/xmlschemas/ActivityExtension/v2"><Speed>1.86</Speed></TPX></Extensions></Trackpoint><Trackpoint><Time>2026-03-20T11:59:27+00:00</Time><DistanceMeters>2270.7</DistanceMeters><Position><LatitudeDegrees>50.853323</LatitudeDegrees><LongitudeDegrees>4.296645</LongitudeDegrees></Position><AltitudeMeters>61.2</AltitudeMeters><Extensions><TPX xmlns="http://www.garmin.com/xmlschemas/ActivityExtension/v2"><Speed>2.07</Speed></TPX></Extensions></Trackpoint><Trackpoint><Time>2026-03-20T11:59:28+00:00</Time><DistanceMeters>2270.7</DistanceMeters><Position><LatitudeDegrees>50.853302</LatitudeDegrees><LongitudeDegrees>4.296665</LongitudeDegrees></Position><AltitudeMeters>60.9</AltitudeMeters><Extensions><TPX xmlns="http://www.garmin.com/xmlschemas/ActivityExtension/v2"><Speed>1.52</Speed></TPX></Extensions></Trackpoint><Trackpoint><Time>2026-03-20T11:59:29+00:00</Time><DistanceMeters>2274.7</DistanceMeters><Position><LatitudeDegrees>50.853292</LatitudeDegrees><LongitudeDegrees>4.296674</LongitudeDegrees></Position><AltitudeMeters>60.8</AltitudeMeters><Extensions><TPX xmlns="http://www.garmin.com/xmlschemas/ActivityExtension/v2"><Speed>2.32</Speed></TPX></Extensions></Trackpoint><Trackpoint><Time>2026-03-20T11:59:30+00:00</Time><DistanceMeters>2274.7</DistanceMeters><Position><LatitudeDegrees>50.853284</LatitudeDegrees><LongitudeDegrees>4.296681</LongitudeDegrees></Position><AltitudeMeters>60.6</AltitudeMeters><Extensions><TPX xmlns="http://www.garmin.com/xmlschemas/ActivityExtension/v2"><Speed>1.56</Speed></TPX></Extensions></Trackpoint><Trackpoint><Time>2026-03-20T11:59:31+00:00</Time><DistanceMeters>2274.7</DistanceMeters><Position><LatitudeDegrees>50.853275</LatitudeDegrees><LongitudeDegrees>4.296688</LongitudeDegrees></Position><AltitudeMeters>60.5</AltitudeMeters><Extensions><TPX xmlns="http://www.garmin.com/xmlschemas/ActivityExtension/v2"><Speed>1.56</Speed></TPX></Extensions></Trackpoint><Trackpoint><Time>2026-03-20T11:59:32+00:00</Time><DistanceMeters>2278.1</DistanceMeters><Position><LatitudeDegrees>50.853267</LatitudeDegrees><LongitudeDegrees>4.2967</LongitudeDegrees></Position><AltitudeMeters>60.4</AltitudeMeters><Extensions><TPX xmlns="http://www.garmin.com/xmlschemas/ActivityExtension/v2"><Speed>1.48</Speed></TPX></Extensions></Trackpoint><Trackpoint><Time>2026-03-20T11:59:33+00:00</Time><DistanceMeters>2278.1</DistanceMeters><Position><LatitudeDegrees>50.853259</LatitudeDegrees><LongitudeDegrees>4.296713</LongitudeDegrees></Position><AltitudeMeters>60.2</AltitudeMeters><Extensions><TPX xmlns="http://www.garmin.com/xmlschemas/ActivityExtension/v2"><Speed>1.48</Speed></TPX></Extensions></Trackpoint><Trackpoint><Time>2026-03-20T11:59:34+00:00</Time><DistanceMeters>2278.1</DistanceMeters><Position><LatitudeDegrees>50.85325</LatitudeDegrees><LongitudeDegrees>4.29672</LongitudeDegrees></Position><AltitudeMeters>60.1</AltitudeMeters><Extensions><TPX xmlns="http://www.garmin.com/xmlschemas/ActivityExtension/v2"><Speed>0.68</Speed></TPX></Extensions></Trackpoint><Trackpoint><Time>2026-03-20T11:59:35+00:00</Time><DistanceMeters>2281.5</DistanceMeters><Position><LatitudeDegrees>50.85324</LatitudeDegrees><LongitudeDegrees>4.296725</LongitudeDegrees></Position><AltitudeMeters>59.9</AltitudeMeters><Extensions><TPX xmlns="http://www.garmin.com/xmlschemas/ActivityExtension/v2"><Speed>1.36</Speed></TPX></Extensions></Trackpoint><Trackpoint><Time>2026-03-20T11:59:36+00:00</Time><DistanceMeters>2281.5</DistanceMeters><Position><LatitudeDegrees>50.85323</LatitudeDegrees><LongitudeDegrees>4.29673</LongitudeDegrees></Position><AltitudeMeters>59.8</AltitudeMeters><Extensions><TPX xmlns="http://www.garmin.com/xmlschemas/ActivityExtension/v2"><Speed>1.36</Speed></TPX></Extensions></Trackpoint><Trackpoint><Time>2026-03-20T11:59:37+00:00</Time><DistanceMeters>2281.5</DistanceMeters><Position><LatitudeDegrees>50.853219</LatitudeDegrees><LongitudeDegrees>4.296737</LongitudeDegrees></Position><AltitudeMeters>59.6</AltitudeMeters><Extensions><TPX xmlns="http://www.garmin.com/xmlschemas/ActivityExtension/v2"><Speed>0.68</Speed></TPX></Extensions></Trackpoint><Trackpoint><Time>2026-03-20T11:59:38+00:00</Time><DistanceMeters>2285.4</DistanceMeters><Position><LatitudeDegrees>50.853207</LatitudeDegrees><LongitudeDegrees>4.296745</LongitudeDegrees></Position><AltitudeMeters>59.5</AltitudeMeters><Extensions><TPX xmlns="http://www.garmin.com/xmlschemas/ActivityExtension/v2"><Speed>1.46</Speed></TPX></Extensions></Trackpoint><Trackpoint><Time>2026-03-20T11:59:39+00:00</Time><DistanceMeters>2285.4</DistanceMeters><Position><LatitudeDegrees>50.853195</LatitudeDegrees><LongitudeDegrees>4.296753</LongitudeDegrees></Position><AltitudeMeters>59.3</AltitudeMeters><Extensions><TPX xmlns="http://www.garmin.com/xmlschemas/ActivityExtension/v2"><Speed>1.46</Speed></TPX></Extensions></Trackpoint><Trackpoint><Time>2026-03-20T11:59:40+00:00</Time><DistanceMeters>2288.4</DistanceMeters><Position><LatitudeDegrees>50.853182</LatitudeDegrees><LongitudeDegrees>4.296758</LongitudeDegrees></Position><AltitudeMeters>59.1</AltitudeMeters><Extensions><TPX xmlns="http://www.garmin.com/xmlschemas/ActivityExtension/v2"><Speed>1.38</Speed></TPX></Extensions></Trackpoint><Trackpoint><Time>2026-03-20T11:59:41+00:00</Time><DistanceMeters>2289.9</DistanceMeters><Position><LatitudeDegrees>50.853162</LatitudeDegrees><LongitudeDegrees>4.296773</LongitudeDegrees></Position><AltitudeMeters>58.8</AltitudeMeters><Extensions><TPX xmlns="http://www.garmin.com/xmlschemas/ActivityExtension/v2"><Speed>1.673</Speed></TPX></Extensions></Trackpoint><Trackpoint><Time>2026-03-20T11:59:42+00:00</Time><DistanceMeters>2291.3</DistanceMeters><Position><LatitudeDegrees>50.853155</LatitudeDegrees><LongitudeDegrees>4.296782</LongitudeDegrees></Position><AltitudeMeters>58.7</AltitudeMeters><Extensions><TPX xmlns="http://www.garmin.com/xmlschemas/ActivityExtension/v2"><Speed>1.967</Speed></TPX></Extensions></Trackpoint><Trackpoint><Time>2026-03-20T11:59:43+00:00</Time><DistanceMeters>2292.8</DistanceMeters><Position><LatitudeDegrees>50.853148</LatitudeDegrees><LongitudeDegrees>4.29679</LongitudeDegrees></Position><AltitudeMeters>58.6</AltitudeMeters><Extensions><TPX xmlns="http://www.garmin.com/xmlschemas/ActivityExtension/v2"><Speed>1.48</Speed></TPX></Extensions></Trackpoint><Trackpoint><Time>2026-03-20T11:59:44+00:00</Time><DistanceMeters>2292.8</DistanceMeters><Position><LatitudeDegrees>50.853139</LatitudeDegrees><LongitudeDegrees>4.2968</LongitudeDegrees></Position><AltitudeMeters>58.4</AltitudeMeters><Extensions><TPX xmlns="http://www.garmin.com/xmlschemas/ActivityExtension/v2"><Speed>1.48</Speed></TPX></Extensions></Trackpoint><Trackpoint><Time>2026-03-20T11:59:45+00:00</Time><DistanceMeters>2292.8</DistanceMeters><Position><LatitudeDegrees>50.853128</LatitudeDegrees><LongitudeDegrees>4.296812</LongitudeDegrees></Position><AltitudeMeters>58.3</AltitudeMeters><Extensions><TPX xmlns="http://www.garmin.com/xmlschemas/ActivityExtension/v2"><Speed>0.88</Speed></TPX></Extensions></Trackpoint><Trackpoint><Time>2026-03-20T11:59:46+00:00</Time><DistanceMeters>2296.5</DistanceMeters><Position><LatitudeDegrees>50.85312</LatitudeDegrees><LongitudeDegrees>4.296818</LongitudeDegrees></Position><AltitudeMeters>58.1</AltitudeMeters><Extensions><TPX xmlns="http://www.garmin.com/xmlschemas/ActivityExtension/v2"><Speed>1.327</Speed></TPX></Extensions></Trackpoint><Trackpoint><Time>2026-03-20T11:59:47+00:00</Time><DistanceMeters>2296.5</DistanceMeters><Position><LatitudeDegrees>50.853114</LatitudeDegrees><LongitudeDegrees>4.296829</LongitudeDegrees></Position><AltitudeMeters>58.0</AltitudeMeters><Extensions><TPX xmlns="http://www.garmin.com/xmlschemas/ActivityExtension/v2"><Speed>1.033</Speed></TPX></Extensions></Trackpoint><Trackpoint><Time>2026-03-20T11:59:48+00:00</Time><DistanceMeters>2296.5</DistanceMeters><Position><LatitudeDegrees>50.853108</LatitudeDegrees><LongitudeDegrees>4.296839</LongitudeDegrees></Position><AltitudeMeters>57.9</AltitudeMeters><Extensions><TPX xmlns="http://www.garmin.com/xmlschemas/ActivityExtension/v2"><Speed>0.74</Speed></TPX></Extensions></Trackpoint><Trackpoint><Time>2026-03-20T11:59:49+00:00</Time><DistanceMeters>2296.5</DistanceMeters><Position><LatitudeDegrees>50.853103</LatitudeDegrees><LongitudeDegrees>4.296848</LongitudeDegrees></Position><AltitudeMeters>57.8</AltitudeMeters><Extensions><TPX xmlns="http://www.garmin.com/xmlschemas/ActivityExtension/v2"><Speed>0.74</Speed></TPX></Extensions></Trackpoint><Trackpoint><Time>2026-03-20T11:59:50+00:00</Time><DistanceMeters>2300.5</DistanceMeters><Position><LatitudeDegrees>50.853095</LatitudeDegrees><LongitudeDegrees>4.296858</LongitudeDegrees></Position><AltitudeMeters>57.7</AltitudeMeters><Extensions><TPX xmlns="http://www.garmin.com/xmlschemas/ActivityExtension/v2"><Speed>1.54</Speed></TPX></Extensions></Trackpoint><Trackpoint><Time>2026-03-20T11:59:51+00:00</Time><DistanceMeters>2300.5</DistanceMeters><Position><LatitudeDegrees>50.853087</LatitudeDegrees><LongitudeDegrees>4.296871</LongitudeDegrees></Position><AltitudeMeters>57.5</AltitudeMeters><Extensions><TPX xmlns="http://www.garmin.com/xmlschemas/ActivityExtension/v2"><Speed>0.8</Speed></TPX></Extensions></Trackpoint><Trackpoint><Time>2026-03-20T11:59:52+00:00</Time><DistanceMeters>2300.5</DistanceMeters><Position><LatitudeDegrees>50.853078</LatitudeDegrees><LongitudeDegrees>4.296884</LongitudeDegrees></Position><AltitudeMeters>57.3</AltitudeMeters><Extensions><TPX xmlns="http://www.garmin.com/xmlschemas/ActivityExtension/v2"><Speed>0.8</Speed></TPX></Extensions></Trackpoint><Trackpoint><Time>2026-03-20T11:59:53+00:00</Time><DistanceMeters>2304.5</DistanceMeters><Position><LatitudeDegrees>50.853068</LatitudeDegrees><LongitudeDegrees>4.296897</LongitudeDegrees></Position><AltitudeMeters>57.1</AltitudeMeters><Extensions><TPX xmlns="http://www.garmin.com/xmlschemas/ActivityExtension/v2"><Speed>1.6</Speed></TPX></Extensions></Trackpoint><Trackpoint><Time>2026-03-20T11:59:54+00:00</Time><DistanceMeters>2304.5</DistanceMeters><Position><LatitudeDegrees>50.853058</LatitudeDegrees><LongitudeDegrees>4.296908</LongitudeDegrees></Position><AltitudeMeters>56.9</AltitudeMeters><Extensions><TPX xmlns="http://www.garmin.com/xmlschemas/ActivityExtension/v2"><Speed>1.6</Speed></TPX></Extensions></Trackpoint><Trackpoint><Time>2026-03-20T11:59:55+00:00</Time><DistanceMeters>2304.5</DistanceMeters><Position><LatitudeDegrees>50.85305</LatitudeDegrees><LongitudeDegrees>4.296916</LongitudeDegrees></Position><AltitudeMeters>56.8</AltitudeMeters><Extensions><TPX xmlns="http://www.garmin.com/xmlschemas/ActivityExtension/v2"><Speed>0.8</Speed></TPX></Extensions></Trackpoint><Trackpoint><Time>2026-03-20T11:59:56+00:00</Time><DistanceMeters>2308.1</DistanceMeters><Position><LatitudeDegrees>50.853041</LatitudeDegrees><LongitudeDegrees>4.296926</LongitudeDegrees></Position><AltitudeMeters>56.6</AltitudeMeters><Extensions><TPX xmlns="http://www.garmin.com/xmlschemas/ActivityExtension/v2"><Speed>1.52</Speed></TPX></Extensions></Trackpoint><Trackpoint><Time>2026-03-20T11:59:57+00:00</Time><DistanceMeters>2308.1</DistanceMeters><Position><LatitudeDegrees>50.853028</LatitudeDegrees><LongitudeDegrees>4.296932</LongitudeDegrees></Position><AltitudeMeters>56.4</AltitudeMeters><Extensions><TPX xmlns="http://www.garmin.com/xmlschemas/ActivityExtension/v2"><Speed>1.52</Speed></TPX></Extensions></Trackpoint><Trackpoint><Time>2026-03-20T11:59:58+00:00</Time><DistanceMeters>2311.6</DistanceMeters><Position><LatitudeDegrees>50.853011</LatitudeDegrees><LongitudeDegrees>4.296938</LongitudeDegrees></Position><AltitudeMeters>56.1</AltitudeMeters><Extensions><TPX xmlns="http://www.garmin.com/xmlschemas/ActivityExtension/v2"><Speed>1.42</Speed></TPX></Extensions></Trackpoint><Trackpoint><Time>2026-03-20T11:59:59+00:00</Time><DistanceMeters>2311.6</DistanceMeters><Position><LatitudeDegrees>50.852996</LatitudeDegrees><LongitudeDegrees>4.296939</LongitudeDegrees></Position><AltitudeMeters>55.9</AltitudeMeters><Extensions><TPX xmlns="http://www.garmin.com/xmlschemas/ActivityExtension/v2"><Speed>1.42</Speed></TPX></Extensions></Trackpoint><Trackpoint><Time>2026-03-20T12:00:00+00:00</Time><DistanceMeters>2314.9</DistanceMeters><Position><LatitudeDegrees>50.852981</LatitudeDegrees><LongitudeDegrees>4.296942</LongitudeDegrees></Position><AltitudeMeters>55.7</AltitudeMeters><Extensions><TPX xmlns="http://www.garmin.com/xmlschemas/ActivityExtension/v2"><Speed>2.08</Speed></TPX></Extensions></Trackpoint><Trackpoint><Time>2026-03-20T12:00:01+00:00</Time><DistanceMeters>2314.9</DistanceMeters><Position><LatitudeDegrees>50.852971</LatitudeDegrees><LongitudeDegrees>4.296949</LongitudeDegrees></Position><AltitudeMeters>55.5</AltitudeMeters><Extensions><TPX xmlns="http://www.garmin.com/xmlschemas/ActivityExtension/v2"><Speed>1.36</Speed></TPX></Extensions></Trackpoint><Trackpoint><Time>2026-03-20T12:00:02+00:00</Time><DistanceMeters>2314.9</DistanceMeters><Position><LatitudeDegrees>50.85296</LatitudeDegrees><LongitudeDegrees>4.296945</LongitudeDegrees></Position><AltitudeMeters>55.3</AltitudeMeters><Extensions><TPX xmlns="http://www.garmin.com/xmlschemas/ActivityExtension/v2"><Speed>1.36</Speed></TPX></Extensions></Trackpoint><Trackpoint><Time>2026-03-20T12:00:03+00:00</Time><DistanceMeters>2318.5</DistanceMeters><Position><LatitudeDegrees>50.852949</LatitudeDegrees><LongitudeDegrees>4.296938</LongitudeDegrees></Position><AltitudeMeters>55.1</AltitudeMeters><Extensions><TPX xmlns="http://www.garmin.com/xmlschemas/ActivityExtension/v2"><Speed>1.38</Speed></TPX></Extensions></Trackpoint><Trackpoint><Time>2026-03-20T12:00:04+00:00</Time><DistanceMeters>2320.2</DistanceMeters><Position><LatitudeDegrees>50.852926</LatitudeDegrees><LongitudeDegrees>4.296926</LongitudeDegrees></Position><AltitudeMeters>54.8</AltitudeMeters><Extensions><TPX xmlns="http://www.garmin.com/xmlschemas/ActivityExtension/v2"><Speed>1.727</Speed></TPX></Extensions></Trackpoint><Trackpoint><Time>2026-03-20T12:00:05+00:00</Time><DistanceMeters>2322.0</DistanceMeters><Position><LatitudeDegrees>50.852917</LatitudeDegrees><LongitudeDegrees>4.296915</LongitudeDegrees></Position><AltitudeMeters>54.6</AltitudeMeters><Extensions><TPX xmlns="http://www.garmin.com/xmlschemas/ActivityExtension/v2"><Speed>1.413</Speed></TPX></Extensions></Trackpoint><Trackpoint><Time>2026-03-20T12:00:06+00:00</Time><DistanceMeters>2323.7</DistanceMeters><Position><LatitudeDegrees>50.852907</LatitudeDegrees><LongitudeDegrees>4.296905</LongitudeDegrees></Position><AltitudeMeters>54.5</AltitudeMeters><Extensions><TPX xmlns="http://www.garmin.com/xmlschemas/ActivityExtension/v2"><Speed>1.76</Speed></TPX></Extensions></Trackpoint><Trackpoint><Time>2026-03-20T12:00:07+00:00</Time><DistanceMeters>2323.7</DistanceMeters><Position><LatitudeDegrees>50.852898</LatitudeDegrees><LongitudeDegrees>4.296887</LongitudeDegrees></Position><AltitudeMeters>54.3</AltitudeMeters><Extensions><TPX xmlns="http://www.garmin.com/xmlschemas/ActivityExtension/v2"><Speed>1.76</Speed></TPX></Extensions></Trackpoint><Trackpoint><Time>2026-03-20T12:00:08+00:00</Time><DistanceMeters>2327.2</DistanceMeters><Position><LatitudeDegrees>50.852888</LatitudeDegrees><LongitudeDegrees>4.296865</LongitudeDegrees></Position><AltitudeMeters>54.0</AltitudeMeters><Extensions><TPX xmlns="http://www.garmin.com/xmlschemas/ActivityExtension/v2"><Speed>1.74</Speed></TPX></Extensions></Trackpoint><Trackpoint><Time>2026-03-20T12:00:09+00:00</Time><DistanceMeters>2327.2</DistanceMeters><Position><LatitudeDegrees>50.852879</LatitudeDegrees><LongitudeDegrees>4.296846</LongitudeDegrees></Position><AltitudeMeters>53.8</AltitudeMeters><Extensions><TPX xmlns="http://www.garmin.com/xmlschemas/ActivityExtension/v2"><Speed>1.393</Speed></TPX></Extensions></Trackpoint><Trackpoint><Time>2026-03-20T12:00:10+00:00</Time><DistanceMeters>2330.4</DistanceMeters><Position><LatitudeDegrees>50.852867</LatitudeDegrees><LongitudeDegrees>4.296833</LongitudeDegrees></Position><AltitudeMeters>53.6</AltitudeMeters><Extensions><TPX xmlns="http://www.garmin.com/xmlschemas/ActivityExtension/v2"><Speed>1.687</Speed></TPX></Extensions></Trackpoint><Trackpoint><Time>2026-03-20T12:00:11+00:00</Time><DistanceMeters>2330.4</DistanceMeters><Position><LatitudeDegrees>50.85285</LatitudeDegrees><LongitudeDegrees>4.296812</LongitudeDegrees></Position><AltitudeMeters>53.4</AltitudeMeters><Extensions><TPX xmlns="http://www.garmin.com/xmlschemas/ActivityExtension/v2"><Speed>1.34</Speed></TPX></Extensions></Trackpoint><Trackpoint><Time>2026-03-20T12:00:12+00:00</Time><DistanceMeters>2333.8</DistanceMeters><Position><LatitudeDegrees>50.852844</LatitudeDegrees><LongitudeDegrees>4.296802</LongitudeDegrees></Position><AltitudeMeters>53.2</AltitudeMeters><Extensions><TPX xmlns="http://www.garmin.com/xmlschemas/ActivityExtension/v2"><Speed>2.02</Speed></TPX></Extensions></Trackpoint><Trackpoint><Time>2026-03-20T12:00:13+00:00</Time><DistanceMeters>2335.2</DistanceMeters><Position><LatitudeDegrees>50.852828</LatitudeDegrees><LongitudeDegrees>4.296782</LongitudeDegrees></Position><AltitudeMeters>53.0</AltitudeMeters><Extensions><TPX xmlns="http://www.garmin.com/xmlschemas/ActivityExtension/v2"><Speed>1.6</Speed></TPX></Extensions></Trackpoint><Trackpoint><Time>2026-03-20T12:00:14+00:00</Time><DistanceMeters>2336.6</DistanceMeters><Position><LatitudeDegrees>50.85282</LatitudeDegrees><LongitudeDegrees>4.296775</LongitudeDegrees></Position><AltitudeMeters>52.9</AltitudeMeters><Extensions><TPX xmlns="http://www.garmin.com/xmlschemas/ActivityExtension/v2"><Speed>1.88</Speed></TPX></Extensions></Trackpoint><Trackpoint><Time>2026-03-20T12:00:15+00:00</Time><DistanceMeters>2338.0</DistanceMeters><Position><LatitudeDegrees>50.852812</LatitudeDegrees><LongitudeDegrees>4.296769</LongitudeDegrees></Position><AltitudeMeters>52.8</AltitudeMeters><Extensions><TPX xmlns="http://www.garmin.com/xmlschemas/ActivityExtension/v2"><Speed>1.52</Speed></TPX></Extensions></Trackpoint><Trackpoint><Time>2026-03-20T12:00:16+00:00</Time><DistanceMeters>2339.5</DistanceMeters><Position><LatitudeDegrees>50.852793</LatitudeDegrees><LongitudeDegrees>4.296751</LongitudeDegrees></Position><AltitudeMeters>52.5</AltitudeMeters><Extensions><TPX xmlns="http://www.garmin.com/xmlschemas/ActivityExtension/v2"><Speed>1.82</Speed></TPX></Extensions></Trackpoint><Trackpoint><Time>2026-03-20T12:00:17+00:00</Time><DistanceMeters>2341.0</DistanceMeters><Position><LatitudeDegrees>50.852785</LatitudeDegrees><LongitudeDegrees>4.296745</LongitudeDegrees></Position><AltitudeMeters>52.4</AltitudeMeters><Extensions><TPX xmlns="http://www.garmin.com/xmlschemas/ActivityExtension/v2"><Speed>1.44</Speed></TPX></Extensions></Trackpoint><Trackpoint><Time>2026-03-20T12:00:18+00:00</Time><DistanceMeters>2342.5</DistanceMeters><Position><LatitudeDegrees>50.852777</LatitudeDegrees><LongitudeDegrees>4.296738</LongitudeDegrees></Position><AltitudeMeters>52.3</AltitudeMeters><Extensions><TPX xmlns="http://www.garmin.com/xmlschemas/ActivityExtension/v2"><Speed>1.46</Speed></TPX></Extensions></Trackpoint><Trackpoint><Time>2026-03-20T12:00:19+00:00</Time><DistanceMeters>2342.5</DistanceMeters><Position><LatitudeDegrees>50.852763</LatitudeDegrees><LongitudeDegrees>4.296725</LongitudeDegrees></Position><AltitudeMeters>52.1</AltitudeMeters><Extensions><TPX xmlns="http://www.garmin.com/xmlschemas/ActivityExtension/v2"><Speed>1.18</Speed></TPX></Extensions></Trackpoint><Trackpoint><Time>2026-03-20T12:00:20+00:00</Time><DistanceMeters>2342.5</DistanceMeters><Position><LatitudeDegrees>50.85276</LatitudeDegrees><LongitudeDegrees>4.296711</LongitudeDegrees></Position><AltitudeMeters>52.0</AltitudeMeters><Extensions><TPX xmlns="http://www.garmin.com/xmlschemas/ActivityExtension/v2"><Speed>0.9</Speed></TPX></Extensions></Trackpoint><Trackpoint><Time>2026-03-20T12:00:21+00:00</Time><DistanceMeters>2346.3</DistanceMeters><Position><LatitudeDegrees>50.852755</LatitudeDegrees><LongitudeDegrees>4.296696</LongitudeDegrees></Position><AltitudeMeters>51.9</AltitudeMeters><Extensions><TPX xmlns="http://www.garmin.com/xmlschemas/ActivityExtension/v2"><Speed>1.36</Speed></TPX></Extensions></Trackpoint><Trackpoint><Time>2026-03-20T12:00:22+00:00</Time><DistanceMeters>2346.3</DistanceMeters><Position><LatitudeDegrees>50.852745</LatitudeDegrees><LongitudeDegrees>4.296685</LongitudeDegrees></Position><AltitudeMeters>51.8</AltitudeMeters><Extensions><TPX xmlns="http://www.garmin.com/xmlschemas/ActivityExtension/v2"><Speed>1.06</Speed></TPX></Extensions></Trackpoint><Trackpoint><Time>2026-03-20T12:00:23+00:00</Time><DistanceMeters>2346.3</DistanceMeters><Position><LatitudeDegrees>50.852738</LatitudeDegrees><LongitudeDegrees>4.296673</LongitudeDegrees></Position><AltitudeMeters>51.7</AltitudeMeters><Extensions><TPX xmlns="http://www.garmin.com/xmlschemas/ActivityExtension/v2"><Speed>0.76</Speed></TPX></Extensions></Trackpoint><Trackpoint><Time>2026-03-20T12:00:24+00:00</Time><DistanceMeters>2350.2</DistanceMeters><Position><LatitudeDegrees>50.85273</LatitudeDegrees><LongitudeDegrees>4.296658</LongitudeDegrees></Position><AltitudeMeters>51.5</AltitudeMeters><Extensions><TPX xmlns="http://www.garmin.com/xmlschemas/ActivityExtension/v2"><Speed>1.54</Speed></TPX></Extensions></Trackpoint><Trackpoint><Time>2026-03-20T12:00:25+00:00</Time><DistanceMeters>2350.2</DistanceMeters><Position><LatitudeDegrees>50.852722</LatitudeDegrees><LongitudeDegrees>4.296642</LongitudeDegrees></Position><AltitudeMeters>51.4</AltitudeMeters><Extensions><TPX xmlns="http://www.garmin.com/xmlschemas/ActivityExtension/v2"><Speed>1.54</Speed></TPX></Extensions></Trackpoint><Trackpoint><Time>2026-03-20T12:00:26+00:00</Time><DistanceMeters>2350.2</DistanceMeters><Position><LatitudeDegrees>50.852714</LatitudeDegrees><LongitudeDegrees>4.296629</LongitudeDegrees></Position><AltitudeMeters>51.3</AltitudeMeters><Extensions><TPX xmlns="http://www.garmin.com/xmlschemas/ActivityExtension/v2"><Speed>0.78</Speed></TPX></Extensions></Trackpoint><Trackpoint><Time>2026-03-20T12:00:27+00:00</Time><DistanceMeters>2354.2</DistanceMeters><Position><LatitudeDegrees>50.852705</LatitudeDegrees><LongitudeDegrees>4.296617</LongitudeDegrees></Position><AltitudeMeters>51.2</AltitudeMeters><Extensions><TPX xmlns="http://www.garmin.com/xmlschemas/ActivityExtension/v2"><Speed>1.58</Speed></TPX></Extensions></Trackpoint><Trackpoint><Time>2026-03-20T12:00:28+00:00</Time><DistanceMeters>2354.2</DistanceMeters><Position><LatitudeDegrees>50.852699</LatitudeDegrees><LongitudeDegrees>4.2966</LongitudeDegrees></Position><AltitudeMeters>51.0</AltitudeMeters><Extensions><TPX xmlns="http://www.garmin.com/xmlschemas/ActivityExtension/v2"><Speed>1.58</Speed></TPX></Extensions></Trackpoint><Trackpoint><Time>2026-03-20T12:00:29+00:00</Time><DistanceMeters>2357.6</DistanceMeters><Position><LatitudeDegrees>50.852692</LatitudeDegrees><LongitudeDegrees>4.296572</LongitudeDegrees></Position><AltitudeMeters>50.8</AltitudeMeters><Extensions><TPX xmlns="http://www.garmin.com/xmlschemas/ActivityExtension/v2"><Speed>1.48</Speed></TPX></Extensions></Trackpoint><Trackpoint><Time>2026-03-20T12:00:30+00:00</Time><DistanceMeters>2357.6</DistanceMeters><Position><LatitudeDegrees>50.85269</LatitudeDegrees><LongitudeDegrees>4.296558</LongitudeDegrees></Position><AltitudeMeters>50.7</AltitudeMeters><Extensions><TPX xmlns="http://www.garmin.com/xmlschemas/ActivityExtension/v2"><Speed>1.48</Speed></TPX></Extensions></Trackpoint><Trackpoint><Time>2026-03-20T12:00:31+00:00</Time><DistanceMeters>2357.6</DistanceMeters><Position><LatitudeDegrees>50.852687</LatitudeDegrees><LongitudeDegrees>4.296539</LongitudeDegrees></Position><AltitudeMeters>50.6</AltitudeMeters><Extensions><TPX xmlns="http://www.garmin.com/xmlschemas/ActivityExtension/v2"><Speed>1.48</Speed></TPX></Extensions></Trackpoint><Trackpoint><Time>2026-03-20T12:00:32+00:00</Time><DistanceMeters>2361.4</DistanceMeters><Position><LatitudeDegrees>50.852686</LatitudeDegrees><LongitudeDegrees>4.29652</LongitudeDegrees></Position><AltitudeMeters>50.5</AltitudeMeters><Extensions><TPX xmlns="http://www.garmin.com/xmlschemas/ActivityExtension/v2"><Speed>1.44</Speed></TPX></Extensions></Trackpoint><Trackpoint><Time>2026-03-20T12:00:33+00:00</Time><DistanceMeters>2361.4</DistanceMeters><Position><LatitudeDegrees>50.852685</LatitudeDegrees><LongitudeDegrees>4.296501</LongitudeDegrees></Position><AltitudeMeters>50.4</AltitudeMeters><Extensions><TPX xmlns="http://www.garmin.com/xmlschemas/ActivityExtension/v2"><Speed>1.44</Speed></TPX></Extensions></Trackpoint><Trackpoint><Time>2026-03-20T12:00:34+00:00</Time><DistanceMeters>2361.4</DistanceMeters><Position><LatitudeDegrees>50.852681</LatitudeDegrees><LongitudeDegrees>4.296483</LongitudeDegrees></Position><AltitudeMeters>50.2</AltitudeMeters><Extensions><TPX xmlns="http://www.garmin.com/xmlschemas/ActivityExtension/v2"><Speed>0.76</Speed></TPX></Extensions></Trackpoint><Trackpoint><Time>2026-03-20T12:00:35+00:00</Time><DistanceMeters>2365.2</DistanceMeters><Position><LatitudeDegrees>50.852675</LatitudeDegrees><LongitudeDegrees>4.296468</LongitudeDegrees></Position><AltitudeMeters>50.1</AltitudeMeters><Extensions><TPX xmlns="http://www.garmin.com/xmlschemas/ActivityExtension/v2"><Speed>1.52</Speed></TPX></Extensions></Trackpoint><Trackpoint><Time>2026-03-20T12:00:36+00:00</Time><DistanceMeters>2366.6</DistanceMeters><Position><LatitudeDegrees>50.852657</LatitudeDegrees><LongitudeDegrees>4.296451</LongitudeDegrees></Position><AltitudeMeters>49.9</AltitudeMeters><Extensions><TPX xmlns="http://www.garmin.com/xmlschemas/ActivityExtension/v2"><Speed>1.8</Speed></TPX></Extensions></Trackpoint><Trackpoint><Time>2026-03-20T12:00:37+00:00</Time><DistanceMeters>2368.0</DistanceMeters><Position><LatitudeDegrees>50.85265</LatitudeDegrees><LongitudeDegrees>4.296444</LongitudeDegrees></Position><AltitudeMeters>49.9</AltitudeMeters><Extensions><TPX xmlns="http://www.garmin.com/xmlschemas/ActivityExtension/v2"><Speed>1.32</Speed></TPX></Extensions></Trackpoint><Trackpoint><Time>2026-03-20T12:00:38+00:00</Time><DistanceMeters>2369.4</DistanceMeters><Position><LatitudeDegrees>50.852643</LatitudeDegrees><LongitudeDegrees>4.296438</LongitudeDegrees></Position><AltitudeMeters>49.8</AltitudeMeters><Extensions><TPX xmlns="http://www.garmin.com/xmlschemas/ActivityExtension/v2"><Speed>1.6</Speed></TPX></Extensions></Trackpoint><Trackpoint><Time>2026-03-20T12:00:39+00:00</Time><DistanceMeters>2370.8</DistanceMeters><Position><LatitudeDegrees>50.852621</LatitudeDegrees><LongitudeDegrees>4.296418</LongitudeDegrees></Position><AltitudeMeters>49.6</AltitudeMeters><Extensions><TPX xmlns="http://www.garmin.com/xmlschemas/ActivityExtension/v2"><Speed>1.873</Speed></TPX></Extensions></Trackpoint><Trackpoint><Time>2026-03-20T12:00:40+00:00</Time><DistanceMeters>2372.1</DistanceMeters><Position><LatitudeDegrees>50.852615</LatitudeDegrees><LongitudeDegrees>4.296416</LongitudeDegrees></Position><AltitudeMeters>49.5</AltitudeMeters><Extensions><TPX xmlns="http://www.garmin.com/xmlschemas/ActivityExtension/v2"><Speed>1.387</Speed></TPX></Extensions></Trackpoint><Trackpoint><Time>2026-03-20T12:00:41+00:00</Time><DistanceMeters>2373.5</DistanceMeters><Position><LatitudeDegrees>50.852608</LatitudeDegrees><LongitudeDegrees>4.296414</LongitudeDegrees></Position><AltitudeMeters>49.4</AltitudeMeters><Extensions><TPX xmlns="http://www.garmin.com/xmlschemas/ActivityExtension/v2"><Speed>1.38</Speed></TPX></Extensions></Trackpoint><Trackpoint><Time>2026-03-20T12:00:42+00:00</Time><DistanceMeters>2373.5</DistanceMeters><Position><LatitudeDegrees>50.852593</LatitudeDegrees><LongitudeDegrees>4.296411</LongitudeDegrees></Position><AltitudeMeters>49.3</AltitudeMeters><Extensions><TPX xmlns="http://www.garmin.com/xmlschemas/ActivityExtension/v2"><Speed>1.1</Speed></TPX></Extensions></Trackpoint><Trackpoint><Time>2026-03-20T12:00:43+00:00</Time><DistanceMeters>2377.1</DistanceMeters><Position><LatitudeDegrees>50.852576</LatitudeDegrees><LongitudeDegrees>4.29641</LongitudeDegrees></Position><AltitudeMeters>49.2</AltitudeMeters><Extensions><TPX xmlns="http://www.garmin.com/xmlschemas/ActivityExtension/v2"><Speed>1.54</Speed></TPX></Extensions></Trackpoint><Trackpoint><Time>2026-03-20T12:00:44+00:00</Time><DistanceMeters>2377.1</DistanceMeters><Position><LatitudeDegrees>50.852553</LatitudeDegrees><LongitudeDegrees>4.296423</LongitudeDegrees></Position><AltitudeMeters>49.0</AltitudeMeters><Extensions><TPX xmlns="http://www.garmin.com/xmlschemas/ActivityExtension/v2"><Speed>1.267</Speed></TPX></Extensions></Trackpoint><Trackpoint><Time>2026-03-20T12:00:45+00:00</Time><DistanceMeters>2381.0</DistanceMeters><Position><LatitudeDegrees>50.852544</LatitudeDegrees><LongitudeDegrees>4.29643</LongitudeDegrees></Position><AltitudeMeters>48.9</AltitudeMeters><Extensions><TPX xmlns="http://www.garmin.com/xmlschemas/ActivityExtension/v2"><Speed>1.773</Speed></TPX></Extensions></Trackpoint><Trackpoint><Time>2026-03-20T12:00:46+00:00</Time><DistanceMeters>2381.0</DistanceMeters><Position><LatitudeDegrees>50.852529</LatitudeDegrees><LongitudeDegrees>4.296436</LongitudeDegrees></Position><AltitudeMeters>48.9</AltitudeMeters><Extensions><TPX xmlns="http://www.garmin.com/xmlschemas/ActivityExtension/v2"><Speed>1.5</Speed></TPX></Extensions></Trackpoint><Trackpoint><Time>2026-03-20T12:00:47+00:00</Time><DistanceMeters>2384.6</DistanceMeters><Position><LatitudeDegrees>50.852513</LatitudeDegrees><LongitudeDegrees>4.296445</LongitudeDegrees></Position><AltitudeMeters>48.8</AltitudeMeters><Extensions><TPX xmlns="http://www.garmin.com/xmlschemas/ActivityExtension/v2"><Speed>2.22</Speed></TPX></Extensions></Trackpoint><Trackpoint><Time>2026-03-20T12:00:48+00:00</Time><DistanceMeters>2384.6</DistanceMeters><Position><LatitudeDegrees>50.852499</LatitudeDegrees><LongitudeDegrees>4.296451</LongitudeDegrees></Position><AltitudeMeters>48.7</AltitudeMeters><Extensions><TPX xmlns="http://www.garmin.com/xmlschemas/ActivityExtension/v2"><Speed>1.5</Speed></TPX></Extensions></Trackpoint><Trackpoint><Time>2026-03-20T12:00:49+00:00</Time><DistanceMeters>2387.8</DistanceMeters><Position><LatitudeDegrees>50.852485</LatitudeDegrees><LongitudeDegrees>4.296458</LongitudeDegrees></Position><AltitudeMeters>48.6</AltitudeMeters><Extensions><TPX xmlns="http://www.garmin.com/xmlschemas/ActivityExtension/v2"><Speed>2.14</Speed></TPX></Extensions></Trackpoint><Trackpoint><Time>2026-03-20T12:00:50+00:00</Time><DistanceMeters>2387.8</DistanceMeters><Position><LatitudeDegrees>50.852472</LatitudeDegrees><LongitudeDegrees>4.296469</LongitudeDegrees></Position><AltitudeMeters>48.6</AltitudeMeters><Extensions><TPX xmlns="http://www.garmin.com/xmlschemas/ActivityExtension/v2"><Speed>1.36</Speed></TPX></Extensions></Trackpoint><Trackpoint><Time>2026-03-20T12:00:51+00:00</Time><DistanceMeters>2390.9</DistanceMeters><Position><LatitudeDegrees>50.852461</LatitudeDegrees><LongitudeDegrees>4.296482</LongitudeDegrees></Position><AltitudeMeters>48.5</AltitudeMeters><Extensions><TPX xmlns="http://www.garmin.com/xmlschemas/ActivityExtension/v2"><Speed>1.98</Speed></TPX></Extensions></Trackpoint><Trackpoint><Time>2026-03-20T12:00:52+00:00</Time><DistanceMeters>2390.9</DistanceMeters><Position><LatitudeDegrees>50.852447</LatitudeDegrees><LongitudeDegrees>4.296502</LongitudeDegrees></Position><AltitudeMeters>48.5</AltitudeMeters><Extensions><TPX xmlns="http://www.garmin.com/xmlschemas/ActivityExtension/v2"><Speed>1.26</Speed></TPX></Extensions></Trackpoint><Trackpoint><Time>2026-03-20T12:00:53+00:00</Time><DistanceMeters>2394.2</DistanceMeters><Position><LatitudeDegrees>50.852439</LatitudeDegrees><LongitudeDegrees>4.296511</LongitudeDegrees></Position><AltitudeMeters>48.4</AltitudeMeters><Extensions><TPX xmlns="http://www.garmin.com/xmlschemas/ActivityExtension/v2"><Speed>1.92</Speed></TPX></Extensions></Trackpoint><Trackpoint><Time>2026-03-20T12:00:54+00:00</Time><DistanceMeters>2394.2</DistanceMeters><Position><LatitudeDegrees>50.852429</LatitudeDegrees><LongitudeDegrees>4.296521</LongitudeDegrees></Position><AltitudeMeters>48.4</AltitudeMeters><Extensions><TPX xmlns="http://www.garmin.com/xmlschemas/ActivityExtension/v2"><Speed>1.28</Speed></TPX></Extensions></Trackpoint><Trackpoint><Time>2026-03-20T12:00:55+00:00</Time><DistanceMeters>2394.2</DistanceMeters><Position><LatitudeDegrees>50.852421</LatitudeDegrees><LongitudeDegrees>4.296532</LongitudeDegrees></Position><AltitudeMeters>48.4</AltitudeMeters><Extensions><TPX xmlns="http://www.garmin.com/xmlschemas/ActivityExtension/v2"><Speed>1.28</Speed></TPX></Extensions></Trackpoint><Trackpoint><Time>2026-03-20T12:00:56+00:00</Time><DistanceMeters>2397.6</DistanceMeters><Position><LatitudeDegrees>50.852417</LatitudeDegrees><LongitudeDegrees>4.296546</LongitudeDegrees></Position><AltitudeMeters>48.3</AltitudeMeters><Extensions><TPX xmlns="http://www.garmin.com/xmlschemas/ActivityExtension/v2"><Speed>1.34</Speed></TPX></Extensions></Trackpoint><Trackpoint><Time>2026-03-20T12:00:57+00:00</Time><DistanceMeters>2397.6</DistanceMeters><Position><LatitudeDegrees>50.852415</LatitudeDegrees><LongitudeDegrees>4.296563</LongitudeDegrees></Position><AltitudeMeters>48.3</AltitudeMeters><Extensions><TPX xmlns="http://www.garmin.com/xmlschemas/ActivityExtension/v2"><Speed>1.34</Speed></TPX></Extensions></Trackpoint><Trackpoint><Time>2026-03-20T12:00:58+00:00</Time><DistanceMeters>2397.6</DistanceMeters><Position><LatitudeDegrees>50.852411</LatitudeDegrees><LongitudeDegrees>4.296579</LongitudeDegrees></Position><AltitudeMeters>48.3</AltitudeMeters><Extensions><TPX xmlns="http://www.garmin.com/xmlschemas/ActivityExtension/v2"><Speed>0.68</Speed></TPX></Extensions></Trackpoint><Trackpoint><Time>2026-03-20T12:00:59+00:00</Time><DistanceMeters>2401.5</DistanceMeters><Position><LatitudeDegrees>50.852408</LatitudeDegrees><LongitudeDegrees>4.296599</LongitudeDegrees></Position><AltitudeMeters>48.3</AltitudeMeters><Extensions><TPX xmlns="http://www.garmin.com/xmlschemas/ActivityExtension/v2"><Speed>1.46</Speed></TPX></Extensions></Trackpoint><Trackpoint><Time>2026-03-20T12:01:00+00:00</Time><DistanceMeters>2401.5</DistanceMeters><Position><LatitudeDegrees>50.852402</LatitudeDegrees><LongitudeDegrees>4.296628</LongitudeDegrees></Position><AltitudeMeters>48.3</AltitudeMeters><Extensions><TPX xmlns="http://www.garmin.com/xmlschemas/ActivityExtension/v2"><Speed>1.46</Speed></TPX></Extensions></Trackpoint><Trackpoint><Time>2026-03-20T12:01:01+00:00</Time><DistanceMeters>2404.6</DistanceMeters><Position><LatitudeDegrees>50.852399</LatitudeDegrees><LongitudeDegrees>4.296641</LongitudeDegrees></Position><AltitudeMeters>48.3</AltitudeMeters><Extensions><TPX xmlns="http://www.garmin.com/xmlschemas/ActivityExtension/v2"><Speed>1.4</Speed></TPX></Extensions></Trackpoint><Trackpoint><Time>2026-03-20T12:01:02+00:00</Time><DistanceMeters>2406.0</DistanceMeters><Position><LatitudeDegrees>50.852398</LatitudeDegrees><LongitudeDegrees>4.296673</LongitudeDegrees></Position><AltitudeMeters>48.3</AltitudeMeters><Extensions><TPX xmlns="http://www.garmin.com/xmlschemas/ActivityExtension/v2"><Speed>1.673</Speed></TPX></Extensions></Trackpoint><Trackpoint><Time>2026-03-20T12:01:03+00:00</Time><DistanceMeters>2407.3</DistanceMeters><Position><LatitudeDegrees>50.852398</LatitudeDegrees><LongitudeDegrees>4.296687</LongitudeDegrees></Position><AltitudeMeters>48.3</AltitudeMeters><Extensions><TPX xmlns="http://www.garmin.com/xmlschemas/ActivityExtension/v2"><Speed>1.947</Speed></TPX></Extensions></Trackpoint><Trackpoint><Time>2026-03-20T12:01:04+00:00</Time><DistanceMeters>2408.7</DistanceMeters><Position><LatitudeDegrees>50.852399</LatitudeDegrees><LongitudeDegrees>4.2967</LongitudeDegrees></Position><AltitudeMeters>48.2</AltitudeMeters><Extensions><TPX xmlns="http://www.garmin.com/xmlschemas/ActivityExtension/v2"><Speed>1.44</Speed></TPX></Extensions></Trackpoint><Trackpoint><Time>2026-03-20T12:01:05+00:00</Time><DistanceMeters>2408.7</DistanceMeters><Position><LatitudeDegrees>50.852405</LatitudeDegrees><LongitudeDegrees>4.296714</LongitudeDegrees></Position><AltitudeMeters>48.2</AltitudeMeters><Extensions><TPX xmlns="http://www.garmin.com/xmlschemas/ActivityExtension/v2"><Speed>1.44</Speed></TPX></Extensions></Trackpoint><Trackpoint><Time>2026-03-20T12:01:06+00:00</Time><DistanceMeters>2408.7</DistanceMeters><Position><LatitudeDegrees>50.852416</LatitudeDegrees><LongitudeDegrees>4.296705</LongitudeDegrees></Position><AltitudeMeters>48.3</AltitudeMeters><Extensions><TPX xmlns="http://www.garmin.com/xmlschemas/ActivityExtension/v2"><Speed>0.82</Speed></TPX></Extensions></Trackpoint><Trackpoint><Time>2026-03-20T12:01:07+00:00</Time><DistanceMeters>2408.7</DistanceMeters><Position><LatitudeDegrees>50.852421</LatitudeDegrees><LongitudeDegrees>4.29669</LongitudeDegrees></Position><AltitudeMeters>48.3</AltitudeMeters><Extensions><TPX xmlns="http://www.garmin.com/xmlschemas/ActivityExtension/v2"><Speed>0.547</Speed></TPX></Extensions></Trackpoint><Trackpoint><Time>2026-03-20T12:01:08+00:00</Time><DistanceMeters>2412.1</DistanceMeters><Position><LatitudeDegrees>50.852421</LatitudeDegrees><LongitudeDegrees>4.296668</LongitudeDegrees></Position><AltitudeMeters>48.3</AltitudeMeters><Extensions><TPX xmlns="http://www.garmin.com/xmlschemas/ActivityExtension/v2"><Speed>0.953</Speed></TPX></Extensions></Trackpoint><Trackpoint><Time>2026-03-20T12:01:09+00:00</Time><DistanceMeters>2412.1</DistanceMeters><Position><LatitudeDegrees>50.852426</LatitudeDegrees><LongitudeDegrees>4.296667</LongitudeDegrees></Position><AltitudeMeters>48.3</AltitudeMeters><Extensions><TPX xmlns="http://www.garmin.com/xmlschemas/ActivityExtension/v2"><Speed>0.68</Speed></TPX></Extensions></Trackpoint><Trackpoint><Time>2026-03-20T12:01:10+00:00</Time><DistanceMeters>2412.1</DistanceMeters><Position><LatitudeDegrees>50.85243</LatitudeDegrees><LongitudeDegrees>4.29665</LongitudeDegrees></Position><AltitudeMeters>48.3</AltitudeMeters><Extensions><TPX xmlns="http://www.garmin.com/xmlschemas/ActivityExtension/v2"><Speed>0.68</Speed></TPX></Extensions></Trackpoint><Trackpoint><Time>2026-03-20T12:01:11+00:00</Time><DistanceMeters>2415.3</DistanceMeters><Position><LatitudeDegrees>50.852433</LatitudeDegrees><LongitudeDegrees>4.296626</LongitudeDegrees></Position><AltitudeMeters>48.4</AltitudeMeters><Extensions><TPX xmlns="http://www.garmin.com/xmlschemas/ActivityExtension/v2"><Speed>1.32</Speed></TPX></Extensions></Trackpoint><Trackpoint><Time>2026-03-20T12:01:12+00:00</Time><DistanceMeters>2415.3</DistanceMeters><Position><LatitudeDegrees>50.852437</LatitudeDegrees><LongitudeDegrees>4.296604</LongitudeDegrees></Position><AltitudeMeters>48.4</AltitudeMeters><Extensions><TPX xmlns="http://www.garmin.com/xmlschemas/ActivityExtension/v2"><Speed>1.32</Speed></TPX></Extensions></Trackpoint><Trackpoint><Time>2026-03-20T12:01:13+00:00</Time><DistanceMeters>2418.4</DistanceMeters><Position><LatitudeDegrees>50.852442</LatitudeDegrees><LongitudeDegrees>4.296584</LongitudeDegrees></Position><AltitudeMeters>48.4</AltitudeMeters><Extensions><TPX xmlns="http://www.garmin.com/xmlschemas/ActivityExtension/v2"><Speed>1.26</Speed></TPX></Extensions></Trackpoint><Trackpoint><Time>2026-03-20T12:01:14+00:00</Time><DistanceMeters>2420.6</DistanceMeters><Position><LatitudeDegrees>50.852452</LatitudeDegrees><LongitudeDegrees>4.296544</LongitudeDegrees></Position><AltitudeMeters>48.5</AltitudeMeters><Extensions><TPX xmlns="http://www.garmin.com/xmlschemas/ActivityExtension/v2"><Speed>1.69</Speed></TPX></Extensions></Trackpoint><Trackpoint><Time>2026-03-20T12:01:15+00:00</Time><DistanceMeters>2422.7</DistanceMeters><Position><LatitudeDegrees>50.852457</LatitudeDegrees><LongitudeDegrees>4.296528</LongitudeDegrees></Position><AltitudeMeters>48.5</AltitudeMeters><Extensions><TPX xmlns="http://www.garmin.com/xmlschemas/ActivityExtension/v2"><Speed>2.12</Speed></TPX></Extensions></Trackpoint><Trackpoint><Time>2026-03-20T12:01:16+00:00</Time><DistanceMeters>2425.6</DistanceMeters><Position><LatitudeDegrees>50.852493</LatitudeDegrees><LongitudeDegrees>4.296498</LongitudeDegrees></Position><AltitudeMeters>48.7</AltitudeMeters><Extensions><TPX xmlns="http://www.garmin.com/xmlschemas/ActivityExtension/v2"><Speed>2.07</Speed></TPX></Extensions></Trackpoint><Trackpoint><Time>2026-03-20T12:01:17+00:00</Time><DistanceMeters>2428.6</DistanceMeters><Position><LatitudeDegrees>50.852505</LatitudeDegrees><LongitudeDegrees>4.296491</LongitudeDegrees></Position><AltitudeMeters>48.7</AltitudeMeters><Extensions><TPX xmlns="http://www.garmin.com/xmlschemas/ActivityExtension/v2"><Speed>2.66</Speed></TPX></Extensions></Trackpoint><Trackpoint><Time>2026-03-20T12:01:18+00:00</Time><DistanceMeters>2432.4</DistanceMeters><Position><LatitudeDegrees>50.852538</LatitudeDegrees><LongitudeDegrees>4.296482</LongitudeDegrees></Position><AltitudeMeters>48.9</AltitudeMeters><Extensions><TPX xmlns="http://www.garmin.com/xmlschemas/ActivityExtension/v2"><Speed>2.8</Speed></TPX></Extensions></Trackpoint><Trackpoint><Time>2026-03-20T12:01:19+00:00</Time><DistanceMeters>2436.6</DistanceMeters><Position><LatitudeDegrees>50.852576</LatitudeDegrees><LongitudeDegrees>4.296483</LongitudeDegrees></Position><AltitudeMeters>49.1</AltitudeMeters><Extensions><TPX xmlns="http://www.garmin.com/xmlschemas/ActivityExtension/v2"><Speed>3.21</Speed></TPX></Extensions></Trackpoint><Trackpoint><Time>2026-03-20T12:01:20+00:00</Time><DistanceMeters>2440.7</DistanceMeters><Position><LatitudeDegrees>50.852612</LatitudeDegrees><LongitudeDegrees>4.296499</LongitudeDegrees></Position><AltitudeMeters>49.3</AltitudeMeters><Extensions><TPX xmlns="http://www.garmin.com/xmlschemas/ActivityExtension/v2"><Speed>3.6</Speed></TPX></Extensions></Trackpoint><Trackpoint><Time>2026-03-20T12:01:21+00:00</Time><DistanceMeters>2444.7</DistanceMeters><Position><LatitudeDegrees>50.852642</LatitudeDegrees><LongitudeDegrees>4.296529</LongitudeDegrees></Position><AltitudeMeters>49.6</AltitudeMeters><Extensions><TPX xmlns="http://www.garmin.com/xmlschemas/ActivityExtension/v2"><Speed>3.81</Speed></TPX></Extensions></Trackpoint><Trackpoint><Time>2026-03-20T12:01:22+00:00</Time><DistanceMeters>2448.1</DistanceMeters><Position><LatitudeDegrees>50.852666</LatitudeDegrees><LongitudeDegrees>4.29656</LongitudeDegrees></Position><AltitudeMeters>49.8</AltitudeMeters><Extensions><TPX xmlns="http://www.garmin.com/xmlschemas/ActivityExtension/v2"><Speed>3.9</Speed></TPX></Extensions></Trackpoint><Trackpoint><Time>2026-03-20T12:01:23+00:00</Time><DistanceMeters>2451.4</DistanceMeters><Position><LatitudeDegrees>50.852688</LatitudeDegrees><LongitudeDegrees>4.296591</LongitudeDegrees></Position><AltitudeMeters>50.1</AltitudeMeters><Extensions><TPX xmlns="http://www.garmin.com/xmlschemas/ActivityExtension/v2"><Speed>3.8</Speed></TPX></Extensions></Trackpoint><Trackpoint><Time>2026-03-20T12:01:24+00:00</Time><DistanceMeters>2454.7</DistanceMeters><Position><LatitudeDegrees>50.852706</LatitudeDegrees><LongitudeDegrees>4.296629</LongitudeDegrees></Position><AltitudeMeters>50.3</AltitudeMeters><Extensions><TPX xmlns="http://www.garmin.com/xmlschemas/ActivityExtension/v2"><Speed>3.62</Speed></TPX></Extensions></Trackpoint><Trackpoint><Time>2026-03-20T12:01:25+00:00</Time><DistanceMeters>2458.1</DistanceMeters><Position><LatitudeDegrees>50.852721</LatitudeDegrees><LongitudeDegrees>4.29667</LongitudeDegrees></Position><AltitudeMeters>50.6</AltitudeMeters><Extensions><TPX xmlns="http://www.garmin.com/xmlschemas/ActivityExtension/v2"><Speed>3.48</Speed></TPX></Extensions></Trackpoint><Trackpoint><Time>2026-03-20T12:01:26+00:00</Time><DistanceMeters>2461.9</DistanceMeters><Position><LatitudeDegrees>50.852736</LatitudeDegrees><LongitudeDegrees>4.296719</LongitudeDegrees></Position><AltitudeMeters>50.9</AltitudeMeters><Extensions><TPX xmlns="http://www.garmin.com/xmlschemas/ActivityExtension/v2"><Speed>3.44</Speed></TPX></Extensions></Trackpoint><Trackpoint><Time>2026-03-20T12:01:27+00:00</Time><DistanceMeters>2464.9</DistanceMeters><Position><LatitudeDegrees>50.85275</LatitudeDegrees><LongitudeDegrees>4.296757</LongitudeDegrees></Position><AltitudeMeters>51.1</AltitudeMeters><Extensions><TPX xmlns="http://www.garmin.com/xmlschemas/ActivityExtension/v2"><Speed>3.36</Speed></TPX></Extensions></Trackpoint><Trackpoint><Time>2026-03-20T12:01:28+00:00</Time><DistanceMeters>2468.2</DistanceMeters><Position><LatitudeDegrees>50.852769</LatitudeDegrees><LongitudeDegrees>4.296792</LongitudeDegrees></Position><AltitudeMeters>51.4</AltitudeMeters><Extensions><TPX xmlns="http://www.garmin.com/xmlschemas/ActivityExtension/v2"><Speed>3.36</Speed></TPX></Extensions></Trackpoint><Trackpoint><Time>2026-03-20T12:01:29+00:00</Time><DistanceMeters>2471.5</DistanceMeters><Position><LatitudeDegrees>50.852791</LatitudeDegrees><LongitudeDegrees>4.296824</LongitudeDegrees></Position><AltitudeMeters>51.7</AltitudeMeters><Extensions><TPX xmlns="http://www.garmin.com/xmlschemas/ActivityExtension/v2"><Speed>3.36</Speed></TPX></Extensions></Trackpoint><Trackpoint><Time>2026-03-20T12:01:30+00:00</Time><DistanceMeters>2475.0</DistanceMeters><Position><LatitudeDegrees>50.852814</LatitudeDegrees><LongitudeDegrees>4.296856</LongitudeDegrees></Position><AltitudeMeters>52.0</AltitudeMeters><Extensions><TPX xmlns="http://www.garmin.com/xmlschemas/ActivityExtension/v2"><Speed>3.38</Speed></TPX></Extensions></Trackpoint><Trackpoint><Time>2026-03-20T12:01:31+00:00</Time><DistanceMeters>2478.6</DistanceMeters><Position><LatitudeDegrees>50.85284</LatitudeDegrees><LongitudeDegrees>4.296889</LongitudeDegrees></Position><AltitudeMeters>52.3</AltitudeMeters><Extensions><TPX xmlns="http://www.garmin.com/xmlschemas/ActivityExtension/v2"><Speed>3.34</Speed></TPX></Extensions></Trackpoint><Trackpoint><Time>2026-03-20T12:01:32+00:00</Time><DistanceMeters>2482.2</DistanceMeters><Position><LatitudeDegrees>50.852869</LatitudeDegrees><LongitudeDegrees>4.296913</LongitudeDegrees></Position><AltitudeMeters>52.6</AltitudeMeters><Extensions><TPX xmlns="http://www.garmin.com/xmlschemas/ActivityExtension/v2"><Speed>3.46</Speed></TPX></Extensions></Trackpoint><Trackpoint><Time>2026-03-20T12:01:33+00:00</Time><DistanceMeters>2485.9</DistanceMeters><Position><LatitudeDegrees>50.852899</LatitudeDegrees><LongitudeDegrees>4.296933</LongitudeDegrees></Position><AltitudeMeters>52.9</AltitudeMeters><Extensions><TPX xmlns="http://www.garmin.com/xmlschemas/ActivityExtension/v2"><Speed>3.54</Speed></TPX></Extensions></Trackpoint><Trackpoint><Time>2026-03-20T12:01:34+00:00</Time><DistanceMeters>2489.1</DistanceMeters><Position><LatitudeDegrees>50.852926</LatitudeDegrees><LongitudeDegrees>4.29695</LongitudeDegrees></Position><AltitudeMeters>53.2</AltitudeMeters><Extensions><TPX xmlns="http://www.garmin.com/xmlschemas/ActivityExtension/v2"><Speed>3.52</Speed></TPX></Extensions></Trackpoint><Trackpoint><Time>2026-03-20T12:01:35+00:00</Time><DistanceMeters>2492.6</DistanceMeters><Position><LatitudeDegrees>50.852956</LatitudeDegrees><LongitudeDegrees>4.296966</LongitudeDegrees></Position><AltitudeMeters>53.5</AltitudeMeters><Extensions><TPX xmlns="http://www.garmin.com/xmlschemas/ActivityExtension/v2"><Speed>3.52</Speed></TPX></Extensions></Trackpoint><Trackpoint><Time>2026-03-20T12:01:36+00:00</Time><DistanceMeters>2495.9</DistanceMeters><Position><LatitudeDegrees>50.852984</LatitudeDegrees><LongitudeDegrees>4.296974</LongitudeDegrees></Position><AltitudeMeters>53.9</AltitudeMeters><Extensions><TPX xmlns="http://www.garmin.com/xmlschemas/ActivityExtension/v2"><Speed>3.46</Speed></TPX></Extensions></Trackpoint><Trackpoint><Time>2026-03-20T12:01:37+00:00</Time><DistanceMeters>2499.1</DistanceMeters><Position><LatitudeDegrees>50.853013</LatitudeDegrees><LongitudeDegrees>4.29697</LongitudeDegrees></Position><AltitudeMeters>54.2</AltitudeMeters><Extensions><TPX xmlns="http://www.garmin.com/xmlschemas/ActivityExtension/v2"><Speed>3.38</Speed></TPX></Extensions></Trackpoint><Trackpoint><Time>2026-03-20T12:01:38+00:00</Time><DistanceMeters>2502.2</DistanceMeters><Position><LatitudeDegrees>50.85304</LatitudeDegrees><LongitudeDegrees>4.296958</LongitudeDegrees></Position><AltitudeMeters>54.5</AltitudeMeters><Extensions><TPX xmlns="http://www.garmin.com/xmlschemas/ActivityExtension/v2"><Speed>3.26</Speed></TPX></Extensions></Trackpoint><Trackpoint><Time>2026-03-20T12:01:39+00:00</Time><DistanceMeters>2505.0</DistanceMeters><Position><LatitudeDegrees>50.853076</LatitudeDegrees><LongitudeDegrees>4.296935</LongitudeDegrees></Position><AltitudeMeters>55.0</AltitudeMeters><Extensions><TPX xmlns="http://www.garmin.com/xmlschemas/ActivityExtension/v2"><Speed>3.18</Speed></TPX></Extensions></Trackpoint><Trackpoint><Time>2026-03-20T12:01:40+00:00</Time><DistanceMeters>2507.8</DistanceMeters><Position><LatitudeDegrees>50.853086</LatitudeDegrees><LongitudeDegrees>4.296926</LongitudeDegrees></Position><AltitudeMeters>55.2</AltitudeMeters><Extensions><TPX xmlns="http://www.garmin.com/xmlschemas/ActivityExtension/v2"><Speed>3.04</Speed></TPX></Extensions></Trackpoint><Trackpoint><Time>2026-03-20T12:01:41+00:00</Time><DistanceMeters>2510.0</DistanceMeters><Position><LatitudeDegrees>50.853109</LatitudeDegrees><LongitudeDegrees>4.296893</LongitudeDegrees></Position><AltitudeMeters>55.6</AltitudeMeters><Extensions><TPX xmlns="http://www.garmin.com/xmlschemas/ActivityExtension/v2"><Speed>2.82</Speed></TPX></Extensions></Trackpoint><Trackpoint><Time>2026-03-20T12:01:42+00:00</Time><DistanceMeters>2512.2</DistanceMeters><Position><LatitudeDegrees>50.853115</LatitudeDegrees><LongitudeDegrees>4.296881</LongitudeDegrees></Position><AltitudeMeters>55.7</AltitudeMeters><Extensions><TPX xmlns="http://www.garmin.com/xmlschemas/ActivityExtension/v2"><Speed>2.62</Speed></TPX></Extensions></Trackpoint><Trackpoint><Time>2026-03-20T12:01:43+00:00</Time><DistanceMeters>2514.5</DistanceMeters><Position><LatitudeDegrees>50.853131</LatitudeDegrees><LongitudeDegrees>4.296839</LongitudeDegrees></Position><AltitudeMeters>56.1</AltitudeMeters><Extensions><TPX xmlns="http://www.garmin.com/xmlschemas/ActivityExtension/v2"><Speed>2.46</Speed></TPX></Extensions></Trackpoint><Trackpoint><Time>2026-03-20T12:01:44+00:00</Time><DistanceMeters>2516.8</DistanceMeters><Position><LatitudeDegrees>50.853136</LatitudeDegrees><LongitudeDegrees>4.296825</LongitudeDegrees></Position><AltitudeMeters>56.2</AltitudeMeters><Extensions><TPX xmlns="http://www.garmin.com/xmlschemas/ActivityExtension/v2"><Speed>2.36</Speed></TPX></Extensions></Trackpoint><Trackpoint><Time>2026-03-20T12:01:45+00:00</Time><DistanceMeters>2519.2</DistanceMeters><Position><LatitudeDegrees>50.853159</LatitudeDegrees><LongitudeDegrees>4.296788</LongitudeDegrees></Position><AltitudeMeters>56.7</AltitudeMeters><Extensions><TPX xmlns="http://www.garmin.com/xmlschemas/ActivityExtension/v2"><Speed>2.27</Speed></TPX></Extensions></Trackpoint><Trackpoint><Time>2026-03-20T12:01:46+00:00</Time><DistanceMeters>2521.5</DistanceMeters><Position><LatitudeDegrees>50.853165</LatitudeDegrees><LongitudeDegrees>4.296777</LongitudeDegrees></Position><AltitudeMeters>56.8</AltitudeMeters><Extensions><TPX xmlns="http://www.garmin.com/xmlschemas/ActivityExtension/v2"><Speed>2.3</Speed></TPX></Extensions></Trackpoint><Trackpoint><Time>2026-03-20T12:01:47+00:00</Time><DistanceMeters>2521.5</DistanceMeters><Position><LatitudeDegrees>50.853179</LatitudeDegrees><LongitudeDegrees>4.29676</LongitudeDegrees></Position><AltitudeMeters>57.0</AltitudeMeters><Extensions><TPX xmlns="http://www.garmin.com/xmlschemas/ActivityExtension/v2"><Speed>1.86</Speed></TPX></Extensions></Trackpoint><Trackpoint><Time>2026-03-20T12:01:48+00:00</Time><DistanceMeters>2525.4</DistanceMeters><Position><LatitudeDegrees>50.853195</LatitudeDegrees><LongitudeDegrees>4.296746</LongitudeDegrees></Position><AltitudeMeters>57.3</AltitudeMeters><Extensions><TPX xmlns="http://www.garmin.com/xmlschemas/ActivityExtension/v2"><Speed>2.18</Speed></TPX></Extensions></Trackpoint><Trackpoint><Time>2026-03-20T12:01:49+00:00</Time><DistanceMeters>2527.9</DistanceMeters><Position><LatitudeDegrees>50.853227</LatitudeDegrees><LongitudeDegrees>4.296731</LongitudeDegrees></Position><AltitudeMeters>57.7</AltitudeMeters><Extensions><TPX xmlns="http://www.garmin.com/xmlschemas/ActivityExtension/v2"><Speed>2.22</Speed></TPX></Extensions></Trackpoint><Trackpoint><Time>2026-03-20T12:01:50+00:00</Time><DistanceMeters>2530.4</DistanceMeters><Position><LatitudeDegrees>50.853238</LatitudeDegrees><LongitudeDegrees>4.296727</LongitudeDegrees></Position><AltitudeMeters>57.8</AltitudeMeters><Extensions><TPX xmlns="http://www.garmin.com/xmlschemas/ActivityExtension/v2"><Speed>2.25</Speed></TPX></Extensions></Trackpoint><Trackpoint><Time>2026-03-20T12:01:51+00:00</Time><DistanceMeters>2533.0</DistanceMeters><Position><LatitudeDegrees>50.853273</LatitudeDegrees><LongitudeDegrees>4.296718</LongitudeDegrees></Position><AltitudeMeters>58.2</AltitudeMeters><Extensions><TPX xmlns="http://www.garmin.com/xmlschemas/ActivityExtension/v2"><Speed>2.3</Speed></TPX></Extensions></Trackpoint><Trackpoint><Time>2026-03-20T12:01:52+00:00</Time><DistanceMeters>2535.6</DistanceMeters><Position><LatitudeDegrees>50.853284</LatitudeDegrees><LongitudeDegrees>4.296717</LongitudeDegrees></Position><AltitudeMeters>58.4</AltitudeMeters><Extensions><TPX xmlns="http://www.garmin.com/xmlschemas/ActivityExtension/v2"><Speed>2.82</Speed></TPX></Extensions></Trackpoint><Trackpoint><Time>2026-03-20T12:01:53+00:00</Time><DistanceMeters>2538.6</DistanceMeters><Position><LatitudeDegrees>50.853322</LatitudeDegrees><LongitudeDegrees>4.296734</LongitudeDegrees></Position><AltitudeMeters>58.8</AltitudeMeters><Extensions><TPX xmlns="http://www.garmin.com/xmlschemas/ActivityExtension/v2"><Speed>2.64</Speed></TPX></Extensions></Trackpoint><Trackpoint><Time>2026-03-20T12:01:54+00:00</Time><DistanceMeters>2541.6</DistanceMeters><Position><LatitudeDegrees>50.853335</LatitudeDegrees><LongitudeDegrees>4.296744</LongitudeDegrees></Position><AltitudeMeters>59.0</AltitudeMeters><Extensions><TPX xmlns="http://www.garmin.com/xmlschemas/ActivityExtension/v2"><Speed>2.74</Speed></TPX></Extensions></Trackpoint><Trackpoint><Time>2026-03-20T12:01:55+00:00</Time><DistanceMeters>2544.5</DistanceMeters><Position><LatitudeDegrees>50.853371</LatitudeDegrees><LongitudeDegrees>4.296767</LongitudeDegrees></Position><AltitudeMeters>59.4</AltitudeMeters><Extensions><TPX xmlns="http://www.garmin.com/xmlschemas/ActivityExtension/v2"><Speed>2.82</Speed></TPX></Extensions></Trackpoint><Trackpoint><Time>2026-03-20T12:01:56+00:00</Time><DistanceMeters>2547.4</DistanceMeters><Position><LatitudeDegrees>50.853384</LatitudeDegrees><LongitudeDegrees>4.296774</LongitudeDegrees></Position><AltitudeMeters>59.6</AltitudeMeters><Extensions><TPX xmlns="http://www.garmin.com/xmlschemas/ActivityExtension/v2"><Speed>2.88</Speed></TPX></Extensions></Trackpoint><Trackpoint><Time>2026-03-20T12:01:57+00:00</Time><DistanceMeters>2550.1</DistanceMeters><Position><LatitudeDegrees>50.853419</LatitudeDegrees><LongitudeDegrees>4.296793</LongitudeDegrees></Position><AltitudeMeters>60.0</AltitudeMeters><Extensions><TPX xmlns="http://www.garmin.com/xmlschemas/ActivityExtension/v2"><Speed>2.9</Speed></TPX></Extensions></Trackpoint><Trackpoint><Time>2026-03-20T12:01:58+00:00</Time><DistanceMeters>2552.8</DistanceMeters><Position><LatitudeDegrees>50.85343</LatitudeDegrees><LongitudeDegrees>4.2968</LongitudeDegrees></Position><AltitudeMeters>60.1</AltitudeMeters><Extensions><TPX xmlns="http://www.garmin.com/xmlschemas/ActivityExtension/v2"><Speed>2.84</Speed></TPX></Extensions></Trackpoint><Trackpoint><Time>2026-03-20T12:01:59+00:00</Time><DistanceMeters>2554.9</DistanceMeters><Position><LatitudeDegrees>50.853456</LatitudeDegrees><LongitudeDegrees>4.296821</LongitudeDegrees></Position><AltitudeMeters>60.5</AltitudeMeters><Extensions><TPX xmlns="http://www.garmin.com/xmlschemas/ActivityExtension/v2"><Speed>2.65</Speed></TPX></Extensions></Trackpoint><Trackpoint><Time>2026-03-20T12:02:00+00:00</Time><DistanceMeters>2556.9</DistanceMeters><Position><LatitudeDegrees>50.853462</LatitudeDegrees><LongitudeDegrees>4.296829</LongitudeDegrees></Position><AltitudeMeters>60.5</AltitudeMeters><Extensions><TPX xmlns="http://www.garmin.com/xmlschemas/ActivityExtension/v2"><Speed>2.48</Speed></TPX></Extensions></Trackpoint><Trackpoint><Time>2026-03-20T12:02:01+00:00</Time><DistanceMeters>2556.9</DistanceMeters><Position><LatitudeDegrees>50.853473</LatitudeDegrees><LongitudeDegrees>4.296842</LongitudeDegrees></Position><AltitudeMeters>60.7</AltitudeMeters><Extensions><TPX xmlns="http://www.garmin.com/xmlschemas/ActivityExtension/v2"><Speed>1.9</Speed></TPX></Extensions></Trackpoint><Trackpoint><Time>2026-03-20T12:02:02+00:00</Time><DistanceMeters>2556.9</DistanceMeters><Position><LatitudeDegrees>50.853483</LatitudeDegrees><LongitudeDegrees>4.29683</LongitudeDegrees></Position><AltitudeMeters>60.8</AltitudeMeters><Extensions><TPX xmlns="http://www.garmin.com/xmlschemas/ActivityExtension/v2"><Speed>1.36</Speed></TPX></Extensions></Trackpoint><Trackpoint><Time>2026-03-20T12:02:03+00:00</Time><DistanceMeters>2560.2</DistanceMeters><Position><LatitudeDegrees>50.853485</LatitudeDegrees><LongitudeDegrees>4.296799</LongitudeDegrees></Position><AltitudeMeters>61.1</AltitudeMeters><Extensions><TPX xmlns="http://www.garmin.com/xmlschemas/ActivityExtension/v2"><Speed>1.48</Speed></TPX></Extensions></Trackpoint><Trackpoint><Time>2026-03-20T12:02:04+00:00</Time><DistanceMeters>2560.2</DistanceMeters><Position><LatitudeDegrees>50.853481</LatitudeDegrees><LongitudeDegrees>4.296769</LongitudeDegrees></Position><AltitudeMeters>61.3</AltitudeMeters><Extensions><TPX xmlns="http://www.garmin.com/xmlschemas/ActivityExtension/v2"><Speed>1.07</Speed></TPX></Extensions></Trackpoint><Trackpoint><Time>2026-03-20T12:02:05+00:00</Time><DistanceMeters>2564.2</DistanceMeters><Position><LatitudeDegrees>50.853474</LatitudeDegrees><LongitudeDegrees>4.296745</LongitudeDegrees></Position><AltitudeMeters>61.5</AltitudeMeters><Extensions><TPX xmlns="http://www.garmin.com/xmlschemas/ActivityExtension/v2"><Speed>1.46</Speed></TPX></Extensions></Trackpoint><Trackpoint><Time>2026-03-20T12:02:06+00:00</Time><DistanceMeters>2565.8</DistanceMeters><Position><LatitudeDegrees>50.853456</LatitudeDegrees><LongitudeDegrees>4.296723</LongitudeDegrees></Position><AltitudeMeters>61.7</AltitudeMeters><Extensions><TPX xmlns="http://www.garmin.com/xmlschemas/ActivityExtension/v2"><Speed>1.773</Speed></TPX></Extensions></Trackpoint><Trackpoint><Time>2026-03-20T12:02:07+00:00</Time><DistanceMeters>2567.3</DistanceMeters><Position><LatitudeDegrees>50.853448</LatitudeDegrees><LongitudeDegrees>4.296715</LongitudeDegrees></Position><AltitudeMeters>61.8</AltitudeMeters><Extensions><TPX xmlns="http://www.garmin.com/xmlschemas/ActivityExtension/v2"><Speed>2.087</Speed></TPX></Extensions></Trackpoint><Trackpoint><Time>2026-03-20T12:02:08+00:00</Time><DistanceMeters>2568.9</DistanceMeters><Position><LatitudeDegrees>50.853439</LatitudeDegrees><LongitudeDegrees>4.296708</LongitudeDegrees></Position><AltitudeMeters>61.9</AltitudeMeters><Extensions><TPX xmlns="http://www.garmin.com/xmlschemas/ActivityExtension/v2"><Speed>1.74</Speed></TPX></Extensions></Trackpoint><Trackpoint><Time>2026-03-20T12:02:09+00:00</Time><DistanceMeters>2568.9</DistanceMeters><Position><LatitudeDegrees>50.853425</LatitudeDegrees><LongitudeDegrees>4.296698</LongitudeDegrees></Position><AltitudeMeters>62.0</AltitudeMeters><Extensions><TPX xmlns="http://www.garmin.com/xmlschemas/ActivityExtension/v2"><Speed>1.74</Speed></TPX></Extensions></Trackpoint><Trackpoint><Time>2026-03-20T12:02:10+00:00</Time><DistanceMeters>2572.2</DistanceMeters><Position><LatitudeDegrees>50.853412</LatitudeDegrees><LongitudeDegrees>4.296689</LongitudeDegrees></Position><AltitudeMeters>62.1</AltitudeMeters><Extensions><TPX xmlns="http://www.garmin.com/xmlschemas/ActivityExtension/v2"><Speed>1.6</Speed></TPX></Extensions></Trackpoint><Trackpoint><Time>2026-03-20T12:02:11+00:00</Time><DistanceMeters>2572.2</DistanceMeters><Position><LatitudeDegrees>50.853402</LatitudeDegrees><LongitudeDegrees>4.29668</LongitudeDegrees></Position><AltitudeMeters>62.3</AltitudeMeters><Extensions><TPX xmlns="http://www.garmin.com/xmlschemas/ActivityExtension/v2"><Speed>1.287</Speed></TPX></Extensions></Trackpoint><Trackpoint><Time>2026-03-20T12:02:12+00:00</Time><DistanceMeters>2572.2</DistanceMeters><Position><LatitudeDegrees>50.853392</LatitudeDegrees><LongitudeDegrees>4.296672</LongitudeDegrees></Position><AltitudeMeters>62.4</AltitudeMeters><Extensions><TPX xmlns="http://www.garmin.com/xmlschemas/ActivityExtension/v2"><Speed>0.973</Speed></TPX></Extensions></Trackpoint><Trackpoint><Time>2026-03-20T12:02:13+00:00</Time><DistanceMeters>2575.9</DistanceMeters><Position><LatitudeDegrees>50.853382</LatitudeDegrees><LongitudeDegrees>4.296664</LongitudeDegrees></Position><AltitudeMeters>62.4</AltitudeMeters><Extensions><TPX xmlns="http://www.garmin.com/xmlschemas/ActivityExtension/v2"><Speed>1.4</Speed></TPX></Extensions></Trackpoint><Trackpoint><Time>2026-03-20T12:02:14+00:00</Time><DistanceMeters>2575.9</DistanceMeters><Position><LatitudeDegrees>50.853372</LatitudeDegrees><LongitudeDegrees>4.29666</LongitudeDegrees></Position><AltitudeMeters>62.5</AltitudeMeters><Extensions><TPX xmlns="http://www.garmin.com/xmlschemas/ActivityExtension/v2"><Speed>1.4</Speed></TPX></Extensions></Trackpoint><Trackpoint><Time>2026-03-20T12:02:15+00:00</Time><DistanceMeters>2575.9</DistanceMeters><Position><LatitudeDegrees>50.853358</LatitudeDegrees><LongitudeDegrees>4.296654</LongitudeDegrees></Position><AltitudeMeters>62.4</AltitudeMeters><Extensions><TPX xmlns="http://www.garmin.com/xmlschemas/ActivityExtension/v2"><Speed>0.74</Speed></TPX></Extensions></Trackpoint><Trackpoint><Time>2026-03-20T12:02:16+00:00</Time><DistanceMeters>2579.1</DistanceMeters><Position><LatitudeDegrees>50.853354</LatitudeDegrees><LongitudeDegrees>4.296655</LongitudeDegrees></Position><AltitudeMeters>62.4</AltitudeMeters><Extensions><TPX xmlns="http://www.garmin.com/xmlschemas/ActivityExtension/v2"><Speed>1.38</Speed></TPX></Extensions></Trackpoint><Trackpoint><Time>2026-03-20T12:02:17+00:00</Time><DistanceMeters>2579.1</DistanceMeters><Position><LatitudeDegrees>50.853348</LatitudeDegrees><LongitudeDegrees>4.296657</LongitudeDegrees></Position><AltitudeMeters>62.3</AltitudeMeters><Extensions><TPX xmlns="http://www.garmin.com/xmlschemas/ActivityExtension/v2"><Speed>1.38</Speed></TPX></Extensions></Trackpoint><Trackpoint><Time>2026-03-20T12:02:18+00:00</Time><DistanceMeters>2579.1</DistanceMeters><Position><LatitudeDegrees>50.853341</LatitudeDegrees><LongitudeDegrees>4.29666</LongitudeDegrees></Position><AltitudeMeters>62.3</AltitudeMeters><Extensions><TPX xmlns="http://www.garmin.com/xmlschemas/ActivityExtension/v2"><Speed>0.64</Speed></TPX></Extensions></Trackpoint><Trackpoint><Time>2026-03-20T12:02:19+00:00</Time><DistanceMeters>2579.1</DistanceMeters><Position><LatitudeDegrees>50.853333</LatitudeDegrees><LongitudeDegrees>4.296664</LongitudeDegrees></Position><AltitudeMeters>62.2</AltitudeMeters><Extensions><TPX xmlns="http://www.garmin.com/xmlschemas/ActivityExtension/v2"><Speed>0.64</Speed></TPX></Extensions></Trackpoint><Trackpoint><Time>2026-03-20T12:02:20+00:00</Time><DistanceMeters>2582.7</DistanceMeters><Position><LatitudeDegrees>50.853323</LatitudeDegrees><LongitudeDegrees>4.296667</LongitudeDegrees></Position><AltitudeMeters>62.0</AltitudeMeters><Extensions><TPX xmlns="http://www.garmin.com/xmlschemas/ActivityExtension/v2"><Speed>1.36</Speed></TPX></Extensions></Trackpoint><Trackpoint><Time>2026-03-20T12:02:21+00:00</Time><DistanceMeters>2582.7</DistanceMeters><Position><LatitudeDegrees>50.853309</LatitudeDegrees><LongitudeDegrees>4.29667</LongitudeDegrees></Position><AltitudeMeters>61.9</AltitudeMeters><Extensions><TPX xmlns="http://www.garmin.com/xmlschemas/ActivityExtension/v2"><Speed>0.72</Speed></TPX></Extensions></Trackpoint><Trackpoint><Time>2026-03-20T12:02:22+00:00</Time><DistanceMeters>2582.7</DistanceMeters><Position><LatitudeDegrees>50.853302</LatitudeDegrees><LongitudeDegrees>4.296673</LongitudeDegrees></Position><AltitudeMeters>61.8</AltitudeMeters><Extensions><TPX xmlns="http://www.garmin.com/xmlschemas/ActivityExtension/v2"><Speed>0.72</Speed></TPX></Extensions></Trackpoint><Trackpoint><Time>2026-03-20T12:02:23+00:00</Time><DistanceMeters>2586.2</DistanceMeters><Position><LatitudeDegrees>50.853292</LatitudeDegrees><LongitudeDegrees>4.296675</LongitudeDegrees></Position><AltitudeMeters>61.7</AltitudeMeters><Extensions><TPX xmlns="http://www.garmin.com/xmlschemas/ActivityExtension/v2"><Speed>1.42</Speed></TPX></Extensions></Trackpoint><Trackpoint><Time>2026-03-20T12:02:24+00:00</Time><DistanceMeters>2586.2</DistanceMeters><Position><LatitudeDegrees>50.853282</LatitudeDegrees><LongitudeDegrees>4.296678</LongitudeDegrees></Position><AltitudeMeters>61.5</AltitudeMeters><Extensions><TPX xmlns="http://www.garmin.com/xmlschemas/ActivityExtension/v2"><Speed>1.42</Speed></TPX></Extensions></Trackpoint><Trackpoint><Time>2026-03-20T12:02:25+00:00</Time><DistanceMeters>2586.2</DistanceMeters><Position><LatitudeDegrees>50.853272</LatitudeDegrees><LongitudeDegrees>4.296681</LongitudeDegrees></Position><AltitudeMeters>61.4</AltitudeMeters><Extensions><TPX xmlns="http://www.garmin.com/xmlschemas/ActivityExtension/v2"><Speed>0.7</Speed></TPX></Extensions></Trackpoint><Trackpoint><Time>2026-03-20T12:02:26+00:00</Time><DistanceMeters>2589.9</DistanceMeters><Position><LatitudeDegrees>50.853259</LatitudeDegrees><LongitudeDegrees>4.296686</LongitudeDegrees></Position><AltitudeMeters>61.2</AltitudeMeters><Extensions><TPX xmlns="http://www.garmin.com/xmlschemas/ActivityExtension/v2"><Speed>1.44</Speed></TPX></Extensions></Trackpoint><Trackpoint><Time>2026-03-20T12:02:27+00:00</Time><DistanceMeters>2589.9</DistanceMeters><Position><LatitudeDegrees>50.85325</LatitudeDegrees><LongitudeDegrees>4.296691</LongitudeDegrees></Position><AltitudeMeters>61.1</AltitudeMeters><Extensions><TPX xmlns="http://www.garmin.com/xmlschemas/ActivityExtension/v2"><Speed>1.44</Speed></TPX></Extensions></Trackpoint><Trackpoint><Time>2026-03-20T12:02:28+00:00</Time><DistanceMeters>2589.9</DistanceMeters><Position><LatitudeDegrees>50.853239</LatitudeDegrees><LongitudeDegrees>4.296697</LongitudeDegrees></Position><AltitudeMeters>60.9</AltitudeMeters><Extensions><TPX xmlns="http://www.garmin.com/xmlschemas/ActivityExtension/v2"><Speed>0.74</Speed></TPX></Extensions></Trackpoint><Trackpoint><Time>2026-03-20T12:02:29+00:00</Time><DistanceMeters>2593.7</DistanceMeters><Position><LatitudeDegrees>50.853227</LatitudeDegrees><LongitudeDegrees>4.296705</LongitudeDegrees></Position><AltitudeMeters>60.7</AltitudeMeters><Extensions><TPX xmlns="http://www.garmin.com/xmlschemas/ActivityExtension/v2"><Speed>1.5</Speed></TPX></Extensions></Trackpoint><Trackpoint><Time>2026-03-20T12:02:30+00:00</Time><DistanceMeters>2595.1</DistanceMeters><Position><LatitudeDegrees>50.853207</LatitudeDegrees><LongitudeDegrees>4.296721</LongitudeDegrees></Position><AltitudeMeters>60.4</AltitudeMeters><Extensions><TPX xmlns="http://www.garmin.com/xmlschemas/ActivityExtension/v2"><Speed>1.787</Speed></TPX></Extensions></Trackpoint><Trackpoint><Time>2026-03-20T12:02:31+00:00</Time><DistanceMeters>2596.6</DistanceMeters><Position><LatitudeDegrees>50.8532</LatitudeDegrees><LongitudeDegrees>4.296725</LongitudeDegrees></Position><AltitudeMeters>60.3</AltitudeMeters><Extensions><TPX xmlns="http://www.garmin.com/xmlschemas/ActivityExtension/v2"><Speed>1.333</Speed></TPX></Extensions></Trackpoint><Trackpoint><Time>2026-03-20T12:02:32+00:00</Time><DistanceMeters>2598.0</DistanceMeters><Position><LatitudeDegrees>50.853192</LatitudeDegrees><LongitudeDegrees>4.29673</LongitudeDegrees></Position><AltitudeMeters>60.2</AltitudeMeters><Extensions><TPX xmlns="http://www.garmin.com/xmlschemas/ActivityExtension/v2"><Speed>1.62</Speed></TPX></Extensions></Trackpoint><Trackpoint><Time>2026-03-20T12:02:33+00:00</Time><DistanceMeters>2598.0</DistanceMeters><Position><LatitudeDegrees>50.853182</LatitudeDegrees><LongitudeDegrees>4.296735</LongitudeDegrees></Position><AltitudeMeters>60.0</AltitudeMeters><Extensions><TPX xmlns="http://www.garmin.com/xmlschemas/ActivityExtension/v2"><Speed>1.62</Speed></TPX></Extensions></Trackpoint><Trackpoint><Time>2026-03-20T12:02:34+00:00</Time><DistanceMeters>2598.0</DistanceMeters><Position><LatitudeDegrees>50.853172</LatitudeDegrees><LongitudeDegrees>4.29674</LongitudeDegrees></Position><AltitudeMeters>59.9</AltitudeMeters><Extensions><TPX xmlns="http://www.garmin.com/xmlschemas/ActivityExtension/v2"><Speed>0.86</Speed></TPX></Extensions></Trackpoint><Trackpoint><Time>2026-03-20T12:02:35+00:00</Time><DistanceMeters>2601.7</DistanceMeters><Position><LatitudeDegrees>50.85316</LatitudeDegrees><LongitudeDegrees>4.296745</LongitudeDegrees></Position><AltitudeMeters>59.7</AltitudeMeters><Extensions><TPX xmlns="http://www.garmin.com/xmlschemas/ActivityExtension/v2"><Speed>1.313</Speed></TPX></Extensions></Trackpoint><Trackpoint><Time>2026-03-20T12:02:36+00:00</Time><DistanceMeters>2601.7</DistanceMeters><Position><LatitudeDegrees>50.853149</LatitudeDegrees><LongitudeDegrees>4.296749</LongitudeDegrees></Position><AltitudeMeters>59.5</AltitudeMeters><Extensions><TPX xmlns="http://www.garmin.com/xmlschemas/ActivityExtension/v2"><Speed>1.027</Speed></TPX></Extensions></Trackpoint><Trackpoint><Time>2026-03-20T12:02:37+00:00</Time><DistanceMeters>2601.7</DistanceMeters><Position><LatitudeDegrees>50.85314</LatitudeDegrees><LongitudeDegrees>4.296758</LongitudeDegrees></Position><AltitudeMeters>59.4</AltitudeMeters><Extensions><TPX xmlns="http://www.garmin.com/xmlschemas/ActivityExtension/v2"><Speed>0.74</Speed></TPX></Extensions></Trackpoint><Trackpoint><Time>2026-03-20T12:02:38+00:00</Time><DistanceMeters>2605.4</DistanceMeters><Position><LatitudeDegrees>50.85313</LatitudeDegrees><LongitudeDegrees>4.296767</LongitudeDegrees></Position><AltitudeMeters>59.2</AltitudeMeters><Extensions><TPX xmlns="http://www.garmin.com/xmlschemas/ActivityExtension/v2"><Speed>1.48</Speed></TPX></Extensions></Trackpoint><Trackpoint><Time>2026-03-20T12:02:39+00:00</Time><DistanceMeters>2606.8</DistanceMeters><Position><LatitudeDegrees>50.853112</LatitudeDegrees><LongitudeDegrees>4.296781</LongitudeDegrees></Position><AltitudeMeters>58.9</AltitudeMeters><Extensions><TPX xmlns="http://www.garmin.com/xmlschemas/ActivityExtension/v2"><Speed>1.76</Speed></TPX></Extensions></Trackpoint><Trackpoint><Time>2026-03-20T12:02:40+00:00</Time><DistanceMeters>2608.2</DistanceMeters><Position><LatitudeDegrees>50.853103</LatitudeDegrees><LongitudeDegrees>4.296784</LongitudeDegrees></Position><AltitudeMeters>58.8</AltitudeMeters><Extensions><TPX xmlns="http://www.garmin.com/xmlschemas/ActivityExtension/v2"><Speed>1.3</Speed></TPX></Extensions></Trackpoint><Trackpoint><Time>2026-03-20T12:02:41+00:00</Time><DistanceMeters>2609.6</DistanceMeters><Position><LatitudeDegrees>50.853094</LatitudeDegrees><LongitudeDegrees>4.296787</LongitudeDegrees></Position><AltitudeMeters>58.7</AltitudeMeters><Extensions><TPX xmlns="http://www.garmin.com/xmlschemas/ActivityExtension/v2"><Speed>1.58</Speed></TPX></Extensions></Trackpoint><Trackpoint><Time>2026-03-20T12:02:42+00:00</Time><DistanceMeters>2611.0</DistanceMeters><Position><LatitudeDegrees>50.853075</LatitudeDegrees><LongitudeDegrees>4.2968</LongitudeDegrees></Position><AltitudeMeters>58.4</AltitudeMeters><Extensions><TPX xmlns="http://www.garmin.com/xmlschemas/ActivityExtension/v2"><Speed>1.853</Speed></TPX></Extensions></Trackpoint><Trackpoint><Time>2026-03-20T12:02:43+00:00</Time><DistanceMeters>2612.3</DistanceMeters><Position><LatitudeDegrees>50.853068</LatitudeDegrees><LongitudeDegrees>4.296805</LongitudeDegrees></Position><AltitudeMeters>58.3</AltitudeMeters><Extensions><TPX xmlns="http://www.garmin.com/xmlschemas/ActivityExtension/v2"><Speed>1.387</Speed></TPX></Extensions></Trackpoint><Trackpoint><Time>2026-03-20T12:02:44+00:00</Time><DistanceMeters>2613.7</DistanceMeters><Position><LatitudeDegrees>50.85306</LatitudeDegrees><LongitudeDegrees>4.296809</LongitudeDegrees></Position><AltitudeMeters>58.2</AltitudeMeters><Extensions><TPX xmlns="http://www.garmin.com/xmlschemas/ActivityExtension/v2"><Speed>1.38</Speed></TPX></Extensions></Trackpoint><Trackpoint><Time>2026-03-20T12:02:45+00:00</Time><DistanceMeters>2615.1</DistanceMeters><Position><LatitudeDegrees>50.853041</LatitudeDegrees><LongitudeDegrees>4.296822</LongitudeDegrees></Position><AltitudeMeters>57.9</AltitudeMeters><Extensions><TPX xmlns="http://www.garmin.com/xmlschemas/ActivityExtension/v2"><Speed>1.38</Speed></TPX></Extensions></Trackpoint><Trackpoint><Time>2026-03-20T12:02:46+00:00</Time><DistanceMeters>2616.5</DistanceMeters><Position><LatitudeDegrees>50.853034</LatitudeDegrees><LongitudeDegrees>4.296828</LongitudeDegrees></Position><AltitudeMeters>57.7</AltitudeMeters><Extensions><TPX xmlns="http://www.garmin.com/xmlschemas/ActivityExtension/v2"><Speed>1.38</Speed></TPX></Extensions></Trackpoint><Trackpoint><Time>2026-03-20T12:02:47+00:00</Time><DistanceMeters>2617.9</DistanceMeters><Position><LatitudeDegrees>50.853026</LatitudeDegrees><LongitudeDegrees>4.296834</LongitudeDegrees></Position><AltitudeMeters>57.6</AltitudeMeters><Extensions><TPX xmlns="http://www.garmin.com/xmlschemas/ActivityExtension/v2"><Speed>1.387</Speed></TPX></Extensions></Trackpoint><Trackpoint><Time>2026-03-20T12:02:48+00:00</Time><DistanceMeters>2617.9</DistanceMeters><Position><LatitudeDegrees>50.853017</LatitudeDegrees><LongitudeDegrees>4.296839</LongitudeDegrees></Position><AltitudeMeters>57.5</AltitudeMeters><Extensions><TPX xmlns="http://www.garmin.com/xmlschemas/ActivityExtension/v2"><Speed>1.113</Speed></TPX></Extensions></Trackpoint><Trackpoint><Time>2026-03-20T12:02:49+00:00</Time><DistanceMeters>2617.9</DistanceMeters><Position><LatitudeDegrees>50.853007</LatitudeDegrees><LongitudeDegrees>4.296845</LongitudeDegrees></Position><AltitudeMeters>57.3</AltitudeMeters><Extensions><TPX xmlns="http://www.garmin.com/xmlschemas/ActivityExtension/v2"><Speed>0.84</Speed></TPX></Extensions></Trackpoint><Trackpoint><Time>2026-03-20T12:02:50+00:00</Time><DistanceMeters>2621.3</DistanceMeters><Position><LatitudeDegrees>50.852995</LatitudeDegrees><LongitudeDegrees>4.296837</LongitudeDegrees></Position><AltitudeMeters>57.1</AltitudeMeters><Extensions><TPX xmlns="http://www.garmin.com/xmlschemas/ActivityExtension/v2"><Speed>1.24</Speed></TPX></Extensions></Trackpoint><Trackpoint><Time>2026-03-20T12:02:51+00:00</Time><DistanceMeters>2621.3</DistanceMeters><Position><LatitudeDegrees>50.852984</LatitudeDegrees><LongitudeDegrees>4.296823</LongitudeDegrees></Position><AltitudeMeters>56.8</AltitudeMeters><Extensions><TPX xmlns="http://www.garmin.com/xmlschemas/ActivityExtension/v2"><Speed>0.96</Speed></TPX></Extensions></Trackpoint><Trackpoint><Time>2026-03-20T12:02:52+00:00</Time><DistanceMeters>2625.0</DistanceMeters><Position><LatitudeDegrees>50.852975</LatitudeDegrees><LongitudeDegrees>4.296796</LongitudeDegrees></Position><AltitudeMeters>56.5</AltitudeMeters><Extensions><TPX xmlns="http://www.garmin.com/xmlschemas/ActivityExtension/v2"><Speed>1.42</Speed></TPX></Extensions></Trackpoint><Trackpoint><Time>2026-03-20T12:02:53+00:00</Time><DistanceMeters>2625.0</DistanceMeters><Position><LatitudeDegrees>50.852972</LatitudeDegrees><LongitudeDegrees>4.296776</LongitudeDegrees></Position><AltitudeMeters>56.3</AltitudeMeters><Extensions><TPX xmlns="http://www.garmin.com/xmlschemas/ActivityExtension/v2"><Speed>1.42</Speed></TPX></Extensions></Trackpoint><Trackpoint><Time>2026-03-20T12:02:54+00:00</Time><DistanceMeters>2625.0</DistanceMeters><Position><LatitudeDegrees>50.852965</LatitudeDegrees><LongitudeDegrees>4.296762</LongitudeDegrees></Position><AltitudeMeters>56.1</AltitudeMeters><Extensions><TPX xmlns="http://www.garmin.com/xmlschemas/ActivityExtension/v2"><Speed>1.42</Speed></TPX></Extensions></Trackpoint><Trackpoint><Time>2026-03-20T12:02:55+00:00</Time><DistanceMeters>2628.7</DistanceMeters><Position><LatitudeDegrees>50.852958</LatitudeDegrees><LongitudeDegrees>4.29675</LongitudeDegrees></Position><AltitudeMeters>55.9</AltitudeMeters><Extensions><TPX xmlns="http://www.garmin.com/xmlschemas/ActivityExtension/v2"><Speed>1.48</Speed></TPX></Extensions></Trackpoint><Trackpoint><Time>2026-03-20T12:02:56+00:00</Time><DistanceMeters>2630.8</DistanceMeters><Position><LatitudeDegrees>50.852933</LatitudeDegrees><LongitudeDegrees>4.296755</LongitudeDegrees></Position><AltitudeMeters>55.5</AltitudeMeters><Extensions><TPX xmlns="http://www.garmin.com/xmlschemas/ActivityExtension/v2"><Speed>1.89</Speed></TPX></Extensions></Trackpoint><Trackpoint><Time>2026-03-20T12:02:57+00:00</Time><DistanceMeters>2632.8</DistanceMeters><Position><LatitudeDegrees>50.852921</LatitudeDegrees><LongitudeDegrees>4.296761</LongitudeDegrees></Position><AltitudeMeters>55.3</AltitudeMeters><Extensions><TPX xmlns="http://www.garmin.com/xmlschemas/ActivityExtension/v2"><Speed>1.56</Speed></TPX></Extensions></Trackpoint><Trackpoint><Time>2026-03-20T12:02:58+00:00</Time><DistanceMeters>2634.9</DistanceMeters><Position><LatitudeDegrees>50.8529</LatitudeDegrees><LongitudeDegrees>4.296784</LongitudeDegrees></Position><AltitudeMeters>54.9</AltitudeMeters><Extensions><TPX xmlns="http://www.garmin.com/xmlschemas/ActivityExtension/v2"><Speed>1.97</Speed></TPX></Extensions></Trackpoint><Trackpoint><Time>2026-03-20T12:02:59+00:00</Time><DistanceMeters>2636.9</DistanceMeters><Position><LatitudeDegrees>50.852891</LatitudeDegrees><LongitudeDegrees>4.296793</LongitudeDegrees></Position><AltitudeMeters>54.7</AltitudeMeters><Extensions><TPX xmlns="http://www.garmin.com/xmlschemas/ActivityExtension/v2"><Speed>2.38</Speed></TPX></Extensions></Trackpoint><Trackpoint><Time>2026-03-20T12:03:00+00:00</Time><DistanceMeters>2636.9</DistanceMeters><Position><LatitudeDegrees>50.852875</LatitudeDegrees><LongitudeDegrees>4.296801</LongitudeDegrees></Position><AltitudeMeters>54.5</AltitudeMeters><Extensions><TPX xmlns="http://www.garmin.com/xmlschemas/ActivityExtension/v2"><Speed>1.64</Speed></TPX></Extensions></Trackpoint><Trackpoint><Time>2026-03-20T12:03:01+00:00</Time><DistanceMeters>2640.3</DistanceMeters><Position><LatitudeDegrees>50.852862</LatitudeDegrees><LongitudeDegrees>4.296809</LongitudeDegrees></Position><AltitudeMeters>54.2</AltitudeMeters><Extensions><TPX xmlns="http://www.garmin.com/xmlschemas/ActivityExtension/v2"><Speed>1.91</Speed></TPX></Extensions></Trackpoint><Trackpoint><Time>2026-03-20T12:03:02+00:00</Time><DistanceMeters>2640.3</DistanceMeters><Position><LatitudeDegrees>50.852848</LatitudeDegrees><LongitudeDegrees>4.296804</LongitudeDegrees></Position><AltitudeMeters>54.0</AltitudeMeters><Extensions><TPX xmlns="http://www.garmin.com/xmlschemas/ActivityExtension/v2"><Speed>1.5</Speed></TPX></Extensions></Trackpoint><Trackpoint><Time>2026-03-20T12:03:03+00:00</Time><DistanceMeters>2643.5</DistanceMeters><Position><LatitudeDegrees>50.852835</LatitudeDegrees><LongitudeDegrees>4.296794</LongitudeDegrees></Position><AltitudeMeters>53.8</AltitudeMeters><Extensions><TPX xmlns="http://www.garmin.com/xmlschemas/ActivityExtension/v2"><Speed>1.73</Speed></TPX></Extensions></Trackpoint><Trackpoint><Time>2026-03-20T12:03:04+00:00</Time><DistanceMeters>2644.9</DistanceMeters><Position><LatitudeDegrees>50.852817</LatitudeDegrees><LongitudeDegrees>4.296774</LongitudeDegrees></Position><AltitudeMeters>53.5</AltitudeMeters><Extensions><TPX xmlns="http://www.garmin.com/xmlschemas/ActivityExtension/v2"><Speed>1.607</Speed></TPX></Extensions></Trackpoint><Trackpoint><Time>2026-03-20T12:03:05+00:00</Time><DistanceMeters>2646.4</DistanceMeters><Position><LatitudeDegrees>50.852809</LatitudeDegrees><LongitudeDegrees>4.296769</LongitudeDegrees></Position><AltitudeMeters>53.4</AltitudeMeters><Extensions><TPX xmlns="http://www.garmin.com/xmlschemas/ActivityExtension/v2"><Speed>1.893</Speed></TPX></Extensions></Trackpoint><Trackpoint><Time>2026-03-20T12:03:06+00:00</Time><DistanceMeters>2647.8</DistanceMeters><Position><LatitudeDegrees>50.852801</LatitudeDegrees><LongitudeDegrees>4.296764</LongitudeDegrees></Position><AltitudeMeters>53.3</AltitudeMeters><Extensions><TPX xmlns="http://www.garmin.com/xmlschemas/ActivityExtension/v2"><Speed>1.5</Speed></TPX></Extensions></Trackpoint><Trackpoint><Time>2026-03-20T12:03:07+00:00</Time><DistanceMeters>2647.8</DistanceMeters><Position><LatitudeDegrees>50.852788</LatitudeDegrees><LongitudeDegrees>4.296756</LongitudeDegrees></Position><AltitudeMeters>53.1</AltitudeMeters><Extensions><TPX xmlns="http://www.garmin.com/xmlschemas/ActivityExtension/v2"><Speed>1.5</Speed></TPX></Extensions></Trackpoint><Trackpoint><Time>2026-03-20T12:03:08+00:00</Time><DistanceMeters>2651.2</DistanceMeters><Position><LatitudeDegrees>50.852779</LatitudeDegrees><LongitudeDegrees>4.29673</LongitudeDegrees></Position><AltitudeMeters>52.9</AltitudeMeters><Extensions><TPX xmlns="http://www.garmin.com/xmlschemas/ActivityExtension/v2"><Speed>1.54</Speed></TPX></Extensions></Trackpoint><Trackpoint><Time>2026-03-20T12:03:09+00:00</Time><DistanceMeters>2651.2</DistanceMeters><Position><LatitudeDegrees>50.85277</LatitudeDegrees><LongitudeDegrees>4.296697</LongitudeDegrees></Position><AltitudeMeters>52.6</AltitudeMeters><Extensions><TPX xmlns="http://www.garmin.com/xmlschemas/ActivityExtension/v2"><Speed>1.253</Speed></TPX></Extensions></Trackpoint><Trackpoint><Time>2026-03-20T12:03:10+00:00</Time><DistanceMeters>2654.6</DistanceMeters><Position><LatitudeDegrees>50.852765</LatitudeDegrees><LongitudeDegrees>4.296688</LongitudeDegrees></Position><AltitudeMeters>52.5</AltitudeMeters><Extensions><TPX xmlns="http://www.garmin.com/xmlschemas/ActivityExtension/v2"><Speed>1.647</Speed></TPX></Extensions></Trackpoint><Trackpoint><Time>2026-03-20T12:03:11+00:00</Time><DistanceMeters>2654.6</DistanceMeters><Position><LatitudeDegrees>50.852756</LatitudeDegrees><LongitudeDegrees>4.296669</LongitudeDegrees></Position><AltitudeMeters>52.3</AltitudeMeters><Extensions><TPX xmlns="http://www.garmin.com/xmlschemas/ActivityExtension/v2"><Speed>1.36</Speed></TPX></Extensions></Trackpoint><Trackpoint><Time>2026-03-20T12:03:12+00:00</Time><DistanceMeters>2657.9</DistanceMeters><Position><LatitudeDegrees>50.852748</LatitudeDegrees><LongitudeDegrees>4.296648</LongitudeDegrees></Position><AltitudeMeters>52.1</AltitudeMeters><Extensions><TPX xmlns="http://www.garmin.com/xmlschemas/ActivityExtension/v2"><Speed>2.02</Speed></TPX></Extensions></Trackpoint><Trackpoint><Time>2026-03-20T12:03:13+00:00</Time><DistanceMeters>2657.9</DistanceMeters><Position><LatitudeDegrees>50.852743</LatitudeDegrees><LongitudeDegrees>4.29663</LongitudeDegrees></Position><AltitudeMeters>52.0</AltitudeMeters><Extensions><TPX xmlns="http://www.garmin.com/xmlschemas/ActivityExtension/v2"><Speed>1.34</Speed></TPX></Extensions></Trackpoint><Trackpoint><Time>2026-03-20T12:03:14+00:00</Time><DistanceMeters>2657.9</DistanceMeters><Position><LatitudeDegrees>50.852735</LatitudeDegrees><LongitudeDegrees>4.296616</LongitudeDegrees></Position><AltitudeMeters>51.8</AltitudeMeters><Extensions><TPX xmlns="http://www.garmin.com/xmlschemas/ActivityExtension/v2"><Speed>1.34</Speed></TPX></Extensions></Trackpoint><Trackpoint><Time>2026-03-20T12:03:15+00:00</Time><DistanceMeters>2661.6</DistanceMeters><Position><LatitudeDegrees>50.852727</LatitudeDegrees><LongitudeDegrees>4.296607</LongitudeDegrees></Position><AltitudeMeters>51.7</AltitudeMeters><Extensions><TPX xmlns="http://www.garmin.com/xmlschemas/ActivityExtension/v2"><Speed>1.4</Speed></TPX></Extensions></Trackpoint><Trackpoint><Time>2026-03-20T12:03:16+00:00</Time><DistanceMeters>2661.6</DistanceMeters><Position><LatitudeDegrees>50.852718</LatitudeDegrees><LongitudeDegrees>4.296601</LongitudeDegrees></Position><AltitudeMeters>51.6</AltitudeMeters><Extensions><TPX xmlns="http://www.garmin.com/xmlschemas/ActivityExtension/v2"><Speed>1.4</Speed></TPX></Extensions></Trackpoint><Trackpoint><Time>2026-03-20T12:03:17+00:00</Time><DistanceMeters>2661.6</DistanceMeters><Position><LatitudeDegrees>50.852709</LatitudeDegrees><LongitudeDegrees>4.296592</LongitudeDegrees></Position><AltitudeMeters>51.5</AltitudeMeters><Extensions><TPX xmlns="http://www.garmin.com/xmlschemas/ActivityExtension/v2"><Speed>0.74</Speed></TPX></Extensions></Trackpoint><Trackpoint><Time>2026-03-20T12:03:18+00:00</Time><DistanceMeters>2665.3</DistanceMeters><Position><LatitudeDegrees>50.852702</LatitudeDegrees><LongitudeDegrees>4.296575</LongitudeDegrees></Position><AltitudeMeters>51.3</AltitudeMeters><Extensions><TPX xmlns="http://www.garmin.com/xmlschemas/ActivityExtension/v2"><Speed>1.48</Speed></TPX></Extensions></Trackpoint><Trackpoint><Time>2026-03-20T12:03:19+00:00</Time><DistanceMeters>2665.3</DistanceMeters><Position><LatitudeDegrees>50.852695</LatitudeDegrees><LongitudeDegrees>4.296556</LongitudeDegrees></Position><AltitudeMeters>51.2</AltitudeMeters><Extensions><TPX xmlns="http://www.garmin.com/xmlschemas/ActivityExtension/v2"><Speed>1.48</Speed></TPX></Extensions></Trackpoint><Trackpoint><Time>2026-03-20T12:03:20+00:00</Time><DistanceMeters>2668.8</DistanceMeters><Position><LatitudeDegrees>50.852688</LatitudeDegrees><LongitudeDegrees>4.29653</LongitudeDegrees></Position><AltitudeMeters>51.0</AltitudeMeters><Extensions><TPX xmlns="http://www.garmin.com/xmlschemas/ActivityExtension/v2"><Speed>1.44</Speed></TPX></Extensions></Trackpoint><Trackpoint><Time>2026-03-20T12:03:21+00:00</Time><DistanceMeters>2668.8</DistanceMeters><Position><LatitudeDegrees>50.852685</LatitudeDegrees><LongitudeDegrees>4.296521</LongitudeDegrees></Position><AltitudeMeters>50.9</AltitudeMeters><Extensions><TPX xmlns="http://www.garmin.com/xmlschemas/ActivityExtension/v2"><Speed>1.44</Speed></TPX></Extensions></Trackpoint><Trackpoint><Time>2026-03-20T12:03:22+00:00</Time><DistanceMeters>2668.8</DistanceMeters><Position><LatitudeDegrees>50.852679</LatitudeDegrees><LongitudeDegrees>4.296506</LongitudeDegrees></Position><AltitudeMeters>50.8</AltitudeMeters><Extensions><TPX xmlns="http://www.garmin.com/xmlschemas/ActivityExtension/v2"><Speed>1.44</Speed></TPX></Extensions></Trackpoint><Trackpoint><Time>2026-03-20T12:03:23+00:00</Time><DistanceMeters>2672.1</DistanceMeters><Position><LatitudeDegrees>50.852672</LatitudeDegrees><LongitudeDegrees>4.29649</LongitudeDegrees></Position><AltitudeMeters>50.6</AltitudeMeters><Extensions><TPX xmlns="http://www.garmin.com/xmlschemas/ActivityExtension/v2"><Speed>1.36</Speed></TPX></Extensions></Trackpoint><Trackpoint><Time>2026-03-20T12:03:24+00:00</Time><DistanceMeters>2672.1</DistanceMeters><Position><LatitudeDegrees>50.852665</LatitudeDegrees><LongitudeDegrees>4.296475</LongitudeDegrees></Position><AltitudeMeters>50.5</AltitudeMeters><Extensions><TPX xmlns="http://www.garmin.com/xmlschemas/ActivityExtension/v2"><Speed>1.36</Speed></TPX></Extensions></Trackpoint><Trackpoint><Time>2026-03-20T12:03:25+00:00</Time><DistanceMeters>2672.1</DistanceMeters><Position><LatitudeDegrees>50.852659</LatitudeDegrees><LongitudeDegrees>4.296457</LongitudeDegrees></Position><AltitudeMeters>50.4</AltitudeMeters><Extensions><TPX xmlns="http://www.garmin.com/xmlschemas/ActivityExtension/v2"><Speed>0.66</Speed></TPX></Extensions></Trackpoint><Trackpoint><Time>2026-03-20T12:03:26+00:00</Time><DistanceMeters>2676.1</DistanceMeters><Position><LatitudeDegrees>50.852654</LatitudeDegrees><LongitudeDegrees>4.29644</LongitudeDegrees></Position><AltitudeMeters>50.2</AltitudeMeters><Extensions><TPX xmlns="http://www.garmin.com/xmlschemas/ActivityExtension/v2"><Speed>1.46</Speed></TPX></Extensions></Trackpoint><Trackpoint><Time>2026-03-20T12:03:27+00:00</Time><DistanceMeters>2676.1</DistanceMeters><Position><LatitudeDegrees>50.852644</LatitudeDegrees><LongitudeDegrees>4.29643</LongitudeDegrees></Position><AltitudeMeters>50.1</AltitudeMeters><Extensions><TPX xmlns="http://www.garmin.com/xmlschemas/ActivityExtension/v2"><Speed>1.46</Speed></TPX></Extensions></Trackpoint><Trackpoint><Time>2026-03-20T12:03:28+00:00</Time><DistanceMeters>2676.1</DistanceMeters><Position><LatitudeDegrees>50.852633</LatitudeDegrees><LongitudeDegrees>4.296422</LongitudeDegrees></Position><AltitudeMeters>50.0</AltitudeMeters><Extensions><TPX xmlns="http://www.garmin.com/xmlschemas/ActivityExtension/v2"><Speed>0.8</Speed></TPX></Extensions></Trackpoint><Trackpoint><Time>2026-03-20T12:03:29+00:00</Time><DistanceMeters>2680.1</DistanceMeters><Position><LatitudeDegrees>50.852621</LatitudeDegrees><LongitudeDegrees>4.296416</LongitudeDegrees></Position><AltitudeMeters>49.8</AltitudeMeters><Extensions><TPX xmlns="http://www.garmin.com/xmlschemas/ActivityExtension/v2"><Speed>1.6</Speed></TPX></Extensions></Trackpoint><Trackpoint><Time>2026-03-20T12:03:30+00:00</Time><DistanceMeters>2681.5</DistanceMeters><Position><LatitudeDegrees>50.852596</LatitudeDegrees><LongitudeDegrees>4.296413</LongitudeDegrees></Position><AltitudeMeters>49.6</AltitudeMeters><Extensions><TPX xmlns="http://www.garmin.com/xmlschemas/ActivityExtension/v2"><Speed>1.887</Speed></TPX></Extensions></Trackpoint><Trackpoint><Time>2026-03-20T12:03:31+00:00</Time><DistanceMeters>2683.0</DistanceMeters><Position><LatitudeDegrees>50.85259</LatitudeDegrees><LongitudeDegrees>4.296413</LongitudeDegrees></Position><AltitudeMeters>49.5</AltitudeMeters><Extensions><TPX xmlns="http://www.garmin.com/xmlschemas/ActivityExtension/v2"><Speed>1.373</Speed></TPX></Extensions></Trackpoint><Trackpoint><Time>2026-03-20T12:03:32+00:00</Time><DistanceMeters>2684.4</DistanceMeters><Position><LatitudeDegrees>50.852583</LatitudeDegrees><LongitudeDegrees>4.296413</LongitudeDegrees></Position><AltitudeMeters>49.5</AltitudeMeters><Extensions><TPX xmlns="http://www.garmin.com/xmlschemas/ActivityExtension/v2"><Speed>1.66</Speed></TPX></Extensions></Trackpoint><Trackpoint><Time>2026-03-20T12:03:33+00:00</Time><DistanceMeters>2685.9</DistanceMeters><Position><LatitudeDegrees>50.852562</LatitudeDegrees><LongitudeDegrees>4.296414</LongitudeDegrees></Position><AltitudeMeters>49.3</AltitudeMeters><Extensions><TPX xmlns="http://www.garmin.com/xmlschemas/ActivityExtension/v2"><Speed>1.953</Speed></TPX></Extensions></Trackpoint><Trackpoint><Time>2026-03-20T12:03:34+00:00</Time><DistanceMeters>2687.3</DistanceMeters><Position><LatitudeDegrees>50.852553</LatitudeDegrees><LongitudeDegrees>4.296416</LongitudeDegrees></Position><AltitudeMeters>49.2</AltitudeMeters><Extensions><TPX xmlns="http://www.garmin.com/xmlschemas/ActivityExtension/v2"><Speed>1.447</Speed></TPX></Extensions></Trackpoint><Trackpoint><Time>2026-03-20T12:03:35+00:00</Time><DistanceMeters>2688.8</DistanceMeters><Position><LatitudeDegrees>50.852544</LatitudeDegrees><LongitudeDegrees>4.296418</LongitudeDegrees></Position><AltitudeMeters>49.1</AltitudeMeters><Extensions><TPX xmlns="http://www.garmin.com/xmlschemas/ActivityExtension/v2"><Speed>1.453</Speed></TPX></Extensions></Trackpoint><Trackpoint><Time>2026-03-20T12:03:36+00:00</Time><DistanceMeters>2688.8</DistanceMeters><Position><LatitudeDegrees>50.852528</LatitudeDegrees><LongitudeDegrees>4.296421</LongitudeDegrees></Position><AltitudeMeters>49.0</AltitudeMeters><Extensions><TPX xmlns="http://www.garmin.com/xmlschemas/ActivityExtension/v2"><Speed>1.167</Speed></TPX></Extensions></Trackpoint><Trackpoint><Time>2026-03-20T12:03:37+00:00</Time><DistanceMeters>2692.1</DistanceMeters><Position><LatitudeDegrees>50.852514</LatitudeDegrees><LongitudeDegrees>4.296423</LongitudeDegrees></Position><AltitudeMeters>48.9</AltitudeMeters><Extensions><TPX xmlns="http://www.garmin.com/xmlschemas/ActivityExtension/v2"><Speed>1.54</Speed></TPX></Extensions></Trackpoint><Trackpoint><Time>2026-03-20T12:03:38+00:00</Time><DistanceMeters>2692.1</DistanceMeters><Position><LatitudeDegrees>50.852495</LatitudeDegrees><LongitudeDegrees>4.296439</LongitudeDegrees></Position><AltitudeMeters>48.8</AltitudeMeters><Extensions><TPX xmlns="http://www.garmin.com/xmlschemas/ActivityExtension/v2"><Speed>1.247</Speed></TPX></Extensions></Trackpoint><Trackpoint><Time>2026-03-20T12:03:39+00:00</Time><DistanceMeters>2695.5</DistanceMeters><Position><LatitudeDegrees>50.852488</LatitudeDegrees><LongitudeDegrees>4.29645</LongitudeDegrees></Position><AltitudeMeters>48.8</AltitudeMeters><Extensions><TPX xmlns="http://www.garmin.com/xmlschemas/ActivityExtension/v2"><Speed>1.633</Speed></TPX></Extensions></Trackpoint><Trackpoint><Time>2026-03-20T12:03:40+00:00</Time><DistanceMeters>2696.9</DistanceMeters><Position><LatitudeDegrees>50.852476</LatitudeDegrees><LongitudeDegrees>4.296475</LongitudeDegrees></Position><AltitudeMeters>48.7</AltitudeMeters><Extensions><TPX xmlns="http://www.garmin.com/xmlschemas/ActivityExtension/v2"><Speed>1.613</Speed></TPX></Extensions></Trackpoint><Trackpoint><Time>2026-03-20T12:03:41+00:00</Time><DistanceMeters>2698.2</DistanceMeters><Position><LatitudeDegrees>50.85247</LatitudeDegrees><LongitudeDegrees>4.296484</LongitudeDegrees></Position><AltitudeMeters>48.6</AltitudeMeters><Extensions><TPX xmlns="http://www.garmin.com/xmlschemas/ActivityExtension/v2"><Speed>1.887</Speed></TPX></Extensions></Trackpoint><Trackpoint><Time>2026-03-20T12:03:42+00:00</Time><DistanceMeters>2699.6</DistanceMeters><Position><LatitudeDegrees>50.852464</LatitudeDegrees><LongitudeDegrees>4.296494</LongitudeDegrees></Position><AltitudeMeters>48.6</AltitudeMeters><Extensions><TPX xmlns="http://www.garmin.com/xmlschemas/ActivityExtension/v2"><Speed>1.5</Speed></TPX></Extensions></Trackpoint><Trackpoint><Time>2026-03-20T12:03:43+00:00</Time><DistanceMeters>2701.1</DistanceMeters><Position><LatitudeDegrees>50.852447</LatitudeDegrees><LongitudeDegrees>4.296517</LongitudeDegrees></Position><AltitudeMeters>48.5</AltitudeMeters><Extensions><TPX xmlns="http://www.garmin.com/xmlschemas/ActivityExtension/v2"><Speed>1.8</Speed></TPX></Extensions></Trackpoint><Trackpoint><Time>2026-03-20T12:03:44+00:00</Time><DistanceMeters>2702.6</DistanceMeters><Position><LatitudeDegrees>50.85244</LatitudeDegrees><LongitudeDegrees>4.296525</LongitudeDegrees></Position><AltitudeMeters>48.5</AltitudeMeters><Extensions><TPX xmlns="http://www.garmin.com/xmlschemas/ActivityExtension/v2"><Speed>1.42</Speed></TPX></Extensions></Trackpoint><Trackpoint><Time>2026-03-20T12:03:45+00:00</Time><DistanceMeters>2704.1</DistanceMeters><Position><LatitudeDegrees>50.852432</LatitudeDegrees><LongitudeDegrees>4.296534</LongitudeDegrees></Position><AltitudeMeters>48.4</AltitudeMeters><Extensions><TPX xmlns="http://www.garmin.com/xmlschemas/ActivityExtension/v2"><Speed>1.447</Speed></TPX></Extensions></Trackpoint><Trackpoint><Time>2026-03-20T12:03:46+00:00</Time><DistanceMeters>2704.1</DistanceMeters><Position><LatitudeDegrees>50.852423</LatitudeDegrees><LongitudeDegrees>4.296559</LongitudeDegrees></Position><AltitudeMeters>48.4</AltitudeMeters><Extensions><TPX xmlns="http://www.garmin.com/xmlschemas/ActivityExtension/v2"><Speed>1.173</Speed></TPX></Extensions></Trackpoint><Trackpoint><Time>2026-03-20T12:03:47+00:00</Time><DistanceMeters>2704.1</DistanceMeters><Position><LatitudeDegrees>50.852425</LatitudeDegrees><LongitudeDegrees>4.296571</LongitudeDegrees></Position><AltitudeMeters>48.4</AltitudeMeters><Extensions><TPX xmlns="http://www.garmin.com/xmlschemas/ActivityExtension/v2"><Speed>0.9</Speed></TPX></Extensions></Trackpoint><Trackpoint><Time>2026-03-20T12:03:48+00:00</Time><DistanceMeters>2708.1</DistanceMeters><Position><LatitudeDegrees>50.852425</LatitudeDegrees><LongitudeDegrees>4.296589</LongitudeDegrees></Position><AltitudeMeters>48.3</AltitudeMeters><Extensions><TPX xmlns="http://www.garmin.com/xmlschemas/ActivityExtension/v2"><Speed>1.4</Speed></TPX></Extensions></Trackpoint><Trackpoint><Time>2026-03-20T12:03:49+00:00</Time><DistanceMeters>2709.5</DistanceMeters><Position><LatitudeDegrees>50.85242</LatitudeDegrees><LongitudeDegrees>4.29662</LongitudeDegrees></Position><AltitudeMeters>48.3</AltitudeMeters><Extensions><TPX xmlns="http://www.garmin.com/xmlschemas/ActivityExtension/v2"><Speed>1.38</Speed></TPX></Extensions></Trackpoint><Trackpoint><Time>2026-03-20T12:03:50+00:00</Time><DistanceMeters>2710.9</DistanceMeters><Position><LatitudeDegrees>50.852418</LatitudeDegrees><LongitudeDegrees>4.296634</LongitudeDegrees></Position><AltitudeMeters>48.3</AltitudeMeters><Extensions><TPX xmlns="http://www.garmin.com/xmlschemas/ActivityExtension/v2"><Speed>1.36</Speed></TPX></Extensions></Trackpoint><Trackpoint><Time>2026-03-20T12:03:51+00:00</Time><DistanceMeters>2712.3</DistanceMeters><Position><LatitudeDegrees>50.852415</LatitudeDegrees><LongitudeDegrees>4.296647</LongitudeDegrees></Position><AltitudeMeters>48.3</AltitudeMeters><Extensions><TPX xmlns="http://www.garmin.com/xmlschemas/ActivityExtension/v2"><Speed>1.64</Speed></TPX></Extensions></Trackpoint><Trackpoint><Time>2026-03-20T12:03:52+00:00</Time><DistanceMeters>2712.3</DistanceMeters><Position><LatitudeDegrees>50.852415</LatitudeDegrees><LongitudeDegrees>4.296664</LongitudeDegrees></Position><AltitudeMeters>48.3</AltitudeMeters><Extensions><TPX xmlns="http://www.garmin.com/xmlschemas/ActivityExtension/v2"><Speed>1.64</Speed></TPX></Extensions></Trackpoint><Trackpoint><Time>2026-03-20T12:03:53+00:00</Time><DistanceMeters>2712.3</DistanceMeters><Position><LatitudeDegrees>50.852422</LatitudeDegrees><LongitudeDegrees>4.296667</LongitudeDegrees></Position><AltitudeMeters>48.3</AltitudeMeters><Extensions><TPX xmlns="http://www.garmin.com/xmlschemas/ActivityExtension/v2"><Speed>0.84</Speed></TPX></Extensions></Trackpoint><Trackpoint><Time>2026-03-20T12:03:54+00:00</Time><DistanceMeters>2712.3</DistanceMeters><Position><LatitudeDegrees>50.852434</LatitudeDegrees><LongitudeDegrees>4.296651</LongitudeDegrees></Position><AltitudeMeters>48.3</AltitudeMeters><Extensions><TPX xmlns="http://www.garmin.com/xmlschemas/ActivityExtension/v2"><Speed>0.56</Speed></TPX></Extensions></Trackpoint><Trackpoint><Time>2026-03-20T12:03:55+00:00</Time><DistanceMeters>2712.3</DistanceMeters><Position><LatitudeDegrees>50.852439</LatitudeDegrees><LongitudeDegrees>4.296637</LongitudeDegrees></Position><AltitudeMeters>48.3</AltitudeMeters><Extensions><TPX xmlns="http://www.garmin.com/xmlschemas/ActivityExtension/v2"><Speed>0.28</Speed></TPX></Extensions></Trackpoint><Trackpoint><Time>2026-03-20T12:03:56+00:00</Time><DistanceMeters>2716.2</DistanceMeters><Position><LatitudeDegrees>50.852445</LatitudeDegrees><LongitudeDegrees>4.296618</LongitudeDegrees></Position><AltitudeMeters>48.4</AltitudeMeters><Extensions><TPX xmlns="http://www.garmin.com/xmlschemas/ActivityExtension/v2"><Speed>0.78</Speed></TPX></Extensions></Trackpoint><Trackpoint><Time>2026-03-20T12:03:57+00:00</Time><DistanceMeters>2716.2</DistanceMeters><Position><LatitudeDegrees>50.85245</LatitudeDegrees><LongitudeDegrees>4.296592</LongitudeDegrees></Position><AltitudeMeters>48.4</AltitudeMeters><Extensions><TPX xmlns="http://www.garmin.com/xmlschemas/ActivityExtension/v2"><Speed>0.78</Speed></TPX></Extensions></Trackpoint><Trackpoint><Time>2026-03-20T12:03:58+00:00</Time><DistanceMeters>2720.1</DistanceMeters><Position><LatitudeDegrees>50.852454</LatitudeDegrees><LongitudeDegrees>4.296564</LongitudeDegrees></Position><AltitudeMeters>48.5</AltitudeMeters><Extensions><TPX xmlns="http://www.garmin.com/xmlschemas/ActivityExtension/v2"><Speed>1.56</Speed></TPX></Extensions></Trackpoint><Trackpoint><Time>2026-03-20T12:03:59+00:00</Time><DistanceMeters>2722.6</DistanceMeters><Position><LatitudeDegrees>50.852469</LatitudeDegrees><LongitudeDegrees>4.296519</LongitudeDegrees></Position><AltitudeMeters>48.6</AltitudeMeters><Extensions><TPX xmlns="http://www.garmin.com/xmlschemas/ActivityExtension/v2"><Speed>2.06</Speed></TPX></Extensions></Trackpoint><Trackpoint><Time>2026-03-20T12:04:00+00:00</Time><DistanceMeters>2725.1</DistanceMeters><Position><LatitudeDegrees>50.852476</LatitudeDegrees><LongitudeDegrees>4.296503</LongitudeDegrees></Position><AltitudeMeters>48.6</AltitudeMeters><Extensions><TPX xmlns="http://www.garmin.com/xmlschemas/ActivityExtension/v2"><Speed>2.56</Speed></TPX></Extensions></Trackpoint><Trackpoint><Time>2026-03-20T12:04:01+00:00</Time><DistanceMeters>2728.4</DistanceMeters><Position><LatitudeDegrees>50.852498</LatitudeDegrees><LongitudeDegrees>4.29647</LongitudeDegrees></Position><AltitudeMeters>48.7</AltitudeMeters><Extensions><TPX xmlns="http://www.garmin.com/xmlschemas/ActivityExtension/v2"><Speed>2.44</Speed></TPX></Extensions></Trackpoint><Trackpoint><Time>2026-03-20T12:04:02+00:00</Time><DistanceMeters>2731.5</DistanceMeters><Position><LatitudeDegrees>50.852516</LatitudeDegrees><LongitudeDegrees>4.296436</LongitudeDegrees></Position><AltitudeMeters>48.9</AltitudeMeters><Extensions><TPX xmlns="http://www.garmin.com/xmlschemas/ActivityExtension/v2"><Speed>3.06</Speed></TPX></Extensions></Trackpoint><Trackpoint><Time>2026-03-20T12:04:03+00:00</Time><DistanceMeters>2735.0</DistanceMeters><Position><LatitudeDegrees>50.852545</LatitudeDegrees><LongitudeDegrees>4.296417</LongitudeDegrees></Position><AltitudeMeters>49.1</AltitudeMeters><Extensions><TPX xmlns="http://www.garmin.com/xmlschemas/ActivityExtension/v2"><Speed>2.98</Speed></TPX></Extensions></Trackpoint><Trackpoint><Time>2026-03-20T12:04:04+00:00</Time><DistanceMeters>2738.7</DistanceMeters><Position><LatitudeDegrees>50.852578</LatitudeDegrees><LongitudeDegrees>4.296417</LongitudeDegrees></Position><AltitudeMeters>49.3</AltitudeMeters><Extensions><TPX xmlns="http://www.garmin.com/xmlschemas/ActivityExtension/v2"><Speed>3.22</Speed></TPX></Extensions></Trackpoint><Trackpoint><Time>2026-03-20T12:04:05+00:00</Time><DistanceMeters>2743.1</DistanceMeters><Position><LatitudeDegrees>50.852611</LatitudeDegrees><LongitudeDegrees>4.296452</LongitudeDegrees></Position><AltitudeMeters>49.6</AltitudeMeters><Extensions><TPX xmlns="http://www.garmin.com/xmlschemas/ActivityExtension/v2"><Speed>3.6</Speed></TPX></Extensions></Trackpoint><Trackpoint><Time>2026-03-20T12:04:06+00:00</Time><DistanceMeters>2748.0</DistanceMeters><Position><LatitudeDegrees>50.852644</LatitudeDegrees><LongitudeDegrees>4.296498</LongitudeDegrees></Position><AltitudeMeters>50.0</AltitudeMeters><Extensions><TPX xmlns="http://www.garmin.com/xmlschemas/ActivityExtension/v2"><Speed>3.92</Speed></TPX></Extensions></Trackpoint><Trackpoint><Time>2026-03-20T12:04:07+00:00</Time><DistanceMeters>2751.8</DistanceMeters><Position><LatitudeDegrees>50.852671</LatitudeDegrees><LongitudeDegrees>4.296531</LongitudeDegrees></Position><AltitudeMeters>50.3</AltitudeMeters><Extensions><TPX xmlns="http://www.garmin.com/xmlschemas/ActivityExtension/v2"><Speed>4.06</Speed></TPX></Extensions></Trackpoint><Trackpoint><Time>2026-03-20T12:04:08+00:00</Time><DistanceMeters>2755.4</DistanceMeters><Position><LatitudeDegrees>50.852695</LatitudeDegrees><LongitudeDegrees>4.296567</LongitudeDegrees></Position><AltitudeMeters>50.6</AltitudeMeters><Extensions><TPX xmlns="http://www.garmin.com/xmlschemas/ActivityExtension/v2"><Speed>4.08</Speed></TPX></Extensions></Trackpoint><Trackpoint><Time>2026-03-20T12:04:09+00:00</Time><DistanceMeters>2759.0</DistanceMeters><Position><LatitudeDegrees>50.852714</LatitudeDegrees><LongitudeDegrees>4.296608</LongitudeDegrees></Position><AltitudeMeters>50.9</AltitudeMeters><Extensions><TPX xmlns="http://www.garmin.com/xmlschemas/ActivityExtension/v2"><Speed>4.06</Speed></TPX></Extensions></Trackpoint><Trackpoint><Time>2026-03-20T12:04:10+00:00</Time><DistanceMeters>2762.8</DistanceMeters><Position><LatitudeDegrees>50.852735</LatitudeDegrees><LongitudeDegrees>4.29665</LongitudeDegrees></Position><AltitudeMeters>51.2</AltitudeMeters><Extensions><TPX xmlns="http://www.garmin.com/xmlschemas/ActivityExtension/v2"><Speed>3.94</Speed></TPX></Extensions></Trackpoint><Trackpoint><Time>2026-03-20T12:04:11+00:00</Time><DistanceMeters>2766.5</DistanceMeters><Position><LatitudeDegrees>50.852757</LatitudeDegrees><LongitudeDegrees>4.29669</LongitudeDegrees></Position><AltitudeMeters>51.5</AltitudeMeters><Extensions><TPX xmlns="http://www.garmin.com/xmlschemas/ActivityExtension/v2"><Speed>3.7</Speed></TPX></Extensions></Trackpoint><Trackpoint><Time>2026-03-20T12:04:12+00:00</Time><DistanceMeters>2770.2</DistanceMeters><Position><LatitudeDegrees>50.852776</LatitudeDegrees><LongitudeDegrees>4.296733</LongitudeDegrees></Position><AltitudeMeters>51.9</AltitudeMeters><Extensions><TPX xmlns="http://www.garmin.com/xmlschemas/ActivityExtension/v2"><Speed>3.68</Speed></TPX></Extensions></Trackpoint><Trackpoint><Time>2026-03-20T12:04:13+00:00</Time><DistanceMeters>2773.8</DistanceMeters><Position><LatitudeDegrees>50.852796</LatitudeDegrees><LongitudeDegrees>4.296774</LongitudeDegrees></Position><AltitudeMeters>52.2</AltitudeMeters><Extensions><TPX xmlns="http://www.garmin.com/xmlschemas/ActivityExtension/v2"><Speed>3.68</Speed></TPX></Extensions></Trackpoint><Trackpoint><Time>2026-03-20T12:04:14+00:00</Time><DistanceMeters>2777.7</DistanceMeters><Position><LatitudeDegrees>50.852815</LatitudeDegrees><LongitudeDegrees>4.296819</LongitudeDegrees></Position><AltitudeMeters>52.6</AltitudeMeters><Extensions><TPX xmlns="http://www.garmin.com/xmlschemas/ActivityExtension/v2"><Speed>3.74</Speed></TPX></Extensions></Trackpoint><Trackpoint><Time>2026-03-20T12:04:15+00:00</Time><DistanceMeters>2781.4</DistanceMeters><Position><LatitudeDegrees>50.852835</LatitudeDegrees><LongitudeDegrees>4.296862</LongitudeDegrees></Position><AltitudeMeters>52.9</AltitudeMeters><Extensions><TPX xmlns="http://www.garmin.com/xmlschemas/ActivityExtension/v2"><Speed>3.72</Speed></TPX></Extensions></Trackpoint><Trackpoint><Time>2026-03-20T12:04:16+00:00</Time><DistanceMeters>2784.9</DistanceMeters><Position><LatitudeDegrees>50.852859</LatitudeDegrees><LongitudeDegrees>4.296895</LongitudeDegrees></Position><AltitudeMeters>53.3</AltitudeMeters><Extensions><TPX xmlns="http://www.garmin.com/xmlschemas/ActivityExtension/v2"><Speed>3.68</Speed></TPX></Extensions></Trackpoint><Trackpoint><Time>2026-03-20T12:04:17+00:00</Time><DistanceMeters>2788.6</DistanceMeters><Position><LatitudeDegrees>50.852887</LatitudeDegrees><LongitudeDegrees>4.296922</LongitudeDegrees></Position><AltitudeMeters>53.7</AltitudeMeters><Extensions><TPX xmlns="http://www.garmin.com/xmlschemas/ActivityExtension/v2"><Speed>3.68</Speed></TPX></Extensions></Trackpoint><Trackpoint><Time>2026-03-20T12:04:18+00:00</Time><DistanceMeters>2792.1</DistanceMeters><Position><LatitudeDegrees>50.852915</LatitudeDegrees><LongitudeDegrees>4.296948</LongitudeDegrees></Position><AltitudeMeters>54.1</AltitudeMeters><Extensions><TPX xmlns="http://www.garmin.com/xmlschemas/ActivityExtension/v2"><Speed>3.66</Speed></TPX></Extensions></Trackpoint><Trackpoint><Time>2026-03-20T12:04:19+00:00</Time><DistanceMeters>2796.4</DistanceMeters><Position><LatitudeDegrees>50.852951</LatitudeDegrees><LongitudeDegrees>4.296969</LongitudeDegrees></Position><AltitudeMeters>54.6</AltitudeMeters><Extensions><TPX xmlns="http://www.garmin.com/xmlschemas/ActivityExtension/v2"><Speed>3.74</Speed></TPX></Extensions></Trackpoint><Trackpoint><Time>2026-03-20T12:04:20+00:00</Time><DistanceMeters>2799.5</DistanceMeters><Position><LatitudeDegrees>50.852978</LatitudeDegrees><LongitudeDegrees>4.296978</LongitudeDegrees></Position><AltitudeMeters>54.9</AltitudeMeters><Extensions><TPX xmlns="http://www.garmin.com/xmlschemas/ActivityExtension/v2"><Speed>3.62</Speed></TPX></Extensions></Trackpoint><Trackpoint><Time>2026-03-20T12:04:21+00:00</Time><DistanceMeters>2802.7</DistanceMeters><Position><LatitudeDegrees>50.853007</LatitudeDegrees><LongitudeDegrees>4.296978</LongitudeDegrees></Position><AltitudeMeters>55.3</AltitudeMeters><Extensions><TPX xmlns="http://www.garmin.com/xmlschemas/ActivityExtension/v2"><Speed>3.56</Speed></TPX></Extensions></Trackpoint><Trackpoint><Time>2026-03-20T12:04:22+00:00</Time><DistanceMeters>2806.1</DistanceMeters><Position><LatitudeDegrees>50.853036</LatitudeDegrees><LongitudeDegrees>4.296967</LongitudeDegrees></Position><AltitudeMeters>55.8</AltitudeMeters><Extensions><TPX xmlns="http://www.garmin.com/xmlschemas/ActivityExtension/v2"><Speed>3.5</Speed></TPX></Extensions></Trackpoint><Trackpoint><Time>2026-03-20T12:04:23+00:00</Time><DistanceMeters>2809.3</DistanceMeters><Position><LatitudeDegrees>50.853064</LatitudeDegrees><LongitudeDegrees>4.296955</LongitudeDegrees></Position><AltitudeMeters>56.2</AltitudeMeters><Extensions><TPX xmlns="http://www.garmin.com/xmlschemas/ActivityExtension/v2"><Speed>3.44</Speed></TPX></Extensions></Trackpoint><Trackpoint><Time>2026-03-20T12:04:24+00:00</Time><DistanceMeters>2812.4</DistanceMeters><Position><LatitudeDegrees>50.853102</LatitudeDegrees><LongitudeDegrees>4.296929</LongitudeDegrees></Position><AltitudeMeters>56.8</AltitudeMeters><Extensions><TPX xmlns="http://www.garmin.com/xmlschemas/ActivityExtension/v2"><Speed>3.19</Speed></TPX></Extensions></Trackpoint><Trackpoint><Time>2026-03-20T12:04:25+00:00</Time><DistanceMeters>2815.4</DistanceMeters><Position><LatitudeDegrees>50.853114</LatitudeDegrees><LongitudeDegrees>4.296916</LongitudeDegrees></Position><AltitudeMeters>57.0</AltitudeMeters><Extensions><TPX xmlns="http://www.garmin.com/xmlschemas/ActivityExtension/v2"><Speed>3.18</Speed></TPX></Extensions></Trackpoint><Trackpoint><Time>2026-03-20T12:04:26+00:00</Time><DistanceMeters>2819.0</DistanceMeters><Position><LatitudeDegrees>50.853133</LatitudeDegrees><LongitudeDegrees>4.296876</LongitudeDegrees></Position><AltitudeMeters>57.4</AltitudeMeters><Extensions><TPX xmlns="http://www.garmin.com/xmlschemas/ActivityExtension/v2"><Speed>3.26</Speed></TPX></Extensions></Trackpoint><Trackpoint><Time>2026-03-20T12:04:27+00:00</Time><DistanceMeters>2823.1</DistanceMeters><Position><LatitudeDegrees>50.853153</LatitudeDegrees><LongitudeDegrees>4.296826</LongitudeDegrees></Position><AltitudeMeters>57.9</AltitudeMeters><Extensions><TPX xmlns="http://www.garmin.com/xmlschemas/ActivityExtension/v2"><Speed>3.4</Speed></TPX></Extensions></Trackpoint><Trackpoint><Time>2026-03-20T12:04:28+00:00</Time><DistanceMeters>2826.8</DistanceMeters><Position><LatitudeDegrees>50.853172</LatitudeDegrees><LongitudeDegrees>4.296783</LongitudeDegrees></Position><AltitudeMeters>58.3</AltitudeMeters><Extensions><TPX xmlns="http://www.garmin.com/xmlschemas/ActivityExtension/v2"><Speed>3.5</Speed></TPX></Extensions></Trackpoint><Trackpoint><Time>2026-03-20T12:04:29+00:00</Time><DistanceMeters>2829.3</DistanceMeters><Position><LatitudeDegrees>50.853193</LatitudeDegrees><LongitudeDegrees>4.296742</LongitudeDegrees></Position><AltitudeMeters>58.8</AltitudeMeters><Extensions><TPX xmlns="http://www.garmin.com/xmlschemas/ActivityExtension/v2"><Speed>3.38</Speed></TPX></Extensions></Trackpoint><Trackpoint><Time>2026-03-20T12:04:30+00:00</Time><DistanceMeters>2831.7</DistanceMeters><Position><LatitudeDegrees>50.853199</LatitudeDegrees><LongitudeDegrees>4.296728</LongitudeDegrees></Position><AltitudeMeters>58.9</AltitudeMeters><Extensions><TPX xmlns="http://www.garmin.com/xmlschemas/ActivityExtension/v2"><Speed>3.26</Speed></TPX></Extensions></Trackpoint><Trackpoint><Time>2026-03-20T12:04:31+00:00</Time><DistanceMeters>2834.5</DistanceMeters><Position><LatitudeDegrees>50.853225</LatitudeDegrees><LongitudeDegrees>4.296686</LongitudeDegrees></Position><AltitudeMeters>59.3</AltitudeMeters><Extensions><TPX xmlns="http://www.garmin.com/xmlschemas/ActivityExtension/v2"><Speed>3.1</Speed></TPX></Extensions></Trackpoint><Trackpoint><Time>2026-03-20T12:04:32+00:00</Time><DistanceMeters>2837.3</DistanceMeters><Position><LatitudeDegrees>50.853235</LatitudeDegrees><LongitudeDegrees>4.296672</LongitudeDegrees></Position><AltitudeMeters>59.5</AltitudeMeters><Extensions><TPX xmlns="http://www.garmin.com/xmlschemas/ActivityExtension/v2"><Speed>2.84</Speed></TPX></Extensions></Trackpoint><Trackpoint><Time>2026-03-20T12:04:33+00:00</Time><DistanceMeters>2839.8</DistanceMeters><Position><LatitudeDegrees>50.853267</LatitudeDegrees><LongitudeDegrees>4.296648</LongitudeDegrees></Position><AltitudeMeters>59.9</AltitudeMeters><Extensions><TPX xmlns="http://www.garmin.com/xmlschemas/ActivityExtension/v2"><Speed>2.59</Speed></TPX></Extensions></Trackpoint><Trackpoint><Time>2026-03-20T12:04:34+00:00</Time><DistanceMeters>2842.2</DistanceMeters><Position><LatitudeDegrees>50.853276</LatitudeDegrees><LongitudeDegrees>4.296645</LongitudeDegrees></Position><AltitudeMeters>60.1</AltitudeMeters><Extensions><TPX xmlns="http://www.garmin.com/xmlschemas/ActivityExtension/v2"><Speed>2.59</Speed></TPX></Extensions></Trackpoint><Trackpoint><Time>2026-03-20T12:04:35+00:00</Time><DistanceMeters>2845.0</DistanceMeters><Position><LatitudeDegrees>50.853312</LatitudeDegrees><LongitudeDegrees>4.296639</LongitudeDegrees></Position><AltitudeMeters>60.5</AltitudeMeters><Extensions><TPX xmlns="http://www.garmin.com/xmlschemas/ActivityExtension/v2"><Speed>2.66</Speed></TPX></Extensions></Trackpoint><Trackpoint><Time>2026-03-20T12:04:36+00:00</Time><DistanceMeters>2847.8</DistanceMeters><Position><LatitudeDegrees>50.853326</LatitudeDegrees><LongitudeDegrees>4.29664</LongitudeDegrees></Position><AltitudeMeters>60.7</AltitudeMeters><Extensions><TPX xmlns="http://www.garmin.com/xmlschemas/ActivityExtension/v2"><Speed>2.66</Speed></TPX></Extensions></Trackpoint><Trackpoint><Time>2026-03-20T12:04:37+00:00</Time><DistanceMeters>2850.5</DistanceMeters><Position><LatitudeDegrees>50.853362</LatitudeDegrees><LongitudeDegrees>4.296653</LongitudeDegrees></Position><AltitudeMeters>61.1</AltitudeMeters><Extensions><TPX xmlns="http://www.garmin.com/xmlschemas/ActivityExtension/v2"><Speed>2.64</Speed></TPX></Extensions></Trackpoint><Trackpoint><Time>2026-03-20T12:04:38+00:00</Time><DistanceMeters>2853.2</DistanceMeters><Position><LatitudeDegrees>50.853372</LatitudeDegrees><LongitudeDegrees>4.296661</LongitudeDegrees></Position><AltitudeMeters>61.3</AltitudeMeters><Extensions><TPX xmlns="http://www.garmin.com/xmlschemas/ActivityExtension/v2"><Speed>2.69</Speed></TPX></Extensions></Trackpoint><Trackpoint><Time>2026-03-20T12:04:39+00:00</Time><DistanceMeters>2855.4</DistanceMeters><Position><LatitudeDegrees>50.853402</LatitudeDegrees><LongitudeDegrees>4.296685</LongitudeDegrees></Position><AltitudeMeters>61.6</AltitudeMeters><Extensions><TPX xmlns="http://www.garmin.com/xmlschemas/ActivityExtension/v2"><Speed>2.64</Speed></TPX></Extensions></Trackpoint><Trackpoint><Time>2026-03-20T12:04:40+00:00</Time><DistanceMeters>2857.6</DistanceMeters><Position><LatitudeDegrees>50.853409</LatitudeDegrees><LongitudeDegrees>4.296686</LongitudeDegrees></Position><AltitudeMeters>61.7</AltitudeMeters><Extensions><TPX xmlns="http://www.garmin.com/xmlschemas/ActivityExtension/v2"><Speed>2.52</Speed></TPX></Extensions></Trackpoint><Trackpoint><Time>2026-03-20T12:04:41+00:00</Time><DistanceMeters>2859.6</DistanceMeters><Position><LatitudeDegrees>50.853436</LatitudeDegrees><LongitudeDegrees>4.296698</LongitudeDegrees></Position><AltitudeMeters>62.0</AltitudeMeters><Extensions><TPX xmlns="http://www.garmin.com/xmlschemas/ActivityExtension/v2"><Speed>2.37</Speed></TPX></Extensions></Trackpoint><Trackpoint><Time>2026-03-20T12:04:42+00:00</Time><DistanceMeters>2861.7</DistanceMeters><Position><LatitudeDegrees>50.853444</LatitudeDegrees><LongitudeDegrees>4.296702</LongitudeDegrees></Position><AltitudeMeters>62.1</AltitudeMeters><Extensions><TPX xmlns="http://www.garmin.com/xmlschemas/ActivityExtension/v2"><Speed>2.24</Speed></TPX></Extensions></Trackpoint><Trackpoint><Time>2026-03-20T12:04:43+00:00</Time><DistanceMeters>2861.7</DistanceMeters><Position><LatitudeDegrees>50.853461</LatitudeDegrees><LongitudeDegrees>4.296712</LongitudeDegrees></Position><AltitudeMeters>62.3</AltitudeMeters><Extensions><TPX xmlns="http://www.garmin.com/xmlschemas/ActivityExtension/v2"><Speed>1.7</Speed></TPX></Extensions></Trackpoint><Trackpoint><Time>2026-03-20T12:04:44+00:00</Time><DistanceMeters>2865.4</DistanceMeters><Position><LatitudeDegrees>50.853475</LatitudeDegrees><LongitudeDegrees>4.296723</LongitudeDegrees></Position><AltitudeMeters>62.4</AltitudeMeters><Extensions><TPX xmlns="http://www.garmin.com/xmlschemas/ActivityExtension/v2"><Speed>2.0</Speed></TPX></Extensions></Trackpoint><Trackpoint><Time>2026-03-20T12:04:45+00:00</Time><DistanceMeters>2865.4</DistanceMeters><Position><LatitudeDegrees>50.853483</LatitudeDegrees><LongitudeDegrees>4.296736</LongitudeDegrees></Position><AltitudeMeters>62.5</AltitudeMeters><Extensions><TPX xmlns="http://www.garmin.com/xmlschemas/ActivityExtension/v2"><Speed>1.56</Speed></TPX></Extensions></Trackpoint><Trackpoint><Time>2026-03-20T12:04:46+00:00</Time><DistanceMeters>2865.4</DistanceMeters><Position><LatitudeDegrees>50.853489</LatitudeDegrees><LongitudeDegrees>4.296734</LongitudeDegrees></Position><AltitudeMeters>62.5</AltitudeMeters><Extensions><TPX xmlns="http://www.garmin.com/xmlschemas/ActivityExtension/v2"><Speed>1.15</Speed></TPX></Extensions></Trackpoint><Trackpoint><Time>2026-03-20T12:04:47+00:00</Time><DistanceMeters>2865.4</DistanceMeters><Position><LatitudeDegrees>50.853488</LatitudeDegrees><LongitudeDegrees>4.296722</LongitudeDegrees></Position><AltitudeMeters>62.6</AltitudeMeters><Extensions><TPX xmlns="http://www.garmin.com/xmlschemas/ActivityExtension/v2"><Speed>0.74</Speed></TPX></Extensions></Trackpoint><Trackpoint><Time>2026-03-20T12:04:48+00:00</Time><DistanceMeters>2865.4</DistanceMeters><Position><LatitudeDegrees>50.853479</LatitudeDegrees><LongitudeDegrees>4.296697</LongitudeDegrees></Position><AltitudeMeters>62.8</AltitudeMeters><Extensions><TPX xmlns="http://www.garmin.com/xmlschemas/ActivityExtension/v2"><Speed>0.74</Speed></TPX></Extensions></Trackpoint><Trackpoint><Time>2026-03-20T12:04:49+00:00</Time><DistanceMeters>2865.4</DistanceMeters><Position><LatitudeDegrees>50.85347</LatitudeDegrees><LongitudeDegrees>4.296684</LongitudeDegrees></Position><AltitudeMeters>62.9</AltitudeMeters><Extensions><TPX xmlns="http://www.garmin.com/xmlschemas/ActivityExtension/v2"><Speed>0.0</Speed></TPX></Extensions></Trackpoint><Trackpoint><Time>2026-03-20T12:04:50+00:00</Time><DistanceMeters>2869.4</DistanceMeters><Position><LatitudeDegrees>50.853464</LatitudeDegrees><LongitudeDegrees>4.296669</LongitudeDegrees></Position><AltitudeMeters>62.9</AltitudeMeters><Extensions><TPX xmlns="http://www.garmin.com/xmlschemas/ActivityExtension/v2"><Speed>0.8</Speed></TPX></Extensions></Trackpoint><Trackpoint><Time>2026-03-20T12:04:51+00:00</Time><DistanceMeters>2869.4</DistanceMeters><Position><LatitudeDegrees>50.853457</LatitudeDegrees><LongitudeDegrees>4.296659</LongitudeDegrees></Position><AltitudeMeters>63.0</AltitudeMeters><Extensions><TPX xmlns="http://www.garmin.com/xmlschemas/ActivityExtension/v2"><Speed>0.8</Speed></TPX></Extensions></Trackpoint><Trackpoint><Time>2026-03-20T12:04:52+00:00</Time><DistanceMeters>2869.4</DistanceMeters><Position><LatitudeDegrees>50.853448</LatitudeDegrees><LongitudeDegrees>4.296654</LongitudeDegrees></Position><AltitudeMeters>63.0</AltitudeMeters><Extensions><TPX xmlns="http://www.garmin.com/xmlschemas/ActivityExtension/v2"><Speed>0.8</Speed></TPX></Extensions></Trackpoint><Trackpoint><Time>2026-03-20T12:04:53+00:00</Time><DistanceMeters>2873.4</DistanceMeters><Position><LatitudeDegrees>50.85343</LatitudeDegrees><LongitudeDegrees>4.29665</LongitudeDegrees></Position><AltitudeMeters>62.8</AltitudeMeters><Extensions><TPX xmlns="http://www.garmin.com/xmlschemas/ActivityExtension/v2"><Speed>1.6</Speed></TPX></Extensions></Trackpoint><Trackpoint><Time>2026-03-20T12:04:54+00:00</Time><DistanceMeters>2873.4</DistanceMeters><Position><LatitudeDegrees>50.85342</LatitudeDegrees><LongitudeDegrees>4.296655</LongitudeDegrees></Position><AltitudeMeters>62.7</AltitudeMeters><Extensions><TPX xmlns="http://www.garmin.com/xmlschemas/ActivityExtension/v2"><Speed>1.6</Speed></TPX></Extensions></Trackpoint><Trackpoint><Time>2026-03-20T12:04:55+00:00</Time><DistanceMeters>2873.4</DistanceMeters><Position><LatitudeDegrees>50.85341</LatitudeDegrees><LongitudeDegrees>4.296659</LongitudeDegrees></Position><AltitudeMeters>62.7</AltitudeMeters><Extensions><TPX xmlns="http://www.garmin.com/xmlschemas/ActivityExtension/v2"><Speed>0.8</Speed></TPX></Extensions></Trackpoint><Trackpoint><Time>2026-03-20T12:04:56+00:00</Time><DistanceMeters>2876.9</DistanceMeters><Position><LatitudeDegrees>50.853398</LatitudeDegrees><LongitudeDegrees>4.296661</LongitudeDegrees></Position><AltitudeMeters>62.5</AltitudeMeters><Extensions><TPX xmlns="http://www.garmin.com/xmlschemas/ActivityExtension/v2"><Speed>1.5</Speed></TPX></Extensions></Trackpoint><Trackpoint><Time>2026-03-20T12:04:57+00:00</Time><DistanceMeters>2876.9</DistanceMeters><Position><LatitudeDegrees>50.853386</LatitudeDegrees><LongitudeDegrees>4.296662</LongitudeDegrees></Position><AltitudeMeters>62.4</AltitudeMeters><Extensions><TPX xmlns="http://www.garmin.com/xmlschemas/ActivityExtension/v2"><Speed>1.5</Speed></TPX></Extensions></Trackpoint><Trackpoint><Time>2026-03-20T12:04:58+00:00</Time><DistanceMeters>2876.9</DistanceMeters><Position><LatitudeDegrees>50.853376</LatitudeDegrees><LongitudeDegrees>4.296662</LongitudeDegrees></Position><AltitudeMeters>62.3</AltitudeMeters><Extensions><TPX xmlns="http://www.garmin.com/xmlschemas/ActivityExtension/v2"><Speed>0.7</Speed></TPX></Extensions></Trackpoint><Trackpoint><Time>2026-03-20T12:04:59+00:00</Time><DistanceMeters>2880.8</DistanceMeters><Position><LatitudeDegrees>50.853364</LatitudeDegrees><LongitudeDegrees>4.29666</LongitudeDegrees></Position><AltitudeMeters>62.2</AltitudeMeters><Extensions><TPX xmlns="http://www.garmin.com/xmlschemas/ActivityExtension/v2"><Speed>1.48</Speed></TPX></Extensions></Trackpoint><Trackpoint><Time>2026-03-20T12:05:00+00:00</Time><DistanceMeters>2880.8</DistanceMeters><Position><LatitudeDegrees>50.853356</LatitudeDegrees><LongitudeDegrees>4.296663</LongitudeDegrees></Position><AltitudeMeters>62.1</AltitudeMeters><Extensions><TPX xmlns="http://www.garmin.com/xmlschemas/ActivityExtension/v2"><Speed>1.48</Speed></TPX></Extensions></Trackpoint><Trackpoint><Time>2026-03-20T12:05:01+00:00</Time><DistanceMeters>2880.8</DistanceMeters><Position><LatitudeDegrees>50.853346</LatitudeDegrees><LongitudeDegrees>4.296667</LongitudeDegrees></Position><AltitudeMeters>62.0</AltitudeMeters><Extensions><TPX xmlns="http://www.garmin.com/xmlschemas/ActivityExtension/v2"><Speed>0.78</Speed></TPX></Extensions></Trackpoint><Trackpoint><Time>2026-03-20T12:05:02+00:00</Time><DistanceMeters>2884.2</DistanceMeters><Position><LatitudeDegrees>50.853334</LatitudeDegrees><LongitudeDegrees>4.296673</LongitudeDegrees></Position><AltitudeMeters>61.9</AltitudeMeters><Extensions><TPX xmlns="http://www.garmin.com/xmlschemas/ActivityExtension/v2"><Speed>1.46</Speed></TPX></Extensions></Trackpoint><Trackpoint><Time>2026-03-20T12:05:03+00:00</Time><DistanceMeters>2884.2</DistanceMeters><Position><LatitudeDegrees>50.853323</LatitudeDegrees><LongitudeDegrees>4.296681</LongitudeDegrees></Position><AltitudeMeters>61.8</AltitudeMeters><Extensions><TPX xmlns="http://www.garmin.com/xmlschemas/ActivityExtension/v2"><Speed>1.46</Speed></TPX></Extensions></Trackpoint><Trackpoint><Time>2026-03-20T12:05:04+00:00</Time><DistanceMeters>2887.6</DistanceMeters><Position><LatitudeDegrees>50.853306</LatitudeDegrees><LongitudeDegrees>4.296691</LongitudeDegrees></Position><AltitudeMeters>61.6</AltitudeMeters><Extensions><TPX xmlns="http://www.garmin.com/xmlschemas/ActivityExtension/v2"><Speed>1.36</Speed></TPX></Extensions></Trackpoint><Trackpoint><Time>2026-03-20T12:05:05+00:00</Time><DistanceMeters>2887.6</DistanceMeters><Position><LatitudeDegrees>50.853296</LatitudeDegrees><LongitudeDegrees>4.296694</LongitudeDegrees></Position><AltitudeMeters>61.4</AltitudeMeters><Extensions><TPX xmlns="http://www.garmin.com/xmlschemas/ActivityExtension/v2"><Speed>1.36</Speed></TPX></Extensions></Trackpoint><Trackpoint><Time>2026-03-20T12:05:06+00:00</Time><DistanceMeters>2887.6</DistanceMeters><Position><LatitudeDegrees>50.853287</LatitudeDegrees><LongitudeDegrees>4.296706</LongitudeDegrees></Position><AltitudeMeters>61.3</AltitudeMeters><Extensions><TPX xmlns="http://www.garmin.com/xmlschemas/ActivityExtension/v2"><Speed>1.36</Speed></TPX></Extensions></Trackpoint><Trackpoint><Time>2026-03-20T12:05:07+00:00</Time><DistanceMeters>2891.4</DistanceMeters><Position><LatitudeDegrees>50.853278</LatitudeDegrees><LongitudeDegrees>4.296722</LongitudeDegrees></Position><AltitudeMeters>61.1</AltitudeMeters><Extensions><TPX xmlns="http://www.garmin.com/xmlschemas/ActivityExtension/v2"><Speed>1.44</Speed></TPX></Extensions></Trackpoint><Trackpoint><Time>2026-03-20T12:05:08+00:00</Time><DistanceMeters>2892.8</DistanceMeters><Position><LatitudeDegrees>50.853258</LatitudeDegrees><LongitudeDegrees>4.296736</LongitudeDegrees></Position><AltitudeMeters>60.8</AltitudeMeters><Extensions><TPX xmlns="http://www.garmin.com/xmlschemas/ActivityExtension/v2"><Speed>1.727</Speed></TPX></Extensions></Trackpoint><Trackpoint><Time>2026-03-20T12:05:09+00:00</Time><DistanceMeters>2894.3</DistanceMeters><Position><LatitudeDegrees>50.85325</LatitudeDegrees><LongitudeDegrees>4.296737</LongitudeDegrees></Position><AltitudeMeters>60.7</AltitudeMeters><Extensions><TPX xmlns="http://www.garmin.com/xmlschemas/ActivityExtension/v2"><Speed>1.333</Speed></TPX></Extensions></Trackpoint><Trackpoint><Time>2026-03-20T12:05:10+00:00</Time><DistanceMeters>2895.7</DistanceMeters><Position><LatitudeDegrees>50.853241</LatitudeDegrees><LongitudeDegrees>4.296739</LongitudeDegrees></Position><AltitudeMeters>60.6</AltitudeMeters><Extensions><TPX xmlns="http://www.garmin.com/xmlschemas/ActivityExtension/v2"><Speed>1.62</Speed></TPX></Extensions></Trackpoint><Trackpoint><Time>2026-03-20T12:05:11+00:00</Time><DistanceMeters>2895.7</DistanceMeters><Position><LatitudeDegrees>50.853231</LatitudeDegrees><LongitudeDegrees>4.29674</LongitudeDegrees></Position><AltitudeMeters>60.5</AltitudeMeters><Extensions><TPX xmlns="http://www.garmin.com/xmlschemas/ActivityExtension/v2"><Speed>1.62</Speed></TPX></Extensions></Trackpoint><Trackpoint><Time>2026-03-20T12:05:12+00:00</Time><DistanceMeters>2895.7</DistanceMeters><Position><LatitudeDegrees>50.853222</LatitudeDegrees><LongitudeDegrees>4.296744</LongitudeDegrees></Position><AltitudeMeters>60.3</AltitudeMeters><Extensions><TPX xmlns="http://www.garmin.com/xmlschemas/ActivityExtension/v2"><Speed>0.86</Speed></TPX></Extensions></Trackpoint><Trackpoint><Time>2026-03-20T12:05:13+00:00</Time><DistanceMeters>2898.9</DistanceMeters><Position><LatitudeDegrees>50.853213</LatitudeDegrees><LongitudeDegrees>4.296751</LongitudeDegrees></Position><AltitudeMeters>60.2</AltitudeMeters><Extensions><TPX xmlns="http://www.garmin.com/xmlschemas/ActivityExtension/v2"><Speed>1.213</Speed></TPX></Extensions></Trackpoint><Trackpoint><Time>2026-03-20T12:05:14+00:00</Time><DistanceMeters>2898.9</DistanceMeters><Position><LatitudeDegrees>50.853203</LatitudeDegrees><LongitudeDegrees>4.296759</LongitudeDegrees></Position><AltitudeMeters>60.1</AltitudeMeters><Extensions><TPX xmlns="http://www.garmin.com/xmlschemas/ActivityExtension/v2"><Speed>0.927</Speed></TPX></Extensions></Trackpoint><Trackpoint><Time>2026-03-20T12:05:15+00:00</Time><DistanceMeters>2902.1</DistanceMeters><Position><LatitudeDegrees>50.853185</LatitudeDegrees><LongitudeDegrees>4.296766</LongitudeDegrees></Position><AltitudeMeters>59.8</AltitudeMeters><Extensions><TPX xmlns="http://www.garmin.com/xmlschemas/ActivityExtension/v2"><Speed>1.28</Speed></TPX></Extensions></Trackpoint><Trackpoint><Time>2026-03-20T12:05:16+00:00</Time><DistanceMeters>2903.2</DistanceMeters><Position><LatitudeDegrees>50.853172</LatitudeDegrees><LongitudeDegrees>4.296771</LongitudeDegrees></Position><AltitudeMeters>59.7</AltitudeMeters><Extensions><TPX xmlns="http://www.garmin.com/xmlschemas/ActivityExtension/v2"><Speed>1.495</Speed></TPX></Extensions></Trackpoint><Trackpoint><Time>2026-03-20T12:05:17+00:00</Time><DistanceMeters>2904.3</DistanceMeters><Position><LatitudeDegrees>50.853165</LatitudeDegrees><LongitudeDegrees>4.296776</LongitudeDegrees></Position><AltitudeMeters>59.6</AltitudeMeters><Extensions><TPX xmlns="http://www.garmin.com/xmlschemas/ActivityExtension/v2"><Speed>1.71</Speed></TPX></Extensions></Trackpoint><Trackpoint><Time>2026-03-20T12:05:18+00:00</Time><DistanceMeters>2905.3</DistanceMeters><Position><LatitudeDegrees>50.853157</LatitudeDegrees><LongitudeDegrees>4.29678</LongitudeDegrees></Position><AltitudeMeters>59.4</AltitudeMeters><Extensions><TPX xmlns="http://www.garmin.com/xmlschemas/ActivityExtension/v2"><Speed>1.285</Speed></TPX></Extensions></Trackpoint><Trackpoint><Time>2026-03-20T12:05:19+00:00</Time><DistanceMeters>2906.4</DistanceMeters><Position><LatitudeDegrees>50.853149</LatitudeDegrees><LongitudeDegrees>4.296785</LongitudeDegrees></Position><AltitudeMeters>59.3</AltitudeMeters><Extensions><TPX xmlns="http://www.garmin.com/xmlschemas/ActivityExtension/v2"><Speed>1.5</Speed></TPX></Extensions></Trackpoint><Trackpoint><Time>2026-03-20T12:05:20+00:00</Time><DistanceMeters>2906.4</DistanceMeters><Position><LatitudeDegrees>50.853136</LatitudeDegrees><LongitudeDegrees>4.296793</LongitudeDegrees></Position><AltitudeMeters>59.1</AltitudeMeters><Extensions><TPX xmlns="http://www.garmin.com/xmlschemas/ActivityExtension/v2"><Speed>0.86</Speed></TPX></Extensions></Trackpoint><Trackpoint><Time>2026-03-20T12:05:21+00:00</Time><DistanceMeters>2909.9</DistanceMeters><Position><LatitudeDegrees>50.853121</LatitudeDegrees><LongitudeDegrees>4.296807</LongitudeDegrees></Position><AltitudeMeters>58.9</AltitudeMeters><Extensions><TPX xmlns="http://www.garmin.com/xmlschemas/ActivityExtension/v2"><Speed>1.345</Speed></TPX></Extensions></Trackpoint><Trackpoint><Time>2026-03-20T12:05:22+00:00</Time><DistanceMeters>2909.9</DistanceMeters><Position><LatitudeDegrees>50.853113</LatitudeDegrees><LongitudeDegrees>4.296821</LongitudeDegrees></Position><AltitudeMeters>58.8</AltitudeMeters><Extensions><TPX xmlns="http://www.garmin.com/xmlschemas/ActivityExtension/v2"><Speed>1.13</Speed></TPX></Extensions></Trackpoint><Trackpoint><Time>2026-03-20T12:05:23+00:00</Time><DistanceMeters>2909.9</DistanceMeters><Position><LatitudeDegrees>50.853103</LatitudeDegrees><LongitudeDegrees>4.296834</LongitudeDegrees></Position><AltitudeMeters>58.6</AltitudeMeters><Extensions><TPX xmlns="http://www.garmin.com/xmlschemas/ActivityExtension/v2"><Speed>0.915</Speed></TPX></Extensions></Trackpoint><Trackpoint><Time>2026-03-20T12:05:24+00:00</Time><DistanceMeters>2913.8</DistanceMeters><Position><LatitudeDegrees>50.853095</LatitudeDegrees><LongitudeDegrees>4.296846</LongitudeDegrees></Position><AltitudeMeters>58.4</AltitudeMeters><Extensions><TPX xmlns="http://www.garmin.com/xmlschemas/ActivityExtension/v2"><Speed>1.48</Speed></TPX></Extensions></Trackpoint><Trackpoint><Time>2026-03-20T12:05:25+00:00</Time><DistanceMeters>2915.2</DistanceMeters><Position><LatitudeDegrees>50.853081</LatitudeDegrees><LongitudeDegrees>4.29687</LongitudeDegrees></Position><AltitudeMeters>58.2</AltitudeMeters><Extensions><TPX xmlns="http://www.garmin.com/xmlschemas/ActivityExtension/v2"><Speed>1.767</Speed></TPX></Extensions></Trackpoint><Trackpoint><Time>2026-03-20T12:05:26+00:00</Time><DistanceMeters>2916.7</DistanceMeters><Position><LatitudeDegrees>50.853074</LatitudeDegrees><LongitudeDegrees>4.296879</LongitudeDegrees></Position><AltitudeMeters>58.1</AltitudeMeters><Extensions><TPX xmlns="http://www.garmin.com/xmlschemas/ActivityExtension/v2"><Speed>1.353</Speed></TPX></Extensions></Trackpoint><Trackpoint><Time>2026-03-20T12:05:27+00:00</Time><DistanceMeters>2918.1</DistanceMeters><Position><LatitudeDegrees>50.853068</LatitudeDegrees><LongitudeDegrees>4.296889</LongitudeDegrees></Position><AltitudeMeters>57.9</AltitudeMeters><Extensions><TPX xmlns="http://www.garmin.com/xmlschemas/ActivityExtension/v2"><Speed>1.64</Speed></TPX></Extensions></Trackpoint><Trackpoint><Time>2026-03-20T12:05:28+00:00</Time><DistanceMeters>2919.8</DistanceMeters><Position><LatitudeDegrees>50.853047</LatitudeDegrees><LongitudeDegrees>4.29691</LongitudeDegrees></Position><AltitudeMeters>57.6</AltitudeMeters><Extensions><TPX xmlns="http://www.garmin.com/xmlschemas/ActivityExtension/v2"><Speed>1.987</Speed></TPX></Extensions></Trackpoint><Trackpoint><Time>2026-03-20T12:05:29+00:00</Time><DistanceMeters>2921.6</DistanceMeters><Position><LatitudeDegrees>50.853038</LatitudeDegrees><LongitudeDegrees>4.296918</LongitudeDegrees></Position><AltitudeMeters>57.5</AltitudeMeters><Extensions><TPX xmlns="http://www.garmin.com/xmlschemas/ActivityExtension/v2"><Speed>1.553</Speed></TPX></Extensions></Trackpoint><Trackpoint><Time>2026-03-20T12:05:30+00:00</Time><DistanceMeters>2923.3</DistanceMeters><Position><LatitudeDegrees>50.853028</LatitudeDegrees><LongitudeDegrees>4.296926</LongitudeDegrees></Position><AltitudeMeters>57.3</AltitudeMeters><Extensions><TPX xmlns="http://www.garmin.com/xmlschemas/ActivityExtension/v2"><Speed>1.613</Speed></TPX></Extensions></Trackpoint><Trackpoint><Time>2026-03-20T12:05:31+00:00</Time><DistanceMeters>2923.3</DistanceMeters><Position><LatitudeDegrees>50.853021</LatitudeDegrees><LongitudeDegrees>4.296932</LongitudeDegrees></Position><AltitudeMeters>57.2</AltitudeMeters><Extensions><TPX xmlns="http://www.garmin.com/xmlschemas/ActivityExtension/v2"><Speed>1.327</Speed></TPX></Extensions></Trackpoint><Trackpoint><Time>2026-03-20T12:05:32+00:00</Time><DistanceMeters>2923.3</DistanceMeters><Position><LatitudeDegrees>50.853011</LatitudeDegrees><LongitudeDegrees>4.296938</LongitudeDegrees></Position><AltitudeMeters>57.0</AltitudeMeters><Extensions><TPX xmlns="http://www.garmin.com/xmlschemas/ActivityExtension/v2"><Speed>1.04</Speed></TPX></Extensions></Trackpoint><Trackpoint><Time>2026-03-20T12:05:33+00:00</Time><DistanceMeters>2926.7</DistanceMeters><Position><LatitudeDegrees>50.852999</LatitudeDegrees><LongitudeDegrees>4.296941</LongitudeDegrees></Position><AltitudeMeters>56.8</AltitudeMeters><Extensions><TPX xmlns="http://www.garmin.com/xmlschemas/ActivityExtension/v2"><Speed>1.373</Speed></TPX></Extensions></Trackpoint><Trackpoint><Time>2026-03-20T12:05:34+00:00</Time><DistanceMeters>2926.7</DistanceMeters><Position><LatitudeDegrees>50.852985</LatitudeDegrees><LongitudeDegrees>4.296942</LongitudeDegrees></Position><AltitudeMeters>56.6</AltitudeMeters><Extensions><TPX xmlns="http://www.garmin.com/xmlschemas/ActivityExtension/v2"><Speed>1.027</Speed></TPX></Extensions></Trackpoint><Trackpoint><Time>2026-03-20T12:05:35+00:00</Time><DistanceMeters>2930.0</DistanceMeters><Position><LatitudeDegrees>50.852969</LatitudeDegrees><LongitudeDegrees>4.296944</LongitudeDegrees></Position><AltitudeMeters>56.3</AltitudeMeters><Extensions><TPX xmlns="http://www.garmin.com/xmlschemas/ActivityExtension/v2"><Speed>1.34</Speed></TPX></Extensions></Trackpoint><Trackpoint><Time>2026-03-20T12:05:36+00:00</Time><DistanceMeters>2930.0</DistanceMeters><Position><LatitudeDegrees>50.852956</LatitudeDegrees><LongitudeDegrees>4.296939</LongitudeDegrees></Position><AltitudeMeters>56.1</AltitudeMeters><Extensions><TPX xmlns="http://www.garmin.com/xmlschemas/ActivityExtension/v2"><Speed>1.34</Speed></TPX></Extensions></Trackpoint><Trackpoint><Time>2026-03-20T12:05:37+00:00</Time><DistanceMeters>2933.1</DistanceMeters><Position><LatitudeDegrees>50.852943</LatitudeDegrees><LongitudeDegrees>4.296927</LongitudeDegrees></Position><AltitudeMeters>55.9</AltitudeMeters><Extensions><TPX xmlns="http://www.garmin.com/xmlschemas/ActivityExtension/v2"><Speed>1.96</Speed></TPX></Extensions></Trackpoint><Trackpoint><Time>2026-03-20T12:05:38+00:00</Time><DistanceMeters>2933.1</DistanceMeters><Position><LatitudeDegrees>50.852924</LatitudeDegrees><LongitudeDegrees>4.296904</LongitudeDegrees></Position><AltitudeMeters>55.5</AltitudeMeters><Extensions><TPX xmlns="http://www.garmin.com/xmlschemas/ActivityExtension/v2"><Speed>1.28</Speed></TPX></Extensions></Trackpoint><Trackpoint><Time>2026-03-20T12:05:39+00:00</Time><DistanceMeters>2936.9</DistanceMeters><Position><LatitudeDegrees>50.852918</LatitudeDegrees><LongitudeDegrees>4.296892</LongitudeDegrees></Position><AltitudeMeters>55.4</AltitudeMeters><Extensions><TPX xmlns="http://www.garmin.com/xmlschemas/ActivityExtension/v2"><Speed>2.04</Speed></TPX></Extensions></Trackpoint><Trackpoint><Time>2026-03-20T12:05:40+00:00</Time><DistanceMeters>2936.9</DistanceMeters><Position><LatitudeDegrees>50.852906</LatitudeDegrees><LongitudeDegrees>4.296875</LongitudeDegrees></Position><AltitudeMeters>55.2</AltitudeMeters><Extensions><TPX xmlns="http://www.garmin.com/xmlschemas/ActivityExtension/v2"><Speed>1.38</Speed></TPX></Extensions></Trackpoint><Trackpoint><Time>2026-03-20T12:05:41+00:00</Time><DistanceMeters>2940.2</DistanceMeters><Position><LatitudeDegrees>50.852895</LatitudeDegrees><LongitudeDegrees>4.29686</LongitudeDegrees></Position><AltitudeMeters>54.9</AltitudeMeters><Extensions><TPX xmlns="http://www.garmin.com/xmlschemas/ActivityExtension/v2"><Speed>2.04</Speed></TPX></Extensions></Trackpoint><Trackpoint><Time>2026-03-20T12:05:42+00:00</Time><DistanceMeters>2940.2</DistanceMeters><Position><LatitudeDegrees>50.852879</LatitudeDegrees><LongitudeDegrees>4.29684</LongitudeDegrees></Position><AltitudeMeters>54.7</AltitudeMeters><Extensions><TPX xmlns="http://www.garmin.com/xmlschemas/ActivityExtension/v2"><Speed>1.42</Speed></TPX></Extensions></Trackpoint><Trackpoint><Time>2026-03-20T12:05:43+00:00</Time><DistanceMeters>2943.3</DistanceMeters><Position><LatitudeDegrees>50.852874</LatitudeDegrees><LongitudeDegrees>4.296831</LongitudeDegrees></Position><AltitudeMeters>54.5</AltitudeMeters><Extensions><TPX xmlns="http://www.garmin.com/xmlschemas/ActivityExtension/v2"><Speed>2.04</Speed></TPX></Extensions></Trackpoint><Trackpoint><Time>2026-03-20T12:05:44+00:00</Time><DistanceMeters>2944.7</DistanceMeters><Position><LatitudeDegrees>50.852865</LatitudeDegrees><LongitudeDegrees>4.2968</LongitudeDegrees></Position><AltitudeMeters>54.2</AltitudeMeters><Extensions><TPX xmlns="http://www.garmin.com/xmlschemas/ActivityExtension/v2"><Speed>1.553</Speed></TPX></Extensions></Trackpoint><Trackpoint><Time>2026-03-20T12:05:45+00:00</Time><DistanceMeters>2946.0</DistanceMeters><Position><LatitudeDegrees>50.852859</LatitudeDegrees><LongitudeDegrees>4.296791</LongitudeDegrees></Position><AltitudeMeters>54.1</AltitudeMeters><Extensions><TPX xmlns="http://www.garmin.com/xmlschemas/ActivityExtension/v2"><Speed>1.827</Speed></TPX></Extensions></Trackpoint><Trackpoint><Time>2026-03-20T12:05:46+00:00</Time><DistanceMeters>2947.4</DistanceMeters><Position><LatitudeDegrees>50.852853</LatitudeDegrees><LongitudeDegrees>4.296782</LongitudeDegrees></Position><AltitudeMeters>54.0</AltitudeMeters><Extensions><TPX xmlns="http://www.garmin.com/xmlschemas/ActivityExtension/v2"><Speed>1.44</Speed></TPX></Extensions></Trackpoint><Trackpoint><Time>2026-03-20T12:05:47+00:00</Time><DistanceMeters>2947.4</DistanceMeters><Position><LatitudeDegrees>50.852839</LatitudeDegrees><LongitudeDegrees>4.296773</LongitudeDegrees></Position><AltitudeMeters>53.8</AltitudeMeters><Extensions><TPX xmlns="http://www.garmin.com/xmlschemas/ActivityExtension/v2"><Speed>1.44</Speed></TPX></Extensions></Trackpoint><Trackpoint><Time>2026-03-20T12:05:48+00:00</Time><DistanceMeters>2950.8</DistanceMeters><Position><LatitudeDegrees>50.852826</LatitudeDegrees><LongitudeDegrees>4.296764</LongitudeDegrees></Position><AltitudeMeters>53.6</AltitudeMeters><Extensions><TPX xmlns="http://www.garmin.com/xmlschemas/ActivityExtension/v2"><Speed>1.5</Speed></TPX></Extensions></Trackpoint><Trackpoint><Time>2026-03-20T12:05:49+00:00</Time><DistanceMeters>2950.8</DistanceMeters><Position><LatitudeDegrees>50.852813</LatitudeDegrees><LongitudeDegrees>4.296755</LongitudeDegrees></Position><AltitudeMeters>53.5</AltitudeMeters><Extensions><TPX xmlns="http://www.garmin.com/xmlschemas/ActivityExtension/v2"><Speed>1.227</Speed></TPX></Extensions></Trackpoint><Trackpoint><Time>2026-03-20T12:05:50+00:00</Time><DistanceMeters>2953.9</DistanceMeters><Position><LatitudeDegrees>50.852798</LatitudeDegrees><LongitudeDegrees>4.296752</LongitudeDegrees></Position><AltitudeMeters>53.3</AltitudeMeters><Extensions><TPX xmlns="http://www.garmin.com/xmlschemas/ActivityExtension/v2"><Speed>1.573</Speed></TPX></Extensions></Trackpoint><Trackpoint><Time>2026-03-20T12:05:51+00:00</Time><DistanceMeters>2953.9</DistanceMeters><Position><LatitudeDegrees>50.852781</LatitudeDegrees><LongitudeDegrees>4.296746</LongitudeDegrees></Position><AltitudeMeters>53.1</AltitudeMeters><Extensions><TPX xmlns="http://www.garmin.com/xmlschemas/ActivityExtension/v2"><Speed>1.3</Speed></TPX></Extensions></Trackpoint><Trackpoint><Time>2026-03-20T12:05:52+00:00</Time><DistanceMeters>2957.3</DistanceMeters><Position><LatitudeDegrees>50.852769</LatitudeDegrees><LongitudeDegrees>4.29674</LongitudeDegrees></Position><AltitudeMeters>52.9</AltitudeMeters><Extensions><TPX xmlns="http://www.garmin.com/xmlschemas/ActivityExtension/v2"><Speed>1.98</Speed></TPX></Extensions></Trackpoint><Trackpoint><Time>2026-03-20T12:05:53+00:00</Time><DistanceMeters>2957.3</DistanceMeters><Position><LatitudeDegrees>50.852757</LatitudeDegrees><LongitudeDegrees>4.296731</LongitudeDegrees></Position><AltitudeMeters>52.7</AltitudeMeters><Extensions><TPX xmlns="http://www.garmin.com/xmlschemas/ActivityExtension/v2"><Speed>1.3</Speed></TPX></Extensions></Trackpoint><Trackpoint><Time>2026-03-20T12:05:54+00:00</Time><DistanceMeters>2960.4</DistanceMeters><Position><LatitudeDegrees>50.852744</LatitudeDegrees><LongitudeDegrees>4.296721</LongitudeDegrees></Position><AltitudeMeters>52.6</AltitudeMeters><Extensions><TPX xmlns="http://www.garmin.com/xmlschemas/ActivityExtension/v2"><Speed>1.92</Speed></TPX></Extensions></Trackpoint><Trackpoint><Time>2026-03-20T12:05:55+00:00</Time><DistanceMeters>2960.4</DistanceMeters><Position><LatitudeDegrees>50.852733</LatitudeDegrees><LongitudeDegrees>4.296709</LongitudeDegrees></Position><AltitudeMeters>52.4</AltitudeMeters><Extensions><TPX xmlns="http://www.garmin.com/xmlschemas/ActivityExtension/v2"><Speed>1.3</Speed></TPX></Extensions></Trackpoint><Trackpoint><Time>2026-03-20T12:05:56+00:00</Time><DistanceMeters>2963.6</DistanceMeters><Position><LatitudeDegrees>50.852722</LatitudeDegrees><LongitudeDegrees>4.296692</LongitudeDegrees></Position><AltitudeMeters>52.3</AltitudeMeters><Extensions><TPX xmlns="http://www.garmin.com/xmlschemas/ActivityExtension/v2"><Speed>1.94</Speed></TPX></Extensions></Trackpoint><Trackpoint><Time>2026-03-20T12:05:57+00:00</Time><DistanceMeters>2963.6</DistanceMeters><Position><LatitudeDegrees>50.852706</LatitudeDegrees><LongitudeDegrees>4.296671</LongitudeDegrees></Position><AltitudeMeters>52.0</AltitudeMeters><Extensions><TPX xmlns="http://www.garmin.com/xmlschemas/ActivityExtension/v2"><Speed>1.26</Speed></TPX></Extensions></Trackpoint><Trackpoint><Time>2026-03-20T12:05:58+00:00</Time><DistanceMeters>2966.8</DistanceMeters><Position><LatitudeDegrees>50.852701</LatitudeDegrees><LongitudeDegrees>4.296659</LongitudeDegrees></Position><AltitudeMeters>51.9</AltitudeMeters><Extensions><TPX xmlns="http://www.garmin.com/xmlschemas/ActivityExtension/v2"><Speed>1.9</Speed></TPX></Extensions></Trackpoint><Trackpoint><Time>2026-03-20T12:05:59+00:00</Time><DistanceMeters>2966.8</DistanceMeters><Position><LatitudeDegrees>50.852693</LatitudeDegrees><LongitudeDegrees>4.296642</LongitudeDegrees></Position><AltitudeMeters>51.8</AltitudeMeters><Extensions><TPX xmlns="http://www.garmin.com/xmlschemas/ActivityExtension/v2"><Speed>1.28</Speed></TPX></Extensions></Trackpoint><Trackpoint><Time>2026-03-20T12:06:00+00:00</Time><DistanceMeters>2969.9</DistanceMeters><Position><LatitudeDegrees>50.852684</LatitudeDegrees><LongitudeDegrees>4.296624</LongitudeDegrees></Position><AltitudeMeters>51.6</AltitudeMeters><Extensions><TPX xmlns="http://www.garmin.com/xmlschemas/ActivityExtension/v2"><Speed>1.9</Speed></TPX></Extensions></Trackpoint><Trackpoint><Time>2026-03-20T12:06:01+00:00</Time><DistanceMeters>2969.9</DistanceMeters><Position><LatitudeDegrees>50.852679</LatitudeDegrees><LongitudeDegrees>4.296603</LongitudeDegrees></Position><AltitudeMeters>51.5</AltitudeMeters><Extensions><TPX xmlns="http://www.garmin.com/xmlschemas/ActivityExtension/v2"><Speed>1.26</Speed></TPX></Extensions></Trackpoint><Trackpoint><Time>2026-03-20T12:06:02+00:00</Time><DistanceMeters>2973.0</DistanceMeters><Position><LatitudeDegrees>50.852676</LatitudeDegrees><LongitudeDegrees>4.296582</LongitudeDegrees></Position><AltitudeMeters>51.3</AltitudeMeters><Extensions><TPX xmlns="http://www.garmin.com/xmlschemas/ActivityExtension/v2"><Speed>1.88</Speed></TPX></Extensions></Trackpoint><Trackpoint><Time>2026-03-20T12:06:03+00:00</Time><DistanceMeters>2973.0</DistanceMeters><Position><LatitudeDegrees>50.852667</LatitudeDegrees><LongitudeDegrees>4.296561</LongitudeDegrees></Position><AltitudeMeters>51.2</AltitudeMeters><Extensions><TPX xmlns="http://www.garmin.com/xmlschemas/ActivityExtension/v2"><Speed>1.24</Speed></TPX></Extensions></Trackpoint><Trackpoint><Time>2026-03-20T12:06:04+00:00</Time><DistanceMeters>2976.3</DistanceMeters><Position><LatitudeDegrees>50.852657</LatitudeDegrees><LongitudeDegrees>4.296546</LongitudeDegrees></Position><AltitudeMeters>51.0</AltitudeMeters><Extensions><TPX xmlns="http://www.garmin.com/xmlschemas/ActivityExtension/v2"><Speed>1.9</Speed></TPX></Extensions></Trackpoint><Trackpoint><Time>2026-03-20T12:06:05+00:00</Time><DistanceMeters>2976.3</DistanceMeters><Position><LatitudeDegrees>50.852648</LatitudeDegrees><LongitudeDegrees>4.296531</LongitudeDegrees></Position><AltitudeMeters>50.9</AltitudeMeters><Extensions><TPX xmlns="http://www.garmin.com/xmlschemas/ActivityExtension/v2"><Speed>1.28</Speed></TPX></Extensions></Trackpoint><Trackpoint><Time>2026-03-20T12:06:06+00:00</Time><DistanceMeters>2979.3</DistanceMeters><Position><LatitudeDegrees>50.852638</LatitudeDegrees><LongitudeDegrees>4.296517</LongitudeDegrees></Position><AltitudeMeters>50.8</AltitudeMeters><Extensions><TPX xmlns="http://www.garmin.com/xmlschemas/ActivityExtension/v2"><Speed>1.88</Speed></TPX></Extensions></Trackpoint><Trackpoint><Time>2026-03-20T12:06:07+00:00</Time><DistanceMeters>2979.3</DistanceMeters><Position><LatitudeDegrees>50.852629</LatitudeDegrees><LongitudeDegrees>4.296508</LongitudeDegrees></Position><AltitudeMeters>50.7</AltitudeMeters><Extensions><TPX xmlns="http://www.garmin.com/xmlschemas/ActivityExtension/v2"><Speed>1.26</Speed></TPX></Extensions></Trackpoint><Trackpoint><Time>2026-03-20T12:06:08+00:00</Time><DistanceMeters>2979.3</DistanceMeters><Position><LatitudeDegrees>50.852622</LatitudeDegrees><LongitudeDegrees>4.296498</LongitudeDegrees></Position><AltitudeMeters>50.6</AltitudeMeters><Extensions><TPX xmlns="http://www.garmin.com/xmlschemas/ActivityExtension/v2"><Speed>1.26</Speed></TPX></Extensions></Trackpoint><Trackpoint><Time>2026-03-20T12:06:09+00:00</Time><DistanceMeters>2982.8</DistanceMeters><Position><LatitudeDegrees>50.852612</LatitudeDegrees><LongitudeDegrees>4.296488</LongitudeDegrees></Position><AltitudeMeters>50.4</AltitudeMeters><Extensions><TPX xmlns="http://www.garmin.com/xmlschemas/ActivityExtension/v2"><Speed>1.3</Speed></TPX></Extensions></Trackpoint><Trackpoint><Time>2026-03-20T12:06:11+00:00</Time><DistanceMeters>2982.8</DistanceMeters><Position><LatitudeDegrees>50.852589</LatitudeDegrees><LongitudeDegrees>4.296473</LongitudeDegrees></Position><AltitudeMeters>50.2</AltitudeMeters><Extensions><TPX xmlns="http://www.garmin.com/xmlschemas/ActivityExtension/v2"><Speed>0.7</Speed></TPX></Extensions></Trackpoint><Trackpoint><Time>2026-03-20T12:06:12+00:00</Time><DistanceMeters>2986.8</DistanceMeters><Position><LatitudeDegrees>50.852577</LatitudeDegrees><LongitudeDegrees>4.296473</LongitudeDegrees></Position><AltitudeMeters>50.1</AltitudeMeters><Extensions><TPX xmlns="http://www.garmin.com/xmlschemas/ActivityExtension/v2"><Speed>1.5</Speed></TPX></Extensions></Trackpoint><Trackpoint><Time>2026-03-20T12:06:13+00:00</Time><DistanceMeters>2988.2</DistanceMeters><Position><LatitudeDegrees>50.852556</LatitudeDegrees><LongitudeDegrees>4.296469</LongitudeDegrees></Position><AltitudeMeters>49.9</AltitudeMeters><Extensions><TPX xmlns="http://www.garmin.com/xmlschemas/ActivityExtension/v2"><Speed>1.787</Speed></TPX></Extensions></Trackpoint><Trackpoint><Time>2026-03-20T12:06:14+00:00</Time><DistanceMeters>2989.7</DistanceMeters><Position><LatitudeDegrees>50.852548</LatitudeDegrees><LongitudeDegrees>4.296465</LongitudeDegrees></Position><AltitudeMeters>49.8</AltitudeMeters><Extensions><TPX xmlns="http://www.garmin.com/xmlschemas/ActivityExtension/v2"><Speed>1.373</Speed></TPX></Extensions></Trackpoint><Trackpoint><Time>2026-03-20T12:06:15+00:00</Time><DistanceMeters>2991.1</DistanceMeters><Position><LatitudeDegrees>50.852539</LatitudeDegrees><LongitudeDegrees>4.296462</LongitudeDegrees></Position><AltitudeMeters>49.7</AltitudeMeters><Extensions><TPX xmlns="http://www.garmin.com/xmlschemas/ActivityExtension/v2"><Speed>1.383</Speed></TPX></Extensions></Trackpoint><Trackpoint><Time>2026-03-20T12:06:16+00:00</Time><DistanceMeters>2991.1</DistanceMeters><Position><LatitudeDegrees>50.852529</LatitudeDegrees><LongitudeDegrees>4.296465</LongitudeDegrees></Position><AltitudeMeters>49.6</AltitudeMeters><Extensions><TPX xmlns="http://www.garmin.com/xmlschemas/ActivityExtension/v2"><Speed>1.66</Speed></TPX></Extensions></Trackpoint><Trackpoint><Time>2026-03-20T12:06:17+00:00</Time><DistanceMeters>2991.1</DistanceMeters><Position><LatitudeDegrees>50.852517</LatitudeDegrees><LongitudeDegrees>4.296471</LongitudeDegrees></Position><AltitudeMeters>49.5</AltitudeMeters><Extensions><TPX xmlns="http://www.garmin.com/xmlschemas/ActivityExtension/v2"><Speed>0.86</Speed></TPX></Extensions></Trackpoint><Trackpoint><Time>2026-03-20T12:06:18+00:00</Time><DistanceMeters>2995.1</DistanceMeters><Position><LatitudeDegrees>50.852504</LatitudeDegrees><LongitudeDegrees>4.296478</LongitudeDegrees></Position><AltitudeMeters>49.4</AltitudeMeters><Extensions><TPX xmlns="http://www.garmin.com/xmlschemas/ActivityExtension/v2"><Speed>1.373</Speed></TPX></Extensions></Trackpoint><Trackpoint><Time>2026-03-20T12:06:19+00:00</Time><DistanceMeters>2995.1</DistanceMeters><Position><LatitudeDegrees>50.852487</LatitudeDegrees><LongitudeDegrees>4.296488</LongitudeDegrees></Position><AltitudeMeters>49.2</AltitudeMeters><Extensions><TPX xmlns="http://www.garmin.com/xmlschemas/ActivityExtension/v2"><Speed>1.087</Speed></TPX></Extensions></Trackpoint><Trackpoint><Time>2026-03-20T12:06:20+00:00</Time><DistanceMeters>2998.3</DistanceMeters><Position><LatitudeDegrees>50.852478</LatitudeDegrees><LongitudeDegrees>4.296493</LongitudeDegrees></Position><AltitudeMeters>49.2</AltitudeMeters><Extensions><TPX xmlns="http://www.garmin.com/xmlschemas/ActivityExtension/v2"><Speed>1.44</Speed></TPX></Extensions></Trackpoint><Trackpoint><Time>2026-03-20T12:06:21+00:00</Time><DistanceMeters>2998.3</DistanceMeters><Position><LatitudeDegrees>50.852466</LatitudeDegrees><LongitudeDegrees>4.296498</LongitudeDegrees></Position><AltitudeMeters>49.1</AltitudeMeters><Extensions><TPX xmlns="http://www.garmin.com/xmlschemas/ActivityExtension/v2"><Speed>1.44</Speed></TPX></Extensions></Trackpoint><Trackpoint><Time>2026-03-20T12:06:22+00:00</Time><DistanceMeters>2998.3</DistanceMeters><Position><LatitudeDegrees>50.852455</LatitudeDegrees><LongitudeDegrees>4.296503</LongitudeDegrees></Position><AltitudeMeters>49.0</AltitudeMeters><Extensions><TPX xmlns="http://www.garmin.com/xmlschemas/ActivityExtension/v2"><Speed>1.44</Speed></TPX></Extensions></Trackpoint><Trackpoint><Time>2026-03-20T12:06:23+00:00</Time><DistanceMeters>3002.1</DistanceMeters><Position><LatitudeDegrees>50.852446</LatitudeDegrees><LongitudeDegrees>4.296514</LongitudeDegrees></Position><AltitudeMeters>48.9</AltitudeMeters><Extensions><TPX xmlns="http://www.garmin.com/xmlschemas/ActivityExtension/v2"><Speed>1.4</Speed></TPX></Extensions></Trackpoint><Trackpoint><Time>2026-03-20T12:06:24+00:00</Time><DistanceMeters>3002.1</DistanceMeters><Position><LatitudeDegrees>50.852439</LatitudeDegrees><LongitudeDegrees>4.296528</LongitudeDegrees></Position><AltitudeMeters>48.9</AltitudeMeters><Extensions><TPX xmlns="http://www.garmin.com/xmlschemas/ActivityExtension/v2"><Speed>1.4</Speed></TPX></Extensions></Trackpoint><Trackpoint><Time>2026-03-20T12:06:25+00:00</Time><DistanceMeters>3005.2</DistanceMeters><Position><LatitudeDegrees>50.852431</LatitudeDegrees><LongitudeDegrees>4.296551</LongitudeDegrees></Position><AltitudeMeters>48.8</AltitudeMeters><Extensions><TPX xmlns="http://www.garmin.com/xmlschemas/ActivityExtension/v2"><Speed>1.38</Speed></TPX></Extensions></Trackpoint><Trackpoint><Time>2026-03-20T12:06:26+00:00</Time><DistanceMeters>3005.2</DistanceMeters><Position><LatitudeDegrees>50.852425</LatitudeDegrees><LongitudeDegrees>4.29656</LongitudeDegrees></Position><AltitudeMeters>48.8</AltitudeMeters><Extensions><TPX xmlns="http://www.garmin.com/xmlschemas/ActivityExtension/v2"><Speed>1.38</Speed></TPX></Extensions></Trackpoint><Trackpoint><Time>2026-03-20T12:06:27+00:00</Time><DistanceMeters>3005.2</DistanceMeters><Position><LatitudeDegrees>50.852422</LatitudeDegrees><LongitudeDegrees>4.296578</LongitudeDegrees></Position><AltitudeMeters>48.7</AltitudeMeters><Extensions><TPX xmlns="http://www.garmin.com/xmlschemas/ActivityExtension/v2"><Speed>1.38</Speed></TPX></Extensions></Trackpoint><Trackpoint><Time>2026-03-20T12:06:28+00:00</Time><DistanceMeters>3008.6</DistanceMeters><Position><LatitudeDegrees>50.852424</LatitudeDegrees><LongitudeDegrees>4.296599</LongitudeDegrees></Position><AltitudeMeters>48.6</AltitudeMeters><Extensions><TPX xmlns="http://www.garmin.com/xmlschemas/ActivityExtension/v2"><Speed>1.3</Speed></TPX></Extensions></Trackpoint><Trackpoint><Time>2026-03-20T12:06:29+00:00</Time><DistanceMeters>3010.0</DistanceMeters><Position><LatitudeDegrees>50.85242</LatitudeDegrees><LongitudeDegrees>4.296632</LongitudeDegrees></Position><AltitudeMeters>48.6</AltitudeMeters><Extensions><TPX xmlns="http://www.garmin.com/xmlschemas/ActivityExtension/v2"><Speed>1.587</Speed></TPX></Extensions></Trackpoint><Trackpoint><Time>2026-03-20T12:06:30+00:00</Time><DistanceMeters>3011.5</DistanceMeters><Position><LatitudeDegrees>50.852418</LatitudeDegrees><LongitudeDegrees>4.296645</LongitudeDegrees></Position><AltitudeMeters>48.5</AltitudeMeters><Extensions><TPX xmlns="http://www.garmin.com/xmlschemas/ActivityExtension/v2"><Speed>1.253</Speed></TPX></Extensions></Trackpoint><Trackpoint><Time>2026-03-20T12:06:31+00:00</Time><DistanceMeters>3012.9</DistanceMeters><Position><LatitudeDegrees>50.852415</LatitudeDegrees><LongitudeDegrees>4.296659</LongitudeDegrees></Position><AltitudeMeters>48.5</AltitudeMeters><Extensions><TPX xmlns="http://www.garmin.com/xmlschemas/ActivityExtension/v2"><Speed>1.54</Speed></TPX></Extensions></Trackpoint><Trackpoint><Time>2026-03-20T12:06:32+00:00</Time><DistanceMeters>3014.3</DistanceMeters><Position><LatitudeDegrees>50.852408</LatitudeDegrees><LongitudeDegrees>4.29669</LongitudeDegrees></Position><AltitudeMeters>48.4</AltitudeMeters><Extensions><TPX xmlns="http://www.garmin.com/xmlschemas/ActivityExtension/v2"><Speed>1.82</Speed></TPX></Extensions></Trackpoint><Trackpoint><Time>2026-03-20T12:06:33+00:00</Time><DistanceMeters>3015.7</DistanceMeters><Position><LatitudeDegrees>50.852403</LatitudeDegrees><LongitudeDegrees>4.296701</LongitudeDegrees></Position><AltitudeMeters>48.4</AltitudeMeters><Extensions><TPX xmlns="http://www.garmin.com/xmlschemas/ActivityExtension/v2"><Speed>1.42</Speed></TPX></Extensions></Trackpoint><Trackpoint><Time>2026-03-20T12:06:34+00:00</Time><DistanceMeters>3017.1</DistanceMeters><Position><LatitudeDegrees>50.852399</LatitudeDegrees><LongitudeDegrees>4.296713</LongitudeDegrees></Position><AltitudeMeters>48.4</AltitudeMeters><Extensions><TPX xmlns="http://www.garmin.com/xmlschemas/ActivityExtension/v2"><Speed>1.413</Speed></TPX></Extensions></Trackpoint><Trackpoint><Time>2026-03-20T12:06:35+00:00</Time><DistanceMeters>3017.9</DistanceMeters><Position><LatitudeDegrees>50.852405</LatitudeDegrees><LongitudeDegrees>4.296728</LongitudeDegrees></Position><AltitudeMeters>48.4</AltitudeMeters><Extensions><TPX xmlns="http://www.garmin.com/xmlschemas/ActivityExtension/v2"><Speed>1.291</Speed></TPX></Extensions></Trackpoint><Trackpoint><Time>2026-03-20T12:06:36+00:00</Time><DistanceMeters>3018.7</DistanceMeters><Position><LatitudeDegrees>50.852413</LatitudeDegrees><LongitudeDegrees>4.296725</LongitudeDegrees></Position><AltitudeMeters>48.4</AltitudeMeters><Extensions><TPX xmlns="http://www.garmin.com/xmlschemas/ActivityExtension/v2"><Speed>1.168</Speed></TPX></Extensions></Trackpoint><Trackpoint><Time>2026-03-20T12:06:37+00:00</Time><DistanceMeters>3019.6</DistanceMeters><Position><LatitudeDegrees>50.85242</LatitudeDegrees><LongitudeDegrees>4.296721</LongitudeDegrees></Position><AltitudeMeters>48.4</AltitudeMeters><Extensions><TPX xmlns="http://www.garmin.com/xmlschemas/ActivityExtension/v2"><Speed>1.052</Speed></TPX></Extensions></Trackpoint><Trackpoint><Time>2026-03-20T12:06:38+00:00</Time><DistanceMeters>3020.4</DistanceMeters><Position><LatitudeDegrees>50.852428</LatitudeDegrees><LongitudeDegrees>4.296718</LongitudeDegrees></Position><AltitudeMeters>48.4</AltitudeMeters><Extensions><TPX xmlns="http://www.garmin.com/xmlschemas/ActivityExtension/v2"><Speed>0.936</Speed></TPX></Extensions></Trackpoint><Trackpoint><Time>2026-03-20T12:06:39+00:00</Time><DistanceMeters>3021.2</DistanceMeters><Position><LatitudeDegrees>50.852436</LatitudeDegrees><LongitudeDegrees>4.296714</LongitudeDegrees></Position><AltitudeMeters>48.5</AltitudeMeters><Extensions><TPX xmlns="http://www.garmin.com/xmlschemas/ActivityExtension/v2"><Speed>0.82</Speed></TPX></Extensions></Trackpoint><Trackpoint><Time>2026-03-20T12:06:40+00:00</Time><DistanceMeters>3022.9</DistanceMeters><Position><LatitudeDegrees>50.852439</LatitudeDegrees><LongitudeDegrees>4.296683</LongitudeDegrees></Position><AltitudeMeters>48.5</AltitudeMeters><Extensions><TPX xmlns="http://www.garmin.com/xmlschemas/ActivityExtension/v2"><Speed>0.989</Speed></TPX></Extensions></Trackpoint><Trackpoint><Time>2026-03-20T12:06:41+00:00</Time><DistanceMeters>3024.5</DistanceMeters><Position><LatitudeDegrees>50.852441</LatitudeDegrees><LongitudeDegrees>4.296663</LongitudeDegrees></Position><AltitudeMeters>48.6</AltitudeMeters><Extensions><TPX xmlns="http://www.garmin.com/xmlschemas/ActivityExtension/v2"><Speed>1.159</Speed></TPX></Extensions></Trackpoint><Trackpoint><Time>2026-03-20T12:06:42+00:00</Time><DistanceMeters>3026.2</DistanceMeters><Position><LatitudeDegrees>50.852442</LatitudeDegrees><LongitudeDegrees>4.296643</LongitudeDegrees></Position><AltitudeMeters>48.6</AltitudeMeters><Extensions><TPX xmlns="http://www.garmin.com/xmlschemas/ActivityExtension/v2"><Speed>1.328</Speed></TPX></Extensions></Trackpoint><Trackpoint><Time>2026-03-20T12:06:43+00:00</Time><DistanceMeters>3029.4</DistanceMeters><Position><LatitudeDegrees>50.852452</LatitudeDegrees><LongitudeDegrees>4.296584</LongitudeDegrees></Position><AltitudeMeters>48.8</AltitudeMeters><Extensions><TPX xmlns="http://www.garmin.com/xmlschemas/ActivityExtension/v2"><Speed>1.794</Speed></TPX></Extensions></Trackpoint><Trackpoint><Time>2026-03-20T12:06:44+00:00</Time><DistanceMeters>3032.5</DistanceMeters><Position><LatitudeDegrees>50.852459</LatitudeDegrees><LongitudeDegrees>4.296558</LongitudeDegrees></Position><AltitudeMeters>48.9</AltitudeMeters><Extensions><TPX xmlns="http://www.garmin.com/xmlschemas/ActivityExtension/v2"><Speed>2.26</Speed></TPX></Extensions></Trackpoint><Trackpoint><Time>2026-03-20T12:06:45+00:00</Time><DistanceMeters>3035.5</DistanceMeters><Position><LatitudeDegrees>50.852479</LatitudeDegrees><LongitudeDegrees>4.296528</LongitudeDegrees></Position><AltitudeMeters>49.0</AltitudeMeters><Extensions><TPX xmlns="http://www.garmin.com/xmlschemas/ActivityExtension/v2"><Speed>2.527</Speed></TPX></Extensions></Trackpoint><Trackpoint><Time>2026-03-20T12:06:46+00:00</Time><DistanceMeters>3039.6</DistanceMeters><Position><LatitudeDegrees>50.852509</LatitudeDegrees><LongitudeDegrees>4.296494</LongitudeDegrees></Position><AltitudeMeters>49.3</AltitudeMeters><Extensions><TPX xmlns="http://www.garmin.com/xmlschemas/ActivityExtension/v2"><Speed>3.013</Speed></TPX></Extensions></Trackpoint><Trackpoint><Time>2026-03-20T12:06:47+00:00</Time><DistanceMeters>3043.4</DistanceMeters><Position><LatitudeDegrees>50.85254</LatitudeDegrees><LongitudeDegrees>4.296472</LongitudeDegrees></Position><AltitudeMeters>49.5</AltitudeMeters><Extensions><TPX xmlns="http://www.garmin.com/xmlschemas/ActivityExtension/v2"><Speed>3.44</Speed></TPX></Extensions></Trackpoint><Trackpoint><Time>2026-03-20T12:06:48+00:00</Time><DistanceMeters>3046.9</DistanceMeters><Position><LatitudeDegrees>50.85257</LatitudeDegrees><LongitudeDegrees>4.296459</LongitudeDegrees></Position><AltitudeMeters>49.8</AltitudeMeters><Extensions><TPX xmlns="http://www.garmin.com/xmlschemas/ActivityExtension/v2"><Speed>3.51</Speed></TPX></Extensions></Trackpoint><Trackpoint><Time>2026-03-20T12:06:49+00:00</Time><DistanceMeters>3050.4</DistanceMeters><Position><LatitudeDegrees>50.852601</LatitudeDegrees><LongitudeDegrees>4.296459</LongitudeDegrees></Position><AltitudeMeters>50.1</AltitudeMeters><Extensions><TPX xmlns="http://www.garmin.com/xmlschemas/ActivityExtension/v2"><Speed>3.58</Speed></TPX></Extensions></Trackpoint><Trackpoint><Time>2026-03-20T12:06:50+00:00</Time><DistanceMeters>3054.3</DistanceMeters><Position><LatitudeDegrees>50.852632</LatitudeDegrees><LongitudeDegrees>4.296484</LongitudeDegrees></Position><AltitudeMeters>50.4</AltitudeMeters><Extensions><TPX xmlns="http://www.garmin.com/xmlschemas/ActivityExtension/v2"><Speed>3.76</Speed></TPX></Extensions></Trackpoint><Trackpoint><Time>2026-03-20T12:06:51+00:00</Time><DistanceMeters>3058.1</DistanceMeters><Position><LatitudeDegrees>50.852659</LatitudeDegrees><LongitudeDegrees>4.296519</LongitudeDegrees></Position><AltitudeMeters>50.7</AltitudeMeters><Extensions><TPX xmlns="http://www.garmin.com/xmlschemas/ActivityExtension/v2"><Speed>3.7</Speed></TPX></Extensions></Trackpoint><Trackpoint><Time>2026-03-20T12:06:52+00:00</Time><DistanceMeters>3061.8</DistanceMeters><Position><LatitudeDegrees>50.852684</LatitudeDegrees><LongitudeDegrees>4.296553</LongitudeDegrees></Position><AltitudeMeters>51.1</AltitudeMeters><Extensions><TPX xmlns="http://www.garmin.com/xmlschemas/ActivityExtension/v2"><Speed>3.68</Speed></TPX></Extensions></Trackpoint><Trackpoint><Time>2026-03-20T12:06:53+00:00</Time><DistanceMeters>3065.3</DistanceMeters><Position><LatitudeDegrees>50.852703</LatitudeDegrees><LongitudeDegrees>4.296594</LongitudeDegrees></Position><AltitudeMeters>51.4</AltitudeMeters><Extensions><TPX xmlns="http://www.garmin.com/xmlschemas/ActivityExtension/v2"><Speed>3.68</Speed></TPX></Extensions></Trackpoint><Trackpoint><Time>2026-03-20T12:06:54+00:00</Time><DistanceMeters>3068.7</DistanceMeters><Position><LatitudeDegrees>50.852717</LatitudeDegrees><LongitudeDegrees>4.296638</LongitudeDegrees></Position><AltitudeMeters>51.7</AltitudeMeters><Extensions><TPX xmlns="http://www.garmin.com/xmlschemas/ActivityExtension/v2"><Speed>3.66</Speed></TPX></Extensions></Trackpoint><Trackpoint><Time>2026-03-20T12:06:55+00:00</Time><DistanceMeters>3072.2</DistanceMeters><Position><LatitudeDegrees>50.852729</LatitudeDegrees><LongitudeDegrees>4.296683</LongitudeDegrees></Position><AltitudeMeters>52.0</AltitudeMeters><Extensions><TPX xmlns="http://www.garmin.com/xmlschemas/ActivityExtension/v2"><Speed>3.58</Speed></TPX></Extensions></Trackpoint><Trackpoint><Time>2026-03-20T12:06:56+00:00</Time><DistanceMeters>3077.5</DistanceMeters><Position><LatitudeDegrees>50.85275</LatitudeDegrees><LongitudeDegrees>4.296751</LongitudeDegrees></Position><AltitudeMeters>52.5</AltitudeMeters><Extensions><TPX xmlns="http://www.garmin.com/xmlschemas/ActivityExtension/v2"><Speed>3.88</Speed></TPX></Extensions></Trackpoint><Trackpoint><Time>2026-03-20T12:06:57+00:00</Time><DistanceMeters>3080.5</DistanceMeters><Position><LatitudeDegrees>50.852757</LatitudeDegrees><LongitudeDegrees>4.296808</LongitudeDegrees></Position><AltitudeMeters>52.9</AltitudeMeters><Extensions><TPX xmlns="http://www.garmin.com/xmlschemas/ActivityExtension/v2"><Speed>3.74</Speed></TPX></Extensions></Trackpoint><Trackpoint><Time>2026-03-20T12:06:58+00:00</Time><DistanceMeters>3083.5</DistanceMeters><Position><LatitudeDegrees>50.852759</LatitudeDegrees><LongitudeDegrees>4.296835</LongitudeDegrees></Position><AltitudeMeters>53.1</AltitudeMeters><Extensions><TPX xmlns="http://www.garmin.com/xmlschemas/ActivityExtension/v2"><Speed>3.64</Speed></TPX></Extensions></Trackpoint><Trackpoint><Time>2026-03-20T12:06:59+00:00</Time><DistanceMeters>3087.4</DistanceMeters><Position><LatitudeDegrees>50.85277</LatitudeDegrees><LongitudeDegrees>4.296888</LongitudeDegrees></Position><AltitudeMeters>53.5</AltitudeMeters><Extensions><TPX xmlns="http://www.garmin.com/xmlschemas/ActivityExtension/v2"><Speed>3.74</Speed></TPX></Extensions></Trackpoint><Trackpoint><Time>2026-03-20T12:07:00+00:00</Time><DistanceMeters>3091.1</DistanceMeters><Position><LatitudeDegrees>50.852782</LatitudeDegrees><LongitudeDegrees>4.296936</LongitudeDegrees></Position><AltitudeMeters>53.9</AltitudeMeters><Extensions><TPX xmlns="http://www.garmin.com/xmlschemas/ActivityExtension/v2"><Speed>3.78</Speed></TPX></Extensions></Trackpoint><Trackpoint><Time>2026-03-20T12:07:01+00:00</Time><DistanceMeters>3094.6</DistanceMeters><Position><LatitudeDegrees>50.852799</LatitudeDegrees><LongitudeDegrees>4.29698</LongitudeDegrees></Position><AltitudeMeters>54.3</AltitudeMeters><Extensions><TPX xmlns="http://www.garmin.com/xmlschemas/ActivityExtension/v2"><Speed>3.42</Speed></TPX></Extensions></Trackpoint><Trackpoint><Time>2026-03-20T12:07:02+00:00</Time><DistanceMeters>3098.0</DistanceMeters><Position><LatitudeDegrees>50.852822</LatitudeDegrees><LongitudeDegrees>4.29701</LongitudeDegrees></Position><AltitudeMeters>54.7</AltitudeMeters><Extensions><TPX xmlns="http://www.garmin.com/xmlschemas/ActivityExtension/v2"><Speed>3.5</Speed></TPX></Extensions></Trackpoint><Trackpoint><Time>2026-03-20T12:07:03+00:00</Time><DistanceMeters>3101.5</DistanceMeters><Position><LatitudeDegrees>50.852851</LatitudeDegrees><LongitudeDegrees>4.29703</LongitudeDegrees></Position><AltitudeMeters>55.2</AltitudeMeters><Extensions><TPX xmlns="http://www.garmin.com/xmlschemas/ActivityExtension/v2"><Speed>3.6</Speed></TPX></Extensions></Trackpoint><Trackpoint><Time>2026-03-20T12:07:04+00:00</Time><DistanceMeters>3104.8</DistanceMeters><Position><LatitudeDegrees>50.852879</LatitudeDegrees><LongitudeDegrees>4.297046</LongitudeDegrees></Position><AltitudeMeters>55.6</AltitudeMeters><Extensions><TPX xmlns="http://www.garmin.com/xmlschemas/ActivityExtension/v2"><Speed>3.48</Speed></TPX></Extensions></Trackpoint><Trackpoint><Time>2026-03-20T12:07:05+00:00</Time><DistanceMeters>3108.0</DistanceMeters><Position><LatitudeDegrees>50.852908</LatitudeDegrees><LongitudeDegrees>4.297052</LongitudeDegrees></Position><AltitudeMeters>56.0</AltitudeMeters><Extensions><TPX xmlns="http://www.garmin.com/xmlschemas/ActivityExtension/v2"><Speed>3.38</Speed></TPX></Extensions></Trackpoint><Trackpoint><Time>2026-03-20T12:07:06+00:00</Time><DistanceMeters>3111.6</DistanceMeters><Position><LatitudeDegrees>50.852939</LatitudeDegrees><LongitudeDegrees>4.297044</LongitudeDegrees></Position><AltitudeMeters>56.5</AltitudeMeters><Extensions><TPX xmlns="http://www.garmin.com/xmlschemas/ActivityExtension/v2"><Speed>3.4</Speed></TPX></Extensions></Trackpoint><Trackpoint><Time>2026-03-20T12:07:07+00:00</Time><DistanceMeters>3115.3</DistanceMeters><Position><LatitudeDegrees>50.852972</LatitudeDegrees><LongitudeDegrees>4.297037</LongitudeDegrees></Position><AltitudeMeters>57.0</AltitudeMeters><Extensions><TPX xmlns="http://www.garmin.com/xmlschemas/ActivityExtension/v2"><Speed>3.46</Speed></TPX></Extensions></Trackpoint><Trackpoint><Time>2026-03-20T12:07:08+00:00</Time><DistanceMeters>3118.3</DistanceMeters><Position><LatitudeDegrees>50.852998</LatitudeDegrees><LongitudeDegrees>4.297024</LongitudeDegrees></Position><AltitudeMeters>57.4</AltitudeMeters><Extensions><TPX xmlns="http://www.garmin.com/xmlschemas/ActivityExtension/v2"><Speed>3.36</Speed></TPX></Extensions></Trackpoint><Trackpoint><Time>2026-03-20T12:07:09+00:00</Time><DistanceMeters>3121.5</DistanceMeters><Position><LatitudeDegrees>50.853025</LatitudeDegrees><LongitudeDegrees>4.297005</LongitudeDegrees></Position><AltitudeMeters>57.8</AltitudeMeters><Extensions><TPX xmlns="http://www.garmin.com/xmlschemas/ActivityExtension/v2"><Speed>3.34</Speed></TPX></Extensions></Trackpoint><Trackpoint><Time>2026-03-20T12:07:10+00:00</Time><DistanceMeters>3124.8</DistanceMeters><Position><LatitudeDegrees>50.85305</LatitudeDegrees><LongitudeDegrees>4.296982</LongitudeDegrees></Position><AltitudeMeters>58.2</AltitudeMeters><Extensions><TPX xmlns="http://www.garmin.com/xmlschemas/ActivityExtension/v2"><Speed>3.36</Speed></TPX></Extensions></Trackpoint><Trackpoint><Time>2026-03-20T12:07:11+00:00</Time><DistanceMeters>3128.1</DistanceMeters><Position><LatitudeDegrees>50.853074</LatitudeDegrees><LongitudeDegrees>4.296954</LongitudeDegrees></Position><AltitudeMeters>58.5</AltitudeMeters><Extensions><TPX xmlns="http://www.garmin.com/xmlschemas/ActivityExtension/v2"><Speed>3.3</Speed></TPX></Extensions></Trackpoint><Trackpoint><Time>2026-03-20T12:07:12+00:00</Time><DistanceMeters>3131.6</DistanceMeters><Position><LatitudeDegrees>50.853098</LatitudeDegrees><LongitudeDegrees>4.296922</LongitudeDegrees></Position><AltitudeMeters>58.9</AltitudeMeters><Extensions><TPX xmlns="http://www.garmin.com/xmlschemas/ActivityExtension/v2"><Speed>3.26</Speed></TPX></Extensions></Trackpoint><Trackpoint><Time>2026-03-20T12:07:13+00:00</Time><DistanceMeters>3135.3</DistanceMeters><Position><LatitudeDegrees>50.853122</LatitudeDegrees><LongitudeDegrees>4.296886</LongitudeDegrees></Position><AltitudeMeters>59.3</AltitudeMeters><Extensions><TPX xmlns="http://www.garmin.com/xmlschemas/ActivityExtension/v2"><Speed>3.4</Speed></TPX></Extensions></Trackpoint><Trackpoint><Time>2026-03-20T12:07:14+00:00</Time><DistanceMeters>3138.6</DistanceMeters><Position><LatitudeDegrees>50.853142</LatitudeDegrees><LongitudeDegrees>4.296851</LongitudeDegrees></Position><AltitudeMeters>59.7</AltitudeMeters><Extensions><TPX xmlns="http://www.garmin.com/xmlschemas/ActivityExtension/v2"><Speed>3.42</Speed></TPX></Extensions></Trackpoint><Trackpoint><Time>2026-03-20T12:07:15+00:00</Time><DistanceMeters>3142.0</DistanceMeters><Position><LatitudeDegrees>50.853163</LatitudeDegrees><LongitudeDegrees>4.296816</LongitudeDegrees></Position><AltitudeMeters>60.1</AltitudeMeters><Extensions><TPX xmlns="http://www.garmin.com/xmlschemas/ActivityExtension/v2"><Speed>3.44</Speed></TPX></Extensions></Trackpoint><Trackpoint><Time>2026-03-20T12:07:16+00:00</Time><DistanceMeters>3145.2</DistanceMeters><Position><LatitudeDegrees>50.853186</LatitudeDegrees><LongitudeDegrees>4.296787</LongitudeDegrees></Position><AltitudeMeters>60.4</AltitudeMeters><Extensions><TPX xmlns="http://www.garmin.com/xmlschemas/ActivityExtension/v2"><Speed>3.42</Speed></TPX></Extensions></Trackpoint><Trackpoint><Time>2026-03-20T12:07:17+00:00</Time><DistanceMeters>3148.3</DistanceMeters><Position><LatitudeDegrees>50.853208</LatitudeDegrees><LongitudeDegrees>4.29676</LongitudeDegrees></Position><AltitudeMeters>60.8</AltitudeMeters><Extensions><TPX xmlns="http://www.garmin.com/xmlschemas/ActivityExtension/v2"><Speed>3.34</Speed></TPX></Extensions></Trackpoint><Trackpoint><Time>2026-03-20T12:07:18+00:00</Time><DistanceMeters>3151.7</DistanceMeters><Position><LatitudeDegrees>50.853233</LatitudeDegrees><LongitudeDegrees>4.296734</LongitudeDegrees></Position><AltitudeMeters>61.2</AltitudeMeters><Extensions><TPX xmlns="http://www.garmin.com/xmlschemas/ActivityExtension/v2"><Speed>3.28</Speed></TPX></Extensions></Trackpoint><Trackpoint><Time>2026-03-20T12:07:19+00:00</Time><DistanceMeters>3151.7</DistanceMeters><Position><LatitudeDegrees>50.853249</LatitudeDegrees><LongitudeDegrees>4.296725</LongitudeDegrees></Position><AltitudeMeters>61.4</AltitudeMeters><Extensions><TPX xmlns="http://www.garmin.com/xmlschemas/ActivityExtension/v2"><Speed>2.62</Speed></TPX></Extensions></Trackpoint><Trackpoint><Time>2026-03-20T12:07:20+00:00</Time><DistanceMeters>3155.4</DistanceMeters><Position><LatitudeDegrees>50.853267</LatitudeDegrees><LongitudeDegrees>4.296726</LongitudeDegrees></Position><AltitudeMeters>61.6</AltitudeMeters><Extensions><TPX xmlns="http://www.garmin.com/xmlschemas/ActivityExtension/v2"><Speed>2.68</Speed></TPX></Extensions></Trackpoint><Trackpoint><Time>2026-03-20T12:07:21+00:00</Time><DistanceMeters>3157.9</DistanceMeters><Position><LatitudeDegrees>50.853299</LatitudeDegrees><LongitudeDegrees>4.296735</LongitudeDegrees></Position><AltitudeMeters>61.9</AltitudeMeters><Extensions><TPX xmlns="http://www.garmin.com/xmlschemas/ActivityExtension/v2"><Speed>2.54</Speed></TPX></Extensions></Trackpoint><Trackpoint><Time>2026-03-20T12:07:22+00:00</Time><DistanceMeters>3160.4</DistanceMeters><Position><LatitudeDegrees>50.85331</LatitudeDegrees><LongitudeDegrees>4.29674</LongitudeDegrees></Position><AltitudeMeters>62.0</AltitudeMeters><Extensions><TPX xmlns="http://www.garmin.com/xmlschemas/ActivityExtension/v2"><Speed>2.42</Speed></TPX></Extensions></Trackpoint><Trackpoint><Time>2026-03-20T12:07:23+00:00</Time><DistanceMeters>3163.1</DistanceMeters><Position><LatitudeDegrees>50.853345</LatitudeDegrees><LongitudeDegrees>4.296754</LongitudeDegrees></Position><AltitudeMeters>62.4</AltitudeMeters><Extensions><TPX xmlns="http://www.garmin.com/xmlschemas/ActivityExtension/v2"><Speed>2.27</Speed></TPX></Extensions></Trackpoint><Trackpoint><Time>2026-03-20T12:07:24+00:00</Time><DistanceMeters>3165.7</DistanceMeters><Position><LatitudeDegrees>50.853356</LatitudeDegrees><LongitudeDegrees>4.296762</LongitudeDegrees></Position><AltitudeMeters>62.5</AltitudeMeters><Extensions><TPX xmlns="http://www.garmin.com/xmlschemas/ActivityExtension/v2"><Speed>2.8</Speed></TPX></Extensions></Trackpoint><Trackpoint><Time>2026-03-20T12:07:25+00:00</Time><DistanceMeters>3168.6</DistanceMeters><Position><LatitudeDegrees>50.853393</LatitudeDegrees><LongitudeDegrees>4.29678</LongitudeDegrees></Position><AltitudeMeters>62.8</AltitudeMeters><Extensions><TPX xmlns="http://www.garmin.com/xmlschemas/ActivityExtension/v2"><Speed>2.63</Speed></TPX></Extensions></Trackpoint><Trackpoint><Time>2026-03-20T12:07:26+00:00</Time><DistanceMeters>3171.4</DistanceMeters><Position><LatitudeDegrees>50.853405</LatitudeDegrees><LongitudeDegrees>4.296785</LongitudeDegrees></Position><AltitudeMeters>62.9</AltitudeMeters><Extensions><TPX xmlns="http://www.garmin.com/xmlschemas/ActivityExtension/v2"><Speed>2.7</Speed></TPX></Extensions></Trackpoint><Trackpoint><Time>2026-03-20T12:07:27+00:00</Time><DistanceMeters>3173.8</DistanceMeters><Position><LatitudeDegrees>50.853437</LatitudeDegrees><LongitudeDegrees>4.296801</LongitudeDegrees></Position><AltitudeMeters>63.2</AltitudeMeters><Extensions><TPX xmlns="http://www.garmin.com/xmlschemas/ActivityExtension/v2"><Speed>2.68</Speed></TPX></Extensions></Trackpoint><Trackpoint><Time>2026-03-20T12:07:28+00:00</Time><DistanceMeters>3176.2</DistanceMeters><Position><LatitudeDegrees>50.853446</LatitudeDegrees><LongitudeDegrees>4.296807</LongitudeDegrees></Position><AltitudeMeters>63.2</AltitudeMeters><Extensions><TPX xmlns="http://www.garmin.com/xmlschemas/ActivityExtension/v2"><Speed>2.63</Speed></TPX></Extensions></Trackpoint><Trackpoint><Time>2026-03-20T12:07:29+00:00</Time><DistanceMeters>3176.2</DistanceMeters><Position><LatitudeDegrees>50.853459</LatitudeDegrees><LongitudeDegrees>4.296827</LongitudeDegrees></Position><AltitudeMeters>63.3</AltitudeMeters><Extensions><TPX xmlns="http://www.garmin.com/xmlschemas/ActivityExtension/v2"><Speed>2.1</Speed></TPX></Extensions></Trackpoint><Trackpoint><Time>2026-03-20T12:07:30+00:00</Time><DistanceMeters>3180.0</DistanceMeters><Position><LatitudeDegrees>50.853462</LatitudeDegrees><LongitudeDegrees>4.296855</LongitudeDegrees></Position><AltitudeMeters>63.3</AltitudeMeters><Extensions><TPX xmlns="http://www.garmin.com/xmlschemas/ActivityExtension/v2"><Speed>2.29</Speed></TPX></Extensions></Trackpoint><Trackpoint><Time>2026-03-20T12:07:31+00:00</Time><DistanceMeters>3180.0</DistanceMeters><Position><LatitudeDegrees>50.853471</LatitudeDegrees><LongitudeDegrees>4.296867</LongitudeDegrees></Position><AltitudeMeters>63.3</AltitudeMeters><Extensions><TPX xmlns="http://www.garmin.com/xmlschemas/ActivityExtension/v2"><Speed>1.72</Speed></TPX></Extensions></Trackpoint><Trackpoint><Time>2026-03-20T12:07:32+00:00</Time><DistanceMeters>3180.0</DistanceMeters><Position><LatitudeDegrees>50.853484</LatitudeDegrees><LongitudeDegrees>4.296857</LongitudeDegrees></Position><AltitudeMeters>63.3</AltitudeMeters><Extensions><TPX xmlns="http://www.garmin.com/xmlschemas/ActivityExtension/v2"><Speed>1.24</Speed></TPX></Extensions></Trackpoint><Trackpoint><Time>2026-03-20T12:07:33+00:00</Time><DistanceMeters>3183.6</DistanceMeters><Position><LatitudeDegrees>50.853492</LatitudeDegrees><LongitudeDegrees>4.296835</LongitudeDegrees></Position><AltitudeMeters>63.3</AltitudeMeters><Extensions><TPX xmlns="http://www.garmin.com/xmlschemas/ActivityExtension/v2"><Speed>1.48</Speed></TPX></Extensions></Trackpoint><Trackpoint><Time>2026-03-20T12:07:34+00:00</Time><DistanceMeters>3183.6</DistanceMeters><Position><LatitudeDegrees>50.853494</LatitudeDegrees><LongitudeDegrees>4.296806</LongitudeDegrees></Position><AltitudeMeters>63.4</AltitudeMeters><Extensions><TPX xmlns="http://www.garmin.com/xmlschemas/ActivityExtension/v2"><Speed>1.48</Speed></TPX></Extensions></Trackpoint><Trackpoint><Time>2026-03-20T12:07:35+00:00</Time><DistanceMeters>3187.1</DistanceMeters><Position><LatitudeDegrees>50.853496</LatitudeDegrees><LongitudeDegrees>4.296785</LongitudeDegrees></Position><AltitudeMeters>63.4</AltitudeMeters><Extensions><TPX xmlns="http://www.garmin.com/xmlschemas/ActivityExtension/v2"><Speed>1.42</Speed></TPX></Extensions></Trackpoint><Trackpoint><Time>2026-03-20T12:07:36+00:00</Time><DistanceMeters>3187.1</DistanceMeters><Position><LatitudeDegrees>50.853498</LatitudeDegrees><LongitudeDegrees>4.296767</LongitudeDegrees></Position><AltitudeMeters>63.3</AltitudeMeters><Extensions><TPX xmlns="http://www.garmin.com/xmlschemas/ActivityExtension/v2"><Speed>1.42</Speed></TPX></Extensions></Trackpoint><Trackpoint><Time>2026-03-20T12:07:37+00:00</Time><DistanceMeters>3187.1</DistanceMeters><Position><LatitudeDegrees>50.853496</LatitudeDegrees><LongitudeDegrees>4.296747</LongitudeDegrees></Position><AltitudeMeters>63.3</AltitudeMeters><Extensions><TPX xmlns="http://www.garmin.com/xmlschemas/ActivityExtension/v2"><Speed>1.42</Speed></TPX></Extensions></Trackpoint><Trackpoint><Time>2026-03-20T12:07:38+00:00</Time><DistanceMeters>3191.0</DistanceMeters><Position><LatitudeDegrees>50.853493</LatitudeDegrees><LongitudeDegrees>4.29673</LongitudeDegrees></Position><AltitudeMeters>63.3</AltitudeMeters><Extensions><TPX xmlns="http://www.garmin.com/xmlschemas/ActivityExtension/v2"><Speed>1.48</Speed></TPX></Extensions></Trackpoint><Trackpoint><Time>2026-03-20T12:07:39+00:00</Time><DistanceMeters>3192.5</DistanceMeters><Position><LatitudeDegrees>50.853478</LatitudeDegrees><LongitudeDegrees>4.296706</LongitudeDegrees></Position><AltitudeMeters>63.2</AltitudeMeters><Extensions><TPX xmlns="http://www.garmin.com/xmlschemas/ActivityExtension/v2"><Speed>1.78</Speed></TPX></Extensions></Trackpoint><Trackpoint><Time>2026-03-20T12:07:40+00:00</Time><DistanceMeters>3194.0</DistanceMeters><Position><LatitudeDegrees>50.853471</LatitudeDegrees><LongitudeDegrees>4.296696</LongitudeDegrees></Position><AltitudeMeters>63.2</AltitudeMeters><Extensions><TPX xmlns="http://www.garmin.com/xmlschemas/ActivityExtension/v2"><Speed>1.38</Speed></TPX></Extensions></Trackpoint><Trackpoint><Time>2026-03-20T12:07:41+00:00</Time><DistanceMeters>3195.5</DistanceMeters><Position><LatitudeDegrees>50.853463</LatitudeDegrees><LongitudeDegrees>4.296687</LongitudeDegrees></Position><AltitudeMeters>63.1</AltitudeMeters><Extensions><TPX xmlns="http://www.garmin.com/xmlschemas/ActivityExtension/v2"><Speed>1.68</Speed></TPX></Extensions></Trackpoint><Trackpoint><Time>2026-03-20T12:07:42+00:00</Time><DistanceMeters>3195.5</DistanceMeters><Position><LatitudeDegrees>50.853449</LatitudeDegrees><LongitudeDegrees>4.296677</LongitudeDegrees></Position><AltitudeMeters>63.0</AltitudeMeters><Extensions><TPX xmlns="http://www.garmin.com/xmlschemas/ActivityExtension/v2"><Speed>1.68</Speed></TPX></Extensions></Trackpoint><Trackpoint><Time>2026-03-20T12:07:43+00:00</Time><DistanceMeters>3199.0</DistanceMeters><Position><LatitudeDegrees>50.853433</LatitudeDegrees><LongitudeDegrees>4.296669</LongitudeDegrees></Position><AltitudeMeters>62.9</AltitudeMeters><Extensions><TPX xmlns="http://www.garmin.com/xmlschemas/ActivityExtension/v2"><Speed>1.6</Speed></TPX></Extensions></Trackpoint><Trackpoint><Time>2026-03-20T12:07:44+00:00</Time><DistanceMeters>3199.0</DistanceMeters><Position><LatitudeDegrees>50.853417</LatitudeDegrees><LongitudeDegrees>4.296665</LongitudeDegrees></Position><AltitudeMeters>62.8</AltitudeMeters><Extensions><TPX xmlns="http://www.garmin.com/xmlschemas/ActivityExtension/v2"><Speed>1.3</Speed></TPX></Extensions></Trackpoint><Trackpoint><Time>2026-03-20T12:07:45+00:00</Time><DistanceMeters>3202.6</DistanceMeters><Position><LatitudeDegrees>50.853402</LatitudeDegrees><LongitudeDegrees>4.296662</LongitudeDegrees></Position><AltitudeMeters>62.6</AltitudeMeters><Extensions><TPX xmlns="http://www.garmin.com/xmlschemas/ActivityExtension/v2"><Speed>1.72</Speed></TPX></Extensions></Trackpoint><Trackpoint><Time>2026-03-20T12:07:46+00:00</Time><DistanceMeters>3202.6</DistanceMeters><Position><LatitudeDegrees>50.853387</LatitudeDegrees><LongitudeDegrees>4.296662</LongitudeDegrees></Position><AltitudeMeters>62.5</AltitudeMeters><Extensions><TPX xmlns="http://www.garmin.com/xmlschemas/ActivityExtension/v2"><Speed>1.42</Speed></TPX></Extensions></Trackpoint><Trackpoint><Time>2026-03-20T12:07:47+00:00</Time><DistanceMeters>3205.6</DistanceMeters><Position><LatitudeDegrees>50.853374</LatitudeDegrees><LongitudeDegrees>4.296662</LongitudeDegrees></Position><AltitudeMeters>62.4</AltitudeMeters><Extensions><TPX xmlns="http://www.garmin.com/xmlschemas/ActivityExtension/v2"><Speed>2.02</Speed></TPX></Extensions></Trackpoint><Trackpoint><Time>2026-03-20T12:07:48+00:00</Time><DistanceMeters>3205.6</DistanceMeters><Position><LatitudeDegrees>50.853357</LatitudeDegrees><LongitudeDegrees>4.29666</LongitudeDegrees></Position><AltitudeMeters>62.2</AltitudeMeters><Extensions><TPX xmlns="http://www.garmin.com/xmlschemas/ActivityExtension/v2"><Speed>1.32</Speed></TPX></Extensions></Trackpoint><Trackpoint><Time>2026-03-20T12:07:49+00:00</Time><DistanceMeters>3205.6</DistanceMeters><Position><LatitudeDegrees>50.853351</LatitudeDegrees><LongitudeDegrees>4.296659</LongitudeDegrees></Position><AltitudeMeters>62.2</AltitudeMeters><Extensions><TPX xmlns="http://www.garmin.com/xmlschemas/ActivityExtension/v2"><Speed>1.32</Speed></TPX></Extensions></Trackpoint><Trackpoint><Time>2026-03-20T12:07:50+00:00</Time><DistanceMeters>3209.3</DistanceMeters><Position><LatitudeDegrees>50.853341</LatitudeDegrees><LongitudeDegrees>4.296659</LongitudeDegrees></Position><AltitudeMeters>62.1</AltitudeMeters><Extensions><TPX xmlns="http://www.garmin.com/xmlschemas/ActivityExtension/v2"><Speed>1.34</Speed></TPX></Extensions></Trackpoint><Trackpoint><Time>2026-03-20T12:07:51+00:00</Time><DistanceMeters>3209.3</DistanceMeters><Position><LatitudeDegrees>50.853331</LatitudeDegrees><LongitudeDegrees>4.296657</LongitudeDegrees></Position><AltitudeMeters>62.0</AltitudeMeters><Extensions><TPX xmlns="http://www.garmin.com/xmlschemas/ActivityExtension/v2"><Speed>1.34</Speed></TPX></Extensions></Trackpoint><Trackpoint><Time>2026-03-20T12:07:52+00:00</Time><DistanceMeters>3209.3</DistanceMeters><Position><LatitudeDegrees>50.853321</LatitudeDegrees><LongitudeDegrees>4.296654</LongitudeDegrees></Position><AltitudeMeters>61.9</AltitudeMeters><Extensions><TPX xmlns="http://www.garmin.com/xmlschemas/ActivityExtension/v2"><Speed>0.74</Speed></TPX></Extensions></Trackpoint><Trackpoint><Time>2026-03-20T12:07:53+00:00</Time><DistanceMeters>3212.8</DistanceMeters><Position><LatitudeDegrees>50.85331</LatitudeDegrees><LongitudeDegrees>4.296656</LongitudeDegrees></Position><AltitudeMeters>61.8</AltitudeMeters><Extensions><TPX xmlns="http://www.garmin.com/xmlschemas/ActivityExtension/v2"><Speed>1.44</Speed></TPX></Extensions></Trackpoint><Trackpoint><Time>2026-03-20T12:07:54+00:00</Time><DistanceMeters>3214.2</DistanceMeters><Position><LatitudeDegrees>50.85329</LatitudeDegrees><LongitudeDegrees>4.296666</LongitudeDegrees></Position><AltitudeMeters>61.5</AltitudeMeters><Extensions><TPX xmlns="http://www.garmin.com/xmlschemas/ActivityExtension/v2"><Speed>1.72</Speed></TPX></Extensions></Trackpoint><Trackpoint><Time>2026-03-20T12:07:55+00:00</Time><DistanceMeters>3215.6</DistanceMeters><Position><LatitudeDegrees>50.853282</LatitudeDegrees><LongitudeDegrees>4.296671</LongitudeDegrees></Position><AltitudeMeters>61.4</AltitudeMeters><Extensions><TPX xmlns="http://www.garmin.com/xmlschemas/ActivityExtension/v2"><Speed>1.26</Speed></TPX></Extensions></Trackpoint><Trackpoint><Time>2026-03-20T12:07:56+00:00</Time><DistanceMeters>3217.0</DistanceMeters><Position><LatitudeDegrees>50.853274</LatitudeDegrees><LongitudeDegrees>4.296675</LongitudeDegrees></Position><AltitudeMeters>61.3</AltitudeMeters><Extensions><TPX xmlns="http://www.garmin.com/xmlschemas/ActivityExtension/v2"><Speed>1.54</Speed></TPX></Extensions></Trackpoint><Trackpoint><Time>2026-03-20T12:07:57+00:00</Time><DistanceMeters>3218.4</DistanceMeters><Position><LatitudeDegrees>50.853255</LatitudeDegrees><LongitudeDegrees>4.296691</LongitudeDegrees></Position><AltitudeMeters>61.1</AltitudeMeters><Extensions><TPX xmlns="http://www.garmin.com/xmlschemas/ActivityExtension/v2"><Speed>1.827</Speed></TPX></Extensions></Trackpoint><Trackpoint><Time>2026-03-20T12:07:58+00:00</Time><DistanceMeters>3219.9</DistanceMeters><Position><LatitudeDegrees>50.853247</LatitudeDegrees><LongitudeDegrees>4.296698</LongitudeDegrees></Position><AltitudeMeters>61.0</AltitudeMeters><Extensions><TPX xmlns="http://www.garmin.com/xmlschemas/ActivityExtension/v2"><Speed>1.413</Speed></TPX></Extensions></Trackpoint><Trackpoint><Time>2026-03-20T12:07:59+00:00</Time><DistanceMeters>3221.3</DistanceMeters><Position><LatitudeDegrees>50.853239</LatitudeDegrees><LongitudeDegrees>4.296704</LongitudeDegrees></Position><AltitudeMeters>60.9</AltitudeMeters><Extensions><TPX xmlns="http://www.garmin.com/xmlschemas/ActivityExtension/v2"><Speed>1.42</Speed></TPX></Extensions></Trackpoint><Trackpoint><Time>2026-03-20T12:08:00+00:00</Time><DistanceMeters>3221.3</DistanceMeters><Position><LatitudeDegrees>50.853227</LatitudeDegrees><LongitudeDegrees>4.296716</LongitudeDegrees></Position><AltitudeMeters>60.7</AltitudeMeters><Extensions><TPX xmlns="http://www.garmin.com/xmlschemas/ActivityExtension/v2"><Speed>1.14</Speed></TPX></Extensions></Trackpoint><Trackpoint><Time>2026-03-20T12:08:01+00:00</Time><DistanceMeters>3224.4</DistanceMeters><Position><LatitudeDegrees>50.853215</LatitudeDegrees><LongitudeDegrees>4.296725</LongitudeDegrees></Position><AltitudeMeters>60.5</AltitudeMeters><Extensions><TPX xmlns="http://www.garmin.com/xmlschemas/ActivityExtension/v2"><Speed>1.48</Speed></TPX></Extensions></Trackpoint><Trackpoint><Time>2026-03-20T12:08:02+00:00</Time><DistanceMeters>3224.4</DistanceMeters><Position><LatitudeDegrees>50.853202</LatitudeDegrees><LongitudeDegrees>4.296739</LongitudeDegrees></Position><AltitudeMeters>60.3</AltitudeMeters><Extensions><TPX xmlns="http://www.garmin.com/xmlschemas/ActivityExtension/v2"><Speed>1.193</Speed></TPX></Extensions></Trackpoint><Trackpoint><Time>2026-03-20T12:08:03+00:00</Time><DistanceMeters>3227.7</DistanceMeters><Position><LatitudeDegrees>50.853192</LatitudeDegrees><LongitudeDegrees>4.296755</LongitudeDegrees></Position><AltitudeMeters>60.1</AltitudeMeters><Extensions><TPX xmlns="http://www.garmin.com/xmlschemas/ActivityExtension/v2"><Speed>1.567</Speed></TPX></Extensions></Trackpoint><Trackpoint><Time>2026-03-20T12:08:04+00:00</Time><DistanceMeters>3227.7</DistanceMeters><Position><LatitudeDegrees>50.853181</LatitudeDegrees><LongitudeDegrees>4.29678</LongitudeDegrees></Position><AltitudeMeters>59.9</AltitudeMeters><Extensions><TPX xmlns="http://www.garmin.com/xmlschemas/ActivityExtension/v2"><Speed>1.28</Speed></TPX></Extensions></Trackpoint><Trackpoint><Time>2026-03-20T12:08:05+00:00</Time><DistanceMeters>3230.9</DistanceMeters><Position><LatitudeDegrees>50.853174</LatitudeDegrees><LongitudeDegrees>4.29679</LongitudeDegrees></Position><AltitudeMeters>59.8</AltitudeMeters><Extensions><TPX xmlns="http://www.garmin.com/xmlschemas/ActivityExtension/v2"><Speed>1.92</Speed></TPX></Extensions></Trackpoint><Trackpoint><Time>2026-03-20T12:08:06+00:00</Time><DistanceMeters>3230.9</DistanceMeters><Position><LatitudeDegrees>50.853162</LatitudeDegrees><LongitudeDegrees>4.296803</LongitudeDegrees></Position><AltitudeMeters>59.6</AltitudeMeters><Extensions><TPX xmlns="http://www.garmin.com/xmlschemas/ActivityExtension/v2"><Speed>1.3</Speed></TPX></Extensions></Trackpoint><Trackpoint><Time>2026-03-20T12:08:07+00:00</Time><DistanceMeters>3234.0</DistanceMeters><Position><LatitudeDegrees>50.853149</LatitudeDegrees><LongitudeDegrees>4.296809</LongitudeDegrees></Position><AltitudeMeters>59.4</AltitudeMeters><Extensions><TPX xmlns="http://www.garmin.com/xmlschemas/ActivityExtension/v2"><Speed>1.92</Speed></TPX></Extensions></Trackpoint><Trackpoint><Time>2026-03-20T12:08:08+00:00</Time><DistanceMeters>3234.0</DistanceMeters><Position><LatitudeDegrees>50.853137</LatitudeDegrees><LongitudeDegrees>4.29682</LongitudeDegrees></Position><AltitudeMeters>59.3</AltitudeMeters><Extensions><TPX xmlns="http://www.garmin.com/xmlschemas/ActivityExtension/v2"><Speed>1.26</Speed></TPX></Extensions></Trackpoint><Trackpoint><Time>2026-03-20T12:08:09+00:00</Time><DistanceMeters>3237.0</DistanceMeters><Position><LatitudeDegrees>50.853126</LatitudeDegrees><LongitudeDegrees>4.296834</LongitudeDegrees></Position><AltitudeMeters>59.1</AltitudeMeters><Extensions><TPX xmlns="http://www.garmin.com/xmlschemas/ActivityExtension/v2"><Speed>1.86</Speed></TPX></Extensions></Trackpoint><Trackpoint><Time>2026-03-20T12:08:10+00:00</Time><DistanceMeters>3237.0</DistanceMeters><Position><LatitudeDegrees>50.853112</LatitudeDegrees><LongitudeDegrees>4.29685</LongitudeDegrees></Position><AltitudeMeters>58.9</AltitudeMeters><Extensions><TPX xmlns="http://www.garmin.com/xmlschemas/ActivityExtension/v2"><Speed>1.22</Speed></TPX></Extensions></Trackpoint><Trackpoint><Time>2026-03-20T12:08:11+00:00</Time><DistanceMeters>3240.3</DistanceMeters><Position><LatitudeDegrees>50.853102</LatitudeDegrees><LongitudeDegrees>4.296861</LongitudeDegrees></Position><AltitudeMeters>58.7</AltitudeMeters><Extensions><TPX xmlns="http://www.garmin.com/xmlschemas/ActivityExtension/v2"><Speed>1.88</Speed></TPX></Extensions></Trackpoint><Trackpoint><Time>2026-03-20T12:08:12+00:00</Time><DistanceMeters>3240.3</DistanceMeters><Position><LatitudeDegrees>50.85309</LatitudeDegrees><LongitudeDegrees>4.296874</LongitudeDegrees></Position><AltitudeMeters>58.5</AltitudeMeters><Extensions><TPX xmlns="http://www.garmin.com/xmlschemas/ActivityExtension/v2"><Speed>1.26</Speed></TPX></Extensions></Trackpoint><Trackpoint><Time>2026-03-20T12:08:13+00:00</Time><DistanceMeters>3243.8</DistanceMeters><Position><LatitudeDegrees>50.853077</LatitudeDegrees><LongitudeDegrees>4.296889</LongitudeDegrees></Position><AltitudeMeters>58.3</AltitudeMeters><Extensions><TPX xmlns="http://www.garmin.com/xmlschemas/ActivityExtension/v2"><Speed>1.96</Speed></TPX></Extensions></Trackpoint><Trackpoint><Time>2026-03-20T12:08:14+00:00</Time><DistanceMeters>3243.8</DistanceMeters><Position><LatitudeDegrees>50.853064</LatitudeDegrees><LongitudeDegrees>4.296904</LongitudeDegrees></Position><AltitudeMeters>58.1</AltitudeMeters><Extensions><TPX xmlns="http://www.garmin.com/xmlschemas/ActivityExtension/v2"><Speed>1.36</Speed></TPX></Extensions></Trackpoint><Trackpoint><Time>2026-03-20T12:08:15+00:00</Time><DistanceMeters>3247.3</DistanceMeters><Position><LatitudeDegrees>50.853052</LatitudeDegrees><LongitudeDegrees>4.296921</LongitudeDegrees></Position><AltitudeMeters>57.9</AltitudeMeters><Extensions><TPX xmlns="http://www.garmin.com/xmlschemas/ActivityExtension/v2"><Speed>2.06</Speed></TPX></Extensions></Trackpoint><Trackpoint><Time>2026-03-20T12:08:16+00:00</Time><DistanceMeters>3247.3</DistanceMeters><Position><LatitudeDegrees>50.85304</LatitudeDegrees><LongitudeDegrees>4.296928</LongitudeDegrees></Position><AltitudeMeters>57.8</AltitudeMeters><Extensions><TPX xmlns="http://www.garmin.com/xmlschemas/ActivityExtension/v2"><Speed>1.4</Speed></TPX></Extensions></Trackpoint><Trackpoint><Time>2026-03-20T12:08:17+00:00</Time><DistanceMeters>3250.6</DistanceMeters><Position><LatitudeDegrees>50.853024</LatitudeDegrees><LongitudeDegrees>4.296934</LongitudeDegrees></Position><AltitudeMeters>57.6</AltitudeMeters><Extensions><TPX xmlns="http://www.garmin.com/xmlschemas/ActivityExtension/v2"><Speed>2.06</Speed></TPX></Extensions></Trackpoint><Trackpoint><Time>2026-03-20T12:08:18+00:00</Time><DistanceMeters>3250.6</DistanceMeters><Position><LatitudeDegrees>50.853</LatitudeDegrees><LongitudeDegrees>4.29694</LongitudeDegrees></Position><AltitudeMeters>57.2</AltitudeMeters><Extensions><TPX xmlns="http://www.garmin.com/xmlschemas/ActivityExtension/v2"><Speed>1.36</Speed></TPX></Extensions></Trackpoint><Trackpoint><Time>2026-03-20T12:08:19+00:00</Time><DistanceMeters>3254.4</DistanceMeters><Position><LatitudeDegrees>50.85299</LatitudeDegrees><LongitudeDegrees>4.296945</LongitudeDegrees></Position><AltitudeMeters>57.1</AltitudeMeters><Extensions><TPX xmlns="http://www.garmin.com/xmlschemas/ActivityExtension/v2"><Speed>2.12</Speed></TPX></Extensions></Trackpoint><Trackpoint><Time>2026-03-20T12:08:20+00:00</Time><DistanceMeters>3254.4</DistanceMeters><Position><LatitudeDegrees>50.852975</LatitudeDegrees><LongitudeDegrees>4.296943</LongitudeDegrees></Position><AltitudeMeters>56.8</AltitudeMeters><Extensions><TPX xmlns="http://www.garmin.com/xmlschemas/ActivityExtension/v2"><Speed>1.42</Speed></TPX></Extensions></Trackpoint><Trackpoint><Time>2026-03-20T12:08:21+00:00</Time><DistanceMeters>3257.8</DistanceMeters><Position><LatitudeDegrees>50.85296</LatitudeDegrees><LongitudeDegrees>4.29694</LongitudeDegrees></Position><AltitudeMeters>56.6</AltitudeMeters><Extensions><TPX xmlns="http://www.garmin.com/xmlschemas/ActivityExtension/v2"><Speed>2.1</Speed></TPX></Extensions></Trackpoint><Trackpoint><Time>2026-03-20T12:08:22+00:00</Time><DistanceMeters>3257.8</DistanceMeters><Position><LatitudeDegrees>50.852945</LatitudeDegrees><LongitudeDegrees>4.296936</LongitudeDegrees></Position><AltitudeMeters>56.4</AltitudeMeters><Extensions><TPX xmlns="http://www.garmin.com/xmlschemas/ActivityExtension/v2"><Speed>1.44</Speed></TPX></Extensions></Trackpoint><Trackpoint><Time>2026-03-20T12:08:23+00:00</Time><DistanceMeters>3261.1</DistanceMeters><Position><LatitudeDegrees>50.852932</LatitudeDegrees><LongitudeDegrees>4.296923</LongitudeDegrees></Position><AltitudeMeters>56.2</AltitudeMeters><Extensions><TPX xmlns="http://www.garmin.com/xmlschemas/ActivityExtension/v2"><Speed>2.1</Speed></TPX></Extensions></Trackpoint><Trackpoint><Time>2026-03-20T12:08:24+00:00</Time><DistanceMeters>3261.1</DistanceMeters><Position><LatitudeDegrees>50.852919</LatitudeDegrees><LongitudeDegrees>4.296898</LongitudeDegrees></Position><AltitudeMeters>55.9</AltitudeMeters><Extensions><TPX xmlns="http://www.garmin.com/xmlschemas/ActivityExtension/v2"><Speed>1.34</Speed></TPX></Extensions></Trackpoint><Trackpoint><Time>2026-03-20T12:08:25+00:00</Time><DistanceMeters>3265.1</DistanceMeters><Position><LatitudeDegrees>50.852908</LatitudeDegrees><LongitudeDegrees>4.296881</LongitudeDegrees></Position><AltitudeMeters>55.7</AltitudeMeters><Extensions><TPX xmlns="http://www.garmin.com/xmlschemas/ActivityExtension/v2"><Speed>2.14</Speed></TPX></Extensions></Trackpoint><Trackpoint><Time>2026-03-20T12:08:26+00:00</Time><DistanceMeters>3265.1</DistanceMeters><Position><LatitudeDegrees>50.852897</LatitudeDegrees><LongitudeDegrees>4.296862</LongitudeDegrees></Position><AltitudeMeters>55.4</AltitudeMeters><Extensions><TPX xmlns="http://www.garmin.com/xmlschemas/ActivityExtension/v2"><Speed>1.46</Speed></TPX></Extensions></Trackpoint><Trackpoint><Time>2026-03-20T12:08:27+00:00</Time><DistanceMeters>3268.4</DistanceMeters><Position><LatitudeDegrees>50.852887</LatitudeDegrees><LongitudeDegrees>4.296848</LongitudeDegrees></Position><AltitudeMeters>55.2</AltitudeMeters><Extensions><TPX xmlns="http://www.garmin.com/xmlschemas/ActivityExtension/v2"><Speed>2.12</Speed></TPX></Extensions></Trackpoint><Trackpoint><Time>2026-03-20T12:08:28+00:00</Time><DistanceMeters>3269.8</DistanceMeters><Position><LatitudeDegrees>50.852868</LatitudeDegrees><LongitudeDegrees>4.296829</LongitudeDegrees></Position><AltitudeMeters>54.9</AltitudeMeters><Extensions><TPX xmlns="http://www.garmin.com/xmlschemas/ActivityExtension/v2"><Speed>1.747</Speed></TPX></Extensions></Trackpoint><Trackpoint><Time>2026-03-20T12:08:29+00:00</Time><DistanceMeters>3271.3</DistanceMeters><Position><LatitudeDegrees>50.852862</LatitudeDegrees><LongitudeDegrees>4.29682</LongitudeDegrees></Position><AltitudeMeters>54.8</AltitudeMeters><Extensions><TPX xmlns="http://www.garmin.com/xmlschemas/ActivityExtension/v2"><Speed>2.033</Speed></TPX></Extensions></Trackpoint><Trackpoint><Time>2026-03-20T12:08:30+00:00</Time><DistanceMeters>3272.7</DistanceMeters><Position><LatitudeDegrees>50.852855</LatitudeDegrees><LongitudeDegrees>4.296811</LongitudeDegrees></Position><AltitudeMeters>54.7</AltitudeMeters><Extensions><TPX xmlns="http://www.garmin.com/xmlschemas/ActivityExtension/v2"><Speed>1.52</Speed></TPX></Extensions></Trackpoint><Trackpoint><Time>2026-03-20T12:08:31+00:00</Time><DistanceMeters>3272.7</DistanceMeters><Position><LatitudeDegrees>50.852849</LatitudeDegrees><LongitudeDegrees>4.2968</LongitudeDegrees></Position><AltitudeMeters>54.6</AltitudeMeters><Extensions><TPX xmlns="http://www.garmin.com/xmlschemas/ActivityExtension/v2"><Speed>1.52</Speed></TPX></Extensions></Trackpoint><Trackpoint><Time>2026-03-20T12:08:32+00:00</Time><DistanceMeters>3272.7</DistanceMeters><Position><LatitudeDegrees>50.852841</LatitudeDegrees><LongitudeDegrees>4.296786</LongitudeDegrees></Position><AltitudeMeters>54.4</AltitudeMeters><Extensions><TPX xmlns="http://www.garmin.com/xmlschemas/ActivityExtension/v2"><Speed>0.86</Speed></TPX></Extensions></Trackpoint><Trackpoint><Time>2026-03-20T12:08:33+00:00</Time><DistanceMeters>3276.4</DistanceMeters><Position><LatitudeDegrees>50.852834</LatitudeDegrees><LongitudeDegrees>4.296772</LongitudeDegrees></Position><AltitudeMeters>54.3</AltitudeMeters><Extensions><TPX xmlns="http://www.garmin.com/xmlschemas/ActivityExtension/v2"><Speed>1.313</Speed></TPX></Extensions></Trackpoint><Trackpoint><Time>2026-03-20T12:08:34+00:00</Time><DistanceMeters>3276.4</DistanceMeters><Position><LatitudeDegrees>50.852827</LatitudeDegrees><LongitudeDegrees>4.296758</LongitudeDegrees></Position><AltitudeMeters>54.1</AltitudeMeters><Extensions><TPX xmlns="http://www.garmin.com/xmlschemas/ActivityExtension/v2"><Speed>1.027</Speed></TPX></Extensions></Trackpoint><Trackpoint><Time>2026-03-20T12:08:35+00:00</Time><DistanceMeters>3276.4</DistanceMeters><Position><LatitudeDegrees>50.85282</LatitudeDegrees><LongitudeDegrees>4.296745</LongitudeDegrees></Position><AltitudeMeters>54.0</AltitudeMeters><Extensions><TPX xmlns="http://www.garmin.com/xmlschemas/ActivityExtension/v2"><Speed>0.74</Speed></TPX></Extensions></Trackpoint><Trackpoint><Time>2026-03-20T12:08:36+00:00</Time><DistanceMeters>3280.1</DistanceMeters><Position><LatitudeDegrees>50.852812</LatitudeDegrees><LongitudeDegrees>4.296731</LongitudeDegrees></Position><AltitudeMeters>53.8</AltitudeMeters><Extensions><TPX xmlns="http://www.garmin.com/xmlschemas/ActivityExtension/v2"><Speed>1.48</Speed></TPX></Extensions></Trackpoint><Trackpoint><Time>2026-03-20T12:08:37+00:00</Time><DistanceMeters>3280.1</DistanceMeters><Position><LatitudeDegrees>50.852805</LatitudeDegrees><LongitudeDegrees>4.296717</LongitudeDegrees></Position><AltitudeMeters>53.7</AltitudeMeters><Extensions><TPX xmlns="http://www.garmin.com/xmlschemas/ActivityExtension/v2"><Speed>1.48</Speed></TPX></Extensions></Trackpoint><Trackpoint><Time>2026-03-20T12:08:38+00:00</Time><DistanceMeters>3280.1</DistanceMeters><Position><LatitudeDegrees>50.852799</LatitudeDegrees><LongitudeDegrees>4.296704</LongitudeDegrees></Position><AltitudeMeters>53.6</AltitudeMeters><Extensions><TPX xmlns="http://www.garmin.com/xmlschemas/ActivityExtension/v2"><Speed>0.74</Speed></TPX></Extensions></Trackpoint><Trackpoint><Time>2026-03-20T12:08:39+00:00</Time><DistanceMeters>3284.1</DistanceMeters><Position><LatitudeDegrees>50.852789</LatitudeDegrees><LongitudeDegrees>4.296687</LongitudeDegrees></Position><AltitudeMeters>53.4</AltitudeMeters><Extensions><TPX xmlns="http://www.garmin.com/xmlschemas/ActivityExtension/v2"><Speed>1.54</Speed></TPX></Extensions></Trackpoint><Trackpoint><Time>2026-03-20T12:08:40+00:00</Time><DistanceMeters>3284.1</DistanceMeters><Position><LatitudeDegrees>50.852784</LatitudeDegrees><LongitudeDegrees>4.296676</LongitudeDegrees></Position><AltitudeMeters>53.3</AltitudeMeters><Extensions><TPX xmlns="http://www.garmin.com/xmlschemas/ActivityExtension/v2"><Speed>1.54</Speed></TPX></Extensions></Trackpoint><Trackpoint><Time>2026-03-20T12:08:41+00:00</Time><DistanceMeters>3284.1</DistanceMeters><Position><LatitudeDegrees>50.852777</LatitudeDegrees><LongitudeDegrees>4.296663</LongitudeDegrees></Position><AltitudeMeters>53.2</AltitudeMeters><Extensions><TPX xmlns="http://www.garmin.com/xmlschemas/ActivityExtension/v2"><Speed>0.8</Speed></TPX></Extensions></Trackpoint><Trackpoint><Time>2026-03-20T12:08:42+00:00</Time><DistanceMeters>3287.6</DistanceMeters><Position><LatitudeDegrees>50.852769</LatitudeDegrees><LongitudeDegrees>4.29665</LongitudeDegrees></Position><AltitudeMeters>53.0</AltitudeMeters><Extensions><TPX xmlns="http://www.garmin.com/xmlschemas/ActivityExtension/v2"><Speed>1.5</Speed></TPX></Extensions></Trackpoint><Trackpoint><Time>2026-03-20T12:08:43+00:00</Time><DistanceMeters>3287.6</DistanceMeters><Position><LatitudeDegrees>50.852761</LatitudeDegrees><LongitudeDegrees>4.296634</LongitudeDegrees></Position><AltitudeMeters>52.9</AltitudeMeters><Extensions><TPX xmlns="http://www.garmin.com/xmlschemas/ActivityExtension/v2"><Speed>1.5</Speed></TPX></Extensions></Trackpoint><Trackpoint><Time>2026-03-20T12:08:44+00:00</Time><DistanceMeters>3290.7</DistanceMeters><Position><LatitudeDegrees>50.852751</LatitudeDegrees><LongitudeDegrees>4.296617</LongitudeDegrees></Position><AltitudeMeters>52.7</AltitudeMeters><Extensions><TPX xmlns="http://www.garmin.com/xmlschemas/ActivityExtension/v2"><Speed>1.32</Speed></TPX></Extensions></Trackpoint><Trackpoint><Time>2026-03-20T12:08:45+00:00</Time><DistanceMeters>3290.7</DistanceMeters><Position><LatitudeDegrees>50.852744</LatitudeDegrees><LongitudeDegrees>4.296609</LongitudeDegrees></Position><AltitudeMeters>52.6</AltitudeMeters><Extensions><TPX xmlns="http://www.garmin.com/xmlschemas/ActivityExtension/v2"><Speed>1.32</Speed></TPX></Extensions></Trackpoint><Trackpoint><Time>2026-03-20T12:08:46+00:00</Time><DistanceMeters>3290.7</DistanceMeters><Position><LatitudeDegrees>50.852737</LatitudeDegrees><LongitudeDegrees>4.296594</LongitudeDegrees></Position><AltitudeMeters>52.5</AltitudeMeters><Extensions><TPX xmlns="http://www.garmin.com/xmlschemas/ActivityExtension/v2"><Speed>1.32</Speed></TPX></Extensions></Trackpoint><Trackpoint><Time>2026-03-20T12:08:47+00:00</Time><DistanceMeters>3294.1</DistanceMeters><Position><LatitudeDegrees>50.852734</LatitudeDegrees><LongitudeDegrees>4.296576</LongitudeDegrees></Position><AltitudeMeters>52.4</AltitudeMeters><Extensions><TPX xmlns="http://www.garmin.com/xmlschemas/ActivityExtension/v2"><Speed>1.3</Speed></TPX></Extensions></Trackpoint><Trackpoint><Time>2026-03-20T12:08:48+00:00</Time><DistanceMeters>3295.6</DistanceMeters><Position><LatitudeDegrees>50.852721</LatitudeDegrees><LongitudeDegrees>4.296551</LongitudeDegrees></Position><AltitudeMeters>52.2</AltitudeMeters><Extensions><TPX xmlns="http://www.garmin.com/xmlschemas/ActivityExtension/v2"><Speed>1.607</Speed></TPX></Extensions></Trackpoint><Trackpoint><Time>2026-03-20T12:08:49+00:00</Time><DistanceMeters>3297.2</DistanceMeters><Position><LatitudeDegrees>50.852712</LatitudeDegrees><LongitudeDegrees>4.296542</LongitudeDegrees></Position><AltitudeMeters>52.0</AltitudeMeters><Extensions><TPX xmlns="http://www.garmin.com/xmlschemas/ActivityExtension/v2"><Speed>1.293</Speed></TPX></Extensions></Trackpoint><Trackpoint><Time>2026-03-20T12:08:50+00:00</Time><DistanceMeters>3298.7</DistanceMeters><Position><LatitudeDegrees>50.852702</LatitudeDegrees><LongitudeDegrees>4.296533</LongitudeDegrees></Position><AltitudeMeters>51.9</AltitudeMeters><Extensions><TPX xmlns="http://www.garmin.com/xmlschemas/ActivityExtension/v2"><Speed>1.6</Speed></TPX></Extensions></Trackpoint><Trackpoint><Time>2026-03-20T12:08:51+00:00</Time><DistanceMeters>3298.7</DistanceMeters><Position><LatitudeDegrees>50.852687</LatitudeDegrees><LongitudeDegrees>4.296518</LongitudeDegrees></Position><AltitudeMeters>51.8</AltitudeMeters><Extensions><TPX xmlns="http://www.garmin.com/xmlschemas/ActivityExtension/v2"><Speed>1.6</Speed></TPX></Extensions></Trackpoint><Trackpoint><Time>2026-03-20T12:08:52+00:00</Time><DistanceMeters>3302.4</DistanceMeters><Position><LatitudeDegrees>50.852676</LatitudeDegrees><LongitudeDegrees>4.296501</LongitudeDegrees></Position><AltitudeMeters>51.6</AltitudeMeters><Extensions><TPX xmlns="http://www.garmin.com/xmlschemas/ActivityExtension/v2"><Speed>1.66</Speed></TPX></Extensions></Trackpoint><Trackpoint><Time>2026-03-20T12:08:53+00:00</Time><DistanceMeters>3302.4</DistanceMeters><Position><LatitudeDegrees>50.852665</LatitudeDegrees><LongitudeDegrees>4.296483</LongitudeDegrees></Position><AltitudeMeters>51.4</AltitudeMeters><Extensions><TPX xmlns="http://www.garmin.com/xmlschemas/ActivityExtension/v2"><Speed>1.353</Speed></TPX></Extensions></Trackpoint><Trackpoint><Time>2026-03-20T12:08:54+00:00</Time><DistanceMeters>3305.8</DistanceMeters><Position><LatitudeDegrees>50.852654</LatitudeDegrees><LongitudeDegrees>4.296467</LongitudeDegrees></Position><AltitudeMeters>51.3</AltitudeMeters><Extensions><TPX xmlns="http://www.garmin.com/xmlschemas/ActivityExtension/v2"><Speed>1.727</Speed></TPX></Extensions></Trackpoint><Trackpoint><Time>2026-03-20T12:08:55+00:00</Time><DistanceMeters>3305.8</DistanceMeters><Position><LatitudeDegrees>50.852642</LatitudeDegrees><LongitudeDegrees>4.296454</LongitudeDegrees></Position><AltitudeMeters>51.1</AltitudeMeters><Extensions><TPX xmlns="http://www.garmin.com/xmlschemas/ActivityExtension/v2"><Speed>1.42</Speed></TPX></Extensions></Trackpoint><Trackpoint><Time>2026-03-20T12:08:56+00:00</Time><DistanceMeters>3309.1</DistanceMeters><Position><LatitudeDegrees>50.852631</LatitudeDegrees><LongitudeDegrees>4.296438</LongitudeDegrees></Position><AltitudeMeters>51.0</AltitudeMeters><Extensions><TPX xmlns="http://www.garmin.com/xmlschemas/ActivityExtension/v2"><Speed>2.08</Speed></TPX></Extensions></Trackpoint><Trackpoint><Time>2026-03-20T12:08:57+00:00</Time><DistanceMeters>3309.1</DistanceMeters><Position><LatitudeDegrees>50.85262</LatitudeDegrees><LongitudeDegrees>4.296424</LongitudeDegrees></Position><AltitudeMeters>50.9</AltitudeMeters><Extensions><TPX xmlns="http://www.garmin.com/xmlschemas/ActivityExtension/v2"><Speed>1.34</Speed></TPX></Extensions></Trackpoint><Trackpoint><Time>2026-03-20T12:08:58+00:00</Time><DistanceMeters>3312.1</DistanceMeters><Position><LatitudeDegrees>50.852609</LatitudeDegrees><LongitudeDegrees>4.296413</LongitudeDegrees></Position><AltitudeMeters>50.7</AltitudeMeters><Extensions><TPX xmlns="http://www.garmin.com/xmlschemas/ActivityExtension/v2"><Speed>1.94</Speed></TPX></Extensions></Trackpoint><Trackpoint><Time>2026-03-20T12:08:59+00:00</Time><DistanceMeters>3312.1</DistanceMeters><Position><LatitudeDegrees>50.852594</LatitudeDegrees><LongitudeDegrees>4.296407</LongitudeDegrees></Position><AltitudeMeters>50.6</AltitudeMeters><Extensions><TPX xmlns="http://www.garmin.com/xmlschemas/ActivityExtension/v2"><Speed>1.26</Speed></TPX></Extensions></Trackpoint><Trackpoint><Time>2026-03-20T12:09:00+00:00</Time><DistanceMeters>3315.6</DistanceMeters><Position><LatitudeDegrees>50.852578</LatitudeDegrees><LongitudeDegrees>4.296406</LongitudeDegrees></Position><AltitudeMeters>50.4</AltitudeMeters><Extensions><TPX xmlns="http://www.garmin.com/xmlschemas/ActivityExtension/v2"><Speed>1.96</Speed></TPX></Extensions></Trackpoint><Trackpoint><Time>2026-03-20T12:09:01+00:00</Time><DistanceMeters>3315.6</DistanceMeters><Position><LatitudeDegrees>50.852561</LatitudeDegrees><LongitudeDegrees>4.296404</LongitudeDegrees></Position><AltitudeMeters>50.3</AltitudeMeters><Extensions><TPX xmlns="http://www.garmin.com/xmlschemas/ActivityExtension/v2"><Speed>1.3</Speed></TPX></Extensions></Trackpoint><Trackpoint><Time>2026-03-20T12:09:02+00:00</Time><DistanceMeters>3319.6</DistanceMeters><Position><LatitudeDegrees>50.852542</LatitudeDegrees><LongitudeDegrees>4.296404</LongitudeDegrees></Position><AltitudeMeters>50.1</AltitudeMeters><Extensions><TPX xmlns="http://www.garmin.com/xmlschemas/ActivityExtension/v2"><Speed>2.1</Speed></TPX></Extensions></Trackpoint><Trackpoint><Time>2026-03-20T12:09:03+00:00</Time><DistanceMeters>3319.6</DistanceMeters><Position><LatitudeDegrees>50.852525</LatitudeDegrees><LongitudeDegrees>4.296402</LongitudeDegrees></Position><AltitudeMeters>49.9</AltitudeMeters><Extensions><TPX xmlns="http://www.garmin.com/xmlschemas/ActivityExtension/v2"><Speed>1.5</Speed></TPX></Extensions></Trackpoint><Trackpoint><Time>2026-03-20T12:09:04+00:00</Time><DistanceMeters>3323.4</DistanceMeters><Position><LatitudeDegrees>50.852508</LatitudeDegrees><LongitudeDegrees>4.296403</LongitudeDegrees></Position><AltitudeMeters>49.8</AltitudeMeters><Extensions><TPX xmlns="http://www.garmin.com/xmlschemas/ActivityExtension/v2"><Speed>2.26</Speed></TPX></Extensions></Trackpoint><Trackpoint><Time>2026-03-20T12:09:05+00:00</Time><DistanceMeters>3323.4</DistanceMeters><Position><LatitudeDegrees>50.852493</LatitudeDegrees><LongitudeDegrees>4.296411</LongitudeDegrees></Position><AltitudeMeters>49.7</AltitudeMeters><Extensions><TPX xmlns="http://www.garmin.com/xmlschemas/ActivityExtension/v2"><Speed>1.56</Speed></TPX></Extensions></Trackpoint><Trackpoint><Time>2026-03-20T12:09:06+00:00</Time><DistanceMeters>3326.6</DistanceMeters><Position><LatitudeDegrees>50.85248</LatitudeDegrees><LongitudeDegrees>4.296414</LongitudeDegrees></Position><AltitudeMeters>49.5</AltitudeMeters><Extensions><TPX xmlns="http://www.garmin.com/xmlschemas/ActivityExtension/v2"><Speed>2.2</Speed></TPX></Extensions></Trackpoint><Trackpoint><Time>2026-03-20T12:09:07+00:00</Time><DistanceMeters>3326.6</DistanceMeters><Position><LatitudeDegrees>50.852467</LatitudeDegrees><LongitudeDegrees>4.296418</LongitudeDegrees></Position><AltitudeMeters>49.4</AltitudeMeters><Extensions><TPX xmlns="http://www.garmin.com/xmlschemas/ActivityExtension/v2"><Speed>1.4</Speed></TPX></Extensions></Trackpoint><Trackpoint><Time>2026-03-20T12:09:08+00:00</Time><DistanceMeters>3330.0</DistanceMeters><Position><LatitudeDegrees>50.85245</LatitudeDegrees><LongitudeDegrees>4.296424</LongitudeDegrees></Position><AltitudeMeters>49.3</AltitudeMeters><Extensions><TPX xmlns="http://www.garmin.com/xmlschemas/ActivityExtension/v2"><Speed>2.08</Speed></TPX></Extensions></Trackpoint><Trackpoint><Time>2026-03-20T12:09:09+00:00</Time><DistanceMeters>3330.0</DistanceMeters><Position><LatitudeDegrees>50.852445</LatitudeDegrees><LongitudeDegrees>4.296433</LongitudeDegrees></Position><AltitudeMeters>49.2</AltitudeMeters><Extensions><TPX xmlns="http://www.garmin.com/xmlschemas/ActivityExtension/v2"><Speed>1.32</Speed></TPX></Extensions></Trackpoint><Trackpoint><Time>2026-03-20T12:09:10+00:00</Time><DistanceMeters>3330.0</DistanceMeters><Position><LatitudeDegrees>50.852441</LatitudeDegrees><LongitudeDegrees>4.296448</LongitudeDegrees></Position><AltitudeMeters>49.2</AltitudeMeters><Extensions><TPX xmlns="http://www.garmin.com/xmlschemas/ActivityExtension/v2"><Speed>1.32</Speed></TPX></Extensions></Trackpoint><Trackpoint><Time>2026-03-20T12:09:11+00:00</Time><DistanceMeters>3333.2</DistanceMeters><Position><LatitudeDegrees>50.852437</LatitudeDegrees><LongitudeDegrees>4.296464</LongitudeDegrees></Position><AltitudeMeters>49.1</AltitudeMeters><Extensions><TPX xmlns="http://www.garmin.com/xmlschemas/ActivityExtension/v2"><Speed>1.32</Speed></TPX></Extensions></Trackpoint><Trackpoint><Time>2026-03-20T12:09:12+00:00</Time><DistanceMeters>3334.8</DistanceMeters><Position><LatitudeDegrees>50.852433</LatitudeDegrees><LongitudeDegrees>4.296499</LongitudeDegrees></Position><AltitudeMeters>49.0</AltitudeMeters><Extensions><TPX xmlns="http://www.garmin.com/xmlschemas/ActivityExtension/v2"><Speed>1.64</Speed></TPX></Extensions></Trackpoint><Trackpoint><Time>2026-03-20T12:09:13+00:00</Time><DistanceMeters>3336.4</DistanceMeters><Position><LatitudeDegrees>50.852433</LatitudeDegrees><LongitudeDegrees>4.296516</LongitudeDegrees></Position><AltitudeMeters>48.9</AltitudeMeters><Extensions><TPX xmlns="http://www.garmin.com/xmlschemas/ActivityExtension/v2"><Speed>1.28</Speed></TPX></Extensions></Trackpoint><Trackpoint><Time>2026-03-20T12:09:14+00:00</Time><DistanceMeters>3338.0</DistanceMeters><Position><LatitudeDegrees>50.852432</LatitudeDegrees><LongitudeDegrees>4.296532</LongitudeDegrees></Position><AltitudeMeters>48.9</AltitudeMeters><Extensions><TPX xmlns="http://www.garmin.com/xmlschemas/ActivityExtension/v2"><Speed>1.6</Speed></TPX></Extensions></Trackpoint><Trackpoint><Time>2026-03-20T12:09:15+00:00</Time><DistanceMeters>3338.0</DistanceMeters><Position><LatitudeDegrees>50.85243</LatitudeDegrees><LongitudeDegrees>4.296544</LongitudeDegrees></Position><AltitudeMeters>48.8</AltitudeMeters><Extensions><TPX xmlns="http://www.garmin.com/xmlschemas/ActivityExtension/v2"><Speed>1.6</Speed></TPX></Extensions></Trackpoint><Trackpoint><Time>2026-03-20T12:09:16+00:00</Time><DistanceMeters>3338.0</DistanceMeters><Position><LatitudeDegrees>50.852427</LatitudeDegrees><LongitudeDegrees>4.296562</LongitudeDegrees></Position><AltitudeMeters>48.8</AltitudeMeters><Extensions><TPX xmlns="http://www.garmin.com/xmlschemas/ActivityExtension/v2"><Speed>0.96</Speed></TPX></Extensions></Trackpoint><Trackpoint><Time>2026-03-20T12:09:17+00:00</Time><DistanceMeters>3341.6</DistanceMeters><Position><LatitudeDegrees>50.852423</LatitudeDegrees><LongitudeDegrees>4.296582</LongitudeDegrees></Position><AltitudeMeters>48.7</AltitudeMeters><Extensions><TPX xmlns="http://www.garmin.com/xmlschemas/ActivityExtension/v2"><Speed>1.36</Speed></TPX></Extensions></Trackpoint><Trackpoint><Time>2026-03-20T12:09:18+00:00</Time><DistanceMeters>3343.3</DistanceMeters><Position><LatitudeDegrees>50.852411</LatitudeDegrees><LongitudeDegrees>4.296616</LongitudeDegrees></Position><AltitudeMeters>48.6</AltitudeMeters><Extensions><TPX xmlns="http://www.garmin.com/xmlschemas/ActivityExtension/v2"><Speed>1.373</Speed></TPX></Extensions></Trackpoint><Trackpoint><Time>2026-03-20T12:09:19+00:00</Time><DistanceMeters>3344.9</DistanceMeters><Position><LatitudeDegrees>50.852406</LatitudeDegrees><LongitudeDegrees>4.296629</LongitudeDegrees></Position><AltitudeMeters>48.6</AltitudeMeters><Extensions><TPX xmlns="http://www.garmin.com/xmlschemas/ActivityExtension/v2"><Speed>1.387</Speed></TPX></Extensions></Trackpoint><Trackpoint><Time>2026-03-20T12:09:20+00:00</Time><DistanceMeters>3346.6</DistanceMeters><Position><LatitudeDegrees>50.8524</LatitudeDegrees><LongitudeDegrees>4.296643</LongitudeDegrees></Position><AltitudeMeters>48.5</AltitudeMeters><Extensions><TPX xmlns="http://www.garmin.com/xmlschemas/ActivityExtension/v2"><Speed>1.72</Speed></TPX></Extensions></Trackpoint><Trackpoint><Time>2026-03-20T12:09:21+00:00</Time><DistanceMeters>3346.6</DistanceMeters><Position><LatitudeDegrees>50.852398</LatitudeDegrees><LongitudeDegrees>4.296659</LongitudeDegrees></Position><AltitudeMeters>48.5</AltitudeMeters><Extensions><TPX xmlns="http://www.garmin.com/xmlschemas/ActivityExtension/v2"><Speed>1.72</Speed></TPX></Extensions></Trackpoint><Trackpoint><Time>2026-03-20T12:09:22+00:00</Time><DistanceMeters>3346.6</DistanceMeters><Position><LatitudeDegrees>50.852396</LatitudeDegrees><LongitudeDegrees>4.296679</LongitudeDegrees></Position><AltitudeMeters>48.5</AltitudeMeters><Extensions><TPX xmlns="http://www.garmin.com/xmlschemas/ActivityExtension/v2"><Speed>1.0</Speed></TPX></Extensions></Trackpoint><Trackpoint><Time>2026-03-20T12:09:23+00:00</Time><DistanceMeters>3350.6</DistanceMeters><Position><LatitudeDegrees>50.852391</LatitudeDegrees><LongitudeDegrees>4.296699</LongitudeDegrees></Position><AltitudeMeters>48.4</AltitudeMeters><Extensions><TPX xmlns="http://www.garmin.com/xmlschemas/ActivityExtension/v2"><Speed>1.467</Speed></TPX></Extensions></Trackpoint><Trackpoint><Time>2026-03-20T12:09:24+00:00</Time><DistanceMeters>3350.6</DistanceMeters><Position><LatitudeDegrees>50.852388</LatitudeDegrees><LongitudeDegrees>4.296719</LongitudeDegrees></Position><AltitudeMeters>48.4</AltitudeMeters><Extensions><TPX xmlns="http://www.garmin.com/xmlschemas/ActivityExtension/v2"><Speed>1.133</Speed></TPX></Extensions></Trackpoint><Trackpoint><Time>2026-03-20T12:09:25+00:00</Time><DistanceMeters>3350.6</DistanceMeters><Position><LatitudeDegrees>50.852389</LatitudeDegrees><LongitudeDegrees>4.296737</LongitudeDegrees></Position><AltitudeMeters>48.4</AltitudeMeters><Extensions><TPX xmlns="http://www.garmin.com/xmlschemas/ActivityExtension/v2"><Speed>0.8</Speed></TPX></Extensions></Trackpoint><Trackpoint><Time>2026-03-20T12:09:26+00:00</Time><DistanceMeters>3350.6</DistanceMeters><Position><LatitudeDegrees>50.852399</LatitudeDegrees><LongitudeDegrees>4.296738</LongitudeDegrees></Position><AltitudeMeters>48.4</AltitudeMeters><Extensions><TPX xmlns="http://www.garmin.com/xmlschemas/ActivityExtension/v2"><Speed>0.8</Speed></TPX></Extensions></Trackpoint><Trackpoint><Time>2026-03-20T12:09:27+00:00</Time><DistanceMeters>3350.6</DistanceMeters><Position><LatitudeDegrees>50.852409</LatitudeDegrees><LongitudeDegrees>4.29672</LongitudeDegrees></Position><AltitudeMeters>48.4</AltitudeMeters><Extensions><TPX xmlns="http://www.garmin.com/xmlschemas/ActivityExtension/v2"><Speed>0.8</Speed></TPX></Extensions></Trackpoint><Trackpoint><Time>2026-03-20T12:09:28+00:00</Time><DistanceMeters>3350.6</DistanceMeters><Position><LatitudeDegrees>50.852414</LatitudeDegrees><LongitudeDegrees>4.296697</LongitudeDegrees></Position><AltitudeMeters>48.5</AltitudeMeters><Extensions><TPX xmlns="http://www.garmin.com/xmlschemas/ActivityExtension/v2"><Speed>0.0</Speed></TPX></Extensions></Trackpoint><Trackpoint><Time>2026-03-20T12:09:29+00:00</Time><DistanceMeters>3354.6</DistanceMeters><Position><LatitudeDegrees>50.852419</LatitudeDegrees><LongitudeDegrees>4.296664</LongitudeDegrees></Position><AltitudeMeters>48.5</AltitudeMeters><Extensions><TPX xmlns="http://www.garmin.com/xmlschemas/ActivityExtension/v2"><Speed>0.8</Speed></TPX></Extensions></Trackpoint><Trackpoint><Time>2026-03-20T12:09:30+00:00</Time><DistanceMeters>3358.9</DistanceMeters><Position><LatitudeDegrees>50.852422</LatitudeDegrees><LongitudeDegrees>4.296604</LongitudeDegrees></Position><AltitudeMeters>48.7</AltitudeMeters><Extensions><TPX xmlns="http://www.garmin.com/xmlschemas/ActivityExtension/v2"><Speed>1.66</Speed></TPX></Extensions></Trackpoint><Trackpoint><Time>2026-03-20T12:09:31+00:00</Time><DistanceMeters>3362.6</DistanceMeters><Position><LatitudeDegrees>50.852435</LatitudeDegrees><LongitudeDegrees>4.296554</LongitudeDegrees></Position><AltitudeMeters>48.8</AltitudeMeters><Extensions><TPX xmlns="http://www.garmin.com/xmlschemas/ActivityExtension/v2"><Speed>2.4</Speed></TPX></Extensions></Trackpoint><Trackpoint><Time>2026-03-20T12:09:32+00:00</Time><DistanceMeters>3366.9</DistanceMeters><Position><LatitudeDegrees>50.852457</LatitudeDegrees><LongitudeDegrees>4.296505</LongitudeDegrees></Position><AltitudeMeters>49.0</AltitudeMeters><Extensions><TPX xmlns="http://www.garmin.com/xmlschemas/ActivityExtension/v2"><Speed>3.26</Speed></TPX></Extensions></Trackpoint><Trackpoint><Time>2026-03-20T12:09:33+00:00</Time><DistanceMeters>3371.0</DistanceMeters><Position><LatitudeDegrees>50.852485</LatitudeDegrees><LongitudeDegrees>4.296465</LongitudeDegrees></Position><AltitudeMeters>49.2</AltitudeMeters><Extensions><TPX xmlns="http://www.garmin.com/xmlschemas/ActivityExtension/v2"><Speed>4.08</Speed></TPX></Extensions></Trackpoint><Trackpoint><Time>2026-03-20T12:09:34+00:00</Time><DistanceMeters>3374.8</DistanceMeters><Position><LatitudeDegrees>50.852515</LatitudeDegrees><LongitudeDegrees>4.29644</LongitudeDegrees></Position><AltitudeMeters>49.4</AltitudeMeters><Extensions><TPX xmlns="http://www.garmin.com/xmlschemas/ActivityExtension/v2"><Speed>4.04</Speed></TPX></Extensions></Trackpoint><Trackpoint><Time>2026-03-20T12:09:35+00:00</Time><DistanceMeters>3378.6</DistanceMeters><Position><LatitudeDegrees>50.852549</LatitudeDegrees><LongitudeDegrees>4.296431</LongitudeDegrees></Position><AltitudeMeters>49.7</AltitudeMeters><Extensions><TPX xmlns="http://www.garmin.com/xmlschemas/ActivityExtension/v2"><Speed>3.94</Speed></TPX></Extensions></Trackpoint><Trackpoint><Time>2026-03-20T12:09:36+00:00</Time><DistanceMeters>3382.4</DistanceMeters><Position><LatitudeDegrees>50.852582</LatitudeDegrees><LongitudeDegrees>4.296443</LongitudeDegrees></Position><AltitudeMeters>49.9</AltitudeMeters><Extensions><TPX xmlns="http://www.garmin.com/xmlschemas/ActivityExtension/v2"><Speed>3.96</Speed></TPX></Extensions></Trackpoint><Trackpoint><Time>2026-03-20T12:09:37+00:00</Time><DistanceMeters>3386.0</DistanceMeters><Position><LatitudeDegrees>50.852611</LatitudeDegrees><LongitudeDegrees>4.296466</LongitudeDegrees></Position><AltitudeMeters>50.2</AltitudeMeters><Extensions><TPX xmlns="http://www.garmin.com/xmlschemas/ActivityExtension/v2"><Speed>3.82</Speed></TPX></Extensions></Trackpoint><Trackpoint><Time>2026-03-20T12:09:38+00:00</Time><DistanceMeters>3389.8</DistanceMeters><Position><LatitudeDegrees>50.852637</LatitudeDegrees><LongitudeDegrees>4.296501</LongitudeDegrees></Position><AltitudeMeters>50.5</AltitudeMeters><Extensions><TPX xmlns="http://www.garmin.com/xmlschemas/ActivityExtension/v2"><Speed>3.76</Speed></TPX></Extensions></Trackpoint><Trackpoint><Time>2026-03-20T12:09:39+00:00</Time><DistanceMeters>3393.6</DistanceMeters><Position><LatitudeDegrees>50.852659</LatitudeDegrees><LongitudeDegrees>4.296543</LongitudeDegrees></Position><AltitudeMeters>50.8</AltitudeMeters><Extensions><TPX xmlns="http://www.garmin.com/xmlschemas/ActivityExtension/v2"><Speed>3.76</Speed></TPX></Extensions></Trackpoint><Trackpoint><Time>2026-03-20T12:09:40+00:00</Time><DistanceMeters>3397.4</DistanceMeters><Position><LatitudeDegrees>50.85268</LatitudeDegrees><LongitudeDegrees>4.296585</LongitudeDegrees></Position><AltitudeMeters>51.1</AltitudeMeters><Extensions><TPX xmlns="http://www.garmin.com/xmlschemas/ActivityExtension/v2"><Speed>3.76</Speed></TPX></Extensions></Trackpoint><Trackpoint><Time>2026-03-20T12:09:41+00:00</Time><DistanceMeters>3401.1</DistanceMeters><Position><LatitudeDegrees>50.852699</LatitudeDegrees><LongitudeDegrees>4.296628</LongitudeDegrees></Position><AltitudeMeters>51.4</AltitudeMeters><Extensions><TPX xmlns="http://www.garmin.com/xmlschemas/ActivityExtension/v2"><Speed>3.74</Speed></TPX></Extensions></Trackpoint><Trackpoint><Time>2026-03-20T12:09:42+00:00</Time><DistanceMeters>3404.4</DistanceMeters><Position><LatitudeDegrees>50.852716</LatitudeDegrees><LongitudeDegrees>4.296667</LongitudeDegrees></Position><AltitudeMeters>51.7</AltitudeMeters><Extensions><TPX xmlns="http://www.garmin.com/xmlschemas/ActivityExtension/v2"><Speed>3.68</Speed></TPX></Extensions></Trackpoint><Trackpoint><Time>2026-03-20T12:09:43+00:00</Time><DistanceMeters>3407.8</DistanceMeters><Position><LatitudeDegrees>50.852731</LatitudeDegrees><LongitudeDegrees>4.296709</LongitudeDegrees></Position><AltitudeMeters>51.9</AltitudeMeters><Extensions><TPX xmlns="http://www.garmin.com/xmlschemas/ActivityExtension/v2"><Speed>3.6</Speed></TPX></Extensions></Trackpoint><Trackpoint><Time>2026-03-20T12:09:44+00:00</Time><DistanceMeters>3411.5</DistanceMeters><Position><LatitudeDegrees>50.852749</LatitudeDegrees><LongitudeDegrees>4.296754</LongitudeDegrees></Position><AltitudeMeters>52.2</AltitudeMeters><Extensions><TPX xmlns="http://www.garmin.com/xmlschemas/ActivityExtension/v2"><Speed>3.58</Speed></TPX></Extensions></Trackpoint><Trackpoint><Time>2026-03-20T12:09:45+00:00</Time><DistanceMeters>3415.4</DistanceMeters><Position><LatitudeDegrees>50.852768</LatitudeDegrees><LongitudeDegrees>4.296799</LongitudeDegrees></Position><AltitudeMeters>52.6</AltitudeMeters><Extensions><TPX xmlns="http://www.garmin.com/xmlschemas/ActivityExtension/v2"><Speed>3.6</Speed></TPX></Extensions></Trackpoint><Trackpoint><Time>2026-03-20T12:09:46+00:00</Time><DistanceMeters>3419.4</DistanceMeters><Position><LatitudeDegrees>50.85279</LatitudeDegrees><LongitudeDegrees>4.296845</LongitudeDegrees></Position><AltitudeMeters>52.9</AltitudeMeters><Extensions><TPX xmlns="http://www.garmin.com/xmlschemas/ActivityExtension/v2"><Speed>3.66</Speed></TPX></Extensions></Trackpoint><Trackpoint><Time>2026-03-20T12:09:47+00:00</Time><DistanceMeters>3423.7</DistanceMeters><Position><LatitudeDegrees>50.852814</LatitudeDegrees><LongitudeDegrees>4.296893</LongitudeDegrees></Position><AltitudeMeters>53.3</AltitudeMeters><Extensions><TPX xmlns="http://www.garmin.com/xmlschemas/ActivityExtension/v2"><Speed>3.86</Speed></TPX></Extensions></Trackpoint><Trackpoint><Time>2026-03-20T12:09:48+00:00</Time><DistanceMeters>3427.6</DistanceMeters><Position><LatitudeDegrees>50.852839</LatitudeDegrees><LongitudeDegrees>4.296932</LongitudeDegrees></Position><AltitudeMeters>53.7</AltitudeMeters><Extensions><TPX xmlns="http://www.garmin.com/xmlschemas/ActivityExtension/v2"><Speed>3.96</Speed></TPX></Extensions></Trackpoint><Trackpoint><Time>2026-03-20T12:09:50+00:00</Time><DistanceMeters>3434.8</DistanceMeters><Position><LatitudeDegrees>50.852891</LatitudeDegrees><LongitudeDegrees>4.296994</LongitudeDegrees></Position><AltitudeMeters>54.5</AltitudeMeters><Extensions><TPX xmlns="http://www.garmin.com/xmlschemas/ActivityExtension/v2"><Speed>3.88</Speed></TPX></Extensions></Trackpoint><Trackpoint><Time>2026-03-20T12:09:51+00:00</Time><DistanceMeters>3438.1</DistanceMeters><Position><LatitudeDegrees>50.852917</LatitudeDegrees><LongitudeDegrees>4.297016</LongitudeDegrees></Position><AltitudeMeters>54.8</AltitudeMeters><Extensions><TPX xmlns="http://www.garmin.com/xmlschemas/ActivityExtension/v2"><Speed>3.74</Speed></TPX></Extensions></Trackpoint><Trackpoint><Time>2026-03-20T12:09:52+00:00</Time><DistanceMeters>3441.3</DistanceMeters><Position><LatitudeDegrees>50.852944</LatitudeDegrees><LongitudeDegrees>4.29703</LongitudeDegrees></Position><AltitudeMeters>55.2</AltitudeMeters><Extensions><TPX xmlns="http://www.garmin.com/xmlschemas/ActivityExtension/v2"><Speed>3.52</Speed></TPX></Extensions></Trackpoint><Trackpoint><Time>2026-03-20T12:09:54+00:00</Time><DistanceMeters>3447.4</DistanceMeters><Position><LatitudeDegrees>50.853012</LatitudeDegrees><LongitudeDegrees>4.297037</LongitudeDegrees></Position><AltitudeMeters>56.1</AltitudeMeters><Extensions><TPX xmlns="http://www.garmin.com/xmlschemas/ActivityExtension/v2"><Speed>3.292</Speed></TPX></Extensions></Trackpoint><Trackpoint><Time>2026-03-20T12:09:55+00:00</Time><DistanceMeters>3450.3</DistanceMeters><Position><LatitudeDegrees>50.853025</LatitudeDegrees><LongitudeDegrees>4.297034</LongitudeDegrees></Position><AltitudeMeters>56.2</AltitudeMeters><Extensions><TPX xmlns="http://www.garmin.com/xmlschemas/ActivityExtension/v2"><Speed>3.1</Speed></TPX></Extensions></Trackpoint><Trackpoint><Time>2026-03-20T12:09:56+00:00</Time><DistanceMeters>3453.4</DistanceMeters><Position><LatitudeDegrees>50.853052</LatitudeDegrees><LongitudeDegrees>4.297019</LongitudeDegrees></Position><AltitudeMeters>56.6</AltitudeMeters><Extensions><TPX xmlns="http://www.garmin.com/xmlschemas/ActivityExtension/v2"><Speed>3.06</Speed></TPX></Extensions></Trackpoint><Trackpoint><Time>2026-03-20T12:09:57+00:00</Time><DistanceMeters>3456.4</DistanceMeters><Position><LatitudeDegrees>50.853085</LatitudeDegrees><LongitudeDegrees>4.296984</LongitudeDegrees></Position><AltitudeMeters>57.1</AltitudeMeters><Extensions><TPX xmlns="http://www.garmin.com/xmlschemas/ActivityExtension/v2"><Speed>3.01</Speed></TPX></Extensions></Trackpoint><Trackpoint><Time>2026-03-20T12:09:58+00:00</Time><DistanceMeters>3459.3</DistanceMeters><Position><LatitudeDegrees>50.853095</LatitudeDegrees><LongitudeDegrees>4.296971</LongitudeDegrees></Position><AltitudeMeters>57.3</AltitudeMeters><Extensions><TPX xmlns="http://www.garmin.com/xmlschemas/ActivityExtension/v2"><Speed>3.0</Speed></TPX></Extensions></Trackpoint><Trackpoint><Time>2026-03-20T12:09:59+00:00</Time><DistanceMeters>3462.3</DistanceMeters><Position><LatitudeDegrees>50.853115</LatitudeDegrees><LongitudeDegrees>4.296942</LongitudeDegrees></Position><AltitudeMeters>57.6</AltitudeMeters><Extensions><TPX xmlns="http://www.garmin.com/xmlschemas/ActivityExtension/v2"><Speed>2.99</Speed></TPX></Extensions></Trackpoint><Trackpoint><Time>2026-03-20T12:10:00+00:00</Time><DistanceMeters>3465.4</DistanceMeters><Position><LatitudeDegrees>50.853132</LatitudeDegrees><LongitudeDegrees>4.296907</LongitudeDegrees></Position><AltitudeMeters>58.0</AltitudeMeters><Extensions><TPX xmlns="http://www.garmin.com/xmlschemas/ActivityExtension/v2"><Speed>3.02</Speed></TPX></Extensions></Trackpoint><Trackpoint><Time>2026-03-20T12:10:01+00:00</Time><DistanceMeters>3468.3</DistanceMeters><Position><LatitudeDegrees>50.853156</LatitudeDegrees><LongitudeDegrees>4.296861</LongitudeDegrees></Position><AltitudeMeters>58.4</AltitudeMeters><Extensions><TPX xmlns="http://www.garmin.com/xmlschemas/ActivityExtension/v2"><Speed>2.97</Speed></TPX></Extensions></Trackpoint><Trackpoint><Time>2026-03-20T12:10:02+00:00</Time><DistanceMeters>3471.1</DistanceMeters><Position><LatitudeDegrees>50.853165</LatitudeDegrees><LongitudeDegrees>4.296845</LongitudeDegrees></Position><AltitudeMeters>58.5</AltitudeMeters><Extensions><TPX xmlns="http://www.garmin.com/xmlschemas/ActivityExtension/v2"><Speed>2.95</Speed></TPX></Extensions></Trackpoint><Trackpoint><Time>2026-03-20T12:10:03+00:00</Time><DistanceMeters>3474.4</DistanceMeters><Position><LatitudeDegrees>50.853187</LatitudeDegrees><LongitudeDegrees>4.296813</LongitudeDegrees></Position><AltitudeMeters>58.9</AltitudeMeters><Extensions><TPX xmlns="http://www.garmin.com/xmlschemas/ActivityExtension/v2"><Speed>3.02</Speed></TPX></Extensions></Trackpoint><Trackpoint><Time>2026-03-20T12:10:04+00:00</Time><DistanceMeters>3478.2</DistanceMeters><Position><LatitudeDegrees>50.853213</LatitudeDegrees><LongitudeDegrees>4.296778</LongitudeDegrees></Position><AltitudeMeters>59.3</AltitudeMeters><Extensions><TPX xmlns="http://www.garmin.com/xmlschemas/ActivityExtension/v2"><Speed>3.18</Speed></TPX></Extensions></Trackpoint><Trackpoint><Time>2026-03-20T12:10:05+00:00</Time><DistanceMeters>3482.1</DistanceMeters><Position><LatitudeDegrees>50.853243</LatitudeDegrees><LongitudeDegrees>4.296748</LongitudeDegrees></Position><AltitudeMeters>59.6</AltitudeMeters><Extensions><TPX xmlns="http://www.garmin.com/xmlschemas/ActivityExtension/v2"><Speed>3.34</Speed></TPX></Extensions></Trackpoint><Trackpoint><Time>2026-03-20T12:10:06+00:00</Time><DistanceMeters>3485.7</DistanceMeters><Position><LatitudeDegrees>50.853272</LatitudeDegrees><LongitudeDegrees>4.296726</LongitudeDegrees></Position><AltitudeMeters>60.0</AltitudeMeters><Extensions><TPX xmlns="http://www.garmin.com/xmlschemas/ActivityExtension/v2"><Speed>3.49</Speed></TPX></Extensions></Trackpoint><Trackpoint><Time>2026-03-20T12:10:07+00:00</Time><DistanceMeters>3488.7</DistanceMeters><Position><LatitudeDegrees>50.853309</LatitudeDegrees><LongitudeDegrees>4.296703</LongitudeDegrees></Position><AltitudeMeters>60.5</AltitudeMeters><Extensions><TPX xmlns="http://www.garmin.com/xmlschemas/ActivityExtension/v2"><Speed>3.52</Speed></TPX></Extensions></Trackpoint><Trackpoint><Time>2026-03-20T12:10:08+00:00</Time><DistanceMeters>3491.7</DistanceMeters><Position><LatitudeDegrees>50.853322</LatitudeDegrees><LongitudeDegrees>4.296695</LongitudeDegrees></Position><AltitudeMeters>60.6</AltitudeMeters><Extensions><TPX xmlns="http://www.garmin.com/xmlschemas/ActivityExtension/v2"><Speed>3.46</Speed></TPX></Extensions></Trackpoint><Trackpoint><Time>2026-03-20T12:10:09+00:00</Time><DistanceMeters>3494.0</DistanceMeters><Position><LatitudeDegrees>50.853352</LatitudeDegrees><LongitudeDegrees>4.2967</LongitudeDegrees></Position><AltitudeMeters>60.9</AltitudeMeters><Extensions><TPX xmlns="http://www.garmin.com/xmlschemas/ActivityExtension/v2"><Speed>3.16</Speed></TPX></Extensions></Trackpoint><Trackpoint><Time>2026-03-20T12:10:10+00:00</Time><DistanceMeters>3496.3</DistanceMeters><Position><LatitudeDegrees>50.853362</LatitudeDegrees><LongitudeDegrees>4.296703</LongitudeDegrees></Position><AltitudeMeters>61.1</AltitudeMeters><Extensions><TPX xmlns="http://www.garmin.com/xmlschemas/ActivityExtension/v2"><Speed>2.84</Speed></TPX></Extensions></Trackpoint><Trackpoint><Time>2026-03-20T12:10:11+00:00</Time><DistanceMeters>3498.5</DistanceMeters><Position><LatitudeDegrees>50.85339</LatitudeDegrees><LongitudeDegrees>4.296718</LongitudeDegrees></Position><AltitudeMeters>61.4</AltitudeMeters><Extensions><TPX xmlns="http://www.garmin.com/xmlschemas/ActivityExtension/v2"><Speed>2.56</Speed></TPX></Extensions></Trackpoint><Trackpoint><Time>2026-03-20T12:10:12+00:00</Time><DistanceMeters>3500.7</DistanceMeters><Position><LatitudeDegrees>50.8534</LatitudeDegrees><LongitudeDegrees>4.296726</LongitudeDegrees></Position><AltitudeMeters>61.5</AltitudeMeters><Extensions><TPX xmlns="http://www.garmin.com/xmlschemas/ActivityExtension/v2"><Speed>2.4</Speed></TPX></Extensions></Trackpoint><Trackpoint><Time>2026-03-20T12:10:13+00:00</Time><DistanceMeters>3503.3</DistanceMeters><Position><LatitudeDegrees>50.853432</LatitudeDegrees><LongitudeDegrees>4.296751</LongitudeDegrees></Position><AltitudeMeters>61.9</AltitudeMeters><Extensions><TPX xmlns="http://www.garmin.com/xmlschemas/ActivityExtension/v2"><Speed>2.32</Speed></TPX></Extensions></Trackpoint><Trackpoint><Time>2026-03-20T12:10:14+00:00</Time><DistanceMeters>3505.9</DistanceMeters><Position><LatitudeDegrees>50.853442</LatitudeDegrees><LongitudeDegrees>4.296759</LongitudeDegrees></Position><AltitudeMeters>62.0</AltitudeMeters><Extensions><TPX xmlns="http://www.garmin.com/xmlschemas/ActivityExtension/v2"><Speed>2.38</Speed></TPX></Extensions></Trackpoint><Trackpoint><Time>2026-03-20T12:10:15+00:00</Time><DistanceMeters>3505.9</DistanceMeters><Position><LatitudeDegrees>50.853459</LatitudeDegrees><LongitudeDegrees>4.296781</LongitudeDegrees></Position><AltitudeMeters>62.1</AltitudeMeters><Extensions><TPX xmlns="http://www.garmin.com/xmlschemas/ActivityExtension/v2"><Speed>1.92</Speed></TPX></Extensions></Trackpoint><Trackpoint><Time>2026-03-20T12:10:16+00:00</Time><DistanceMeters>3509.9</DistanceMeters><Position><LatitudeDegrees>50.853471</LatitudeDegrees><LongitudeDegrees>4.296792</LongitudeDegrees></Position><AltitudeMeters>62.3</AltitudeMeters><Extensions><TPX xmlns="http://www.garmin.com/xmlschemas/ActivityExtension/v2"><Speed>2.28</Speed></TPX></Extensions></Trackpoint><Trackpoint><Time>2026-03-20T12:10:17+00:00</Time><DistanceMeters>3509.9</DistanceMeters><Position><LatitudeDegrees>50.853482</LatitudeDegrees><LongitudeDegrees>4.296771</LongitudeDegrees></Position><AltitudeMeters>62.4</AltitudeMeters><Extensions><TPX xmlns="http://www.garmin.com/xmlschemas/ActivityExtension/v2"><Speed>1.84</Speed></TPX></Extensions></Trackpoint><Trackpoint><Time>2026-03-20T12:10:18+00:00</Time><DistanceMeters>3513.8</DistanceMeters><Position><LatitudeDegrees>50.853478</LatitudeDegrees><LongitudeDegrees>4.296738</LongitudeDegrees></Position><AltitudeMeters>62.6</AltitudeMeters><Extensions><TPX xmlns="http://www.garmin.com/xmlschemas/ActivityExtension/v2"><Speed>2.1</Speed></TPX></Extensions></Trackpoint><Trackpoint><Time>2026-03-20T12:10:19+00:00</Time><DistanceMeters>3513.8</DistanceMeters><Position><LatitudeDegrees>50.853468</LatitudeDegrees><LongitudeDegrees>4.29671</LongitudeDegrees></Position><AltitudeMeters>62.7</AltitudeMeters><Extensions><TPX xmlns="http://www.garmin.com/xmlschemas/ActivityExtension/v2"><Speed>1.58</Speed></TPX></Extensions></Trackpoint><Trackpoint><Time>2026-03-20T12:10:20+00:00</Time><DistanceMeters>3517.8</DistanceMeters><Position><LatitudeDegrees>50.853462</LatitudeDegrees><LongitudeDegrees>4.296687</LongitudeDegrees></Position><AltitudeMeters>62.8</AltitudeMeters><Extensions><TPX xmlns="http://www.garmin.com/xmlschemas/ActivityExtension/v2"><Speed>2.38</Speed></TPX></Extensions></Trackpoint><Trackpoint><Time>2026-03-20T12:10:21+00:00</Time><DistanceMeters>3517.8</DistanceMeters><Position><LatitudeDegrees>50.853455</LatitudeDegrees><LongitudeDegrees>4.296661</LongitudeDegrees></Position><AltitudeMeters>63.0</AltitudeMeters><Extensions><TPX xmlns="http://www.garmin.com/xmlschemas/ActivityExtension/v2"><Speed>1.58</Speed></TPX></Extensions></Trackpoint><Trackpoint><Time>2026-03-20T12:10:22+00:00</Time><DistanceMeters>3521.8</DistanceMeters><Position><LatitudeDegrees>50.853442</LatitudeDegrees><LongitudeDegrees>4.296638</LongitudeDegrees></Position><AltitudeMeters>62.9</AltitudeMeters><Extensions><TPX xmlns="http://www.garmin.com/xmlschemas/ActivityExtension/v2"><Speed>2.38</Speed></TPX></Extensions></Trackpoint><Trackpoint><Time>2026-03-20T12:10:23+00:00</Time><DistanceMeters>3524.2</DistanceMeters><Position><LatitudeDegrees>50.853414</LatitudeDegrees><LongitudeDegrees>4.296614</LongitudeDegrees></Position><AltitudeMeters>62.6</AltitudeMeters><Extensions><TPX xmlns="http://www.garmin.com/xmlschemas/ActivityExtension/v2"><Speed>2.07</Speed></TPX></Extensions></Trackpoint><Trackpoint><Time>2026-03-20T12:10:24+00:00</Time><DistanceMeters>3526.5</DistanceMeters><Position><LatitudeDegrees>50.853404</LatitudeDegrees><LongitudeDegrees>4.296608</LongitudeDegrees></Position><AltitudeMeters>62.5</AltitudeMeters><Extensions><TPX xmlns="http://www.garmin.com/xmlschemas/ActivityExtension/v2"><Speed>2.54</Speed></TPX></Extensions></Trackpoint><Trackpoint><Time>2026-03-20T12:10:25+00:00</Time><DistanceMeters>3528.9</DistanceMeters><Position><LatitudeDegrees>50.853372</LatitudeDegrees><LongitudeDegrees>4.296598</LongitudeDegrees></Position><AltitudeMeters>62.2</AltitudeMeters><Extensions><TPX xmlns="http://www.garmin.com/xmlschemas/ActivityExtension/v2"><Speed>2.21</Speed></TPX></Extensions></Trackpoint><Trackpoint><Time>2026-03-20T12:10:26+00:00</Time><DistanceMeters>3531.2</DistanceMeters><Position><LatitudeDegrees>50.853363</LatitudeDegrees><LongitudeDegrees>4.296595</LongitudeDegrees></Position><AltitudeMeters>62.1</AltitudeMeters><Extensions><TPX xmlns="http://www.garmin.com/xmlschemas/ActivityExtension/v2"><Speed>2.68</Speed></TPX></Extensions></Trackpoint><Trackpoint><Time>2026-03-20T12:10:27+00:00</Time><DistanceMeters>3531.2</DistanceMeters><Position><LatitudeDegrees>50.853346</LatitudeDegrees><LongitudeDegrees>4.296596</LongitudeDegrees></Position><AltitudeMeters>62.0</AltitudeMeters><Extensions><TPX xmlns="http://www.garmin.com/xmlschemas/ActivityExtension/v2"><Speed>1.88</Speed></TPX></Extensions></Trackpoint><Trackpoint><Time>2026-03-20T12:10:28+00:00</Time><DistanceMeters>3535.1</DistanceMeters><Position><LatitudeDegrees>50.853328</LatitudeDegrees><LongitudeDegrees>4.296606</LongitudeDegrees></Position><AltitudeMeters>61.7</AltitudeMeters><Extensions><TPX xmlns="http://www.garmin.com/xmlschemas/ActivityExtension/v2"><Speed>2.19</Speed></TPX></Extensions></Trackpoint><Trackpoint><Time>2026-03-20T12:10:29+00:00</Time><DistanceMeters>3537.3</DistanceMeters><Position><LatitudeDegrees>50.853304</LatitudeDegrees><LongitudeDegrees>4.296629</LongitudeDegrees></Position><AltitudeMeters>61.4</AltitudeMeters><Extensions><TPX xmlns="http://www.garmin.com/xmlschemas/ActivityExtension/v2"><Speed>2.15</Speed></TPX></Extensions></Trackpoint><Trackpoint><Time>2026-03-20T12:10:30+00:00</Time><DistanceMeters>3539.4</DistanceMeters><Position><LatitudeDegrees>50.853296</LatitudeDegrees><LongitudeDegrees>4.29664</LongitudeDegrees></Position><AltitudeMeters>61.3</AltitudeMeters><Extensions><TPX xmlns="http://www.garmin.com/xmlschemas/ActivityExtension/v2"><Speed>2.11</Speed></TPX></Extensions></Trackpoint><Trackpoint><Time>2026-03-20T12:10:31+00:00</Time><DistanceMeters>3541.9</DistanceMeters><Position><LatitudeDegrees>50.853275</LatitudeDegrees><LongitudeDegrees>4.296685</LongitudeDegrees></Position><AltitudeMeters>60.8</AltitudeMeters><Extensions><TPX xmlns="http://www.garmin.com/xmlschemas/ActivityExtension/v2"><Speed>2.14</Speed></TPX></Extensions></Trackpoint><Trackpoint><Time>2026-03-20T12:10:32+00:00</Time><DistanceMeters>3544.4</DistanceMeters><Position><LatitudeDegrees>50.85327</LatitudeDegrees><LongitudeDegrees>4.296697</LongitudeDegrees></Position><AltitudeMeters>60.7</AltitudeMeters><Extensions><TPX xmlns="http://www.garmin.com/xmlschemas/ActivityExtension/v2"><Speed>2.64</Speed></TPX></Extensions></Trackpoint><Trackpoint><Time>2026-03-20T12:10:33+00:00</Time><DistanceMeters>3546.9</DistanceMeters><Position><LatitudeDegrees>50.853258</LatitudeDegrees><LongitudeDegrees>4.296746</LongitudeDegrees></Position><AltitudeMeters>60.3</AltitudeMeters><Extensions><TPX xmlns="http://www.garmin.com/xmlschemas/ActivityExtension/v2"><Speed>2.35</Speed></TPX></Extensions></Trackpoint><Trackpoint><Time>2026-03-20T12:10:34+00:00</Time><DistanceMeters>3549.3</DistanceMeters><Position><LatitudeDegrees>50.853254</LatitudeDegrees><LongitudeDegrees>4.296763</LongitudeDegrees></Position><AltitudeMeters>60.1</AltitudeMeters><Extensions><TPX xmlns="http://www.garmin.com/xmlschemas/ActivityExtension/v2"><Speed>2.41</Speed></TPX></Extensions></Trackpoint><Trackpoint><Time>2026-03-20T12:10:35+00:00</Time><DistanceMeters>3549.3</DistanceMeters><Position><LatitudeDegrees>50.853249</LatitudeDegrees><LongitudeDegrees>4.296791</LongitudeDegrees></Position><AltitudeMeters>59.9</AltitudeMeters><Extensions><TPX xmlns="http://www.garmin.com/xmlschemas/ActivityExtension/v2"><Speed>1.98</Speed></TPX></Extensions></Trackpoint><Trackpoint><Time>2026-03-20T12:10:36+00:00</Time><DistanceMeters>3553.0</DistanceMeters><Position><LatitudeDegrees>50.853243</LatitudeDegrees><LongitudeDegrees>4.296812</LongitudeDegrees></Position><AltitudeMeters>59.7</AltitudeMeters><Extensions><TPX xmlns="http://www.garmin.com/xmlschemas/ActivityExtension/v2"><Speed>2.22</Speed></TPX></Extensions></Trackpoint><Trackpoint><Time>2026-03-20T12:10:37+00:00</Time><DistanceMeters>3553.0</DistanceMeters><Position><LatitudeDegrees>50.853235</LatitudeDegrees><LongitudeDegrees>4.296833</LongitudeDegrees></Position><AltitudeMeters>59.5</AltitudeMeters><Extensions><TPX xmlns="http://www.garmin.com/xmlschemas/ActivityExtension/v2"><Speed>1.72</Speed></TPX></Extensions></Trackpoint><Trackpoint><Time>2026-03-20T12:10:38+00:00</Time><DistanceMeters>3553.0</DistanceMeters><Position><LatitudeDegrees>50.853232</LatitudeDegrees><LongitudeDegrees>4.296843</LongitudeDegrees></Position><AltitudeMeters>59.4</AltitudeMeters><Extensions><TPX xmlns="http://www.garmin.com/xmlschemas/ActivityExtension/v2"><Speed>1.23</Speed></TPX></Extensions></Trackpoint><Trackpoint><Time>2026-03-20T12:10:39+00:00</Time><DistanceMeters>3556.0</DistanceMeters><Position><LatitudeDegrees>50.853231</LatitudeDegrees><LongitudeDegrees>4.296851</LongitudeDegrees></Position><AltitudeMeters>59.4</AltitudeMeters><Extensions><TPX xmlns="http://www.garmin.com/xmlschemas/ActivityExtension/v2"><Speed>1.34</Speed></TPX></Extensions></Trackpoint><Trackpoint><Time>2026-03-20T12:10:40+00:00</Time><DistanceMeters>3556.0</DistanceMeters><Position><LatitudeDegrees>50.85323</LatitudeDegrees><LongitudeDegrees>4.296859</LongitudeDegrees></Position><AltitudeMeters>59.3</AltitudeMeters><Extensions><TPX xmlns="http://www.garmin.com/xmlschemas/ActivityExtension/v2"><Speed>1.34</Speed></TPX></Extensions></Trackpoint><Trackpoint><Time>2026-03-20T12:10:41+00:00</Time><DistanceMeters>3556.0</DistanceMeters><Position><LatitudeDegrees>50.853229</LatitudeDegrees><LongitudeDegrees>4.29687</LongitudeDegrees></Position><AltitudeMeters>59.2</AltitudeMeters><Extensions><TPX xmlns="http://www.garmin.com/xmlschemas/ActivityExtension/v2"><Speed>0.6</Speed></TPX></Extensions></Trackpoint><Trackpoint><Time>2026-03-20T12:10:42+00:00</Time><DistanceMeters>3556.0</DistanceMeters><Position><LatitudeDegrees>50.853227</LatitudeDegrees><LongitudeDegrees>4.296885</LongitudeDegrees></Position><AltitudeMeters>59.1</AltitudeMeters><Extensions><TPX xmlns="http://www.garmin.com/xmlschemas/ActivityExtension/v2"><Speed>0.6</Speed></TPX></Extensions></Trackpoint><Trackpoint><Time>2026-03-20T12:10:43+00:00</Time><DistanceMeters>3556.0</DistanceMeters><Position><LatitudeDegrees>50.853223</LatitudeDegrees><LongitudeDegrees>4.29689</LongitudeDegrees></Position><AltitudeMeters>59.0</AltitudeMeters><Extensions><TPX xmlns="http://www.garmin.com/xmlschemas/ActivityExtension/v2"><Speed>0.6</Speed></TPX></Extensions></Trackpoint><Trackpoint><Time>2026-03-20T12:10:44+00:00</Time><DistanceMeters>3559.7</DistanceMeters><Position><LatitudeDegrees>50.853216</LatitudeDegrees><LongitudeDegrees>4.296898</LongitudeDegrees></Position><AltitudeMeters>58.9</AltitudeMeters><Extensions><TPX xmlns="http://www.garmin.com/xmlschemas/ActivityExtension/v2"><Speed>0.74</Speed></TPX></Extensions></Trackpoint><Trackpoint><Time>2026-03-20T12:10:45+00:00</Time><DistanceMeters>3559.7</DistanceMeters><Position><LatitudeDegrees>50.853208</LatitudeDegrees><LongitudeDegrees>4.296904</LongitudeDegrees></Position><AltitudeMeters>58.8</AltitudeMeters><Extensions><TPX xmlns="http://www.garmin.com/xmlschemas/ActivityExtension/v2"><Speed>0.74</Speed></TPX></Extensions></Trackpoint><Trackpoint><Time>2026-03-20T12:10:46+00:00</Time><DistanceMeters>3559.7</DistanceMeters><Position><LatitudeDegrees>50.853198</LatitudeDegrees><LongitudeDegrees>4.296912</LongitudeDegrees></Position><AltitudeMeters>58.7</AltitudeMeters><Extensions><TPX xmlns="http://www.garmin.com/xmlschemas/ActivityExtension/v2"><Speed>0.74</Speed></TPX></Extensions></Trackpoint><Trackpoint><Time>2026-03-20T12:10:47+00:00</Time><DistanceMeters>3563.1</DistanceMeters><Position><LatitudeDegrees>50.853189</LatitudeDegrees><LongitudeDegrees>4.29692</LongitudeDegrees></Position><AltitudeMeters>58.5</AltitudeMeters><Extensions><TPX xmlns="http://www.garmin.com/xmlschemas/ActivityExtension/v2"><Speed>1.42</Speed></TPX></Extensions></Trackpoint><Trackpoint><Time>2026-03-20T12:10:48+00:00</Time><DistanceMeters>3563.1</DistanceMeters><Position><LatitudeDegrees>50.85319</LatitudeDegrees><LongitudeDegrees>4.296927</LongitudeDegrees></Position><AltitudeMeters>58.5</AltitudeMeters><Extensions><TPX xmlns="http://www.garmin.com/xmlschemas/ActivityExtension/v2"><Speed>1.42</Speed></TPX></Extensions></Trackpoint><Trackpoint><Time>2026-03-20T12:10:49+00:00</Time><DistanceMeters>3563.1</DistanceMeters><Position><LatitudeDegrees>50.853193</LatitudeDegrees><LongitudeDegrees>4.29693</LongitudeDegrees></Position><AltitudeMeters>58.4</AltitudeMeters><Extensions><TPX xmlns="http://www.garmin.com/xmlschemas/ActivityExtension/v2"><Speed>0.68</Speed></TPX></Extensions></Trackpoint><Trackpoint><Time>2026-03-20T12:10:50+00:00</Time><DistanceMeters>3563.1</DistanceMeters><Position><LatitudeDegrees>50.853187</LatitudeDegrees><LongitudeDegrees>4.296941</LongitudeDegrees></Position><AltitudeMeters>58.3</AltitudeMeters><Extensions><TPX xmlns="http://www.garmin.com/xmlschemas/ActivityExtension/v2"><Speed>0.68</Speed></TPX></Extensions></Trackpoint><Trackpoint><Time>2026-03-20T12:10:51+00:00</Time><DistanceMeters>3566.2</DistanceMeters><Position><LatitudeDegrees>50.853175</LatitudeDegrees><LongitudeDegrees>4.296958</LongitudeDegrees></Position><AltitudeMeters>58.1</AltitudeMeters><Extensions><TPX xmlns="http://www.garmin.com/xmlschemas/ActivityExtension/v2"><Speed>1.3</Speed></TPX></Extensions></Trackpoint><Trackpoint><Time>2026-03-20T12:10:52+00:00</Time><DistanceMeters>3568.3</DistanceMeters><Position><LatitudeDegrees>50.853149</LatitudeDegrees><LongitudeDegrees>4.296981</LongitudeDegrees></Position><AltitudeMeters>57.7</AltitudeMeters><Extensions><TPX xmlns="http://www.garmin.com/xmlschemas/ActivityExtension/v2"><Speed>1.04</Speed></TPX></Extensions></Trackpoint><Trackpoint><Time>2026-03-20T12:10:53+00:00</Time><DistanceMeters>3570.4</DistanceMeters><Position><LatitudeDegrees>50.853142</LatitudeDegrees><LongitudeDegrees>4.296988</LongitudeDegrees></Position><AltitudeMeters>57.6</AltitudeMeters><Extensions><TPX xmlns="http://www.garmin.com/xmlschemas/ActivityExtension/v2"><Speed>1.46</Speed></TPX></Extensions></Trackpoint><Trackpoint><Time>2026-03-20T12:10:54+00:00</Time><DistanceMeters>3572.6</DistanceMeters><Position><LatitudeDegrees>50.853117</LatitudeDegrees><LongitudeDegrees>4.297011</LongitudeDegrees></Position><AltitudeMeters>57.2</AltitudeMeters><Extensions><TPX xmlns="http://www.garmin.com/xmlschemas/ActivityExtension/v2"><Speed>1.89</Speed></TPX></Extensions></Trackpoint><Trackpoint><Time>2026-03-20T12:10:55+00:00</Time><DistanceMeters>3574.7</DistanceMeters><Position><LatitudeDegrees>50.853108</LatitudeDegrees><LongitudeDegrees>4.297018</LongitudeDegrees></Position><AltitudeMeters>57.0</AltitudeMeters><Extensions><TPX xmlns="http://www.garmin.com/xmlschemas/ActivityExtension/v2"><Speed>2.32</Speed></TPX></Extensions></Trackpoint><Trackpoint><Time>2026-03-20T12:10:56+00:00</Time><DistanceMeters>3574.7</DistanceMeters><Position><LatitudeDegrees>50.853092</LatitudeDegrees><LongitudeDegrees>4.297026</LongitudeDegrees></Position><AltitudeMeters>56.7</AltitudeMeters><Extensions><TPX xmlns="http://www.garmin.com/xmlschemas/ActivityExtension/v2"><Speed>1.7</Speed></TPX></Extensions></Trackpoint><Trackpoint><Time>2026-03-20T12:10:57+00:00</Time><DistanceMeters>3578.5</DistanceMeters><Position><LatitudeDegrees>50.853076</LatitudeDegrees><LongitudeDegrees>4.297034</LongitudeDegrees></Position><AltitudeMeters>56.5</AltitudeMeters><Extensions><TPX xmlns="http://www.garmin.com/xmlschemas/ActivityExtension/v2"><Speed>2.04</Speed></TPX></Extensions></Trackpoint><Trackpoint><Time>2026-03-20T12:10:58+00:00</Time><DistanceMeters>3580.6</DistanceMeters><Position><LatitudeDegrees>50.853049</LatitudeDegrees><LongitudeDegrees>4.297037</LongitudeDegrees></Position><AltitudeMeters>56.1</AltitudeMeters><Extensions><TPX xmlns="http://www.garmin.com/xmlschemas/ActivityExtension/v2"><Speed>2.03</Speed></TPX></Extensions></Trackpoint><Trackpoint><Time>2026-03-20T12:10:59+00:00</Time><DistanceMeters>3582.6</DistanceMeters><Position><LatitudeDegrees>50.853039</LatitudeDegrees><LongitudeDegrees>4.297036</LongitudeDegrees></Position><AltitudeMeters>55.9</AltitudeMeters><Extensions><TPX xmlns="http://www.garmin.com/xmlschemas/ActivityExtension/v2"><Speed>2.01</Speed></TPX></Extensions></Trackpoint><Trackpoint><Time>2026-03-20T12:11:00+00:00</Time><DistanceMeters>3582.6</DistanceMeters><Position><LatitudeDegrees>50.853022</LatitudeDegrees><LongitudeDegrees>4.297032</LongitudeDegrees></Position><AltitudeMeters>55.7</AltitudeMeters><Extensions><TPX xmlns="http://www.garmin.com/xmlschemas/ActivityExtension/v2"><Speed>1.58</Speed></TPX></Extensions></Trackpoint><Trackpoint><Time>2026-03-20T12:11:01+00:00</Time><DistanceMeters>3586.2</DistanceMeters><Position><LatitudeDegrees>50.853007</LatitudeDegrees><LongitudeDegrees>4.297026</LongitudeDegrees></Position><AltitudeMeters>55.4</AltitudeMeters><Extensions><TPX xmlns="http://www.garmin.com/xmlschemas/ActivityExtension/v2"><Speed>2.3</Speed></TPX></Extensions></Trackpoint><Trackpoint><Time>2026-03-20T12:11:02+00:00</Time><DistanceMeters>3588.3</DistanceMeters><Position><LatitudeDegrees>50.852981</LatitudeDegrees><LongitudeDegrees>4.297011</LongitudeDegrees></Position><AltitudeMeters>55.0</AltitudeMeters><Extensions><TPX xmlns="http://www.garmin.com/xmlschemas/ActivityExtension/v2"><Speed>1.95</Speed></TPX></Extensions></Trackpoint><Trackpoint><Time>2026-03-20T12:11:03+00:00</Time><DistanceMeters>3590.3</DistanceMeters><Position><LatitudeDegrees>50.852973</LatitudeDegrees><LongitudeDegrees>4.297005</LongitudeDegrees></Position><AltitudeMeters>54.9</AltitudeMeters><Extensions><TPX xmlns="http://www.garmin.com/xmlschemas/ActivityExtension/v2"><Speed>1.95</Speed></TPX></Extensions></Trackpoint><Trackpoint><Time>2026-03-20T12:11:04+00:00</Time><DistanceMeters>3590.3</DistanceMeters><Position><LatitudeDegrees>50.85296</LatitudeDegrees><LongitudeDegrees>4.296988</LongitudeDegrees></Position><AltitudeMeters>54.7</AltitudeMeters><Extensions><TPX xmlns="http://www.garmin.com/xmlschemas/ActivityExtension/v2"><Speed>1.54</Speed></TPX></Extensions></Trackpoint><Trackpoint><Time>2026-03-20T12:11:05+00:00</Time><DistanceMeters>3593.7</DistanceMeters><Position><LatitudeDegrees>50.852951</LatitudeDegrees><LongitudeDegrees>4.296972</LongitudeDegrees></Position><AltitudeMeters>54.5</AltitudeMeters><Extensions><TPX xmlns="http://www.garmin.com/xmlschemas/ActivityExtension/v2"><Speed>2.22</Speed></TPX></Extensions></Trackpoint><Trackpoint><Time>2026-03-20T12:11:06+00:00</Time><DistanceMeters>3593.7</DistanceMeters><Position><LatitudeDegrees>50.852933</LatitudeDegrees><LongitudeDegrees>4.296958</LongitudeDegrees></Position><AltitudeMeters>54.2</AltitudeMeters><Extensions><TPX xmlns="http://www.garmin.com/xmlschemas/ActivityExtension/v2"><Speed>1.5</Speed></TPX></Extensions></Trackpoint><Trackpoint><Time>2026-03-20T12:11:07+00:00</Time><DistanceMeters>3597.4</DistanceMeters><Position><LatitudeDegrees>50.852921</LatitudeDegrees><LongitudeDegrees>4.296948</LongitudeDegrees></Position><AltitudeMeters>54.0</AltitudeMeters><Extensions><TPX xmlns="http://www.garmin.com/xmlschemas/ActivityExtension/v2"><Speed>1.83</Speed></TPX></Extensions></Trackpoint><Trackpoint><Time>2026-03-20T12:11:08+00:00</Time><DistanceMeters>3597.4</DistanceMeters><Position><LatitudeDegrees>50.852903</LatitudeDegrees><LongitudeDegrees>4.296932</LongitudeDegrees></Position><AltitudeMeters>53.8</AltitudeMeters><Extensions><TPX xmlns="http://www.garmin.com/xmlschemas/ActivityExtension/v2"><Speed>1.42</Speed></TPX></Extensions></Trackpoint><Trackpoint><Time>2026-03-20T12:11:09+00:00</Time><DistanceMeters>3597.4</DistanceMeters><Position><LatitudeDegrees>50.852899</LatitudeDegrees><LongitudeDegrees>4.296925</LongitudeDegrees></Position><AltitudeMeters>53.7</AltitudeMeters><Extensions><TPX xmlns="http://www.garmin.com/xmlschemas/ActivityExtension/v2"><Speed>1.42</Speed></TPX></Extensions></Trackpoint><Trackpoint><Time>2026-03-20T12:11:10+00:00</Time><DistanceMeters>3601.4</DistanceMeters><Position><LatitudeDegrees>50.852892</LatitudeDegrees><LongitudeDegrees>4.296914</LongitudeDegrees></Position><AltitudeMeters>53.6</AltitudeMeters><Extensions><TPX xmlns="http://www.garmin.com/xmlschemas/ActivityExtension/v2"><Speed>1.54</Speed></TPX></Extensions></Trackpoint><Trackpoint><Time>2026-03-20T12:11:11+00:00</Time><DistanceMeters>3601.4</DistanceMeters><Position><LatitudeDegrees>50.852877</LatitudeDegrees><LongitudeDegrees>4.296891</LongitudeDegrees></Position><AltitudeMeters>53.3</AltitudeMeters><Extensions><TPX xmlns="http://www.garmin.com/xmlschemas/ActivityExtension/v2"><Speed>1.54</Speed></TPX></Extensions></Trackpoint><Trackpoint><Time>2026-03-20T12:11:12+00:00</Time><DistanceMeters>3605.2</DistanceMeters><Position><LatitudeDegrees>50.852867</LatitudeDegrees><LongitudeDegrees>4.296878</LongitudeDegrees></Position><AltitudeMeters>53.2</AltitudeMeters><Extensions><TPX xmlns="http://www.garmin.com/xmlschemas/ActivityExtension/v2"><Speed>1.56</Speed></TPX></Extensions></Trackpoint><Trackpoint><Time>2026-03-20T12:11:13+00:00</Time><DistanceMeters>3605.2</DistanceMeters><Position><LatitudeDegrees>50.852854</LatitudeDegrees><LongitudeDegrees>4.296865</LongitudeDegrees></Position><AltitudeMeters>53.0</AltitudeMeters><Extensions><TPX xmlns="http://www.garmin.com/xmlschemas/ActivityExtension/v2"><Speed>1.56</Speed></TPX></Extensions></Trackpoint><Trackpoint><Time>2026-03-20T12:11:14+00:00</Time><DistanceMeters>3608.5</DistanceMeters><Position><LatitudeDegrees>50.852842</LatitudeDegrees><LongitudeDegrees>4.296854</LongitudeDegrees></Position><AltitudeMeters>52.8</AltitudeMeters><Extensions><TPX xmlns="http://www.garmin.com/xmlschemas/ActivityExtension/v2"><Speed>2.22</Speed></TPX></Extensions></Trackpoint><Trackpoint><Time>2026-03-20T12:11:15+00:00</Time><DistanceMeters>3608.5</DistanceMeters><Position><LatitudeDegrees>50.85283</LatitudeDegrees><LongitudeDegrees>4.296841</LongitudeDegrees></Position><AltitudeMeters>52.6</AltitudeMeters><Extensions><TPX xmlns="http://www.garmin.com/xmlschemas/ActivityExtension/v2"><Speed>1.42</Speed></TPX></Extensions></Trackpoint><Trackpoint><Time>2026-03-20T12:11:16+00:00</Time><DistanceMeters>3612.1</DistanceMeters><Position><LatitudeDegrees>50.852816</LatitudeDegrees><LongitudeDegrees>4.296822</LongitudeDegrees></Position><AltitudeMeters>52.4</AltitudeMeters><Extensions><TPX xmlns="http://www.garmin.com/xmlschemas/ActivityExtension/v2"><Speed>2.14</Speed></TPX></Extensions></Trackpoint><Trackpoint><Time>2026-03-20T12:11:17+00:00</Time><DistanceMeters>3612.1</DistanceMeters><Position><LatitudeDegrees>50.852807</LatitudeDegrees><LongitudeDegrees>4.296808</LongitudeDegrees></Position><AltitudeMeters>52.3</AltitudeMeters><Extensions><TPX xmlns="http://www.garmin.com/xmlschemas/ActivityExtension/v2"><Speed>1.38</Speed></TPX></Extensions></Trackpoint><Trackpoint><Time>2026-03-20T12:11:18+00:00</Time><DistanceMeters>3615.4</DistanceMeters><Position><LatitudeDegrees>50.852795</LatitudeDegrees><LongitudeDegrees>4.296789</LongitudeDegrees></Position><AltitudeMeters>52.1</AltitudeMeters><Extensions><TPX xmlns="http://www.garmin.com/xmlschemas/ActivityExtension/v2"><Speed>2.04</Speed></TPX></Extensions></Trackpoint><Trackpoint><Time>2026-03-20T12:11:19+00:00</Time><DistanceMeters>3615.4</DistanceMeters><Position><LatitudeDegrees>50.852781</LatitudeDegrees><LongitudeDegrees>4.296771</LongitudeDegrees></Position><AltitudeMeters>51.9</AltitudeMeters><Extensions><TPX xmlns="http://www.garmin.com/xmlschemas/ActivityExtension/v2"><Speed>1.38</Speed></TPX></Extensions></Trackpoint><Trackpoint><Time>2026-03-20T12:11:20+00:00</Time><DistanceMeters>3619.4</DistanceMeters><Position><LatitudeDegrees>50.852765</LatitudeDegrees><LongitudeDegrees>4.296756</LongitudeDegrees></Position><AltitudeMeters>51.7</AltitudeMeters><Extensions><TPX xmlns="http://www.garmin.com/xmlschemas/ActivityExtension/v2"><Speed>2.18</Speed></TPX></Extensions></Trackpoint><Trackpoint><Time>2026-03-20T12:11:21+00:00</Time><DistanceMeters>3621.6</DistanceMeters><Position><LatitudeDegrees>50.852739</LatitudeDegrees><LongitudeDegrees>4.296735</LongitudeDegrees></Position><AltitudeMeters>51.4</AltitudeMeters><Extensions><TPX xmlns="http://www.garmin.com/xmlschemas/ActivityExtension/v2"><Speed>1.89</Speed></TPX></Extensions></Trackpoint><Trackpoint><Time>2026-03-20T12:11:22+00:00</Time><DistanceMeters>3623.7</DistanceMeters><Position><LatitudeDegrees>50.85273</LatitudeDegrees><LongitudeDegrees>4.29673</LongitudeDegrees></Position><AltitudeMeters>51.3</AltitudeMeters><Extensions><TPX xmlns="http://www.garmin.com/xmlschemas/ActivityExtension/v2"><Speed>2.32</Speed></TPX></Extensions></Trackpoint><Trackpoint><Time>2026-03-20T12:11:23+00:00</Time><DistanceMeters>3625.8</DistanceMeters><Position><LatitudeDegrees>50.852703</LatitudeDegrees><LongitudeDegrees>4.29672</LongitudeDegrees></Position><AltitudeMeters>51.0</AltitudeMeters><Extensions><TPX xmlns="http://www.garmin.com/xmlschemas/ActivityExtension/v2"><Speed>2.07</Speed></TPX></Extensions></Trackpoint><Trackpoint><Time>2026-03-20T12:11:24+00:00</Time><DistanceMeters>3627.8</DistanceMeters><Position><LatitudeDegrees>50.852695</LatitudeDegrees><LongitudeDegrees>4.296716</LongitudeDegrees></Position><AltitudeMeters>51.0</AltitudeMeters><Extensions><TPX xmlns="http://www.garmin.com/xmlschemas/ActivityExtension/v2"><Speed>2.48</Speed></TPX></Extensions></Trackpoint><Trackpoint><Time>2026-03-20T12:11:25+00:00</Time><DistanceMeters>3627.8</DistanceMeters><Position><LatitudeDegrees>50.852684</LatitudeDegrees><LongitudeDegrees>4.296703</LongitudeDegrees></Position><AltitudeMeters>50.8</AltitudeMeters><Extensions><TPX xmlns="http://www.garmin.com/xmlschemas/ActivityExtension/v2"><Speed>1.68</Speed></TPX></Extensions></Trackpoint><Trackpoint><Time>2026-03-20T12:11:26+00:00</Time><DistanceMeters>3627.8</DistanceMeters><Position><LatitudeDegrees>50.852677</LatitudeDegrees><LongitudeDegrees>4.296689</LongitudeDegrees></Position><AltitudeMeters>50.7</AltitudeMeters><Extensions><TPX xmlns="http://www.garmin.com/xmlschemas/ActivityExtension/v2"><Speed>1.25</Speed></TPX></Extensions></Trackpoint><Trackpoint><Time>2026-03-20T12:11:27+00:00</Time><DistanceMeters>3631.6</DistanceMeters><Position><LatitudeDegrees>50.852672</LatitudeDegrees><LongitudeDegrees>4.296676</LongitudeDegrees></Position><AltitudeMeters>50.6</AltitudeMeters><Extensions><TPX xmlns="http://www.garmin.com/xmlschemas/ActivityExtension/v2"><Speed>1.58</Speed></TPX></Extensions></Trackpoint><Trackpoint><Time>2026-03-20T12:11:28+00:00</Time><DistanceMeters>3631.6</DistanceMeters><Position><LatitudeDegrees>50.852663</LatitudeDegrees><LongitudeDegrees>4.296656</LongitudeDegrees></Position><AltitudeMeters>50.5</AltitudeMeters><Extensions><TPX xmlns="http://www.garmin.com/xmlschemas/ActivityExtension/v2"><Speed>1.17</Speed></TPX></Extensions></Trackpoint><Trackpoint><Time>2026-03-20T12:11:29+00:00</Time><DistanceMeters>3634.9</DistanceMeters><Position><LatitudeDegrees>50.852654</LatitudeDegrees><LongitudeDegrees>4.296638</LongitudeDegrees></Position><AltitudeMeters>50.3</AltitudeMeters><Extensions><TPX xmlns="http://www.garmin.com/xmlschemas/ActivityExtension/v2"><Speed>1.42</Speed></TPX></Extensions></Trackpoint><Trackpoint><Time>2026-03-20T12:11:30+00:00</Time><DistanceMeters>3634.9</DistanceMeters><Position><LatitudeDegrees>50.852644</LatitudeDegrees><LongitudeDegrees>4.296617</LongitudeDegrees></Position><AltitudeMeters>50.1</AltitudeMeters><Extensions><TPX xmlns="http://www.garmin.com/xmlschemas/ActivityExtension/v2"><Speed>1.42</Speed></TPX></Extensions></Trackpoint><Trackpoint><Time>2026-03-20T12:11:31+00:00</Time><DistanceMeters>3638.4</DistanceMeters><Position><LatitudeDegrees>50.852634</LatitudeDegrees><LongitudeDegrees>4.296599</LongitudeDegrees></Position><AltitudeMeters>50.0</AltitudeMeters><Extensions><TPX xmlns="http://www.garmin.com/xmlschemas/ActivityExtension/v2"><Speed>2.12</Speed></TPX></Extensions></Trackpoint><Trackpoint><Time>2026-03-20T12:11:32+00:00</Time><DistanceMeters>3638.4</DistanceMeters><Position><LatitudeDegrees>50.852624</LatitudeDegrees><LongitudeDegrees>4.296583</LongitudeDegrees></Position><AltitudeMeters>49.9</AltitudeMeters><Extensions><TPX xmlns="http://www.garmin.com/xmlschemas/ActivityExtension/v2"><Speed>1.36</Speed></TPX></Extensions></Trackpoint><Trackpoint><Time>2026-03-20T12:11:33+00:00</Time><DistanceMeters>3641.6</DistanceMeters><Position><LatitudeDegrees>50.852614</LatitudeDegrees><LongitudeDegrees>4.296567</LongitudeDegrees></Position><AltitudeMeters>49.7</AltitudeMeters><Extensions><TPX xmlns="http://www.garmin.com/xmlschemas/ActivityExtension/v2"><Speed>2.0</Speed></TPX></Extensions></Trackpoint><Trackpoint><Time>2026-03-20T12:11:34+00:00</Time><DistanceMeters>3641.6</DistanceMeters><Position><LatitudeDegrees>50.852595</LatitudeDegrees><LongitudeDegrees>4.296546</LongitudeDegrees></Position><AltitudeMeters>49.5</AltitudeMeters><Extensions><TPX xmlns="http://www.garmin.com/xmlschemas/ActivityExtension/v2"><Speed>1.34</Speed></TPX></Extensions></Trackpoint><Trackpoint><Time>2026-03-20T12:11:35+00:00</Time><DistanceMeters>3645.3</DistanceMeters><Position><LatitudeDegrees>50.852585</LatitudeDegrees><LongitudeDegrees>4.296539</LongitudeDegrees></Position><AltitudeMeters>49.5</AltitudeMeters><Extensions><TPX xmlns="http://www.garmin.com/xmlschemas/ActivityExtension/v2"><Speed>2.08</Speed></TPX></Extensions></Trackpoint><Trackpoint><Time>2026-03-20T12:11:36+00:00</Time><DistanceMeters>3645.3</DistanceMeters><Position><LatitudeDegrees>50.852573</LatitudeDegrees><LongitudeDegrees>4.296532</LongitudeDegrees></Position><AltitudeMeters>49.3</AltitudeMeters><Extensions><TPX xmlns="http://www.garmin.com/xmlschemas/ActivityExtension/v2"><Speed>1.38</Speed></TPX></Extensions></Trackpoint><Trackpoint><Time>2026-03-20T12:11:37+00:00</Time><DistanceMeters>3648.7</DistanceMeters><Position><LatitudeDegrees>50.852557</LatitudeDegrees><LongitudeDegrees>4.296522</LongitudeDegrees></Position><AltitudeMeters>49.2</AltitudeMeters><Extensions><TPX xmlns="http://www.garmin.com/xmlschemas/ActivityExtension/v2"><Speed>2.06</Speed></TPX></Extensions></Trackpoint><Trackpoint><Time>2026-03-20T12:11:38+00:00</Time><DistanceMeters>3648.7</DistanceMeters><Position><LatitudeDegrees>50.852541</LatitudeDegrees><LongitudeDegrees>4.296517</LongitudeDegrees></Position><AltitudeMeters>49.1</AltitudeMeters><Extensions><TPX xmlns="http://www.garmin.com/xmlschemas/ActivityExtension/v2"><Speed>1.42</Speed></TPX></Extensions></Trackpoint><Trackpoint><Time>2026-03-20T12:11:39+00:00</Time><DistanceMeters>3652.2</DistanceMeters><Position><LatitudeDegrees>50.852525</LatitudeDegrees><LongitudeDegrees>4.296516</LongitudeDegrees></Position><AltitudeMeters>49.0</AltitudeMeters><Extensions><TPX xmlns="http://www.garmin.com/xmlschemas/ActivityExtension/v2"><Speed>2.12</Speed></TPX></Extensions></Trackpoint><Trackpoint><Time>2026-03-20T12:11:40+00:00</Time><DistanceMeters>3653.3</DistanceMeters><Position><LatitudeDegrees>50.852511</LatitudeDegrees><LongitudeDegrees>4.296526</LongitudeDegrees></Position><AltitudeMeters>48.9</AltitudeMeters><Extensions><TPX xmlns="http://www.garmin.com/xmlschemas/ActivityExtension/v2"><Speed>1.6</Speed></TPX></Extensions></Trackpoint><Trackpoint><Time>2026-03-20T12:11:41+00:00</Time><DistanceMeters>3654.4</DistanceMeters><Position><LatitudeDegrees>50.852504</LatitudeDegrees><LongitudeDegrees>4.296531</LongitudeDegrees></Position><AltitudeMeters>48.9</AltitudeMeters><Extensions><TPX xmlns="http://www.garmin.com/xmlschemas/ActivityExtension/v2"><Speed>1.82</Speed></TPX></Extensions></Trackpoint><Trackpoint><Time>2026-03-20T12:11:42+00:00</Time><DistanceMeters>3655.5</DistanceMeters><Position><LatitudeDegrees>50.852497</LatitudeDegrees><LongitudeDegrees>4.296536</LongitudeDegrees></Position><AltitudeMeters>48.8</AltitudeMeters><Extensions><TPX xmlns="http://www.garmin.com/xmlschemas/ActivityExtension/v2"><Speed>1.36</Speed></TPX></Extensions></Trackpoint><Trackpoint><Time>2026-03-20T12:11:43+00:00</Time><DistanceMeters>3656.6</DistanceMeters><Position><LatitudeDegrees>50.85249</LatitudeDegrees><LongitudeDegrees>4.296541</LongitudeDegrees></Position><AltitudeMeters>48.8</AltitudeMeters><Extensions><TPX xmlns="http://www.garmin.com/xmlschemas/ActivityExtension/v2"><Speed>1.58</Speed></TPX></Extensions></Trackpoint><Trackpoint><Time>2026-03-20T12:11:44+00:00</Time><DistanceMeters>3656.6</DistanceMeters><Position><LatitudeDegrees>50.852483</LatitudeDegrees><LongitudeDegrees>4.29655</LongitudeDegrees></Position><AltitudeMeters>48.7</AltitudeMeters><Extensions><TPX xmlns="http://www.garmin.com/xmlschemas/ActivityExtension/v2"><Speed>0.88</Speed></TPX></Extensions></Trackpoint><Trackpoint><Time>2026-03-20T12:11:45+00:00</Time><DistanceMeters>3656.6</DistanceMeters><Position><LatitudeDegrees>50.852475</LatitudeDegrees><LongitudeDegrees>4.296562</LongitudeDegrees></Position><AltitudeMeters>48.7</AltitudeMeters><Extensions><TPX xmlns="http://www.garmin.com/xmlschemas/ActivityExtension/v2"><Speed>0.66</Speed></TPX></Extensions></Trackpoint><Trackpoint><Time>2026-03-20T12:11:46+00:00</Time><DistanceMeters>3660.1</DistanceMeters><Position><LatitudeDegrees>50.852467</LatitudeDegrees><LongitudeDegrees>4.296576</LongitudeDegrees></Position><AltitudeMeters>48.6</AltitudeMeters><Extensions><TPX xmlns="http://www.garmin.com/xmlschemas/ActivityExtension/v2"><Speed>1.14</Speed></TPX></Extensions></Trackpoint><Trackpoint><Time>2026-03-20T12:11:47+00:00</Time><DistanceMeters>3660.1</DistanceMeters><Position><LatitudeDegrees>50.852458</LatitudeDegrees><LongitudeDegrees>4.296591</LongitudeDegrees></Position><AltitudeMeters>48.6</AltitudeMeters><Extensions><TPX xmlns="http://www.garmin.com/xmlschemas/ActivityExtension/v2"><Speed>0.92</Speed></TPX></Extensions></Trackpoint><Trackpoint><Time>2026-03-20T12:11:48+00:00</Time><DistanceMeters>3664.0</DistanceMeters><Position><LatitudeDegrees>50.852447</LatitudeDegrees><LongitudeDegrees>4.296622</LongitudeDegrees></Position><AltitudeMeters>48.5</AltitudeMeters><Extensions><TPX xmlns="http://www.garmin.com/xmlschemas/ActivityExtension/v2"><Speed>1.48</Speed></TPX></Extensions></Trackpoint><Trackpoint><Time>2026-03-20T12:11:49+00:00</Time><DistanceMeters>3666.8</DistanceMeters><Position><LatitudeDegrees>50.852434</LatitudeDegrees><LongitudeDegrees>4.296676</LongitudeDegrees></Position><AltitudeMeters>48.4</AltitudeMeters><Extensions><TPX xmlns="http://www.garmin.com/xmlschemas/ActivityExtension/v2"><Speed>2.03</Speed></TPX></Extensions></Trackpoint><Trackpoint><Time>2026-03-20T12:11:50+00:00</Time><DistanceMeters>3669.5</DistanceMeters><Position><LatitudeDegrees>50.852428</LatitudeDegrees><LongitudeDegrees>4.296694</LongitudeDegrees></Position><AltitudeMeters>48.4</AltitudeMeters><Extensions><TPX xmlns="http://www.garmin.com/xmlschemas/ActivityExtension/v2"><Speed>2.58</Speed></TPX></Extensions></Trackpoint><Trackpoint><Time>2026-03-20T12:11:51+00:00</Time><DistanceMeters>3672.5</DistanceMeters><Position><LatitudeDegrees>50.85239</LatitudeDegrees><LongitudeDegrees>4.296689</LongitudeDegrees></Position><AltitudeMeters>48.4</AltitudeMeters><Extensions><TPX xmlns="http://www.garmin.com/xmlschemas/ActivityExtension/v2"><Speed>2.48</Speed></TPX></Extensions></Trackpoint><Trackpoint><Time>2026-03-20T12:11:52+00:00</Time><DistanceMeters>3675.5</DistanceMeters><Position><LatitudeDegrees>50.852376</LatitudeDegrees><LongitudeDegrees>4.296677</LongitudeDegrees></Position><AltitudeMeters>48.4</AltitudeMeters><Extensions><TPX xmlns="http://www.garmin.com/xmlschemas/ActivityExtension/v2"><Speed>3.08</Speed></TPX></Extensions></Trackpoint><Trackpoint><Time>2026-03-20T12:11:53+00:00</Time><DistanceMeters>3679.3</DistanceMeters><Position><LatitudeDegrees>50.852348</LatitudeDegrees><LongitudeDegrees>4.296646</LongitudeDegrees></Position><AltitudeMeters>48.4</AltitudeMeters><Extensions><TPX xmlns="http://www.garmin.com/xmlschemas/ActivityExtension/v2"><Speed>3.06</Speed></TPX></Extensions></Trackpoint><Trackpoint><Time>2026-03-20T12:11:54+00:00</Time><DistanceMeters>3682.6</DistanceMeters><Position><LatitudeDegrees>50.852323</LatitudeDegrees><LongitudeDegrees>4.296618</LongitudeDegrees></Position><AltitudeMeters>48.4</AltitudeMeters><Extensions><TPX xmlns="http://www.garmin.com/xmlschemas/ActivityExtension/v2"><Speed>3.17</Speed></TPX></Extensions></Trackpoint><Trackpoint><Time>2026-03-20T12:11:55+00:00</Time><DistanceMeters>3685.9</DistanceMeters><Position><LatitudeDegrees>50.8523</LatitudeDegrees><LongitudeDegrees>4.296588</LongitudeDegrees></Position><AltitudeMeters>48.4</AltitudeMeters><Extensions><TPX xmlns="http://www.garmin.com/xmlschemas/ActivityExtension/v2"><Speed>3.28</Speed></TPX></Extensions></Trackpoint><Trackpoint><Time>2026-03-20T12:11:56+00:00</Time><DistanceMeters>3688.6</DistanceMeters><Position><LatitudeDegrees>50.852271</LatitudeDegrees><LongitudeDegrees>4.296557</LongitudeDegrees></Position><AltitudeMeters>48.4</AltitudeMeters><Extensions><TPX xmlns="http://www.garmin.com/xmlschemas/ActivityExtension/v2"><Speed>3.21</Speed></TPX></Extensions></Trackpoint><Trackpoint><Time>2026-03-20T12:11:57+00:00</Time><DistanceMeters>3691.2</DistanceMeters><Position><LatitudeDegrees>50.852261</LatitudeDegrees><LongitudeDegrees>4.296547</LongitudeDegrees></Position><AltitudeMeters>48.4</AltitudeMeters><Extensions><TPX xmlns="http://www.garmin.com/xmlschemas/ActivityExtension/v2"><Speed>3.14</Speed></TPX></Extensions></Trackpoint><Trackpoint><Time>2026-03-20T12:11:58+00:00</Time><DistanceMeters>3693.8</DistanceMeters><Position><LatitudeDegrees>50.852241</LatitudeDegrees><LongitudeDegrees>4.296503</LongitudeDegrees></Position><AltitudeMeters>48.4</AltitudeMeters><Extensions><TPX xmlns="http://www.garmin.com/xmlschemas/ActivityExtension/v2"><Speed>2.89</Speed></TPX></Extensions></Trackpoint><Trackpoint><Time>2026-03-20T12:11:59+00:00</Time><DistanceMeters>3696.3</DistanceMeters><Position><LatitudeDegrees>50.852236</LatitudeDegrees><LongitudeDegrees>4.296485</LongitudeDegrees></Position><AltitudeMeters>48.4</AltitudeMeters><Extensions><TPX xmlns="http://www.garmin.com/xmlschemas/ActivityExtension/v2"><Speed>2.74</Speed></TPX></Extensions></Trackpoint><Trackpoint><Time>2026-03-20T12:12:00+00:00</Time><DistanceMeters>3699.0</DistanceMeters><Position><LatitudeDegrees>50.852226</LatitudeDegrees><LongitudeDegrees>4.296429</LongitudeDegrees></Position><AltitudeMeters>48.5</AltitudeMeters><Extensions><TPX xmlns="http://www.garmin.com/xmlschemas/ActivityExtension/v2"><Speed>2.62</Speed></TPX></Extensions></Trackpoint><Trackpoint><Time>2026-03-20T12:12:01+00:00</Time><DistanceMeters>3701.7</DistanceMeters><Position><LatitudeDegrees>50.852223</LatitudeDegrees><LongitudeDegrees>4.296411</LongitudeDegrees></Position><AltitudeMeters>48.5</AltitudeMeters><Extensions><TPX xmlns="http://www.garmin.com/xmlschemas/ActivityExtension/v2"><Speed>2.63</Speed></TPX></Extensions></Trackpoint><Trackpoint><Time>2026-03-20T12:12:02+00:00</Time><DistanceMeters>3704.1</DistanceMeters><Position><LatitudeDegrees>50.852219</LatitudeDegrees><LongitudeDegrees>4.29636</LongitudeDegrees></Position><AltitudeMeters>48.5</AltitudeMeters><Extensions><TPX xmlns="http://www.garmin.com/xmlschemas/ActivityExtension/v2"><Speed>2.57</Speed></TPX></Extensions></Trackpoint><Trackpoint><Time>2026-03-20T12:12:03+00:00</Time><DistanceMeters>3706.4</DistanceMeters><Position><LatitudeDegrees>50.852218</LatitudeDegrees><LongitudeDegrees>4.296345</LongitudeDegrees></Position><AltitudeMeters>48.5</AltitudeMeters><Extensions><TPX xmlns="http://www.garmin.com/xmlschemas/ActivityExtension/v2"><Speed>2.53</Speed></TPX></Extensions></Trackpoint><Trackpoint><Time>2026-03-20T12:12:04+00:00</Time><DistanceMeters>3709.0</DistanceMeters><Position><LatitudeDegrees>50.852213</LatitudeDegrees><LongitudeDegrees>4.296292</LongitudeDegrees></Position><AltitudeMeters>48.5</AltitudeMeters><Extensions><TPX xmlns="http://www.garmin.com/xmlschemas/ActivityExtension/v2"><Speed>2.53</Speed></TPX></Extensions></Trackpoint><Trackpoint><Time>2026-03-20T12:12:05+00:00</Time><DistanceMeters>3711.5</DistanceMeters><Position><LatitudeDegrees>50.852211</LatitudeDegrees><LongitudeDegrees>4.296273</LongitudeDegrees></Position><AltitudeMeters>48.6</AltitudeMeters><Extensions><TPX xmlns="http://www.garmin.com/xmlschemas/ActivityExtension/v2"><Speed>2.5</Speed></TPX></Extensions></Trackpoint><Trackpoint><Time>2026-03-20T12:12:06+00:00</Time><DistanceMeters>3711.5</DistanceMeters><Position><LatitudeDegrees>50.852212</LatitudeDegrees><LongitudeDegrees>4.296247</LongitudeDegrees></Position><AltitudeMeters>48.6</AltitudeMeters><Extensions><TPX xmlns="http://www.garmin.com/xmlschemas/ActivityExtension/v2"><Speed>1.96</Speed></TPX></Extensions></Trackpoint><Trackpoint><Time>2026-03-20T12:12:07+00:00</Time><DistanceMeters>3715.5</DistanceMeters><Position><LatitudeDegrees>50.852209</LatitudeDegrees><LongitudeDegrees>4.296216</LongitudeDegrees></Position><AltitudeMeters>48.6</AltitudeMeters><Extensions><TPX xmlns="http://www.garmin.com/xmlschemas/ActivityExtension/v2"><Speed>2.29</Speed></TPX></Extensions></Trackpoint><Trackpoint><Time>2026-03-20T12:12:08+00:00</Time><DistanceMeters>3715.5</DistanceMeters><Position><LatitudeDegrees>50.852209</LatitudeDegrees><LongitudeDegrees>4.296198</LongitudeDegrees></Position><AltitudeMeters>48.6</AltitudeMeters><Extensions><TPX xmlns="http://www.garmin.com/xmlschemas/ActivityExtension/v2"><Speed>1.82</Speed></TPX></Extensions></Trackpoint><Trackpoint><Time>2026-03-20T12:12:09+00:00</Time><DistanceMeters>3715.5</DistanceMeters><Position><LatitudeDegrees>50.852207</LatitudeDegrees><LongitudeDegrees>4.296197</LongitudeDegrees></Position><AltitudeMeters>48.6</AltitudeMeters><Extensions><TPX xmlns="http://www.garmin.com/xmlschemas/ActivityExtension/v2"><Speed>1.31</Speed></TPX></Extensions></Trackpoint><Trackpoint><Time>2026-03-20T12:12:10+00:00</Time><DistanceMeters>3715.5</DistanceMeters><Position><LatitudeDegrees>50.852206</LatitudeDegrees><LongitudeDegrees>4.296185</LongitudeDegrees></Position><AltitudeMeters>48.6</AltitudeMeters><Extensions><TPX xmlns="http://www.garmin.com/xmlschemas/ActivityExtension/v2"><Speed>0.8</Speed></TPX></Extensions></Trackpoint><Trackpoint><Time>2026-03-20T12:12:11+00:00</Time><DistanceMeters>3719.4</DistanceMeters><Position><LatitudeDegrees>50.852207</LatitudeDegrees><LongitudeDegrees>4.296161</LongitudeDegrees></Position><AltitudeMeters>48.7</AltitudeMeters><Extensions><TPX xmlns="http://www.garmin.com/xmlschemas/ActivityExtension/v2"><Speed>1.58</Speed></TPX></Extensions></Trackpoint><Trackpoint><Time>2026-03-20T12:12:12+00:00</Time><DistanceMeters>3721.6</DistanceMeters><Position><LatitudeDegrees>50.852217</LatitudeDegrees><LongitudeDegrees>4.296117</LongitudeDegrees></Position><AltitudeMeters>48.7</AltitudeMeters><Extensions><TPX xmlns="http://www.garmin.com/xmlschemas/ActivityExtension/v2"><Speed>1.22</Speed></TPX></Extensions></Trackpoint><Trackpoint><Time>2026-03-20T12:12:13+00:00</Time><DistanceMeters>3723.8</DistanceMeters><Position><LatitudeDegrees>50.85222</LatitudeDegrees><LongitudeDegrees>4.296101</LongitudeDegrees></Position><AltitudeMeters>48.7</AltitudeMeters><Extensions><TPX xmlns="http://www.garmin.com/xmlschemas/ActivityExtension/v2"><Speed>1.66</Speed></TPX></Extensions></Trackpoint><Trackpoint><Time>2026-03-20T12:12:14+00:00</Time><DistanceMeters>3726.2</DistanceMeters><Position><LatitudeDegrees>50.852233</LatitudeDegrees><LongitudeDegrees>4.296054</LongitudeDegrees></Position><AltitudeMeters>48.8</AltitudeMeters><Extensions><TPX xmlns="http://www.garmin.com/xmlschemas/ActivityExtension/v2"><Speed>2.14</Speed></TPX></Extensions></Trackpoint><Trackpoint><Time>2026-03-20T12:12:15+00:00</Time><DistanceMeters>3728.6</DistanceMeters><Position><LatitudeDegrees>50.852237</LatitudeDegrees><LongitudeDegrees>4.296038</LongitudeDegrees></Position><AltitudeMeters>48.8</AltitudeMeters><Extensions><TPX xmlns="http://www.garmin.com/xmlschemas/ActivityExtension/v2"><Speed>2.62</Speed></TPX></Extensions></Trackpoint><Trackpoint><Time>2026-03-20T12:12:16+00:00</Time><DistanceMeters>3730.9</DistanceMeters><Position><LatitudeDegrees>50.852242</LatitudeDegrees><LongitudeDegrees>4.29599</LongitudeDegrees></Position><AltitudeMeters>48.9</AltitudeMeters><Extensions><TPX xmlns="http://www.garmin.com/xmlschemas/ActivityExtension/v2"><Speed>2.3</Speed></TPX></Extensions></Trackpoint><Trackpoint><Time>2026-03-20T12:12:17+00:00</Time><DistanceMeters>3733.2</DistanceMeters><Position><LatitudeDegrees>50.852243</LatitudeDegrees><LongitudeDegrees>4.295973</LongitudeDegrees></Position><AltitudeMeters>48.9</AltitudeMeters><Extensions><TPX xmlns="http://www.garmin.com/xmlschemas/ActivityExtension/v2"><Speed>2.32</Speed></TPX></Extensions></Trackpoint><Trackpoint><Time>2026-03-20T12:12:18+00:00</Time><DistanceMeters>3735.8</DistanceMeters><Position><LatitudeDegrees>50.852243</LatitudeDegrees><LongitudeDegrees>4.295918</LongitudeDegrees></Position><AltitudeMeters>49.0</AltitudeMeters><Extensions><TPX xmlns="http://www.garmin.com/xmlschemas/ActivityExtension/v2"><Speed>2.4</Speed></TPX></Extensions></Trackpoint><Trackpoint><Time>2026-03-20T12:12:19+00:00</Time><DistanceMeters>3738.4</DistanceMeters><Position><LatitudeDegrees>50.852243</LatitudeDegrees><LongitudeDegrees>4.295899</LongitudeDegrees></Position><AltitudeMeters>49.0</AltitudeMeters><Extensions><TPX xmlns="http://www.garmin.com/xmlschemas/ActivityExtension/v2"><Speed>2.44</Speed></TPX></Extensions></Trackpoint><Trackpoint><Time>2026-03-20T12:12:20+00:00</Time><DistanceMeters>3741.2</DistanceMeters><Position><LatitudeDegrees>50.852239</LatitudeDegrees><LongitudeDegrees>4.295841</LongitudeDegrees></Position><AltitudeMeters>49.2</AltitudeMeters><Extensions><TPX xmlns="http://www.garmin.com/xmlschemas/ActivityExtension/v2"><Speed>2.51</Speed></TPX></Extensions></Trackpoint><Trackpoint><Time>2026-03-20T12:12:21+00:00</Time><DistanceMeters>3743.9</DistanceMeters><Position><LatitudeDegrees>50.852237</LatitudeDegrees><LongitudeDegrees>4.295822</LongitudeDegrees></Position><AltitudeMeters>49.2</AltitudeMeters><Extensions><TPX xmlns="http://www.garmin.com/xmlschemas/ActivityExtension/v2"><Speed>2.6</Speed></TPX></Extensions></Trackpoint><Trackpoint><Time>2026-03-20T12:12:22+00:00</Time><DistanceMeters>3746.7</DistanceMeters><Position><LatitudeDegrees>50.85223</LatitudeDegrees><LongitudeDegrees>4.295764</LongitudeDegrees></Position><AltitudeMeters>49.3</AltitudeMeters><Extensions><TPX xmlns="http://www.garmin.com/xmlschemas/ActivityExtension/v2"><Speed>2.69</Speed></TPX></Extensions></Trackpoint><Trackpoint><Time>2026-03-20T12:12:23+00:00</Time><DistanceMeters>3749.4</DistanceMeters><Position><LatitudeDegrees>50.852227</LatitudeDegrees><LongitudeDegrees>4.295744</LongitudeDegrees></Position><AltitudeMeters>49.4</AltitudeMeters><Extensions><TPX xmlns="http://www.garmin.com/xmlschemas/ActivityExtension/v2"><Speed>2.72</Speed></TPX></Extensions></Trackpoint><Trackpoint><Time>2026-03-20T12:12:24+00:00</Time><DistanceMeters>3752.1</DistanceMeters><Position><LatitudeDegrees>50.852223</LatitudeDegrees><LongitudeDegrees>4.295686</LongitudeDegrees></Position><AltitudeMeters>49.5</AltitudeMeters><Extensions><TPX xmlns="http://www.garmin.com/xmlschemas/ActivityExtension/v2"><Speed>2.74</Speed></TPX></Extensions></Trackpoint><Trackpoint><Time>2026-03-20T12:12:25+00:00</Time><DistanceMeters>3754.8</DistanceMeters><Position><LatitudeDegrees>50.852221</LatitudeDegrees><LongitudeDegrees>4.295668</LongitudeDegrees></Position><AltitudeMeters>49.6</AltitudeMeters><Extensions><TPX xmlns="http://www.garmin.com/xmlschemas/ActivityExtension/v2"><Speed>2.73</Speed></TPX></Extensions></Trackpoint><Trackpoint><Time>2026-03-20T12:12:26+00:00</Time><DistanceMeters>3758.0</DistanceMeters><Position><LatitudeDegrees>50.852215</LatitudeDegrees><LongitudeDegrees>4.295624</LongitudeDegrees></Position><AltitudeMeters>49.7</AltitudeMeters><Extensions><TPX xmlns="http://www.garmin.com/xmlschemas/ActivityExtension/v2"><Speed>2.82</Speed></TPX></Extensions></Trackpoint><Trackpoint><Time>2026-03-20T12:12:27+00:00</Time><DistanceMeters>3760.6</DistanceMeters><Position><LatitudeDegrees>50.852213</LatitudeDegrees><LongitudeDegrees>4.295568</LongitudeDegrees></Position><AltitudeMeters>49.9</AltitudeMeters><Extensions><TPX xmlns="http://www.garmin.com/xmlschemas/ActivityExtension/v2"><Speed>2.79</Speed></TPX></Extensions></Trackpoint><Trackpoint><Time>2026-03-20T12:12:28+00:00</Time><DistanceMeters>3763.2</DistanceMeters><Position><LatitudeDegrees>50.852213</LatitudeDegrees><LongitudeDegrees>4.295551</LongitudeDegrees></Position><AltitudeMeters>49.9</AltitudeMeters><Extensions><TPX xmlns="http://www.garmin.com/xmlschemas/ActivityExtension/v2"><Speed>2.76</Speed></TPX></Extensions></Trackpoint><Trackpoint><Time>2026-03-20T12:12:29+00:00</Time><DistanceMeters>3765.9</DistanceMeters><Position><LatitudeDegrees>50.852216</LatitudeDegrees><LongitudeDegrees>4.295492</LongitudeDegrees></Position><AltitudeMeters>50.1</AltitudeMeters><Extensions><TPX xmlns="http://www.garmin.com/xmlschemas/ActivityExtension/v2"><Speed>2.75</Speed></TPX></Extensions></Trackpoint><Trackpoint><Time>2026-03-20T12:12:30+00:00</Time><DistanceMeters>3768.5</DistanceMeters><Position><LatitudeDegrees>50.852215</LatitudeDegrees><LongitudeDegrees>4.295475</LongitudeDegrees></Position><AltitudeMeters>50.2</AltitudeMeters><Extensions><TPX xmlns="http://www.garmin.com/xmlschemas/ActivityExtension/v2"><Speed>2.74</Speed></TPX></Extensions></Trackpoint><Trackpoint><Time>2026-03-20T12:12:31+00:00</Time><DistanceMeters>3770.8</DistanceMeters><Position><LatitudeDegrees>50.852208</LatitudeDegrees><LongitudeDegrees>4.295427</LongitudeDegrees></Position><AltitudeMeters>50.4</AltitudeMeters><Extensions><TPX xmlns="http://www.garmin.com/xmlschemas/ActivityExtension/v2"><Speed>2.56</Speed></TPX></Extensions></Trackpoint><Trackpoint><Time>2026-03-20T12:12:32+00:00</Time><DistanceMeters>3773.1</DistanceMeters><Position><LatitudeDegrees>50.852206</LatitudeDegrees><LongitudeDegrees>4.295411</LongitudeDegrees></Position><AltitudeMeters>50.4</AltitudeMeters><Extensions><TPX xmlns="http://www.garmin.com/xmlschemas/ActivityExtension/v2"><Speed>2.5</Speed></TPX></Extensions></Trackpoint><Trackpoint><Time>2026-03-20T12:12:33+00:00</Time><DistanceMeters>3775.4</DistanceMeters><Position><LatitudeDegrees>50.8522</LatitudeDegrees><LongitudeDegrees>4.295363</LongitudeDegrees></Position><AltitudeMeters>50.6</AltitudeMeters><Extensions><TPX xmlns="http://www.garmin.com/xmlschemas/ActivityExtension/v2"><Speed>2.43</Speed></TPX></Extensions></Trackpoint><Trackpoint><Time>2026-03-20T12:12:34+00:00</Time><DistanceMeters>3777.6</DistanceMeters><Position><LatitudeDegrees>50.852198</LatitudeDegrees><LongitudeDegrees>4.295348</LongitudeDegrees></Position><AltitudeMeters>50.7</AltitudeMeters><Extensions><TPX xmlns="http://www.garmin.com/xmlschemas/ActivityExtension/v2"><Speed>2.35</Speed></TPX></Extensions></Trackpoint><Trackpoint><Time>2026-03-20T12:12:35+00:00</Time><DistanceMeters>3779.9</DistanceMeters><Position><LatitudeDegrees>50.852195</LatitudeDegrees><LongitudeDegrees>4.295298</LongitudeDegrees></Position><AltitudeMeters>50.9</AltitudeMeters><Extensions><TPX xmlns="http://www.garmin.com/xmlschemas/ActivityExtension/v2"><Speed>2.28</Speed></TPX></Extensions></Trackpoint><Trackpoint><Time>2026-03-20T12:12:36+00:00</Time><DistanceMeters>3782.2</DistanceMeters><Position><LatitudeDegrees>50.852193</LatitudeDegrees><LongitudeDegrees>4.295282</LongitudeDegrees></Position><AltitudeMeters>50.9</AltitudeMeters><Extensions><TPX xmlns="http://www.garmin.com/xmlschemas/ActivityExtension/v2"><Speed>2.28</Speed></TPX></Extensions></Trackpoint><Trackpoint><Time>2026-03-20T12:12:37+00:00</Time><DistanceMeters>3784.9</DistanceMeters><Position><LatitudeDegrees>50.852189</LatitudeDegrees><LongitudeDegrees>4.295228</LongitudeDegrees></Position><AltitudeMeters>51.1</AltitudeMeters><Extensions><TPX xmlns="http://www.garmin.com/xmlschemas/ActivityExtension/v2"><Speed>2.36</Speed></TPX></Extensions></Trackpoint><Trackpoint><Time>2026-03-20T12:12:38+00:00</Time><DistanceMeters>3787.6</DistanceMeters><Position><LatitudeDegrees>50.852188</LatitudeDegrees><LongitudeDegrees>4.295206</LongitudeDegrees></Position><AltitudeMeters>51.2</AltitudeMeters><Extensions><TPX xmlns="http://www.garmin.com/xmlschemas/ActivityExtension/v2"><Speed>2.45</Speed></TPX></Extensions></Trackpoint><Trackpoint><Time>2026-03-20T12:12:39+00:00</Time><DistanceMeters>3787.6</DistanceMeters><Position><LatitudeDegrees>50.852189</LatitudeDegrees><LongitudeDegrees>4.29518</LongitudeDegrees></Position><AltitudeMeters>51.2</AltitudeMeters><Extensions><TPX xmlns="http://www.garmin.com/xmlschemas/ActivityExtension/v2"><Speed>2.0</Speed></TPX></Extensions></Trackpoint><Trackpoint><Time>2026-03-20T12:12:40+00:00</Time><DistanceMeters>3791.6</DistanceMeters><Position><LatitudeDegrees>50.85219</LatitudeDegrees><LongitudeDegrees>4.295149</LongitudeDegrees></Position><AltitudeMeters>51.4</AltitudeMeters><Extensions><TPX xmlns="http://www.garmin.com/xmlschemas/ActivityExtension/v2"><Speed>2.34</Speed></TPX></Extensions></Trackpoint><Trackpoint><Time>2026-03-20T12:12:41+00:00</Time><DistanceMeters>3793.7</DistanceMeters><Position><LatitudeDegrees>50.85219</LatitudeDegrees><LongitudeDegrees>4.295104</LongitudeDegrees></Position><AltitudeMeters>51.5</AltitudeMeters><Extensions><TPX xmlns="http://www.garmin.com/xmlschemas/ActivityExtension/v2"><Speed>2.3</Speed></TPX></Extensions></Trackpoint><Trackpoint><Time>2026-03-20T12:12:42+00:00</Time><DistanceMeters>3795.8</DistanceMeters><Position><LatitudeDegrees>50.852189</LatitudeDegrees><LongitudeDegrees>4.29509</LongitudeDegrees></Position><AltitudeMeters>51.6</AltitudeMeters><Extensions><TPX xmlns="http://www.garmin.com/xmlschemas/ActivityExtension/v2"><Speed>2.18</Speed></TPX></Extensions></Trackpoint><Trackpoint><Time>2026-03-20T12:12:43+00:00</Time><DistanceMeters>3795.8</DistanceMeters><Position><LatitudeDegrees>50.852184</LatitudeDegrees><LongitudeDegrees>4.295063</LongitudeDegrees></Position><AltitudeMeters>51.6</AltitudeMeters><Extensions><TPX xmlns="http://www.garmin.com/xmlschemas/ActivityExtension/v2"><Speed>1.64</Speed></TPX></Extensions></Trackpoint><Trackpoint><Time>2026-03-20T12:12:44+00:00</Time><DistanceMeters>3799.8</DistanceMeters><Position><LatitudeDegrees>50.852175</LatitudeDegrees><LongitudeDegrees>4.295037</LongitudeDegrees></Position><AltitudeMeters>51.7</AltitudeMeters><Extensions><TPX xmlns="http://www.garmin.com/xmlschemas/ActivityExtension/v2"><Speed>2.44</Speed></TPX></Extensions></Trackpoint><Trackpoint><Time>2026-03-20T12:12:45+00:00</Time><DistanceMeters>3802.0</DistanceMeters><Position><LatitudeDegrees>50.85216</LatitudeDegrees><LongitudeDegrees>4.294999</LongitudeDegrees></Position><AltitudeMeters>51.9</AltitudeMeters><Extensions><TPX xmlns="http://www.garmin.com/xmlschemas/ActivityExtension/v2"><Speed>2.07</Speed></TPX></Extensions></Trackpoint><Trackpoint><Time>2026-03-20T12:12:46+00:00</Time><DistanceMeters>3804.1</DistanceMeters><Position><LatitudeDegrees>50.852153</LatitudeDegrees><LongitudeDegrees>4.294987</LongitudeDegrees></Position><AltitudeMeters>51.9</AltitudeMeters><Extensions><TPX xmlns="http://www.garmin.com/xmlschemas/ActivityExtension/v2"><Speed>2.08</Speed></TPX></Extensions></Trackpoint><Trackpoint><Time>2026-03-20T12:12:47+00:00</Time><DistanceMeters>3806.3</DistanceMeters><Position><LatitudeDegrees>50.852135</LatitudeDegrees><LongitudeDegrees>4.294951</LongitudeDegrees></Position><AltitudeMeters>52.1</AltitudeMeters><Extensions><TPX xmlns="http://www.garmin.com/xmlschemas/ActivityExtension/v2"><Speed>2.09</Speed></TPX></Extensions></Trackpoint><Trackpoint><Time>2026-03-20T12:12:48+00:00</Time><DistanceMeters>3808.4</DistanceMeters><Position><LatitudeDegrees>50.852128</LatitudeDegrees><LongitudeDegrees>4.294939</LongitudeDegrees></Position><AltitudeMeters>52.1</AltitudeMeters><Extensions><TPX xmlns="http://www.garmin.com/xmlschemas/ActivityExtension/v2"><Speed>2.52</Speed></TPX></Extensions></Trackpoint><Trackpoint><Time>2026-03-20T12:12:49+00:00</Time><DistanceMeters>3810.8</DistanceMeters><Position><LatitudeDegrees>50.852104</LatitudeDegrees><LongitudeDegrees>4.294907</LongitudeDegrees></Position><AltitudeMeters>52.2</AltitudeMeters><Extensions><TPX xmlns="http://www.garmin.com/xmlschemas/ActivityExtension/v2"><Speed>2.2</Speed></TPX></Extensions></Trackpoint><Trackpoint><Time>2026-03-20T12:12:50+00:00</Time><DistanceMeters>3813.2</DistanceMeters><Position><LatitudeDegrees>50.852095</LatitudeDegrees><LongitudeDegrees>4.294896</LongitudeDegrees></Position><AltitudeMeters>52.3</AltitudeMeters><Extensions><TPX xmlns="http://www.garmin.com/xmlschemas/ActivityExtension/v2"><Speed>2.25</Speed></TPX></Extensions></Trackpoint><Trackpoint><Time>2026-03-20T12:12:51+00:00</Time><DistanceMeters>3813.2</DistanceMeters><Position><LatitudeDegrees>50.852083</LatitudeDegrees><LongitudeDegrees>4.294878</LongitudeDegrees></Position><AltitudeMeters>52.4</AltitudeMeters><Extensions><TPX xmlns="http://www.garmin.com/xmlschemas/ActivityExtension/v2"><Speed>1.82</Speed></TPX></Extensions></Trackpoint><Trackpoint><Time>2026-03-20T12:12:52+00:00</Time><DistanceMeters>3817.2</DistanceMeters><Position><LatitudeDegrees>50.852068</LatitudeDegrees><LongitudeDegrees>4.294857</LongitudeDegrees></Position><AltitudeMeters>52.4</AltitudeMeters><Extensions><TPX xmlns="http://www.garmin.com/xmlschemas/ActivityExtension/v2"><Speed>2.19</Speed></TPX></Extensions></Trackpoint><Trackpoint><Time>2026-03-20T12:12:53+00:00</Time><DistanceMeters>3817.2</DistanceMeters><Position><LatitudeDegrees>50.852055</LatitudeDegrees><LongitudeDegrees>4.294843</LongitudeDegrees></Position><AltitudeMeters>52.5</AltitudeMeters><Extensions><TPX xmlns="http://www.garmin.com/xmlschemas/ActivityExtension/v2"><Speed>1.76</Speed></TPX></Extensions></Trackpoint><Trackpoint><Time>2026-03-20T12:12:54+00:00</Time><DistanceMeters>3821.1</DistanceMeters><Position><LatitudeDegrees>50.852038</LatitudeDegrees><LongitudeDegrees>4.294828</LongitudeDegrees></Position><AltitudeMeters>52.6</AltitudeMeters><Extensions><TPX xmlns="http://www.garmin.com/xmlschemas/ActivityExtension/v2"><Speed>2.06</Speed></TPX></Extensions></Trackpoint><Trackpoint><Time>2026-03-20T12:12:55+00:00</Time><DistanceMeters>3821.1</DistanceMeters><Position><LatitudeDegrees>50.852022</LatitudeDegrees><LongitudeDegrees>4.294814</LongitudeDegrees></Position><AltitudeMeters>52.7</AltitudeMeters><Extensions><TPX xmlns="http://www.garmin.com/xmlschemas/ActivityExtension/v2"><Speed>1.58</Speed></TPX></Extensions></Trackpoint><Trackpoint><Time>2026-03-20T12:12:56+00:00</Time><DistanceMeters>3825.1</DistanceMeters><Position><LatitudeDegrees>50.852007</LatitudeDegrees><LongitudeDegrees>4.294803</LongitudeDegrees></Position><AltitudeMeters>52.7</AltitudeMeters><Extensions><TPX xmlns="http://www.garmin.com/xmlschemas/ActivityExtension/v2"><Speed>2.38</Speed></TPX></Extensions></Trackpoint><Trackpoint><Time>2026-03-20T12:12:57+00:00</Time><DistanceMeters>3827.2</DistanceMeters><Position><LatitudeDegrees>50.85198</LatitudeDegrees><LongitudeDegrees>4.294786</LongitudeDegrees></Position><AltitudeMeters>52.9</AltitudeMeters><Extensions><TPX xmlns="http://www.garmin.com/xmlschemas/ActivityExtension/v2"><Speed>2.0</Speed></TPX></Extensions></Trackpoint><Trackpoint><Time>2026-03-20T12:12:58+00:00</Time><DistanceMeters>3829.3</DistanceMeters><Position><LatitudeDegrees>50.851971</LatitudeDegrees><LongitudeDegrees>4.294781</LongitudeDegrees></Position><AltitudeMeters>52.9</AltitudeMeters><Extensions><TPX xmlns="http://www.garmin.com/xmlschemas/ActivityExtension/v2"><Speed>2.42</Speed></TPX></Extensions></Trackpoint><Trackpoint><Time>2026-03-20T12:12:59+00:00</Time><DistanceMeters>3829.3</DistanceMeters><Position><LatitudeDegrees>50.851955</LatitudeDegrees><LongitudeDegrees>4.294777</LongitudeDegrees></Position><AltitudeMeters>53.0</AltitudeMeters><Extensions><TPX xmlns="http://www.garmin.com/xmlschemas/ActivityExtension/v2"><Speed>1.64</Speed></TPX></Extensions></Trackpoint><Trackpoint><Time>2026-03-20T12:13:00+00:00</Time><DistanceMeters>3833.1</DistanceMeters><Position><LatitudeDegrees>50.851938</LatitudeDegrees><LongitudeDegrees>4.294771</LongitudeDegrees></Position><AltitudeMeters>53.1</AltitudeMeters><Extensions><TPX xmlns="http://www.garmin.com/xmlschemas/ActivityExtension/v2"><Speed>2.4</Speed></TPX></Extensions></Trackpoint><Trackpoint><Time>2026-03-20T12:13:01+00:00</Time><DistanceMeters>3835.2</DistanceMeters><Position><LatitudeDegrees>50.851912</LatitudeDegrees><LongitudeDegrees>4.294757</LongitudeDegrees></Position><AltitudeMeters>53.2</AltitudeMeters><Extensions><TPX xmlns="http://www.garmin.com/xmlschemas/ActivityExtension/v2"><Speed>2.01</Speed></TPX></Extensions></Trackpoint><Trackpoint><Time>2026-03-20T12:13:02+00:00</Time><DistanceMeters>3837.2</DistanceMeters><Position><LatitudeDegrees>50.851903</LatitudeDegrees><LongitudeDegrees>4.294752</LongitudeDegrees></Position><AltitudeMeters>53.2</AltitudeMeters><Extensions><TPX xmlns="http://www.garmin.com/xmlschemas/ActivityExtension/v2"><Speed>2.0</Speed></TPX></Extensions></Trackpoint><Trackpoint><Time>2026-03-20T12:13:03+00:00</Time><DistanceMeters>3839.4</DistanceMeters><Position><LatitudeDegrees>50.851877</LatitudeDegrees><LongitudeDegrees>4.294735</LongitudeDegrees></Position><AltitudeMeters>53.4</AltitudeMeters><Extensions><TPX xmlns="http://www.garmin.com/xmlschemas/ActivityExtension/v2"><Speed>2.01</Speed></TPX></Extensions></Trackpoint><Trackpoint><Time>2026-03-20T12:13:04+00:00</Time><DistanceMeters>3841.5</DistanceMeters><Position><LatitudeDegrees>50.851868</LatitudeDegrees><LongitudeDegrees>4.294728</LongitudeDegrees></Position><AltitudeMeters>53.4</AltitudeMeters><Extensions><TPX xmlns="http://www.garmin.com/xmlschemas/ActivityExtension/v2"><Speed>2.44</Speed></TPX></Extensions></Trackpoint><Trackpoint><Time>2026-03-20T12:13:05+00:00</Time><DistanceMeters>3843.7</DistanceMeters><Position><LatitudeDegrees>50.851842</LatitudeDegrees><LongitudeDegrees>4.294705</LongitudeDegrees></Position><AltitudeMeters>53.6</AltitudeMeters><Extensions><TPX xmlns="http://www.garmin.com/xmlschemas/ActivityExtension/v2"><Speed>2.12</Speed></TPX></Extensions></Trackpoint><Trackpoint><Time>2026-03-20T12:13:06+00:00</Time><DistanceMeters>3845.9</DistanceMeters><Position><LatitudeDegrees>50.851833</LatitudeDegrees><LongitudeDegrees>4.294697</LongitudeDegrees></Position><AltitudeMeters>53.7</AltitudeMeters><Extensions><TPX xmlns="http://www.garmin.com/xmlschemas/ActivityExtension/v2"><Speed>2.15</Speed></TPX></Extensions></Trackpoint><Trackpoint><Time>2026-03-20T12:13:07+00:00</Time><DistanceMeters>3848.2</DistanceMeters><Position><LatitudeDegrees>50.85181</LatitudeDegrees><LongitudeDegrees>4.294663</LongitudeDegrees></Position><AltitudeMeters>53.8</AltitudeMeters><Extensions><TPX xmlns="http://www.garmin.com/xmlschemas/ActivityExtension/v2"><Speed>2.2</Speed></TPX></Extensions></Trackpoint><Trackpoint><Time>2026-03-20T12:13:08+00:00</Time><DistanceMeters>3850.5</DistanceMeters><Position><LatitudeDegrees>50.851803</LatitudeDegrees><LongitudeDegrees>4.294651</LongitudeDegrees></Position><AltitudeMeters>53.9</AltitudeMeters><Extensions><TPX xmlns="http://www.garmin.com/xmlschemas/ActivityExtension/v2"><Speed>2.23</Speed></TPX></Extensions></Trackpoint><Trackpoint><Time>2026-03-20T12:13:09+00:00</Time><DistanceMeters>3852.9</DistanceMeters><Position><LatitudeDegrees>50.851788</LatitudeDegrees><LongitudeDegrees>4.294608</LongitudeDegrees></Position><AltitudeMeters>54.0</AltitudeMeters><Extensions><TPX xmlns="http://www.garmin.com/xmlschemas/ActivityExtension/v2"><Speed>2.27</Speed></TPX></Extensions></Trackpoint><Trackpoint><Time>2026-03-20T12:13:10+00:00</Time><DistanceMeters>3855.2</DistanceMeters><Position><LatitudeDegrees>50.851786</LatitudeDegrees><LongitudeDegrees>4.29459</LongitudeDegrees></Position><AltitudeMeters>54.1</AltitudeMeters><Extensions><TPX xmlns="http://www.garmin.com/xmlschemas/ActivityExtension/v2"><Speed>2.3</Speed></TPX></Extensions></Trackpoint><Trackpoint><Time>2026-03-20T12:13:11+00:00</Time><DistanceMeters>3858.3</DistanceMeters><Position><LatitudeDegrees>50.851793</LatitudeDegrees><LongitudeDegrees>4.294547</LongitudeDegrees></Position><AltitudeMeters>54.3</AltitudeMeters><Extensions><TPX xmlns="http://www.garmin.com/xmlschemas/ActivityExtension/v2"><Speed>2.48</Speed></TPX></Extensions></Trackpoint><Trackpoint><Time>2026-03-20T12:13:12+00:00</Time><DistanceMeters>3860.8</DistanceMeters><Position><LatitudeDegrees>50.851799</LatitudeDegrees><LongitudeDegrees>4.294493</LongitudeDegrees></Position><AltitudeMeters>54.5</AltitudeMeters><Extensions><TPX xmlns="http://www.garmin.com/xmlschemas/ActivityExtension/v2"><Speed>2.52</Speed></TPX></Extensions></Trackpoint><Trackpoint><Time>2026-03-20T12:13:13+00:00</Time><DistanceMeters>3863.3</DistanceMeters><Position><LatitudeDegrees>50.851802</LatitudeDegrees><LongitudeDegrees>4.294478</LongitudeDegrees></Position><AltitudeMeters>54.5</AltitudeMeters><Extensions><TPX xmlns="http://www.garmin.com/xmlschemas/ActivityExtension/v2"><Speed>2.56</Speed></TPX></Extensions></Trackpoint><Trackpoint><Time>2026-03-20T12:13:14+00:00</Time><DistanceMeters>3863.3</DistanceMeters><Position><LatitudeDegrees>50.851804</LatitudeDegrees><LongitudeDegrees>4.294451</LongitudeDegrees></Position><AltitudeMeters>54.6</AltitudeMeters><Extensions><TPX xmlns="http://www.garmin.com/xmlschemas/ActivityExtension/v2"><Speed>2.09</Speed></TPX></Extensions></Trackpoint><Trackpoint><Time>2026-03-20T12:13:15+00:00</Time><DistanceMeters>3867.2</DistanceMeters><Position><LatitudeDegrees>50.851803</LatitudeDegrees><LongitudeDegrees>4.294422</LongitudeDegrees></Position><AltitudeMeters>54.7</AltitudeMeters><Extensions><TPX xmlns="http://www.garmin.com/xmlschemas/ActivityExtension/v2"><Speed>2.4</Speed></TPX></Extensions></Trackpoint><Trackpoint><Time>2026-03-20T12:13:16+00:00</Time><DistanceMeters>3867.2</DistanceMeters><Position><LatitudeDegrees>50.851809</LatitudeDegrees><LongitudeDegrees>4.294402</LongitudeDegrees></Position><AltitudeMeters>54.8</AltitudeMeters><Extensions><TPX xmlns="http://www.garmin.com/xmlschemas/ActivityExtension/v2"><Speed>1.78</Speed></TPX></Extensions></Trackpoint><Trackpoint><Time>2026-03-20T12:13:17+00:00</Time><DistanceMeters>3870.7</DistanceMeters><Position><LatitudeDegrees>50.851815</LatitudeDegrees><LongitudeDegrees>4.294376</LongitudeDegrees></Position><AltitudeMeters>54.9</AltitudeMeters><Extensions><TPX xmlns="http://www.garmin.com/xmlschemas/ActivityExtension/v2"><Speed>1.98</Speed></TPX></Extensions></Trackpoint><Trackpoint><Time>2026-03-20T12:13:18+00:00</Time><DistanceMeters>3870.7</DistanceMeters><Position><LatitudeDegrees>50.851825</LatitudeDegrees><LongitudeDegrees>4.294354</LongitudeDegrees></Position><AltitudeMeters>55.0</AltitudeMeters><Extensions><TPX xmlns="http://www.garmin.com/xmlschemas/ActivityExtension/v2"><Speed>1.48</Speed></TPX></Extensions></Trackpoint><Trackpoint><Time>2026-03-20T12:13:19+00:00</Time><DistanceMeters>3874.6</DistanceMeters><Position><LatitudeDegrees>50.851834</LatitudeDegrees><LongitudeDegrees>4.29433</LongitudeDegrees></Position><AltitudeMeters>55.1</AltitudeMeters><Extensions><TPX xmlns="http://www.garmin.com/xmlschemas/ActivityExtension/v2"><Speed>2.26</Speed></TPX></Extensions></Trackpoint><Trackpoint><Time>2026-03-20T12:13:20+00:00</Time><DistanceMeters>3874.6</DistanceMeters><Position><LatitudeDegrees>50.851842</LatitudeDegrees><LongitudeDegrees>4.294304</LongitudeDegrees></Position><AltitudeMeters>55.2</AltitudeMeters><Extensions><TPX xmlns="http://www.garmin.com/xmlschemas/ActivityExtension/v2"><Speed>1.48</Speed></TPX></Extensions></Trackpoint><Trackpoint><Time>2026-03-20T12:13:21+00:00</Time><DistanceMeters>3878.5</DistanceMeters><Position><LatitudeDegrees>50.851852</LatitudeDegrees><LongitudeDegrees>4.294281</LongitudeDegrees></Position><AltitudeMeters>55.3</AltitudeMeters><Extensions><TPX xmlns="http://www.garmin.com/xmlschemas/ActivityExtension/v2"><Speed>2.26</Speed></TPX></Extensions></Trackpoint><Trackpoint><Time>2026-03-20T12:13:22+00:00</Time><DistanceMeters>3880.7</DistanceMeters><Position><LatitudeDegrees>50.851866</LatitudeDegrees><LongitudeDegrees>4.294242</LongitudeDegrees></Position><AltitudeMeters>55.5</AltitudeMeters><Extensions><TPX xmlns="http://www.garmin.com/xmlschemas/ActivityExtension/v2"><Speed>1.99</Speed></TPX></Extensions></Trackpoint><Trackpoint><Time>2026-03-20T12:13:23+00:00</Time><DistanceMeters>3882.8</DistanceMeters><Position><LatitudeDegrees>50.85187</LatitudeDegrees><LongitudeDegrees>4.294228</LongitudeDegrees></Position><AltitudeMeters>55.5</AltitudeMeters><Extensions><TPX xmlns="http://www.garmin.com/xmlschemas/ActivityExtension/v2"><Speed>2.42</Speed></TPX></Extensions></Trackpoint><Trackpoint><Time>2026-03-20T12:13:24+00:00</Time><DistanceMeters>3882.8</DistanceMeters><Position><LatitudeDegrees>50.851874</LatitudeDegrees><LongitudeDegrees>4.294202</LongitudeDegrees></Position><AltitudeMeters>55.6</AltitudeMeters><Extensions><TPX xmlns="http://www.garmin.com/xmlschemas/ActivityExtension/v2"><Speed>1.64</Speed></TPX></Extensions></Trackpoint><Trackpoint><Time>2026-03-20T12:13:25+00:00</Time><DistanceMeters>3886.7</DistanceMeters><Position><LatitudeDegrees>50.851878</LatitudeDegrees><LongitudeDegrees>4.294173</LongitudeDegrees></Position><AltitudeMeters>55.7</AltitudeMeters><Extensions><TPX xmlns="http://www.garmin.com/xmlschemas/ActivityExtension/v2"><Speed>2.42</Speed></TPX></Extensions></Trackpoint><Trackpoint><Time>2026-03-20T12:13:26+00:00</Time><DistanceMeters>3888.9</DistanceMeters><Position><LatitudeDegrees>50.851878</LatitudeDegrees><LongitudeDegrees>4.294126</LongitudeDegrees></Position><AltitudeMeters>55.8</AltitudeMeters><Extensions><TPX xmlns="http://www.garmin.com/xmlschemas/ActivityExtension/v2"><Speed>2.08</Speed></TPX></Extensions></Trackpoint><Trackpoint><Time>2026-03-20T12:13:27+00:00</Time><DistanceMeters>3891.1</DistanceMeters><Position><LatitudeDegrees>50.851877</LatitudeDegrees><LongitudeDegrees>4.294111</LongitudeDegrees></Position><AltitudeMeters>55.9</AltitudeMeters><Extensions><TPX xmlns="http://www.garmin.com/xmlschemas/ActivityExtension/v2"><Speed>2.09</Speed></TPX></Extensions></Trackpoint><Trackpoint><Time>2026-03-20T12:13:28+00:00</Time><DistanceMeters>3893.5</DistanceMeters><Position><LatitudeDegrees>50.851875</LatitudeDegrees><LongitudeDegrees>4.294059</LongitudeDegrees></Position><AltitudeMeters>56.0</AltitudeMeters><Extensions><TPX xmlns="http://www.garmin.com/xmlschemas/ActivityExtension/v2"><Speed>2.14</Speed></TPX></Extensions></Trackpoint><Trackpoint><Time>2026-03-20T12:13:29+00:00</Time><DistanceMeters>3895.9</DistanceMeters><Position><LatitudeDegrees>50.851873</LatitudeDegrees><LongitudeDegrees>4.294042</LongitudeDegrees></Position><AltitudeMeters>56.1</AltitudeMeters><Extensions><TPX xmlns="http://www.garmin.com/xmlschemas/ActivityExtension/v2"><Speed>2.62</Speed></TPX></Extensions></Trackpoint><Trackpoint><Time>2026-03-20T12:13:30+00:00</Time><DistanceMeters>3898.4</DistanceMeters><Position><LatitudeDegrees>50.85187</LatitudeDegrees><LongitudeDegrees>4.293989</LongitudeDegrees></Position><AltitudeMeters>56.3</AltitudeMeters><Extensions><TPX xmlns="http://www.garmin.com/xmlschemas/ActivityExtension/v2"><Speed>2.34</Speed></TPX></Extensions></Trackpoint><Trackpoint><Time>2026-03-20T12:13:31+00:00</Time><DistanceMeters>3900.9</DistanceMeters><Position><LatitudeDegrees>50.851869</LatitudeDegrees><LongitudeDegrees>4.293972</LongitudeDegrees></Position><AltitudeMeters>56.3</AltitudeMeters><Extensions><TPX xmlns="http://www.garmin.com/xmlschemas/ActivityExtension/v2"><Speed>2.4</Speed></TPX></Extensions></Trackpoint><Trackpoint><Time>2026-03-20T12:13:32+00:00</Time><DistanceMeters>3904.3</DistanceMeters><Position><LatitudeDegrees>50.851873</LatitudeDegrees><LongitudeDegrees>4.293923</LongitudeDegrees></Position><AltitudeMeters>56.5</AltitudeMeters><Extensions><TPX xmlns="http://www.garmin.com/xmlschemas/ActivityExtension/v2"><Speed>2.64</Speed></TPX></Extensions></Trackpoint><Trackpoint><Time>2026-03-20T12:13:33+00:00</Time><DistanceMeters>3905.9</DistanceMeters><Position><LatitudeDegrees>50.851878</LatitudeDegrees><LongitudeDegrees>4.293894</LongitudeDegrees></Position><AltitudeMeters>56.6</AltitudeMeters><Extensions><TPX xmlns="http://www.garmin.com/xmlschemas/ActivityExtension/v2"><Speed>2.473</Speed></TPX></Extensions></Trackpoint><Trackpoint><Time>2026-03-20T12:13:34+00:00</Time><DistanceMeters>3907.4</DistanceMeters><Position><LatitudeDegrees>50.851884</LatitudeDegrees><LongitudeDegrees>4.293877</LongitudeDegrees></Position><AltitudeMeters>56.7</AltitudeMeters><Extensions><TPX xmlns="http://www.garmin.com/xmlschemas/ActivityExtension/v2"><Speed>2.307</Speed></TPX></Extensions></Trackpoint><Trackpoint><Time>2026-03-20T12:13:35+00:00</Time><DistanceMeters>3909.0</DistanceMeters><Position><LatitudeDegrees>50.851889</LatitudeDegrees><LongitudeDegrees>4.293861</LongitudeDegrees></Position><AltitudeMeters>56.7</AltitudeMeters><Extensions><TPX xmlns="http://www.garmin.com/xmlschemas/ActivityExtension/v2"><Speed>2.12</Speed></TPX></Extensions></Trackpoint><Trackpoint><Time>2026-03-20T12:13:36+00:00</Time><DistanceMeters>3911.2</DistanceMeters><Position><LatitudeDegrees>50.851916</LatitudeDegrees><LongitudeDegrees>4.293847</LongitudeDegrees></Position><AltitudeMeters>56.7</AltitudeMeters><Extensions><TPX xmlns="http://www.garmin.com/xmlschemas/ActivityExtension/v2"><Speed>2.05</Speed></TPX></Extensions></Trackpoint><Trackpoint><Time>2026-03-20T12:13:37+00:00</Time><DistanceMeters>3913.3</DistanceMeters><Position><LatitudeDegrees>50.851926</LatitudeDegrees><LongitudeDegrees>4.293844</LongitudeDegrees></Position><AltitudeMeters>56.7</AltitudeMeters><Extensions><TPX xmlns="http://www.garmin.com/xmlschemas/ActivityExtension/v2"><Speed>1.8</Speed></TPX></Extensions></Trackpoint><Trackpoint><Time>2026-03-20T12:13:38+00:00</Time><DistanceMeters>3916.4</DistanceMeters><Position><LatitudeDegrees>50.851952</LatitudeDegrees><LongitudeDegrees>4.293852</LongitudeDegrees></Position><AltitudeMeters>56.8</AltitudeMeters><Extensions><TPX xmlns="http://www.garmin.com/xmlschemas/ActivityExtension/v2"><Speed>2.107</Speed></TPX></Extensions></Trackpoint><Trackpoint><Time>2026-03-20T12:13:39+00:00</Time><DistanceMeters>3919.8</DistanceMeters><Position><LatitudeDegrees>50.851983</LatitudeDegrees><LongitudeDegrees>4.293865</LongitudeDegrees></Position><AltitudeMeters>56.8</AltitudeMeters><Extensions><TPX xmlns="http://www.garmin.com/xmlschemas/ActivityExtension/v2"><Speed>2.473</Speed></TPX></Extensions></Trackpoint><Trackpoint><Time>2026-03-20T12:13:40+00:00</Time><DistanceMeters>3919.8</DistanceMeters><Position><LatitudeDegrees>50.852006</LatitudeDegrees><LongitudeDegrees>4.293868</LongitudeDegrees></Position><AltitudeMeters>56.8</AltitudeMeters><Extensions><TPX xmlns="http://www.garmin.com/xmlschemas/ActivityExtension/v2"><Speed>2.16</Speed></TPX></Extensions></Trackpoint><Trackpoint><Time>2026-03-20T12:13:41+00:00</Time><DistanceMeters>3923.8</DistanceMeters><Position><LatitudeDegrees>50.852018</LatitudeDegrees><LongitudeDegrees>4.293871</LongitudeDegrees></Position><AltitudeMeters>56.8</AltitudeMeters><Extensions><TPX xmlns="http://www.garmin.com/xmlschemas/ActivityExtension/v2"><Speed>2.53</Speed></TPX></Extensions></Trackpoint><Trackpoint><Time>2026-03-20T12:13:42+00:00</Time><DistanceMeters>3923.8</DistanceMeters><Position><LatitudeDegrees>50.852032</LatitudeDegrees><LongitudeDegrees>4.293876</LongitudeDegrees></Position><AltitudeMeters>56.8</AltitudeMeters><Extensions><TPX xmlns="http://www.garmin.com/xmlschemas/ActivityExtension/v2"><Speed>2.1</Speed></TPX></Extensions></Trackpoint><Trackpoint><Time>2026-03-20T12:13:43+00:00</Time><DistanceMeters>3927.2</DistanceMeters><Position><LatitudeDegrees>50.852047</LatitudeDegrees><LongitudeDegrees>4.293884</LongitudeDegrees></Position><AltitudeMeters>56.8</AltitudeMeters><Extensions><TPX xmlns="http://www.garmin.com/xmlschemas/ActivityExtension/v2"><Speed>2.16</Speed></TPX></Extensions></Trackpoint><Trackpoint><Time>2026-03-20T12:13:44+00:00</Time><DistanceMeters>3929.6</DistanceMeters><Position><LatitudeDegrees>50.852078</LatitudeDegrees><LongitudeDegrees>4.293889</LongitudeDegrees></Position><AltitudeMeters>56.9</AltitudeMeters><Extensions><TPX xmlns="http://www.garmin.com/xmlschemas/ActivityExtension/v2"><Speed>1.95</Speed></TPX></Extensions></Trackpoint><Trackpoint><Time>2026-03-20T12:13:45+00:00</Time><DistanceMeters>3931.9</DistanceMeters><Position><LatitudeDegrees>50.852089</LatitudeDegrees><LongitudeDegrees>4.293888</LongitudeDegrees></Position><AltitudeMeters>56.9</AltitudeMeters><Extensions><TPX xmlns="http://www.garmin.com/xmlschemas/ActivityExtension/v2"><Speed>2.42</Speed></TPX></Extensions></Trackpoint><Trackpoint><Time>2026-03-20T12:13:46+00:00</Time><DistanceMeters>3934.2</DistanceMeters><Position><LatitudeDegrees>50.852119</LatitudeDegrees><LongitudeDegrees>4.293898</LongitudeDegrees></Position><AltitudeMeters>56.9</AltitudeMeters><Extensions><TPX xmlns="http://www.garmin.com/xmlschemas/ActivityExtension/v2"><Speed>2.07</Speed></TPX></Extensions></Trackpoint><Trackpoint><Time>2026-03-20T12:13:47+00:00</Time><DistanceMeters>3936.4</DistanceMeters><Position><LatitudeDegrees>50.85213</LatitudeDegrees><LongitudeDegrees>4.293896</LongitudeDegrees></Position><AltitudeMeters>56.9</AltitudeMeters><Extensions><TPX xmlns="http://www.garmin.com/xmlschemas/ActivityExtension/v2"><Speed>2.52</Speed></TPX></Extensions></Trackpoint><Trackpoint><Time>2026-03-20T12:13:48+00:00</Time><DistanceMeters>3936.4</DistanceMeters><Position><LatitudeDegrees>50.852147</LatitudeDegrees><LongitudeDegrees>4.293904</LongitudeDegrees></Position><AltitudeMeters>56.9</AltitudeMeters><Extensions><TPX xmlns="http://www.garmin.com/xmlschemas/ActivityExtension/v2"><Speed>1.84</Speed></TPX></Extensions></Trackpoint><Trackpoint><Time>2026-03-20T12:13:49+00:00</Time><DistanceMeters>3939.7</DistanceMeters><Position><LatitudeDegrees>50.852156</LatitudeDegrees><LongitudeDegrees>4.293918</LongitudeDegrees></Position><AltitudeMeters>56.9</AltitudeMeters><Extensions><TPX xmlns="http://www.garmin.com/xmlschemas/ActivityExtension/v2"><Speed>2.03</Speed></TPX></Extensions></Trackpoint><Trackpoint><Time>2026-03-20T12:13:50+00:00</Time><DistanceMeters>3942.9</DistanceMeters><Position><LatitudeDegrees>50.852156</LatitudeDegrees><LongitudeDegrees>4.293963</LongitudeDegrees></Position><AltitudeMeters>57.0</AltitudeMeters><Extensions><TPX xmlns="http://www.garmin.com/xmlschemas/ActivityExtension/v2"><Speed>2.2</Speed></TPX></Extensions></Trackpoint><Trackpoint><Time>2026-03-20T12:13:51+00:00</Time><DistanceMeters>3945.1</DistanceMeters><Position><LatitudeDegrees>50.852167</LatitudeDegrees><LongitudeDegrees>4.29401</LongitudeDegrees></Position><AltitudeMeters>57.0</AltitudeMeters><Extensions><TPX xmlns="http://www.garmin.com/xmlschemas/ActivityExtension/v2"><Speed>2.19</Speed></TPX></Extensions></Trackpoint><Trackpoint><Time>2026-03-20T12:13:52+00:00</Time><DistanceMeters>3947.3</DistanceMeters><Position><LatitudeDegrees>50.852172</LatitudeDegrees><LongitudeDegrees>4.294021</LongitudeDegrees></Position><AltitudeMeters>57.0</AltitudeMeters><Extensions><TPX xmlns="http://www.garmin.com/xmlschemas/ActivityExtension/v2"><Speed>2.18</Speed></TPX></Extensions></Trackpoint><Trackpoint><Time>2026-03-20T12:13:53+00:00</Time><DistanceMeters>3951.1</DistanceMeters><Position><LatitudeDegrees>50.852214</LatitudeDegrees><LongitudeDegrees>4.294032</LongitudeDegrees></Position><AltitudeMeters>57.0</AltitudeMeters><Extensions><TPX xmlns="http://www.garmin.com/xmlschemas/ActivityExtension/v2"><Speed>2.93</Speed></TPX></Extensions></Trackpoint><Trackpoint><Time>2026-03-20T12:13:54+00:00</Time><DistanceMeters>3954.8</DistanceMeters><Position><LatitudeDegrees>50.852239</LatitudeDegrees><LongitudeDegrees>4.294021</LongitudeDegrees></Position><AltitudeMeters>57.1</AltitudeMeters><Extensions><TPX xmlns="http://www.garmin.com/xmlschemas/ActivityExtension/v2"><Speed>3.02</Speed></TPX></Extensions></Trackpoint><Trackpoint><Time>2026-03-20T12:13:55+00:00</Time><DistanceMeters>3957.3</DistanceMeters><Position><LatitudeDegrees>50.852268</LatitudeDegrees><LongitudeDegrees>4.293994</LongitudeDegrees></Position><AltitudeMeters>57.1</AltitudeMeters><Extensions><TPX xmlns="http://www.garmin.com/xmlschemas/ActivityExtension/v2"><Speed>2.88</Speed></TPX></Extensions></Trackpoint><Trackpoint><Time>2026-03-20T12:13:56+00:00</Time><DistanceMeters>3959.8</DistanceMeters><Position><LatitudeDegrees>50.85228</LatitudeDegrees><LongitudeDegrees>4.293991</LongitudeDegrees></Position><AltitudeMeters>57.1</AltitudeMeters><Extensions><TPX xmlns="http://www.garmin.com/xmlschemas/ActivityExtension/v2"><Speed>2.94</Speed></TPX></Extensions></Trackpoint><Trackpoint><Time>2026-03-20T12:13:57+00:00</Time><DistanceMeters>3962.4</DistanceMeters><Position><LatitudeDegrees>50.852313</LatitudeDegrees><LongitudeDegrees>4.294001</LongitudeDegrees></Position><AltitudeMeters>57.1</AltitudeMeters><Extensions><TPX xmlns="http://www.garmin.com/xmlschemas/ActivityExtension/v2"><Speed>3.01</Speed></TPX></Extensions></Trackpoint><Trackpoint><Time>2026-03-20T12:13:58+00:00</Time><DistanceMeters>3964.9</DistanceMeters><Position><LatitudeDegrees>50.852324</LatitudeDegrees><LongitudeDegrees>4.294007</LongitudeDegrees></Position><AltitudeMeters>57.1</AltitudeMeters><Extensions><TPX xmlns="http://www.garmin.com/xmlschemas/ActivityExtension/v2"><Speed>2.77</Speed></TPX></Extensions></Trackpoint><Trackpoint><Time>2026-03-20T12:13:59+00:00</Time><DistanceMeters>3967.1</DistanceMeters><Position><LatitudeDegrees>50.852353</LatitudeDegrees><LongitudeDegrees>4.294024</LongitudeDegrees></Position><AltitudeMeters>57.2</AltitudeMeters><Extensions><TPX xmlns="http://www.garmin.com/xmlschemas/ActivityExtension/v2"><Speed>2.46</Speed></TPX></Extensions></Trackpoint><Trackpoint><Time>2026-03-20T12:14:00+00:00</Time><DistanceMeters>3969.3</DistanceMeters><Position><LatitudeDegrees>50.852361</LatitudeDegrees><LongitudeDegrees>4.29403</LongitudeDegrees></Position><AltitudeMeters>57.3</AltitudeMeters><Extensions><TPX xmlns="http://www.garmin.com/xmlschemas/ActivityExtension/v2"><Speed>2.4</Speed></TPX></Extensions></Trackpoint><Trackpoint><Time>2026-03-20T12:14:01+00:00</Time><DistanceMeters>3971.4</DistanceMeters><Position><LatitudeDegrees>50.852388</LatitudeDegrees><LongitudeDegrees>4.294044</LongitudeDegrees></Position><AltitudeMeters>57.3</AltitudeMeters><Extensions><TPX xmlns="http://www.garmin.com/xmlschemas/ActivityExtension/v2"><Speed>2.31</Speed></TPX></Extensions></Trackpoint><Trackpoint><Time>2026-03-20T12:14:02+00:00</Time><DistanceMeters>3973.4</DistanceMeters><Position><LatitudeDegrees>50.852396</LatitudeDegrees><LongitudeDegrees>4.294049</LongitudeDegrees></Position><AltitudeMeters>57.4</AltitudeMeters><Extensions><TPX xmlns="http://www.garmin.com/xmlschemas/ActivityExtension/v2"><Speed>2.21</Speed></TPX></Extensions></Trackpoint><Trackpoint><Time>2026-03-20T12:14:03+00:00</Time><DistanceMeters>3975.5</DistanceMeters><Position><LatitudeDegrees>50.852424</LatitudeDegrees><LongitudeDegrees>4.294068</LongitudeDegrees></Position><AltitudeMeters>57.4</AltitudeMeters><Extensions><TPX xmlns="http://www.garmin.com/xmlschemas/ActivityExtension/v2"><Speed>2.12</Speed></TPX></Extensions></Trackpoint><Trackpoint><Time>2026-03-20T12:14:04+00:00</Time><DistanceMeters>3977.6</DistanceMeters><Position><LatitudeDegrees>50.852431</LatitudeDegrees><LongitudeDegrees>4.294073</LongitudeDegrees></Position><AltitudeMeters>57.5</AltitudeMeters><Extensions><TPX xmlns="http://www.garmin.com/xmlschemas/ActivityExtension/v2"><Speed>2.1</Speed></TPX></Extensions></Trackpoint><Trackpoint><Time>2026-03-20T12:14:05+00:00</Time><DistanceMeters>3979.8</DistanceMeters><Position><LatitudeDegrees>50.852458</LatitudeDegrees><LongitudeDegrees>4.294091</LongitudeDegrees></Position><AltitudeMeters>57.5</AltitudeMeters><Extensions><TPX xmlns="http://www.garmin.com/xmlschemas/ActivityExtension/v2"><Speed>2.1</Speed></TPX></Extensions></Trackpoint><Trackpoint><Time>2026-03-20T12:14:06+00:00</Time><DistanceMeters>3982.0</DistanceMeters><Position><LatitudeDegrees>50.852467</LatitudeDegrees><LongitudeDegrees>4.294098</LongitudeDegrees></Position><AltitudeMeters>57.6</AltitudeMeters><Extensions><TPX xmlns="http://www.garmin.com/xmlschemas/ActivityExtension/v2"><Speed>2.13</Speed></TPX></Extensions></Trackpoint><Trackpoint><Time>2026-03-20T12:14:07+00:00</Time><DistanceMeters>3982.0</DistanceMeters><Position><LatitudeDegrees>50.852483</LatitudeDegrees><LongitudeDegrees>4.294112</LongitudeDegrees></Position><AltitudeMeters>57.6</AltitudeMeters><Extensions><TPX xmlns="http://www.garmin.com/xmlschemas/ActivityExtension/v2"><Speed>1.72</Speed></TPX></Extensions></Trackpoint><Trackpoint><Time>2026-03-20T12:14:08+00:00</Time><DistanceMeters>3986.0</DistanceMeters><Position><LatitudeDegrees>50.852499</LatitudeDegrees><LongitudeDegrees>4.294125</LongitudeDegrees></Position><AltitudeMeters>57.7</AltitudeMeters><Extensions><TPX xmlns="http://www.garmin.com/xmlschemas/ActivityExtension/v2"><Speed>2.1</Speed></TPX></Extensions></Trackpoint><Trackpoint><Time>2026-03-20T12:14:09+00:00</Time><DistanceMeters>3988.1</DistanceMeters><Position><LatitudeDegrees>50.852522</LatitudeDegrees><LongitudeDegrees>4.29415</LongitudeDegrees></Position><AltitudeMeters>57.8</AltitudeMeters><Extensions><TPX xmlns="http://www.garmin.com/xmlschemas/ActivityExtension/v2"><Speed>2.09</Speed></TPX></Extensions></Trackpoint><Trackpoint><Time>2026-03-20T12:14:10+00:00</Time><DistanceMeters>3990.1</DistanceMeters><Position><LatitudeDegrees>50.852529</LatitudeDegrees><LongitudeDegrees>4.29416</LongitudeDegrees></Position><AltitudeMeters>57.8</AltitudeMeters><Extensions><TPX xmlns="http://www.garmin.com/xmlschemas/ActivityExtension/v2"><Speed>2.06</Speed></TPX></Extensions></Trackpoint><Trackpoint><Time>2026-03-20T12:14:11+00:00</Time><DistanceMeters>3992.3</DistanceMeters><Position><LatitudeDegrees>50.852553</LatitudeDegrees><LongitudeDegrees>4.294183</LongitudeDegrees></Position><AltitudeMeters>57.9</AltitudeMeters><Extensions><TPX xmlns="http://www.garmin.com/xmlschemas/ActivityExtension/v2"><Speed>2.05</Speed></TPX></Extensions></Trackpoint><Trackpoint><Time>2026-03-20T12:14:12+00:00</Time><DistanceMeters>3994.4</DistanceMeters><Position><LatitudeDegrees>50.852562</LatitudeDegrees><LongitudeDegrees>4.29419</LongitudeDegrees></Position><AltitudeMeters>57.9</AltitudeMeters><Extensions><TPX xmlns="http://www.garmin.com/xmlschemas/ActivityExtension/v2"><Speed>2.48</Speed></TPX></Extensions></Trackpoint><Trackpoint><Time>2026-03-20T12:14:13+00:00</Time><DistanceMeters>3994.4</DistanceMeters><Position><LatitudeDegrees>50.852575</LatitudeDegrees><LongitudeDegrees>4.294205</LongitudeDegrees></Position><AltitudeMeters>57.9</AltitudeMeters><Extensions><TPX xmlns="http://www.garmin.com/xmlschemas/ActivityExtension/v2"><Speed>1.68</Speed></TPX></Extensions></Trackpoint><Trackpoint><Time>2026-03-20T12:14:14+00:00</Time><DistanceMeters>3998.1</DistanceMeters><Position><LatitudeDegrees>50.852589</LatitudeDegrees><LongitudeDegrees>4.294219</LongitudeDegrees></Position><AltitudeMeters>58.0</AltitudeMeters><Extensions><TPX xmlns="http://www.garmin.com/xmlschemas/ActivityExtension/v2"><Speed>2.01</Speed></TPX></Extensions></Trackpoint><Trackpoint><Time>2026-03-20T12:14:15+00:00</Time><DistanceMeters>3998.1</DistanceMeters><Position><LatitudeDegrees>50.852607</LatitudeDegrees><LongitudeDegrees>4.294231</LongitudeDegrees></Position><AltitudeMeters>58.1</AltitudeMeters><Extensions><TPX xmlns="http://www.garmin.com/xmlschemas/ActivityExtension/v2"><Speed>1.6</Speed></TPX></Extensions></Trackpoint><Trackpoint><Time>2026-03-20T12:14:16+00:00</Time><DistanceMeters>4002.0</DistanceMeters><Position><LatitudeDegrees>50.852621</LatitudeDegrees><LongitudeDegrees>4.294243</LongitudeDegrees></Position><AltitudeMeters>58.1</AltitudeMeters><Extensions><TPX xmlns="http://www.garmin.com/xmlschemas/ActivityExtension/v2"><Speed>1.95</Speed></TPX></Extensions></Trackpoint><Trackpoint><Time>2026-03-20T12:14:17+00:00</Time><DistanceMeters>4004.1</DistanceMeters><Position><LatitudeDegrees>50.852648</LatitudeDegrees><LongitudeDegrees>4.294257</LongitudeDegrees></Position><AltitudeMeters>58.2</AltitudeMeters><Extensions><TPX xmlns="http://www.garmin.com/xmlschemas/ActivityExtension/v2"><Speed>1.93</Speed></TPX></Extensions></Trackpoint><Trackpoint><Time>2026-03-20T12:14:18+00:00</Time><DistanceMeters>4006.1</DistanceMeters><Position><LatitudeDegrees>50.852657</LatitudeDegrees><LongitudeDegrees>4.294262</LongitudeDegrees></Position><AltitudeMeters>58.2</AltitudeMeters><Extensions><TPX xmlns="http://www.garmin.com/xmlschemas/ActivityExtension/v2"><Speed>2.34</Speed></TPX></Extensions></Trackpoint><Trackpoint><Time>2026-03-20T12:14:19+00:00</Time><DistanceMeters>4006.1</DistanceMeters><Position><LatitudeDegrees>50.852673</LatitudeDegrees><LongitudeDegrees>4.294269</LongitudeDegrees></Position><AltitudeMeters>58.3</AltitudeMeters><Extensions><TPX xmlns="http://www.garmin.com/xmlschemas/ActivityExtension/v2"><Speed>1.6</Speed></TPX></Extensions></Trackpoint><Trackpoint><Time>2026-03-20T12:14:20+00:00</Time><DistanceMeters>4010.1</DistanceMeters><Position><LatitudeDegrees>50.852691</LatitudeDegrees><LongitudeDegrees>4.294275</LongitudeDegrees></Position><AltitudeMeters>58.4</AltitudeMeters><Extensions><TPX xmlns="http://www.garmin.com/xmlschemas/ActivityExtension/v2"><Speed>2.4</Speed></TPX></Extensions></Trackpoint><Trackpoint><Time>2026-03-20T12:14:21+00:00</Time><DistanceMeters>4010.1</DistanceMeters><Position><LatitudeDegrees>50.85271</LatitudeDegrees><LongitudeDegrees>4.294282</LongitudeDegrees></Position><AltitudeMeters>58.4</AltitudeMeters><Extensions><TPX xmlns="http://www.garmin.com/xmlschemas/ActivityExtension/v2"><Speed>1.62</Speed></TPX></Extensions></Trackpoint><Trackpoint><Time>2026-03-20T12:14:22+00:00</Time><DistanceMeters>4013.9</DistanceMeters><Position><LatitudeDegrees>50.852725</LatitudeDegrees><LongitudeDegrees>4.294287</LongitudeDegrees></Position><AltitudeMeters>58.5</AltitudeMeters><Extensions><TPX xmlns="http://www.garmin.com/xmlschemas/ActivityExtension/v2"><Speed>1.97</Speed></TPX></Extensions></Trackpoint><Trackpoint><Time>2026-03-20T12:14:23+00:00</Time><DistanceMeters>4016.0</DistanceMeters><Position><LatitudeDegrees>50.852751</LatitudeDegrees><LongitudeDegrees>4.294298</LongitudeDegrees></Position><AltitudeMeters>58.6</AltitudeMeters><Extensions><TPX xmlns="http://www.garmin.com/xmlschemas/ActivityExtension/v2"><Speed>1.98</Speed></TPX></Extensions></Trackpoint><Trackpoint><Time>2026-03-20T12:14:24+00:00</Time><DistanceMeters>4018.1</DistanceMeters><Position><LatitudeDegrees>50.852761</LatitudeDegrees><LongitudeDegrees>4.294302</LongitudeDegrees></Position><AltitudeMeters>58.7</AltitudeMeters><Extensions><TPX xmlns="http://www.garmin.com/xmlschemas/ActivityExtension/v2"><Speed>2.4</Speed></TPX></Extensions></Trackpoint><Trackpoint><Time>2026-03-20T12:14:25+00:00</Time><DistanceMeters>4018.1</DistanceMeters><Position><LatitudeDegrees>50.852777</LatitudeDegrees><LongitudeDegrees>4.294308</LongitudeDegrees></Position><AltitudeMeters>58.7</AltitudeMeters><Extensions><TPX xmlns="http://www.garmin.com/xmlschemas/ActivityExtension/v2"><Speed>1.6</Speed></TPX></Extensions></Trackpoint><Trackpoint><Time>2026-03-20T12:14:26+00:00</Time><DistanceMeters>4021.4</DistanceMeters><Position><LatitudeDegrees>50.85279</LatitudeDegrees><LongitudeDegrees>4.294313</LongitudeDegrees></Position><AltitudeMeters>58.8</AltitudeMeters><Extensions><TPX xmlns="http://www.garmin.com/xmlschemas/ActivityExtension/v2"><Speed>2.26</Speed></TPX></Extensions></Trackpoint><Trackpoint><Time>2026-03-20T12:14:27+00:00</Time><DistanceMeters>4021.4</DistanceMeters><Position><LatitudeDegrees>50.852809</LatitudeDegrees><LongitudeDegrees>4.294322</LongitudeDegrees></Position><AltitudeMeters>58.9</AltitudeMeters><Extensions><TPX xmlns="http://www.garmin.com/xmlschemas/ActivityExtension/v2"><Speed>1.5</Speed></TPX></Extensions></Trackpoint><Trackpoint><Time>2026-03-20T12:14:28+00:00</Time><DistanceMeters>4025.4</DistanceMeters><Position><LatitudeDegrees>50.852826</LatitudeDegrees><LongitudeDegrees>4.294324</LongitudeDegrees></Position><AltitudeMeters>59.0</AltitudeMeters><Extensions><TPX xmlns="http://www.garmin.com/xmlschemas/ActivityExtension/v2"><Speed>1.88</Speed></TPX></Extensions></Trackpoint><Trackpoint><Time>2026-03-20T12:14:29+00:00</Time><DistanceMeters>4025.4</DistanceMeters><Position><LatitudeDegrees>50.852844</LatitudeDegrees><LongitudeDegrees>4.29433</LongitudeDegrees></Position><AltitudeMeters>59.1</AltitudeMeters><Extensions><TPX xmlns="http://www.garmin.com/xmlschemas/ActivityExtension/v2"><Speed>1.46</Speed></TPX></Extensions></Trackpoint><Trackpoint><Time>2026-03-20T12:14:30+00:00</Time><DistanceMeters>4029.4</DistanceMeters><Position><LatitudeDegrees>50.85286</LatitudeDegrees><LongitudeDegrees>4.294337</LongitudeDegrees></Position><AltitudeMeters>59.2</AltitudeMeters><Extensions><TPX xmlns="http://www.garmin.com/xmlschemas/ActivityExtension/v2"><Speed>2.26</Speed></TPX></Extensions></Trackpoint><Trackpoint><Time>2026-03-20T12:14:31+00:00</Time><DistanceMeters>4029.4</DistanceMeters><Position><LatitudeDegrees>50.852877</LatitudeDegrees><LongitudeDegrees>4.294343</LongitudeDegrees></Position><AltitudeMeters>59.2</AltitudeMeters><Extensions><TPX xmlns="http://www.garmin.com/xmlschemas/ActivityExtension/v2"><Speed>1.6</Speed></TPX></Extensions></Trackpoint><Trackpoint><Time>2026-03-20T12:14:32+00:00</Time><DistanceMeters>4033.4</DistanceMeters><Position><LatitudeDegrees>50.852896</LatitudeDegrees><LongitudeDegrees>4.29435</LongitudeDegrees></Position><AltitudeMeters>59.4</AltitudeMeters><Extensions><TPX xmlns="http://www.garmin.com/xmlschemas/ActivityExtension/v2"><Speed>2.4</Speed></TPX></Extensions></Trackpoint><Trackpoint><Time>2026-03-20T12:14:33+00:00</Time><DistanceMeters>4033.4</DistanceMeters><Position><LatitudeDegrees>50.85291</LatitudeDegrees><LongitudeDegrees>4.294357</LongitudeDegrees></Position><AltitudeMeters>59.4</AltitudeMeters><Extensions><TPX xmlns="http://www.garmin.com/xmlschemas/ActivityExtension/v2"><Speed>1.6</Speed></TPX></Extensions></Trackpoint><Trackpoint><Time>2026-03-20T12:14:34+00:00</Time><DistanceMeters>4037.0</DistanceMeters><Position><LatitudeDegrees>50.852926</LatitudeDegrees><LongitudeDegrees>4.294366</LongitudeDegrees></Position><AltitudeMeters>59.5</AltitudeMeters><Extensions><TPX xmlns="http://www.garmin.com/xmlschemas/ActivityExtension/v2"><Speed>2.32</Speed></TPX></Extensions></Trackpoint><Trackpoint><Time>2026-03-20T12:14:35+00:00</Time><DistanceMeters>4037.0</DistanceMeters><Position><LatitudeDegrees>50.852948</LatitudeDegrees><LongitudeDegrees>4.294377</LongitudeDegrees></Position><AltitudeMeters>59.6</AltitudeMeters><Extensions><TPX xmlns="http://www.garmin.com/xmlschemas/ActivityExtension/v2"><Speed>1.52</Speed></TPX></Extensions></Trackpoint><Trackpoint><Time>2026-03-20T12:14:36+00:00</Time><DistanceMeters>4040.7</DistanceMeters><Position><LatitudeDegrees>50.852958</LatitudeDegrees><LongitudeDegrees>4.294382</LongitudeDegrees></Position><AltitudeMeters>59.7</AltitudeMeters><Extensions><TPX xmlns="http://www.garmin.com/xmlschemas/ActivityExtension/v2"><Speed>2.26</Speed></TPX></Extensions></Trackpoint><Trackpoint><Time>2026-03-20T12:14:37+00:00</Time><DistanceMeters>4040.7</DistanceMeters><Position><LatitudeDegrees>50.852974</LatitudeDegrees><LongitudeDegrees>4.294391</LongitudeDegrees></Position><AltitudeMeters>59.8</AltitudeMeters><Extensions><TPX xmlns="http://www.garmin.com/xmlschemas/ActivityExtension/v2"><Speed>1.46</Speed></TPX></Extensions></Trackpoint><Trackpoint><Time>2026-03-20T12:14:38+00:00</Time><DistanceMeters>4044.3</DistanceMeters><Position><LatitudeDegrees>50.852989</LatitudeDegrees><LongitudeDegrees>4.294395</LongitudeDegrees></Position><AltitudeMeters>59.9</AltitudeMeters><Extensions><TPX xmlns="http://www.garmin.com/xmlschemas/ActivityExtension/v2"><Speed>2.18</Speed></TPX></Extensions></Trackpoint><Trackpoint><Time>2026-03-20T12:14:39+00:00</Time><DistanceMeters>4044.3</DistanceMeters><Position><LatitudeDegrees>50.853005</LatitudeDegrees><LongitudeDegrees>4.294399</LongitudeDegrees></Position><AltitudeMeters>60.0</AltitudeMeters><Extensions><TPX xmlns="http://www.garmin.com/xmlschemas/ActivityExtension/v2"><Speed>1.46</Speed></TPX></Extensions></Trackpoint><Trackpoint><Time>2026-03-20T12:14:40+00:00</Time><DistanceMeters>4048.0</DistanceMeters><Position><LatitudeDegrees>50.853022</LatitudeDegrees><LongitudeDegrees>4.294406</LongitudeDegrees></Position><AltitudeMeters>60.1</AltitudeMeters><Extensions><TPX xmlns="http://www.garmin.com/xmlschemas/ActivityExtension/v2"><Speed>2.2</Speed></TPX></Extensions></Trackpoint><Trackpoint><Time>2026-03-20T12:14:41+00:00</Time><DistanceMeters>4048.0</DistanceMeters><Position><LatitudeDegrees>50.853034</LatitudeDegrees><LongitudeDegrees>4.294402</LongitudeDegrees></Position><AltitudeMeters>60.2</AltitudeMeters><Extensions><TPX xmlns="http://www.garmin.com/xmlschemas/ActivityExtension/v2"><Speed>1.46</Speed></TPX></Extensions></Trackpoint><Trackpoint><Time>2026-03-20T12:14:42+00:00</Time><DistanceMeters>4051.1</DistanceMeters><Position><LatitudeDegrees>50.85305</LatitudeDegrees><LongitudeDegrees>4.294404</LongitudeDegrees></Position><AltitudeMeters>60.3</AltitudeMeters><Extensions><TPX xmlns="http://www.garmin.com/xmlschemas/ActivityExtension/v2"><Speed>2.08</Speed></TPX></Extensions></Trackpoint><Trackpoint><Time>2026-03-20T12:14:43+00:00</Time><DistanceMeters>4051.1</DistanceMeters><Position><LatitudeDegrees>50.853068</LatitudeDegrees><LongitudeDegrees>4.294411</LongitudeDegrees></Position><AltitudeMeters>60.4</AltitudeMeters><Extensions><TPX xmlns="http://www.garmin.com/xmlschemas/ActivityExtension/v2"><Speed>1.36</Speed></TPX></Extensions></Trackpoint><Trackpoint><Time>2026-03-20T12:14:44+00:00</Time><DistanceMeters>4054.9</DistanceMeters><Position><LatitudeDegrees>50.853083</LatitudeDegrees><LongitudeDegrees>4.294415</LongitudeDegrees></Position><AltitudeMeters>60.5</AltitudeMeters><Extensions><TPX xmlns="http://www.garmin.com/xmlschemas/ActivityExtension/v2"><Speed>2.12</Speed></TPX></Extensions></Trackpoint><Trackpoint><Time>2026-03-20T12:14:45+00:00</Time><DistanceMeters>4057.1</DistanceMeters><Position><LatitudeDegrees>50.853111</LatitudeDegrees><LongitudeDegrees>4.294425</LongitudeDegrees></Position><AltitudeMeters>60.6</AltitudeMeters><Extensions><TPX xmlns="http://www.garmin.com/xmlschemas/ActivityExtension/v2"><Speed>1.81</Speed></TPX></Extensions></Trackpoint><Trackpoint><Time>2026-03-20T12:14:46+00:00</Time><DistanceMeters>4059.2</DistanceMeters><Position><LatitudeDegrees>50.853121</LatitudeDegrees><LongitudeDegrees>4.29443</LongitudeDegrees></Position><AltitudeMeters>60.7</AltitudeMeters><Extensions><TPX xmlns="http://www.garmin.com/xmlschemas/ActivityExtension/v2"><Speed>2.24</Speed></TPX></Extensions></Trackpoint><Trackpoint><Time>2026-03-20T12:14:47+00:00</Time><DistanceMeters>4061.5</DistanceMeters><Position><LatitudeDegrees>50.85315</LatitudeDegrees><LongitudeDegrees>4.294439</LongitudeDegrees></Position><AltitudeMeters>60.9</AltitudeMeters><Extensions><TPX xmlns="http://www.garmin.com/xmlschemas/ActivityExtension/v2"><Speed>2.08</Speed></TPX></Extensions></Trackpoint><Trackpoint><Time>2026-03-20T12:14:48+00:00</Time><DistanceMeters>4063.8</DistanceMeters><Position><LatitudeDegrees>50.853161</LatitudeDegrees><LongitudeDegrees>4.294445</LongitudeDegrees></Position><AltitudeMeters>61.0</AltitudeMeters><Extensions><TPX xmlns="http://www.garmin.com/xmlschemas/ActivityExtension/v2"><Speed>2.54</Speed></TPX></Extensions></Trackpoint><Trackpoint><Time>2026-03-20T12:14:49+00:00</Time><DistanceMeters>4063.8</DistanceMeters><Position><LatitudeDegrees>50.853177</LatitudeDegrees><LongitudeDegrees>4.294452</LongitudeDegrees></Position><AltitudeMeters>61.1</AltitudeMeters><Extensions><TPX xmlns="http://www.garmin.com/xmlschemas/ActivityExtension/v2"><Speed>1.78</Speed></TPX></Extensions></Trackpoint><Trackpoint><Time>2026-03-20T12:14:50+00:00</Time><DistanceMeters>4067.6</DistanceMeters><Position><LatitudeDegrees>50.853195</LatitudeDegrees><LongitudeDegrees>4.294454</LongitudeDegrees></Position><AltitudeMeters>61.2</AltitudeMeters><Extensions><TPX xmlns="http://www.garmin.com/xmlschemas/ActivityExtension/v2"><Speed>2.11</Speed></TPX></Extensions></Trackpoint><Trackpoint><Time>2026-03-20T12:14:51+00:00</Time><DistanceMeters>4069.7</DistanceMeters><Position><LatitudeDegrees>50.853223</LatitudeDegrees><LongitudeDegrees>4.294461</LongitudeDegrees></Position><AltitudeMeters>61.4</AltitudeMeters><Extensions><TPX xmlns="http://www.garmin.com/xmlschemas/ActivityExtension/v2"><Speed>2.1</Speed></TPX></Extensions></Trackpoint><Trackpoint><Time>2026-03-20T12:14:52+00:00</Time><DistanceMeters>4071.8</DistanceMeters><Position><LatitudeDegrees>50.853232</LatitudeDegrees><LongitudeDegrees>4.294463</LongitudeDegrees></Position><AltitudeMeters>61.5</AltitudeMeters><Extensions><TPX xmlns="http://www.garmin.com/xmlschemas/ActivityExtension/v2"><Speed>2.06</Speed></TPX></Extensions></Trackpoint><Trackpoint><Time>2026-03-20T12:14:53+00:00</Time><DistanceMeters>4074.0</DistanceMeters><Position><LatitudeDegrees>50.853261</LatitudeDegrees><LongitudeDegrees>4.294469</LongitudeDegrees></Position><AltitudeMeters>61.7</AltitudeMeters><Extensions><TPX xmlns="http://www.garmin.com/xmlschemas/ActivityExtension/v2"><Speed>2.03</Speed></TPX></Extensions></Trackpoint><Trackpoint><Time>2026-03-20T12:14:54+00:00</Time><DistanceMeters>4076.1</DistanceMeters><Position><LatitudeDegrees>50.853271</LatitudeDegrees><LongitudeDegrees>4.294471</LongitudeDegrees></Position><AltitudeMeters>61.8</AltitudeMeters><Extensions><TPX xmlns="http://www.garmin.com/xmlschemas/ActivityExtension/v2"><Speed>2.46</Speed></TPX></Extensions></Trackpoint><Trackpoint><Time>2026-03-20T12:14:55+00:00</Time><DistanceMeters>4078.3</DistanceMeters><Position><LatitudeDegrees>50.853299</LatitudeDegrees><LongitudeDegrees>4.29448</LongitudeDegrees></Position><AltitudeMeters>62.0</AltitudeMeters><Extensions><TPX xmlns="http://www.garmin.com/xmlschemas/ActivityExtension/v2"><Speed>2.13</Speed></TPX></Extensions></Trackpoint><Trackpoint><Time>2026-03-20T12:14:56+00:00</Time><DistanceMeters>4080.4</DistanceMeters><Position><LatitudeDegrees>50.853308</LatitudeDegrees><LongitudeDegrees>4.294485</LongitudeDegrees></Position><AltitudeMeters>62.0</AltitudeMeters><Extensions><TPX xmlns="http://www.garmin.com/xmlschemas/ActivityExtension/v2"><Speed>2.14</Speed></TPX></Extensions></Trackpoint><Trackpoint><Time>2026-03-20T12:14:57+00:00</Time><DistanceMeters>4082.7</DistanceMeters><Position><LatitudeDegrees>50.853338</LatitudeDegrees><LongitudeDegrees>4.294498</LongitudeDegrees></Position><AltitudeMeters>62.3</AltitudeMeters><Extensions><TPX xmlns="http://www.garmin.com/xmlschemas/ActivityExtension/v2"><Speed>2.18</Speed></TPX></Extensions></Trackpoint><Trackpoint><Time>2026-03-20T12:14:58+00:00</Time><DistanceMeters>4085.0</DistanceMeters><Position><LatitudeDegrees>50.853348</LatitudeDegrees><LongitudeDegrees>4.294502</LongitudeDegrees></Position><AltitudeMeters>62.3</AltitudeMeters><Extensions><TPX xmlns="http://www.garmin.com/xmlschemas/ActivityExtension/v2"><Speed>2.21</Speed></TPX></Extensions></Trackpoint><Trackpoint><Time>2026-03-20T12:14:59+00:00</Time><DistanceMeters>4087.3</DistanceMeters><Position><LatitudeDegrees>50.853377</LatitudeDegrees><LongitudeDegrees>4.294514</LongitudeDegrees></Position><AltitudeMeters>62.5</AltitudeMeters><Extensions><TPX xmlns="http://www.garmin.com/xmlschemas/ActivityExtension/v2"><Speed>2.24</Speed></TPX></Extensions></Trackpoint><Trackpoint><Time>2026-03-20T12:15:00+00:00</Time><DistanceMeters>4089.6</DistanceMeters><Position><LatitudeDegrees>50.853388</LatitudeDegrees><LongitudeDegrees>4.29452</LongitudeDegrees></Position><AltitudeMeters>62.6</AltitudeMeters><Extensions><TPX xmlns="http://www.garmin.com/xmlschemas/ActivityExtension/v2"><Speed>2.27</Speed></TPX></Extensions></Trackpoint><Trackpoint><Time>2026-03-20T12:15:01+00:00</Time><DistanceMeters>4089.6</DistanceMeters><Position><LatitudeDegrees>50.853406</LatitudeDegrees><LongitudeDegrees>4.294529</LongitudeDegrees></Position><AltitudeMeters>62.8</AltitudeMeters><Extensions><TPX xmlns="http://www.garmin.com/xmlschemas/ActivityExtension/v2"><Speed>1.84</Speed></TPX></Extensions></Trackpoint><Trackpoint><Time>2026-03-20T12:15:02+00:00</Time><DistanceMeters>4093.5</DistanceMeters><Position><LatitudeDegrees>50.853421</LatitudeDegrees><LongitudeDegrees>4.294538</LongitudeDegrees></Position><AltitudeMeters>62.9</AltitudeMeters><Extensions><TPX xmlns="http://www.garmin.com/xmlschemas/ActivityExtension/v2"><Speed>2.16</Speed></TPX></Extensions></Trackpoint><Trackpoint><Time>2026-03-20T12:15:03+00:00</Time><DistanceMeters>4095.7</DistanceMeters><Position><LatitudeDegrees>50.853449</LatitudeDegrees><LongitudeDegrees>4.294553</LongitudeDegrees></Position><AltitudeMeters>63.1</AltitudeMeters><Extensions><TPX xmlns="http://www.garmin.com/xmlschemas/ActivityExtension/v2"><Speed>2.14</Speed></TPX></Extensions></Trackpoint><Trackpoint><Time>2026-03-20T12:15:04+00:00</Time><DistanceMeters>4097.9</DistanceMeters><Position><LatitudeDegrees>50.853458</LatitudeDegrees><LongitudeDegrees>4.294558</LongitudeDegrees></Position><AltitudeMeters>63.2</AltitudeMeters><Extensions><TPX xmlns="http://www.garmin.com/xmlschemas/ActivityExtension/v2"><Speed>2.12</Speed></TPX></Extensions></Trackpoint><Trackpoint><Time>2026-03-20T12:15:05+00:00</Time><DistanceMeters>4100.2</DistanceMeters><Position><LatitudeDegrees>50.853488</LatitudeDegrees><LongitudeDegrees>4.294571</LongitudeDegrees></Position><AltitudeMeters>63.4</AltitudeMeters><Extensions><TPX xmlns="http://www.garmin.com/xmlschemas/ActivityExtension/v2"><Speed>2.11</Speed></TPX></Extensions></Trackpoint><Trackpoint><Time>2026-03-20T12:15:06+00:00</Time><DistanceMeters>4102.4</DistanceMeters><Position><LatitudeDegrees>50.853497</LatitudeDegrees><LongitudeDegrees>4.294575</LongitudeDegrees></Position><AltitudeMeters>63.5</AltitudeMeters><Extensions><TPX xmlns="http://www.garmin.com/xmlschemas/ActivityExtension/v2"><Speed>2.56</Speed></TPX></Extensions></Trackpoint><Trackpoint><Time>2026-03-20T12:15:07+00:00</Time><DistanceMeters>4102.4</DistanceMeters><Position><LatitudeDegrees>50.853515</LatitudeDegrees><LongitudeDegrees>4.294583</LongitudeDegrees></Position><AltitudeMeters>63.6</AltitudeMeters><Extensions><TPX xmlns="http://www.garmin.com/xmlschemas/ActivityExtension/v2"><Speed>1.78</Speed></TPX></Extensions></Trackpoint><Trackpoint><Time>2026-03-20T12:15:08+00:00</Time><DistanceMeters>4106.3</DistanceMeters><Position><LatitudeDegrees>50.853531</LatitudeDegrees><LongitudeDegrees>4.294591</LongitudeDegrees></Position><AltitudeMeters>63.7</AltitudeMeters><Extensions><TPX xmlns="http://www.garmin.com/xmlschemas/ActivityExtension/v2"><Speed>2.12</Speed></TPX></Extensions></Trackpoint><Trackpoint><Time>2026-03-20T12:15:09+00:00</Time><DistanceMeters>4106.3</DistanceMeters><Position><LatitudeDegrees>50.853548</LatitudeDegrees><LongitudeDegrees>4.294599</LongitudeDegrees></Position><AltitudeMeters>63.8</AltitudeMeters><Extensions><TPX xmlns="http://www.garmin.com/xmlschemas/ActivityExtension/v2"><Speed>1.68</Speed></TPX></Extensions></Trackpoint><Trackpoint><Time>2026-03-20T12:15:10+00:00</Time><DistanceMeters>4110.0</DistanceMeters><Position><LatitudeDegrees>50.853563</LatitudeDegrees><LongitudeDegrees>4.294607</LongitudeDegrees></Position><AltitudeMeters>64.0</AltitudeMeters><Extensions><TPX xmlns="http://www.garmin.com/xmlschemas/ActivityExtension/v2"><Speed>1.97</Speed></TPX></Extensions></Trackpoint><Trackpoint><Time>2026-03-20T12:15:11+00:00</Time><DistanceMeters>4112.3</DistanceMeters><Position><LatitudeDegrees>50.853591</LatitudeDegrees><LongitudeDegrees>4.294621</LongitudeDegrees></Position><AltitudeMeters>64.2</AltitudeMeters><Extensions><TPX xmlns="http://www.garmin.com/xmlschemas/ActivityExtension/v2"><Speed>1.98</Speed></TPX></Extensions></Trackpoint><Trackpoint><Time>2026-03-20T12:15:12+00:00</Time><DistanceMeters>4114.6</DistanceMeters><Position><LatitudeDegrees>50.853602</LatitudeDegrees><LongitudeDegrees>4.294627</LongitudeDegrees></Position><AltitudeMeters>64.3</AltitudeMeters><Extensions><TPX xmlns="http://www.garmin.com/xmlschemas/ActivityExtension/v2"><Speed>2.44</Speed></TPX></Extensions></Trackpoint><Trackpoint><Time>2026-03-20T12:15:13+00:00</Time><DistanceMeters>4114.6</DistanceMeters><Position><LatitudeDegrees>50.853618</LatitudeDegrees><LongitudeDegrees>4.294632</LongitudeDegrees></Position><AltitudeMeters>64.4</AltitudeMeters><Extensions><TPX xmlns="http://www.garmin.com/xmlschemas/ActivityExtension/v2"><Speed>1.66</Speed></TPX></Extensions></Trackpoint><Trackpoint><Time>2026-03-20T12:15:14+00:00</Time><DistanceMeters>4118.5</DistanceMeters><Position><LatitudeDegrees>50.853637</LatitudeDegrees><LongitudeDegrees>4.294638</LongitudeDegrees></Position><AltitudeMeters>64.5</AltitudeMeters><Extensions><TPX xmlns="http://www.garmin.com/xmlschemas/ActivityExtension/v2"><Speed>2.44</Speed></TPX></Extensions></Trackpoint><Trackpoint><Time>2026-03-20T12:15:15+00:00</Time><DistanceMeters>4118.5</DistanceMeters><Position><LatitudeDegrees>50.853656</LatitudeDegrees><LongitudeDegrees>4.294647</LongitudeDegrees></Position><AltitudeMeters>64.7</AltitudeMeters><Extensions><TPX xmlns="http://www.garmin.com/xmlschemas/ActivityExtension/v2"><Speed>1.7</Speed></TPX></Extensions></Trackpoint><Trackpoint><Time>2026-03-20T12:15:16+00:00</Time><DistanceMeters>4122.5</DistanceMeters><Position><LatitudeDegrees>50.853671</LatitudeDegrees><LongitudeDegrees>4.294655</LongitudeDegrees></Position><AltitudeMeters>64.8</AltitudeMeters><Extensions><TPX xmlns="http://www.garmin.com/xmlschemas/ActivityExtension/v2"><Speed>2.04</Speed></TPX></Extensions></Trackpoint><Trackpoint><Time>2026-03-20T12:15:17+00:00</Time><DistanceMeters>4124.9</DistanceMeters><Position><LatitudeDegrees>50.853701</LatitudeDegrees><LongitudeDegrees>4.294671</LongitudeDegrees></Position><AltitudeMeters>65.0</AltitudeMeters><Extensions><TPX xmlns="http://www.garmin.com/xmlschemas/ActivityExtension/v2"><Speed>2.06</Speed></TPX></Extensions></Trackpoint><Trackpoint><Time>2026-03-20T12:15:18+00:00</Time><DistanceMeters>4127.3</DistanceMeters><Position><LatitudeDegrees>50.853712</LatitudeDegrees><LongitudeDegrees>4.294676</LongitudeDegrees></Position><AltitudeMeters>65.1</AltitudeMeters><Extensions><TPX xmlns="http://www.garmin.com/xmlschemas/ActivityExtension/v2"><Speed>2.54</Speed></TPX></Extensions></Trackpoint><Trackpoint><Time>2026-03-20T12:15:19+00:00</Time><DistanceMeters>4127.3</DistanceMeters><Position><LatitudeDegrees>50.853728</LatitudeDegrees><LongitudeDegrees>4.294683</LongitudeDegrees></Position><AltitudeMeters>65.2</AltitudeMeters><Extensions><TPX xmlns="http://www.garmin.com/xmlschemas/ActivityExtension/v2"><Speed>1.76</Speed></TPX></Extensions></Trackpoint><Trackpoint><Time>2026-03-20T12:15:20+00:00</Time><DistanceMeters>4130.9</DistanceMeters><Position><LatitudeDegrees>50.853743</LatitudeDegrees><LongitudeDegrees>4.29469</LongitudeDegrees></Position><AltitudeMeters>65.4</AltitudeMeters><Extensions><TPX xmlns="http://www.garmin.com/xmlschemas/ActivityExtension/v2"><Speed>2.48</Speed></TPX></Extensions></Trackpoint><Trackpoint><Time>2026-03-20T12:15:21+00:00</Time><DistanceMeters>4130.9</DistanceMeters><Position><LatitudeDegrees>50.853764</LatitudeDegrees><LongitudeDegrees>4.294699</LongitudeDegrees></Position><AltitudeMeters>65.5</AltitudeMeters><Extensions><TPX xmlns="http://www.garmin.com/xmlschemas/ActivityExtension/v2"><Speed>1.68</Speed></TPX></Extensions></Trackpoint><Trackpoint><Time>2026-03-20T12:15:22+00:00</Time><DistanceMeters>4130.9</DistanceMeters><Position><LatitudeDegrees>50.85376</LatitudeDegrees><LongitudeDegrees>4.294704</LongitudeDegrees></Position><AltitudeMeters>65.6</AltitudeMeters><Extensions><TPX xmlns="http://www.garmin.com/xmlschemas/ActivityExtension/v2"><Speed>1.2</Speed></TPX></Extensions></Trackpoint><Trackpoint><Time>2026-03-20T12:15:23+00:00</Time><DistanceMeters>4134.0</DistanceMeters><Position><LatitudeDegrees>50.853768</LatitudeDegrees><LongitudeDegrees>4.294711</LongitudeDegrees></Position><AltitudeMeters>65.6</AltitudeMeters><Extensions><TPX xmlns="http://www.garmin.com/xmlschemas/ActivityExtension/v2"><Speed>1.34</Speed></TPX></Extensions></Trackpoint><Trackpoint><Time>2026-03-20T12:15:24+00:00</Time><DistanceMeters>4134.0</DistanceMeters><Position><LatitudeDegrees>50.853778</LatitudeDegrees><LongitudeDegrees>4.294715</LongitudeDegrees></Position><AltitudeMeters>65.7</AltitudeMeters><Extensions><TPX xmlns="http://www.garmin.com/xmlschemas/ActivityExtension/v2"><Speed>1.34</Speed></TPX></Extensions></Trackpoint><Trackpoint><Time>2026-03-20T12:15:25+00:00</Time><DistanceMeters>4134.0</DistanceMeters><Position><LatitudeDegrees>50.853776</LatitudeDegrees><LongitudeDegrees>4.294711</LongitudeDegrees></Position><AltitudeMeters>65.7</AltitudeMeters><Extensions><TPX xmlns="http://www.garmin.com/xmlschemas/ActivityExtension/v2"><Speed>0.62</Speed></TPX></Extensions></Trackpoint><Trackpoint><Time>2026-03-20T12:15:26+00:00</Time><DistanceMeters>4134.0</DistanceMeters><Position><LatitudeDegrees>50.853785</LatitudeDegrees><LongitudeDegrees>4.294713</LongitudeDegrees></Position><AltitudeMeters>65.7</AltitudeMeters><Extensions><TPX xmlns="http://www.garmin.com/xmlschemas/ActivityExtension/v2"><Speed>0.62</Speed></TPX></Extensions></Trackpoint><Trackpoint><Time>2026-03-20T12:15:27+00:00</Time><DistanceMeters>4137.7</DistanceMeters><Position><LatitudeDegrees>50.853801</LatitudeDegrees><LongitudeDegrees>4.294718</LongitudeDegrees></Position><AltitudeMeters>65.8</AltitudeMeters><Extensions><TPX xmlns="http://www.garmin.com/xmlschemas/ActivityExtension/v2"><Speed>1.36</Speed></TPX></Extensions></Trackpoint><Trackpoint><Time>2026-03-20T12:15:28+00:00</Time><DistanceMeters>4139.4</DistanceMeters><Position><LatitudeDegrees>50.853822</LatitudeDegrees><LongitudeDegrees>4.294725</LongitudeDegrees></Position><AltitudeMeters>65.9</AltitudeMeters><Extensions><TPX xmlns="http://www.garmin.com/xmlschemas/ActivityExtension/v2"><Speed>1.073</Speed></TPX></Extensions></Trackpoint><Trackpoint><Time>2026-03-20T12:15:29+00:00</Time><DistanceMeters>4141.0</DistanceMeters><Position><LatitudeDegrees>50.853834</LatitudeDegrees><LongitudeDegrees>4.294729</LongitudeDegrees></Position><AltitudeMeters>65.9</AltitudeMeters><Extensions><TPX xmlns="http://www.garmin.com/xmlschemas/ActivityExtension/v2"><Speed>1.407</Speed></TPX></Extensions></Trackpoint><Trackpoint><Time>2026-03-20T12:15:30+00:00</Time><DistanceMeters>4142.7</DistanceMeters><Position><LatitudeDegrees>50.853845</LatitudeDegrees><LongitudeDegrees>4.294733</LongitudeDegrees></Position><AltitudeMeters>66.0</AltitudeMeters><Extensions><TPX xmlns="http://www.garmin.com/xmlschemas/ActivityExtension/v2"><Speed>1.74</Speed></TPX></Extensions></Trackpoint><Trackpoint><Time>2026-03-20T12:15:31+00:00</Time><DistanceMeters>4142.7</DistanceMeters><Position><LatitudeDegrees>50.853855</LatitudeDegrees><LongitudeDegrees>4.294738</LongitudeDegrees></Position><AltitudeMeters>66.1</AltitudeMeters><Extensions><TPX xmlns="http://www.garmin.com/xmlschemas/ActivityExtension/v2"><Speed>1.74</Speed></TPX></Extensions></Trackpoint><Trackpoint><Time>2026-03-20T12:15:32+00:00</Time><DistanceMeters>4146.3</DistanceMeters><Position><LatitudeDegrees>50.853876</LatitudeDegrees><LongitudeDegrees>4.294747</LongitudeDegrees></Position><AltitudeMeters>66.2</AltitudeMeters><Extensions><TPX xmlns="http://www.garmin.com/xmlschemas/ActivityExtension/v2"><Speed>1.72</Speed></TPX></Extensions></Trackpoint><Trackpoint><Time>2026-03-20T12:15:33+00:00</Time><DistanceMeters>4147.9</DistanceMeters><Position><LatitudeDegrees>50.853897</LatitudeDegrees><LongitudeDegrees>4.294753</LongitudeDegrees></Position><AltitudeMeters>66.3</AltitudeMeters><Extensions><TPX xmlns="http://www.garmin.com/xmlschemas/ActivityExtension/v2"><Speed>1.713</Speed></TPX></Extensions></Trackpoint><Trackpoint><Time>2026-03-20T12:15:34+00:00</Time><DistanceMeters>4149.6</DistanceMeters><Position><LatitudeDegrees>50.853908</LatitudeDegrees><LongitudeDegrees>4.294756</LongitudeDegrees></Position><AltitudeMeters>66.4</AltitudeMeters><Extensions><TPX xmlns="http://www.garmin.com/xmlschemas/ActivityExtension/v2"><Speed>1.707</Speed></TPX></Extensions></Trackpoint><Trackpoint><Time>2026-03-20T12:15:35+00:00</Time><DistanceMeters>4151.2</DistanceMeters><Position><LatitudeDegrees>50.853919</LatitudeDegrees><LongitudeDegrees>4.294759</LongitudeDegrees></Position><AltitudeMeters>66.4</AltitudeMeters><Extensions><TPX xmlns="http://www.garmin.com/xmlschemas/ActivityExtension/v2"><Speed>1.7</Speed></TPX></Extensions></Trackpoint><Trackpoint><Time>2026-03-20T12:15:36+00:00</Time><DistanceMeters>4151.2</DistanceMeters><Position><LatitudeDegrees>50.853938</LatitudeDegrees><LongitudeDegrees>4.294764</LongitudeDegrees></Position><AltitudeMeters>66.5</AltitudeMeters><Extensions><TPX xmlns="http://www.garmin.com/xmlschemas/ActivityExtension/v2"><Speed>1.7</Speed></TPX></Extensions></Trackpoint><Trackpoint><Time>2026-03-20T12:15:37+00:00</Time><DistanceMeters>4155.0</DistanceMeters><Position><LatitudeDegrees>50.853953</LatitudeDegrees><LongitudeDegrees>4.294762</LongitudeDegrees></Position><AltitudeMeters>66.6</AltitudeMeters><Extensions><TPX xmlns="http://www.garmin.com/xmlschemas/ActivityExtension/v2"><Speed>1.74</Speed></TPX></Extensions></Trackpoint><Trackpoint><Time>2026-03-20T12:15:38+00:00</Time><DistanceMeters>4155.0</DistanceMeters><Position><LatitudeDegrees>50.853966</LatitudeDegrees><LongitudeDegrees>4.294764</LongitudeDegrees></Position><AltitudeMeters>66.7</AltitudeMeters><Extensions><TPX xmlns="http://www.garmin.com/xmlschemas/ActivityExtension/v2"><Speed>1.413</Speed></TPX></Extensions></Trackpoint><Trackpoint><Time>2026-03-20T12:15:39+00:00</Time><DistanceMeters>4158.5</DistanceMeters><Position><LatitudeDegrees>50.853984</LatitudeDegrees><LongitudeDegrees>4.294769</LongitudeDegrees></Position><AltitudeMeters>66.8</AltitudeMeters><Extensions><TPX xmlns="http://www.garmin.com/xmlschemas/ActivityExtension/v2"><Speed>1.787</Speed></TPX></Extensions></Trackpoint><Trackpoint><Time>2026-03-20T12:15:40+00:00</Time><DistanceMeters>4158.5</DistanceMeters><Position><LatitudeDegrees>50.853999</LatitudeDegrees><LongitudeDegrees>4.29477</LongitudeDegrees></Position><AltitudeMeters>66.9</AltitudeMeters><Extensions><TPX xmlns="http://www.garmin.com/xmlschemas/ActivityExtension/v2"><Speed>1.46</Speed></TPX></Extensions></Trackpoint><Trackpoint><Time>2026-03-20T12:15:41+00:00</Time><DistanceMeters>4162.0</DistanceMeters><Position><LatitudeDegrees>50.854016</LatitudeDegrees><LongitudeDegrees>4.294771</LongitudeDegrees></Position><AltitudeMeters>66.9</AltitudeMeters><Extensions><TPX xmlns="http://www.garmin.com/xmlschemas/ActivityExtension/v2"><Speed>2.16</Speed></TPX></Extensions></Trackpoint><Trackpoint><Time>2026-03-20T12:15:42+00:00</Time><DistanceMeters>4162.0</DistanceMeters><Position><LatitudeDegrees>50.854034</LatitudeDegrees><LongitudeDegrees>4.294777</LongitudeDegrees></Position><AltitudeMeters>67.0</AltitudeMeters><Extensions><TPX xmlns="http://www.garmin.com/xmlschemas/ActivityExtension/v2"><Speed>1.4</Speed></TPX></Extensions></Trackpoint><Trackpoint><Time>2026-03-20T12:15:43+00:00</Time><DistanceMeters>4166.0</DistanceMeters><Position><LatitudeDegrees>50.854051</LatitudeDegrees><LongitudeDegrees>4.294787</LongitudeDegrees></Position><AltitudeMeters>67.1</AltitudeMeters><Extensions><TPX xmlns="http://www.garmin.com/xmlschemas/ActivityExtension/v2"><Speed>2.2</Speed></TPX></Extensions></Trackpoint><Trackpoint><Time>2026-03-20T12:15:44+00:00</Time><DistanceMeters>4166.0</DistanceMeters><Position><LatitudeDegrees>50.854068</LatitudeDegrees><LongitudeDegrees>4.294791</LongitudeDegrees></Position><AltitudeMeters>67.1</AltitudeMeters><Extensions><TPX xmlns="http://www.garmin.com/xmlschemas/ActivityExtension/v2"><Speed>1.5</Speed></TPX></Extensions></Trackpoint><Trackpoint><Time>2026-03-20T12:15:45+00:00</Time><DistanceMeters>4169.9</DistanceMeters><Position><LatitudeDegrees>50.854085</LatitudeDegrees><LongitudeDegrees>4.294785</LongitudeDegrees></Position><AltitudeMeters>67.2</AltitudeMeters><Extensions><TPX xmlns="http://www.garmin.com/xmlschemas/ActivityExtension/v2"><Speed>2.28</Speed></TPX></Extensions></Trackpoint><Trackpoint><Time>2026-03-20T12:15:46+00:00</Time><DistanceMeters>4169.9</DistanceMeters><Position><LatitudeDegrees>50.854104</LatitudeDegrees><LongitudeDegrees>4.29478</LongitudeDegrees></Position><AltitudeMeters>67.3</AltitudeMeters><Extensions><TPX xmlns="http://www.garmin.com/xmlschemas/ActivityExtension/v2"><Speed>1.58</Speed></TPX></Extensions></Trackpoint><Trackpoint><Time>2026-03-20T12:15:47+00:00</Time><DistanceMeters>4173.6</DistanceMeters><Position><LatitudeDegrees>50.854117</LatitudeDegrees><LongitudeDegrees>4.294771</LongitudeDegrees></Position><AltitudeMeters>67.4</AltitudeMeters><Extensions><TPX xmlns="http://www.garmin.com/xmlschemas/ActivityExtension/v2"><Speed>2.32</Speed></TPX></Extensions></Trackpoint><Trackpoint><Time>2026-03-20T12:15:48+00:00</Time><DistanceMeters>4175.7</DistanceMeters><Position><LatitudeDegrees>50.854141</LatitudeDegrees><LongitudeDegrees>4.294747</LongitudeDegrees></Position><AltitudeMeters>67.4</AltitudeMeters><Extensions><TPX xmlns="http://www.garmin.com/xmlschemas/ActivityExtension/v2"><Speed>1.94</Speed></TPX></Extensions></Trackpoint><Trackpoint><Time>2026-03-20T12:15:49+00:00</Time><DistanceMeters>4177.8</DistanceMeters><Position><LatitudeDegrees>50.854149</LatitudeDegrees><LongitudeDegrees>4.294738</LongitudeDegrees></Position><AltitudeMeters>67.5</AltitudeMeters><Extensions><TPX xmlns="http://www.garmin.com/xmlschemas/ActivityExtension/v2"><Speed>2.36</Speed></TPX></Extensions></Trackpoint><Trackpoint><Time>2026-03-20T12:15:50+00:00</Time><DistanceMeters>4177.8</DistanceMeters><Position><LatitudeDegrees>50.854166</LatitudeDegrees><LongitudeDegrees>4.294725</LongitudeDegrees></Position><AltitudeMeters>67.5</AltitudeMeters><Extensions><TPX xmlns="http://www.garmin.com/xmlschemas/ActivityExtension/v2"><Speed>1.58</Speed></TPX></Extensions></Trackpoint><Trackpoint><Time>2026-03-20T12:15:51+00:00</Time><DistanceMeters>4181.7</DistanceMeters><Position><LatitudeDegrees>50.854181</LatitudeDegrees><LongitudeDegrees>4.294713</LongitudeDegrees></Position><AltitudeMeters>67.6</AltitudeMeters><Extensions><TPX xmlns="http://www.garmin.com/xmlschemas/ActivityExtension/v2"><Speed>2.36</Speed></TPX></Extensions></Trackpoint><Trackpoint><Time>2026-03-20T12:15:52+00:00</Time><DistanceMeters>4184.0</DistanceMeters><Position><LatitudeDegrees>50.854197</LatitudeDegrees><LongitudeDegrees>4.294674</LongitudeDegrees></Position><AltitudeMeters>67.6</AltitudeMeters><Extensions><TPX xmlns="http://www.garmin.com/xmlschemas/ActivityExtension/v2"><Speed>2.08</Speed></TPX></Extensions></Trackpoint><Trackpoint><Time>2026-03-20T12:15:53+00:00</Time><DistanceMeters>4186.3</DistanceMeters><Position><LatitudeDegrees>50.854202</LatitudeDegrees><LongitudeDegrees>4.294658</LongitudeDegrees></Position><AltitudeMeters>67.7</AltitudeMeters><Extensions><TPX xmlns="http://www.garmin.com/xmlschemas/ActivityExtension/v2"><Speed>2.12</Speed></TPX></Extensions></Trackpoint><Trackpoint><Time>2026-03-20T12:15:54+00:00</Time><DistanceMeters>4189.5</DistanceMeters><Position><LatitudeDegrees>50.8542</LatitudeDegrees><LongitudeDegrees>4.294613</LongitudeDegrees></Position><AltitudeMeters>67.7</AltitudeMeters><Extensions><TPX xmlns="http://www.garmin.com/xmlschemas/ActivityExtension/v2"><Speed>2.34</Speed></TPX></Extensions></Trackpoint><Trackpoint><Time>2026-03-20T12:15:55+00:00</Time><DistanceMeters>4192.1</DistanceMeters><Position><LatitudeDegrees>50.8542</LatitudeDegrees><LongitudeDegrees>4.294558</LongitudeDegrees></Position><AltitudeMeters>67.8</AltitudeMeters><Extensions><TPX xmlns="http://www.garmin.com/xmlschemas/ActivityExtension/v2"><Speed>2.85</Speed></TPX></Extensions></Trackpoint><Trackpoint><Time>2026-03-20T12:15:56+00:00</Time><DistanceMeters>4194.6</DistanceMeters><Position><LatitudeDegrees>50.854201</LatitudeDegrees><LongitudeDegrees>4.29454</LongitudeDegrees></Position><AltitudeMeters>67.9</AltitudeMeters><Extensions><TPX xmlns="http://www.garmin.com/xmlschemas/ActivityExtension/v2"><Speed>2.58</Speed></TPX></Extensions></Trackpoint><Trackpoint><Time>2026-03-20T12:15:57+00:00</Time><DistanceMeters>4197.0</DistanceMeters><Position><LatitudeDegrees>50.85421</LatitudeDegrees><LongitudeDegrees>4.294491</LongitudeDegrees></Position><AltitudeMeters>67.9</AltitudeMeters><Extensions><TPX xmlns="http://www.garmin.com/xmlschemas/ActivityExtension/v2"><Speed>2.6</Speed></TPX></Extensions></Trackpoint><Trackpoint><Time>2026-03-20T12:15:58+00:00</Time><DistanceMeters>4199.4</DistanceMeters><Position><LatitudeDegrees>50.854214</LatitudeDegrees><LongitudeDegrees>4.294475</LongitudeDegrees></Position><AltitudeMeters>68.0</AltitudeMeters><Extensions><TPX xmlns="http://www.garmin.com/xmlschemas/ActivityExtension/v2"><Speed>2.62</Speed></TPX></Extensions></Trackpoint><Trackpoint><Time>2026-03-20T12:15:59+00:00</Time><DistanceMeters>4201.9</DistanceMeters><Position><LatitudeDegrees>50.854225</LatitudeDegrees><LongitudeDegrees>4.294425</LongitudeDegrees></Position><AltitudeMeters>68.0</AltitudeMeters><Extensions><TPX xmlns="http://www.garmin.com/xmlschemas/ActivityExtension/v2"><Speed>2.48</Speed></TPX></Extensions></Trackpoint><Trackpoint><Time>2026-03-20T12:16:00+00:00</Time><DistanceMeters>4204.4</DistanceMeters><Position><LatitudeDegrees>50.854228</LatitudeDegrees><LongitudeDegrees>4.294407</LongitudeDegrees></Position><AltitudeMeters>68.1</AltitudeMeters><Extensions><TPX xmlns="http://www.garmin.com/xmlschemas/ActivityExtension/v2"><Speed>2.47</Speed></TPX></Extensions></Trackpoint><Trackpoint><Time>2026-03-20T12:16:01+00:00</Time><DistanceMeters>4207.5</DistanceMeters><Position><LatitudeDegrees>50.854233</LatitudeDegrees><LongitudeDegrees>4.294363</LongitudeDegrees></Position><AltitudeMeters>68.1</AltitudeMeters><Extensions><TPX xmlns="http://www.garmin.com/xmlschemas/ActivityExtension/v2"><Speed>2.58</Speed></TPX></Extensions></Trackpoint><Trackpoint><Time>2026-03-20T12:16:02+00:00</Time><DistanceMeters>4210.1</DistanceMeters><Position><LatitudeDegrees>50.854247</LatitudeDegrees><LongitudeDegrees>4.294313</LongitudeDegrees></Position><AltitudeMeters>68.2</AltitudeMeters><Extensions><TPX xmlns="http://www.garmin.com/xmlschemas/ActivityExtension/v2"><Speed>2.61</Speed></TPX></Extensions></Trackpoint><Trackpoint><Time>2026-03-20T12:16:03+00:00</Time><DistanceMeters>4212.6</DistanceMeters><Position><LatitudeDegrees>50.85425</LatitudeDegrees><LongitudeDegrees>4.294296</LongitudeDegrees></Position><AltitudeMeters>68.2</AltitudeMeters><Extensions><TPX xmlns="http://www.garmin.com/xmlschemas/ActivityExtension/v2"><Speed>2.64</Speed></TPX></Extensions></Trackpoint><Trackpoint><Time>2026-03-20T12:16:04+00:00</Time><DistanceMeters>4215.6</DistanceMeters><Position><LatitudeDegrees>50.854258</LatitudeDegrees><LongitudeDegrees>4.294255</LongitudeDegrees></Position><AltitudeMeters>68.3</AltitudeMeters><Extensions><TPX xmlns="http://www.garmin.com/xmlschemas/ActivityExtension/v2"><Speed>2.74</Speed></TPX></Extensions></Trackpoint><Trackpoint><Time>2026-03-20T12:16:05+00:00</Time><DistanceMeters>4218.6</DistanceMeters><Position><LatitudeDegrees>50.854275</LatitudeDegrees><LongitudeDegrees>4.294198</LongitudeDegrees></Position><AltitudeMeters>68.4</AltitudeMeters><Extensions><TPX xmlns="http://www.garmin.com/xmlschemas/ActivityExtension/v2"><Speed>2.83</Speed></TPX></Extensions></Trackpoint><Trackpoint><Time>2026-03-20T12:16:06+00:00</Time><DistanceMeters>4221.5</DistanceMeters><Position><LatitudeDegrees>50.85428</LatitudeDegrees><LongitudeDegrees>4.294179</LongitudeDegrees></Position><AltitudeMeters>68.4</AltitudeMeters><Extensions><TPX xmlns="http://www.garmin.com/xmlschemas/ActivityExtension/v2"><Speed>2.8</Speed></TPX></Extensions></Trackpoint><Trackpoint><Time>2026-03-20T12:16:07+00:00</Time><DistanceMeters>4224.3</DistanceMeters><Position><LatitudeDegrees>50.854295</LatitudeDegrees><LongitudeDegrees>4.294126</LongitudeDegrees></Position><AltitudeMeters>68.5</AltitudeMeters><Extensions><TPX xmlns="http://www.garmin.com/xmlschemas/ActivityExtension/v2"><Speed>2.84</Speed></TPX></Extensions></Trackpoint><Trackpoint><Time>2026-03-20T12:16:08+00:00</Time><DistanceMeters>4227.0</DistanceMeters><Position><LatitudeDegrees>50.8543</LatitudeDegrees><LongitudeDegrees>4.294107</LongitudeDegrees></Position><AltitudeMeters>68.5</AltitudeMeters><Extensions><TPX xmlns="http://www.garmin.com/xmlschemas/ActivityExtension/v2"><Speed>2.88</Speed></TPX></Extensions></Trackpoint><Trackpoint><Time>2026-03-20T12:16:09+00:00</Time><DistanceMeters>4229.3</DistanceMeters><Position><LatitudeDegrees>50.854313</LatitudeDegrees><LongitudeDegrees>4.29406</LongitudeDegrees></Position><AltitudeMeters>68.6</AltitudeMeters><Extensions><TPX xmlns="http://www.garmin.com/xmlschemas/ActivityExtension/v2"><Speed>2.74</Speed></TPX></Extensions></Trackpoint><Trackpoint><Time>2026-03-20T12:16:10+00:00</Time><DistanceMeters>4231.6</DistanceMeters><Position><LatitudeDegrees>50.854315</LatitudeDegrees><LongitudeDegrees>4.294046</LongitudeDegrees></Position><AltitudeMeters>68.6</AltitudeMeters><Extensions><TPX xmlns="http://www.garmin.com/xmlschemas/ActivityExtension/v2"><Speed>2.61</Speed></TPX></Extensions></Trackpoint><Trackpoint><Time>2026-03-20T12:16:11+00:00</Time><DistanceMeters>4231.6</DistanceMeters><Position><LatitudeDegrees>50.854321</LatitudeDegrees><LongitudeDegrees>4.294021</LongitudeDegrees></Position><AltitudeMeters>68.6</AltitudeMeters><Extensions><TPX xmlns="http://www.garmin.com/xmlschemas/ActivityExtension/v2"><Speed>2.02</Speed></TPX></Extensions></Trackpoint><Trackpoint><Time>2026-03-20T12:16:12+00:00</Time><DistanceMeters>4235.6</DistanceMeters><Position><LatitudeDegrees>50.854326</LatitudeDegrees><LongitudeDegrees>4.293992</LongitudeDegrees></Position><AltitudeMeters>68.6</AltitudeMeters><Extensions><TPX xmlns="http://www.garmin.com/xmlschemas/ActivityExtension/v2"><Speed>2.27</Speed></TPX></Extensions></Trackpoint><Trackpoint><Time>2026-03-20T12:16:13+00:00</Time><DistanceMeters>4238.0</DistanceMeters><Position><LatitudeDegrees>50.854336</LatitudeDegrees><LongitudeDegrees>4.293945</LongitudeDegrees></Position><AltitudeMeters>68.7</AltitudeMeters><Extensions><TPX xmlns="http://www.garmin.com/xmlschemas/ActivityExtension/v2"><Speed>2.19</Speed></TPX></Extensions></Trackpoint><Trackpoint><Time>2026-03-20T12:16:14+00:00</Time><DistanceMeters>4240.3</DistanceMeters><Position><LatitudeDegrees>50.854339</LatitudeDegrees><LongitudeDegrees>4.293928</LongitudeDegrees></Position><AltitudeMeters>68.7</AltitudeMeters><Extensions><TPX xmlns="http://www.garmin.com/xmlschemas/ActivityExtension/v2"><Speed>2.2</Speed></TPX></Extensions></Trackpoint><Trackpoint><Time>2026-03-20T12:16:15+00:00</Time><DistanceMeters>4242.9</DistanceMeters><Position><LatitudeDegrees>50.854349</LatitudeDegrees><LongitudeDegrees>4.293877</LongitudeDegrees></Position><AltitudeMeters>68.8</AltitudeMeters><Extensions><TPX xmlns="http://www.garmin.com/xmlschemas/ActivityExtension/v2"><Speed>2.25</Speed></TPX></Extensions></Trackpoint><Trackpoint><Time>2026-03-20T12:16:16+00:00</Time><DistanceMeters>4245.4</DistanceMeters><Position><LatitudeDegrees>50.854352</LatitudeDegrees><LongitudeDegrees>4.293859</LongitudeDegrees></Position><AltitudeMeters>68.8</AltitudeMeters><Extensions><TPX xmlns="http://www.garmin.com/xmlschemas/ActivityExtension/v2"><Speed>2.76</Speed></TPX></Extensions></Trackpoint><Trackpoint><Time>2026-03-20T12:16:17+00:00</Time><DistanceMeters>4247.8</DistanceMeters><Position><LatitudeDegrees>50.854362</LatitudeDegrees><LongitudeDegrees>4.293811</LongitudeDegrees></Position><AltitudeMeters>68.8</AltitudeMeters><Extensions><TPX xmlns="http://www.garmin.com/xmlschemas/ActivityExtension/v2"><Speed>2.43</Speed></TPX></Extensions></Trackpoint><Trackpoint><Time>2026-03-20T12:16:18+00:00</Time><DistanceMeters>4250.1</DistanceMeters><Position><LatitudeDegrees>50.854365</LatitudeDegrees><LongitudeDegrees>4.293795</LongitudeDegrees></Position><AltitudeMeters>68.8</AltitudeMeters><Extensions><TPX xmlns="http://www.garmin.com/xmlschemas/ActivityExtension/v2"><Speed>2.43</Speed></TPX></Extensions></Trackpoint><Trackpoint><Time>2026-03-20T12:16:19+00:00</Time><DistanceMeters>4250.1</DistanceMeters><Position><LatitudeDegrees>50.854373</LatitudeDegrees><LongitudeDegrees>4.293765</LongitudeDegrees></Position><AltitudeMeters>68.9</AltitudeMeters><Extensions><TPX xmlns="http://www.garmin.com/xmlschemas/ActivityExtension/v2"><Speed>1.96</Speed></TPX></Extensions></Trackpoint><Trackpoint><Time>2026-03-20T12:16:20+00:00</Time><DistanceMeters>4254.1</DistanceMeters><Position><LatitudeDegrees>50.854379</LatitudeDegrees><LongitudeDegrees>4.293742</LongitudeDegrees></Position><AltitudeMeters>68.9</AltitudeMeters><Extensions><TPX xmlns="http://www.garmin.com/xmlschemas/ActivityExtension/v2"><Speed>2.25</Speed></TPX></Extensions></Trackpoint><Trackpoint><Time>2026-03-20T12:16:21+00:00</Time><DistanceMeters>4256.2</DistanceMeters><Position><LatitudeDegrees>50.854389</LatitudeDegrees><LongitudeDegrees>4.293702</LongitudeDegrees></Position><AltitudeMeters>69.0</AltitudeMeters><Extensions><TPX xmlns="http://www.garmin.com/xmlschemas/ActivityExtension/v2"><Speed>2.16</Speed></TPX></Extensions></Trackpoint><Trackpoint><Time>2026-03-20T12:16:22+00:00</Time><DistanceMeters>4258.3</DistanceMeters><Position><LatitudeDegrees>50.854392</LatitudeDegrees><LongitudeDegrees>4.293687</LongitudeDegrees></Position><AltitudeMeters>69.0</AltitudeMeters><Extensions><TPX xmlns="http://www.garmin.com/xmlschemas/ActivityExtension/v2"><Speed>2.11</Speed></TPX></Extensions></Trackpoint><Trackpoint><Time>2026-03-20T12:16:23+00:00</Time><DistanceMeters>4258.3</DistanceMeters><Position><LatitudeDegrees>50.854398</LatitudeDegrees><LongitudeDegrees>4.29366</LongitudeDegrees></Position><AltitudeMeters>69.0</AltitudeMeters><Extensions><TPX xmlns="http://www.garmin.com/xmlschemas/ActivityExtension/v2"><Speed>1.64</Speed></TPX></Extensions></Trackpoint><Trackpoint><Time>2026-03-20T12:16:24+00:00</Time><DistanceMeters>4262.2</DistanceMeters><Position><LatitudeDegrees>50.854404</LatitudeDegrees><LongitudeDegrees>4.293633</LongitudeDegrees></Position><AltitudeMeters>69.0</AltitudeMeters><Extensions><TPX xmlns="http://www.garmin.com/xmlschemas/ActivityExtension/v2"><Speed>2.42</Speed></TPX></Extensions></Trackpoint><Trackpoint><Time>2026-03-20T12:16:25+00:00</Time><DistanceMeters>4264.3</DistanceMeters><Position><LatitudeDegrees>50.854412</LatitudeDegrees><LongitudeDegrees>4.293591</LongitudeDegrees></Position><AltitudeMeters>69.1</AltitudeMeters><Extensions><TPX xmlns="http://www.garmin.com/xmlschemas/ActivityExtension/v2"><Speed>2.04</Speed></TPX></Extensions></Trackpoint><Trackpoint><Time>2026-03-20T12:16:26+00:00</Time><DistanceMeters>4266.4</DistanceMeters><Position><LatitudeDegrees>50.854414</LatitudeDegrees><LongitudeDegrees>4.293577</LongitudeDegrees></Position><AltitudeMeters>69.1</AltitudeMeters><Extensions><TPX xmlns="http://www.garmin.com/xmlschemas/ActivityExtension/v2"><Speed>2.04</Speed></TPX></Extensions></Trackpoint><Trackpoint><Time>2026-03-20T12:16:27+00:00</Time><DistanceMeters>4266.4</DistanceMeters><Position><LatitudeDegrees>50.854418</LatitudeDegrees><LongitudeDegrees>4.293555</LongitudeDegrees></Position><AltitudeMeters>69.1</AltitudeMeters><Extensions><TPX xmlns="http://www.garmin.com/xmlschemas/ActivityExtension/v2"><Speed>1.62</Speed></TPX></Extensions></Trackpoint><Trackpoint><Time>2026-03-20T12:16:28+00:00</Time><DistanceMeters>4269.9</DistanceMeters><Position><LatitudeDegrees>50.854424</LatitudeDegrees><LongitudeDegrees>4.293529</LongitudeDegrees></Position><AltitudeMeters>69.2</AltitudeMeters><Extensions><TPX xmlns="http://www.garmin.com/xmlschemas/ActivityExtension/v2"><Speed>2.32</Speed></TPX></Extensions></Trackpoint><Trackpoint><Time>2026-03-20T12:16:29+00:00</Time><DistanceMeters>4272.0</DistanceMeters><Position><LatitudeDegrees>50.854434</LatitudeDegrees><LongitudeDegrees>4.293487</LongitudeDegrees></Position><AltitudeMeters>69.2</AltitudeMeters><Extensions><TPX xmlns="http://www.garmin.com/xmlschemas/ActivityExtension/v2"><Speed>1.96</Speed></TPX></Extensions></Trackpoint><Trackpoint><Time>2026-03-20T12:16:30+00:00</Time><DistanceMeters>4274.1</DistanceMeters><Position><LatitudeDegrees>50.854437</LatitudeDegrees><LongitudeDegrees>4.293472</LongitudeDegrees></Position><AltitudeMeters>69.3</AltitudeMeters><Extensions><TPX xmlns="http://www.garmin.com/xmlschemas/ActivityExtension/v2"><Speed>1.96</Speed></TPX></Extensions></Trackpoint><Trackpoint><Time>2026-03-20T12:16:31+00:00</Time><DistanceMeters>4276.2</DistanceMeters><Position><LatitudeDegrees>50.854445</LatitudeDegrees><LongitudeDegrees>4.293432</LongitudeDegrees></Position><AltitudeMeters>69.3</AltitudeMeters><Extensions><TPX xmlns="http://www.garmin.com/xmlschemas/ActivityExtension/v2"><Speed>1.95</Speed></TPX></Extensions></Trackpoint><Trackpoint><Time>2026-03-20T12:16:32+00:00</Time><DistanceMeters>4278.2</DistanceMeters><Position><LatitudeDegrees>50.854447</LatitudeDegrees><LongitudeDegrees>4.293417</LongitudeDegrees></Position><AltitudeMeters>69.3</AltitudeMeters><Extensions><TPX xmlns="http://www.garmin.com/xmlschemas/ActivityExtension/v2"><Speed>2.36</Speed></TPX></Extensions></Trackpoint><Trackpoint><Time>2026-03-20T12:16:33+00:00</Time><DistanceMeters>4280.3</DistanceMeters><Position><LatitudeDegrees>50.854457</LatitudeDegrees><LongitudeDegrees>4.293376</LongitudeDegrees></Position><AltitudeMeters>69.4</AltitudeMeters><Extensions><TPX xmlns="http://www.garmin.com/xmlschemas/ActivityExtension/v2"><Speed>2.08</Speed></TPX></Extensions></Trackpoint><Trackpoint><Time>2026-03-20T12:16:34+00:00</Time><DistanceMeters>4282.4</DistanceMeters><Position><LatitudeDegrees>50.85446</LatitudeDegrees><LongitudeDegrees>4.293361</LongitudeDegrees></Position><AltitudeMeters>69.4</AltitudeMeters><Extensions><TPX xmlns="http://www.garmin.com/xmlschemas/ActivityExtension/v2"><Speed>2.08</Speed></TPX></Extensions></Trackpoint><Trackpoint><Time>2026-03-20T12:16:35+00:00</Time><DistanceMeters>4282.4</DistanceMeters><Position><LatitudeDegrees>50.854464</LatitudeDegrees><LongitudeDegrees>4.293337</LongitudeDegrees></Position><AltitudeMeters>69.4</AltitudeMeters><Extensions><TPX xmlns="http://www.garmin.com/xmlschemas/ActivityExtension/v2"><Speed>1.66</Speed></TPX></Extensions></Trackpoint><Trackpoint><Time>2026-03-20T12:16:36+00:00</Time><DistanceMeters>4285.8</DistanceMeters><Position><LatitudeDegrees>50.854468</LatitudeDegrees><LongitudeDegrees>4.293314</LongitudeDegrees></Position><AltitudeMeters>69.5</AltitudeMeters><Extensions><TPX xmlns="http://www.garmin.com/xmlschemas/ActivityExtension/v2"><Speed>1.93</Speed></TPX></Extensions></Trackpoint><Trackpoint><Time>2026-03-20T12:16:37+00:00</Time><DistanceMeters>4288.0</DistanceMeters><Position><LatitudeDegrees>50.854476</LatitudeDegrees><LongitudeDegrees>4.293272</LongitudeDegrees></Position><AltitudeMeters>69.5</AltitudeMeters><Extensions><TPX xmlns="http://www.garmin.com/xmlschemas/ActivityExtension/v2"><Speed>1.95</Speed></TPX></Extensions></Trackpoint><Trackpoint><Time>2026-03-20T12:16:38+00:00</Time><DistanceMeters>4290.1</DistanceMeters><Position><LatitudeDegrees>50.854479</LatitudeDegrees><LongitudeDegrees>4.293254</LongitudeDegrees></Position><AltitudeMeters>69.5</AltitudeMeters><Extensions><TPX xmlns="http://www.garmin.com/xmlschemas/ActivityExtension/v2"><Speed>1.96</Speed></TPX></Extensions></Trackpoint><Trackpoint><Time>2026-03-20T12:16:39+00:00</Time><DistanceMeters>4290.1</DistanceMeters><Position><LatitudeDegrees>50.854482</LatitudeDegrees><LongitudeDegrees>4.293233</LongitudeDegrees></Position><AltitudeMeters>69.6</AltitudeMeters><Extensions><TPX xmlns="http://www.garmin.com/xmlschemas/ActivityExtension/v2"><Speed>1.54</Speed></TPX></Extensions></Trackpoint><Trackpoint><Time>2026-03-20T12:16:40+00:00</Time><DistanceMeters>4293.7</DistanceMeters><Position><LatitudeDegrees>50.854488</LatitudeDegrees><LongitudeDegrees>4.293206</LongitudeDegrees></Position><AltitudeMeters>69.6</AltitudeMeters><Extensions><TPX xmlns="http://www.garmin.com/xmlschemas/ActivityExtension/v2"><Speed>2.26</Speed></TPX></Extensions></Trackpoint><Trackpoint><Time>2026-03-20T12:16:41+00:00</Time><DistanceMeters>4296.3</DistanceMeters><Position><LatitudeDegrees>50.854498</LatitudeDegrees><LongitudeDegrees>4.293155</LongitudeDegrees></Position><AltitudeMeters>69.7</AltitudeMeters><Extensions><TPX xmlns="http://www.garmin.com/xmlschemas/ActivityExtension/v2"><Speed>2.09</Speed></TPX></Extensions></Trackpoint><Trackpoint><Time>2026-03-20T12:16:42+00:00</Time><DistanceMeters>4298.8</DistanceMeters><Position><LatitudeDegrees>50.854501</LatitudeDegrees><LongitudeDegrees>4.293136</LongitudeDegrees></Position><AltitudeMeters>69.7</AltitudeMeters><Extensions><TPX xmlns="http://www.garmin.com/xmlschemas/ActivityExtension/v2"><Speed>2.17</Speed></TPX></Extensions></Trackpoint><Trackpoint><Time>2026-03-20T12:16:43+00:00</Time><DistanceMeters>4301.2</DistanceMeters><Position><LatitudeDegrees>50.85451</LatitudeDegrees><LongitudeDegrees>4.293087</LongitudeDegrees></Position><AltitudeMeters>69.8</AltitudeMeters><Extensions><TPX xmlns="http://www.garmin.com/xmlschemas/ActivityExtension/v2"><Speed>2.22</Speed></TPX></Extensions></Trackpoint><Trackpoint><Time>2026-03-20T12:16:44+00:00</Time><DistanceMeters>4303.6</DistanceMeters><Position><LatitudeDegrees>50.854513</LatitudeDegrees><LongitudeDegrees>4.293071</LongitudeDegrees></Position><AltitudeMeters>69.8</AltitudeMeters><Extensions><TPX xmlns="http://www.garmin.com/xmlschemas/ActivityExtension/v2"><Speed>2.7</Speed></TPX></Extensions></Trackpoint><Trackpoint><Time>2026-03-20T12:16:45+00:00</Time><DistanceMeters>4305.8</DistanceMeters><Position><LatitudeDegrees>50.854522</LatitudeDegrees><LongitudeDegrees>4.293026</LongitudeDegrees></Position><AltitudeMeters>69.8</AltitudeMeters><Extensions><TPX xmlns="http://www.garmin.com/xmlschemas/ActivityExtension/v2"><Speed>2.42</Speed></TPX></Extensions></Trackpoint><Trackpoint><Time>2026-03-20T12:16:46+00:00</Time><DistanceMeters>4308.0</DistanceMeters><Position><LatitudeDegrees>50.854524</LatitudeDegrees><LongitudeDegrees>4.293011</LongitudeDegrees></Position><AltitudeMeters>69.8</AltitudeMeters><Extensions><TPX xmlns="http://www.garmin.com/xmlschemas/ActivityExtension/v2"><Speed>2.35</Speed></TPX></Extensions></Trackpoint><Trackpoint><Time>2026-03-20T12:16:47+00:00</Time><DistanceMeters>4308.0</DistanceMeters><Position><LatitudeDegrees>50.854532</LatitudeDegrees><LongitudeDegrees>4.292975</LongitudeDegrees></Position><AltitudeMeters>69.8</AltitudeMeters><Extensions><TPX xmlns="http://www.garmin.com/xmlschemas/ActivityExtension/v2"><Speed>1.84</Speed></TPX></Extensions></Trackpoint><Trackpoint><Time>2026-03-20T12:16:48+00:00</Time><DistanceMeters>4312.0</DistanceMeters><Position><LatitudeDegrees>50.854534</LatitudeDegrees><LongitudeDegrees>4.292955</LongitudeDegrees></Position><AltitudeMeters>69.9</AltitudeMeters><Extensions><TPX xmlns="http://www.garmin.com/xmlschemas/ActivityExtension/v2"><Speed>2.16</Speed></TPX></Extensions></Trackpoint><Trackpoint><Time>2026-03-20T12:16:49+00:00</Time><DistanceMeters>4312.0</DistanceMeters><Position><LatitudeDegrees>50.854537</LatitudeDegrees><LongitudeDegrees>4.292928</LongitudeDegrees></Position><AltitudeMeters>69.9</AltitudeMeters><Extensions><TPX xmlns="http://www.garmin.com/xmlschemas/ActivityExtension/v2"><Speed>1.68</Speed></TPX></Extensions></Trackpoint><Trackpoint><Time>2026-03-20T12:16:50+00:00</Time><DistanceMeters>4315.8</DistanceMeters><Position><LatitudeDegrees>50.854538</LatitudeDegrees><LongitudeDegrees>4.292901</LongitudeDegrees></Position><AltitudeMeters>69.9</AltitudeMeters><Extensions><TPX xmlns="http://www.garmin.com/xmlschemas/ActivityExtension/v2"><Speed>2.0</Speed></TPX></Extensions></Trackpoint><Trackpoint><Time>2026-03-20T12:16:51+00:00</Time><DistanceMeters>4315.8</DistanceMeters><Position><LatitudeDegrees>50.85453</LatitudeDegrees><LongitudeDegrees>4.292875</LongitudeDegrees></Position><AltitudeMeters>69.9</AltitudeMeters><Extensions><TPX xmlns="http://www.garmin.com/xmlschemas/ActivityExtension/v2"><Speed>1.56</Speed></TPX></Extensions></Trackpoint><Trackpoint><Time>2026-03-20T12:16:52+00:00</Time><DistanceMeters>4319.6</DistanceMeters><Position><LatitudeDegrees>50.854527</LatitudeDegrees><LongitudeDegrees>4.29285</LongitudeDegrees></Position><AltitudeMeters>69.9</AltitudeMeters><Extensions><TPX xmlns="http://www.garmin.com/xmlschemas/ActivityExtension/v2"><Speed>2.32</Speed></TPX></Extensions></Trackpoint><Trackpoint><Time>2026-03-20T12:16:53+00:00</Time><DistanceMeters>4321.9</DistanceMeters><Position><LatitudeDegrees>50.854515</LatitudeDegrees><LongitudeDegrees>4.292805</LongitudeDegrees></Position><AltitudeMeters>69.9</AltitudeMeters><Extensions><TPX xmlns="http://www.garmin.com/xmlschemas/ActivityExtension/v2"><Speed>1.98</Speed></TPX></Extensions></Trackpoint><Trackpoint><Time>2026-03-20T12:16:54+00:00</Time><DistanceMeters>4324.2</DistanceMeters><Position><LatitudeDegrees>50.854512</LatitudeDegrees><LongitudeDegrees>4.292788</LongitudeDegrees></Position><AltitudeMeters>69.9</AltitudeMeters><Extensions><TPX xmlns="http://www.garmin.com/xmlschemas/ActivityExtension/v2"><Speed>2.44</Speed></TPX></Extensions></Trackpoint><Trackpoint><Time>2026-03-20T12:16:55+00:00</Time><DistanceMeters>4326.8</DistanceMeters><Position><LatitudeDegrees>50.854527</LatitudeDegrees><LongitudeDegrees>4.292737</LongitudeDegrees></Position><AltitudeMeters>70.1</AltitudeMeters><Extensions><TPX xmlns="http://www.garmin.com/xmlschemas/ActivityExtension/v2"><Speed>2.2</Speed></TPX></Extensions></Trackpoint><Trackpoint><Time>2026-03-20T12:16:56+00:00</Time><DistanceMeters>4329.4</DistanceMeters><Position><LatitudeDegrees>50.85453</LatitudeDegrees><LongitudeDegrees>4.29272</LongitudeDegrees></Position><AltitudeMeters>70.1</AltitudeMeters><Extensions><TPX xmlns="http://www.garmin.com/xmlschemas/ActivityExtension/v2"><Speed>2.72</Speed></TPX></Extensions></Trackpoint><Trackpoint><Time>2026-03-20T12:16:57+00:00</Time><DistanceMeters>4332.0</DistanceMeters><Position><LatitudeDegrees>50.854554</LatitudeDegrees><LongitudeDegrees>4.292681</LongitudeDegrees></Position><AltitudeMeters>70.3</AltitudeMeters><Extensions><TPX xmlns="http://www.garmin.com/xmlschemas/ActivityExtension/v2"><Speed>2.47</Speed></TPX></Extensions></Trackpoint><Trackpoint><Time>2026-03-20T12:16:58+00:00</Time><DistanceMeters>4334.5</DistanceMeters><Position><LatitudeDegrees>50.854564</LatitudeDegrees><LongitudeDegrees>4.29267</LongitudeDegrees></Position><AltitudeMeters>70.4</AltitudeMeters><Extensions><TPX xmlns="http://www.garmin.com/xmlschemas/ActivityExtension/v2"><Speed>2.52</Speed></TPX></Extensions></Trackpoint><Trackpoint><Time>2026-03-20T12:16:59+00:00</Time><DistanceMeters>4337.8</DistanceMeters><Position><LatitudeDegrees>50.854593</LatitudeDegrees><LongitudeDegrees>4.292659</LongitudeDegrees></Position><AltitudeMeters>70.6</AltitudeMeters><Extensions><TPX xmlns="http://www.garmin.com/xmlschemas/ActivityExtension/v2"><Speed>2.72</Speed></TPX></Extensions></Trackpoint><Trackpoint><Time>2026-03-20T12:17:00+00:00</Time><DistanceMeters>4341.3</DistanceMeters><Position><LatitudeDegrees>50.854624</LatitudeDegrees><LongitudeDegrees>4.292653</LongitudeDegrees></Position><AltitudeMeters>70.8</AltitudeMeters><Extensions><TPX xmlns="http://www.garmin.com/xmlschemas/ActivityExtension/v2"><Speed>2.9</Speed></TPX></Extensions></Trackpoint><Trackpoint><Time>2026-03-20T12:17:01+00:00</Time><DistanceMeters>4346.5</DistanceMeters><Position><LatitudeDegrees>50.85467</LatitudeDegrees><LongitudeDegrees>4.292665</LongitudeDegrees></Position><AltitudeMeters>71.0</AltitudeMeters><Extensions><TPX xmlns="http://www.garmin.com/xmlschemas/ActivityExtension/v2"><Speed>3.42</Speed></TPX></Extensions></Trackpoint><Trackpoint><Time>2026-03-20T12:17:02+00:00</Time><DistanceMeters>4351.9</DistanceMeters><Position><LatitudeDegrees>50.854718</LatitudeDegrees><LongitudeDegrees>4.292682</LongitudeDegrees></Position><AltitudeMeters>71.3</AltitudeMeters><Extensions><TPX xmlns="http://www.garmin.com/xmlschemas/ActivityExtension/v2"><Speed>3.99</Speed></TPX></Extensions></Trackpoint><Trackpoint><Time>2026-03-20T12:17:03+00:00</Time><DistanceMeters>4356.2</DistanceMeters><Position><LatitudeDegrees>50.854756</LatitudeDegrees><LongitudeDegrees>4.292688</LongitudeDegrees></Position><AltitudeMeters>71.6</AltitudeMeters><Extensions><TPX xmlns="http://www.garmin.com/xmlschemas/ActivityExtension/v2"><Speed>4.34</Speed></TPX></Extensions></Trackpoint><Trackpoint><Time>2026-03-20T12:17:04+00:00</Time><DistanceMeters>4356.2</DistanceMeters><Position><LatitudeDegrees>50.854753</LatitudeDegrees><LongitudeDegrees>4.292697</LongitudeDegrees></Position><AltitudeMeters>71.6</AltitudeMeters><Extensions><TPX xmlns="http://www.garmin.com/xmlschemas/ActivityExtension/v2"><Speed>3.68</Speed></TPX></Extensions></Trackpoint><Trackpoint><Time>2026-03-20T12:17:05+00:00</Time><DistanceMeters>4356.2</DistanceMeters><Position><LatitudeDegrees>50.854772</LatitudeDegrees><LongitudeDegrees>4.29269</LongitudeDegrees></Position><AltitudeMeters>71.7</AltitudeMeters><Extensions><TPX xmlns="http://www.garmin.com/xmlschemas/ActivityExtension/v2"><Speed>2.98</Speed></TPX></Extensions></Trackpoint><Trackpoint><Time>2026-03-20T12:17:06+00:00</Time><DistanceMeters>4360.1</DistanceMeters><Position><LatitudeDegrees>50.854791</LatitudeDegrees><LongitudeDegrees>4.29268</LongitudeDegrees></Position><AltitudeMeters>71.8</AltitudeMeters><Extensions><TPX xmlns="http://www.garmin.com/xmlschemas/ActivityExtension/v2"><Speed>2.72</Speed></TPX></Extensions></Trackpoint><Trackpoint><Time>2026-03-20T12:17:07+00:00</Time><DistanceMeters>4362.6</DistanceMeters><Position><LatitudeDegrees>50.854824</LatitudeDegrees><LongitudeDegrees>4.292663</LongitudeDegrees></Position><AltitudeMeters>72.0</AltitudeMeters><Extensions><TPX xmlns="http://www.garmin.com/xmlschemas/ActivityExtension/v2"><Speed>2.14</Speed></TPX></Extensions></Trackpoint><Trackpoint><Time>2026-03-20T12:17:08+00:00</Time><DistanceMeters>4365.1</DistanceMeters><Position><LatitudeDegrees>50.854833</LatitudeDegrees><LongitudeDegrees>4.292658</LongitudeDegrees></Position><AltitudeMeters>72.1</AltitudeMeters><Extensions><TPX xmlns="http://www.garmin.com/xmlschemas/ActivityExtension/v2"><Speed>1.78</Speed></TPX></Extensions></Trackpoint><Trackpoint><Time>2026-03-20T12:17:09+00:00</Time><DistanceMeters>4367.4</DistanceMeters><Position><LatitudeDegrees>50.854863</LatitudeDegrees><LongitudeDegrees>4.292645</LongitudeDegrees></Position><AltitudeMeters>72.3</AltitudeMeters><Extensions><TPX xmlns="http://www.garmin.com/xmlschemas/ActivityExtension/v2"><Speed>2.23</Speed></TPX></Extensions></Trackpoint><Trackpoint><Time>2026-03-20T12:17:10+00:00</Time><DistanceMeters>4369.6</DistanceMeters><Position><LatitudeDegrees>50.854872</LatitudeDegrees><LongitudeDegrees>4.29264</LongitudeDegrees></Position><AltitudeMeters>72.3</AltitudeMeters><Extensions><TPX xmlns="http://www.garmin.com/xmlschemas/ActivityExtension/v2"><Speed>2.68</Speed></TPX></Extensions></Trackpoint><Trackpoint><Time>2026-03-20T12:17:11+00:00</Time><DistanceMeters>4371.8</DistanceMeters><Position><LatitudeDegrees>50.8549</LatitudeDegrees><LongitudeDegrees>4.292627</LongitudeDegrees></Position><AltitudeMeters>72.5</AltitudeMeters><Extensions><TPX xmlns="http://www.garmin.com/xmlschemas/ActivityExtension/v2"><Speed>2.34</Speed></TPX></Extensions></Trackpoint><Trackpoint><Time>2026-03-20T12:17:12+00:00</Time><DistanceMeters>4374.0</DistanceMeters><Position><LatitudeDegrees>50.85491</LatitudeDegrees><LongitudeDegrees>4.292622</LongitudeDegrees></Position><AltitudeMeters>72.6</AltitudeMeters><Extensions><TPX xmlns="http://www.garmin.com/xmlschemas/ActivityExtension/v2"><Speed>2.28</Speed></TPX></Extensions></Trackpoint><Trackpoint><Time>2026-03-20T12:17:13+00:00</Time><DistanceMeters>4376.3</DistanceMeters><Position><LatitudeDegrees>50.854939</LatitudeDegrees><LongitudeDegrees>4.292606</LongitudeDegrees></Position><AltitudeMeters>72.8</AltitudeMeters><Extensions><TPX xmlns="http://www.garmin.com/xmlschemas/ActivityExtension/v2"><Speed>2.24</Speed></TPX></Extensions></Trackpoint><Trackpoint><Time>2026-03-20T12:17:14+00:00</Time><DistanceMeters>4378.6</DistanceMeters><Position><LatitudeDegrees>50.854949</LatitudeDegrees><LongitudeDegrees>4.2926</LongitudeDegrees></Position><AltitudeMeters>72.9</AltitudeMeters><Extensions><TPX xmlns="http://www.garmin.com/xmlschemas/ActivityExtension/v2"><Speed>2.25</Speed></TPX></Extensions></Trackpoint><Trackpoint><Time>2026-03-20T12:17:15+00:00</Time><DistanceMeters>4378.6</DistanceMeters><Position><LatitudeDegrees>50.854956</LatitudeDegrees><LongitudeDegrees>4.292601</LongitudeDegrees></Position><AltitudeMeters>72.9</AltitudeMeters><Extensions><TPX xmlns="http://www.garmin.com/xmlschemas/ActivityExtension/v2"><Speed>1.8</Speed></TPX></Extensions></Trackpoint><Trackpoint><Time>2026-03-20T12:17:16+00:00</Time><DistanceMeters>4378.6</DistanceMeters><Position><LatitudeDegrees>50.854955</LatitudeDegrees><LongitudeDegrees>4.292601</LongitudeDegrees></Position><AltitudeMeters>72.9</AltitudeMeters><Extensions><TPX xmlns="http://www.garmin.com/xmlschemas/ActivityExtension/v2"><Speed>1.36</Speed></TPX></Extensions></Trackpoint><Trackpoint><Time>2026-03-20T12:17:17+00:00</Time><DistanceMeters>4378.6</DistanceMeters><Position><LatitudeDegrees>50.85496</LatitudeDegrees><LongitudeDegrees>4.292595</LongitudeDegrees></Position><AltitudeMeters>73.0</AltitudeMeters><Extensions><TPX xmlns="http://www.garmin.com/xmlschemas/ActivityExtension/v2"><Speed>0.92</Speed></TPX></Extensions></Trackpoint><Trackpoint><Time>2026-03-20T12:17:18+00:00</Time><DistanceMeters>4381.8</DistanceMeters><Position><LatitudeDegrees>50.854976</LatitudeDegrees><LongitudeDegrees>4.292582</LongitudeDegrees></Position><AltitudeMeters>73.1</AltitudeMeters><Extensions><TPX xmlns="http://www.garmin.com/xmlschemas/ActivityExtension/v2"><Speed>1.1</Speed></TPX></Extensions></Trackpoint><Trackpoint><Time>2026-03-20T12:17:19+00:00</Time><DistanceMeters>4384.6</DistanceMeters><Position><LatitudeDegrees>50.85501</LatitudeDegrees><LongitudeDegrees>4.292559</LongitudeDegrees></Position><AltitudeMeters>73.3</AltitudeMeters><Extensions><TPX xmlns="http://www.garmin.com/xmlschemas/ActivityExtension/v2"><Speed>1.19</Speed></TPX></Extensions></Trackpoint><Trackpoint><Time>2026-03-20T12:17:20+00:00</Time><DistanceMeters>4387.3</DistanceMeters><Position><LatitudeDegrees>50.855021</LatitudeDegrees><LongitudeDegrees>4.292551</LongitudeDegrees></Position><AltitudeMeters>73.4</AltitudeMeters><Extensions><TPX xmlns="http://www.garmin.com/xmlschemas/ActivityExtension/v2"><Speed>1.74</Speed></TPX></Extensions></Trackpoint><Trackpoint><Time>2026-03-20T12:17:21+00:00</Time><DistanceMeters>4389.9</DistanceMeters><Position><LatitudeDegrees>50.855054</LatitudeDegrees><LongitudeDegrees>4.292535</LongitudeDegrees></Position><AltitudeMeters>73.6</AltitudeMeters><Extensions><TPX xmlns="http://www.garmin.com/xmlschemas/ActivityExtension/v2"><Speed>2.25</Speed></TPX></Extensions></Trackpoint><Trackpoint><Time>2026-03-20T12:17:22+00:00</Time><DistanceMeters>4392.4</DistanceMeters><Position><LatitudeDegrees>50.855064</LatitudeDegrees><LongitudeDegrees>4.29253</LongitudeDegrees></Position><AltitudeMeters>73.7</AltitudeMeters><Extensions><TPX xmlns="http://www.garmin.com/xmlschemas/ActivityExtension/v2"><Speed>2.76</Speed></TPX></Extensions></Trackpoint><Trackpoint><Time>2026-03-20T12:17:23+00:00</Time><DistanceMeters>4394.9</DistanceMeters><Position><LatitudeDegrees>50.855096</LatitudeDegrees><LongitudeDegrees>4.292513</LongitudeDegrees></Position><AltitudeMeters>73.9</AltitudeMeters><Extensions><TPX xmlns="http://www.garmin.com/xmlschemas/ActivityExtension/v2"><Speed>2.61</Speed></TPX></Extensions></Trackpoint><Trackpoint><Time>2026-03-20T12:17:24+00:00</Time><DistanceMeters>4397.3</DistanceMeters><Position><LatitudeDegrees>50.855106</LatitudeDegrees><LongitudeDegrees>4.292507</LongitudeDegrees></Position><AltitudeMeters>74.0</AltitudeMeters><Extensions><TPX xmlns="http://www.garmin.com/xmlschemas/ActivityExtension/v2"><Speed>2.55</Speed></TPX></Extensions></Trackpoint><Trackpoint><Time>2026-03-20T12:17:25+00:00</Time><DistanceMeters>4399.5</DistanceMeters><Position><LatitudeDegrees>50.855137</LatitudeDegrees><LongitudeDegrees>4.292495</LongitudeDegrees></Position><AltitudeMeters>74.2</AltitudeMeters><Extensions><TPX xmlns="http://www.garmin.com/xmlschemas/ActivityExtension/v2"><Speed>2.44</Speed></TPX></Extensions></Trackpoint><Trackpoint><Time>2026-03-20T12:17:26+00:00</Time><DistanceMeters>4401.7</DistanceMeters><Position><LatitudeDegrees>50.855145</LatitudeDegrees><LongitudeDegrees>4.292493</LongitudeDegrees></Position><AltitudeMeters>74.2</AltitudeMeters><Extensions><TPX xmlns="http://www.garmin.com/xmlschemas/ActivityExtension/v2"><Speed>2.37</Speed></TPX></Extensions></Trackpoint><Trackpoint><Time>2026-03-20T12:17:27+00:00</Time><DistanceMeters>4401.7</DistanceMeters><Position><LatitudeDegrees>50.855161</LatitudeDegrees><LongitudeDegrees>4.29249</LongitudeDegrees></Position><AltitudeMeters>74.3</AltitudeMeters><Extensions><TPX xmlns="http://www.garmin.com/xmlschemas/ActivityExtension/v2"><Speed>1.86</Speed></TPX></Extensions></Trackpoint><Trackpoint><Time>2026-03-20T12:17:28+00:00</Time><DistanceMeters>4401.7</DistanceMeters><Position><LatitudeDegrees>50.855165</LatitudeDegrees><LongitudeDegrees>4.292505</LongitudeDegrees></Position><AltitudeMeters>74.4</AltitudeMeters><Extensions><TPX xmlns="http://www.garmin.com/xmlschemas/ActivityExtension/v2"><Speed>1.37</Speed></TPX></Extensions></Trackpoint><Trackpoint><Time>2026-03-20T12:17:29+00:00</Time><DistanceMeters>4405.6</DistanceMeters><Position><LatitudeDegrees>50.855178</LatitudeDegrees><LongitudeDegrees>4.292512</LongitudeDegrees></Position><AltitudeMeters>74.4</AltitudeMeters><Extensions><TPX xmlns="http://www.garmin.com/xmlschemas/ActivityExtension/v2"><Speed>1.66</Speed></TPX></Extensions></Trackpoint><Trackpoint><Time>2026-03-20T12:17:30+00:00</Time><DistanceMeters>4405.6</DistanceMeters><Position><LatitudeDegrees>50.855194</LatitudeDegrees><LongitudeDegrees>4.292512</LongitudeDegrees></Position><AltitudeMeters>74.5</AltitudeMeters><Extensions><TPX xmlns="http://www.garmin.com/xmlschemas/ActivityExtension/v2"><Speed>1.22</Speed></TPX></Extensions></Trackpoint><Trackpoint><Time>2026-03-20T12:17:31+00:00</Time><DistanceMeters>4408.8</DistanceMeters><Position><LatitudeDegrees>50.855207</LatitudeDegrees><LongitudeDegrees>4.292515</LongitudeDegrees></Position><AltitudeMeters>74.6</AltitudeMeters><Extensions><TPX xmlns="http://www.garmin.com/xmlschemas/ActivityExtension/v2"><Speed>1.42</Speed></TPX></Extensions></Trackpoint><Trackpoint><Time>2026-03-20T12:17:32+00:00</Time><DistanceMeters>4411.5</DistanceMeters><Position><LatitudeDegrees>50.855243</LatitudeDegrees><LongitudeDegrees>4.292498</LongitudeDegrees></Position><AltitudeMeters>74.8</AltitudeMeters><Extensions><TPX xmlns="http://www.garmin.com/xmlschemas/ActivityExtension/v2"><Speed>1.96</Speed></TPX></Extensions></Trackpoint><Trackpoint><Time>2026-03-20T12:17:33+00:00</Time><DistanceMeters>4414.2</DistanceMeters><Position><LatitudeDegrees>50.855254</LatitudeDegrees><LongitudeDegrees>4.292492</LongitudeDegrees></Position><AltitudeMeters>74.9</AltitudeMeters><Extensions><TPX xmlns="http://www.garmin.com/xmlschemas/ActivityExtension/v2"><Speed>2.5</Speed></TPX></Extensions></Trackpoint><Trackpoint><Time>2026-03-20T12:17:34+00:00</Time><DistanceMeters>4416.8</DistanceMeters><Position><LatitudeDegrees>50.855287</LatitudeDegrees><LongitudeDegrees>4.292478</LongitudeDegrees></Position><AltitudeMeters>75.1</AltitudeMeters><Extensions><TPX xmlns="http://www.garmin.com/xmlschemas/ActivityExtension/v2"><Speed>2.23</Speed></TPX></Extensions></Trackpoint><Trackpoint><Time>2026-03-20T12:17:35+00:00</Time><DistanceMeters>4419.3</DistanceMeters><Position><LatitudeDegrees>50.855298</LatitudeDegrees><LongitudeDegrees>4.292473</LongitudeDegrees></Position><AltitudeMeters>75.1</AltitudeMeters><Extensions><TPX xmlns="http://www.garmin.com/xmlschemas/ActivityExtension/v2"><Speed>2.74</Speed></TPX></Extensions></Trackpoint><Trackpoint><Time>2026-03-20T12:17:36+00:00</Time><DistanceMeters>4421.7</DistanceMeters><Position><LatitudeDegrees>50.855328</LatitudeDegrees><LongitudeDegrees>4.292458</LongitudeDegrees></Position><AltitudeMeters>75.3</AltitudeMeters><Extensions><TPX xmlns="http://www.garmin.com/xmlschemas/ActivityExtension/v2"><Speed>2.57</Speed></TPX></Extensions></Trackpoint><Trackpoint><Time>2026-03-20T12:17:37+00:00</Time><DistanceMeters>4424.0</DistanceMeters><Position><LatitudeDegrees>50.855338</LatitudeDegrees><LongitudeDegrees>4.292453</LongitudeDegrees></Position><AltitudeMeters>75.3</AltitudeMeters><Extensions><TPX xmlns="http://www.garmin.com/xmlschemas/ActivityExtension/v2"><Speed>2.5</Speed></TPX></Extensions></Trackpoint><Trackpoint><Time>2026-03-20T12:17:38+00:00</Time><DistanceMeters>4426.5</DistanceMeters><Position><LatitudeDegrees>50.855369</LatitudeDegrees><LongitudeDegrees>4.292442</LongitudeDegrees></Position><AltitudeMeters>75.5</AltitudeMeters><Extensions><TPX xmlns="http://www.garmin.com/xmlschemas/ActivityExtension/v2"><Speed>2.45</Speed></TPX></Extensions></Trackpoint><Trackpoint><Time>2026-03-20T12:17:39+00:00</Time><DistanceMeters>4428.9</DistanceMeters><Position><LatitudeDegrees>50.855381</LatitudeDegrees><LongitudeDegrees>4.292437</LongitudeDegrees></Position><AltitudeMeters>75.5</AltitudeMeters><Extensions><TPX xmlns="http://www.garmin.com/xmlschemas/ActivityExtension/v2"><Speed>2.43</Speed></TPX></Extensions></Trackpoint><Trackpoint><Time>2026-03-20T12:17:40+00:00</Time><DistanceMeters>4428.9</DistanceMeters><Position><LatitudeDegrees>50.855395</LatitudeDegrees><LongitudeDegrees>4.29243</LongitudeDegrees></Position><AltitudeMeters>75.5</AltitudeMeters><Extensions><TPX xmlns="http://www.garmin.com/xmlschemas/ActivityExtension/v2"><Speed>1.92</Speed></TPX></Extensions></Trackpoint><Trackpoint><Time>2026-03-20T12:17:41+00:00</Time><DistanceMeters>4432.5</DistanceMeters><Position><LatitudeDegrees>50.855411</LatitudeDegrees><LongitudeDegrees>4.292422</LongitudeDegrees></Position><AltitudeMeters>75.6</AltitudeMeters><Extensions><TPX xmlns="http://www.garmin.com/xmlschemas/ActivityExtension/v2"><Speed>2.17</Speed></TPX></Extensions></Trackpoint><Trackpoint><Time>2026-03-20T12:17:42+00:00</Time><DistanceMeters>4432.5</DistanceMeters><Position><LatitudeDegrees>50.855429</LatitudeDegrees><LongitudeDegrees>4.292414</LongitudeDegrees></Position><AltitudeMeters>75.6</AltitudeMeters><Extensions><TPX xmlns="http://www.garmin.com/xmlschemas/ActivityExtension/v2"><Speed>1.7</Speed></TPX></Extensions></Trackpoint><Trackpoint><Time>2026-03-20T12:17:43+00:00</Time><DistanceMeters>4436.4</DistanceMeters><Position><LatitudeDegrees>50.855445</LatitudeDegrees><LongitudeDegrees>4.292405</LongitudeDegrees></Position><AltitudeMeters>75.7</AltitudeMeters><Extensions><TPX xmlns="http://www.garmin.com/xmlschemas/ActivityExtension/v2"><Speed>1.99</Speed></TPX></Extensions></Trackpoint><Trackpoint><Time>2026-03-20T12:17:44+00:00</Time><DistanceMeters>4436.4</DistanceMeters><Position><LatitudeDegrees>50.855456</LatitudeDegrees><LongitudeDegrees>4.292398</LongitudeDegrees></Position><AltitudeMeters>75.7</AltitudeMeters><Extensions><TPX xmlns="http://www.garmin.com/xmlschemas/ActivityExtension/v2"><Speed>1.5</Speed></TPX></Extensions></Trackpoint><Trackpoint><Time>2026-03-20T12:17:45+00:00</Time><DistanceMeters>4436.4</DistanceMeters><Position><LatitudeDegrees>50.855464</LatitudeDegrees><LongitudeDegrees>4.292396</LongitudeDegrees></Position><AltitudeMeters>75.7</AltitudeMeters><Extensions><TPX xmlns="http://www.garmin.com/xmlschemas/ActivityExtension/v2"><Speed>1.5</Speed></TPX></Extensions></Trackpoint><Trackpoint><Time>2026-03-20T12:17:46+00:00</Time><DistanceMeters>4436.4</DistanceMeters><Position><LatitudeDegrees>50.855468</LatitudeDegrees><LongitudeDegrees>4.292394</LongitudeDegrees></Position><AltitudeMeters>75.7</AltitudeMeters><Extensions><TPX xmlns="http://www.garmin.com/xmlschemas/ActivityExtension/v2"><Speed>0.78</Speed></TPX></Extensions></Trackpoint><Trackpoint><Time>2026-03-20T12:17:47+00:00</Time><DistanceMeters>4439.6</DistanceMeters><Position><LatitudeDegrees>50.855473</LatitudeDegrees><LongitudeDegrees>4.292395</LongitudeDegrees></Position><AltitudeMeters>75.8</AltitudeMeters><Extensions><TPX xmlns="http://www.garmin.com/xmlschemas/ActivityExtension/v2"><Speed>1.42</Speed></TPX></Extensions></Trackpoint><Trackpoint><Time>2026-03-20T12:17:48+00:00</Time><DistanceMeters>4439.6</DistanceMeters><Position><LatitudeDegrees>50.855483</LatitudeDegrees><LongitudeDegrees>4.29239</LongitudeDegrees></Position><AltitudeMeters>75.8</AltitudeMeters><Extensions><TPX xmlns="http://www.garmin.com/xmlschemas/ActivityExtension/v2"><Speed>0.64</Speed></TPX></Extensions></Trackpoint><Trackpoint><Time>2026-03-20T12:17:49+00:00</Time><DistanceMeters>4442.8</DistanceMeters><Position><LatitudeDegrees>50.855501</LatitudeDegrees><LongitudeDegrees>4.29238</LongitudeDegrees></Position><AltitudeMeters>75.8</AltitudeMeters><Extensions><TPX xmlns="http://www.garmin.com/xmlschemas/ActivityExtension/v2"><Speed>1.28</Speed></TPX></Extensions></Trackpoint><Trackpoint><Time>2026-03-20T12:17:50+00:00</Time><DistanceMeters>4445.2</DistanceMeters><Position><LatitudeDegrees>50.85553</LatitudeDegrees><LongitudeDegrees>4.292361</LongitudeDegrees></Position><AltitudeMeters>75.9</AltitudeMeters><Extensions><TPX xmlns="http://www.garmin.com/xmlschemas/ActivityExtension/v2"><Speed>1.75</Speed></TPX></Extensions></Trackpoint><Trackpoint><Time>2026-03-20T12:17:51+00:00</Time><DistanceMeters>4447.5</DistanceMeters><Position><LatitudeDegrees>50.855539</LatitudeDegrees><LongitudeDegrees>4.292354</LongitudeDegrees></Position><AltitudeMeters>75.9</AltitudeMeters><Extensions><TPX xmlns="http://www.garmin.com/xmlschemas/ActivityExtension/v2"><Speed>2.22</Speed></TPX></Extensions></Trackpoint><Trackpoint><Time>2026-03-20T12:17:52+00:00</Time><DistanceMeters>4449.9</DistanceMeters><Position><LatitudeDegrees>50.855567</LatitudeDegrees><LongitudeDegrees>4.29233</LongitudeDegrees></Position><AltitudeMeters>76.0</AltitudeMeters><Extensions><TPX xmlns="http://www.garmin.com/xmlschemas/ActivityExtension/v2"><Speed>2.05</Speed></TPX></Extensions></Trackpoint><Trackpoint><Time>2026-03-20T12:17:53+00:00</Time><DistanceMeters>4452.2</DistanceMeters><Position><LatitudeDegrees>50.855576</LatitudeDegrees><LongitudeDegrees>4.292322</LongitudeDegrees></Position><AltitudeMeters>76.0</AltitudeMeters><Extensions><TPX xmlns="http://www.garmin.com/xmlschemas/ActivityExtension/v2"><Speed>2.52</Speed></TPX></Extensions></Trackpoint><Trackpoint><Time>2026-03-20T12:17:54+00:00</Time><DistanceMeters>4452.2</DistanceMeters><Position><LatitudeDegrees>50.855596</LatitudeDegrees><LongitudeDegrees>4.292314</LongitudeDegrees></Position><AltitudeMeters>76.1</AltitudeMeters><Extensions><TPX xmlns="http://www.garmin.com/xmlschemas/ActivityExtension/v2"><Speed>1.88</Speed></TPX></Extensions></Trackpoint><Trackpoint><Time>2026-03-20T12:17:55+00:00</Time><DistanceMeters>4455.7</DistanceMeters><Position><LatitudeDegrees>50.855606</LatitudeDegrees><LongitudeDegrees>4.292307</LongitudeDegrees></Position><AltitudeMeters>76.1</AltitudeMeters><Extensions><TPX xmlns="http://www.garmin.com/xmlschemas/ActivityExtension/v2"><Speed>2.11</Speed></TPX></Extensions></Trackpoint><Trackpoint><Time>2026-03-20T12:17:56+00:00</Time><DistanceMeters>4455.7</DistanceMeters><Position><LatitudeDegrees>50.855623</LatitudeDegrees><LongitudeDegrees>4.292294</LongitudeDegrees></Position><AltitudeMeters>76.2</AltitudeMeters><Extensions><TPX xmlns="http://www.garmin.com/xmlschemas/ActivityExtension/v2"><Speed>1.64</Speed></TPX></Extensions></Trackpoint><Trackpoint><Time>2026-03-20T12:17:58+00:00</Time><DistanceMeters>4460.4</DistanceMeters><Position><LatitudeDegrees>50.855643</LatitudeDegrees><LongitudeDegrees>4.292275</LongitudeDegrees></Position><AltitudeMeters>76.2</AltitudeMeters><Extensions><TPX xmlns="http://www.garmin.com/xmlschemas/ActivityExtension/v2"><Speed>1.64</Speed></TPX></Extensions></Trackpoint><Trackpoint><Time>2026-03-20T12:17:59+00:00</Time><DistanceMeters>4463.1</DistanceMeters><Position><LatitudeDegrees>50.855677</LatitudeDegrees><LongitudeDegrees>4.292245</LongitudeDegrees></Position><AltitudeMeters>76.3</AltitudeMeters><Extensions><TPX xmlns="http://www.garmin.com/xmlschemas/ActivityExtension/v2"><Speed>2.18</Speed></TPX></Extensions></Trackpoint><Trackpoint><Time>2026-03-20T12:18:00+00:00</Time><DistanceMeters>4465.8</DistanceMeters><Position><LatitudeDegrees>50.855686</LatitudeDegrees><LongitudeDegrees>4.292237</LongitudeDegrees></Position><AltitudeMeters>76.3</AltitudeMeters><Extensions><TPX xmlns="http://www.garmin.com/xmlschemas/ActivityExtension/v2"><Speed>2.02</Speed></TPX></Extensions></Trackpoint><Trackpoint><Time>2026-03-20T12:18:01+00:00</Time><DistanceMeters>4468.3</DistanceMeters><Position><LatitudeDegrees>50.855716</LatitudeDegrees><LongitudeDegrees>4.292208</LongitudeDegrees></Position><AltitudeMeters>76.4</AltitudeMeters><Extensions><TPX xmlns="http://www.garmin.com/xmlschemas/ActivityExtension/v2"><Speed>2.52</Speed></TPX></Extensions></Trackpoint><Trackpoint><Time>2026-03-20T12:18:02+00:00</Time><DistanceMeters>4470.8</DistanceMeters><Position><LatitudeDegrees>50.855724</LatitudeDegrees><LongitudeDegrees>4.2922</LongitudeDegrees></Position><AltitudeMeters>76.5</AltitudeMeters><Extensions><TPX xmlns="http://www.garmin.com/xmlschemas/ActivityExtension/v2"><Speed>2.517</Speed></TPX></Extensions></Trackpoint><Trackpoint><Time>2026-03-20T12:18:03+00:00</Time><DistanceMeters>4473.2</DistanceMeters><Position><LatitudeDegrees>50.85575</LatitudeDegrees><LongitudeDegrees>4.292172</LongitudeDegrees></Position><AltitudeMeters>76.5</AltitudeMeters><Extensions><TPX xmlns="http://www.garmin.com/xmlschemas/ActivityExtension/v2"><Speed>2.55</Speed></TPX></Extensions></Trackpoint><Trackpoint><Time>2026-03-20T12:18:04+00:00</Time><DistanceMeters>4475.5</DistanceMeters><Position><LatitudeDegrees>50.855759</LatitudeDegrees><LongitudeDegrees>4.292162</LongitudeDegrees></Position><AltitudeMeters>76.5</AltitudeMeters><Extensions><TPX xmlns="http://www.garmin.com/xmlschemas/ActivityExtension/v2"><Speed>2.48</Speed></TPX></Extensions></Trackpoint><Trackpoint><Time>2026-03-20T12:18:05+00:00</Time><DistanceMeters>4477.9</DistanceMeters><Position><LatitudeDegrees>50.855781</LatitudeDegrees><LongitudeDegrees>4.292125</LongitudeDegrees></Position><AltitudeMeters>76.5</AltitudeMeters><Extensions><TPX xmlns="http://www.garmin.com/xmlschemas/ActivityExtension/v2"><Speed>2.42</Speed></TPX></Extensions></Trackpoint><Trackpoint><Time>2026-03-20T12:18:06+00:00</Time><DistanceMeters>4480.3</DistanceMeters><Position><LatitudeDegrees>50.855786</LatitudeDegrees><LongitudeDegrees>4.292109</LongitudeDegrees></Position><AltitudeMeters>76.5</AltitudeMeters><Extensions><TPX xmlns="http://www.garmin.com/xmlschemas/ActivityExtension/v2"><Speed>2.4</Speed></TPX></Extensions></Trackpoint><Trackpoint><Time>2026-03-20T12:18:07+00:00</Time><DistanceMeters>4483.4</DistanceMeters><Position><LatitudeDegrees>50.855789</LatitudeDegrees><LongitudeDegrees>4.292065</LongitudeDegrees></Position><AltitudeMeters>76.6</AltitudeMeters><Extensions><TPX xmlns="http://www.garmin.com/xmlschemas/ActivityExtension/v2"><Speed>2.52</Speed></TPX></Extensions></Trackpoint><Trackpoint><Time>2026-03-20T12:18:08+00:00</Time><DistanceMeters>4486.6</DistanceMeters><Position><LatitudeDegrees>50.85579</LatitudeDegrees><LongitudeDegrees>4.29202</LongitudeDegrees></Position><AltitudeMeters>76.6</AltitudeMeters><Extensions><TPX xmlns="http://www.garmin.com/xmlschemas/ActivityExtension/v2"><Speed>2.69</Speed></TPX></Extensions></Trackpoint><Trackpoint><Time>2026-03-20T12:18:09+00:00</Time><DistanceMeters>4489.3</DistanceMeters><Position><LatitudeDegrees>50.855803</LatitudeDegrees><LongitudeDegrees>4.291966</LongitudeDegrees></Position><AltitudeMeters>76.6</AltitudeMeters><Extensions><TPX xmlns="http://www.garmin.com/xmlschemas/ActivityExtension/v2"><Speed>2.76</Speed></TPX></Extensions></Trackpoint><Trackpoint><Time>2026-03-20T12:18:10+00:00</Time><DistanceMeters>4492.0</DistanceMeters><Position><LatitudeDegrees>50.855805</LatitudeDegrees><LongitudeDegrees>4.291946</LongitudeDegrees></Position><AltitudeMeters>76.6</AltitudeMeters><Extensions><TPX xmlns="http://www.garmin.com/xmlschemas/ActivityExtension/v2"><Speed>2.82</Speed></TPX></Extensions></Trackpoint><Trackpoint><Time>2026-03-20T12:18:11+00:00</Time><DistanceMeters>4503.6</DistanceMeters><Position><LatitudeDegrees>50.855888</LatitudeDegrees><LongitudeDegrees>4.292047</LongitudeDegrees></Position><AltitudeMeters>76.8</AltitudeMeters><Extensions><TPX xmlns="http://www.garmin.com/xmlschemas/ActivityExtension/v2"><Speed>4.66</Speed></TPX></Extensions></Trackpoint><Trackpoint><Time>2026-03-20T12:18:12+00:00</Time><DistanceMeters>4506.2</DistanceMeters><Position><LatitudeDegrees>50.855922</LatitudeDegrees><LongitudeDegrees>4.29204</LongitudeDegrees></Position><AltitudeMeters>76.8</AltitudeMeters><Extensions><TPX xmlns="http://www.garmin.com/xmlschemas/ActivityExtension/v2"><Speed>4.55</Speed></TPX></Extensions></Trackpoint><Trackpoint><Time>2026-03-20T12:18:13+00:00</Time><DistanceMeters>4508.7</DistanceMeters><Position><LatitudeDegrees>50.855933</LatitudeDegrees><LongitudeDegrees>4.292037</LongitudeDegrees></Position><AltitudeMeters>76.8</AltitudeMeters><Extensions><TPX xmlns="http://www.garmin.com/xmlschemas/ActivityExtension/v2"><Speed>4.42</Speed></TPX></Extensions></Trackpoint><Trackpoint><Time>2026-03-20T12:18:14+00:00</Time><DistanceMeters>4511.1</DistanceMeters><Position><LatitudeDegrees>50.855966</LatitudeDegrees><LongitudeDegrees>4.292026</LongitudeDegrees></Position><AltitudeMeters>76.8</AltitudeMeters><Extensions><TPX xmlns="http://www.garmin.com/xmlschemas/ActivityExtension/v2"><Speed>4.36</Speed></TPX></Extensions></Trackpoint><Trackpoint><Time>2026-03-20T12:18:15+00:00</Time><DistanceMeters>4513.5</DistanceMeters><Position><LatitudeDegrees>50.855975</LatitudeDegrees><LongitudeDegrees>4.292021</LongitudeDegrees></Position><AltitudeMeters>76.8</AltitudeMeters><Extensions><TPX xmlns="http://www.garmin.com/xmlschemas/ActivityExtension/v2"><Speed>4.3</Speed></TPX></Extensions></Trackpoint><Trackpoint><Time>2026-03-20T12:18:16+00:00</Time><DistanceMeters>4513.5</DistanceMeters><Position><LatitudeDegrees>50.855991</LatitudeDegrees><LongitudeDegrees>4.29201</LongitudeDegrees></Position><AltitudeMeters>76.8</AltitudeMeters><Extensions><TPX xmlns="http://www.garmin.com/xmlschemas/ActivityExtension/v2"><Speed>1.98</Speed></TPX></Extensions></Trackpoint><Trackpoint><Time>2026-03-20T12:18:17+00:00</Time><DistanceMeters>4517.3</DistanceMeters><Position><LatitudeDegrees>50.856006</LatitudeDegrees><LongitudeDegrees>4.292</LongitudeDegrees></Position><AltitudeMeters>76.8</AltitudeMeters><Extensions><TPX xmlns="http://www.garmin.com/xmlschemas/ActivityExtension/v2"><Speed>2.23</Speed></TPX></Extensions></Trackpoint><Trackpoint><Time>2026-03-20T12:18:18+00:00</Time><DistanceMeters>4519.6</DistanceMeters><Position><LatitudeDegrees>50.856034</LatitudeDegrees><LongitudeDegrees>4.291981</LongitudeDegrees></Position><AltitudeMeters>76.9</AltitudeMeters><Extensions><TPX xmlns="http://www.garmin.com/xmlschemas/ActivityExtension/v2"><Speed>2.18</Speed></TPX></Extensions></Trackpoint><Trackpoint><Time>2026-03-20T12:18:19+00:00</Time><DistanceMeters>4521.9</DistanceMeters><Position><LatitudeDegrees>50.856045</LatitudeDegrees><LongitudeDegrees>4.291973</LongitudeDegrees></Position><AltitudeMeters>76.9</AltitudeMeters><Extensions><TPX xmlns="http://www.garmin.com/xmlschemas/ActivityExtension/v2"><Speed>2.16</Speed></TPX></Extensions></Trackpoint><Trackpoint><Time>2026-03-20T12:18:20+00:00</Time><DistanceMeters>4521.9</DistanceMeters><Position><LatitudeDegrees>50.856058</LatitudeDegrees><LongitudeDegrees>4.291963</LongitudeDegrees></Position><AltitudeMeters>76.9</AltitudeMeters><Extensions><TPX xmlns="http://www.garmin.com/xmlschemas/ActivityExtension/v2"><Speed>1.68</Speed></TPX></Extensions></Trackpoint><Trackpoint><Time>2026-03-20T12:18:21+00:00</Time><DistanceMeters>4525.8</DistanceMeters><Position><LatitudeDegrees>50.856075</LatitudeDegrees><LongitudeDegrees>4.291948</LongitudeDegrees></Position><AltitudeMeters>76.9</AltitudeMeters><Extensions><TPX xmlns="http://www.garmin.com/xmlschemas/ActivityExtension/v2"><Speed>2.46</Speed></TPX></Extensions></Trackpoint><Trackpoint><Time>2026-03-20T12:18:22+00:00</Time><DistanceMeters>4528.1</DistanceMeters><Position><LatitudeDegrees>50.856103</LatitudeDegrees><LongitudeDegrees>4.291924</LongitudeDegrees></Position><AltitudeMeters>76.9</AltitudeMeters><Extensions><TPX xmlns="http://www.garmin.com/xmlschemas/ActivityExtension/v2"><Speed>2.15</Speed></TPX></Extensions></Trackpoint><Trackpoint><Time>2026-03-20T12:18:23+00:00</Time><DistanceMeters>4530.3</DistanceMeters><Position><LatitudeDegrees>50.856111</LatitudeDegrees><LongitudeDegrees>4.291916</LongitudeDegrees></Position><AltitudeMeters>76.9</AltitudeMeters><Extensions><TPX xmlns="http://www.garmin.com/xmlschemas/ActivityExtension/v2"><Speed>2.14</Speed></TPX></Extensions></Trackpoint><Trackpoint><Time>2026-03-20T12:18:24+00:00</Time><DistanceMeters>4532.6</DistanceMeters><Position><LatitudeDegrees>50.856137</LatitudeDegrees><LongitudeDegrees>4.291892</LongitudeDegrees></Position><AltitudeMeters>76.9</AltitudeMeters><Extensions><TPX xmlns="http://www.garmin.com/xmlschemas/ActivityExtension/v2"><Speed>2.13</Speed></TPX></Extensions></Trackpoint><Trackpoint><Time>2026-03-20T12:18:25+00:00</Time><DistanceMeters>4534.8</DistanceMeters><Position><LatitudeDegrees>50.856145</LatitudeDegrees><LongitudeDegrees>4.291883</LongitudeDegrees></Position><AltitudeMeters>76.9</AltitudeMeters><Extensions><TPX xmlns="http://www.garmin.com/xmlschemas/ActivityExtension/v2"><Speed>2.58</Speed></TPX></Extensions></Trackpoint><Trackpoint><Time>2026-03-20T12:18:26+00:00</Time><DistanceMeters>4534.8</DistanceMeters><Position><LatitudeDegrees>50.85616</LatitudeDegrees><LongitudeDegrees>4.291866</LongitudeDegrees></Position><AltitudeMeters>76.9</AltitudeMeters><Extensions><TPX xmlns="http://www.garmin.com/xmlschemas/ActivityExtension/v2"><Speed>1.8</Speed></TPX></Extensions></Trackpoint><Trackpoint><Time>2026-03-20T12:18:27+00:00</Time><DistanceMeters>4538.7</DistanceMeters><Position><LatitudeDegrees>50.856175</LatitudeDegrees><LongitudeDegrees>4.291853</LongitudeDegrees></Position><AltitudeMeters>76.9</AltitudeMeters><Extensions><TPX xmlns="http://www.garmin.com/xmlschemas/ActivityExtension/v2"><Speed>2.13</Speed></TPX></Extensions></Trackpoint><Trackpoint><Time>2026-03-20T12:18:28+00:00</Time><DistanceMeters>4541.0</DistanceMeters><Position><LatitudeDegrees>50.856204</LatitudeDegrees><LongitudeDegrees>4.291832</LongitudeDegrees></Position><AltitudeMeters>76.9</AltitudeMeters><Extensions><TPX xmlns="http://www.garmin.com/xmlschemas/ActivityExtension/v2"><Speed>2.15</Speed></TPX></Extensions></Trackpoint><Trackpoint><Time>2026-03-20T12:18:29+00:00</Time><DistanceMeters>4543.4</DistanceMeters><Position><LatitudeDegrees>50.856213</LatitudeDegrees><LongitudeDegrees>4.291825</LongitudeDegrees></Position><AltitudeMeters>76.9</AltitudeMeters><Extensions><TPX xmlns="http://www.garmin.com/xmlschemas/ActivityExtension/v2"><Speed>2.17</Speed></TPX></Extensions></Trackpoint><Trackpoint><Time>2026-03-20T12:18:30+00:00</Time><DistanceMeters>4545.7</DistanceMeters><Position><LatitudeDegrees>50.856241</LatitudeDegrees><LongitudeDegrees>4.291802</LongitudeDegrees></Position><AltitudeMeters>76.9</AltitudeMeters><Extensions><TPX xmlns="http://www.garmin.com/xmlschemas/ActivityExtension/v2"><Speed>2.18</Speed></TPX></Extensions></Trackpoint><Trackpoint><Time>2026-03-20T12:18:31+00:00</Time><DistanceMeters>4548.0</DistanceMeters><Position><LatitudeDegrees>50.85625</LatitudeDegrees><LongitudeDegrees>4.291794</LongitudeDegrees></Position><AltitudeMeters>76.9</AltitudeMeters><Extensions><TPX xmlns="http://www.garmin.com/xmlschemas/ActivityExtension/v2"><Speed>2.64</Speed></TPX></Extensions></Trackpoint><Trackpoint><Time>2026-03-20T12:18:32+00:00</Time><DistanceMeters>4550.4</DistanceMeters><Position><LatitudeDegrees>50.856279</LatitudeDegrees><LongitudeDegrees>4.291771</LongitudeDegrees></Position><AltitudeMeters>76.9</AltitudeMeters><Extensions><TPX xmlns="http://www.garmin.com/xmlschemas/ActivityExtension/v2"><Speed>2.34</Speed></TPX></Extensions></Trackpoint><Trackpoint><Time>2026-03-20T12:18:33+00:00</Time><DistanceMeters>4552.8</DistanceMeters><Position><LatitudeDegrees>50.856288</LatitudeDegrees><LongitudeDegrees>4.291763</LongitudeDegrees></Position><AltitudeMeters>76.9</AltitudeMeters><Extensions><TPX xmlns="http://www.garmin.com/xmlschemas/ActivityExtension/v2"><Speed>2.35</Speed></TPX></Extensions></Trackpoint><Trackpoint><Time>2026-03-20T12:18:34+00:00</Time><DistanceMeters>4555.1</DistanceMeters><Position><LatitudeDegrees>50.856314</LatitudeDegrees><LongitudeDegrees>4.29174</LongitudeDegrees></Position><AltitudeMeters>76.9</AltitudeMeters><Extensions><TPX xmlns="http://www.garmin.com/xmlschemas/ActivityExtension/v2"><Speed>2.33</Speed></TPX></Extensions></Trackpoint><Trackpoint><Time>2026-03-20T12:18:35+00:00</Time><DistanceMeters>4557.3</DistanceMeters><Position><LatitudeDegrees>50.856324</LatitudeDegrees><LongitudeDegrees>4.291731</LongitudeDegrees></Position><AltitudeMeters>76.9</AltitudeMeters><Extensions><TPX xmlns="http://www.garmin.com/xmlschemas/ActivityExtension/v2"><Speed>2.32</Speed></TPX></Extensions></Trackpoint><Trackpoint><Time>2026-03-20T12:18:36+00:00</Time><DistanceMeters>4560.0</DistanceMeters><Position><LatitudeDegrees>50.856357</LatitudeDegrees><LongitudeDegrees>4.291706</LongitudeDegrees></Position><AltitudeMeters>76.8</AltitudeMeters><Extensions><TPX xmlns="http://www.garmin.com/xmlschemas/ActivityExtension/v2"><Speed>2.4</Speed></TPX></Extensions></Trackpoint><Trackpoint><Time>2026-03-20T12:18:37+00:00</Time><DistanceMeters>4562.7</DistanceMeters><Position><LatitudeDegrees>50.856368</LatitudeDegrees><LongitudeDegrees>4.291698</LongitudeDegrees></Position><AltitudeMeters>76.8</AltitudeMeters><Extensions><TPX xmlns="http://www.garmin.com/xmlschemas/ActivityExtension/v2"><Speed>2.46</Speed></TPX></Extensions></Trackpoint><Trackpoint><Time>2026-03-20T12:18:38+00:00</Time><DistanceMeters>4564.8</DistanceMeters><Position><LatitudeDegrees>50.856393</LatitudeDegrees><LongitudeDegrees>4.29168</LongitudeDegrees></Position><AltitudeMeters>76.8</AltitudeMeters><Extensions><TPX xmlns="http://www.garmin.com/xmlschemas/ActivityExtension/v2"><Speed>2.4</Speed></TPX></Extensions></Trackpoint><Trackpoint><Time>2026-03-20T12:18:39+00:00</Time><DistanceMeters>4566.9</DistanceMeters><Position><LatitudeDegrees>50.856401</LatitudeDegrees><LongitudeDegrees>4.291672</LongitudeDegrees></Position><AltitudeMeters>76.8</AltitudeMeters><Extensions><TPX xmlns="http://www.garmin.com/xmlschemas/ActivityExtension/v2"><Speed>2.37</Speed></TPX></Extensions></Trackpoint><Trackpoint><Time>2026-03-20T12:18:40+00:00</Time><DistanceMeters>4566.9</DistanceMeters><Position><LatitudeDegrees>50.856417</LatitudeDegrees><LongitudeDegrees>4.291658</LongitudeDegrees></Position><AltitudeMeters>76.8</AltitudeMeters><Extensions><TPX xmlns="http://www.garmin.com/xmlschemas/ActivityExtension/v2"><Speed>1.92</Speed></TPX></Extensions></Trackpoint><Trackpoint><Time>2026-03-20T12:18:41+00:00</Time><DistanceMeters>4566.9</DistanceMeters><Position><LatitudeDegrees>50.856425</LatitudeDegrees><LongitudeDegrees>4.291652</LongitudeDegrees></Position><AltitudeMeters>76.8</AltitudeMeters><Extensions><TPX xmlns="http://www.garmin.com/xmlschemas/ActivityExtension/v2"><Speed>1.38</Speed></TPX></Extensions></Trackpoint><Trackpoint><Time>2026-03-20T12:18:42+00:00</Time><DistanceMeters>4570.9</DistanceMeters><Position><LatitudeDegrees>50.856433</LatitudeDegrees><LongitudeDegrees>4.291645</LongitudeDegrees></Position><AltitudeMeters>76.8</AltitudeMeters><Extensions><TPX xmlns="http://www.garmin.com/xmlschemas/ActivityExtension/v2"><Speed>1.64</Speed></TPX></Extensions></Trackpoint><Trackpoint><Time>2026-03-20T12:18:43+00:00</Time><DistanceMeters>4573.0</DistanceMeters><Position><LatitudeDegrees>50.856458</LatitudeDegrees><LongitudeDegrees>4.291623</LongitudeDegrees></Position><AltitudeMeters>76.8</AltitudeMeters><Extensions><TPX xmlns="http://www.garmin.com/xmlschemas/ActivityExtension/v2"><Speed>1.63</Speed></TPX></Extensions></Trackpoint><Trackpoint><Time>2026-03-20T12:18:44+00:00</Time><DistanceMeters>4575.0</DistanceMeters><Position><LatitudeDegrees>50.856466</LatitudeDegrees><LongitudeDegrees>4.291616</LongitudeDegrees></Position><AltitudeMeters>76.8</AltitudeMeters><Extensions><TPX xmlns="http://www.garmin.com/xmlschemas/ActivityExtension/v2"><Speed>1.62</Speed></TPX></Extensions></Trackpoint><Trackpoint><Time>2026-03-20T12:18:45+00:00</Time><DistanceMeters>4575.0</DistanceMeters><Position><LatitudeDegrees>50.856481</LatitudeDegrees><LongitudeDegrees>4.291601</LongitudeDegrees></Position><AltitudeMeters>76.8</AltitudeMeters><Extensions><TPX xmlns="http://www.garmin.com/xmlschemas/ActivityExtension/v2"><Speed>1.62</Speed></TPX></Extensions></Trackpoint><Trackpoint><Time>2026-03-20T12:18:46+00:00</Time><DistanceMeters>4578.8</DistanceMeters><Position><LatitudeDegrees>50.856494</LatitudeDegrees><LongitudeDegrees>4.291587</LongitudeDegrees></Position><AltitudeMeters>76.8</AltitudeMeters><Extensions><TPX xmlns="http://www.garmin.com/xmlschemas/ActivityExtension/v2"><Speed>2.38</Speed></TPX></Extensions></Trackpoint><Trackpoint><Time>2026-03-20T12:18:47+00:00</Time><DistanceMeters>4578.8</DistanceMeters><Position><LatitudeDegrees>50.856506</LatitudeDegrees><LongitudeDegrees>4.291568</LongitudeDegrees></Position><AltitudeMeters>76.8</AltitudeMeters><Extensions><TPX xmlns="http://www.garmin.com/xmlschemas/ActivityExtension/v2"><Speed>1.58</Speed></TPX></Extensions></Trackpoint><Trackpoint><Time>2026-03-20T12:18:48+00:00</Time><DistanceMeters>4582.6</DistanceMeters><Position><LatitudeDegrees>50.856519</LatitudeDegrees><LongitudeDegrees>4.29155</LongitudeDegrees></Position><AltitudeMeters>76.8</AltitudeMeters><Extensions><TPX xmlns="http://www.garmin.com/xmlschemas/ActivityExtension/v2"><Speed>1.93</Speed></TPX></Extensions></Trackpoint><Trackpoint><Time>2026-03-20T12:18:49+00:00</Time><DistanceMeters>4584.7</DistanceMeters><Position><LatitudeDegrees>50.856543</LatitudeDegrees><LongitudeDegrees>4.291525</LongitudeDegrees></Position><AltitudeMeters>76.7</AltitudeMeters><Extensions><TPX xmlns="http://www.garmin.com/xmlschemas/ActivityExtension/v2"><Speed>1.94</Speed></TPX></Extensions></Trackpoint><Trackpoint><Time>2026-03-20T12:18:50+00:00</Time><DistanceMeters>4586.8</DistanceMeters><Position><LatitudeDegrees>50.856551</LatitudeDegrees><LongitudeDegrees>4.291517</LongitudeDegrees></Position><AltitudeMeters>76.7</AltitudeMeters><Extensions><TPX xmlns="http://www.garmin.com/xmlschemas/ActivityExtension/v2"><Speed>2.36</Speed></TPX></Extensions></Trackpoint><Trackpoint><Time>2026-03-20T12:18:51+00:00</Time><DistanceMeters>4586.8</DistanceMeters><Position><LatitudeDegrees>50.856568</LatitudeDegrees><LongitudeDegrees>4.291504</LongitudeDegrees></Position><AltitudeMeters>76.7</AltitudeMeters><Extensions><TPX xmlns="http://www.garmin.com/xmlschemas/ActivityExtension/v2"><Speed>1.6</Speed></TPX></Extensions></Trackpoint><Trackpoint><Time>2026-03-20T12:18:52+00:00</Time><DistanceMeters>4590.0</DistanceMeters><Position><LatitudeDegrees>50.856576</LatitudeDegrees><LongitudeDegrees>4.291498</LongitudeDegrees></Position><AltitudeMeters>76.7</AltitudeMeters><Extensions><TPX xmlns="http://www.garmin.com/xmlschemas/ActivityExtension/v2"><Speed>2.24</Speed></TPX></Extensions></Trackpoint><Trackpoint><Time>2026-03-20T12:18:53+00:00</Time><DistanceMeters>4591.2</DistanceMeters><Position><LatitudeDegrees>50.856581</LatitudeDegrees><LongitudeDegrees>4.291476</LongitudeDegrees></Position><AltitudeMeters>76.7</AltitudeMeters><Extensions><TPX xmlns="http://www.garmin.com/xmlschemas/ActivityExtension/v2"><Speed>1.725</Speed></TPX></Extensions></Trackpoint><Trackpoint><Time>2026-03-20T12:18:54+00:00</Time><DistanceMeters>4592.5</DistanceMeters><Position><LatitudeDegrees>50.856581</LatitudeDegrees><LongitudeDegrees>4.29146</LongitudeDegrees></Position><AltitudeMeters>76.7</AltitudeMeters><Extensions><TPX xmlns="http://www.garmin.com/xmlschemas/ActivityExtension/v2"><Speed>1.55</Speed></TPX></Extensions></Trackpoint><Trackpoint><Time>2026-03-20T12:18:55+00:00</Time><DistanceMeters>4593.7</DistanceMeters><Position><LatitudeDegrees>50.85658</LatitudeDegrees><LongitudeDegrees>4.291445</LongitudeDegrees></Position><AltitudeMeters>76.7</AltitudeMeters><Extensions><TPX xmlns="http://www.garmin.com/xmlschemas/ActivityExtension/v2"><Speed>1.375</Speed></TPX></Extensions></Trackpoint><Trackpoint><Time>2026-03-20T12:18:56+00:00</Time><DistanceMeters>4594.9</DistanceMeters><Position><LatitudeDegrees>50.85658</LatitudeDegrees><LongitudeDegrees>4.291429</LongitudeDegrees></Position><AltitudeMeters>76.7</AltitudeMeters><Extensions><TPX xmlns="http://www.garmin.com/xmlschemas/ActivityExtension/v2"><Speed>1.62</Speed></TPX></Extensions></Trackpoint><Trackpoint><Time>2026-03-20T12:18:57+00:00</Time><DistanceMeters>4597.4</DistanceMeters><Position><LatitudeDegrees>50.856565</LatitudeDegrees><LongitudeDegrees>4.291382</LongitudeDegrees></Position><AltitudeMeters>76.7</AltitudeMeters><Extensions><TPX xmlns="http://www.garmin.com/xmlschemas/ActivityExtension/v2"><Speed>1.48</Speed></TPX></Extensions></Trackpoint><Trackpoint><Time>2026-03-20T12:18:58+00:00</Time><DistanceMeters>4599.9</DistanceMeters><Position><LatitudeDegrees>50.856556</LatitudeDegrees><LongitudeDegrees>4.291368</LongitudeDegrees></Position><AltitudeMeters>76.7</AltitudeMeters><Extensions><TPX xmlns="http://www.garmin.com/xmlschemas/ActivityExtension/v2"><Speed>1.735</Speed></TPX></Extensions></Trackpoint><Trackpoint><Time>2026-03-20T12:18:59+00:00</Time><DistanceMeters>4602.2</DistanceMeters><Position><LatitudeDegrees>50.856538</LatitudeDegrees><LongitudeDegrees>4.291327</LongitudeDegrees></Position><AltitudeMeters>76.7</AltitudeMeters><Extensions><TPX xmlns="http://www.garmin.com/xmlschemas/ActivityExtension/v2"><Speed>1.95</Speed></TPX></Extensions></Trackpoint><Trackpoint><Time>2026-03-20T12:19:00+00:00</Time><DistanceMeters>4604.5</DistanceMeters><Position><LatitudeDegrees>50.856532</LatitudeDegrees><LongitudeDegrees>4.291315</LongitudeDegrees></Position><AltitudeMeters>76.7</AltitudeMeters><Extensions><TPX xmlns="http://www.garmin.com/xmlschemas/ActivityExtension/v2"><Speed>2.165</Speed></TPX></Extensions></Trackpoint><Trackpoint><Time>2026-03-20T12:19:01+00:00</Time><DistanceMeters>4607.1</DistanceMeters><Position><LatitudeDegrees>50.856501</LatitudeDegrees><LongitudeDegrees>4.291296</LongitudeDegrees></Position><AltitudeMeters>76.7</AltitudeMeters><Extensions><TPX xmlns="http://www.garmin.com/xmlschemas/ActivityExtension/v2"><Speed>2.44</Speed></TPX></Extensions></Trackpoint><Trackpoint><Time>2026-03-20T12:19:02+00:00</Time><DistanceMeters>4609.7</DistanceMeters><Position><LatitudeDegrees>50.856485</LatitudeDegrees><LongitudeDegrees>4.291304</LongitudeDegrees></Position><AltitudeMeters>76.7</AltitudeMeters><Extensions><TPX xmlns="http://www.garmin.com/xmlschemas/ActivityExtension/v2"><Speed>2.46</Speed></TPX></Extensions></Trackpoint><Trackpoint><Time>2026-03-20T12:19:03+00:00</Time><DistanceMeters>4611.9</DistanceMeters><Position><LatitudeDegrees>50.856461</LatitudeDegrees><LongitudeDegrees>4.291282</LongitudeDegrees></Position><AltitudeMeters>76.7</AltitudeMeters><Extensions><TPX xmlns="http://www.garmin.com/xmlschemas/ActivityExtension/v2"><Speed>2.39</Speed></TPX></Extensions></Trackpoint><Trackpoint><Time>2026-03-20T12:19:04+00:00</Time><DistanceMeters>4614.0</DistanceMeters><Position><LatitudeDegrees>50.856452</LatitudeDegrees><LongitudeDegrees>4.291275</LongitudeDegrees></Position><AltitudeMeters>76.7</AltitudeMeters><Extensions><TPX xmlns="http://www.garmin.com/xmlschemas/ActivityExtension/v2"><Speed>2.36</Speed></TPX></Extensions></Trackpoint><Trackpoint><Time>2026-03-20T12:19:05+00:00</Time><DistanceMeters>4616.3</DistanceMeters><Position><LatitudeDegrees>50.856424</LatitudeDegrees><LongitudeDegrees>4.291255</LongitudeDegrees></Position><AltitudeMeters>76.7</AltitudeMeters><Extensions><TPX xmlns="http://www.garmin.com/xmlschemas/ActivityExtension/v2"><Speed>2.36</Speed></TPX></Extensions></Trackpoint><Trackpoint><Time>2026-03-20T12:19:06+00:00</Time><DistanceMeters>4618.6</DistanceMeters><Position><LatitudeDegrees>50.856415</LatitudeDegrees><LongitudeDegrees>4.291246</LongitudeDegrees></Position><AltitudeMeters>76.7</AltitudeMeters><Extensions><TPX xmlns="http://www.garmin.com/xmlschemas/ActivityExtension/v2"><Speed>2.3</Speed></TPX></Extensions></Trackpoint><Trackpoint><Time>2026-03-20T12:19:07+00:00</Time><DistanceMeters>4624.3</DistanceMeters><Position><LatitudeDegrees>50.856375</LatitudeDegrees><LongitudeDegrees>4.291298</LongitudeDegrees></Position><AltitudeMeters>76.6</AltitudeMeters><Extensions><TPX xmlns="http://www.garmin.com/xmlschemas/ActivityExtension/v2"><Speed>2.92</Speed></TPX></Extensions></Trackpoint><Trackpoint><Time>2026-03-20T12:19:08+00:00</Time><DistanceMeters>4627.4</DistanceMeters><Position><LatitudeDegrees>50.85635</LatitudeDegrees><LongitudeDegrees>4.291314</LongitudeDegrees></Position><AltitudeMeters>76.6</AltitudeMeters><Extensions><TPX xmlns="http://www.garmin.com/xmlschemas/ActivityExtension/v2"><Speed>3.11</Speed></TPX></Extensions></Trackpoint><Trackpoint><Time>2026-03-20T12:19:09+00:00</Time><DistanceMeters>4629.7</DistanceMeters><Position><LatitudeDegrees>50.856318</LatitudeDegrees><LongitudeDegrees>4.291323</LongitudeDegrees></Position><AltitudeMeters>76.6</AltitudeMeters><Extensions><TPX xmlns="http://www.garmin.com/xmlschemas/ActivityExtension/v2"><Speed>3.14</Speed></TPX></Extensions></Trackpoint><Trackpoint><Time>2026-03-20T12:19:10+00:00</Time><DistanceMeters>4632.0</DistanceMeters><Position><LatitudeDegrees>50.856309</LatitudeDegrees><LongitudeDegrees>4.291324</LongitudeDegrees></Position><AltitudeMeters>76.6</AltitudeMeters><Extensions><TPX xmlns="http://www.garmin.com/xmlschemas/ActivityExtension/v2"><Speed>3.14</Speed></TPX></Extensions></Trackpoint><Trackpoint><Time>2026-03-20T12:19:11+00:00</Time><DistanceMeters>4634.1</DistanceMeters><Position><LatitudeDegrees>50.856281</LatitudeDegrees><LongitudeDegrees>4.291317</LongitudeDegrees></Position><AltitudeMeters>76.6</AltitudeMeters><Extensions><TPX xmlns="http://www.garmin.com/xmlschemas/ActivityExtension/v2"><Speed>3.09</Speed></TPX></Extensions></Trackpoint><Trackpoint><Time>2026-03-20T12:19:12+00:00</Time><DistanceMeters>4636.1</DistanceMeters><Position><LatitudeDegrees>50.856273</LatitudeDegrees><LongitudeDegrees>4.291311</LongitudeDegrees></Position><AltitudeMeters>76.6</AltitudeMeters><Extensions><TPX xmlns="http://www.garmin.com/xmlschemas/ActivityExtension/v2"><Speed>2.36</Speed></TPX></Extensions></Trackpoint><Trackpoint><Time>2026-03-20T12:19:13+00:00</Time><DistanceMeters>4638.7</DistanceMeters><Position><LatitudeDegrees>50.856262</LatitudeDegrees><LongitudeDegrees>4.291262</LongitudeDegrees></Position><AltitudeMeters>76.6</AltitudeMeters><Extensions><TPX xmlns="http://www.garmin.com/xmlschemas/ActivityExtension/v2"><Speed>2.26</Speed></TPX></Extensions></Trackpoint><Trackpoint><Time>2026-03-20T12:19:14+00:00</Time><DistanceMeters>4641.3</DistanceMeters><Position><LatitudeDegrees>50.856261</LatitudeDegrees><LongitudeDegrees>4.29124</LongitudeDegrees></Position><AltitudeMeters>76.6</AltitudeMeters><Extensions><TPX xmlns="http://www.garmin.com/xmlschemas/ActivityExtension/v2"><Speed>2.32</Speed></TPX></Extensions></Trackpoint><Trackpoint><Time>2026-03-20T12:19:15+00:00</Time><DistanceMeters>4645.1</DistanceMeters><Position><LatitudeDegrees>50.856263</LatitudeDegrees><LongitudeDegrees>4.291185</LongitudeDegrees></Position><AltitudeMeters>76.6</AltitudeMeters><Extensions><TPX xmlns="http://www.garmin.com/xmlschemas/ActivityExtension/v2"><Speed>2.62</Speed></TPX></Extensions></Trackpoint><Trackpoint><Time>2026-03-20T12:19:16+00:00</Time><DistanceMeters>4649.5</DistanceMeters><Position><LatitudeDegrees>50.856261</LatitudeDegrees><LongitudeDegrees>4.291124</LongitudeDegrees></Position><AltitudeMeters>76.6</AltitudeMeters><Extensions><TPX xmlns="http://www.garmin.com/xmlschemas/ActivityExtension/v2"><Speed>3.09</Speed></TPX></Extensions></Trackpoint><Trackpoint><Time>2026-03-20T12:19:17+00:00</Time><DistanceMeters>4651.6</DistanceMeters><Position><LatitudeDegrees>50.856247</LatitudeDegrees><LongitudeDegrees>4.29109</LongitudeDegrees></Position><AltitudeMeters>76.6</AltitudeMeters><Extensions><TPX xmlns="http://www.garmin.com/xmlschemas/ActivityExtension/v2"><Speed>3.1</Speed></TPX></Extensions></Trackpoint><Trackpoint><Time>2026-03-20T12:19:18+00:00</Time><DistanceMeters>4653.7</DistanceMeters><Position><LatitudeDegrees>50.856241</LatitudeDegrees><LongitudeDegrees>4.291073</LongitudeDegrees></Position><AltitudeMeters>76.6</AltitudeMeters><Extensions><TPX xmlns="http://www.garmin.com/xmlschemas/ActivityExtension/v2"><Speed>3.0</Speed></TPX></Extensions></Trackpoint><Trackpoint><Time>2026-03-20T12:19:19+00:00</Time><DistanceMeters>4656.4</DistanceMeters><Position><LatitudeDegrees>50.856217</LatitudeDegrees><LongitudeDegrees>4.291033</LongitudeDegrees></Position><AltitudeMeters>76.6</AltitudeMeters><Extensions><TPX xmlns="http://www.garmin.com/xmlschemas/ActivityExtension/v2"><Speed>3.01</Speed></TPX></Extensions></Trackpoint><Trackpoint><Time>2026-03-20T12:19:20+00:00</Time><DistanceMeters>4659.0</DistanceMeters><Position><LatitudeDegrees>50.856207</LatitudeDegrees><LongitudeDegrees>4.29102</LongitudeDegrees></Position><AltitudeMeters>76.6</AltitudeMeters><Extensions><TPX xmlns="http://www.garmin.com/xmlschemas/ActivityExtension/v2"><Speed>2.78</Speed></TPX></Extensions></Trackpoint><Trackpoint><Time>2026-03-20T12:19:21+00:00</Time><DistanceMeters>4661.8</DistanceMeters><Position><LatitudeDegrees>50.856189</LatitudeDegrees><LongitudeDegrees>4.290967</LongitudeDegrees></Position><AltitudeMeters>76.5</AltitudeMeters><Extensions><TPX xmlns="http://www.garmin.com/xmlschemas/ActivityExtension/v2"><Speed>2.46</Speed></TPX></Extensions></Trackpoint><Trackpoint><Time>2026-03-20T12:19:22+00:00</Time><DistanceMeters>4664.6</DistanceMeters><Position><LatitudeDegrees>50.856184</LatitudeDegrees><LongitudeDegrees>4.290949</LongitudeDegrees></Position><AltitudeMeters>76.5</AltitudeMeters><Extensions><TPX xmlns="http://www.garmin.com/xmlschemas/ActivityExtension/v2"><Speed>2.6</Speed></TPX></Extensions></Trackpoint><Trackpoint><Time>2026-03-20T12:19:23+00:00</Time><DistanceMeters>4667.4</DistanceMeters><Position><LatitudeDegrees>50.856179</LatitudeDegrees><LongitudeDegrees>4.290889</LongitudeDegrees></Position><AltitudeMeters>76.5</AltitudeMeters><Extensions><TPX xmlns="http://www.garmin.com/xmlschemas/ActivityExtension/v2"><Speed>2.73</Speed></TPX></Extensions></Trackpoint><Trackpoint><Time>2026-03-20T12:19:24+00:00</Time><DistanceMeters>4670.1</DistanceMeters><Position><LatitudeDegrees>50.856177</LatitudeDegrees><LongitudeDegrees>4.290871</LongitudeDegrees></Position><AltitudeMeters>76.5</AltitudeMeters><Extensions><TPX xmlns="http://www.garmin.com/xmlschemas/ActivityExtension/v2"><Speed>2.75</Speed></TPX></Extensions></Trackpoint><Trackpoint><Time>2026-03-20T12:19:25+00:00</Time><DistanceMeters>4672.8</DistanceMeters><Position><LatitudeDegrees>50.856167</LatitudeDegrees><LongitudeDegrees>4.290816</LongitudeDegrees></Position><AltitudeMeters>76.5</AltitudeMeters><Extensions><TPX xmlns="http://www.garmin.com/xmlschemas/ActivityExtension/v2"><Speed>2.75</Speed></TPX></Extensions></Trackpoint><Trackpoint><Time>2026-03-20T12:19:26+00:00</Time><DistanceMeters>4675.4</DistanceMeters><Position><LatitudeDegrees>50.856163</LatitudeDegrees><LongitudeDegrees>4.2908</LongitudeDegrees></Position><AltitudeMeters>76.5</AltitudeMeters><Extensions><TPX xmlns="http://www.garmin.com/xmlschemas/ActivityExtension/v2"><Speed>2.72</Speed></TPX></Extensions></Trackpoint><Trackpoint><Time>2026-03-20T12:19:27+00:00</Time><DistanceMeters>4678.1</DistanceMeters><Position><LatitudeDegrees>50.856148</LatitudeDegrees><LongitudeDegrees>4.290745</LongitudeDegrees></Position><AltitudeMeters>76.5</AltitudeMeters><Extensions><TPX xmlns="http://www.garmin.com/xmlschemas/ActivityExtension/v2"><Speed>2.7</Speed></TPX></Extensions></Trackpoint><Trackpoint><Time>2026-03-20T12:19:28+00:00</Time><DistanceMeters>4680.8</DistanceMeters><Position><LatitudeDegrees>50.856144</LatitudeDegrees><LongitudeDegrees>4.290728</LongitudeDegrees></Position><AltitudeMeters>76.5</AltitudeMeters><Extensions><TPX xmlns="http://www.garmin.com/xmlschemas/ActivityExtension/v2"><Speed>2.69</Speed></TPX></Extensions></Trackpoint><Trackpoint><Time>2026-03-20T12:19:29+00:00</Time><DistanceMeters>4683.2</DistanceMeters><Position><LatitudeDegrees>50.856132</LatitudeDegrees><LongitudeDegrees>4.290681</LongitudeDegrees></Position><AltitudeMeters>76.5</AltitudeMeters><Extensions><TPX xmlns="http://www.garmin.com/xmlschemas/ActivityExtension/v2"><Speed>2.61</Speed></TPX></Extensions></Trackpoint><Trackpoint><Time>2026-03-20T12:19:30+00:00</Time><DistanceMeters>4685.5</DistanceMeters><Position><LatitudeDegrees>50.856128</LatitudeDegrees><LongitudeDegrees>4.290666</LongitudeDegrees></Position><AltitudeMeters>76.5</AltitudeMeters><Extensions><TPX xmlns="http://www.garmin.com/xmlschemas/ActivityExtension/v2"><Speed>2.55</Speed></TPX></Extensions></Trackpoint><Trackpoint><Time>2026-03-20T12:19:31+00:00</Time><DistanceMeters>4688.1</DistanceMeters><Position><LatitudeDegrees>50.856117</LatitudeDegrees><LongitudeDegrees>4.290613</LongitudeDegrees></Position><AltitudeMeters>76.5</AltitudeMeters><Extensions><TPX xmlns="http://www.garmin.com/xmlschemas/ActivityExtension/v2"><Speed>2.54</Speed></TPX></Extensions></Trackpoint><Trackpoint><Time>2026-03-20T12:19:32+00:00</Time><DistanceMeters>4690.7</DistanceMeters><Position><LatitudeDegrees>50.856113</LatitudeDegrees><LongitudeDegrees>4.290596</LongitudeDegrees></Position><AltitudeMeters>76.4</AltitudeMeters><Extensions><TPX xmlns="http://www.garmin.com/xmlschemas/ActivityExtension/v2"><Speed>2.52</Speed></TPX></Extensions></Trackpoint><Trackpoint><Time>2026-03-20T12:19:33+00:00</Time><DistanceMeters>4693.0</DistanceMeters><Position><LatitudeDegrees>50.856103</LatitudeDegrees><LongitudeDegrees>4.290547</LongitudeDegrees></Position><AltitudeMeters>76.4</AltitudeMeters><Extensions><TPX xmlns="http://www.garmin.com/xmlschemas/ActivityExtension/v2"><Speed>2.45</Speed></TPX></Extensions></Trackpoint><Trackpoint><Time>2026-03-20T12:19:34+00:00</Time><DistanceMeters>4695.4</DistanceMeters><Position><LatitudeDegrees>50.856099</LatitudeDegrees><LongitudeDegrees>4.290533</LongitudeDegrees></Position><AltitudeMeters>76.4</AltitudeMeters><Extensions><TPX xmlns="http://www.garmin.com/xmlschemas/ActivityExtension/v2"><Speed>2.45</Speed></TPX></Extensions></Trackpoint><Trackpoint><Time>2026-03-20T12:19:35+00:00</Time><DistanceMeters>4697.8</DistanceMeters><Position><LatitudeDegrees>50.856092</LatitudeDegrees><LongitudeDegrees>4.290484</LongitudeDegrees></Position><AltitudeMeters>76.4</AltitudeMeters><Extensions><TPX xmlns="http://www.garmin.com/xmlschemas/ActivityExtension/v2"><Speed>2.45</Speed></TPX></Extensions></Trackpoint><Trackpoint><Time>2026-03-20T12:19:36+00:00</Time><DistanceMeters>4700.1</DistanceMeters><Position><LatitudeDegrees>50.85609</LatitudeDegrees><LongitudeDegrees>4.290468</LongitudeDegrees></Position><AltitudeMeters>76.4</AltitudeMeters><Extensions><TPX xmlns="http://www.garmin.com/xmlschemas/ActivityExtension/v2"><Speed>2.4</Speed></TPX></Extensions></Trackpoint><Trackpoint><Time>2026-03-20T12:19:37+00:00</Time><DistanceMeters>4702.4</DistanceMeters><Position><LatitudeDegrees>50.856081</LatitudeDegrees><LongitudeDegrees>4.290421</LongitudeDegrees></Position><AltitudeMeters>76.3</AltitudeMeters><Extensions><TPX xmlns="http://www.garmin.com/xmlschemas/ActivityExtension/v2"><Speed>2.34</Speed></TPX></Extensions></Trackpoint><Trackpoint><Time>2026-03-20T12:19:38+00:00</Time><DistanceMeters>4704.7</DistanceMeters><Position><LatitudeDegrees>50.856077</LatitudeDegrees><LongitudeDegrees>4.290406</LongitudeDegrees></Position><AltitudeMeters>76.3</AltitudeMeters><Extensions><TPX xmlns="http://www.garmin.com/xmlschemas/ActivityExtension/v2"><Speed>2.33</Speed></TPX></Extensions></Trackpoint><Trackpoint><Time>2026-03-20T12:19:39+00:00</Time><DistanceMeters>4707.2</DistanceMeters><Position><LatitudeDegrees>50.856062</LatitudeDegrees><LongitudeDegrees>4.290357</LongitudeDegrees></Position><AltitudeMeters>76.3</AltitudeMeters><Extensions><TPX xmlns="http://www.garmin.com/xmlschemas/ActivityExtension/v2"><Speed>2.36</Speed></TPX></Extensions></Trackpoint><Trackpoint><Time>2026-03-20T12:19:40+00:00</Time><DistanceMeters>4709.7</DistanceMeters><Position><LatitudeDegrees>50.856056</LatitudeDegrees><LongitudeDegrees>4.290342</LongitudeDegrees></Position><AltitudeMeters>76.3</AltitudeMeters><Extensions><TPX xmlns="http://www.garmin.com/xmlschemas/ActivityExtension/v2"><Speed>2.39</Speed></TPX></Extensions></Trackpoint><Trackpoint><Time>2026-03-20T12:19:41+00:00</Time><DistanceMeters>4712.2</DistanceMeters><Position><LatitudeDegrees>50.856041</LatitudeDegrees><LongitudeDegrees>4.290299</LongitudeDegrees></Position><AltitudeMeters>76.2</AltitudeMeters><Extensions><TPX xmlns="http://www.garmin.com/xmlschemas/ActivityExtension/v2"><Speed>2.41</Speed></TPX></Extensions></Trackpoint><Trackpoint><Time>2026-03-20T12:19:42+00:00</Time><DistanceMeters>4714.6</DistanceMeters><Position><LatitudeDegrees>50.856034</LatitudeDegrees><LongitudeDegrees>4.290282</LongitudeDegrees></Position><AltitudeMeters>76.2</AltitudeMeters><Extensions><TPX xmlns="http://www.garmin.com/xmlschemas/ActivityExtension/v2"><Speed>2.44</Speed></TPX></Extensions></Trackpoint><Trackpoint><Time>2026-03-20T12:19:43+00:00</Time><DistanceMeters>4714.6</DistanceMeters><Position><LatitudeDegrees>50.856027</LatitudeDegrees><LongitudeDegrees>4.290265</LongitudeDegrees></Position><AltitudeMeters>76.2</AltitudeMeters><Extensions><TPX xmlns="http://www.garmin.com/xmlschemas/ActivityExtension/v2"><Speed>1.98</Speed></TPX></Extensions></Trackpoint><Trackpoint><Time>2026-03-20T12:19:44+00:00</Time><DistanceMeters>4718.5</DistanceMeters><Position><LatitudeDegrees>50.856016</LatitudeDegrees><LongitudeDegrees>4.290235</LongitudeDegrees></Position><AltitudeMeters>76.2</AltitudeMeters><Extensions><TPX xmlns="http://www.garmin.com/xmlschemas/ActivityExtension/v2"><Speed>2.26</Speed></TPX></Extensions></Trackpoint><Trackpoint><Time>2026-03-20T12:19:45+00:00</Time><DistanceMeters>4720.6</DistanceMeters><Position><LatitudeDegrees>50.856001</LatitudeDegrees><LongitudeDegrees>4.290198</LongitudeDegrees></Position><AltitudeMeters>76.2</AltitudeMeters><Extensions><TPX xmlns="http://www.garmin.com/xmlschemas/ActivityExtension/v2"><Speed>2.17</Speed></TPX></Extensions></Trackpoint><Trackpoint><Time>2026-03-20T12:19:46+00:00</Time><DistanceMeters>4722.6</DistanceMeters><Position><LatitudeDegrees>50.855995</LatitudeDegrees><LongitudeDegrees>4.290187</LongitudeDegrees></Position><AltitudeMeters>76.1</AltitudeMeters><Extensions><TPX xmlns="http://www.garmin.com/xmlschemas/ActivityExtension/v2"><Speed>2.09</Speed></TPX></Extensions></Trackpoint><Trackpoint><Time>2026-03-20T12:19:47+00:00</Time><DistanceMeters>4724.7</DistanceMeters><Position><LatitudeDegrees>50.855977</LatitudeDegrees><LongitudeDegrees>4.290152</LongitudeDegrees></Position><AltitudeMeters>76.1</AltitudeMeters><Extensions><TPX xmlns="http://www.garmin.com/xmlschemas/ActivityExtension/v2"><Speed>2.01</Speed></TPX></Extensions></Trackpoint><Trackpoint><Time>2026-03-20T12:19:48+00:00</Time><DistanceMeters>4726.7</DistanceMeters><Position><LatitudeDegrees>50.855971</LatitudeDegrees><LongitudeDegrees>4.290141</LongitudeDegrees></Position><AltitudeMeters>76.1</AltitudeMeters><Extensions><TPX xmlns="http://www.garmin.com/xmlschemas/ActivityExtension/v2"><Speed>2.42</Speed></TPX></Extensions></Trackpoint><Trackpoint><Time>2026-03-20T12:19:49+00:00</Time><DistanceMeters>4726.7</DistanceMeters><Position><LatitudeDegrees>50.85596</LatitudeDegrees><LongitudeDegrees>4.290116</LongitudeDegrees></Position><AltitudeMeters>76.1</AltitudeMeters><Extensions><TPX xmlns="http://www.garmin.com/xmlschemas/ActivityExtension/v2"><Speed>1.64</Speed></TPX></Extensions></Trackpoint><Trackpoint><Time>2026-03-20T12:19:50+00:00</Time><DistanceMeters>4730.6</DistanceMeters><Position><LatitudeDegrees>50.855952</LatitudeDegrees><LongitudeDegrees>4.290095</LongitudeDegrees></Position><AltitudeMeters>76.1</AltitudeMeters><Extensions><TPX xmlns="http://www.garmin.com/xmlschemas/ActivityExtension/v2"><Speed>2.01</Speed></TPX></Extensions></Trackpoint><Trackpoint><Time>2026-03-20T12:19:51+00:00</Time><DistanceMeters>4732.8</DistanceMeters><Position><LatitudeDegrees>50.855938</LatitudeDegrees><LongitudeDegrees>4.290055</LongitudeDegrees></Position><AltitudeMeters>76.1</AltitudeMeters><Extensions><TPX xmlns="http://www.garmin.com/xmlschemas/ActivityExtension/v2"><Speed>2.03</Speed></TPX></Extensions></Trackpoint><Trackpoint><Time>2026-03-20T12:19:52+00:00</Time><DistanceMeters>4734.9</DistanceMeters><Position><LatitudeDegrees>50.855932</LatitudeDegrees><LongitudeDegrees>4.290043</LongitudeDegrees></Position><AltitudeMeters>76.1</AltitudeMeters><Extensions><TPX xmlns="http://www.garmin.com/xmlschemas/ActivityExtension/v2"><Speed>2.05</Speed></TPX></Extensions></Trackpoint><Trackpoint><Time>2026-03-20T12:19:53+00:00</Time><DistanceMeters>4737.2</DistanceMeters><Position><LatitudeDegrees>50.855918</LatitudeDegrees><LongitudeDegrees>4.29</LongitudeDegrees></Position><AltitudeMeters>76.1</AltitudeMeters><Extensions><TPX xmlns="http://www.garmin.com/xmlschemas/ActivityExtension/v2"><Speed>2.1</Speed></TPX></Extensions></Trackpoint><Trackpoint><Time>2026-03-20T12:19:54+00:00</Time><DistanceMeters>4739.5</DistanceMeters><Position><LatitudeDegrees>50.855914</LatitudeDegrees><LongitudeDegrees>4.289984</LongitudeDegrees></Position><AltitudeMeters>76.1</AltitudeMeters><Extensions><TPX xmlns="http://www.garmin.com/xmlschemas/ActivityExtension/v2"><Speed>2.56</Speed></TPX></Extensions></Trackpoint><Trackpoint><Time>2026-03-20T12:19:55+00:00</Time><DistanceMeters>4741.9</DistanceMeters><Position><LatitudeDegrees>50.855905</LatitudeDegrees><LongitudeDegrees>4.289935</LongitudeDegrees></Position><AltitudeMeters>76.1</AltitudeMeters><Extensions><TPX xmlns="http://www.garmin.com/xmlschemas/ActivityExtension/v2"><Speed>2.26</Speed></TPX></Extensions></Trackpoint><Trackpoint><Time>2026-03-20T12:19:56+00:00</Time><DistanceMeters>4744.3</DistanceMeters><Position><LatitudeDegrees>50.855901</LatitudeDegrees><LongitudeDegrees>4.289919</LongitudeDegrees></Position><AltitudeMeters>76.1</AltitudeMeters><Extensions><TPX xmlns="http://www.garmin.com/xmlschemas/ActivityExtension/v2"><Speed>2.31</Speed></TPX></Extensions></Trackpoint><Trackpoint><Time>2026-03-20T12:19:57+00:00</Time><DistanceMeters>4746.6</DistanceMeters><Position><LatitudeDegrees>50.855886</LatitudeDegrees><LongitudeDegrees>4.289874</LongitudeDegrees></Position><AltitudeMeters>76.1</AltitudeMeters><Extensions><TPX xmlns="http://www.garmin.com/xmlschemas/ActivityExtension/v2"><Speed>2.34</Speed></TPX></Extensions></Trackpoint><Trackpoint><Time>2026-03-20T12:19:58+00:00</Time><DistanceMeters>4748.9</DistanceMeters><Position><LatitudeDegrees>50.85588</LatitudeDegrees><LongitudeDegrees>4.28986</LongitudeDegrees></Position><AltitudeMeters>76.1</AltitudeMeters><Extensions><TPX xmlns="http://www.garmin.com/xmlschemas/ActivityExtension/v2"><Speed>2.34</Speed></TPX></Extensions></Trackpoint><Trackpoint><Time>2026-03-20T12:19:59+00:00</Time><DistanceMeters>4751.4</DistanceMeters><Position><LatitudeDegrees>50.855864</LatitudeDegrees><LongitudeDegrees>4.289814</LongitudeDegrees></Position><AltitudeMeters>76.1</AltitudeMeters><Extensions><TPX xmlns="http://www.garmin.com/xmlschemas/ActivityExtension/v2"><Speed>2.38</Speed></TPX></Extensions></Trackpoint><Trackpoint><Time>2026-03-20T12:20:00+00:00</Time><DistanceMeters>4753.9</DistanceMeters><Position><LatitudeDegrees>50.855859</LatitudeDegrees><LongitudeDegrees>4.289799</LongitudeDegrees></Position><AltitudeMeters>76.1</AltitudeMeters><Extensions><TPX xmlns="http://www.garmin.com/xmlschemas/ActivityExtension/v2"><Speed>2.4</Speed></TPX></Extensions></Trackpoint><Trackpoint><Time>2026-03-20T12:20:01+00:00</Time><DistanceMeters>4756.3</DistanceMeters><Position><LatitudeDegrees>50.855842</LatitudeDegrees><LongitudeDegrees>4.289754</LongitudeDegrees></Position><AltitudeMeters>76.1</AltitudeMeters><Extensions><TPX xmlns="http://www.garmin.com/xmlschemas/ActivityExtension/v2"><Speed>2.4</Speed></TPX></Extensions></Trackpoint><Trackpoint><Time>2026-03-20T12:20:02+00:00</Time><DistanceMeters>4758.7</DistanceMeters><Position><LatitudeDegrees>50.855836</LatitudeDegrees><LongitudeDegrees>4.28974</LongitudeDegrees></Position><AltitudeMeters>76.1</AltitudeMeters><Extensions><TPX xmlns="http://www.garmin.com/xmlschemas/ActivityExtension/v2"><Speed>2.42</Speed></TPX></Extensions></Trackpoint><Trackpoint><Time>2026-03-20T12:20:03+00:00</Time><DistanceMeters>4761.3</DistanceMeters><Position><LatitudeDegrees>50.855816</LatitudeDegrees><LongitudeDegrees>4.289697</LongitudeDegrees></Position><AltitudeMeters>76.1</AltitudeMeters><Extensions><TPX xmlns="http://www.garmin.com/xmlschemas/ActivityExtension/v2"><Speed>2.47</Speed></TPX></Extensions></Trackpoint><Trackpoint><Time>2026-03-20T12:20:04+00:00</Time><DistanceMeters>4763.8</DistanceMeters><Position><LatitudeDegrees>50.855809</LatitudeDegrees><LongitudeDegrees>4.289682</LongitudeDegrees></Position><AltitudeMeters>76.1</AltitudeMeters><Extensions><TPX xmlns="http://www.garmin.com/xmlschemas/ActivityExtension/v2"><Speed>2.48</Speed></TPX></Extensions></Trackpoint><Trackpoint><Time>2026-03-20T12:20:05+00:00</Time><DistanceMeters>4766.3</DistanceMeters><Position><LatitudeDegrees>50.855796</LatitudeDegrees><LongitudeDegrees>4.289633</LongitudeDegrees></Position><AltitudeMeters>76.1</AltitudeMeters><Extensions><TPX xmlns="http://www.garmin.com/xmlschemas/ActivityExtension/v2"><Speed>2.48</Speed></TPX></Extensions></Trackpoint><Trackpoint><Time>2026-03-20T12:20:06+00:00</Time><DistanceMeters>4768.8</DistanceMeters><Position><LatitudeDegrees>50.855792</LatitudeDegrees><LongitudeDegrees>4.289615</LongitudeDegrees></Position><AltitudeMeters>76.1</AltitudeMeters><Extensions><TPX xmlns="http://www.garmin.com/xmlschemas/ActivityExtension/v2"><Speed>2.5</Speed></TPX></Extensions></Trackpoint><Trackpoint><Time>2026-03-20T12:20:07+00:00</Time><DistanceMeters>4771.4</DistanceMeters><Position><LatitudeDegrees>50.85579</LatitudeDegrees><LongitudeDegrees>4.28956</LongitudeDegrees></Position><AltitudeMeters>76.0</AltitudeMeters><Extensions><TPX xmlns="http://www.garmin.com/xmlschemas/ActivityExtension/v2"><Speed>2.54</Speed></TPX></Extensions></Trackpoint><Trackpoint><Time>2026-03-20T12:20:08+00:00</Time><DistanceMeters>4774.0</DistanceMeters><Position><LatitudeDegrees>50.855791</LatitudeDegrees><LongitudeDegrees>4.289542</LongitudeDegrees></Position><AltitudeMeters>75.9</AltitudeMeters><Extensions><TPX xmlns="http://www.garmin.com/xmlschemas/ActivityExtension/v2"><Speed>2.55</Speed></TPX></Extensions></Trackpoint><Trackpoint><Time>2026-03-20T12:20:09+00:00</Time><DistanceMeters>4776.7</DistanceMeters><Position><LatitudeDegrees>50.855806</LatitudeDegrees><LongitudeDegrees>4.289492</LongitudeDegrees></Position><AltitudeMeters>75.8</AltitudeMeters><Extensions><TPX xmlns="http://www.garmin.com/xmlschemas/ActivityExtension/v2"><Speed>2.57</Speed></TPX></Extensions></Trackpoint><Trackpoint><Time>2026-03-20T12:20:10+00:00</Time><DistanceMeters>4779.3</DistanceMeters><Position><LatitudeDegrees>50.855813</LatitudeDegrees><LongitudeDegrees>4.289475</LongitudeDegrees></Position><AltitudeMeters>75.8</AltitudeMeters><Extensions><TPX xmlns="http://www.garmin.com/xmlschemas/ActivityExtension/v2"><Speed>2.6</Speed></TPX></Extensions></Trackpoint><Trackpoint><Time>2026-03-20T12:20:11+00:00</Time><DistanceMeters>4781.7</DistanceMeters><Position><LatitudeDegrees>50.855828</LatitudeDegrees><LongitudeDegrees>4.289429</LongitudeDegrees></Position><AltitudeMeters>75.7</AltitudeMeters><Extensions><TPX xmlns="http://www.garmin.com/xmlschemas/ActivityExtension/v2"><Speed>2.57</Speed></TPX></Extensions></Trackpoint><Trackpoint><Time>2026-03-20T12:20:12+00:00</Time><DistanceMeters>4784.0</DistanceMeters><Position><LatitudeDegrees>50.855832</LatitudeDegrees><LongitudeDegrees>4.289414</LongitudeDegrees></Position><AltitudeMeters>75.6</AltitudeMeters><Extensions><TPX xmlns="http://www.garmin.com/xmlschemas/ActivityExtension/v2"><Speed>2.52</Speed></TPX></Extensions></Trackpoint><Trackpoint><Time>2026-03-20T12:20:13+00:00</Time><DistanceMeters>4786.3</DistanceMeters><Position><LatitudeDegrees>50.855841</LatitudeDegrees><LongitudeDegrees>4.28937</LongitudeDegrees></Position><AltitudeMeters>75.5</AltitudeMeters><Extensions><TPX xmlns="http://www.garmin.com/xmlschemas/ActivityExtension/v2"><Speed>2.45</Speed></TPX></Extensions></Trackpoint><Trackpoint><Time>2026-03-20T12:20:14+00:00</Time><DistanceMeters>4788.5</DistanceMeters><Position><LatitudeDegrees>50.855844</LatitudeDegrees><LongitudeDegrees>4.289354</LongitudeDegrees></Position><AltitudeMeters>75.5</AltitudeMeters><Extensions><TPX xmlns="http://www.garmin.com/xmlschemas/ActivityExtension/v2"><Speed>2.37</Speed></TPX></Extensions></Trackpoint><Trackpoint><Time>2026-03-20T12:20:15+00:00</Time><DistanceMeters>4790.7</DistanceMeters><Position><LatitudeDegrees>50.85585</LatitudeDegrees><LongitudeDegrees>4.289308</LongitudeDegrees></Position><AltitudeMeters>75.4</AltitudeMeters><Extensions><TPX xmlns="http://www.garmin.com/xmlschemas/ActivityExtension/v2"><Speed>2.28</Speed></TPX></Extensions></Trackpoint><Trackpoint><Time>2026-03-20T12:20:16+00:00</Time><DistanceMeters>4792.9</DistanceMeters><Position><LatitudeDegrees>50.855852</LatitudeDegrees><LongitudeDegrees>4.289292</LongitudeDegrees></Position><AltitudeMeters>75.4</AltitudeMeters><Extensions><TPX xmlns="http://www.garmin.com/xmlschemas/ActivityExtension/v2"><Speed>2.25</Speed></TPX></Extensions></Trackpoint><Trackpoint><Time>2026-03-20T12:20:17+00:00</Time><DistanceMeters>4795.3</DistanceMeters><Position><LatitudeDegrees>50.855859</LatitudeDegrees><LongitudeDegrees>4.289242</LongitudeDegrees></Position><AltitudeMeters>75.3</AltitudeMeters><Extensions><TPX xmlns="http://www.garmin.com/xmlschemas/ActivityExtension/v2"><Speed>2.25</Speed></TPX></Extensions></Trackpoint><Trackpoint><Time>2026-03-20T12:20:18+00:00</Time><DistanceMeters>4797.6</DistanceMeters><Position><LatitudeDegrees>50.855861</LatitudeDegrees><LongitudeDegrees>4.289227</LongitudeDegrees></Position><AltitudeMeters>75.2</AltitudeMeters><Extensions><TPX xmlns="http://www.garmin.com/xmlschemas/ActivityExtension/v2"><Speed>2.27</Speed></TPX></Extensions></Trackpoint><Trackpoint><Time>2026-03-20T12:20:19+00:00</Time><DistanceMeters>4800.2</DistanceMeters><Position><LatitudeDegrees>50.85587</LatitudeDegrees><LongitudeDegrees>4.289176</LongitudeDegrees></Position><AltitudeMeters>75.1</AltitudeMeters><Extensions><TPX xmlns="http://www.garmin.com/xmlschemas/ActivityExtension/v2"><Speed>2.33</Speed></TPX></Extensions></Trackpoint><Trackpoint><Time>2026-03-20T12:20:20+00:00</Time><DistanceMeters>4802.7</DistanceMeters><Position><LatitudeDegrees>50.855872</LatitudeDegrees><LongitudeDegrees>4.289157</LongitudeDegrees></Position><AltitudeMeters>75.1</AltitudeMeters><Extensions><TPX xmlns="http://www.garmin.com/xmlschemas/ActivityExtension/v2"><Speed>2.4</Speed></TPX></Extensions></Trackpoint><Trackpoint><Time>2026-03-20T12:20:21+00:00</Time><DistanceMeters>4805.0</DistanceMeters><Position><LatitudeDegrees>50.85588</LatitudeDegrees><LongitudeDegrees>4.289109</LongitudeDegrees></Position><AltitudeMeters>75.0</AltitudeMeters><Extensions><TPX xmlns="http://www.garmin.com/xmlschemas/ActivityExtension/v2"><Speed>2.42</Speed></TPX></Extensions></Trackpoint><Trackpoint><Time>2026-03-20T12:20:22+00:00</Time><DistanceMeters>4807.3</DistanceMeters><Position><LatitudeDegrees>50.855882</LatitudeDegrees><LongitudeDegrees>4.289092</LongitudeDegrees></Position><AltitudeMeters>74.9</AltitudeMeters><Extensions><TPX xmlns="http://www.garmin.com/xmlschemas/ActivityExtension/v2"><Speed>2.41</Speed></TPX></Extensions></Trackpoint><Trackpoint><Time>2026-03-20T12:20:23+00:00</Time><DistanceMeters>4809.8</DistanceMeters><Position><LatitudeDegrees>50.855888</LatitudeDegrees><LongitudeDegrees>4.289041</LongitudeDegrees></Position><AltitudeMeters>74.8</AltitudeMeters><Extensions><TPX xmlns="http://www.garmin.com/xmlschemas/ActivityExtension/v2"><Speed>2.43</Speed></TPX></Extensions></Trackpoint><Trackpoint><Time>2026-03-20T12:20:24+00:00</Time><DistanceMeters>4812.2</DistanceMeters><Position><LatitudeDegrees>50.855889</LatitudeDegrees><LongitudeDegrees>4.289024</LongitudeDegrees></Position><AltitudeMeters>74.8</AltitudeMeters><Extensions><TPX xmlns="http://www.garmin.com/xmlschemas/ActivityExtension/v2"><Speed>2.41</Speed></TPX></Extensions></Trackpoint><Trackpoint><Time>2026-03-20T12:20:25+00:00</Time><DistanceMeters>4814.8</DistanceMeters><Position><LatitudeDegrees>50.855893</LatitudeDegrees><LongitudeDegrees>4.288968</LongitudeDegrees></Position><AltitudeMeters>74.7</AltitudeMeters><Extensions><TPX xmlns="http://www.garmin.com/xmlschemas/ActivityExtension/v2"><Speed>2.41</Speed></TPX></Extensions></Trackpoint><Trackpoint><Time>2026-03-20T12:20:26+00:00</Time><DistanceMeters>4817.3</DistanceMeters><Position><LatitudeDegrees>50.855894</LatitudeDegrees><LongitudeDegrees>4.288951</LongitudeDegrees></Position><AltitudeMeters>74.6</AltitudeMeters><Extensions><TPX xmlns="http://www.garmin.com/xmlschemas/ActivityExtension/v2"><Speed>2.46</Speed></TPX></Extensions></Trackpoint><Trackpoint><Time>2026-03-20T12:20:27+00:00</Time><DistanceMeters>4820.1</DistanceMeters><Position><LatitudeDegrees>50.855899</LatitudeDegrees><LongitudeDegrees>4.288892</LongitudeDegrees></Position><AltitudeMeters>74.5</AltitudeMeters><Extensions><TPX xmlns="http://www.garmin.com/xmlschemas/ActivityExtension/v2"><Speed>2.56</Speed></TPX></Extensions></Trackpoint><Trackpoint><Time>2026-03-20T12:20:28+00:00</Time><DistanceMeters>4822.9</DistanceMeters><Position><LatitudeDegrees>50.8559</LatitudeDegrees><LongitudeDegrees>4.288872</LongitudeDegrees></Position><AltitudeMeters>74.5</AltitudeMeters><Extensions><TPX xmlns="http://www.garmin.com/xmlschemas/ActivityExtension/v2"><Speed>2.63</Speed></TPX></Extensions></Trackpoint><Trackpoint><Time>2026-03-20T12:20:29+00:00</Time><DistanceMeters>4825.3</DistanceMeters><Position><LatitudeDegrees>50.855905</LatitudeDegrees><LongitudeDegrees>4.288822</LongitudeDegrees></Position><AltitudeMeters>74.4</AltitudeMeters><Extensions><TPX xmlns="http://www.garmin.com/xmlschemas/ActivityExtension/v2"><Speed>2.62</Speed></TPX></Extensions></Trackpoint><Trackpoint><Time>2026-03-20T12:20:30+00:00</Time><DistanceMeters>4827.7</DistanceMeters><Position><LatitudeDegrees>50.855906</LatitudeDegrees><LongitudeDegrees>4.288805</LongitudeDegrees></Position><AltitudeMeters>74.3</AltitudeMeters><Extensions><TPX xmlns="http://www.garmin.com/xmlschemas/ActivityExtension/v2"><Speed>2.59</Speed></TPX></Extensions></Trackpoint><Trackpoint><Time>2026-03-20T12:20:31+00:00</Time><DistanceMeters>4830.0</DistanceMeters><Position><LatitudeDegrees>50.855908</LatitudeDegrees><LongitudeDegrees>4.288757</LongitudeDegrees></Position><AltitudeMeters>74.2</AltitudeMeters><Extensions><TPX xmlns="http://www.garmin.com/xmlschemas/ActivityExtension/v2"><Speed>2.54</Speed></TPX></Extensions></Trackpoint><Trackpoint><Time>2026-03-20T12:20:32+00:00</Time><DistanceMeters>4832.3</DistanceMeters><Position><LatitudeDegrees>50.855909</LatitudeDegrees><LongitudeDegrees>4.28874</LongitudeDegrees></Position><AltitudeMeters>74.2</AltitudeMeters><Extensions><TPX xmlns="http://www.garmin.com/xmlschemas/ActivityExtension/v2"><Speed>2.44</Speed></TPX></Extensions></Trackpoint><Trackpoint><Time>2026-03-20T12:20:33+00:00</Time><DistanceMeters>4834.5</DistanceMeters><Position><LatitudeDegrees>50.855912</LatitudeDegrees><LongitudeDegrees>4.288693</LongitudeDegrees></Position><AltitudeMeters>74.1</AltitudeMeters><Extensions><TPX xmlns="http://www.garmin.com/xmlschemas/ActivityExtension/v2"><Speed>2.31</Speed></TPX></Extensions></Trackpoint><Trackpoint><Time>2026-03-20T12:20:34+00:00</Time><DistanceMeters>4836.6</DistanceMeters><Position><LatitudeDegrees>50.855913</LatitudeDegrees><LongitudeDegrees>4.288678</LongitudeDegrees></Position><AltitudeMeters>74.1</AltitudeMeters><Extensions><TPX xmlns="http://www.garmin.com/xmlschemas/ActivityExtension/v2"><Speed>2.26</Speed></TPX></Extensions></Trackpoint><Trackpoint><Time>2026-03-20T12:20:35+00:00</Time><DistanceMeters>4838.8</DistanceMeters><Position><LatitudeDegrees>50.855915</LatitudeDegrees><LongitudeDegrees>4.288633</LongitudeDegrees></Position><AltitudeMeters>73.9</AltitudeMeters><Extensions><TPX xmlns="http://www.garmin.com/xmlschemas/ActivityExtension/v2"><Speed>2.21</Speed></TPX></Extensions></Trackpoint><Trackpoint><Time>2026-03-20T12:20:36+00:00</Time><DistanceMeters>4840.9</DistanceMeters><Position><LatitudeDegrees>50.855915</LatitudeDegrees><LongitudeDegrees>4.288617</LongitudeDegrees></Position><AltitudeMeters>73.9</AltitudeMeters><Extensions><TPX xmlns="http://www.garmin.com/xmlschemas/ActivityExtension/v2"><Speed>2.18</Speed></TPX></Extensions></Trackpoint><Trackpoint><Time>2026-03-20T12:20:37+00:00</Time><DistanceMeters>4843.1</DistanceMeters><Position><LatitudeDegrees>50.855912</LatitudeDegrees><LongitudeDegrees>4.288571</LongitudeDegrees></Position><AltitudeMeters>73.8</AltitudeMeters><Extensions><TPX xmlns="http://www.garmin.com/xmlschemas/ActivityExtension/v2"><Speed>2.16</Speed></TPX></Extensions></Trackpoint><Trackpoint><Time>2026-03-20T12:20:38+00:00</Time><DistanceMeters>4845.3</DistanceMeters><Position><LatitudeDegrees>50.855911</LatitudeDegrees><LongitudeDegrees>4.288555</LongitudeDegrees></Position><AltitudeMeters>73.8</AltitudeMeters><Extensions><TPX xmlns="http://www.garmin.com/xmlschemas/ActivityExtension/v2"><Speed>2.17</Speed></TPX></Extensions></Trackpoint><Trackpoint><Time>2026-03-20T12:20:39+00:00</Time><DistanceMeters>4845.3</DistanceMeters><Position><LatitudeDegrees>50.855911</LatitudeDegrees><LongitudeDegrees>4.288528</LongitudeDegrees></Position><AltitudeMeters>73.7</AltitudeMeters><Extensions><TPX xmlns="http://www.garmin.com/xmlschemas/ActivityExtension/v2"><Speed>1.74</Speed></TPX></Extensions></Trackpoint><Trackpoint><Time>2026-03-20T12:20:40+00:00</Time><DistanceMeters>4848.8</DistanceMeters><Position><LatitudeDegrees>50.855913</LatitudeDegrees><LongitudeDegrees>4.288505</LongitudeDegrees></Position><AltitudeMeters>73.7</AltitudeMeters><Extensions><TPX xmlns="http://www.garmin.com/xmlschemas/ActivityExtension/v2"><Speed>2.01</Speed></TPX></Extensions></Trackpoint><Trackpoint><Time>2026-03-20T12:20:41+00:00</Time><DistanceMeters>4848.8</DistanceMeters><Position><LatitudeDegrees>50.855915</LatitudeDegrees><LongitudeDegrees>4.28848</LongitudeDegrees></Position><AltitudeMeters>73.6</AltitudeMeters><Extensions><TPX xmlns="http://www.garmin.com/xmlschemas/ActivityExtension/v2"><Speed>1.58</Speed></TPX></Extensions></Trackpoint><Trackpoint><Time>2026-03-20T12:20:42+00:00</Time><DistanceMeters>4852.4</DistanceMeters><Position><LatitudeDegrees>50.855915</LatitudeDegrees><LongitudeDegrees>4.288453</LongitudeDegrees></Position><AltitudeMeters>73.5</AltitudeMeters><Extensions><TPX xmlns="http://www.garmin.com/xmlschemas/ActivityExtension/v2"><Speed>1.86</Speed></TPX></Extensions></Trackpoint><Trackpoint><Time>2026-03-20T12:20:43+00:00</Time><DistanceMeters>4854.8</DistanceMeters><Position><LatitudeDegrees>50.855915</LatitudeDegrees><LongitudeDegrees>4.288404</LongitudeDegrees></Position><AltitudeMeters>73.4</AltitudeMeters><Extensions><TPX xmlns="http://www.garmin.com/xmlschemas/ActivityExtension/v2"><Speed>1.89</Speed></TPX></Extensions></Trackpoint><Trackpoint><Time>2026-03-20T12:20:44+00:00</Time><DistanceMeters>4857.1</DistanceMeters><Position><LatitudeDegrees>50.855914</LatitudeDegrees><LongitudeDegrees>4.288387</LongitudeDegrees></Position><AltitudeMeters>73.4</AltitudeMeters><Extensions><TPX xmlns="http://www.garmin.com/xmlschemas/ActivityExtension/v2"><Speed>2.36</Speed></TPX></Extensions></Trackpoint><Trackpoint><Time>2026-03-20T12:20:45+00:00</Time><DistanceMeters>4859.6</DistanceMeters><Position><LatitudeDegrees>50.855913</LatitudeDegrees><LongitudeDegrees>4.288333</LongitudeDegrees></Position><AltitudeMeters>73.3</AltitudeMeters><Extensions><TPX xmlns="http://www.garmin.com/xmlschemas/ActivityExtension/v2"><Speed>2.16</Speed></TPX></Extensions></Trackpoint><Trackpoint><Time>2026-03-20T12:20:46+00:00</Time><DistanceMeters>4862.1</DistanceMeters><Position><LatitudeDegrees>50.855912</LatitudeDegrees><LongitudeDegrees>4.288315</LongitudeDegrees></Position><AltitudeMeters>73.2</AltitudeMeters><Extensions><TPX xmlns="http://www.garmin.com/xmlschemas/ActivityExtension/v2"><Speed>2.66</Speed></TPX></Extensions></Trackpoint><Trackpoint><Time>2026-03-20T12:20:47+00:00</Time><DistanceMeters>4864.8</DistanceMeters><Position><LatitudeDegrees>50.855908</LatitudeDegrees><LongitudeDegrees>4.288258</LongitudeDegrees></Position><AltitudeMeters>73.1</AltitudeMeters><Extensions><TPX xmlns="http://www.garmin.com/xmlschemas/ActivityExtension/v2"><Speed>2.48</Speed></TPX></Extensions></Trackpoint><Trackpoint><Time>2026-03-20T12:20:48+00:00</Time><DistanceMeters>4867.5</DistanceMeters><Position><LatitudeDegrees>50.855906</LatitudeDegrees><LongitudeDegrees>4.288239</LongitudeDegrees></Position><AltitudeMeters>73.1</AltitudeMeters><Extensions><TPX xmlns="http://www.garmin.com/xmlschemas/ActivityExtension/v2"><Speed>2.55</Speed></TPX></Extensions></Trackpoint><Trackpoint><Time>2026-03-20T12:20:49+00:00</Time><DistanceMeters>4870.0</DistanceMeters><Position><LatitudeDegrees>50.855901</LatitudeDegrees><LongitudeDegrees>4.288187</LongitudeDegrees></Position><AltitudeMeters>73.0</AltitudeMeters><Extensions><TPX xmlns="http://www.garmin.com/xmlschemas/ActivityExtension/v2"><Speed>2.57</Speed></TPX></Extensions></Trackpoint><Trackpoint><Time>2026-03-20T12:20:50+00:00</Time><DistanceMeters>4872.4</DistanceMeters><Position><LatitudeDegrees>50.8559</LatitudeDegrees><LongitudeDegrees>4.288171</LongitudeDegrees></Position><AltitudeMeters>72.9</AltitudeMeters><Extensions><TPX xmlns="http://www.garmin.com/xmlschemas/ActivityExtension/v2"><Speed>2.56</Speed></TPX></Extensions></Trackpoint><Trackpoint><Time>2026-03-20T12:20:51+00:00</Time><DistanceMeters>4872.4</DistanceMeters><Position><LatitudeDegrees>50.855897</LatitudeDegrees><LongitudeDegrees>4.288146</LongitudeDegrees></Position><AltitudeMeters>72.9</AltitudeMeters><Extensions><TPX xmlns="http://www.garmin.com/xmlschemas/ActivityExtension/v2"><Speed>2.06</Speed></TPX></Extensions></Trackpoint><Trackpoint><Time>2026-03-20T12:20:52+00:00</Time><DistanceMeters>4876.1</DistanceMeters><Position><LatitudeDegrees>50.855894</LatitudeDegrees><LongitudeDegrees>4.288119</LongitudeDegrees></Position><AltitudeMeters>72.8</AltitudeMeters><Extensions><TPX xmlns="http://www.garmin.com/xmlschemas/ActivityExtension/v2"><Speed>2.26</Speed></TPX></Extensions></Trackpoint><Trackpoint><Time>2026-03-20T12:20:53+00:00</Time><DistanceMeters>4876.1</DistanceMeters><Position><LatitudeDegrees>50.855892</LatitudeDegrees><LongitudeDegrees>4.28809</LongitudeDegrees></Position><AltitudeMeters>72.8</AltitudeMeters><Extensions><TPX xmlns="http://www.garmin.com/xmlschemas/ActivityExtension/v2"><Speed>1.72</Speed></TPX></Extensions></Trackpoint><Trackpoint><Time>2026-03-20T12:20:54+00:00</Time><DistanceMeters>4880.0</DistanceMeters><Position><LatitudeDegrees>50.855891</LatitudeDegrees><LongitudeDegrees>4.288063</LongitudeDegrees></Position><AltitudeMeters>72.8</AltitudeMeters><Extensions><TPX xmlns="http://www.garmin.com/xmlschemas/ActivityExtension/v2"><Speed>2.01</Speed></TPX></Extensions></Trackpoint><Trackpoint><Time>2026-03-20T12:20:55+00:00</Time><DistanceMeters>4880.0</DistanceMeters><Position><LatitudeDegrees>50.855889</LatitudeDegrees><LongitudeDegrees>4.288033</LongitudeDegrees></Position><AltitudeMeters>72.7</AltitudeMeters><Extensions><TPX xmlns="http://www.garmin.com/xmlschemas/ActivityExtension/v2"><Speed>1.52</Speed></TPX></Extensions></Trackpoint><Trackpoint><Time>2026-03-20T12:20:56+00:00</Time><DistanceMeters>4883.8</DistanceMeters><Position><LatitudeDegrees>50.855887</LatitudeDegrees><LongitudeDegrees>4.288009</LongitudeDegrees></Position><AltitudeMeters>72.7</AltitudeMeters><Extensions><TPX xmlns="http://www.garmin.com/xmlschemas/ActivityExtension/v2"><Speed>2.28</Speed></TPX></Extensions></Trackpoint><Trackpoint><Time>2026-03-20T12:20:57+00:00</Time><DistanceMeters>4883.8</DistanceMeters><Position><LatitudeDegrees>50.855886</LatitudeDegrees><LongitudeDegrees>4.287983</LongitudeDegrees></Position><AltitudeMeters>72.6</AltitudeMeters><Extensions><TPX xmlns="http://www.garmin.com/xmlschemas/ActivityExtension/v2"><Speed>1.54</Speed></TPX></Extensions></Trackpoint><Trackpoint><Time>2026-03-20T12:20:58+00:00</Time><DistanceMeters>4887.6</DistanceMeters><Position><LatitudeDegrees>50.855886</LatitudeDegrees><LongitudeDegrees>4.287955</LongitudeDegrees></Position><AltitudeMeters>72.6</AltitudeMeters><Extensions><TPX xmlns="http://www.garmin.com/xmlschemas/ActivityExtension/v2"><Speed>2.3</Speed></TPX></Extensions></Trackpoint><Trackpoint><Time>2026-03-20T12:20:59+00:00</Time><DistanceMeters>4887.6</DistanceMeters><Position><LatitudeDegrees>50.855885</LatitudeDegrees><LongitudeDegrees>4.287929</LongitudeDegrees></Position><AltitudeMeters>72.5</AltitudeMeters><Extensions><TPX xmlns="http://www.garmin.com/xmlschemas/ActivityExtension/v2"><Speed>1.52</Speed></TPX></Extensions></Trackpoint><Trackpoint><Time>2026-03-20T12:21:00+00:00</Time><DistanceMeters>4891.5</DistanceMeters><Position><LatitudeDegrees>50.855885</LatitudeDegrees><LongitudeDegrees>4.287899</LongitudeDegrees></Position><AltitudeMeters>72.5</AltitudeMeters><Extensions><TPX xmlns="http://www.garmin.com/xmlschemas/ActivityExtension/v2"><Speed>2.3</Speed></TPX></Extensions></Trackpoint><Trackpoint><Time>2026-03-20T12:21:01+00:00</Time><DistanceMeters>4891.5</DistanceMeters><Position><LatitudeDegrees>50.855885</LatitudeDegrees><LongitudeDegrees>4.28787</LongitudeDegrees></Position><AltitudeMeters>72.4</AltitudeMeters><Extensions><TPX xmlns="http://www.garmin.com/xmlschemas/ActivityExtension/v2"><Speed>1.54</Speed></TPX></Extensions></Trackpoint><Trackpoint><Time>2026-03-20T12:21:02+00:00</Time><DistanceMeters>4895.1</DistanceMeters><Position><LatitudeDegrees>50.855884</LatitudeDegrees><LongitudeDegrees>4.287848</LongitudeDegrees></Position><AltitudeMeters>72.4</AltitudeMeters><Extensions><TPX xmlns="http://www.garmin.com/xmlschemas/ActivityExtension/v2"><Speed>2.26</Speed></TPX></Extensions></Trackpoint><Trackpoint><Time>2026-03-20T12:21:03+00:00</Time><DistanceMeters>4895.1</DistanceMeters><Position><LatitudeDegrees>50.855883</LatitudeDegrees><LongitudeDegrees>4.28782</LongitudeDegrees></Position><AltitudeMeters>72.3</AltitudeMeters><Extensions><TPX xmlns="http://www.garmin.com/xmlschemas/ActivityExtension/v2"><Speed>1.5</Speed></TPX></Extensions></Trackpoint><Trackpoint><Time>2026-03-20T12:21:04+00:00</Time><DistanceMeters>4899.1</DistanceMeters><Position><LatitudeDegrees>50.85588</LatitudeDegrees><LongitudeDegrees>4.287792</LongitudeDegrees></Position><AltitudeMeters>72.3</AltitudeMeters><Extensions><TPX xmlns="http://www.garmin.com/xmlschemas/ActivityExtension/v2"><Speed>2.3</Speed></TPX></Extensions></Trackpoint><Trackpoint><Time>2026-03-20T12:21:05+00:00</Time><DistanceMeters>4899.1</DistanceMeters><Position><LatitudeDegrees>50.855877</LatitudeDegrees><LongitudeDegrees>4.287761</LongitudeDegrees></Position><AltitudeMeters>72.2</AltitudeMeters><Extensions><TPX xmlns="http://www.garmin.com/xmlschemas/ActivityExtension/v2"><Speed>1.52</Speed></TPX></Extensions></Trackpoint><Trackpoint><Time>2026-03-20T12:21:06+00:00</Time><DistanceMeters>4902.9</DistanceMeters><Position><LatitudeDegrees>50.855876</LatitudeDegrees><LongitudeDegrees>4.287738</LongitudeDegrees></Position><AltitudeMeters>72.2</AltitudeMeters><Extensions><TPX xmlns="http://www.garmin.com/xmlschemas/ActivityExtension/v2"><Speed>2.28</Speed></TPX></Extensions></Trackpoint><Trackpoint><Time>2026-03-20T12:21:07+00:00</Time><DistanceMeters>4902.9</DistanceMeters><Position><LatitudeDegrees>50.855876</LatitudeDegrees><LongitudeDegrees>4.287712</LongitudeDegrees></Position><AltitudeMeters>72.2</AltitudeMeters><Extensions><TPX xmlns="http://www.garmin.com/xmlschemas/ActivityExtension/v2"><Speed>1.56</Speed></TPX></Extensions></Trackpoint><Trackpoint><Time>2026-03-20T12:21:08+00:00</Time><DistanceMeters>4906.4</DistanceMeters><Position><LatitudeDegrees>50.855874</LatitudeDegrees><LongitudeDegrees>4.287688</LongitudeDegrees></Position><AltitudeMeters>72.1</AltitudeMeters><Extensions><TPX xmlns="http://www.garmin.com/xmlschemas/ActivityExtension/v2"><Speed>2.26</Speed></TPX></Extensions></Trackpoint><Trackpoint><Time>2026-03-20T12:21:09+00:00</Time><DistanceMeters>4908.5</DistanceMeters><Position><LatitudeDegrees>50.855869</LatitudeDegrees><LongitudeDegrees>4.287644</LongitudeDegrees></Position><AltitudeMeters>72.0</AltitudeMeters><Extensions><TPX xmlns="http://www.garmin.com/xmlschemas/ActivityExtension/v2"><Speed>1.87</Speed></TPX></Extensions></Trackpoint><Trackpoint><Time>2026-03-20T12:21:10+00:00</Time><DistanceMeters>4910.5</DistanceMeters><Position><LatitudeDegrees>50.855867</LatitudeDegrees><LongitudeDegrees>4.28763</LongitudeDegrees></Position><AltitudeMeters>72.0</AltitudeMeters><Extensions><TPX xmlns="http://www.garmin.com/xmlschemas/ActivityExtension/v2"><Speed>2.28</Speed></TPX></Extensions></Trackpoint><Trackpoint><Time>2026-03-20T12:21:11+00:00</Time><DistanceMeters>4910.5</DistanceMeters><Position><LatitudeDegrees>50.855862</LatitudeDegrees><LongitudeDegrees>4.287609</LongitudeDegrees></Position><AltitudeMeters>72.0</AltitudeMeters><Extensions><TPX xmlns="http://www.garmin.com/xmlschemas/ActivityExtension/v2"><Speed>1.52</Speed></TPX></Extensions></Trackpoint><Trackpoint><Time>2026-03-20T12:21:12+00:00</Time><DistanceMeters>4913.8</DistanceMeters><Position><LatitudeDegrees>50.855857</LatitudeDegrees><LongitudeDegrees>4.287586</LongitudeDegrees></Position><AltitudeMeters>71.9</AltitudeMeters><Extensions><TPX xmlns="http://www.garmin.com/xmlschemas/ActivityExtension/v2"><Speed>2.18</Speed></TPX></Extensions></Trackpoint><Trackpoint><Time>2026-03-20T12:21:13+00:00</Time><DistanceMeters>4913.8</DistanceMeters><Position><LatitudeDegrees>50.85585</LatitudeDegrees><LongitudeDegrees>4.287561</LongitudeDegrees></Position><AltitudeMeters>71.9</AltitudeMeters><Extensions><TPX xmlns="http://www.garmin.com/xmlschemas/ActivityExtension/v2"><Speed>1.48</Speed></TPX></Extensions></Trackpoint><Trackpoint><Time>2026-03-20T12:21:14+00:00</Time><DistanceMeters>4917.7</DistanceMeters><Position><LatitudeDegrees>50.855844</LatitudeDegrees><LongitudeDegrees>4.287534</LongitudeDegrees></Position><AltitudeMeters>71.8</AltitudeMeters><Extensions><TPX xmlns="http://www.garmin.com/xmlschemas/ActivityExtension/v2"><Speed>1.85</Speed></TPX></Extensions></Trackpoint><Trackpoint><Time>2026-03-20T12:21:15+00:00</Time><DistanceMeters>4920.3</DistanceMeters><Position><LatitudeDegrees>50.855833</LatitudeDegrees><LongitudeDegrees>4.287483</LongitudeDegrees></Position><AltitudeMeters>71.7</AltitudeMeters><Extensions><TPX xmlns="http://www.garmin.com/xmlschemas/ActivityExtension/v2"><Speed>1.95</Speed></TPX></Extensions></Trackpoint><Trackpoint><Time>2026-03-20T12:21:16+00:00</Time><DistanceMeters>4922.8</DistanceMeters><Position><LatitudeDegrees>50.855829</LatitudeDegrees><LongitudeDegrees>4.287466</LongitudeDegrees></Position><AltitudeMeters>71.7</AltitudeMeters><Extensions><TPX xmlns="http://www.garmin.com/xmlschemas/ActivityExtension/v2"><Speed>2.46</Speed></TPX></Extensions></Trackpoint><Trackpoint><Time>2026-03-20T12:21:17+00:00</Time><DistanceMeters>4925.1</DistanceMeters><Position><LatitudeDegrees>50.855821</LatitudeDegrees><LongitudeDegrees>4.287419</LongitudeDegrees></Position><AltitudeMeters>71.6</AltitudeMeters><Extensions><TPX xmlns="http://www.garmin.com/xmlschemas/ActivityExtension/v2"><Speed>2.26</Speed></TPX></Extensions></Trackpoint><Trackpoint><Time>2026-03-20T12:21:18+00:00</Time><DistanceMeters>4927.4</DistanceMeters><Position><LatitudeDegrees>50.855818</LatitudeDegrees><LongitudeDegrees>4.287403</LongitudeDegrees></Position><AltitudeMeters>71.6</AltitudeMeters><Extensions><TPX xmlns="http://www.garmin.com/xmlschemas/ActivityExtension/v2"><Speed>2.72</Speed></TPX></Extensions></Trackpoint><Trackpoint><Time>2026-03-20T12:21:19+00:00</Time><DistanceMeters>4929.5</DistanceMeters><Position><LatitudeDegrees>50.855812</LatitudeDegrees><LongitudeDegrees>4.287358</LongitudeDegrees></Position><AltitudeMeters>71.5</AltitudeMeters><Extensions><TPX xmlns="http://www.garmin.com/xmlschemas/ActivityExtension/v2"><Speed>2.36</Speed></TPX></Extensions></Trackpoint><Trackpoint><Time>2026-03-20T12:21:20+00:00</Time><DistanceMeters>4931.6</DistanceMeters><Position><LatitudeDegrees>50.855809</LatitudeDegrees><LongitudeDegrees>4.287345</LongitudeDegrees></Position><AltitudeMeters>71.5</AltitudeMeters><Extensions><TPX xmlns="http://www.garmin.com/xmlschemas/ActivityExtension/v2"><Speed>2.27</Speed></TPX></Extensions></Trackpoint><Trackpoint><Time>2026-03-20T12:21:21+00:00</Time><DistanceMeters>4933.7</DistanceMeters><Position><LatitudeDegrees>50.855801</LatitudeDegrees><LongitudeDegrees>4.287302</LongitudeDegrees></Position><AltitudeMeters>71.4</AltitudeMeters><Extensions><TPX xmlns="http://www.garmin.com/xmlschemas/ActivityExtension/v2"><Speed>2.18</Speed></TPX></Extensions></Trackpoint><Trackpoint><Time>2026-03-20T12:21:22+00:00</Time><DistanceMeters>4935.8</DistanceMeters><Position><LatitudeDegrees>50.855798</LatitudeDegrees><LongitudeDegrees>4.287287</LongitudeDegrees></Position><AltitudeMeters>71.4</AltitudeMeters><Extensions><TPX xmlns="http://www.garmin.com/xmlschemas/ActivityExtension/v2"><Speed>2.14</Speed></TPX></Extensions></Trackpoint><Trackpoint><Time>2026-03-20T12:21:23+00:00</Time><DistanceMeters>4935.8</DistanceMeters><Position><LatitudeDegrees>50.855794</LatitudeDegrees><LongitudeDegrees>4.287262</LongitudeDegrees></Position><AltitudeMeters>71.4</AltitudeMeters><Extensions><TPX xmlns="http://www.garmin.com/xmlschemas/ActivityExtension/v2"><Speed>1.68</Speed></TPX></Extensions></Trackpoint><Trackpoint><Time>2026-03-20T12:21:24+00:00</Time><DistanceMeters>4939.1</DistanceMeters><Position><LatitudeDegrees>50.855789</LatitudeDegrees><LongitudeDegrees>4.287242</LongitudeDegrees></Position><AltitudeMeters>71.3</AltitudeMeters><Extensions><TPX xmlns="http://www.garmin.com/xmlschemas/ActivityExtension/v2"><Speed>1.92</Speed></TPX></Extensions></Trackpoint><Trackpoint><Time>2026-03-20T12:21:25+00:00</Time><DistanceMeters>4939.1</DistanceMeters><Position><LatitudeDegrees>50.855784</LatitudeDegrees><LongitudeDegrees>4.287214</LongitudeDegrees></Position><AltitudeMeters>71.3</AltitudeMeters><Extensions><TPX xmlns="http://www.garmin.com/xmlschemas/ActivityExtension/v2"><Speed>1.5</Speed></TPX></Extensions></Trackpoint><Trackpoint><Time>2026-03-20T12:21:27+00:00</Time><DistanceMeters>4944.2</DistanceMeters><Position><LatitudeDegrees>50.855772</LatitudeDegrees><LongitudeDegrees>4.287146</LongitudeDegrees></Position><AltitudeMeters>71.2</AltitudeMeters><Extensions><TPX xmlns="http://www.garmin.com/xmlschemas/ActivityExtension/v2"><Speed>1.68</Speed></TPX></Extensions></Trackpoint><Trackpoint><Time>2026-03-20T12:21:28+00:00</Time><DistanceMeters>4947.7</DistanceMeters><Position><LatitudeDegrees>50.855767</LatitudeDegrees><LongitudeDegrees>4.287125</LongitudeDegrees></Position><AltitudeMeters>71.1</AltitudeMeters><Extensions><TPX xmlns="http://www.garmin.com/xmlschemas/ActivityExtension/v2"><Speed>2.38</Speed></TPX></Extensions></Trackpoint><Trackpoint><Time>2026-03-20T12:21:29+00:00</Time><DistanceMeters>4947.7</DistanceMeters><Position><LatitudeDegrees>50.855762</LatitudeDegrees><LongitudeDegrees>4.2871</LongitudeDegrees></Position><AltitudeMeters>71.1</AltitudeMeters><Extensions><TPX xmlns="http://www.garmin.com/xmlschemas/ActivityExtension/v2"><Speed>1.72</Speed></TPX></Extensions></Trackpoint><Trackpoint><Time>2026-03-20T12:21:30+00:00</Time><DistanceMeters>4950.9</DistanceMeters><Position><LatitudeDegrees>50.855758</LatitudeDegrees><LongitudeDegrees>4.287081</LongitudeDegrees></Position><AltitudeMeters>71.0</AltitudeMeters><Extensions><TPX xmlns="http://www.garmin.com/xmlschemas/ActivityExtension/v2"><Speed>2.36</Speed></TPX></Extensions></Trackpoint><Trackpoint><Time>2026-03-20T12:21:31+00:00</Time><DistanceMeters>4953.0</DistanceMeters><Position><LatitudeDegrees>50.855752</LatitudeDegrees><LongitudeDegrees>4.28704</LongitudeDegrees></Position><AltitudeMeters>71.0</AltitudeMeters><Extensions><TPX xmlns="http://www.garmin.com/xmlschemas/ActivityExtension/v2"><Speed>2.308</Speed></TPX></Extensions></Trackpoint><Trackpoint><Time>2026-03-20T12:21:32+00:00</Time><DistanceMeters>4955.0</DistanceMeters><Position><LatitudeDegrees>50.85575</LatitudeDegrees><LongitudeDegrees>4.287025</LongitudeDegrees></Position><AltitudeMeters>71.0</AltitudeMeters><Extensions><TPX xmlns="http://www.garmin.com/xmlschemas/ActivityExtension/v2"><Speed>2.16</Speed></TPX></Extensions></Trackpoint><Trackpoint><Time>2026-03-20T12:21:33+00:00</Time><DistanceMeters>4957.2</DistanceMeters><Position><LatitudeDegrees>50.855744</LatitudeDegrees><LongitudeDegrees>4.28698</LongitudeDegrees></Position><AltitudeMeters>70.9</AltitudeMeters><Extensions><TPX xmlns="http://www.garmin.com/xmlschemas/ActivityExtension/v2"><Speed>1.9</Speed></TPX></Extensions></Trackpoint><Trackpoint><Time>2026-03-20T12:21:34+00:00</Time><DistanceMeters>4959.4</DistanceMeters><Position><LatitudeDegrees>50.855741</LatitudeDegrees><LongitudeDegrees>4.286964</LongitudeDegrees></Position><AltitudeMeters>70.9</AltitudeMeters><Extensions><TPX xmlns="http://www.garmin.com/xmlschemas/ActivityExtension/v2"><Speed>2.34</Speed></TPX></Extensions></Trackpoint><Trackpoint><Time>2026-03-20T12:21:35+00:00</Time><DistanceMeters>4961.7</DistanceMeters><Position><LatitudeDegrees>50.85573</LatitudeDegrees><LongitudeDegrees>4.286918</LongitudeDegrees></Position><AltitudeMeters>70.8</AltitudeMeters><Extensions><TPX xmlns="http://www.garmin.com/xmlschemas/ActivityExtension/v2"><Speed>2.16</Speed></TPX></Extensions></Trackpoint><Trackpoint><Time>2026-03-20T12:21:36+00:00</Time><DistanceMeters>4964.0</DistanceMeters><Position><LatitudeDegrees>50.855726</LatitudeDegrees><LongitudeDegrees>4.286903</LongitudeDegrees></Position><AltitudeMeters>70.8</AltitudeMeters><Extensions><TPX xmlns="http://www.garmin.com/xmlschemas/ActivityExtension/v2"><Speed>2.21</Speed></TPX></Extensions></Trackpoint><Trackpoint><Time>2026-03-20T12:21:37+00:00</Time><DistanceMeters>4966.3</DistanceMeters><Position><LatitudeDegrees>50.855715</LatitudeDegrees><LongitudeDegrees>4.286857</LongitudeDegrees></Position><AltitudeMeters>70.7</AltitudeMeters><Extensions><TPX xmlns="http://www.garmin.com/xmlschemas/ActivityExtension/v2"><Speed>2.25</Speed></TPX></Extensions></Trackpoint><Trackpoint><Time>2026-03-20T12:21:38+00:00</Time><DistanceMeters>4968.5</DistanceMeters><Position><LatitudeDegrees>50.85571</LatitudeDegrees><LongitudeDegrees>4.286843</LongitudeDegrees></Position><AltitudeMeters>70.7</AltitudeMeters><Extensions><TPX xmlns="http://www.garmin.com/xmlschemas/ActivityExtension/v2"><Speed>2.26</Speed></TPX></Extensions></Trackpoint><Trackpoint><Time>2026-03-20T12:21:39+00:00</Time><DistanceMeters>4970.6</DistanceMeters><Position><LatitudeDegrees>50.855703</LatitudeDegrees><LongitudeDegrees>4.2868</LongitudeDegrees></Position><AltitudeMeters>70.7</AltitudeMeters><Extensions><TPX xmlns="http://www.garmin.com/xmlschemas/ActivityExtension/v2"><Speed>2.24</Speed></TPX></Extensions></Trackpoint><Trackpoint><Time>2026-03-20T12:21:40+00:00</Time><DistanceMeters>4972.7</DistanceMeters><Position><LatitudeDegrees>50.855701</LatitudeDegrees><LongitudeDegrees>4.286785</LongitudeDegrees></Position><AltitudeMeters>70.6</AltitudeMeters><Extensions><TPX xmlns="http://www.garmin.com/xmlschemas/ActivityExtension/v2"><Speed>2.2</Speed></TPX></Extensions></Trackpoint><Trackpoint><Time>2026-03-20T12:21:41+00:00</Time><DistanceMeters>4975.4</DistanceMeters><Position><LatitudeDegrees>50.855693</LatitudeDegrees><LongitudeDegrees>4.286731</LongitudeDegrees></Position><AltitudeMeters>70.6</AltitudeMeters><Extensions><TPX xmlns="http://www.garmin.com/xmlschemas/ActivityExtension/v2"><Speed>2.27</Speed></TPX></Extensions></Trackpoint><Trackpoint><Time>2026-03-20T12:21:42+00:00</Time><DistanceMeters>4978.0</DistanceMeters><Position><LatitudeDegrees>50.85569</LatitudeDegrees><LongitudeDegrees>4.286713</LongitudeDegrees></Position><AltitudeMeters>70.6</AltitudeMeters><Extensions><TPX xmlns="http://www.garmin.com/xmlschemas/ActivityExtension/v2"><Speed>2.35</Speed></TPX></Extensions></Trackpoint><Trackpoint><Time>2026-03-20T12:21:43+00:00</Time><DistanceMeters>4980.5</DistanceMeters><Position><LatitudeDegrees>50.85568</LatitudeDegrees><LongitudeDegrees>4.28666</LongitudeDegrees></Position><AltitudeMeters>70.5</AltitudeMeters><Extensions><TPX xmlns="http://www.garmin.com/xmlschemas/ActivityExtension/v2"><Speed>2.4</Speed></TPX></Extensions></Trackpoint><Trackpoint><Time>2026-03-20T12:21:44+00:00</Time><DistanceMeters>4983.0</DistanceMeters><Position><LatitudeDegrees>50.855677</LatitudeDegrees><LongitudeDegrees>4.286644</LongitudeDegrees></Position><AltitudeMeters>70.5</AltitudeMeters><Extensions><TPX xmlns="http://www.garmin.com/xmlschemas/ActivityExtension/v2"><Speed>2.48</Speed></TPX></Extensions></Trackpoint><Trackpoint><Time>2026-03-20T12:21:45+00:00</Time><DistanceMeters>4985.3</DistanceMeters><Position><LatitudeDegrees>50.855668</LatitudeDegrees><LongitudeDegrees>4.286596</LongitudeDegrees></Position><AltitudeMeters>70.4</AltitudeMeters><Extensions><TPX xmlns="http://www.garmin.com/xmlschemas/ActivityExtension/v2"><Speed>2.51</Speed></TPX></Extensions></Trackpoint><Trackpoint><Time>2026-03-20T12:21:46+00:00</Time><DistanceMeters>4987.5</DistanceMeters><Position><LatitudeDegrees>50.855665</LatitudeDegrees><LongitudeDegrees>4.286582</LongitudeDegrees></Position><AltitudeMeters>70.4</AltitudeMeters><Extensions><TPX xmlns="http://www.garmin.com/xmlschemas/ActivityExtension/v2"><Speed>2.43</Speed></TPX></Extensions></Trackpoint><Trackpoint><Time>2026-03-20T12:21:47+00:00</Time><DistanceMeters>4989.8</DistanceMeters><Position><LatitudeDegrees>50.855658</LatitudeDegrees><LongitudeDegrees>4.286536</LongitudeDegrees></Position><AltitudeMeters>70.3</AltitudeMeters><Extensions><TPX xmlns="http://www.garmin.com/xmlschemas/ActivityExtension/v2"><Speed>2.35</Speed></TPX></Extensions></Trackpoint><Trackpoint><Time>2026-03-20T12:21:48+00:00</Time><DistanceMeters>4992.0</DistanceMeters><Position><LatitudeDegrees>50.855655</LatitudeDegrees><LongitudeDegrees>4.286521</LongitudeDegrees></Position><AltitudeMeters>70.3</AltitudeMeters><Extensions><TPX xmlns="http://www.garmin.com/xmlschemas/ActivityExtension/v2"><Speed>2.3</Speed></TPX></Extensions></Trackpoint><Trackpoint><Time>2026-03-20T12:21:49+00:00</Time><DistanceMeters>4994.1</DistanceMeters><Position><LatitudeDegrees>50.855653</LatitudeDegrees><LongitudeDegrees>4.286476</LongitudeDegrees></Position><AltitudeMeters>70.2</AltitudeMeters><Extensions><TPX xmlns="http://www.garmin.com/xmlschemas/ActivityExtension/v2"><Speed>2.21</Speed></TPX></Extensions></Trackpoint><Trackpoint><Time>2026-03-20T12:21:50+00:00</Time><DistanceMeters>4996.1</DistanceMeters><Position><LatitudeDegrees>50.855653</LatitudeDegrees><LongitudeDegrees>4.286463</LongitudeDegrees></Position><AltitudeMeters>70.2</AltitudeMeters><Extensions><TPX xmlns="http://www.garmin.com/xmlschemas/ActivityExtension/v2"><Speed>2.17</Speed></TPX></Extensions></Trackpoint><Trackpoint><Time>2026-03-20T12:21:51+00:00</Time><DistanceMeters>4996.1</DistanceMeters><Position><LatitudeDegrees>50.855653</LatitudeDegrees><LongitudeDegrees>4.286435</LongitudeDegrees></Position><AltitudeMeters>70.2</AltitudeMeters><Extensions><TPX xmlns="http://www.garmin.com/xmlschemas/ActivityExtension/v2"><Speed>1.72</Speed></TPX></Extensions></Trackpoint><Trackpoint><Time>2026-03-20T12:21:52+00:00</Time><DistanceMeters>5000.0</DistanceMeters><Position><LatitudeDegrees>50.855652</LatitudeDegrees><LongitudeDegrees>4.286407</LongitudeDegrees></Position><AltitudeMeters>70.1</AltitudeMeters><Extensions><TPX xmlns="http://www.garmin.com/xmlschemas/ActivityExtension/v2"><Speed>2.05</Speed></TPX></Extensions></Trackpoint><Trackpoint><Time>2026-03-20T12:21:53+00:00</Time><DistanceMeters>5002.2</DistanceMeters><Position><LatitudeDegrees>50.85565</LatitudeDegrees><LongitudeDegrees>4.286362</LongitudeDegrees></Position><AltitudeMeters>70.1</AltitudeMeters><Extensions><TPX xmlns="http://www.garmin.com/xmlschemas/ActivityExtension/v2"><Speed>2.03</Speed></TPX></Extensions></Trackpoint><Trackpoint><Time>2026-03-20T12:21:54+00:00</Time><DistanceMeters>5004.3</DistanceMeters><Position><LatitudeDegrees>50.855649</LatitudeDegrees><LongitudeDegrees>4.286346</LongitudeDegrees></Position><AltitudeMeters>70.1</AltitudeMeters><Extensions><TPX xmlns="http://www.garmin.com/xmlschemas/ActivityExtension/v2"><Speed>2.05</Speed></TPX></Extensions></Trackpoint><Trackpoint><Time>2026-03-20T12:21:55+00:00</Time><DistanceMeters>5004.3</DistanceMeters><Position><LatitudeDegrees>50.855647</LatitudeDegrees><LongitudeDegrees>4.286316</LongitudeDegrees></Position><AltitudeMeters>70.0</AltitudeMeters><Extensions><TPX xmlns="http://www.garmin.com/xmlschemas/ActivityExtension/v2"><Speed>1.64</Speed></TPX></Extensions></Trackpoint><Trackpoint><Time>2026-03-20T12:21:56+00:00</Time><DistanceMeters>5008.0</DistanceMeters><Position><LatitudeDegrees>50.855646</LatitudeDegrees><LongitudeDegrees>4.286294</LongitudeDegrees></Position><AltitudeMeters>70.0</AltitudeMeters><Extensions><TPX xmlns="http://www.garmin.com/xmlschemas/ActivityExtension/v2"><Speed>2.38</Speed></TPX></Extensions></Trackpoint><Trackpoint><Time>2026-03-20T12:21:57+00:00</Time><DistanceMeters>5010.1</DistanceMeters><Position><LatitudeDegrees>50.855641</LatitudeDegrees><LongitudeDegrees>4.28625</LongitudeDegrees></Position><AltitudeMeters>70.0</AltitudeMeters><Extensions><TPX xmlns="http://www.garmin.com/xmlschemas/ActivityExtension/v2"><Speed>2.01</Speed></TPX></Extensions></Trackpoint><Trackpoint><Time>2026-03-20T12:21:58+00:00</Time><DistanceMeters>5012.1</DistanceMeters><Position><LatitudeDegrees>50.855639</LatitudeDegrees><LongitudeDegrees>4.286236</LongitudeDegrees></Position><AltitudeMeters>70.0</AltitudeMeters><Extensions><TPX xmlns="http://www.garmin.com/xmlschemas/ActivityExtension/v2"><Speed>1.99</Speed></TPX></Extensions></Trackpoint><Trackpoint><Time>2026-03-20T12:21:59+00:00</Time><DistanceMeters>5014.5</DistanceMeters><Position><LatitudeDegrees>50.855635</LatitudeDegrees><LongitudeDegrees>4.286186</LongitudeDegrees></Position><AltitudeMeters>69.9</AltitudeMeters><Extensions><TPX xmlns="http://www.garmin.com/xmlschemas/ActivityExtension/v2"><Speed>2.04</Speed></TPX></Extensions></Trackpoint><Trackpoint><Time>2026-03-20T12:22:00+00:00</Time><DistanceMeters>5016.9</DistanceMeters><Position><LatitudeDegrees>50.855634</LatitudeDegrees><LongitudeDegrees>4.286169</LongitudeDegrees></Position><AltitudeMeters>69.9</AltitudeMeters><Extensions><TPX xmlns="http://www.garmin.com/xmlschemas/ActivityExtension/v2"><Speed>2.52</Speed></TPX></Extensions></Trackpoint><Trackpoint><Time>2026-03-20T12:22:01+00:00</Time><DistanceMeters>5019.0</DistanceMeters><Position><LatitudeDegrees>50.855631</LatitudeDegrees><LongitudeDegrees>4.286125</LongitudeDegrees></Position><AltitudeMeters>69.9</AltitudeMeters><Extensions><TPX xmlns="http://www.garmin.com/xmlschemas/ActivityExtension/v2"><Speed>2.19</Speed></TPX></Extensions></Trackpoint><Trackpoint><Time>2026-03-20T12:22:02+00:00</Time><DistanceMeters>5021.0</DistanceMeters><Position><LatitudeDegrees>50.855629</LatitudeDegrees><LongitudeDegrees>4.28611</LongitudeDegrees></Position><AltitudeMeters>69.9</AltitudeMeters><Extensions><TPX xmlns="http://www.garmin.com/xmlschemas/ActivityExtension/v2"><Speed>2.19</Speed></TPX></Extensions></Trackpoint><Trackpoint><Time>2026-03-20T12:22:03+00:00</Time><DistanceMeters>5023.2</DistanceMeters><Position><LatitudeDegrees>50.855625</LatitudeDegrees><LongitudeDegrees>4.286065</LongitudeDegrees></Position><AltitudeMeters>69.8</AltitudeMeters><Extensions><TPX xmlns="http://www.garmin.com/xmlschemas/ActivityExtension/v2"><Speed>2.21</Speed></TPX></Extensions></Trackpoint><Trackpoint><Time>2026-03-20T12:22:04+00:00</Time><DistanceMeters>5025.3</DistanceMeters><Position><LatitudeDegrees>50.855623</LatitudeDegrees><LongitudeDegrees>4.28605</LongitudeDegrees></Position><AltitudeMeters>69.8</AltitudeMeters><Extensions><TPX xmlns="http://www.garmin.com/xmlschemas/ActivityExtension/v2"><Speed>2.16</Speed></TPX></Extensions></Trackpoint><Trackpoint><Time>2026-03-20T12:22:05+00:00</Time><DistanceMeters>5027.4</DistanceMeters><Position><LatitudeDegrees>50.855625</LatitudeDegrees><LongitudeDegrees>4.286005</LongitudeDegrees></Position><AltitudeMeters>69.8</AltitudeMeters><Extensions><TPX xmlns="http://www.garmin.com/xmlschemas/ActivityExtension/v2"><Speed>2.1</Speed></TPX></Extensions></Trackpoint><Trackpoint><Time>2026-03-20T12:22:06+00:00</Time><DistanceMeters>5029.5</DistanceMeters><Position><LatitudeDegrees>50.855626</LatitudeDegrees><LongitudeDegrees>4.28599</LongitudeDegrees></Position><AltitudeMeters>69.8</AltitudeMeters><Extensions><TPX xmlns="http://www.garmin.com/xmlschemas/ActivityExtension/v2"><Speed>2.11</Speed></TPX></Extensions></Trackpoint><Trackpoint><Time>2026-03-20T12:22:07+00:00</Time><DistanceMeters>5031.7</DistanceMeters><Position><LatitudeDegrees>50.855628</LatitudeDegrees><LongitudeDegrees>4.285943</LongitudeDegrees></Position><AltitudeMeters>69.8</AltitudeMeters><Extensions><TPX xmlns="http://www.garmin.com/xmlschemas/ActivityExtension/v2"><Speed>2.14</Speed></TPX></Extensions></Trackpoint><Trackpoint><Time>2026-03-20T12:22:08+00:00</Time><DistanceMeters>5033.9</DistanceMeters><Position><LatitudeDegrees>50.855628</LatitudeDegrees><LongitudeDegrees>4.285927</LongitudeDegrees></Position><AltitudeMeters>69.8</AltitudeMeters><Extensions><TPX xmlns="http://www.garmin.com/xmlschemas/ActivityExtension/v2"><Speed>2.15</Speed></TPX></Extensions></Trackpoint><Trackpoint><Time>2026-03-20T12:22:09+00:00</Time><DistanceMeters>5036.2</DistanceMeters><Position><LatitudeDegrees>50.855628</LatitudeDegrees><LongitudeDegrees>4.285879</LongitudeDegrees></Position><AltitudeMeters>69.7</AltitudeMeters><Extensions><TPX xmlns="http://www.garmin.com/xmlschemas/ActivityExtension/v2"><Speed>2.18</Speed></TPX></Extensions></Trackpoint><Trackpoint><Time>2026-03-20T12:22:10+00:00</Time><DistanceMeters>5038.5</DistanceMeters><Position><LatitudeDegrees>50.855628</LatitudeDegrees><LongitudeDegrees>4.285862</LongitudeDegrees></Position><AltitudeMeters>69.7</AltitudeMeters><Extensions><TPX xmlns="http://www.garmin.com/xmlschemas/ActivityExtension/v2"><Speed>2.22</Speed></TPX></Extensions></Trackpoint><Trackpoint><Time>2026-03-20T12:22:11+00:00</Time><DistanceMeters>5040.8</DistanceMeters><Position><LatitudeDegrees>50.855625</LatitudeDegrees><LongitudeDegrees>4.285811</LongitudeDegrees></Position><AltitudeMeters>69.7</AltitudeMeters><Extensions><TPX xmlns="http://www.garmin.com/xmlschemas/ActivityExtension/v2"><Speed>2.26</Speed></TPX></Extensions></Trackpoint><Trackpoint><Time>2026-03-20T12:22:12+00:00</Time><DistanceMeters>5043.1</DistanceMeters><Position><LatitudeDegrees>50.855624</LatitudeDegrees><LongitudeDegrees>4.285797</LongitudeDegrees></Position><AltitudeMeters>69.7</AltitudeMeters><Extensions><TPX xmlns="http://www.garmin.com/xmlschemas/ActivityExtension/v2"><Speed>2.28</Speed></TPX></Extensions></Trackpoint><Trackpoint><Time>2026-03-20T12:22:13+00:00</Time><DistanceMeters>5043.1</DistanceMeters><Position><LatitudeDegrees>50.855622</LatitudeDegrees><LongitudeDegrees>4.285768</LongitudeDegrees></Position><AltitudeMeters>69.6</AltitudeMeters><Extensions><TPX xmlns="http://www.garmin.com/xmlschemas/ActivityExtension/v2"><Speed>1.84</Speed></TPX></Extensions></Trackpoint><Trackpoint><Time>2026-03-20T12:22:14+00:00</Time><DistanceMeters>5046.9</DistanceMeters><Position><LatitudeDegrees>50.855621</LatitudeDegrees><LongitudeDegrees>4.285743</LongitudeDegrees></Position><AltitudeMeters>69.6</AltitudeMeters><Extensions><TPX xmlns="http://www.garmin.com/xmlschemas/ActivityExtension/v2"><Speed>2.14</Speed></TPX></Extensions></Trackpoint><Trackpoint><Time>2026-03-20T12:22:15+00:00</Time><DistanceMeters>5046.9</DistanceMeters><Position><LatitudeDegrees>50.855619</LatitudeDegrees><LongitudeDegrees>4.285718</LongitudeDegrees></Position><AltitudeMeters>69.6</AltitudeMeters><Extensions><TPX xmlns="http://www.garmin.com/xmlschemas/ActivityExtension/v2"><Speed>1.68</Speed></TPX></Extensions></Trackpoint><Trackpoint><Time>2026-03-20T12:22:16+00:00</Time><DistanceMeters>5050.8</DistanceMeters><Position><LatitudeDegrees>50.855617</LatitudeDegrees><LongitudeDegrees>4.285687</LongitudeDegrees></Position><AltitudeMeters>69.6</AltitudeMeters><Extensions><TPX xmlns="http://www.garmin.com/xmlschemas/ActivityExtension/v2"><Speed>2.0</Speed></TPX></Extensions></Trackpoint><Trackpoint><Time>2026-03-20T12:22:17+00:00</Time><DistanceMeters>5050.8</DistanceMeters><Position><LatitudeDegrees>50.855616</LatitudeDegrees><LongitudeDegrees>4.285668</LongitudeDegrees></Position><AltitudeMeters>69.6</AltitudeMeters><Extensions><TPX xmlns="http://www.garmin.com/xmlschemas/ActivityExtension/v2"><Speed>1.54</Speed></TPX></Extensions></Trackpoint><Trackpoint><Time>2026-03-20T12:22:18+00:00</Time><DistanceMeters>5054.0</DistanceMeters><Position><LatitudeDegrees>50.855614</LatitudeDegrees><LongitudeDegrees>4.285643</LongitudeDegrees></Position><AltitudeMeters>69.5</AltitudeMeters><Extensions><TPX xmlns="http://www.garmin.com/xmlschemas/ActivityExtension/v2"><Speed>2.18</Speed></TPX></Extensions></Trackpoint><Trackpoint><Time>2026-03-20T12:22:19+00:00</Time><DistanceMeters>5054.0</DistanceMeters><Position><LatitudeDegrees>50.855612</LatitudeDegrees><LongitudeDegrees>4.285615</LongitudeDegrees></Position><AltitudeMeters>69.5</AltitudeMeters><Extensions><TPX xmlns="http://www.garmin.com/xmlschemas/ActivityExtension/v2"><Speed>1.42</Speed></TPX></Extensions></Trackpoint><Trackpoint><Time>2026-03-20T12:22:20+00:00</Time><DistanceMeters>5057.8</DistanceMeters><Position><LatitudeDegrees>50.85561</LatitudeDegrees><LongitudeDegrees>4.285588</LongitudeDegrees></Position><AltitudeMeters>69.5</AltitudeMeters><Extensions><TPX xmlns="http://www.garmin.com/xmlschemas/ActivityExtension/v2"><Speed>2.18</Speed></TPX></Extensions></Trackpoint><Trackpoint><Time>2026-03-20T12:22:21+00:00</Time><DistanceMeters>5057.8</DistanceMeters><Position><LatitudeDegrees>50.855611</LatitudeDegrees><LongitudeDegrees>4.285562</LongitudeDegrees></Position><AltitudeMeters>69.5</AltitudeMeters><Extensions><TPX xmlns="http://www.garmin.com/xmlschemas/ActivityExtension/v2"><Speed>1.4</Speed></TPX></Extensions></Trackpoint><Trackpoint><Time>2026-03-20T12:22:22+00:00</Time><DistanceMeters>5061.8</DistanceMeters><Position><LatitudeDegrees>50.855611</LatitudeDegrees><LongitudeDegrees>4.285532</LongitudeDegrees></Position><AltitudeMeters>69.4</AltitudeMeters><Extensions><TPX xmlns="http://www.garmin.com/xmlschemas/ActivityExtension/v2"><Speed>2.2</Speed></TPX></Extensions></Trackpoint><Trackpoint><Time>2026-03-20T12:22:23+00:00</Time><DistanceMeters>5063.9</DistanceMeters><Position><LatitudeDegrees>50.855612</LatitudeDegrees><LongitudeDegrees>4.285486</LongitudeDegrees></Position><AltitudeMeters>69.4</AltitudeMeters><Extensions><TPX xmlns="http://www.garmin.com/xmlschemas/ActivityExtension/v2"><Speed>1.98</Speed></TPX></Extensions></Trackpoint><Trackpoint><Time>2026-03-20T12:22:24+00:00</Time><DistanceMeters>5066.0</DistanceMeters><Position><LatitudeDegrees>50.855612</LatitudeDegrees><LongitudeDegrees>4.285471</LongitudeDegrees></Position><AltitudeMeters>69.4</AltitudeMeters><Extensions><TPX xmlns="http://www.garmin.com/xmlschemas/ActivityExtension/v2"><Speed>2.4</Speed></TPX></Extensions></Trackpoint><Trackpoint><Time>2026-03-20T12:22:25+00:00</Time><DistanceMeters>5068.2</DistanceMeters><Position><LatitudeDegrees>50.855621</LatitudeDegrees><LongitudeDegrees>4.285425</LongitudeDegrees></Position><AltitudeMeters>69.4</AltitudeMeters><Extensions><TPX xmlns="http://www.garmin.com/xmlschemas/ActivityExtension/v2"><Speed>2.08</Speed></TPX></Extensions></Trackpoint><Trackpoint><Time>2026-03-20T12:22:26+00:00</Time><DistanceMeters>5070.4</DistanceMeters><Position><LatitudeDegrees>50.855626</LatitudeDegrees><LongitudeDegrees>4.285412</LongitudeDegrees></Position><AltitudeMeters>69.3</AltitudeMeters><Extensions><TPX xmlns="http://www.garmin.com/xmlschemas/ActivityExtension/v2"><Speed>2.52</Speed></TPX></Extensions></Trackpoint><Trackpoint><Time>2026-03-20T12:22:27+00:00</Time><DistanceMeters>5072.5</DistanceMeters><Position><LatitudeDegrees>50.855639</LatitudeDegrees><LongitudeDegrees>4.285375</LongitudeDegrees></Position><AltitudeMeters>69.3</AltitudeMeters><Extensions><TPX xmlns="http://www.garmin.com/xmlschemas/ActivityExtension/v2"><Speed>2.13</Speed></TPX></Extensions></Trackpoint><Trackpoint><Time>2026-03-20T12:22:28+00:00</Time><DistanceMeters>5074.5</DistanceMeters><Position><LatitudeDegrees>50.855643</LatitudeDegrees><LongitudeDegrees>4.285362</LongitudeDegrees></Position><AltitudeMeters>69.3</AltitudeMeters><Extensions><TPX xmlns="http://www.garmin.com/xmlschemas/ActivityExtension/v2"><Speed>2.12</Speed></TPX></Extensions></Trackpoint><Trackpoint><Time>2026-03-20T12:22:29+00:00</Time><DistanceMeters>5076.8</DistanceMeters><Position><LatitudeDegrees>50.855663</LatitudeDegrees><LongitudeDegrees>4.285327</LongitudeDegrees></Position><AltitudeMeters>69.3</AltitudeMeters><Extensions><TPX xmlns="http://www.garmin.com/xmlschemas/ActivityExtension/v2"><Speed>2.15</Speed></TPX></Extensions></Trackpoint><Trackpoint><Time>2026-03-20T12:22:30+00:00</Time><DistanceMeters>5079.0</DistanceMeters><Position><LatitudeDegrees>50.855671</LatitudeDegrees><LongitudeDegrees>4.285315</LongitudeDegrees></Position><AltitudeMeters>69.3</AltitudeMeters><Extensions><TPX xmlns="http://www.garmin.com/xmlschemas/ActivityExtension/v2"><Speed>2.16</Speed></TPX></Extensions></Trackpoint><Trackpoint><Time>2026-03-20T12:22:31+00:00</Time><DistanceMeters>5081.2</DistanceMeters><Position><LatitudeDegrees>50.855697</LatitudeDegrees><LongitudeDegrees>4.285291</LongitudeDegrees></Position><AltitudeMeters>69.2</AltitudeMeters><Extensions><TPX xmlns="http://www.garmin.com/xmlschemas/ActivityExtension/v2"><Speed>2.15</Speed></TPX></Extensions></Trackpoint><Trackpoint><Time>2026-03-20T12:22:32+00:00</Time><DistanceMeters>5083.3</DistanceMeters><Position><LatitudeDegrees>50.855704</LatitudeDegrees><LongitudeDegrees>4.285283</LongitudeDegrees></Position><AltitudeMeters>69.1</AltitudeMeters><Extensions><TPX xmlns="http://www.garmin.com/xmlschemas/ActivityExtension/v2"><Speed>2.17</Speed></TPX></Extensions></Trackpoint><Trackpoint><Time>2026-03-20T12:22:33+00:00</Time><DistanceMeters>5085.5</DistanceMeters><Position><LatitudeDegrees>50.855728</LatitudeDegrees><LongitudeDegrees>4.285257</LongitudeDegrees></Position><AltitudeMeters>69.1</AltitudeMeters><Extensions><TPX xmlns="http://www.garmin.com/xmlschemas/ActivityExtension/v2"><Speed>2.19</Speed></TPX></Extensions></Trackpoint><Trackpoint><Time>2026-03-20T12:22:34+00:00</Time><DistanceMeters>5087.6</DistanceMeters><Position><LatitudeDegrees>50.855736</LatitudeDegrees><LongitudeDegrees>4.285248</LongitudeDegrees></Position><AltitudeMeters>69.0</AltitudeMeters><Extensions><TPX xmlns="http://www.garmin.com/xmlschemas/ActivityExtension/v2"><Speed>2.17</Speed></TPX></Extensions></Trackpoint><Trackpoint><Time>2026-03-20T12:22:35+00:00</Time><DistanceMeters>5087.6</DistanceMeters><Position><LatitudeDegrees>50.855752</LatitudeDegrees><LongitudeDegrees>4.285236</LongitudeDegrees></Position><AltitudeMeters>69.0</AltitudeMeters><Extensions><TPX xmlns="http://www.garmin.com/xmlschemas/ActivityExtension/v2"><Speed>1.72</Speed></TPX></Extensions></Trackpoint><Trackpoint><Time>2026-03-20T12:22:36+00:00</Time><DistanceMeters>5091.3</DistanceMeters><Position><LatitudeDegrees>50.855766</LatitudeDegrees><LongitudeDegrees>4.285222</LongitudeDegrees></Position><AltitudeMeters>68.9</AltitudeMeters><Extensions><TPX xmlns="http://www.garmin.com/xmlschemas/ActivityExtension/v2"><Speed>2.03</Speed></TPX></Extensions></Trackpoint><Trackpoint><Time>2026-03-20T12:22:37+00:00</Time><DistanceMeters>5093.4</DistanceMeters><Position><LatitudeDegrees>50.855789</LatitudeDegrees><LongitudeDegrees>4.285197</LongitudeDegrees></Position><AltitudeMeters>68.9</AltitudeMeters><Extensions><TPX xmlns="http://www.garmin.com/xmlschemas/ActivityExtension/v2"><Speed>2.02</Speed></TPX></Extensions></Trackpoint><Trackpoint><Time>2026-03-20T12:22:38+00:00</Time><DistanceMeters>5095.5</DistanceMeters><Position><LatitudeDegrees>50.855797</LatitudeDegrees><LongitudeDegrees>4.285189</LongitudeDegrees></Position><AltitudeMeters>68.8</AltitudeMeters><Extensions><TPX xmlns="http://www.garmin.com/xmlschemas/ActivityExtension/v2"><Speed>2.01</Speed></TPX></Extensions></Trackpoint><Trackpoint><Time>2026-03-20T12:22:39+00:00</Time><DistanceMeters>5097.6</DistanceMeters><Position><LatitudeDegrees>50.855821</LatitudeDegrees><LongitudeDegrees>4.285167</LongitudeDegrees></Position><AltitudeMeters>68.8</AltitudeMeters><Extensions><TPX xmlns="http://www.garmin.com/xmlschemas/ActivityExtension/v2"><Speed>1.99</Speed></TPX></Extensions></Trackpoint><Trackpoint><Time>2026-03-20T12:22:40+00:00</Time><DistanceMeters>5099.6</DistanceMeters><Position><LatitudeDegrees>50.855829</LatitudeDegrees><LongitudeDegrees>4.285159</LongitudeDegrees></Position><AltitudeMeters>68.7</AltitudeMeters><Extensions><TPX xmlns="http://www.garmin.com/xmlschemas/ActivityExtension/v2"><Speed>2.4</Speed></TPX></Extensions></Trackpoint><Trackpoint><Time>2026-03-20T12:22:41+00:00</Time><DistanceMeters>5101.8</DistanceMeters><Position><LatitudeDegrees>50.855854</LatitudeDegrees><LongitudeDegrees>4.285137</LongitudeDegrees></Position><AltitudeMeters>68.6</AltitudeMeters><Extensions><TPX xmlns="http://www.garmin.com/xmlschemas/ActivityExtension/v2"><Speed>2.09</Speed></TPX></Extensions></Trackpoint><Trackpoint><Time>2026-03-20T12:22:42+00:00</Time><DistanceMeters>5103.9</DistanceMeters><Position><LatitudeDegrees>50.855862</LatitudeDegrees><LongitudeDegrees>4.285128</LongitudeDegrees></Position><AltitudeMeters>68.6</AltitudeMeters><Extensions><TPX xmlns="http://www.garmin.com/xmlschemas/ActivityExtension/v2"><Speed>2.1</Speed></TPX></Extensions></Trackpoint><Trackpoint><Time>2026-03-20T12:22:43+00:00</Time><DistanceMeters>5106.1</DistanceMeters><Position><LatitudeDegrees>50.855889</LatitudeDegrees><LongitudeDegrees>4.285103</LongitudeDegrees></Position><AltitudeMeters>68.5</AltitudeMeters><Extensions><TPX xmlns="http://www.garmin.com/xmlschemas/ActivityExtension/v2"><Speed>2.12</Speed></TPX></Extensions></Trackpoint><Trackpoint><Time>2026-03-20T12:22:44+00:00</Time><DistanceMeters>5108.3</DistanceMeters><Position><LatitudeDegrees>50.855896</LatitudeDegrees><LongitudeDegrees>4.285096</LongitudeDegrees></Position><AltitudeMeters>68.5</AltitudeMeters><Extensions><TPX xmlns="http://www.garmin.com/xmlschemas/ActivityExtension/v2"><Speed>2.15</Speed></TPX></Extensions></Trackpoint><Trackpoint><Time>2026-03-20T12:22:45+00:00</Time><DistanceMeters>5108.3</DistanceMeters><Position><LatitudeDegrees>50.855911</LatitudeDegrees><LongitudeDegrees>4.285081</LongitudeDegrees></Position><AltitudeMeters>68.4</AltitudeMeters><Extensions><TPX xmlns="http://www.garmin.com/xmlschemas/ActivityExtension/v2"><Speed>1.74</Speed></TPX></Extensions></Trackpoint><Trackpoint><Time>2026-03-20T12:22:46+00:00</Time><DistanceMeters>5112.3</DistanceMeters><Position><LatitudeDegrees>50.855926</LatitudeDegrees><LongitudeDegrees>4.285066</LongitudeDegrees></Position><AltitudeMeters>68.4</AltitudeMeters><Extensions><TPX xmlns="http://www.garmin.com/xmlschemas/ActivityExtension/v2"><Speed>2.11</Speed></TPX></Extensions></Trackpoint><Trackpoint><Time>2026-03-20T12:22:47+00:00</Time><DistanceMeters>5112.3</DistanceMeters><Position><LatitudeDegrees>50.855942</LatitudeDegrees><LongitudeDegrees>4.285046</LongitudeDegrees></Position><AltitudeMeters>68.3</AltitudeMeters><Extensions><TPX xmlns="http://www.garmin.com/xmlschemas/ActivityExtension/v2"><Speed>1.68</Speed></TPX></Extensions></Trackpoint><Trackpoint><Time>2026-03-20T12:22:48+00:00</Time><DistanceMeters>5116.1</DistanceMeters><Position><LatitudeDegrees>50.855952</LatitudeDegrees><LongitudeDegrees>4.285029</LongitudeDegrees></Position><AltitudeMeters>68.3</AltitudeMeters><Extensions><TPX xmlns="http://www.garmin.com/xmlschemas/ActivityExtension/v2"><Speed>2.0</Speed></TPX></Extensions></Trackpoint><Trackpoint><Time>2026-03-20T12:22:49+00:00</Time><DistanceMeters>5118.3</DistanceMeters><Position><LatitudeDegrees>50.855974</LatitudeDegrees><LongitudeDegrees>4.284999</LongitudeDegrees></Position><AltitudeMeters>68.2</AltitudeMeters><Extensions><TPX xmlns="http://www.garmin.com/xmlschemas/ActivityExtension/v2"><Speed>2.0</Speed></TPX></Extensions></Trackpoint><Trackpoint><Time>2026-03-20T12:22:50+00:00</Time><DistanceMeters>5120.5</DistanceMeters><Position><LatitudeDegrees>50.855981</LatitudeDegrees><LongitudeDegrees>4.284989</LongitudeDegrees></Position><AltitudeMeters>68.2</AltitudeMeters><Extensions><TPX xmlns="http://www.garmin.com/xmlschemas/ActivityExtension/v2"><Speed>2.44</Speed></TPX></Extensions></Trackpoint><Trackpoint><Time>2026-03-20T12:22:51+00:00</Time><DistanceMeters>5122.6</DistanceMeters><Position><LatitudeDegrees>50.855999</LatitudeDegrees><LongitudeDegrees>4.284953</LongitudeDegrees></Position><AltitudeMeters>68.1</AltitudeMeters><Extensions><TPX xmlns="http://www.garmin.com/xmlschemas/ActivityExtension/v2"><Speed>2.06</Speed></TPX></Extensions></Trackpoint><Trackpoint><Time>2026-03-20T12:22:52+00:00</Time><DistanceMeters>5124.7</DistanceMeters><Position><LatitudeDegrees>50.856004</LatitudeDegrees><LongitudeDegrees>4.284941</LongitudeDegrees></Position><AltitudeMeters>68.1</AltitudeMeters><Extensions><TPX xmlns="http://www.garmin.com/xmlschemas/ActivityExtension/v2"><Speed>2.48</Speed></TPX></Extensions></Trackpoint><Trackpoint><Time>2026-03-20T12:22:53+00:00</Time><DistanceMeters>5126.8</DistanceMeters><Position><LatitudeDegrees>50.856023</LatitudeDegrees><LongitudeDegrees>4.284909</LongitudeDegrees></Position><AltitudeMeters>68.0</AltitudeMeters><Extensions><TPX xmlns="http://www.garmin.com/xmlschemas/ActivityExtension/v2"><Speed>2.13</Speed></TPX></Extensions></Trackpoint><Trackpoint><Time>2026-03-20T12:22:54+00:00</Time><DistanceMeters>5128.8</DistanceMeters><Position><LatitudeDegrees>50.856029</LatitudeDegrees><LongitudeDegrees>4.284898</LongitudeDegrees></Position><AltitudeMeters>68.0</AltitudeMeters><Extensions><TPX xmlns="http://www.garmin.com/xmlschemas/ActivityExtension/v2"><Speed>2.1</Speed></TPX></Extensions></Trackpoint><Trackpoint><Time>2026-03-20T12:22:55+00:00</Time><DistanceMeters>5128.8</DistanceMeters><Position><LatitudeDegrees>50.856043</LatitudeDegrees><LongitudeDegrees>4.284878</LongitudeDegrees></Position><AltitudeMeters>68.0</AltitudeMeters><Extensions><TPX xmlns="http://www.garmin.com/xmlschemas/ActivityExtension/v2"><Speed>1.66</Speed></TPX></Extensions></Trackpoint><Trackpoint><Time>2026-03-20T12:22:56+00:00</Time><DistanceMeters>5132.8</DistanceMeters><Position><LatitudeDegrees>50.856054</LatitudeDegrees><LongitudeDegrees>4.284856</LongitudeDegrees></Position><AltitudeMeters>67.9</AltitudeMeters><Extensions><TPX xmlns="http://www.garmin.com/xmlschemas/ActivityExtension/v2"><Speed>2.04</Speed></TPX></Extensions></Trackpoint><Trackpoint><Time>2026-03-20T12:22:57+00:00</Time><DistanceMeters>5135.0</DistanceMeters><Position><LatitudeDegrees>50.856075</LatitudeDegrees><LongitudeDegrees>4.284823</LongitudeDegrees></Position><AltitudeMeters>67.9</AltitudeMeters><Extensions><TPX xmlns="http://www.garmin.com/xmlschemas/ActivityExtension/v2"><Speed>2.06</Speed></TPX></Extensions></Trackpoint><Trackpoint><Time>2026-03-20T12:22:58+00:00</Time><DistanceMeters>5137.2</DistanceMeters><Position><LatitudeDegrees>50.856083</LatitudeDegrees><LongitudeDegrees>4.284812</LongitudeDegrees></Position><AltitudeMeters>67.8</AltitudeMeters><Extensions><TPX xmlns="http://www.garmin.com/xmlschemas/ActivityExtension/v2"><Speed>2.09</Speed></TPX></Extensions></Trackpoint><Trackpoint><Time>2026-03-20T12:22:59+00:00</Time><DistanceMeters>5139.8</DistanceMeters><Position><LatitudeDegrees>50.856108</LatitudeDegrees><LongitudeDegrees>4.284773</LongitudeDegrees></Position><AltitudeMeters>67.8</AltitudeMeters><Extensions><TPX xmlns="http://www.garmin.com/xmlschemas/ActivityExtension/v2"><Speed>2.19</Speed></TPX></Extensions></Trackpoint><Trackpoint><Time>2026-03-20T12:23:00+00:00</Time><DistanceMeters>5142.3</DistanceMeters><Position><LatitudeDegrees>50.856114</LatitudeDegrees><LongitudeDegrees>4.28476</LongitudeDegrees></Position><AltitudeMeters>67.8</AltitudeMeters><Extensions><TPX xmlns="http://www.garmin.com/xmlschemas/ActivityExtension/v2"><Speed>2.7</Speed></TPX></Extensions></Trackpoint><Trackpoint><Time>2026-03-20T12:23:01+00:00</Time><DistanceMeters>5144.9</DistanceMeters><Position><LatitudeDegrees>50.856138</LatitudeDegrees><LongitudeDegrees>4.28472</LongitudeDegrees></Position><AltitudeMeters>67.7</AltitudeMeters><Extensions><TPX xmlns="http://www.garmin.com/xmlschemas/ActivityExtension/v2"><Speed>2.41</Speed></TPX></Extensions></Trackpoint><Trackpoint><Time>2026-03-20T12:23:02+00:00</Time><DistanceMeters>5147.4</DistanceMeters><Position><LatitudeDegrees>50.856145</LatitudeDegrees><LongitudeDegrees>4.284706</LongitudeDegrees></Position><AltitudeMeters>67.7</AltitudeMeters><Extensions><TPX xmlns="http://www.garmin.com/xmlschemas/ActivityExtension/v2"><Speed>2.48</Speed></TPX></Extensions></Trackpoint><Trackpoint><Time>2026-03-20T12:23:03+00:00</Time><DistanceMeters>5149.9</DistanceMeters><Position><LatitudeDegrees>50.856167</LatitudeDegrees><LongitudeDegrees>4.284665</LongitudeDegrees></Position><AltitudeMeters>67.7</AltitudeMeters><Extensions><TPX xmlns="http://www.garmin.com/xmlschemas/ActivityExtension/v2"><Speed>2.53</Speed></TPX></Extensions></Trackpoint><Trackpoint><Time>2026-03-20T12:23:04+00:00</Time><DistanceMeters>5152.3</DistanceMeters><Position><LatitudeDegrees>50.856173</LatitudeDegrees><LongitudeDegrees>4.284654</LongitudeDegrees></Position><AltitudeMeters>67.7</AltitudeMeters><Extensions><TPX xmlns="http://www.garmin.com/xmlschemas/ActivityExtension/v2"><Speed>2.51</Speed></TPX></Extensions></Trackpoint><Trackpoint><Time>2026-03-20T12:23:05+00:00</Time><DistanceMeters>5152.3</DistanceMeters><Position><LatitudeDegrees>50.856185</LatitudeDegrees><LongitudeDegrees>4.284631</LongitudeDegrees></Position><AltitudeMeters>67.7</AltitudeMeters><Extensions><TPX xmlns="http://www.garmin.com/xmlschemas/ActivityExtension/v2"><Speed>2.0</Speed></TPX></Extensions></Trackpoint><Trackpoint><Time>2026-03-20T12:23:06+00:00</Time><DistanceMeters>5156.3</DistanceMeters><Position><LatitudeDegrees>50.856197</LatitudeDegrees><LongitudeDegrees>4.28461</LongitudeDegrees></Position><AltitudeMeters>67.7</AltitudeMeters><Extensions><TPX xmlns="http://www.garmin.com/xmlschemas/ActivityExtension/v2"><Speed>2.29</Speed></TPX></Extensions></Trackpoint><Trackpoint><Time>2026-03-20T12:23:07+00:00</Time><DistanceMeters>5156.3</DistanceMeters><Position><LatitudeDegrees>50.856209</LatitudeDegrees><LongitudeDegrees>4.284591</LongitudeDegrees></Position><AltitudeMeters>67.7</AltitudeMeters><Extensions><TPX xmlns="http://www.garmin.com/xmlschemas/ActivityExtension/v2"><Speed>1.78</Speed></TPX></Extensions></Trackpoint><Trackpoint><Time>2026-03-20T12:23:08+00:00</Time><DistanceMeters>5160.2</DistanceMeters><Position><LatitudeDegrees>50.856223</LatitudeDegrees><LongitudeDegrees>4.284572</LongitudeDegrees></Position><AltitudeMeters>67.7</AltitudeMeters><Extensions><TPX xmlns="http://www.garmin.com/xmlschemas/ActivityExtension/v2"><Speed>2.07</Speed></TPX></Extensions></Trackpoint><Trackpoint><Time>2026-03-20T12:23:09+00:00</Time><DistanceMeters>5162.5</DistanceMeters><Position><LatitudeDegrees>50.856247</LatitudeDegrees><LongitudeDegrees>4.284543</LongitudeDegrees></Position><AltitudeMeters>67.6</AltitudeMeters><Extensions><TPX xmlns="http://www.garmin.com/xmlschemas/ActivityExtension/v2"><Speed>2.04</Speed></TPX></Extensions></Trackpoint><Trackpoint><Time>2026-03-20T12:23:10+00:00</Time><DistanceMeters>5164.8</DistanceMeters><Position><LatitudeDegrees>50.856255</LatitudeDegrees><LongitudeDegrees>4.284532</LongitudeDegrees></Position><AltitudeMeters>67.6</AltitudeMeters><Extensions><TPX xmlns="http://www.garmin.com/xmlschemas/ActivityExtension/v2"><Speed>2.5</Speed></TPX></Extensions></Trackpoint><Trackpoint><Time>2026-03-20T12:23:11+00:00</Time><DistanceMeters>5166.9</DistanceMeters><Position><LatitudeDegrees>50.856279</LatitudeDegrees><LongitudeDegrees>4.284509</LongitudeDegrees></Position><AltitudeMeters>67.6</AltitudeMeters><Extensions><TPX xmlns="http://www.garmin.com/xmlschemas/ActivityExtension/v2"><Speed>2.12</Speed></TPX></Extensions></Trackpoint><Trackpoint><Time>2026-03-20T12:23:12+00:00</Time><DistanceMeters>5169.0</DistanceMeters><Position><LatitudeDegrees>50.856287</LatitudeDegrees><LongitudeDegrees>4.2845</LongitudeDegrees></Position><AltitudeMeters>67.6</AltitudeMeters><Extensions><TPX xmlns="http://www.garmin.com/xmlschemas/ActivityExtension/v2"><Speed>2.54</Speed></TPX></Extensions></Trackpoint><Trackpoint><Time>2026-03-20T12:23:13+00:00</Time><DistanceMeters>5171.2</DistanceMeters><Position><LatitudeDegrees>50.856311</LatitudeDegrees><LongitudeDegrees>4.284473</LongitudeDegrees></Position><AltitudeMeters>67.6</AltitudeMeters><Extensions><TPX xmlns="http://www.garmin.com/xmlschemas/ActivityExtension/v2"><Speed>2.19</Speed></TPX></Extensions></Trackpoint><Trackpoint><Time>2026-03-20T12:23:14+00:00</Time><DistanceMeters>5173.3</DistanceMeters><Position><LatitudeDegrees>50.856318</LatitudeDegrees><LongitudeDegrees>4.284463</LongitudeDegrees></Position><AltitudeMeters>67.6</AltitudeMeters><Extensions><TPX xmlns="http://www.garmin.com/xmlschemas/ActivityExtension/v2"><Speed>2.16</Speed></TPX></Extensions></Trackpoint><Trackpoint><Time>2026-03-20T12:23:15+00:00</Time><DistanceMeters>5173.3</DistanceMeters><Position><LatitudeDegrees>50.856333</LatitudeDegrees><LongitudeDegrees>4.284448</LongitudeDegrees></Position><AltitudeMeters>67.6</AltitudeMeters><Extensions><TPX xmlns="http://www.garmin.com/xmlschemas/ActivityExtension/v2"><Speed>1.7</Speed></TPX></Extensions></Trackpoint><Trackpoint><Time>2026-03-20T12:23:16+00:00</Time><DistanceMeters>5177.0</DistanceMeters><Position><LatitudeDegrees>50.856346</LatitudeDegrees><LongitudeDegrees>4.284433</LongitudeDegrees></Position><AltitudeMeters>67.5</AltitudeMeters><Extensions><TPX xmlns="http://www.garmin.com/xmlschemas/ActivityExtension/v2"><Speed>2.02</Speed></TPX></Extensions></Trackpoint><Trackpoint><Time>2026-03-20T12:23:17+00:00</Time><DistanceMeters>5179.2</DistanceMeters><Position><LatitudeDegrees>50.856368</LatitudeDegrees><LongitudeDegrees>4.284406</LongitudeDegrees></Position><AltitudeMeters>67.5</AltitudeMeters><Extensions><TPX xmlns="http://www.garmin.com/xmlschemas/ActivityExtension/v2"><Speed>2.03</Speed></TPX></Extensions></Trackpoint><Trackpoint><Time>2026-03-20T12:23:18+00:00</Time><DistanceMeters>5181.3</DistanceMeters><Position><LatitudeDegrees>50.856376</LatitudeDegrees><LongitudeDegrees>4.284395</LongitudeDegrees></Position><AltitudeMeters>67.5</AltitudeMeters><Extensions><TPX xmlns="http://www.garmin.com/xmlschemas/ActivityExtension/v2"><Speed>2.03</Speed></TPX></Extensions></Trackpoint><Trackpoint><Time>2026-03-20T12:23:19+00:00</Time><DistanceMeters>5182.9</DistanceMeters><Position><LatitudeDegrees>50.856392</LatitudeDegrees><LongitudeDegrees>4.284375</LongitudeDegrees></Position><AltitudeMeters>67.5</AltitudeMeters><Extensions><TPX xmlns="http://www.garmin.com/xmlschemas/ActivityExtension/v2"><Speed>1.92</Speed></TPX></Extensions></Trackpoint><Trackpoint><Time>2026-03-20T12:23:20+00:00</Time><DistanceMeters>5184.5</DistanceMeters><Position><LatitudeDegrees>50.8564</LatitudeDegrees><LongitudeDegrees>4.284362</LongitudeDegrees></Position><AltitudeMeters>67.5</AltitudeMeters><Extensions><TPX xmlns="http://www.garmin.com/xmlschemas/ActivityExtension/v2"><Speed>2.24</Speed></TPX></Extensions></Trackpoint><Trackpoint><Time>2026-03-20T12:23:21+00:00</Time><DistanceMeters>5186.1</DistanceMeters><Position><LatitudeDegrees>50.856408</LatitudeDegrees><LongitudeDegrees>4.284349</LongitudeDegrees></Position><AltitudeMeters>67.5</AltitudeMeters><Extensions><TPX xmlns="http://www.garmin.com/xmlschemas/ActivityExtension/v2"><Speed>1.82</Speed></TPX></Extensions></Trackpoint><Trackpoint><Time>2026-03-20T12:23:22+00:00</Time><DistanceMeters>5188.3</DistanceMeters><Position><LatitudeDegrees>50.856432</LatitudeDegrees><LongitudeDegrees>4.284322</LongitudeDegrees></Position><AltitudeMeters>67.4</AltitudeMeters><Extensions><TPX xmlns="http://www.garmin.com/xmlschemas/ActivityExtension/v2"><Speed>1.83</Speed></TPX></Extensions></Trackpoint><Trackpoint><Time>2026-03-20T12:23:23+00:00</Time><DistanceMeters>5190.5</DistanceMeters><Position><LatitudeDegrees>50.85644</LatitudeDegrees><LongitudeDegrees>4.284313</LongitudeDegrees></Position><AltitudeMeters>67.4</AltitudeMeters><Extensions><TPX xmlns="http://www.garmin.com/xmlschemas/ActivityExtension/v2"><Speed>1.84</Speed></TPX></Extensions></Trackpoint><Trackpoint><Time>2026-03-20T12:23:24+00:00</Time><DistanceMeters>5192.8</DistanceMeters><Position><LatitudeDegrees>50.856465</LatitudeDegrees><LongitudeDegrees>4.284287</LongitudeDegrees></Position><AltitudeMeters>67.4</AltitudeMeters><Extensions><TPX xmlns="http://www.garmin.com/xmlschemas/ActivityExtension/v2"><Speed>1.97</Speed></TPX></Extensions></Trackpoint><Trackpoint><Time>2026-03-20T12:23:25+00:00</Time><DistanceMeters>5195.0</DistanceMeters><Position><LatitudeDegrees>50.856473</LatitudeDegrees><LongitudeDegrees>4.284277</LongitudeDegrees></Position><AltitudeMeters>67.3</AltitudeMeters><Extensions><TPX xmlns="http://www.garmin.com/xmlschemas/ActivityExtension/v2"><Speed>2.1</Speed></TPX></Extensions></Trackpoint><Trackpoint><Time>2026-03-20T12:23:26+00:00</Time><DistanceMeters>5197.6</DistanceMeters><Position><LatitudeDegrees>50.856503</LatitudeDegrees><LongitudeDegrees>4.284247</LongitudeDegrees></Position><AltitudeMeters>67.3</AltitudeMeters><Extensions><TPX xmlns="http://www.garmin.com/xmlschemas/ActivityExtension/v2"><Speed>2.29</Speed></TPX></Extensions></Trackpoint><Trackpoint><Time>2026-03-20T12:23:27+00:00</Time><DistanceMeters>5200.1</DistanceMeters><Position><LatitudeDegrees>50.856512</LatitudeDegrees><LongitudeDegrees>4.284238</LongitudeDegrees></Position><AltitudeMeters>67.3</AltitudeMeters><Extensions><TPX xmlns="http://www.garmin.com/xmlschemas/ActivityExtension/v2"><Speed>2.36</Speed></TPX></Extensions></Trackpoint><Trackpoint><Time>2026-03-20T12:23:28+00:00</Time><DistanceMeters>5202.8</DistanceMeters><Position><LatitudeDegrees>50.856542</LatitudeDegrees><LongitudeDegrees>4.284207</LongitudeDegrees></Position><AltitudeMeters>67.2</AltitudeMeters><Extensions><TPX xmlns="http://www.garmin.com/xmlschemas/ActivityExtension/v2"><Speed>2.45</Speed></TPX></Extensions></Trackpoint><Trackpoint><Time>2026-03-20T12:23:29+00:00</Time><DistanceMeters>5205.4</DistanceMeters><Position><LatitudeDegrees>50.856551</LatitudeDegrees><LongitudeDegrees>4.284196</LongitudeDegrees></Position><AltitudeMeters>67.2</AltitudeMeters><Extensions><TPX xmlns="http://www.garmin.com/xmlschemas/ActivityExtension/v2"><Speed>2.53</Speed></TPX></Extensions></Trackpoint><Trackpoint><Time>2026-03-20T12:23:30+00:00</Time><DistanceMeters>5205.4</DistanceMeters><Position><LatitudeDegrees>50.856571</LatitudeDegrees><LongitudeDegrees>4.284177</LongitudeDegrees></Position><AltitudeMeters>67.2</AltitudeMeters><Extensions><TPX xmlns="http://www.garmin.com/xmlschemas/ActivityExtension/v2"><Speed>2.08</Speed></TPX></Extensions></Trackpoint><Trackpoint><Time>2026-03-20T12:23:31+00:00</Time><DistanceMeters>5209.4</DistanceMeters><Position><LatitudeDegrees>50.856583</LatitudeDegrees><LongitudeDegrees>4.284169</LongitudeDegrees></Position><AltitudeMeters>67.2</AltitudeMeters><Extensions><TPX xmlns="http://www.garmin.com/xmlschemas/ActivityExtension/v2"><Speed>2.37</Speed></TPX></Extensions></Trackpoint><Trackpoint><Time>2026-03-20T12:23:32+00:00</Time><DistanceMeters>5209.4</DistanceMeters><Position><LatitudeDegrees>50.856592</LatitudeDegrees><LongitudeDegrees>4.284166</LongitudeDegrees></Position><AltitudeMeters>67.1</AltitudeMeters><Extensions><TPX xmlns="http://www.garmin.com/xmlschemas/ActivityExtension/v2"><Speed>1.86</Speed></TPX></Extensions></Trackpoint><Trackpoint><Time>2026-03-20T12:23:33+00:00</Time><DistanceMeters>5209.4</DistanceMeters><Position><LatitudeDegrees>50.856603</LatitudeDegrees><LongitudeDegrees>4.284158</LongitudeDegrees></Position><AltitudeMeters>67.1</AltitudeMeters><Extensions><TPX xmlns="http://www.garmin.com/xmlschemas/ActivityExtension/v2"><Speed>1.33</Speed></TPX></Extensions></Trackpoint><Trackpoint><Time>2026-03-20T12:23:34+00:00</Time><DistanceMeters>5213.4</DistanceMeters><Position><LatitudeDegrees>50.856617</LatitudeDegrees><LongitudeDegrees>4.284148</LongitudeDegrees></Position><AltitudeMeters>67.1</AltitudeMeters><Extensions><TPX xmlns="http://www.garmin.com/xmlschemas/ActivityExtension/v2"><Speed>1.6</Speed></TPX></Extensions></Trackpoint><Trackpoint><Time>2026-03-20T12:23:35+00:00</Time><DistanceMeters>5215.5</DistanceMeters><Position><LatitudeDegrees>50.856641</LatitudeDegrees><LongitudeDegrees>4.284128</LongitudeDegrees></Position><AltitudeMeters>67.1</AltitudeMeters><Extensions><TPX xmlns="http://www.garmin.com/xmlschemas/ActivityExtension/v2"><Speed>2.02</Speed></TPX></Extensions></Trackpoint><Trackpoint><Time>2026-03-20T12:23:36+00:00</Time><DistanceMeters>5217.6</DistanceMeters><Position><LatitudeDegrees>50.85665</LatitudeDegrees><LongitudeDegrees>4.284119</LongitudeDegrees></Position><AltitudeMeters>67.1</AltitudeMeters><Extensions><TPX xmlns="http://www.garmin.com/xmlschemas/ActivityExtension/v2"><Speed>1.64</Speed></TPX></Extensions></Trackpoint><Trackpoint><Time>2026-03-20T12:23:37+00:00</Time><DistanceMeters>5219.9</DistanceMeters><Position><LatitudeDegrees>50.856676</LatitudeDegrees><LongitudeDegrees>4.284094</LongitudeDegrees></Position><AltitudeMeters>67.0</AltitudeMeters><Extensions><TPX xmlns="http://www.garmin.com/xmlschemas/ActivityExtension/v2"><Speed>2.09</Speed></TPX></Extensions></Trackpoint><Trackpoint><Time>2026-03-20T12:23:38+00:00</Time><DistanceMeters>5222.1</DistanceMeters><Position><LatitudeDegrees>50.856684</LatitudeDegrees><LongitudeDegrees>4.284086</LongitudeDegrees></Position><AltitudeMeters>67.0</AltitudeMeters><Extensions><TPX xmlns="http://www.garmin.com/xmlschemas/ActivityExtension/v2"><Speed>2.54</Speed></TPX></Extensions></Trackpoint><Trackpoint><Time>2026-03-20T12:23:39+00:00</Time><DistanceMeters>5224.3</DistanceMeters><Position><LatitudeDegrees>50.85671</LatitudeDegrees><LongitudeDegrees>4.28406</LongitudeDegrees></Position><AltitudeMeters>67.0</AltitudeMeters><Extensions><TPX xmlns="http://www.garmin.com/xmlschemas/ActivityExtension/v2"><Speed>2.18</Speed></TPX></Extensions></Trackpoint><Trackpoint><Time>2026-03-20T12:23:40+00:00</Time><DistanceMeters>5226.5</DistanceMeters><Position><LatitudeDegrees>50.856718</LatitudeDegrees><LongitudeDegrees>4.284051</LongitudeDegrees></Position><AltitudeMeters>67.0</AltitudeMeters><Extensions><TPX xmlns="http://www.garmin.com/xmlschemas/ActivityExtension/v2"><Speed>2.2</Speed></TPX></Extensions></Trackpoint><Trackpoint><Time>2026-03-20T12:23:41+00:00</Time><DistanceMeters>5228.8</DistanceMeters><Position><LatitudeDegrees>50.856742</LatitudeDegrees><LongitudeDegrees>4.284022</LongitudeDegrees></Position><AltitudeMeters>67.0</AltitudeMeters><Extensions><TPX xmlns="http://www.garmin.com/xmlschemas/ActivityExtension/v2"><Speed>2.23</Speed></TPX></Extensions></Trackpoint><Trackpoint><Time>2026-03-20T12:23:42+00:00</Time><DistanceMeters>5231.0</DistanceMeters><Position><LatitudeDegrees>50.85675</LatitudeDegrees><LongitudeDegrees>4.284012</LongitudeDegrees></Position><AltitudeMeters>67.0</AltitudeMeters><Extensions><TPX xmlns="http://www.garmin.com/xmlschemas/ActivityExtension/v2"><Speed>2.23</Speed></TPX></Extensions></Trackpoint><Trackpoint><Time>2026-03-20T12:23:43+00:00</Time><DistanceMeters>5233.3</DistanceMeters><Position><LatitudeDegrees>50.856773</LatitudeDegrees><LongitudeDegrees>4.283981</LongitudeDegrees></Position><AltitudeMeters>67.0</AltitudeMeters><Extensions><TPX xmlns="http://www.garmin.com/xmlschemas/ActivityExtension/v2"><Speed>2.24</Speed></TPX></Extensions></Trackpoint><Trackpoint><Time>2026-03-20T12:23:44+00:00</Time><DistanceMeters>5235.6</DistanceMeters><Position><LatitudeDegrees>50.856782</LatitudeDegrees><LongitudeDegrees>4.28397</LongitudeDegrees></Position><AltitudeMeters>67.0</AltitudeMeters><Extensions><TPX xmlns="http://www.garmin.com/xmlschemas/ActivityExtension/v2"><Speed>2.26</Speed></TPX></Extensions></Trackpoint><Trackpoint><Time>2026-03-20T12:23:45+00:00</Time><DistanceMeters>5237.7</DistanceMeters><Position><LatitudeDegrees>50.856803</LatitudeDegrees><LongitudeDegrees>4.283942</LongitudeDegrees></Position><AltitudeMeters>67.0</AltitudeMeters><Extensions><TPX xmlns="http://www.garmin.com/xmlschemas/ActivityExtension/v2"><Speed>2.24</Speed></TPX></Extensions></Trackpoint><Trackpoint><Time>2026-03-20T12:23:46+00:00</Time><DistanceMeters>5239.8</DistanceMeters><Position><LatitudeDegrees>50.85681</LatitudeDegrees><LongitudeDegrees>4.283933</LongitudeDegrees></Position><AltitudeMeters>67.0</AltitudeMeters><Extensions><TPX xmlns="http://www.garmin.com/xmlschemas/ActivityExtension/v2"><Speed>2.21</Speed></TPX></Extensions></Trackpoint><Trackpoint><Time>2026-03-20T12:23:47+00:00</Time><DistanceMeters>5239.8</DistanceMeters><Position><LatitudeDegrees>50.856822</LatitudeDegrees><LongitudeDegrees>4.283918</LongitudeDegrees></Position><AltitudeMeters>67.0</AltitudeMeters><Extensions><TPX xmlns="http://www.garmin.com/xmlschemas/ActivityExtension/v2"><Speed>1.76</Speed></TPX></Extensions></Trackpoint><Trackpoint><Time>2026-03-20T12:23:48+00:00</Time><DistanceMeters>5243.4</DistanceMeters><Position><LatitudeDegrees>50.856836</LatitudeDegrees><LongitudeDegrees>4.2839</LongitudeDegrees></Position><AltitudeMeters>67.0</AltitudeMeters><Extensions><TPX xmlns="http://www.garmin.com/xmlschemas/ActivityExtension/v2"><Speed>2.02</Speed></TPX></Extensions></Trackpoint><Trackpoint><Time>2026-03-20T12:23:49+00:00</Time><DistanceMeters>5243.4</DistanceMeters><Position><LatitudeDegrees>50.856849</LatitudeDegrees><LongitudeDegrees>4.283884</LongitudeDegrees></Position><AltitudeMeters>67.0</AltitudeMeters><Extensions><TPX xmlns="http://www.garmin.com/xmlschemas/ActivityExtension/v2"><Speed>1.56</Speed></TPX></Extensions></Trackpoint><Trackpoint><Time>2026-03-20T12:23:50+00:00</Time><DistanceMeters>5247.1</DistanceMeters><Position><LatitudeDegrees>50.856862</LatitudeDegrees><LongitudeDegrees>4.283867</LongitudeDegrees></Position><AltitudeMeters>67.0</AltitudeMeters><Extensions><TPX xmlns="http://www.garmin.com/xmlschemas/ActivityExtension/v2"><Speed>1.88</Speed></TPX></Extensions></Trackpoint><Trackpoint><Time>2026-03-20T12:23:51+00:00</Time><DistanceMeters>5249.9</DistanceMeters><Position><LatitudeDegrees>50.856888</LatitudeDegrees><LongitudeDegrees>4.28383</LongitudeDegrees></Position><AltitudeMeters>67.1</AltitudeMeters><Extensions><TPX xmlns="http://www.garmin.com/xmlschemas/ActivityExtension/v2"><Speed>2.01</Speed></TPX></Extensions></Trackpoint><Trackpoint><Time>2026-03-20T12:23:52+00:00</Time><DistanceMeters>5252.6</DistanceMeters><Position><LatitudeDegrees>50.856898</LatitudeDegrees><LongitudeDegrees>4.283813</LongitudeDegrees></Position><AltitudeMeters>67.1</AltitudeMeters><Extensions><TPX xmlns="http://www.garmin.com/xmlschemas/ActivityExtension/v2"><Speed>2.56</Speed></TPX></Extensions></Trackpoint><Trackpoint><Time>2026-03-20T12:23:53+00:00</Time><DistanceMeters>5252.6</DistanceMeters><Position><LatitudeDegrees>50.856909</LatitudeDegrees><LongitudeDegrees>4.283799</LongitudeDegrees></Position><AltitudeMeters>67.1</AltitudeMeters><Extensions><TPX xmlns="http://www.garmin.com/xmlschemas/ActivityExtension/v2"><Speed>1.84</Speed></TPX></Extensions></Trackpoint><Trackpoint><Time>2026-03-20T12:23:54+00:00</Time><DistanceMeters>5256.5</DistanceMeters><Position><LatitudeDegrees>50.856925</LatitudeDegrees><LongitudeDegrees>4.283778</LongitudeDegrees></Position><AltitudeMeters>67.1</AltitudeMeters><Extensions><TPX xmlns="http://www.garmin.com/xmlschemas/ActivityExtension/v2"><Speed>2.62</Speed></TPX></Extensions></Trackpoint><Trackpoint><Time>2026-03-20T12:23:55+00:00</Time><DistanceMeters>5258.8</DistanceMeters><Position><LatitudeDegrees>50.856948</LatitudeDegrees><LongitudeDegrees>4.283745</LongitudeDegrees></Position><AltitudeMeters>67.1</AltitudeMeters><Extensions><TPX xmlns="http://www.garmin.com/xmlschemas/ActivityExtension/v2"><Speed>2.34</Speed></TPX></Extensions></Trackpoint><Trackpoint><Time>2026-03-20T12:23:56+00:00</Time><DistanceMeters>5261.1</DistanceMeters><Position><LatitudeDegrees>50.856955</LatitudeDegrees><LongitudeDegrees>4.283734</LongitudeDegrees></Position><AltitudeMeters>67.1</AltitudeMeters><Extensions><TPX xmlns="http://www.garmin.com/xmlschemas/ActivityExtension/v2"><Speed>2.25</Speed></TPX></Extensions></Trackpoint><Trackpoint><Time>2026-03-20T12:23:57+00:00</Time><DistanceMeters>5263.4</DistanceMeters><Position><LatitudeDegrees>50.856978</LatitudeDegrees><LongitudeDegrees>4.2837</LongitudeDegrees></Position><AltitudeMeters>67.1</AltitudeMeters><Extensions><TPX xmlns="http://www.garmin.com/xmlschemas/ActivityExtension/v2"><Speed>2.15</Speed></TPX></Extensions></Trackpoint><Trackpoint><Time>2026-03-20T12:23:58+00:00</Time><DistanceMeters>5265.6</DistanceMeters><Position><LatitudeDegrees>50.856985</LatitudeDegrees><LongitudeDegrees>4.28369</LongitudeDegrees></Position><AltitudeMeters>67.1</AltitudeMeters><Extensions><TPX xmlns="http://www.garmin.com/xmlschemas/ActivityExtension/v2"><Speed>2.6</Speed></TPX></Extensions></Trackpoint><Trackpoint><Time>2026-03-20T12:23:59+00:00</Time><DistanceMeters>5268.3</DistanceMeters><Position><LatitudeDegrees>50.857011</LatitudeDegrees><LongitudeDegrees>4.283649</LongitudeDegrees></Position><AltitudeMeters>67.2</AltitudeMeters><Extensions><TPX xmlns="http://www.garmin.com/xmlschemas/ActivityExtension/v2"><Speed>2.36</Speed></TPX></Extensions></Trackpoint><Trackpoint><Time>2026-03-20T12:24:00+00:00</Time><DistanceMeters>5271.0</DistanceMeters><Position><LatitudeDegrees>50.857018</LatitudeDegrees><LongitudeDegrees>4.283635</LongitudeDegrees></Position><AltitudeMeters>67.2</AltitudeMeters><Extensions><TPX xmlns="http://www.garmin.com/xmlschemas/ActivityExtension/v2"><Speed>2.44</Speed></TPX></Extensions></Trackpoint><Trackpoint><Time>2026-03-20T12:24:01+00:00</Time><DistanceMeters>5273.4</DistanceMeters><Position><LatitudeDegrees>50.857038</LatitudeDegrees><LongitudeDegrees>4.283593</LongitudeDegrees></Position><AltitudeMeters>67.2</AltitudeMeters><Extensions><TPX xmlns="http://www.garmin.com/xmlschemas/ActivityExtension/v2"><Speed>2.45</Speed></TPX></Extensions></Trackpoint><Trackpoint><Time>2026-03-20T12:24:02+00:00</Time><DistanceMeters>5275.7</DistanceMeters><Position><LatitudeDegrees>50.857044</LatitudeDegrees><LongitudeDegrees>4.28358</LongitudeDegrees></Position><AltitudeMeters>67.2</AltitudeMeters><Extensions><TPX xmlns="http://www.garmin.com/xmlschemas/ActivityExtension/v2"><Speed>2.47</Speed></TPX></Extensions></Trackpoint><Trackpoint><Time>2026-03-20T12:24:03+00:00</Time><DistanceMeters>5275.7</DistanceMeters><Position><LatitudeDegrees>50.857049</LatitudeDegrees><LongitudeDegrees>4.283561</LongitudeDegrees></Position><AltitudeMeters>67.2</AltitudeMeters><Extensions><TPX xmlns="http://www.garmin.com/xmlschemas/ActivityExtension/v2"><Speed>2.02</Speed></TPX></Extensions></Trackpoint><Trackpoint><Time>2026-03-20T12:24:04+00:00</Time><DistanceMeters>5278.9</DistanceMeters><Position><LatitudeDegrees>50.857058</LatitudeDegrees><LongitudeDegrees>4.28354</LongitudeDegrees></Position><AltitudeMeters>67.2</AltitudeMeters><Extensions><TPX xmlns="http://www.garmin.com/xmlschemas/ActivityExtension/v2"><Speed>2.12</Speed></TPX></Extensions></Trackpoint><Trackpoint><Time>2026-03-20T12:24:05+00:00</Time><DistanceMeters>5278.9</DistanceMeters><Position><LatitudeDegrees>50.857067</LatitudeDegrees><LongitudeDegrees>4.283518</LongitudeDegrees></Position><AltitudeMeters>67.2</AltitudeMeters><Extensions><TPX xmlns="http://www.garmin.com/xmlschemas/ActivityExtension/v2"><Speed>1.58</Speed></TPX></Extensions></Trackpoint><Trackpoint><Time>2026-03-20T12:24:06+00:00</Time><DistanceMeters>5282.5</DistanceMeters><Position><LatitudeDegrees>50.857073</LatitudeDegrees><LongitudeDegrees>4.283495</LongitudeDegrees></Position><AltitudeMeters>67.2</AltitudeMeters><Extensions><TPX xmlns="http://www.garmin.com/xmlschemas/ActivityExtension/v2"><Speed>1.83</Speed></TPX></Extensions></Trackpoint><Trackpoint><Time>2026-03-20T12:24:07+00:00</Time><DistanceMeters>5282.5</DistanceMeters><Position><LatitudeDegrees>50.857082</LatitudeDegrees><LongitudeDegrees>4.283472</LongitudeDegrees></Position><AltitudeMeters>67.2</AltitudeMeters><Extensions><TPX xmlns="http://www.garmin.com/xmlschemas/ActivityExtension/v2"><Speed>1.36</Speed></TPX></Extensions></Trackpoint><Trackpoint><Time>2026-03-20T12:24:08+00:00</Time><DistanceMeters>5286.3</DistanceMeters><Position><LatitudeDegrees>50.857091</LatitudeDegrees><LongitudeDegrees>4.283449</LongitudeDegrees></Position><AltitudeMeters>67.2</AltitudeMeters><Extensions><TPX xmlns="http://www.garmin.com/xmlschemas/ActivityExtension/v2"><Speed>2.12</Speed></TPX></Extensions></Trackpoint><Trackpoint><Time>2026-03-20T12:24:09+00:00</Time><DistanceMeters>5288.6</DistanceMeters><Position><LatitudeDegrees>50.857106</LatitudeDegrees><LongitudeDegrees>4.28341</LongitudeDegrees></Position><AltitudeMeters>67.2</AltitudeMeters><Extensions><TPX xmlns="http://www.garmin.com/xmlschemas/ActivityExtension/v2"><Speed>1.93</Speed></TPX></Extensions></Trackpoint><Trackpoint><Time>2026-03-20T12:24:10+00:00</Time><DistanceMeters>5290.8</DistanceMeters><Position><LatitudeDegrees>50.857111</LatitudeDegrees><LongitudeDegrees>4.283394</LongitudeDegrees></Position><AltitudeMeters>67.3</AltitudeMeters><Extensions><TPX xmlns="http://www.garmin.com/xmlschemas/ActivityExtension/v2"><Speed>2.38</Speed></TPX></Extensions></Trackpoint><Trackpoint><Time>2026-03-20T12:24:11+00:00</Time><DistanceMeters>5293.3</DistanceMeters><Position><LatitudeDegrees>50.857128</LatitudeDegrees><LongitudeDegrees>4.283347</LongitudeDegrees></Position><AltitudeMeters>67.3</AltitudeMeters><Extensions><TPX xmlns="http://www.garmin.com/xmlschemas/ActivityExtension/v2"><Speed>2.16</Speed></TPX></Extensions></Trackpoint><Trackpoint><Time>2026-03-20T12:24:12+00:00</Time><DistanceMeters>5295.8</DistanceMeters><Position><LatitudeDegrees>50.857133</LatitudeDegrees><LongitudeDegrees>4.283331</LongitudeDegrees></Position><AltitudeMeters>67.3</AltitudeMeters><Extensions><TPX xmlns="http://www.garmin.com/xmlschemas/ActivityExtension/v2"><Speed>2.66</Speed></TPX></Extensions></Trackpoint><Trackpoint><Time>2026-03-20T12:24:13+00:00</Time><DistanceMeters>5297.9</DistanceMeters><Position><LatitudeDegrees>50.857148</LatitudeDegrees><LongitudeDegrees>4.283291</LongitudeDegrees></Position><AltitudeMeters>67.2</AltitudeMeters><Extensions><TPX xmlns="http://www.garmin.com/xmlschemas/ActivityExtension/v2"><Speed>2.32</Speed></TPX></Extensions></Trackpoint><Trackpoint><Time>2026-03-20T12:24:14+00:00</Time><DistanceMeters>5300.0</DistanceMeters><Position><LatitudeDegrees>50.857152</LatitudeDegrees><LongitudeDegrees>4.28328</LongitudeDegrees></Position><AltitudeMeters>67.2</AltitudeMeters><Extensions><TPX xmlns="http://www.garmin.com/xmlschemas/ActivityExtension/v2"><Speed>2.29</Speed></TPX></Extensions></Trackpoint><Trackpoint><Time>2026-03-20T12:24:15+00:00</Time><DistanceMeters>5302.1</DistanceMeters><Position><LatitudeDegrees>50.857167</LatitudeDegrees><LongitudeDegrees>4.283243</LongitudeDegrees></Position><AltitudeMeters>67.2</AltitudeMeters><Extensions><TPX xmlns="http://www.garmin.com/xmlschemas/ActivityExtension/v2"><Speed>2.25</Speed></TPX></Extensions></Trackpoint><Trackpoint><Time>2026-03-20T12:24:16+00:00</Time><DistanceMeters>5304.1</DistanceMeters><Position><LatitudeDegrees>50.857171</LatitudeDegrees><LongitudeDegrees>4.28323</LongitudeDegrees></Position><AltitudeMeters>67.2</AltitudeMeters><Extensions><TPX xmlns="http://www.garmin.com/xmlschemas/ActivityExtension/v2"><Speed>2.16</Speed></TPX></Extensions></Trackpoint><Trackpoint><Time>2026-03-20T12:24:17+00:00</Time><DistanceMeters>5306.3</DistanceMeters><Position><LatitudeDegrees>50.857185</LatitudeDegrees><LongitudeDegrees>4.28319</LongitudeDegrees></Position><AltitudeMeters>67.2</AltitudeMeters><Extensions><TPX xmlns="http://www.garmin.com/xmlschemas/ActivityExtension/v2"><Speed>2.1</Speed></TPX></Extensions></Trackpoint><Trackpoint><Time>2026-03-20T12:24:18+00:00</Time><DistanceMeters>5308.5</DistanceMeters><Position><LatitudeDegrees>50.85719</LatitudeDegrees><LongitudeDegrees>4.283175</LongitudeDegrees></Position><AltitudeMeters>67.2</AltitudeMeters><Extensions><TPX xmlns="http://www.garmin.com/xmlschemas/ActivityExtension/v2"><Speed>2.12</Speed></TPX></Extensions></Trackpoint><Trackpoint><Time>2026-03-20T12:24:19+00:00</Time><DistanceMeters>5310.8</DistanceMeters><Position><LatitudeDegrees>50.857207</LatitudeDegrees><LongitudeDegrees>4.283134</LongitudeDegrees></Position><AltitudeMeters>67.2</AltitudeMeters><Extensions><TPX xmlns="http://www.garmin.com/xmlschemas/ActivityExtension/v2"><Speed>2.16</Speed></TPX></Extensions></Trackpoint><Trackpoint><Time>2026-03-20T12:24:20+00:00</Time><DistanceMeters>5313.1</DistanceMeters><Position><LatitudeDegrees>50.857212</LatitudeDegrees><LongitudeDegrees>4.28312</LongitudeDegrees></Position><AltitudeMeters>67.1</AltitudeMeters><Extensions><TPX xmlns="http://www.garmin.com/xmlschemas/ActivityExtension/v2"><Speed>2.21</Speed></TPX></Extensions></Trackpoint><Trackpoint><Time>2026-03-20T12:24:21+00:00</Time><DistanceMeters>5315.3</DistanceMeters><Position><LatitudeDegrees>50.857226</LatitudeDegrees><LongitudeDegrees>4.28308</LongitudeDegrees></Position><AltitudeMeters>67.1</AltitudeMeters><Extensions><TPX xmlns="http://www.garmin.com/xmlschemas/ActivityExtension/v2"><Speed>2.23</Speed></TPX></Extensions></Trackpoint><Trackpoint><Time>2026-03-20T12:24:22+00:00</Time><DistanceMeters>5317.4</DistanceMeters><Position><LatitudeDegrees>50.857231</LatitudeDegrees><LongitudeDegrees>4.283066</LongitudeDegrees></Position><AltitudeMeters>67.1</AltitudeMeters><Extensions><TPX xmlns="http://www.garmin.com/xmlschemas/ActivityExtension/v2"><Speed>2.22</Speed></TPX></Extensions></Trackpoint><Trackpoint><Time>2026-03-20T12:24:23+00:00</Time><DistanceMeters>5319.5</DistanceMeters><Position><LatitudeDegrees>50.857246</LatitudeDegrees><LongitudeDegrees>4.283024</LongitudeDegrees></Position><AltitudeMeters>67.0</AltitudeMeters><Extensions><TPX xmlns="http://www.garmin.com/xmlschemas/ActivityExtension/v2"><Speed>2.19</Speed></TPX></Extensions></Trackpoint><Trackpoint><Time>2026-03-20T12:24:24+00:00</Time><DistanceMeters>5321.5</DistanceMeters><Position><LatitudeDegrees>50.857248</LatitudeDegrees><LongitudeDegrees>4.283014</LongitudeDegrees></Position><AltitudeMeters>67.0</AltitudeMeters><Extensions><TPX xmlns="http://www.garmin.com/xmlschemas/ActivityExtension/v2"><Speed>2.14</Speed></TPX></Extensions></Trackpoint><Trackpoint><Time>2026-03-20T12:24:25+00:00</Time><DistanceMeters>5321.5</DistanceMeters><Position><LatitudeDegrees>50.857256</LatitudeDegrees><LongitudeDegrees>4.28299</LongitudeDegrees></Position><AltitudeMeters>66.9</AltitudeMeters><Extensions><TPX xmlns="http://www.garmin.com/xmlschemas/ActivityExtension/v2"><Speed>1.68</Speed></TPX></Extensions></Trackpoint><Trackpoint><Time>2026-03-20T12:24:26+00:00</Time><DistanceMeters>5325.5</DistanceMeters><Position><LatitudeDegrees>50.857264</LatitudeDegrees><LongitudeDegrees>4.282963</LongitudeDegrees></Position><AltitudeMeters>66.9</AltitudeMeters><Extensions><TPX xmlns="http://www.garmin.com/xmlschemas/ActivityExtension/v2"><Speed>2.05</Speed></TPX></Extensions></Trackpoint><Trackpoint><Time>2026-03-20T12:24:27+00:00</Time><DistanceMeters>5327.8</DistanceMeters><Position><LatitudeDegrees>50.857277</LatitudeDegrees><LongitudeDegrees>4.282921</LongitudeDegrees></Position><AltitudeMeters>66.8</AltitudeMeters><Extensions><TPX xmlns="http://www.garmin.com/xmlschemas/ActivityExtension/v2"><Speed>2.07</Speed></TPX></Extensions></Trackpoint><Trackpoint><Time>2026-03-20T12:24:28+00:00</Time><DistanceMeters>5330.0</DistanceMeters><Position><LatitudeDegrees>50.857281</LatitudeDegrees><LongitudeDegrees>4.282905</LongitudeDegrees></Position><AltitudeMeters>66.7</AltitudeMeters><Extensions><TPX xmlns="http://www.garmin.com/xmlschemas/ActivityExtension/v2"><Speed>2.11</Speed></TPX></Extensions></Trackpoint><Trackpoint><Time>2026-03-20T12:24:29+00:00</Time><DistanceMeters>5332.2</DistanceMeters><Position><LatitudeDegrees>50.857293</LatitudeDegrees><LongitudeDegrees>4.282864</LongitudeDegrees></Position><AltitudeMeters>66.6</AltitudeMeters><Extensions><TPX xmlns="http://www.garmin.com/xmlschemas/ActivityExtension/v2"><Speed>2.14</Speed></TPX></Extensions></Trackpoint><Trackpoint><Time>2026-03-20T12:24:30+00:00</Time><DistanceMeters>5334.4</DistanceMeters><Position><LatitudeDegrees>50.857298</LatitudeDegrees><LongitudeDegrees>4.282849</LongitudeDegrees></Position><AltitudeMeters>66.6</AltitudeMeters><Extensions><TPX xmlns="http://www.garmin.com/xmlschemas/ActivityExtension/v2"><Speed>2.58</Speed></TPX></Extensions></Trackpoint><Trackpoint><Time>2026-03-20T12:24:31+00:00</Time><DistanceMeters>5336.5</DistanceMeters><Position><LatitudeDegrees>50.857312</LatitudeDegrees><LongitudeDegrees>4.282808</LongitudeDegrees></Position><AltitudeMeters>66.4</AltitudeMeters><Extensions><TPX xmlns="http://www.garmin.com/xmlschemas/ActivityExtension/v2"><Speed>2.21</Speed></TPX></Extensions></Trackpoint><Trackpoint><Time>2026-03-20T12:24:32+00:00</Time><DistanceMeters>5338.7</DistanceMeters><Position><LatitudeDegrees>50.857317</LatitudeDegrees><LongitudeDegrees>4.282795</LongitudeDegrees></Position><AltitudeMeters>66.4</AltitudeMeters><Extensions><TPX xmlns="http://www.garmin.com/xmlschemas/ActivityExtension/v2"><Speed>2.19</Speed></TPX></Extensions></Trackpoint><Trackpoint><Time>2026-03-20T12:24:33+00:00</Time><DistanceMeters>5338.7</DistanceMeters><Position><LatitudeDegrees>50.857325</LatitudeDegrees><LongitudeDegrees>4.282771</LongitudeDegrees></Position><AltitudeMeters>66.3</AltitudeMeters><Extensions><TPX xmlns="http://www.garmin.com/xmlschemas/ActivityExtension/v2"><Speed>1.74</Speed></TPX></Extensions></Trackpoint><Trackpoint><Time>2026-03-20T12:24:34+00:00</Time><DistanceMeters>5342.6</DistanceMeters><Position><LatitudeDegrees>50.857333</LatitudeDegrees><LongitudeDegrees>4.282745</LongitudeDegrees></Position><AltitudeMeters>66.2</AltitudeMeters><Extensions><TPX xmlns="http://www.garmin.com/xmlschemas/ActivityExtension/v2"><Speed>2.08</Speed></TPX></Extensions></Trackpoint><Trackpoint><Time>2026-03-20T12:24:35+00:00</Time><DistanceMeters>5342.6</DistanceMeters><Position><LatitudeDegrees>50.857342</LatitudeDegrees><LongitudeDegrees>4.282721</LongitudeDegrees></Position><AltitudeMeters>66.1</AltitudeMeters><Extensions><TPX xmlns="http://www.garmin.com/xmlschemas/ActivityExtension/v2"><Speed>1.64</Speed></TPX></Extensions></Trackpoint><Trackpoint><Time>2026-03-20T12:24:36+00:00</Time><DistanceMeters>5346.4</DistanceMeters><Position><LatitudeDegrees>50.857349</LatitudeDegrees><LongitudeDegrees>4.282697</LongitudeDegrees></Position><AltitudeMeters>66.1</AltitudeMeters><Extensions><TPX xmlns="http://www.garmin.com/xmlschemas/ActivityExtension/v2"><Speed>1.97</Speed></TPX></Extensions></Trackpoint><Trackpoint><Time>2026-03-20T12:24:37+00:00</Time><DistanceMeters>5348.6</DistanceMeters><Position><LatitudeDegrees>50.857365</LatitudeDegrees><LongitudeDegrees>4.282658</LongitudeDegrees></Position><AltitudeMeters>65.9</AltitudeMeters><Extensions><TPX xmlns="http://www.garmin.com/xmlschemas/ActivityExtension/v2"><Speed>1.98</Speed></TPX></Extensions></Trackpoint><Trackpoint><Time>2026-03-20T12:24:38+00:00</Time><DistanceMeters>5350.8</DistanceMeters><Position><LatitudeDegrees>50.857371</LatitudeDegrees><LongitudeDegrees>4.282645</LongitudeDegrees></Position><AltitudeMeters>65.9</AltitudeMeters><Extensions><TPX xmlns="http://www.garmin.com/xmlschemas/ActivityExtension/v2"><Speed>2.42</Speed></TPX></Extensions></Trackpoint><Trackpoint><Time>2026-03-20T12:24:39+00:00</Time><DistanceMeters>5353.1</DistanceMeters><Position><LatitudeDegrees>50.85739</LatitudeDegrees><LongitudeDegrees>4.282606</LongitudeDegrees></Position><AltitudeMeters>65.7</AltitudeMeters><Extensions><TPX xmlns="http://www.garmin.com/xmlschemas/ActivityExtension/v2"><Speed>2.1</Speed></TPX></Extensions></Trackpoint><Trackpoint><Time>2026-03-20T12:24:40+00:00</Time><DistanceMeters>5355.4</DistanceMeters><Position><LatitudeDegrees>50.857396</LatitudeDegrees><LongitudeDegrees>4.282593</LongitudeDegrees></Position><AltitudeMeters>65.7</AltitudeMeters><Extensions><TPX xmlns="http://www.garmin.com/xmlschemas/ActivityExtension/v2"><Speed>2.56</Speed></TPX></Extensions></Trackpoint><Trackpoint><Time>2026-03-20T12:24:41+00:00</Time><DistanceMeters>5357.5</DistanceMeters><Position><LatitudeDegrees>50.857414</LatitudeDegrees><LongitudeDegrees>4.282558</LongitudeDegrees></Position><AltitudeMeters>65.5</AltitudeMeters><Extensions><TPX xmlns="http://www.garmin.com/xmlschemas/ActivityExtension/v2"><Speed>2.22</Speed></TPX></Extensions></Trackpoint><Trackpoint><Time>2026-03-20T12:24:42+00:00</Time><DistanceMeters>5359.6</DistanceMeters><Position><LatitudeDegrees>50.857419</LatitudeDegrees><LongitudeDegrees>4.282547</LongitudeDegrees></Position><AltitudeMeters>65.5</AltitudeMeters><Extensions><TPX xmlns="http://www.garmin.com/xmlschemas/ActivityExtension/v2"><Speed>2.2</Speed></TPX></Extensions></Trackpoint><Trackpoint><Time>2026-03-20T12:24:43+00:00</Time><DistanceMeters>5362.6</DistanceMeters><Position><LatitudeDegrees>50.857439</LatitudeDegrees><LongitudeDegrees>4.282517</LongitudeDegrees></Position><AltitudeMeters>65.4</AltitudeMeters><Extensions><TPX xmlns="http://www.garmin.com/xmlschemas/ActivityExtension/v2"><Speed>2.36</Speed></TPX></Extensions></Trackpoint><Trackpoint><Time>2026-03-20T12:24:44+00:00</Time><DistanceMeters>5364.9</DistanceMeters><Position><LatitudeDegrees>50.857463</LatitudeDegrees><LongitudeDegrees>4.282493</LongitudeDegrees></Position><AltitudeMeters>65.2</AltitudeMeters><Extensions><TPX xmlns="http://www.garmin.com/xmlschemas/ActivityExtension/v2"><Speed>2.35</Speed></TPX></Extensions></Trackpoint><Trackpoint><Time>2026-03-20T12:24:45+00:00</Time><DistanceMeters>5367.1</DistanceMeters><Position><LatitudeDegrees>50.857473</LatitudeDegrees><LongitudeDegrees>4.282483</LongitudeDegrees></Position><AltitudeMeters>65.1</AltitudeMeters><Extensions><TPX xmlns="http://www.garmin.com/xmlschemas/ActivityExtension/v2"><Speed>2.34</Speed></TPX></Extensions></Trackpoint><Trackpoint><Time>2026-03-20T12:24:46+00:00</Time><DistanceMeters>5369.8</DistanceMeters><Position><LatitudeDegrees>50.857505</LatitudeDegrees><LongitudeDegrees>4.282453</LongitudeDegrees></Position><AltitudeMeters>64.9</AltitudeMeters><Extensions><TPX xmlns="http://www.garmin.com/xmlschemas/ActivityExtension/v2"><Speed>2.45</Speed></TPX></Extensions></Trackpoint><Trackpoint><Time>2026-03-20T12:24:47+00:00</Time><DistanceMeters>5372.4</DistanceMeters><Position><LatitudeDegrees>50.857514</LatitudeDegrees><LongitudeDegrees>4.282443</LongitudeDegrees></Position><AltitudeMeters>64.9</AltitudeMeters><Extensions><TPX xmlns="http://www.garmin.com/xmlschemas/ActivityExtension/v2"><Speed>2.56</Speed></TPX></Extensions></Trackpoint><Trackpoint><Time>2026-03-20T12:24:48+00:00</Time><DistanceMeters>5375.0</DistanceMeters><Position><LatitudeDegrees>50.857545</LatitudeDegrees><LongitudeDegrees>4.282414</LongitudeDegrees></Position><AltitudeMeters>64.7</AltitudeMeters><Extensions><TPX xmlns="http://www.garmin.com/xmlschemas/ActivityExtension/v2"><Speed>2.48</Speed></TPX></Extensions></Trackpoint><Trackpoint><Time>2026-03-20T12:24:49+00:00</Time><DistanceMeters>5377.6</DistanceMeters><Position><LatitudeDegrees>50.857554</LatitudeDegrees><LongitudeDegrees>4.282405</LongitudeDegrees></Position><AltitudeMeters>64.6</AltitudeMeters><Extensions><TPX xmlns="http://www.garmin.com/xmlschemas/ActivityExtension/v2"><Speed>2.55</Speed></TPX></Extensions></Trackpoint><Trackpoint><Time>2026-03-20T12:24:50+00:00</Time><DistanceMeters>5379.8</DistanceMeters><Position><LatitudeDegrees>50.857581</LatitudeDegrees><LongitudeDegrees>4.282381</LongitudeDegrees></Position><AltitudeMeters>64.4</AltitudeMeters><Extensions><TPX xmlns="http://www.garmin.com/xmlschemas/ActivityExtension/v2"><Speed>2.54</Speed></TPX></Extensions></Trackpoint><Trackpoint><Time>2026-03-20T12:24:51+00:00</Time><DistanceMeters>5382.0</DistanceMeters><Position><LatitudeDegrees>50.857588</LatitudeDegrees><LongitudeDegrees>4.282374</LongitudeDegrees></Position><AltitudeMeters>64.4</AltitudeMeters><Extensions><TPX xmlns="http://www.garmin.com/xmlschemas/ActivityExtension/v2"><Speed>2.45</Speed></TPX></Extensions></Trackpoint><Trackpoint><Time>2026-03-20T12:24:52+00:00</Time><DistanceMeters>5382.0</DistanceMeters><Position><LatitudeDegrees>50.857606</LatitudeDegrees><LongitudeDegrees>4.282363</LongitudeDegrees></Position><AltitudeMeters>64.3</AltitudeMeters><Extensions><TPX xmlns="http://www.garmin.com/xmlschemas/ActivityExtension/v2"><Speed>1.92</Speed></TPX></Extensions></Trackpoint><Trackpoint><Time>2026-03-20T12:24:53+00:00</Time><DistanceMeters>5385.7</DistanceMeters><Position><LatitudeDegrees>50.857619</LatitudeDegrees><LongitudeDegrees>4.282356</LongitudeDegrees></Position><AltitudeMeters>64.2</AltitudeMeters><Extensions><TPX xmlns="http://www.garmin.com/xmlschemas/ActivityExtension/v2"><Speed>2.14</Speed></TPX></Extensions></Trackpoint><Trackpoint><Time>2026-03-20T12:24:54+00:00</Time><DistanceMeters>5385.7</DistanceMeters><Position><LatitudeDegrees>50.857629</LatitudeDegrees><LongitudeDegrees>4.282347</LongitudeDegrees></Position><AltitudeMeters>64.2</AltitudeMeters><Extensions><TPX xmlns="http://www.garmin.com/xmlschemas/ActivityExtension/v2"><Speed>1.62</Speed></TPX></Extensions></Trackpoint><Trackpoint><Time>2026-03-20T12:24:55+00:00</Time><DistanceMeters>5388.7</DistanceMeters><Position><LatitudeDegrees>50.857644</LatitudeDegrees><LongitudeDegrees>4.282338</LongitudeDegrees></Position><AltitudeMeters>64.1</AltitudeMeters><Extensions><TPX xmlns="http://www.garmin.com/xmlschemas/ActivityExtension/v2"><Speed>1.78</Speed></TPX></Extensions></Trackpoint><Trackpoint><Time>2026-03-20T12:24:56+00:00</Time><DistanceMeters>5390.9</DistanceMeters><Position><LatitudeDegrees>50.857672</LatitudeDegrees><LongitudeDegrees>4.282323</LongitudeDegrees></Position><AltitudeMeters>63.9</AltitudeMeters><Extensions><TPX xmlns="http://www.garmin.com/xmlschemas/ActivityExtension/v2"><Speed>1.78</Speed></TPX></Extensions></Trackpoint><Trackpoint><Time>2026-03-20T12:24:57+00:00</Time><DistanceMeters>5393.1</DistanceMeters><Position><LatitudeDegrees>50.857681</LatitudeDegrees><LongitudeDegrees>4.282316</LongitudeDegrees></Position><AltitudeMeters>63.8</AltitudeMeters><Extensions><TPX xmlns="http://www.garmin.com/xmlschemas/ActivityExtension/v2"><Speed>2.22</Speed></TPX></Extensions></Trackpoint><Trackpoint><Time>2026-03-20T12:24:58+00:00</Time><DistanceMeters>5395.8</DistanceMeters><Position><LatitudeDegrees>50.857716</LatitudeDegrees><LongitudeDegrees>4.282304</LongitudeDegrees></Position><AltitudeMeters>63.6</AltitudeMeters><Extensions><TPX xmlns="http://www.garmin.com/xmlschemas/ActivityExtension/v2"><Speed>2.01</Speed></TPX></Extensions></Trackpoint><Trackpoint><Time>2026-03-20T12:24:59+00:00</Time><DistanceMeters>5398.4</DistanceMeters><Position><LatitudeDegrees>50.857727</LatitudeDegrees><LongitudeDegrees>4.282299</LongitudeDegrees></Position><AltitudeMeters>63.6</AltitudeMeters><Extensions><TPX xmlns="http://www.garmin.com/xmlschemas/ActivityExtension/v2"><Speed>2.54</Speed></TPX></Extensions></Trackpoint><Trackpoint><Time>2026-03-20T12:25:00+00:00</Time><DistanceMeters>5400.9</DistanceMeters><Position><LatitudeDegrees>50.857759</LatitudeDegrees><LongitudeDegrees>4.282286</LongitudeDegrees></Position><AltitudeMeters>63.4</AltitudeMeters><Extensions><TPX xmlns="http://www.garmin.com/xmlschemas/ActivityExtension/v2"><Speed>2.43</Speed></TPX></Extensions></Trackpoint><Trackpoint><Time>2026-03-20T12:25:01+00:00</Time><DistanceMeters>5403.3</DistanceMeters><Position><LatitudeDegrees>50.85777</LatitudeDegrees><LongitudeDegrees>4.282282</LongitudeDegrees></Position><AltitudeMeters>63.3</AltitudeMeters><Extensions><TPX xmlns="http://www.garmin.com/xmlschemas/ActivityExtension/v2"><Speed>2.48</Speed></TPX></Extensions></Trackpoint><Trackpoint><Time>2026-03-20T12:25:02+00:00</Time><DistanceMeters>5406.0</DistanceMeters><Position><LatitudeDegrees>50.857806</LatitudeDegrees><LongitudeDegrees>4.28227</LongitudeDegrees></Position><AltitudeMeters>63.1</AltitudeMeters><Extensions><TPX xmlns="http://www.garmin.com/xmlschemas/ActivityExtension/v2"><Speed>2.58</Speed></TPX></Extensions></Trackpoint><Trackpoint><Time>2026-03-20T12:25:03+00:00</Time><DistanceMeters>5408.7</DistanceMeters><Position><LatitudeDegrees>50.857818</LatitudeDegrees><LongitudeDegrees>4.282265</LongitudeDegrees></Position><AltitudeMeters>63.0</AltitudeMeters><Extensions><TPX xmlns="http://www.garmin.com/xmlschemas/ActivityExtension/v2"><Speed>2.59</Speed></TPX></Extensions></Trackpoint><Trackpoint><Time>2026-03-20T12:25:04+00:00</Time><DistanceMeters>5411.2</DistanceMeters><Position><LatitudeDegrees>50.857852</LatitudeDegrees><LongitudeDegrees>4.282249</LongitudeDegrees></Position><AltitudeMeters>62.8</AltitudeMeters><Extensions><TPX xmlns="http://www.garmin.com/xmlschemas/ActivityExtension/v2"><Speed>2.56</Speed></TPX></Extensions></Trackpoint><Trackpoint><Time>2026-03-20T12:25:05+00:00</Time><DistanceMeters>5413.7</DistanceMeters><Position><LatitudeDegrees>50.857861</LatitudeDegrees><LongitudeDegrees>4.282244</LongitudeDegrees></Position><AltitudeMeters>62.7</AltitudeMeters><Extensions><TPX xmlns="http://www.garmin.com/xmlschemas/ActivityExtension/v2"><Speed>2.57</Speed></TPX></Extensions></Trackpoint><Trackpoint><Time>2026-03-20T12:25:06+00:00</Time><DistanceMeters>5415.4</DistanceMeters><Position><LatitudeDegrees>50.857883</LatitudeDegrees><LongitudeDegrees>4.282234</LongitudeDegrees></Position><AltitudeMeters>62.5</AltitudeMeters><Extensions><TPX xmlns="http://www.garmin.com/xmlschemas/ActivityExtension/v2"><Speed>2.427</Speed></TPX></Extensions></Trackpoint><Trackpoint><Time>2026-03-20T12:25:07+00:00</Time><DistanceMeters>5417.2</DistanceMeters><Position><LatitudeDegrees>50.857894</LatitudeDegrees><LongitudeDegrees>4.282229</LongitudeDegrees></Position><AltitudeMeters>62.5</AltitudeMeters><Extensions><TPX xmlns="http://www.garmin.com/xmlschemas/ActivityExtension/v2"><Speed>2.233</Speed></TPX></Extensions></Trackpoint><Trackpoint><Time>2026-03-20T12:25:08+00:00</Time><DistanceMeters>5418.9</DistanceMeters><Position><LatitudeDegrees>50.857905</LatitudeDegrees><LongitudeDegrees>4.282225</LongitudeDegrees></Position><AltitudeMeters>62.4</AltitudeMeters><Extensions><TPX xmlns="http://www.garmin.com/xmlschemas/ActivityExtension/v2"><Speed>2.04</Speed></TPX></Extensions></Trackpoint><Trackpoint><Time>2026-03-20T12:25:09+00:00</Time><DistanceMeters>5421.5</DistanceMeters><Position><LatitudeDegrees>50.857941</LatitudeDegrees><LongitudeDegrees>4.282211</LongitudeDegrees></Position><AltitudeMeters>62.1</AltitudeMeters><Extensions><TPX xmlns="http://www.garmin.com/xmlschemas/ActivityExtension/v2"><Speed>2.07</Speed></TPX></Extensions></Trackpoint><Trackpoint><Time>2026-03-20T12:25:10+00:00</Time><DistanceMeters>5424.2</DistanceMeters><Position><LatitudeDegrees>50.857952</LatitudeDegrees><LongitudeDegrees>4.282207</LongitudeDegrees></Position><AltitudeMeters>62.1</AltitudeMeters><Extensions><TPX xmlns="http://www.garmin.com/xmlschemas/ActivityExtension/v2"><Speed>2.1</Speed></TPX></Extensions></Trackpoint><Trackpoint><Time>2026-03-20T12:25:11+00:00</Time><DistanceMeters>5426.9</DistanceMeters><Position><LatitudeDegrees>50.857987</LatitudeDegrees><LongitudeDegrees>4.282194</LongitudeDegrees></Position><AltitudeMeters>61.8</AltitudeMeters><Extensions><TPX xmlns="http://www.garmin.com/xmlschemas/ActivityExtension/v2"><Speed>2.283</Speed></TPX></Extensions></Trackpoint><Trackpoint><Time>2026-03-20T12:25:12+00:00</Time><DistanceMeters>5429.5</DistanceMeters><Position><LatitudeDegrees>50.857998</LatitudeDegrees><LongitudeDegrees>4.28219</LongitudeDegrees></Position><AltitudeMeters>61.8</AltitudeMeters><Extensions><TPX xmlns="http://www.garmin.com/xmlschemas/ActivityExtension/v2"><Speed>2.467</Speed></TPX></Extensions></Trackpoint><Trackpoint><Time>2026-03-20T12:25:13+00:00</Time><DistanceMeters>5431.9</DistanceMeters><Position><LatitudeDegrees>50.858029</LatitudeDegrees><LongitudeDegrees>4.282179</LongitudeDegrees></Position><AltitudeMeters>61.5</AltitudeMeters><Extensions><TPX xmlns="http://www.garmin.com/xmlschemas/ActivityExtension/v2"><Speed>2.6</Speed></TPX></Extensions></Trackpoint><Trackpoint><Time>2026-03-20T12:25:14+00:00</Time><DistanceMeters>5434.3</DistanceMeters><Position><LatitudeDegrees>50.85804</LatitudeDegrees><LongitudeDegrees>4.282175</LongitudeDegrees></Position><AltitudeMeters>61.5</AltitudeMeters><Extensions><TPX xmlns="http://www.garmin.com/xmlschemas/ActivityExtension/v2"><Speed>2.55</Speed></TPX></Extensions></Trackpoint><Trackpoint><Time>2026-03-20T12:25:15+00:00</Time><DistanceMeters>5436.8</DistanceMeters><Position><LatitudeDegrees>50.858074</LatitudeDegrees><LongitudeDegrees>4.282165</LongitudeDegrees></Position><AltitudeMeters>61.2</AltitudeMeters><Extensions><TPX xmlns="http://www.garmin.com/xmlschemas/ActivityExtension/v2"><Speed>2.52</Speed></TPX></Extensions></Trackpoint><Trackpoint><Time>2026-03-20T12:25:16+00:00</Time><DistanceMeters>5439.3</DistanceMeters><Position><LatitudeDegrees>50.858085</LatitudeDegrees><LongitudeDegrees>4.282161</LongitudeDegrees></Position><AltitudeMeters>61.2</AltitudeMeters><Extensions><TPX xmlns="http://www.garmin.com/xmlschemas/ActivityExtension/v2"><Speed>2.49</Speed></TPX></Extensions></Trackpoint><Trackpoint><Time>2026-03-20T12:25:17+00:00</Time><DistanceMeters>5441.5</DistanceMeters><Position><LatitudeDegrees>50.858115</LatitudeDegrees><LongitudeDegrees>4.282159</LongitudeDegrees></Position><AltitudeMeters>61.0</AltitudeMeters><Extensions><TPX xmlns="http://www.garmin.com/xmlschemas/ActivityExtension/v2"><Speed>2.4</Speed></TPX></Extensions></Trackpoint><Trackpoint><Time>2026-03-20T12:25:18+00:00</Time><DistanceMeters>5443.7</DistanceMeters><Position><LatitudeDegrees>50.858124</LatitudeDegrees><LongitudeDegrees>4.282158</LongitudeDegrees></Position><AltitudeMeters>60.9</AltitudeMeters><Extensions><TPX xmlns="http://www.garmin.com/xmlschemas/ActivityExtension/v2"><Speed>2.36</Speed></TPX></Extensions></Trackpoint><Trackpoint><Time>2026-03-20T12:25:19+00:00</Time><DistanceMeters>5445.9</DistanceMeters><Position><LatitudeDegrees>50.858152</LatitudeDegrees><LongitudeDegrees>4.282156</LongitudeDegrees></Position><AltitudeMeters>60.7</AltitudeMeters><Extensions><TPX xmlns="http://www.garmin.com/xmlschemas/ActivityExtension/v2"><Speed>2.31</Speed></TPX></Extensions></Trackpoint><Trackpoint><Time>2026-03-20T12:25:20+00:00</Time><DistanceMeters>5448.0</DistanceMeters><Position><LatitudeDegrees>50.858162</LatitudeDegrees><LongitudeDegrees>4.282154</LongitudeDegrees></Position><AltitudeMeters>60.7</AltitudeMeters><Extensions><TPX xmlns="http://www.garmin.com/xmlschemas/ActivityExtension/v2"><Speed>2.24</Speed></TPX></Extensions></Trackpoint><Trackpoint><Time>2026-03-20T12:25:21+00:00</Time><DistanceMeters>5450.4</DistanceMeters><Position><LatitudeDegrees>50.858195</LatitudeDegrees><LongitudeDegrees>4.282153</LongitudeDegrees></Position><AltitudeMeters>60.5</AltitudeMeters><Extensions><TPX xmlns="http://www.garmin.com/xmlschemas/ActivityExtension/v2"><Speed>2.21</Speed></TPX></Extensions></Trackpoint><Trackpoint><Time>2026-03-20T12:25:22+00:00</Time><DistanceMeters>5452.7</DistanceMeters><Position><LatitudeDegrees>50.858205</LatitudeDegrees><LongitudeDegrees>4.282152</LongitudeDegrees></Position><AltitudeMeters>60.4</AltitudeMeters><Extensions><TPX xmlns="http://www.garmin.com/xmlschemas/ActivityExtension/v2"><Speed>2.24</Speed></TPX></Extensions></Trackpoint><Trackpoint><Time>2026-03-20T12:25:23+00:00</Time><DistanceMeters>5455.1</DistanceMeters><Position><LatitudeDegrees>50.858237</LatitudeDegrees><LongitudeDegrees>4.282147</LongitudeDegrees></Position><AltitudeMeters>60.2</AltitudeMeters><Extensions><TPX xmlns="http://www.garmin.com/xmlschemas/ActivityExtension/v2"><Speed>2.28</Speed></TPX></Extensions></Trackpoint><Trackpoint><Time>2026-03-20T12:25:24+00:00</Time><DistanceMeters>5457.5</DistanceMeters><Position><LatitudeDegrees>50.858248</LatitudeDegrees><LongitudeDegrees>4.282145</LongitudeDegrees></Position><AltitudeMeters>60.1</AltitudeMeters><Extensions><TPX xmlns="http://www.garmin.com/xmlschemas/ActivityExtension/v2"><Speed>2.33</Speed></TPX></Extensions></Trackpoint><Trackpoint><Time>2026-03-20T12:25:25+00:00</Time><DistanceMeters>5459.9</DistanceMeters><Position><LatitudeDegrees>50.858281</LatitudeDegrees><LongitudeDegrees>4.282141</LongitudeDegrees></Position><AltitudeMeters>59.9</AltitudeMeters><Extensions><TPX xmlns="http://www.garmin.com/xmlschemas/ActivityExtension/v2"><Speed>2.38</Speed></TPX></Extensions></Trackpoint><Trackpoint><Time>2026-03-20T12:25:26+00:00</Time><DistanceMeters>5462.3</DistanceMeters><Position><LatitudeDegrees>50.858291</LatitudeDegrees><LongitudeDegrees>4.28214</LongitudeDegrees></Position><AltitudeMeters>59.9</AltitudeMeters><Extensions><TPX xmlns="http://www.garmin.com/xmlschemas/ActivityExtension/v2"><Speed>2.39</Speed></TPX></Extensions></Trackpoint><Trackpoint><Time>2026-03-20T12:25:27+00:00</Time><DistanceMeters>5464.8</DistanceMeters><Position><LatitudeDegrees>50.858324</LatitudeDegrees><LongitudeDegrees>4.282138</LongitudeDegrees></Position><AltitudeMeters>59.7</AltitudeMeters><Extensions><TPX xmlns="http://www.garmin.com/xmlschemas/ActivityExtension/v2"><Speed>2.41</Speed></TPX></Extensions></Trackpoint><Trackpoint><Time>2026-03-20T12:25:28+00:00</Time><DistanceMeters>5467.2</DistanceMeters><Position><LatitudeDegrees>50.858335</LatitudeDegrees><LongitudeDegrees>4.282137</LongitudeDegrees></Position><AltitudeMeters>59.6</AltitudeMeters><Extensions><TPX xmlns="http://www.garmin.com/xmlschemas/ActivityExtension/v2"><Speed>2.42</Speed></TPX></Extensions></Trackpoint><Trackpoint><Time>2026-03-20T12:25:29+00:00</Time><DistanceMeters>5469.6</DistanceMeters><Position><LatitudeDegrees>50.858368</LatitudeDegrees><LongitudeDegrees>4.282137</LongitudeDegrees></Position><AltitudeMeters>59.4</AltitudeMeters><Extensions><TPX xmlns="http://www.garmin.com/xmlschemas/ActivityExtension/v2"><Speed>2.42</Speed></TPX></Extensions></Trackpoint><Trackpoint><Time>2026-03-20T12:25:30+00:00</Time><DistanceMeters>5472.0</DistanceMeters><Position><LatitudeDegrees>50.858378</LatitudeDegrees><LongitudeDegrees>4.282139</LongitudeDegrees></Position><AltitudeMeters>59.4</AltitudeMeters><Extensions><TPX xmlns="http://www.garmin.com/xmlschemas/ActivityExtension/v2"><Speed>2.42</Speed></TPX></Extensions></Trackpoint><Trackpoint><Time>2026-03-20T12:25:31+00:00</Time><DistanceMeters>5474.8</DistanceMeters><Position><LatitudeDegrees>50.858416</LatitudeDegrees><LongitudeDegrees>4.282141</LongitudeDegrees></Position><AltitudeMeters>59.2</AltitudeMeters><Extensions><TPX xmlns="http://www.garmin.com/xmlschemas/ActivityExtension/v2"><Speed>2.5</Speed></TPX></Extensions></Trackpoint><Trackpoint><Time>2026-03-20T12:25:32+00:00</Time><DistanceMeters>5477.6</DistanceMeters><Position><LatitudeDegrees>50.858429</LatitudeDegrees><LongitudeDegrees>4.282142</LongitudeDegrees></Position><AltitudeMeters>59.1</AltitudeMeters><Extensions><TPX xmlns="http://www.garmin.com/xmlschemas/ActivityExtension/v2"><Speed>2.57</Speed></TPX></Extensions></Trackpoint><Trackpoint><Time>2026-03-20T12:25:33+00:00</Time><DistanceMeters>5480.0</DistanceMeters><Position><LatitudeDegrees>50.858462</LatitudeDegrees><LongitudeDegrees>4.282147</LongitudeDegrees></Position><AltitudeMeters>58.9</AltitudeMeters><Extensions><TPX xmlns="http://www.garmin.com/xmlschemas/ActivityExtension/v2"><Speed>2.56</Speed></TPX></Extensions></Trackpoint><Trackpoint><Time>2026-03-20T12:25:34+00:00</Time><DistanceMeters>5482.4</DistanceMeters><Position><LatitudeDegrees>50.858472</LatitudeDegrees><LongitudeDegrees>4.282151</LongitudeDegrees></Position><AltitudeMeters>58.9</AltitudeMeters><Extensions><TPX xmlns="http://www.garmin.com/xmlschemas/ActivityExtension/v2"><Speed>2.56</Speed></TPX></Extensions></Trackpoint><Trackpoint><Time>2026-03-20T12:25:35+00:00</Time><DistanceMeters>5482.4</DistanceMeters><Position><LatitudeDegrees>50.858489</LatitudeDegrees><LongitudeDegrees>4.282157</LongitudeDegrees></Position><AltitudeMeters>58.8</AltitudeMeters><Extensions><TPX xmlns="http://www.garmin.com/xmlschemas/ActivityExtension/v2"><Speed>2.08</Speed></TPX></Extensions></Trackpoint><Trackpoint><Time>2026-03-20T12:25:36+00:00</Time><DistanceMeters>5486.2</DistanceMeters><Position><LatitudeDegrees>50.858505</LatitudeDegrees><LongitudeDegrees>4.282161</LongitudeDegrees></Position><AltitudeMeters>58.7</AltitudeMeters><Extensions><TPX xmlns="http://www.garmin.com/xmlschemas/ActivityExtension/v2"><Speed>2.28</Speed></TPX></Extensions></Trackpoint><Trackpoint><Time>2026-03-20T12:25:37+00:00</Time><DistanceMeters>5486.2</DistanceMeters><Position><LatitudeDegrees>50.858525</LatitudeDegrees><LongitudeDegrees>4.282163</LongitudeDegrees></Position><AltitudeMeters>58.6</AltitudeMeters><Extensions><TPX xmlns="http://www.garmin.com/xmlschemas/ActivityExtension/v2"><Speed>1.72</Speed></TPX></Extensions></Trackpoint><Trackpoint><Time>2026-03-20T12:25:38+00:00</Time><DistanceMeters>5489.8</DistanceMeters><Position><LatitudeDegrees>50.858536</LatitudeDegrees><LongitudeDegrees>4.282167</LongitudeDegrees></Position><AltitudeMeters>58.6</AltitudeMeters><Extensions><TPX xmlns="http://www.garmin.com/xmlschemas/ActivityExtension/v2"><Speed>1.96</Speed></TPX></Extensions></Trackpoint><Trackpoint><Time>2026-03-20T12:25:39+00:00</Time><DistanceMeters>5492.4</DistanceMeters><Position><LatitudeDegrees>50.858571</LatitudeDegrees><LongitudeDegrees>4.282168</LongitudeDegrees></Position><AltitudeMeters>58.4</AltitudeMeters><Extensions><TPX xmlns="http://www.garmin.com/xmlschemas/ActivityExtension/v2"><Speed>1.99</Speed></TPX></Extensions></Trackpoint><Trackpoint><Time>2026-03-20T12:25:40+00:00</Time><DistanceMeters>5494.9</DistanceMeters><Position><LatitudeDegrees>50.858583</LatitudeDegrees><LongitudeDegrees>4.282169</LongitudeDegrees></Position><AltitudeMeters>58.3</AltitudeMeters><Extensions><TPX xmlns="http://www.garmin.com/xmlschemas/ActivityExtension/v2"><Speed>2.5</Speed></TPX></Extensions></Trackpoint><Trackpoint><Time>2026-03-20T12:25:41+00:00</Time><DistanceMeters>5494.9</DistanceMeters><Position><LatitudeDegrees>50.858589</LatitudeDegrees><LongitudeDegrees>4.282174</LongitudeDegrees></Position><AltitudeMeters>58.3</AltitudeMeters><Extensions><TPX xmlns="http://www.garmin.com/xmlschemas/ActivityExtension/v2"><Speed>1.74</Speed></TPX></Extensions></Trackpoint><Trackpoint><Time>2026-03-20T12:25:42+00:00</Time><DistanceMeters>5494.9</DistanceMeters><Position><LatitudeDegrees>50.858605</LatitudeDegrees><LongitudeDegrees>4.282175</LongitudeDegrees></Position><AltitudeMeters>58.2</AltitudeMeters><Extensions><TPX xmlns="http://www.garmin.com/xmlschemas/ActivityExtension/v2"><Speed>1.74</Speed></TPX></Extensions></Trackpoint><Trackpoint><Time>2026-03-20T12:25:43+00:00</Time><DistanceMeters>5498.7</DistanceMeters><Position><LatitudeDegrees>50.858616</LatitudeDegrees><LongitudeDegrees>4.282177</LongitudeDegrees></Position><AltitudeMeters>58.2</AltitudeMeters><Extensions><TPX xmlns="http://www.garmin.com/xmlschemas/ActivityExtension/v2"><Speed>1.78</Speed></TPX></Extensions></Trackpoint><Trackpoint><Time>2026-03-20T12:25:44+00:00</Time><DistanceMeters>5498.7</DistanceMeters><Position><LatitudeDegrees>50.85863</LatitudeDegrees><LongitudeDegrees>4.282181</LongitudeDegrees></Position><AltitudeMeters>58.1</AltitudeMeters><Extensions><TPX xmlns="http://www.garmin.com/xmlschemas/ActivityExtension/v2"><Speed>1.27</Speed></TPX></Extensions></Trackpoint><Trackpoint><Time>2026-03-20T12:25:45+00:00</Time><DistanceMeters>5502.3</DistanceMeters><Position><LatitudeDegrees>50.858649</LatitudeDegrees><LongitudeDegrees>4.282184</LongitudeDegrees></Position><AltitudeMeters>58.0</AltitudeMeters><Extensions><TPX xmlns="http://www.garmin.com/xmlschemas/ActivityExtension/v2"><Speed>1.48</Speed></TPX></Extensions></Trackpoint><Trackpoint><Time>2026-03-20T12:25:46+00:00</Time><DistanceMeters>5504.8</DistanceMeters><Position><LatitudeDegrees>50.858683</LatitudeDegrees><LongitudeDegrees>4.282189</LongitudeDegrees></Position><AltitudeMeters>57.9</AltitudeMeters><Extensions><TPX xmlns="http://www.garmin.com/xmlschemas/ActivityExtension/v2"><Speed>1.98</Speed></TPX></Extensions></Trackpoint><Trackpoint><Time>2026-03-20T12:25:47+00:00</Time><DistanceMeters>5507.3</DistanceMeters><Position><LatitudeDegrees>50.858693</LatitudeDegrees><LongitudeDegrees>4.282191</LongitudeDegrees></Position><AltitudeMeters>57.8</AltitudeMeters><Extensions><TPX xmlns="http://www.garmin.com/xmlschemas/ActivityExtension/v2"><Speed>2.48</Speed></TPX></Extensions></Trackpoint><Trackpoint><Time>2026-03-20T12:25:48+00:00</Time><DistanceMeters>5509.8</DistanceMeters><Position><LatitudeDegrees>50.858726</LatitudeDegrees><LongitudeDegrees>4.282199</LongitudeDegrees></Position><AltitudeMeters>57.7</AltitudeMeters><Extensions><TPX xmlns="http://www.garmin.com/xmlschemas/ActivityExtension/v2"><Speed>2.21</Speed></TPX></Extensions></Trackpoint><Trackpoint><Time>2026-03-20T12:25:49+00:00</Time><DistanceMeters>5512.2</DistanceMeters><Position><LatitudeDegrees>50.858737</LatitudeDegrees><LongitudeDegrees>4.282202</LongitudeDegrees></Position><AltitudeMeters>57.6</AltitudeMeters><Extensions><TPX xmlns="http://www.garmin.com/xmlschemas/ActivityExtension/v2"><Speed>2.7</Speed></TPX></Extensions></Trackpoint><Trackpoint><Time>2026-03-20T12:25:50+00:00</Time><DistanceMeters>5514.9</DistanceMeters><Position><LatitudeDegrees>50.858773</LatitudeDegrees><LongitudeDegrees>4.28221</LongitudeDegrees></Position><AltitudeMeters>57.4</AltitudeMeters><Extensions><TPX xmlns="http://www.garmin.com/xmlschemas/ActivityExtension/v2"><Speed>2.51</Speed></TPX></Extensions></Trackpoint><Trackpoint><Time>2026-03-20T12:25:51+00:00</Time><DistanceMeters>5517.5</DistanceMeters><Position><LatitudeDegrees>50.858785</LatitudeDegrees><LongitudeDegrees>4.282212</LongitudeDegrees></Position><AltitudeMeters>57.4</AltitudeMeters><Extensions><TPX xmlns="http://www.garmin.com/xmlschemas/ActivityExtension/v2"><Speed>2.54</Speed></TPX></Extensions></Trackpoint><Trackpoint><Time>2026-03-20T12:25:52+00:00</Time><DistanceMeters>5519.9</DistanceMeters><Position><LatitudeDegrees>50.858817</LatitudeDegrees><LongitudeDegrees>4.282216</LongitudeDegrees></Position><AltitudeMeters>57.2</AltitudeMeters><Extensions><TPX xmlns="http://www.garmin.com/xmlschemas/ActivityExtension/v2"><Speed>2.52</Speed></TPX></Extensions></Trackpoint><Trackpoint><Time>2026-03-20T12:25:53+00:00</Time><DistanceMeters>5522.3</DistanceMeters><Position><LatitudeDegrees>50.858828</LatitudeDegrees><LongitudeDegrees>4.282217</LongitudeDegrees></Position><AltitudeMeters>57.2</AltitudeMeters><Extensions><TPX xmlns="http://www.garmin.com/xmlschemas/ActivityExtension/v2"><Speed>2.51</Speed></TPX></Extensions></Trackpoint><Trackpoint><Time>2026-03-20T12:25:54+00:00</Time><DistanceMeters>5522.3</DistanceMeters><Position><LatitudeDegrees>50.858844</LatitudeDegrees><LongitudeDegrees>4.282227</LongitudeDegrees></Position><AltitudeMeters>57.1</AltitudeMeters><Extensions><TPX xmlns="http://www.garmin.com/xmlschemas/ActivityExtension/v2"><Speed>2.02</Speed></TPX></Extensions></Trackpoint><Trackpoint><Time>2026-03-20T12:25:55+00:00</Time><DistanceMeters>5526.0</DistanceMeters><Position><LatitudeDegrees>50.858859</LatitudeDegrees><LongitudeDegrees>4.282236</LongitudeDegrees></Position><AltitudeMeters>57.0</AltitudeMeters><Extensions><TPX xmlns="http://www.garmin.com/xmlschemas/ActivityExtension/v2"><Speed>2.23</Speed></TPX></Extensions></Trackpoint><Trackpoint><Time>2026-03-20T12:25:56+00:00</Time><DistanceMeters>5528.1</DistanceMeters><Position><LatitudeDegrees>50.858886</LatitudeDegrees><LongitudeDegrees>4.282246</LongitudeDegrees></Position><AltitudeMeters>56.9</AltitudeMeters><Extensions><TPX xmlns="http://www.garmin.com/xmlschemas/ActivityExtension/v2"><Speed>2.12</Speed></TPX></Extensions></Trackpoint><Trackpoint><Time>2026-03-20T12:25:57+00:00</Time><DistanceMeters>5530.2</DistanceMeters><Position><LatitudeDegrees>50.858895</LatitudeDegrees><LongitudeDegrees>4.282249</LongitudeDegrees></Position><AltitudeMeters>56.8</AltitudeMeters><Extensions><TPX xmlns="http://www.garmin.com/xmlschemas/ActivityExtension/v2"><Speed>2.06</Speed></TPX></Extensions></Trackpoint><Trackpoint><Time>2026-03-20T12:25:58+00:00</Time><DistanceMeters>5530.2</DistanceMeters><Position><LatitudeDegrees>50.858913</LatitudeDegrees><LongitudeDegrees>4.282257</LongitudeDegrees></Position><AltitudeMeters>56.8</AltitudeMeters><Extensions><TPX xmlns="http://www.garmin.com/xmlschemas/ActivityExtension/v2"><Speed>1.58</Speed></TPX></Extensions></Trackpoint><Trackpoint><Time>2026-03-20T12:26:00+00:00</Time><DistanceMeters>5534.6</DistanceMeters><Position><LatitudeDegrees>50.858934</LatitudeDegrees><LongitudeDegrees>4.282264</LongitudeDegrees></Position><AltitudeMeters>56.6</AltitudeMeters><Extensions><TPX xmlns="http://www.garmin.com/xmlschemas/ActivityExtension/v2"><Speed>1.72</Speed></TPX></Extensions></Trackpoint><Trackpoint><Time>2026-03-20T12:26:01+00:00</Time><DistanceMeters>5537.3</DistanceMeters><Position><LatitudeDegrees>50.85897</LatitudeDegrees><LongitudeDegrees>4.282274</LongitudeDegrees></Position><AltitudeMeters>56.5</AltitudeMeters><Extensions><TPX xmlns="http://www.garmin.com/xmlschemas/ActivityExtension/v2"><Speed>1.83</Speed></TPX></Extensions></Trackpoint><Trackpoint><Time>2026-03-20T12:26:02+00:00</Time><DistanceMeters>5539.9</DistanceMeters><Position><LatitudeDegrees>50.858981</LatitudeDegrees><LongitudeDegrees>4.282277</LongitudeDegrees></Position><AltitudeMeters>56.4</AltitudeMeters><Extensions><TPX xmlns="http://www.garmin.com/xmlschemas/ActivityExtension/v2"><Speed>1.94</Speed></TPX></Extensions></Trackpoint><Trackpoint><Time>2026-03-20T12:26:03+00:00</Time><DistanceMeters>5542.6</DistanceMeters><Position><LatitudeDegrees>50.859016</LatitudeDegrees><LongitudeDegrees>4.282287</LongitudeDegrees></Position><AltitudeMeters>56.2</AltitudeMeters><Extensions><TPX xmlns="http://www.garmin.com/xmlschemas/ActivityExtension/v2"><Speed>2.48</Speed></TPX></Extensions></Trackpoint><Trackpoint><Time>2026-03-20T12:26:04+00:00</Time><DistanceMeters>5545.3</DistanceMeters><Position><LatitudeDegrees>50.859028</LatitudeDegrees><LongitudeDegrees>4.282292</LongitudeDegrees></Position><AltitudeMeters>56.2</AltitudeMeters><Extensions><TPX xmlns="http://www.garmin.com/xmlschemas/ActivityExtension/v2"><Speed>2.517</Speed></TPX></Extensions></Trackpoint><Trackpoint><Time>2026-03-20T12:26:05+00:00</Time><DistanceMeters>5548.3</DistanceMeters><Position><LatitudeDegrees>50.859067</LatitudeDegrees><LongitudeDegrees>4.282305</LongitudeDegrees></Position><AltitudeMeters>56.0</AltitudeMeters><Extensions><TPX xmlns="http://www.garmin.com/xmlschemas/ActivityExtension/v2"><Speed>2.74</Speed></TPX></Extensions></Trackpoint><Trackpoint><Time>2026-03-20T12:26:06+00:00</Time><DistanceMeters>5551.3</DistanceMeters><Position><LatitudeDegrees>50.85908</LatitudeDegrees><LongitudeDegrees>4.282311</LongitudeDegrees></Position><AltitudeMeters>55.9</AltitudeMeters><Extensions><TPX xmlns="http://www.garmin.com/xmlschemas/ActivityExtension/v2"><Speed>2.81</Speed></TPX></Extensions></Trackpoint><Trackpoint><Time>2026-03-20T12:26:07+00:00</Time><DistanceMeters>5551.3</DistanceMeters><Position><LatitudeDegrees>50.859094</LatitudeDegrees><LongitudeDegrees>4.282317</LongitudeDegrees></Position><AltitudeMeters>55.8</AltitudeMeters><Extensions><TPX xmlns="http://www.garmin.com/xmlschemas/ActivityExtension/v2"><Speed>2.28</Speed></TPX></Extensions></Trackpoint><Trackpoint><Time>2026-03-20T12:26:08+00:00</Time><DistanceMeters>5554.5</DistanceMeters><Position><LatitudeDegrees>50.859108</LatitudeDegrees><LongitudeDegrees>4.282326</LongitudeDegrees></Position><AltitudeMeters>55.8</AltitudeMeters><Extensions><TPX xmlns="http://www.garmin.com/xmlschemas/ActivityExtension/v2"><Speed>2.38</Speed></TPX></Extensions></Trackpoint><Trackpoint><Time>2026-03-20T12:26:09+00:00</Time><DistanceMeters>5554.5</DistanceMeters><Position><LatitudeDegrees>50.859124</LatitudeDegrees><LongitudeDegrees>4.282336</LongitudeDegrees></Position><AltitudeMeters>55.7</AltitudeMeters><Extensions><TPX xmlns="http://www.garmin.com/xmlschemas/ActivityExtension/v2"><Speed>1.84</Speed></TPX></Extensions></Trackpoint><Trackpoint><Time>2026-03-20T12:26:10+00:00</Time><DistanceMeters>5557.7</DistanceMeters><Position><LatitudeDegrees>50.859135</LatitudeDegrees><LongitudeDegrees>4.282343</LongitudeDegrees></Position><AltitudeMeters>55.6</AltitudeMeters><Extensions><TPX xmlns="http://www.garmin.com/xmlschemas/ActivityExtension/v2"><Speed>1.88</Speed></TPX></Extensions></Trackpoint><Trackpoint><Time>2026-03-20T12:26:11+00:00</Time><DistanceMeters>5557.7</DistanceMeters><Position><LatitudeDegrees>50.859151</LatitudeDegrees><LongitudeDegrees>4.282351</LongitudeDegrees></Position><AltitudeMeters>55.5</AltitudeMeters><Extensions><TPX xmlns="http://www.garmin.com/xmlschemas/ActivityExtension/v2"><Speed>1.28</Speed></TPX></Extensions></Trackpoint><Trackpoint><Time>2026-03-20T12:26:12+00:00</Time><DistanceMeters>5561.4</DistanceMeters><Position><LatitudeDegrees>50.859166</LatitudeDegrees><LongitudeDegrees>4.282358</LongitudeDegrees></Position><AltitudeMeters>55.5</AltitudeMeters><Extensions><TPX xmlns="http://www.garmin.com/xmlschemas/ActivityExtension/v2"><Speed>2.02</Speed></TPX></Extensions></Trackpoint><Trackpoint><Time>2026-03-20T12:26:13+00:00</Time><DistanceMeters>5561.4</DistanceMeters><Position><LatitudeDegrees>50.859184</LatitudeDegrees><LongitudeDegrees>4.282367</LongitudeDegrees></Position><AltitudeMeters>55.4</AltitudeMeters><Extensions><TPX xmlns="http://www.garmin.com/xmlschemas/ActivityExtension/v2"><Speed>1.38</Speed></TPX></Extensions></Trackpoint><Trackpoint><Time>2026-03-20T12:26:14+00:00</Time><DistanceMeters>5565.1</DistanceMeters><Position><LatitudeDegrees>50.859198</LatitudeDegrees><LongitudeDegrees>4.282373</LongitudeDegrees></Position><AltitudeMeters>55.3</AltitudeMeters><Extensions><TPX xmlns="http://www.garmin.com/xmlschemas/ActivityExtension/v2"><Speed>2.12</Speed></TPX></Extensions></Trackpoint><Trackpoint><Time>2026-03-20T12:26:15+00:00</Time><DistanceMeters>5567.4</DistanceMeters><Position><LatitudeDegrees>50.859227</LatitudeDegrees><LongitudeDegrees>4.282384</LongitudeDegrees></Position><AltitudeMeters>55.2</AltitudeMeters><Extensions><TPX xmlns="http://www.garmin.com/xmlschemas/ActivityExtension/v2"><Speed>1.94</Speed></TPX></Extensions></Trackpoint><Trackpoint><Time>2026-03-20T12:26:16+00:00</Time><DistanceMeters>5569.7</DistanceMeters><Position><LatitudeDegrees>50.859239</LatitudeDegrees><LongitudeDegrees>4.282389</LongitudeDegrees></Position><AltitudeMeters>55.1</AltitudeMeters><Extensions><TPX xmlns="http://www.garmin.com/xmlschemas/ActivityExtension/v2"><Speed>2.4</Speed></TPX></Extensions></Trackpoint><Trackpoint><Time>2026-03-20T12:26:17+00:00</Time><DistanceMeters>5572.0</DistanceMeters><Position><LatitudeDegrees>50.859268</LatitudeDegrees><LongitudeDegrees>4.282403</LongitudeDegrees></Position><AltitudeMeters>55.0</AltitudeMeters><Extensions><TPX xmlns="http://www.garmin.com/xmlschemas/ActivityExtension/v2"><Speed>2.12</Speed></TPX></Extensions></Trackpoint><Trackpoint><Time>2026-03-20T12:26:18+00:00</Time><DistanceMeters>5574.3</DistanceMeters><Position><LatitudeDegrees>50.859278</LatitudeDegrees><LongitudeDegrees>4.282409</LongitudeDegrees></Position><AltitudeMeters>55.0</AltitudeMeters><Extensions><TPX xmlns="http://www.garmin.com/xmlschemas/ActivityExtension/v2"><Speed>2.58</Speed></TPX></Extensions></Trackpoint><Trackpoint><Time>2026-03-20T12:26:19+00:00</Time><DistanceMeters>5576.9</DistanceMeters><Position><LatitudeDegrees>50.859312</LatitudeDegrees><LongitudeDegrees>4.282428</LongitudeDegrees></Position><AltitudeMeters>54.8</AltitudeMeters><Extensions><TPX xmlns="http://www.garmin.com/xmlschemas/ActivityExtension/v2"><Speed>2.36</Speed></TPX></Extensions></Trackpoint><Trackpoint><Time>2026-03-20T12:26:20+00:00</Time><DistanceMeters>5579.5</DistanceMeters><Position><LatitudeDegrees>50.859322</LatitudeDegrees><LongitudeDegrees>4.282434</LongitudeDegrees></Position><AltitudeMeters>54.8</AltitudeMeters><Extensions><TPX xmlns="http://www.garmin.com/xmlschemas/ActivityExtension/v2"><Speed>2.42</Speed></TPX></Extensions></Trackpoint><Trackpoint><Time>2026-03-20T12:26:21+00:00</Time><DistanceMeters>5581.9</DistanceMeters><Position><LatitudeDegrees>50.859352</LatitudeDegrees><LongitudeDegrees>4.282455</LongitudeDegrees></Position><AltitudeMeters>54.7</AltitudeMeters><Extensions><TPX xmlns="http://www.garmin.com/xmlschemas/ActivityExtension/v2"><Speed>2.43</Speed></TPX></Extensions></Trackpoint><Trackpoint><Time>2026-03-20T12:26:22+00:00</Time><DistanceMeters>5584.2</DistanceMeters><Position><LatitudeDegrees>50.859361</LatitudeDegrees><LongitudeDegrees>4.282462</LongitudeDegrees></Position><AltitudeMeters>54.6</AltitudeMeters><Extensions><TPX xmlns="http://www.garmin.com/xmlschemas/ActivityExtension/v2"><Speed>2.44</Speed></TPX></Extensions></Trackpoint><Trackpoint><Time>2026-03-20T12:26:23+00:00</Time><DistanceMeters>5586.5</DistanceMeters><Position><LatitudeDegrees>50.859387</LatitudeDegrees><LongitudeDegrees>4.282487</LongitudeDegrees></Position><AltitudeMeters>54.5</AltitudeMeters><Extensions><TPX xmlns="http://www.garmin.com/xmlschemas/ActivityExtension/v2"><Speed>2.43</Speed></TPX></Extensions></Trackpoint><Trackpoint><Time>2026-03-20T12:26:24+00:00</Time><DistanceMeters>5588.7</DistanceMeters><Position><LatitudeDegrees>50.859395</LatitudeDegrees><LongitudeDegrees>4.282495</LongitudeDegrees></Position><AltitudeMeters>54.5</AltitudeMeters><Extensions><TPX xmlns="http://www.garmin.com/xmlschemas/ActivityExtension/v2"><Speed>2.36</Speed></TPX></Extensions></Trackpoint><Trackpoint><Time>2026-03-20T12:26:25+00:00</Time><DistanceMeters>5588.7</DistanceMeters><Position><LatitudeDegrees>50.859411</LatitudeDegrees><LongitudeDegrees>4.282512</LongitudeDegrees></Position><AltitudeMeters>54.4</AltitudeMeters><Extensions><TPX xmlns="http://www.garmin.com/xmlschemas/ActivityExtension/v2"><Speed>1.84</Speed></TPX></Extensions></Trackpoint><Trackpoint><Time>2026-03-20T12:26:26+00:00</Time><DistanceMeters>5588.7</DistanceMeters><Position><LatitudeDegrees>50.859396</LatitudeDegrees><LongitudeDegrees>4.282513</LongitudeDegrees></Position><AltitudeMeters>54.4</AltitudeMeters><Extensions><TPX xmlns="http://www.garmin.com/xmlschemas/ActivityExtension/v2"><Speed>1.37</Speed></TPX></Extensions></Trackpoint><Trackpoint><Time>2026-03-20T12:26:27+00:00</Time><DistanceMeters>5588.7</DistanceMeters><Position><LatitudeDegrees>50.859402</LatitudeDegrees><LongitudeDegrees>4.282524</LongitudeDegrees></Position><AltitudeMeters>54.3</AltitudeMeters><Extensions><TPX xmlns="http://www.garmin.com/xmlschemas/ActivityExtension/v2"><Speed>0.9</Speed></TPX></Extensions></Trackpoint><Trackpoint><Time>2026-03-20T12:26:28+00:00</Time><DistanceMeters>5592.4</DistanceMeters><Position><LatitudeDegrees>50.859416</LatitudeDegrees><LongitudeDegrees>4.282535</LongitudeDegrees></Position><AltitudeMeters>54.3</AltitudeMeters><Extensions><TPX xmlns="http://www.garmin.com/xmlschemas/ActivityExtension/v2"><Speed>1.19</Speed></TPX></Extensions></Trackpoint><Trackpoint><Time>2026-03-20T12:26:29+00:00</Time><DistanceMeters>5594.6</DistanceMeters><Position><LatitudeDegrees>50.859442</LatitudeDegrees><LongitudeDegrees>4.282555</LongitudeDegrees></Position><AltitudeMeters>54.2</AltitudeMeters><Extensions><TPX xmlns="http://www.garmin.com/xmlschemas/ActivityExtension/v2"><Speed>1.18</Speed></TPX></Extensions></Trackpoint><Trackpoint><Time>2026-03-20T12:26:30+00:00</Time><DistanceMeters>5596.8</DistanceMeters><Position><LatitudeDegrees>50.859452</LatitudeDegrees><LongitudeDegrees>4.282563</LongitudeDegrees></Position><AltitudeMeters>54.2</AltitudeMeters><Extensions><TPX xmlns="http://www.garmin.com/xmlschemas/ActivityExtension/v2"><Speed>1.62</Speed></TPX></Extensions></Trackpoint><Trackpoint><Time>2026-03-20T12:26:31+00:00</Time><DistanceMeters>5599.2</DistanceMeters><Position><LatitudeDegrees>50.859482</LatitudeDegrees><LongitudeDegrees>4.282582</LongitudeDegrees></Position><AltitudeMeters>54.1</AltitudeMeters><Extensions><TPX xmlns="http://www.garmin.com/xmlschemas/ActivityExtension/v2"><Speed>2.09</Speed></TPX></Extensions></Trackpoint><Trackpoint><Time>2026-03-20T12:26:32+00:00</Time><DistanceMeters>5601.5</DistanceMeters><Position><LatitudeDegrees>50.859491</LatitudeDegrees><LongitudeDegrees>4.282588</LongitudeDegrees></Position><AltitudeMeters>54.1</AltitudeMeters><Extensions><TPX xmlns="http://www.garmin.com/xmlschemas/ActivityExtension/v2"><Speed>2.56</Speed></TPX></Extensions></Trackpoint><Trackpoint><Time>2026-03-20T12:26:33+00:00</Time><DistanceMeters>5604.1</DistanceMeters><Position><LatitudeDegrees>50.859524</LatitudeDegrees><LongitudeDegrees>4.282603</LongitudeDegrees></Position><AltitudeMeters>54.0</AltitudeMeters><Extensions><TPX xmlns="http://www.garmin.com/xmlschemas/ActivityExtension/v2"><Speed>2.34</Speed></TPX></Extensions></Trackpoint><Trackpoint><Time>2026-03-20T12:26:34+00:00</Time><DistanceMeters>5606.7</DistanceMeters><Position><LatitudeDegrees>50.859536</LatitudeDegrees><LongitudeDegrees>4.282608</LongitudeDegrees></Position><AltitudeMeters>53.9</AltitudeMeters><Extensions><TPX xmlns="http://www.garmin.com/xmlschemas/ActivityExtension/v2"><Speed>2.42</Speed></TPX></Extensions></Trackpoint><Trackpoint><Time>2026-03-20T12:26:35+00:00</Time><DistanceMeters>5609.3</DistanceMeters><Position><LatitudeDegrees>50.85957</LatitudeDegrees><LongitudeDegrees>4.282623</LongitudeDegrees></Position><AltitudeMeters>53.9</AltitudeMeters><Extensions><TPX xmlns="http://www.garmin.com/xmlschemas/ActivityExtension/v2"><Speed>2.49</Speed></TPX></Extensions></Trackpoint><Trackpoint><Time>2026-03-20T12:26:36+00:00</Time><DistanceMeters>5611.8</DistanceMeters><Position><LatitudeDegrees>50.85958</LatitudeDegrees><LongitudeDegrees>4.282629</LongitudeDegrees></Position><AltitudeMeters>53.8</AltitudeMeters><Extensions><TPX xmlns="http://www.garmin.com/xmlschemas/ActivityExtension/v2"><Speed>2.53</Speed></TPX></Extensions></Trackpoint><Trackpoint><Time>2026-03-20T12:26:37+00:00</Time><DistanceMeters>5614.3</DistanceMeters><Position><LatitudeDegrees>50.859612</LatitudeDegrees><LongitudeDegrees>4.282645</LongitudeDegrees></Position><AltitudeMeters>53.7</AltitudeMeters><Extensions><TPX xmlns="http://www.garmin.com/xmlschemas/ActivityExtension/v2"><Speed>2.55</Speed></TPX></Extensions></Trackpoint><Trackpoint><Time>2026-03-20T12:26:38+00:00</Time><DistanceMeters>5616.7</DistanceMeters><Position><LatitudeDegrees>50.859622</LatitudeDegrees><LongitudeDegrees>4.28265</LongitudeDegrees></Position><AltitudeMeters>53.7</AltitudeMeters><Extensions><TPX xmlns="http://www.garmin.com/xmlschemas/ActivityExtension/v2"><Speed>2.52</Speed></TPX></Extensions></Trackpoint><Trackpoint><Time>2026-03-20T12:26:39+00:00</Time><DistanceMeters>5619.3</DistanceMeters><Position><LatitudeDegrees>50.859656</LatitudeDegrees><LongitudeDegrees>4.282665</LongitudeDegrees></Position><AltitudeMeters>53.6</AltitudeMeters><Extensions><TPX xmlns="http://www.garmin.com/xmlschemas/ActivityExtension/v2"><Speed>2.51</Speed></TPX></Extensions></Trackpoint><Trackpoint><Time>2026-03-20T12:26:40+00:00</Time><DistanceMeters>5621.8</DistanceMeters><Position><LatitudeDegrees>50.859666</LatitudeDegrees><LongitudeDegrees>4.28267</LongitudeDegrees></Position><AltitudeMeters>53.6</AltitudeMeters><Extensions><TPX xmlns="http://www.garmin.com/xmlschemas/ActivityExtension/v2"><Speed>2.51</Speed></TPX></Extensions></Trackpoint><Trackpoint><Time>2026-03-20T12:26:41+00:00</Time><DistanceMeters>5624.0</DistanceMeters><Position><LatitudeDegrees>50.859696</LatitudeDegrees><LongitudeDegrees>4.282682</LongitudeDegrees></Position><AltitudeMeters>53.5</AltitudeMeters><Extensions><TPX xmlns="http://www.garmin.com/xmlschemas/ActivityExtension/v2"><Speed>2.44</Speed></TPX></Extensions></Trackpoint><Trackpoint><Time>2026-03-20T12:26:42+00:00</Time><DistanceMeters>5626.2</DistanceMeters><Position><LatitudeDegrees>50.859705</LatitudeDegrees><LongitudeDegrees>4.282685</LongitudeDegrees></Position><AltitudeMeters>53.5</AltitudeMeters><Extensions><TPX xmlns="http://www.garmin.com/xmlschemas/ActivityExtension/v2"><Speed>2.39</Speed></TPX></Extensions></Trackpoint><Trackpoint><Time>2026-03-20T12:26:43+00:00</Time><DistanceMeters>5626.2</DistanceMeters><Position><LatitudeDegrees>50.859717</LatitudeDegrees><LongitudeDegrees>4.282693</LongitudeDegrees></Position><AltitudeMeters>53.5</AltitudeMeters><Extensions><TPX xmlns="http://www.garmin.com/xmlschemas/ActivityExtension/v2"><Speed>1.9</Speed></TPX></Extensions></Trackpoint><Trackpoint><Time>2026-03-20T12:26:44+00:00</Time><DistanceMeters>5630.2</DistanceMeters><Position><LatitudeDegrees>50.859738</LatitudeDegrees><LongitudeDegrees>4.282705</LongitudeDegrees></Position><AltitudeMeters>53.4</AltitudeMeters><Extensions><TPX xmlns="http://www.garmin.com/xmlschemas/ActivityExtension/v2"><Speed>2.19</Speed></TPX></Extensions></Trackpoint><Trackpoint><Time>2026-03-20T12:26:45+00:00</Time><DistanceMeters>5632.3</DistanceMeters><Position><LatitudeDegrees>50.859763</LatitudeDegrees><LongitudeDegrees>4.282716</LongitudeDegrees></Position><AltitudeMeters>53.3</AltitudeMeters><Extensions><TPX xmlns="http://www.garmin.com/xmlschemas/ActivityExtension/v2"><Speed>2.09</Speed></TPX></Extensions></Trackpoint><Trackpoint><Time>2026-03-20T12:26:46+00:00</Time><DistanceMeters>5634.3</DistanceMeters><Position><LatitudeDegrees>50.859773</LatitudeDegrees><LongitudeDegrees>4.282723</LongitudeDegrees></Position><AltitudeMeters>53.3</AltitudeMeters><Extensions><TPX xmlns="http://www.garmin.com/xmlschemas/ActivityExtension/v2"><Speed>2.06</Speed></TPX></Extensions></Trackpoint><Trackpoint><Time>2026-03-20T12:26:47+00:00</Time><DistanceMeters>5637.0</DistanceMeters><Position><LatitudeDegrees>50.859807</LatitudeDegrees><LongitudeDegrees>4.282742</LongitudeDegrees></Position><AltitudeMeters>53.2</AltitudeMeters><Extensions><TPX xmlns="http://www.garmin.com/xmlschemas/ActivityExtension/v2"><Speed>2.15</Speed></TPX></Extensions></Trackpoint><Trackpoint><Time>2026-03-20T12:26:48+00:00</Time><DistanceMeters>5639.6</DistanceMeters><Position><LatitudeDegrees>50.859818</LatitudeDegrees><LongitudeDegrees>4.282749</LongitudeDegrees></Position><AltitudeMeters>53.1</AltitudeMeters><Extensions><TPX xmlns="http://www.garmin.com/xmlschemas/ActivityExtension/v2"><Speed>2.68</Speed></TPX></Extensions></Trackpoint><Trackpoint><Time>2026-03-20T12:26:49+00:00</Time><DistanceMeters>5642.0</DistanceMeters><Position><LatitudeDegrees>50.859848</LatitudeDegrees><LongitudeDegrees>4.282766</LongitudeDegrees></Position><AltitudeMeters>53.0</AltitudeMeters><Extensions><TPX xmlns="http://www.garmin.com/xmlschemas/ActivityExtension/v2"><Speed>2.36</Speed></TPX></Extensions></Trackpoint><Trackpoint><Time>2026-03-20T12:26:50+00:00</Time><DistanceMeters>5644.4</DistanceMeters><Position><LatitudeDegrees>50.859858</LatitudeDegrees><LongitudeDegrees>4.282772</LongitudeDegrees></Position><AltitudeMeters>53.0</AltitudeMeters><Extensions><TPX xmlns="http://www.garmin.com/xmlschemas/ActivityExtension/v2"><Speed>2.43</Speed></TPX></Extensions></Trackpoint><Trackpoint><Time>2026-03-20T12:26:51+00:00</Time><DistanceMeters>5647.0</DistanceMeters><Position><LatitudeDegrees>50.859892</LatitudeDegrees><LongitudeDegrees>4.282789</LongitudeDegrees></Position><AltitudeMeters>52.9</AltitudeMeters><Extensions><TPX xmlns="http://www.garmin.com/xmlschemas/ActivityExtension/v2"><Speed>2.54</Speed></TPX></Extensions></Trackpoint><Trackpoint><Time>2026-03-20T12:26:52+00:00</Time><DistanceMeters>5649.6</DistanceMeters><Position><LatitudeDegrees>50.859903</LatitudeDegrees><LongitudeDegrees>4.282795</LongitudeDegrees></Position><AltitudeMeters>52.9</AltitudeMeters><Extensions><TPX xmlns="http://www.garmin.com/xmlschemas/ActivityExtension/v2"><Speed>2.53</Speed></TPX></Extensions></Trackpoint><Trackpoint><Time>2026-03-20T12:26:53+00:00</Time><DistanceMeters>5649.6</DistanceMeters><Position><LatitudeDegrees>50.859914</LatitudeDegrees><LongitudeDegrees>4.282804</LongitudeDegrees></Position><AltitudeMeters>52.8</AltitudeMeters><Extensions><TPX xmlns="http://www.garmin.com/xmlschemas/ActivityExtension/v2"><Speed>2.0</Speed></TPX></Extensions></Trackpoint><Trackpoint><Time>2026-03-20T12:26:54+00:00</Time><DistanceMeters>5649.6</DistanceMeters><Position><LatitudeDegrees>50.859923</LatitudeDegrees><LongitudeDegrees>4.282813</LongitudeDegrees></Position><AltitudeMeters>52.8</AltitudeMeters><Extensions><TPX xmlns="http://www.garmin.com/xmlschemas/ActivityExtension/v2"><Speed>1.52</Speed></TPX></Extensions></Trackpoint><Trackpoint><Time>2026-03-20T12:26:55+00:00</Time><DistanceMeters>5649.6</DistanceMeters><Position><LatitudeDegrees>50.859923</LatitudeDegrees><LongitudeDegrees>4.282819</LongitudeDegrees></Position><AltitudeMeters>52.8</AltitudeMeters><Extensions><TPX xmlns="http://www.garmin.com/xmlschemas/ActivityExtension/v2"><Speed>1.04</Speed></TPX></Extensions></Trackpoint><Trackpoint><Time>2026-03-20T12:26:56+00:00</Time><DistanceMeters>5653.6</DistanceMeters><Position><LatitudeDegrees>50.859933</LatitudeDegrees><LongitudeDegrees>4.282828</LongitudeDegrees></Position><AltitudeMeters>52.7</AltitudeMeters><Extensions><TPX xmlns="http://www.garmin.com/xmlschemas/ActivityExtension/v2"><Speed>1.32</Speed></TPX></Extensions></Trackpoint><Trackpoint><Time>2026-03-20T12:26:57+00:00</Time><DistanceMeters>5653.6</DistanceMeters><Position><LatitudeDegrees>50.859942</LatitudeDegrees><LongitudeDegrees>4.282837</LongitudeDegrees></Position><AltitudeMeters>52.7</AltitudeMeters><Extensions><TPX xmlns="http://www.garmin.com/xmlschemas/ActivityExtension/v2"><Speed>0.8</Speed></TPX></Extensions></Trackpoint><Trackpoint><Time>2026-03-20T12:26:58+00:00</Time><DistanceMeters>5657.0</DistanceMeters><Position><LatitudeDegrees>50.85996</LatitudeDegrees><LongitudeDegrees>4.282847</LongitudeDegrees></Position><AltitudeMeters>52.6</AltitudeMeters><Extensions><TPX xmlns="http://www.garmin.com/xmlschemas/ActivityExtension/v2"><Speed>1.48</Speed></TPX></Extensions></Trackpoint><Trackpoint><Time>2026-03-20T12:26:59+00:00</Time><DistanceMeters>5657.0</DistanceMeters><Position><LatitudeDegrees>50.85997</LatitudeDegrees><LongitudeDegrees>4.282854</LongitudeDegrees></Position><AltitudeMeters>52.6</AltitudeMeters><Extensions><TPX xmlns="http://www.garmin.com/xmlschemas/ActivityExtension/v2"><Speed>1.48</Speed></TPX></Extensions></Trackpoint><Trackpoint><Time>2026-03-20T12:27:00+00:00</Time><DistanceMeters>5657.0</DistanceMeters><Position><LatitudeDegrees>50.85998</LatitudeDegrees><LongitudeDegrees>4.282863</LongitudeDegrees></Position><AltitudeMeters>52.6</AltitudeMeters><Extensions><TPX xmlns="http://www.garmin.com/xmlschemas/ActivityExtension/v2"><Speed>1.48</Speed></TPX></Extensions></Trackpoint><Trackpoint><Time>2026-03-20T12:27:02+00:00</Time><DistanceMeters>5660.9</DistanceMeters><Position><LatitudeDegrees>50.85999</LatitudeDegrees><LongitudeDegrees>4.282899</LongitudeDegrees></Position><AltitudeMeters>52.5</AltitudeMeters><Extensions><TPX xmlns="http://www.garmin.com/xmlschemas/ActivityExtension/v2"><Speed>1.46</Speed></TPX></Extensions></Trackpoint><Trackpoint><Time>2026-03-20T12:27:03+00:00</Time><DistanceMeters>5660.9</DistanceMeters><Position><LatitudeDegrees>50.859998</LatitudeDegrees><LongitudeDegrees>4.282907</LongitudeDegrees></Position><AltitudeMeters>52.5</AltitudeMeters><Extensions><TPX xmlns="http://www.garmin.com/xmlschemas/ActivityExtension/v2"><Speed>0.78</Speed></TPX></Extensions></Trackpoint><Trackpoint><Time>2026-03-20T12:27:04+00:00</Time><DistanceMeters>5664.0</DistanceMeters><Position><LatitudeDegrees>50.86001</LatitudeDegrees><LongitudeDegrees>4.282909</LongitudeDegrees></Position><AltitudeMeters>52.4</AltitudeMeters><Extensions><TPX xmlns="http://www.garmin.com/xmlschemas/ActivityExtension/v2"><Speed>1.4</Speed></TPX></Extensions></Trackpoint><Trackpoint><Time>2026-03-20T12:27:06+00:00</Time><DistanceMeters>5664.0</DistanceMeters><Position><LatitudeDegrees>50.860035</LatitudeDegrees><LongitudeDegrees>4.28291</LongitudeDegrees></Position><AltitudeMeters>52.3</AltitudeMeters><Extensions><TPX xmlns="http://www.garmin.com/xmlschemas/ActivityExtension/v2"><Speed>1.167</Speed></TPX></Extensions></Trackpoint><Trackpoint><Time>2026-03-20T12:27:07+00:00</Time><DistanceMeters>5667.3</DistanceMeters><Position><LatitudeDegrees>50.86004</LatitudeDegrees><LongitudeDegrees>4.282909</LongitudeDegrees></Position><AltitudeMeters>52.3</AltitudeMeters><Extensions><TPX xmlns="http://www.garmin.com/xmlschemas/ActivityExtension/v2"><Speed>1.28</Speed></TPX></Extensions></Trackpoint><Trackpoint><Time>2026-03-20T12:27:09+00:00</Time><DistanceMeters>5667.3</DistanceMeters><Position><LatitudeDegrees>50.860045</LatitudeDegrees><LongitudeDegrees>4.282887</LongitudeDegrees></Position><AltitudeMeters>52.3</AltitudeMeters><Extensions><TPX xmlns="http://www.garmin.com/xmlschemas/ActivityExtension/v2"><Speed>0.66</Speed></TPX></Extensions></Trackpoint><Trackpoint><Time>2026-03-20T12:27:11+00:00</Time><DistanceMeters>5667.3</DistanceMeters><Position><LatitudeDegrees>50.860038</LatitudeDegrees><LongitudeDegrees>4.28288</LongitudeDegrees></Position><AltitudeMeters>52.3</AltitudeMeters><Extensions><TPX xmlns="http://www.garmin.com/xmlschemas/ActivityExtension/v2"><Speed>0.66</Speed></TPX></Extensions></Trackpoint><Trackpoint><Time>2026-03-20T12:27:12+00:00</Time><DistanceMeters>5667.3</DistanceMeters><Position><LatitudeDegrees>50.860034</LatitudeDegrees><LongitudeDegrees>4.282878</LongitudeDegrees></Position><AltitudeMeters>52.2</AltitudeMeters><Extensions><TPX xmlns="http://www.garmin.com/xmlschemas/ActivityExtension/v2"><Speed>0.0</Speed></TPX></Extensions></Trackpoint></Track></Lap></Activity></Activities></TrainingCenterDatabase>