<?xml version="1.0" encoding="UTF-8"?><TrainingCenterDatabase xsi:schemaLocation="http://www.garmin.com/xmlschemas/TrainingCenterDatabase/v2 http://www.garmin.com/xmlschemas/TrainingCenterDatabasev2.xsd" xmlns:ns5="http://www.garmin.com/xmlschemas/ActivityGoals/v1" xmlns:ns3="http://www.garmin.com/xmlschemas/ActivityExtension/v2" xmlns:ns2="http://www.garmin.com/xmlschemas/UserProfile/v2" xmlns="http://www.garmin.com/xmlschemas/TrainingCenterDatabase/v2" xmlns:xsi="http://www.w3.org/2001/XMLSchema-instance"><Activities><Activity Sport="Biking"><Id>2026-03-05T10:26:20+00:00</Id><Lap StartTime="2026-03-05T10:26:20+00:00"><TotalTimeSeconds>2311</TotalTimeSeconds><DistanceMeters>5675.12</DistanceMeters><Track><Trackpoint><Time>2026-03-05T10:26:20+00:00</Time><Position><LatitudeDegrees>50.860042</LatitudeDegrees><LongitudeDegrees>4.282919</LongitudeDegrees></Position><AltitudeMeters>52.2</AltitudeMeters><Extensions><TPX xmlns="http://www.garmin.com/xmlschemas/ActivityExtension/v2"><Speed>0.0</Speed></TPX></Extensions></Trackpoint><Trackpoint><Time>2026-03-05T10:26:21+00:00</Time><Position><LatitudeDegrees>50.860045</LatitudeDegrees><LongitudeDegrees>4.282923</LongitudeDegrees></Position><AltitudeMeters>52.2</AltitudeMeters><Extensions><TPX xmlns="http://www.garmin.com/xmlschemas/ActivityExtension/v2"><Speed>0.0</Speed></TPX></Extensions></Trackpoint><Trackpoint><Time>2026-03-05T10:26:22+00:00</Time><Position><LatitudeDegrees>50.860054</LatitudeDegrees><LongitudeDegrees>4.282934</LongitudeDegrees></Position><AltitudeMeters>52.1</AltitudeMeters><Extensions><TPX xmlns="http://www.garmin.com/xmlschemas/ActivityExtension/v2"><Speed>0.0</Speed></TPX></Extensions></Trackpoint><Trackpoint><Time>2026-03-05T10:26:23+00:00</Time><DistanceMeters>3.0</DistanceMeters><Position><LatitudeDegrees>50.860069</LatitudeDegrees><LongitudeDegrees>4.28295</LongitudeDegrees></Position><AltitudeMeters>52.1</AltitudeMeters><Extensions><TPX xmlns="http://www.garmin.com/xmlschemas/ActivityExtension/v2"><Speed>1.0</Speed></TPX></Extensions></Trackpoint><Trackpoint><Time>2026-03-05T10:26:24+00:00</Time><DistanceMeters>5.2</DistanceMeters><Position><LatitudeDegrees>50.860097</LatitudeDegrees><LongitudeDegrees>4.282961</LongitudeDegrees></Position><AltitudeMeters>52.0</AltitudeMeters><Extensions><TPX xmlns="http://www.garmin.com/xmlschemas/ActivityExtension/v2"><Speed>1.288</Speed></TPX></Extensions></Trackpoint><Trackpoint><Time>2026-03-05T10:26:25+00:00</Time><DistanceMeters>7.3</DistanceMeters><Position><LatitudeDegrees>50.860106</LatitudeDegrees><LongitudeDegrees>4.282966</LongitudeDegrees></Position><AltitudeMeters>51.9</AltitudeMeters><Extensions><TPX xmlns="http://www.garmin.com/xmlschemas/ActivityExtension/v2"><Speed>1.46</Speed></TPX></Extensions></Trackpoint><Trackpoint><Time>2026-03-05T10:26:26+00:00</Time><DistanceMeters>9.8</DistanceMeters><Position><LatitudeDegrees>50.860139</LatitudeDegrees><LongitudeDegrees>4.282974</LongitudeDegrees></Position><AltitudeMeters>51.8</AltitudeMeters><Extensions><TPX xmlns="http://www.garmin.com/xmlschemas/ActivityExtension/v2"><Speed>1.95</Speed></TPX></Extensions></Trackpoint><Trackpoint><Time>2026-03-05T10:26:27+00:00</Time><DistanceMeters>12.2</DistanceMeters><Position><LatitudeDegrees>50.86015</LatitudeDegrees><LongitudeDegrees>4.282976</LongitudeDegrees></Position><AltitudeMeters>51.8</AltitudeMeters><Extensions><TPX xmlns="http://www.garmin.com/xmlschemas/ActivityExtension/v2"><Speed>2.44</Speed></TPX></Extensions></Trackpoint><Trackpoint><Time>2026-03-05T10:26:28+00:00</Time><DistanceMeters>15.2</DistanceMeters><Position><LatitudeDegrees>50.860177</LatitudeDegrees><LongitudeDegrees>4.282979</LongitudeDegrees></Position><AltitudeMeters>51.7</AltitudeMeters><Extensions><TPX xmlns="http://www.garmin.com/xmlschemas/ActivityExtension/v2"><Speed>2.44</Speed></TPX></Extensions></Trackpoint><Trackpoint><Time>2026-03-05T10:26:29+00:00</Time><DistanceMeters>17.9</DistanceMeters><Position><LatitudeDegrees>50.860213</LatitudeDegrees><LongitudeDegrees>4.282981</LongitudeDegrees></Position><AltitudeMeters>51.6</AltitudeMeters><Extensions><TPX xmlns="http://www.garmin.com/xmlschemas/ActivityExtension/v2"><Speed>2.54</Speed></TPX></Extensions></Trackpoint><Trackpoint><Time>2026-03-05T10:26:30+00:00</Time><DistanceMeters>20.5</DistanceMeters><Position><LatitudeDegrees>50.860225</LatitudeDegrees><LongitudeDegrees>4.282982</LongitudeDegrees></Position><AltitudeMeters>51.6</AltitudeMeters><Extensions><TPX xmlns="http://www.garmin.com/xmlschemas/ActivityExtension/v2"><Speed>2.64</Speed></TPX></Extensions></Trackpoint><Trackpoint><Time>2026-03-05T10:26:31+00:00</Time><DistanceMeters>23.5</DistanceMeters><Position><LatitudeDegrees>50.860263</LatitudeDegrees><LongitudeDegrees>4.282992</LongitudeDegrees></Position><AltitudeMeters>51.5</AltitudeMeters><Extensions><TPX xmlns="http://www.garmin.com/xmlschemas/ActivityExtension/v2"><Speed>2.74</Speed></TPX></Extensions></Trackpoint><Trackpoint><Time>2026-03-05T10:26:32+00:00</Time><DistanceMeters>26.4</DistanceMeters><Position><LatitudeDegrees>50.860277</LatitudeDegrees><LongitudeDegrees>4.282997</LongitudeDegrees></Position><AltitudeMeters>51.5</AltitudeMeters><Extensions><TPX xmlns="http://www.garmin.com/xmlschemas/ActivityExtension/v2"><Speed>2.84</Speed></TPX></Extensions></Trackpoint><Trackpoint><Time>2026-03-05T10:26:33+00:00</Time><DistanceMeters>29.5</DistanceMeters><Position><LatitudeDegrees>50.860303</LatitudeDegrees><LongitudeDegrees>4.283011</LongitudeDegrees></Position><AltitudeMeters>51.4</AltitudeMeters><Extensions><TPX xmlns="http://www.garmin.com/xmlschemas/ActivityExtension/v2"><Speed>2.86</Speed></TPX></Extensions></Trackpoint><Trackpoint><Time>2026-03-05T10:26:34+00:00</Time><DistanceMeters>33.0</DistanceMeters><Position><LatitudeDegrees>50.860335</LatitudeDegrees><LongitudeDegrees>4.283008</LongitudeDegrees></Position><AltitudeMeters>51.4</AltitudeMeters><Extensions><TPX xmlns="http://www.garmin.com/xmlschemas/ActivityExtension/v2"><Speed>3.03</Speed></TPX></Extensions></Trackpoint><Trackpoint><Time>2026-03-05T10:26:35+00:00</Time><DistanceMeters>36.2</DistanceMeters><Position><LatitudeDegrees>50.860361</LatitudeDegrees><LongitudeDegrees>4.282994</LongitudeDegrees></Position><AltitudeMeters>51.4</AltitudeMeters><Extensions><TPX xmlns="http://www.garmin.com/xmlschemas/ActivityExtension/v2"><Speed>3.14</Speed></TPX></Extensions></Trackpoint><Trackpoint><Time>2026-03-05T10:26:36+00:00</Time><DistanceMeters>39.5</DistanceMeters><Position><LatitudeDegrees>50.860381</LatitudeDegrees><LongitudeDegrees>4.283018</LongitudeDegrees></Position><AltitudeMeters>51.4</AltitudeMeters><Extensions><TPX xmlns="http://www.garmin.com/xmlschemas/ActivityExtension/v2"><Speed>3.21</Speed></TPX></Extensions></Trackpoint><Trackpoint><Time>2026-03-05T10:26:38+00:00</Time><DistanceMeters>46.0</DistanceMeters><Position><LatitudeDegrees>50.860396</LatitudeDegrees><LongitudeDegrees>4.282969</LongitudeDegrees></Position><AltitudeMeters>51.3</AltitudeMeters><Extensions><TPX xmlns="http://www.garmin.com/xmlschemas/ActivityExtension/v2"><Speed>3.3</Speed></TPX></Extensions></Trackpoint><Trackpoint><Time>2026-03-05T10:26:39+00:00</Time><DistanceMeters>52.6</DistanceMeters><Position><LatitudeDegrees>50.860426</LatitudeDegrees><LongitudeDegrees>4.282888</LongitudeDegrees></Position><AltitudeMeters>51.1</AltitudeMeters><Extensions><TPX xmlns="http://www.garmin.com/xmlschemas/ActivityExtension/v2"><Speed>3.92</Speed></TPX></Extensions></Trackpoint><Trackpoint><Time>2026-03-05T10:26:41+00:00</Time><DistanceMeters>56.1</DistanceMeters><Position><LatitudeDegrees>50.86043</LatitudeDegrees><LongitudeDegrees>4.282838</LongitudeDegrees></Position><AltitudeMeters>50.9</AltitudeMeters><Extensions><TPX xmlns="http://www.garmin.com/xmlschemas/ActivityExtension/v2"><Speed>3.32</Speed></TPX></Extensions></Trackpoint><Trackpoint><Time>2026-03-05T10:26:42+00:00</Time><DistanceMeters>59.4</DistanceMeters><Position><LatitudeDegrees>50.860417</LatitudeDegrees><LongitudeDegrees>4.282796</LongitudeDegrees></Position><AltitudeMeters>50.7</AltitudeMeters><Extensions><TPX xmlns="http://www.garmin.com/xmlschemas/ActivityExtension/v2"><Speed>3.317</Speed></TPX></Extensions></Trackpoint><Trackpoint><Time>2026-03-05T10:26:43+00:00</Time><DistanceMeters>62.5</DistanceMeters><Position><LatitudeDegrees>50.860407</LatitudeDegrees><LongitudeDegrees>4.282755</LongitudeDegrees></Position><AltitudeMeters>50.5</AltitudeMeters><Extensions><TPX xmlns="http://www.garmin.com/xmlschemas/ActivityExtension/v2"><Speed>3.3</Speed></TPX></Extensions></Trackpoint><Trackpoint><Time>2026-03-05T10:26:44+00:00</Time><DistanceMeters>66.1</DistanceMeters><Position><LatitudeDegrees>50.860377</LatitudeDegrees><LongitudeDegrees>4.282675</LongitudeDegrees></Position><AltitudeMeters>50.0</AltitudeMeters><Extensions><TPX xmlns="http://www.garmin.com/xmlschemas/ActivityExtension/v2"><Speed>2.7</Speed></TPX></Extensions></Trackpoint><Trackpoint><Time>2026-03-05T10:26:46+00:00</Time><DistanceMeters>71.9</DistanceMeters><Position><LatitudeDegrees>50.860372</LatitudeDegrees><LongitudeDegrees>4.282633</LongitudeDegrees></Position><AltitudeMeters>49.8</AltitudeMeters><Extensions><TPX xmlns="http://www.garmin.com/xmlschemas/ActivityExtension/v2"><Speed>3.16</Speed></TPX></Extensions></Trackpoint><Trackpoint><Time>2026-03-05T10:26:47+00:00</Time><DistanceMeters>75.1</DistanceMeters><Position><LatitudeDegrees>50.86038</LatitudeDegrees><LongitudeDegrees>4.282589</LongitudeDegrees></Position><AltitudeMeters>49.6</AltitudeMeters><Extensions><TPX xmlns="http://www.garmin.com/xmlschemas/ActivityExtension/v2"><Speed>3.14</Speed></TPX></Extensions></Trackpoint><Trackpoint><Time>2026-03-05T10:26:48+00:00</Time><DistanceMeters>78.2</DistanceMeters><Position><LatitudeDegrees>50.860392</LatitudeDegrees><LongitudeDegrees>4.282509</LongitudeDegrees></Position><AltitudeMeters>49.2</AltitudeMeters><Extensions><TPX xmlns="http://www.garmin.com/xmlschemas/ActivityExtension/v2"><Speed>3.14</Speed></TPX></Extensions></Trackpoint><Trackpoint><Time>2026-03-05T10:26:50+00:00</Time><DistanceMeters>84.2</DistanceMeters><Position><LatitudeDegrees>50.860402</LatitudeDegrees><LongitudeDegrees>4.282465</LongitudeDegrees></Position><AltitudeMeters>48.9</AltitudeMeters><Extensions><TPX xmlns="http://www.garmin.com/xmlschemas/ActivityExtension/v2"><Speed>3.017</Speed></TPX></Extensions></Trackpoint><Trackpoint><Time>2026-03-05T10:26:51+00:00</Time><DistanceMeters>86.7</DistanceMeters><Position><LatitudeDegrees>50.860413</LatitudeDegrees><LongitudeDegrees>4.282398</LongitudeDegrees></Position><AltitudeMeters>48.6</AltitudeMeters><Extensions><TPX xmlns="http://www.garmin.com/xmlschemas/ActivityExtension/v2"><Speed>2.96</Speed></TPX></Extensions></Trackpoint><Trackpoint><Time>2026-03-05T10:26:52+00:00</Time><DistanceMeters>89.2</DistanceMeters><Position><LatitudeDegrees>50.860418</LatitudeDegrees><LongitudeDegrees>4.282366</LongitudeDegrees></Position><AltitudeMeters>48.4</AltitudeMeters><Extensions><TPX xmlns="http://www.garmin.com/xmlschemas/ActivityExtension/v2"><Speed>2.82</Speed></TPX></Extensions></Trackpoint><Trackpoint><Time>2026-03-05T10:26:54+00:00</Time><DistanceMeters>93.7</DistanceMeters><Position><LatitudeDegrees>50.860424</LatitudeDegrees><LongitudeDegrees>4.282334</LongitudeDegrees></Position><AltitudeMeters>48.3</AltitudeMeters><Extensions><TPX xmlns="http://www.garmin.com/xmlschemas/ActivityExtension/v2"><Speed>2.583</Speed></TPX></Extensions></Trackpoint><Trackpoint><Time>2026-03-05T10:26:55+00:00</Time><DistanceMeters>96.3</DistanceMeters><Position><LatitudeDegrees>50.860432</LatitudeDegrees><LongitudeDegrees>4.282281</LongitudeDegrees></Position><AltitudeMeters>48.0</AltitudeMeters><Extensions><TPX xmlns="http://www.garmin.com/xmlschemas/ActivityExtension/v2"><Speed>2.42</Speed></TPX></Extensions></Trackpoint><Trackpoint><Time>2026-03-05T10:26:56+00:00</Time><DistanceMeters>98.9</DistanceMeters><Position><LatitudeDegrees>50.860434</LatitudeDegrees><LongitudeDegrees>4.282262</LongitudeDegrees></Position><AltitudeMeters>47.9</AltitudeMeters><Extensions><TPX xmlns="http://www.garmin.com/xmlschemas/ActivityExtension/v2"><Speed>2.44</Speed></TPX></Extensions></Trackpoint><Trackpoint><Time>2026-03-05T10:26:57+00:00</Time><DistanceMeters>104.0</DistanceMeters><Position><LatitudeDegrees>50.860447</LatitudeDegrees><LongitudeDegrees>4.282191</LongitudeDegrees></Position><AltitudeMeters>47.5</AltitudeMeters><Extensions><TPX xmlns="http://www.garmin.com/xmlschemas/ActivityExtension/v2"><Speed>2.96</Speed></TPX></Extensions></Trackpoint><Trackpoint><Time>2026-03-05T10:26:59+00:00</Time><DistanceMeters>107.3</DistanceMeters><Position><LatitudeDegrees>50.860465</LatitudeDegrees><LongitudeDegrees>4.282131</LongitudeDegrees></Position><AltitudeMeters>47.2</AltitudeMeters><Extensions><TPX xmlns="http://www.garmin.com/xmlschemas/ActivityExtension/v2"><Speed>2.71</Speed></TPX></Extensions></Trackpoint><Trackpoint><Time>2026-03-05T10:27:00+00:00</Time><DistanceMeters>110.5</DistanceMeters><Position><LatitudeDegrees>50.860472</LatitudeDegrees><LongitudeDegrees>4.282108</LongitudeDegrees></Position><AltitudeMeters>47.1</AltitudeMeters><Extensions><TPX xmlns="http://www.garmin.com/xmlschemas/ActivityExtension/v2"><Speed>2.84</Speed></TPX></Extensions></Trackpoint><Trackpoint><Time>2026-03-05T10:27:01+00:00</Time><DistanceMeters>113.3</DistanceMeters><Position><LatitudeDegrees>50.86049</LatitudeDegrees><LongitudeDegrees>4.282037</LongitudeDegrees></Position><AltitudeMeters>46.8</AltitudeMeters><Extensions><TPX xmlns="http://www.garmin.com/xmlschemas/ActivityExtension/v2"><Speed>2.87</Speed></TPX></Extensions></Trackpoint><Trackpoint><Time>2026-03-05T10:27:02+00:00</Time><DistanceMeters>116.0</DistanceMeters><Position><LatitudeDegrees>50.860498</LatitudeDegrees><LongitudeDegrees>4.281998</LongitudeDegrees></Position><AltitudeMeters>46.6</AltitudeMeters><Extensions><TPX xmlns="http://www.garmin.com/xmlschemas/ActivityExtension/v2"><Speed>2.4</Speed></TPX></Extensions></Trackpoint><Trackpoint><Time>2026-03-05T10:27:04+00:00</Time><DistanceMeters>121.7</DistanceMeters><Position><LatitudeDegrees>50.860504</LatitudeDegrees><LongitudeDegrees>4.281957</LongitudeDegrees></Position><AltitudeMeters>46.4</AltitudeMeters><Extensions><TPX xmlns="http://www.garmin.com/xmlschemas/ActivityExtension/v2"><Speed>2.89</Speed></TPX></Extensions></Trackpoint><Trackpoint><Time>2026-03-05T10:27:05+00:00</Time><DistanceMeters>124.6</DistanceMeters><Position><LatitudeDegrees>50.860514</LatitudeDegrees><LongitudeDegrees>4.281897</LongitudeDegrees></Position><AltitudeMeters>46.1</AltitudeMeters><Extensions><TPX xmlns="http://www.garmin.com/xmlschemas/ActivityExtension/v2"><Speed>2.82</Speed></TPX></Extensions></Trackpoint><Trackpoint><Time>2026-03-05T10:27:06+00:00</Time><DistanceMeters>127.5</DistanceMeters><Position><LatitudeDegrees>50.860518</LatitudeDegrees><LongitudeDegrees>4.281878</LongitudeDegrees></Position><AltitudeMeters>46.0</AltitudeMeters><Extensions><TPX xmlns="http://www.garmin.com/xmlschemas/ActivityExtension/v2"><Speed>2.85</Speed></TPX></Extensions></Trackpoint><Trackpoint><Time>2026-03-05T10:27:07+00:00</Time><DistanceMeters>130.3</DistanceMeters><Position><LatitudeDegrees>50.860526</LatitudeDegrees><LongitudeDegrees>4.281819</LongitudeDegrees></Position><AltitudeMeters>45.8</AltitudeMeters><Extensions><TPX xmlns="http://www.garmin.com/xmlschemas/ActivityExtension/v2"><Speed>2.86</Speed></TPX></Extensions></Trackpoint><Trackpoint><Time>2026-03-05T10:27:08+00:00</Time><DistanceMeters>133.1</DistanceMeters><Position><LatitudeDegrees>50.860529</LatitudeDegrees><LongitudeDegrees>4.281799</LongitudeDegrees></Position><AltitudeMeters>45.7</AltitudeMeters><Extensions><TPX xmlns="http://www.garmin.com/xmlschemas/ActivityExtension/v2"><Speed>2.85</Speed></TPX></Extensions></Trackpoint><Trackpoint><Time>2026-03-05T10:27:09+00:00</Time><DistanceMeters>138.3</DistanceMeters><Position><LatitudeDegrees>50.86054</LatitudeDegrees><LongitudeDegrees>4.281728</LongitudeDegrees></Position><AltitudeMeters>45.3</AltitudeMeters><Extensions><TPX xmlns="http://www.garmin.com/xmlschemas/ActivityExtension/v2"><Speed>3.32</Speed></TPX></Extensions></Trackpoint><Trackpoint><Time>2026-03-05T10:27:11+00:00</Time><DistanceMeters>143.2</DistanceMeters><Position><LatitudeDegrees>50.860552</LatitudeDegrees><LongitudeDegrees>4.281662</LongitudeDegrees></Position><AltitudeMeters>45.0</AltitudeMeters><Extensions><TPX xmlns="http://www.garmin.com/xmlschemas/ActivityExtension/v2"><Speed>3.133</Speed></TPX></Extensions></Trackpoint><Trackpoint><Time>2026-03-05T10:27:12+00:00</Time><DistanceMeters>144.9</DistanceMeters><Position><LatitudeDegrees>50.860557</LatitudeDegrees><LongitudeDegrees>4.281637</LongitudeDegrees></Position><AltitudeMeters>44.9</AltitudeMeters><Extensions><TPX xmlns="http://www.garmin.com/xmlschemas/ActivityExtension/v2"><Speed>2.927</Speed></TPX></Extensions></Trackpoint><Trackpoint><Time>2026-03-05T10:27:13+00:00</Time><DistanceMeters>146.7</DistanceMeters><Position><LatitudeDegrees>50.860561</LatitudeDegrees><LongitudeDegrees>4.281613</LongitudeDegrees></Position><AltitudeMeters>44.8</AltitudeMeters><Extensions><TPX xmlns="http://www.garmin.com/xmlschemas/ActivityExtension/v2"><Speed>2.72</Speed></TPX></Extensions></Trackpoint><Trackpoint><Time>2026-03-05T10:27:14+00:00</Time><DistanceMeters>150.7</DistanceMeters><Position><LatitudeDegrees>50.860569</LatitudeDegrees><LongitudeDegrees>4.281558</LongitudeDegrees></Position><AltitudeMeters>44.6</AltitudeMeters><Extensions><TPX xmlns="http://www.garmin.com/xmlschemas/ActivityExtension/v2"><Speed>2.48</Speed></TPX></Extensions></Trackpoint><Trackpoint><Time>2026-03-05T10:27:15+00:00</Time><DistanceMeters>155.9</DistanceMeters><Position><LatitudeDegrees>50.860578</LatitudeDegrees><LongitudeDegrees>4.281484</LongitudeDegrees></Position><AltitudeMeters>44.3</AltitudeMeters><Extensions><TPX xmlns="http://www.garmin.com/xmlschemas/ActivityExtension/v2"><Speed>2.933</Speed></TPX></Extensions></Trackpoint><Trackpoint><Time>2026-03-05T10:27:17+00:00</Time><DistanceMeters>160.9</DistanceMeters><Position><LatitudeDegrees>50.860586</LatitudeDegrees><LongitudeDegrees>4.281414</LongitudeDegrees></Position><AltitudeMeters>44.1</AltitudeMeters><Extensions><TPX xmlns="http://www.garmin.com/xmlschemas/ActivityExtension/v2"><Speed>3.193</Speed></TPX></Extensions></Trackpoint><Trackpoint><Time>2026-03-05T10:27:18+00:00</Time><DistanceMeters>162.8</DistanceMeters><Position><LatitudeDegrees>50.86059</LatitudeDegrees><LongitudeDegrees>4.281387</LongitudeDegrees></Position><AltitudeMeters>44.0</AltitudeMeters><Extensions><TPX xmlns="http://www.garmin.com/xmlschemas/ActivityExtension/v2"><Speed>3.22</Speed></TPX></Extensions></Trackpoint><Trackpoint><Time>2026-03-05T10:27:19+00:00</Time><DistanceMeters>164.7</DistanceMeters><Position><LatitudeDegrees>50.860594</LatitudeDegrees><LongitudeDegrees>4.281361</LongitudeDegrees></Position><AltitudeMeters>43.9</AltitudeMeters><Extensions><TPX xmlns="http://www.garmin.com/xmlschemas/ActivityExtension/v2"><Speed>2.8</Speed></TPX></Extensions></Trackpoint><Trackpoint><Time>2026-03-05T10:27:20+00:00</Time><DistanceMeters>167.5</DistanceMeters><Position><LatitudeDegrees>50.860614</LatitudeDegrees><LongitudeDegrees>4.281311</LongitudeDegrees></Position><AltitudeMeters>43.7</AltitudeMeters><Extensions><TPX xmlns="http://www.garmin.com/xmlschemas/ActivityExtension/v2"><Speed>2.32</Speed></TPX></Extensions></Trackpoint><Trackpoint><Time>2026-03-05T10:27:21+00:00</Time><DistanceMeters>170.3</DistanceMeters><Position><LatitudeDegrees>50.860621</LatitudeDegrees><LongitudeDegrees>4.281295</LongitudeDegrees></Position><AltitudeMeters>43.6</AltitudeMeters><Extensions><TPX xmlns="http://www.garmin.com/xmlschemas/ActivityExtension/v2"><Speed>2.4</Speed></TPX></Extensions></Trackpoint><Trackpoint><Time>2026-03-05T10:27:22+00:00</Time><DistanceMeters>172.9</DistanceMeters><Position><LatitudeDegrees>50.860646</LatitudeDegrees><LongitudeDegrees>4.281255</LongitudeDegrees></Position><AltitudeMeters>43.4</AltitudeMeters><Extensions><TPX xmlns="http://www.garmin.com/xmlschemas/ActivityExtension/v2"><Speed>2.4</Speed></TPX></Extensions></Trackpoint><Trackpoint><Time>2026-03-05T10:27:23+00:00</Time><DistanceMeters>175.5</DistanceMeters><Position><LatitudeDegrees>50.860655</LatitudeDegrees><LongitudeDegrees>4.281243</LongitudeDegrees></Position><AltitudeMeters>43.4</AltitudeMeters><Extensions><TPX xmlns="http://www.garmin.com/xmlschemas/ActivityExtension/v2"><Speed>2.54</Speed></TPX></Extensions></Trackpoint><Trackpoint><Time>2026-03-05T10:27:24+00:00</Time><DistanceMeters>180.6</DistanceMeters><Position><LatitudeDegrees>50.860689</LatitudeDegrees><LongitudeDegrees>4.281195</LongitudeDegrees></Position><AltitudeMeters>43.1</AltitudeMeters><Extensions><TPX xmlns="http://www.garmin.com/xmlschemas/ActivityExtension/v2"><Speed>3.18</Speed></TPX></Extensions></Trackpoint><Trackpoint><Time>2026-03-05T10:27:26+00:00</Time><DistanceMeters>186.1</DistanceMeters><Position><LatitudeDegrees>50.860701</LatitudeDegrees><LongitudeDegrees>4.281119</LongitudeDegrees></Position><AltitudeMeters>42.9</AltitudeMeters><Extensions><TPX xmlns="http://www.garmin.com/xmlschemas/ActivityExtension/v2"><Speed>3.16</Speed></TPX></Extensions></Trackpoint><Trackpoint><Time>2026-03-05T10:27:28+00:00</Time><DistanceMeters>189.1</DistanceMeters><Position><LatitudeDegrees>50.860693</LatitudeDegrees><LongitudeDegrees>4.281056</LongitudeDegrees></Position><AltitudeMeters>42.6</AltitudeMeters><Extensions><TPX xmlns="http://www.garmin.com/xmlschemas/ActivityExtension/v2"><Speed>2.73</Speed></TPX></Extensions></Trackpoint><Trackpoint><Time>2026-03-05T10:27:29+00:00</Time><DistanceMeters>192.2</DistanceMeters><Position><LatitudeDegrees>50.860689</LatitudeDegrees><LongitudeDegrees>4.281034</LongitudeDegrees></Position><AltitudeMeters>42.6</AltitudeMeters><Extensions><TPX xmlns="http://www.garmin.com/xmlschemas/ActivityExtension/v2"><Speed>2.32</Speed></TPX></Extensions></Trackpoint><Trackpoint><Time>2026-03-05T10:27:30+00:00</Time><DistanceMeters>195.1</DistanceMeters><Position><LatitudeDegrees>50.860682</LatitudeDegrees><LongitudeDegrees>4.280974</LongitudeDegrees></Position><AltitudeMeters>42.4</AltitudeMeters><Extensions><TPX xmlns="http://www.garmin.com/xmlschemas/ActivityExtension/v2"><Speed>2.408</Speed></TPX></Extensions></Trackpoint><Trackpoint><Time>2026-03-05T10:27:31+00:00</Time><DistanceMeters>197.9</DistanceMeters><Position><LatitudeDegrees>50.860679</LatitudeDegrees><LongitudeDegrees>4.280955</LongitudeDegrees></Position><AltitudeMeters>42.3</AltitudeMeters><Extensions><TPX xmlns="http://www.garmin.com/xmlschemas/ActivityExtension/v2"><Speed>2.36</Speed></TPX></Extensions></Trackpoint><Trackpoint><Time>2026-03-05T10:27:32+00:00</Time><DistanceMeters>202.8</DistanceMeters><Position><LatitudeDegrees>50.860689</LatitudeDegrees><LongitudeDegrees>4.280886</LongitudeDegrees></Position><AltitudeMeters>42.2</AltitudeMeters><Extensions><TPX xmlns="http://www.garmin.com/xmlschemas/ActivityExtension/v2"><Speed>2.783</Speed></TPX></Extensions></Trackpoint><Trackpoint><Time>2026-03-05T10:27:34+00:00</Time><DistanceMeters>205.9</DistanceMeters><Position><LatitudeDegrees>50.860725</LatitudeDegrees><LongitudeDegrees>4.280858</LongitudeDegrees></Position><AltitudeMeters>42.2</AltitudeMeters><Extensions><TPX xmlns="http://www.garmin.com/xmlschemas/ActivityExtension/v2"><Speed>2.73</Speed></TPX></Extensions></Trackpoint><Trackpoint><Time>2026-03-05T10:27:35+00:00</Time><DistanceMeters>208.9</DistanceMeters><Position><LatitudeDegrees>50.860738</LatitudeDegrees><LongitudeDegrees>4.280848</LongitudeDegrees></Position><AltitudeMeters>42.1</AltitudeMeters><Extensions><TPX xmlns="http://www.garmin.com/xmlschemas/ActivityExtension/v2"><Speed>2.77</Speed></TPX></Extensions></Trackpoint><Trackpoint><Time>2026-03-05T10:27:36+00:00</Time><DistanceMeters>212.9</DistanceMeters><Position><LatitudeDegrees>50.860771</LatitudeDegrees><LongitudeDegrees>4.280823</LongitudeDegrees></Position><AltitudeMeters>42.1</AltitudeMeters><Extensions><TPX xmlns="http://www.garmin.com/xmlschemas/ActivityExtension/v2"><Speed>3.0</Speed></TPX></Extensions></Trackpoint><Trackpoint><Time>2026-03-05T10:27:37+00:00</Time><DistanceMeters>216.0</DistanceMeters><Position><LatitudeDegrees>50.860784</LatitudeDegrees><LongitudeDegrees>4.280785</LongitudeDegrees></Position><AltitudeMeters>42.0</AltitudeMeters><Extensions><TPX xmlns="http://www.garmin.com/xmlschemas/ActivityExtension/v2"><Speed>2.64</Speed></TPX></Extensions></Trackpoint><Trackpoint><Time>2026-03-05T10:27:38+00:00</Time><DistanceMeters>221.1</DistanceMeters><Position><LatitudeDegrees>50.860802</LatitudeDegrees><LongitudeDegrees>4.280718</LongitudeDegrees></Position><AltitudeMeters>42.0</AltitudeMeters><Extensions><TPX xmlns="http://www.garmin.com/xmlschemas/ActivityExtension/v2"><Speed>3.05</Speed></TPX></Extensions></Trackpoint><Trackpoint><Time>2026-03-05T10:27:40+00:00</Time><DistanceMeters>223.2</DistanceMeters><Position><LatitudeDegrees>50.860825</LatitudeDegrees><LongitudeDegrees>4.280696</LongitudeDegrees></Position><AltitudeMeters>41.9</AltitudeMeters><Extensions><TPX xmlns="http://www.garmin.com/xmlschemas/ActivityExtension/v2"><Speed>2.85</Speed></TPX></Extensions></Trackpoint><Trackpoint><Time>2026-03-05T10:27:41+00:00</Time><DistanceMeters>225.2</DistanceMeters><Position><LatitudeDegrees>50.860834</LatitudeDegrees><LongitudeDegrees>4.280691</LongitudeDegrees></Position><AltitudeMeters>41.9</AltitudeMeters><Extensions><TPX xmlns="http://www.garmin.com/xmlschemas/ActivityExtension/v2"><Speed>2.46</Speed></TPX></Extensions></Trackpoint><Trackpoint><Time>2026-03-05T10:27:42+00:00</Time><DistanceMeters>227.9</DistanceMeters><Position><LatitudeDegrees>50.860871</LatitudeDegrees><LongitudeDegrees>4.280698</LongitudeDegrees></Position><AltitudeMeters>41.8</AltitudeMeters><Extensions><TPX xmlns="http://www.garmin.com/xmlschemas/ActivityExtension/v2"><Speed>2.38</Speed></TPX></Extensions></Trackpoint><Trackpoint><Time>2026-03-05T10:27:43+00:00</Time><DistanceMeters>230.6</DistanceMeters><Position><LatitudeDegrees>50.860883</LatitudeDegrees><LongitudeDegrees>4.280698</LongitudeDegrees></Position><AltitudeMeters>41.8</AltitudeMeters><Extensions><TPX xmlns="http://www.garmin.com/xmlschemas/ActivityExtension/v2"><Speed>1.9</Speed></TPX></Extensions></Trackpoint><Trackpoint><Time>2026-03-05T10:27:44+00:00</Time><DistanceMeters>233.4</DistanceMeters><Position><LatitudeDegrees>50.860932</LatitudeDegrees><LongitudeDegrees>4.280703</LongitudeDegrees></Position><AltitudeMeters>41.7</AltitudeMeters><Extensions><TPX xmlns="http://www.garmin.com/xmlschemas/ActivityExtension/v2"><Speed>2.042</Speed></TPX></Extensions></Trackpoint><Trackpoint><Time>2026-03-05T10:27:45+00:00</Time><DistanceMeters>236.1</DistanceMeters><Position><LatitudeDegrees>50.860956</LatitudeDegrees><LongitudeDegrees>4.280712</LongitudeDegrees></Position><AltitudeMeters>41.6</AltitudeMeters><Extensions><TPX xmlns="http://www.garmin.com/xmlschemas/ActivityExtension/v2"><Speed>2.59</Speed></TPX></Extensions></Trackpoint><Trackpoint><Time>2026-03-05T10:27:47+00:00</Time><DistanceMeters>241.5</DistanceMeters><Position><LatitudeDegrees>50.86098</LatitudeDegrees><LongitudeDegrees>4.280721</LongitudeDegrees></Position><AltitudeMeters>41.6</AltitudeMeters><Extensions><TPX xmlns="http://www.garmin.com/xmlschemas/ActivityExtension/v2"><Speed>2.72</Speed></TPX></Extensions></Trackpoint><Trackpoint><Time>2026-03-05T10:27:48+00:00</Time><DistanceMeters>244.2</DistanceMeters><Position><LatitudeDegrees>50.861014</LatitudeDegrees><LongitudeDegrees>4.280734</LongitudeDegrees></Position><AltitudeMeters>41.5</AltitudeMeters><Extensions><TPX xmlns="http://www.garmin.com/xmlschemas/ActivityExtension/v2"><Speed>2.71</Speed></TPX></Extensions></Trackpoint><Trackpoint><Time>2026-03-05T10:27:49+00:00</Time><DistanceMeters>246.8</DistanceMeters><Position><LatitudeDegrees>50.861025</LatitudeDegrees><LongitudeDegrees>4.280739</LongitudeDegrees></Position><AltitudeMeters>41.5</AltitudeMeters><Extensions><TPX xmlns="http://www.garmin.com/xmlschemas/ActivityExtension/v2"><Speed>2.69</Speed></TPX></Extensions></Trackpoint><Trackpoint><Time>2026-03-05T10:27:50+00:00</Time><DistanceMeters>249.6</DistanceMeters><Position><LatitudeDegrees>50.861075</LatitudeDegrees><LongitudeDegrees>4.280753</LongitudeDegrees></Position><AltitudeMeters>41.4</AltitudeMeters><Extensions><TPX xmlns="http://www.garmin.com/xmlschemas/ActivityExtension/v2"><Speed>2.7</Speed></TPX></Extensions></Trackpoint><Trackpoint><Time>2026-03-05T10:27:51+00:00</Time><DistanceMeters>252.4</DistanceMeters><Position><LatitudeDegrees>50.861099</LatitudeDegrees><LongitudeDegrees>4.280761</LongitudeDegrees></Position><AltitudeMeters>41.3</AltitudeMeters><Extensions><TPX xmlns="http://www.garmin.com/xmlschemas/ActivityExtension/v2"><Speed>2.717</Speed></TPX></Extensions></Trackpoint><Trackpoint><Time>2026-03-05T10:27:53+00:00</Time><DistanceMeters>258.3</DistanceMeters><Position><LatitudeDegrees>50.861128</LatitudeDegrees><LongitudeDegrees>4.280768</LongitudeDegrees></Position><AltitudeMeters>41.3</AltitudeMeters><Extensions><TPX xmlns="http://www.garmin.com/xmlschemas/ActivityExtension/v2"><Speed>2.83</Speed></TPX></Extensions></Trackpoint><Trackpoint><Time>2026-03-05T10:27:54+00:00</Time><DistanceMeters>261.5</DistanceMeters><Position><LatitudeDegrees>50.861156</LatitudeDegrees><LongitudeDegrees>4.280775</LongitudeDegrees></Position><AltitudeMeters>41.3</AltitudeMeters><Extensions><TPX xmlns="http://www.garmin.com/xmlschemas/ActivityExtension/v2"><Speed>2.94</Speed></TPX></Extensions></Trackpoint><Trackpoint><Time>2026-03-05T10:27:55+00:00</Time><DistanceMeters>264.4</DistanceMeters><Position><LatitudeDegrees>50.861195</LatitudeDegrees><LongitudeDegrees>4.280782</LongitudeDegrees></Position><AltitudeMeters>41.2</AltitudeMeters><Extensions><TPX xmlns="http://www.garmin.com/xmlschemas/ActivityExtension/v2"><Speed>2.96</Speed></TPX></Extensions></Trackpoint><Trackpoint><Time>2026-03-05T10:27:56+00:00</Time><DistanceMeters>267.3</DistanceMeters><Position><LatitudeDegrees>50.861208</LatitudeDegrees><LongitudeDegrees>4.280784</LongitudeDegrees></Position><AltitudeMeters>41.2</AltitudeMeters><Extensions><TPX xmlns="http://www.garmin.com/xmlschemas/ActivityExtension/v2"><Speed>2.98</Speed></TPX></Extensions></Trackpoint><Trackpoint><Time>2026-03-05T10:27:57+00:00</Time><DistanceMeters>272.7</DistanceMeters><Position><LatitudeDegrees>50.861256</LatitudeDegrees><LongitudeDegrees>4.280791</LongitudeDegrees></Position><AltitudeMeters>41.2</AltitudeMeters><Extensions><TPX xmlns="http://www.garmin.com/xmlschemas/ActivityExtension/v2"><Speed>3.383</Speed></TPX></Extensions></Trackpoint><Trackpoint><Time>2026-03-05T10:27:59+00:00</Time><DistanceMeters>277.7</DistanceMeters><Position><LatitudeDegrees>50.861301</LatitudeDegrees><LongitudeDegrees>4.280797</LongitudeDegrees></Position><AltitudeMeters>41.2</AltitudeMeters><Extensions><TPX xmlns="http://www.garmin.com/xmlschemas/ActivityExtension/v2"><Speed>3.24</Speed></TPX></Extensions></Trackpoint><Trackpoint><Time>2026-03-05T10:28:00+00:00</Time><DistanceMeters>279.5</DistanceMeters><Position><LatitudeDegrees>50.861317</LatitudeDegrees><LongitudeDegrees>4.280801</LongitudeDegrees></Position><AltitudeMeters>41.2</AltitudeMeters><Extensions><TPX xmlns="http://www.garmin.com/xmlschemas/ActivityExtension/v2"><Speed>3.02</Speed></TPX></Extensions></Trackpoint><Trackpoint><Time>2026-03-05T10:28:01+00:00</Time><DistanceMeters>281.3</DistanceMeters><Position><LatitudeDegrees>50.861333</LatitudeDegrees><LongitudeDegrees>4.280804</LongitudeDegrees></Position><AltitudeMeters>41.2</AltitudeMeters><Extensions><TPX xmlns="http://www.garmin.com/xmlschemas/ActivityExtension/v2"><Speed>2.8</Speed></TPX></Extensions></Trackpoint><Trackpoint><Time>2026-03-05T10:28:02+00:00</Time><DistanceMeters>286.3</DistanceMeters><Position><LatitudeDegrees>50.861378</LatitudeDegrees><LongitudeDegrees>4.280813</LongitudeDegrees></Position><AltitudeMeters>41.2</AltitudeMeters><Extensions><TPX xmlns="http://www.garmin.com/xmlschemas/ActivityExtension/v2"><Speed>2.72</Speed></TPX></Extensions></Trackpoint><Trackpoint><Time>2026-03-05T10:28:04+00:00</Time><DistanceMeters>289.0</DistanceMeters><Position><LatitudeDegrees>50.861414</LatitudeDegrees><LongitudeDegrees>4.280818</LongitudeDegrees></Position><AltitudeMeters>41.2</AltitudeMeters><Extensions><TPX xmlns="http://www.garmin.com/xmlschemas/ActivityExtension/v2"><Speed>2.25</Speed></TPX></Extensions></Trackpoint><Trackpoint><Time>2026-03-05T10:28:05+00:00</Time><DistanceMeters>291.6</DistanceMeters><Position><LatitudeDegrees>50.861425</LatitudeDegrees><LongitudeDegrees>4.28082</LongitudeDegrees></Position><AltitudeMeters>41.2</AltitudeMeters><Extensions><TPX xmlns="http://www.garmin.com/xmlschemas/ActivityExtension/v2"><Speed>2.42</Speed></TPX></Extensions></Trackpoint><Trackpoint><Time>2026-03-05T10:28:06+00:00</Time><DistanceMeters>293.9</DistanceMeters><Position><LatitudeDegrees>50.861466</LatitudeDegrees><LongitudeDegrees>4.280826</LongitudeDegrees></Position><AltitudeMeters>41.1</AltitudeMeters><Extensions><TPX xmlns="http://www.garmin.com/xmlschemas/ActivityExtension/v2"><Speed>2.52</Speed></TPX></Extensions></Trackpoint><Trackpoint><Time>2026-03-05T10:28:07+00:00</Time><DistanceMeters>296.2</DistanceMeters><Position><LatitudeDegrees>50.861486</LatitudeDegrees><LongitudeDegrees>4.280829</LongitudeDegrees></Position><AltitudeMeters>41.1</AltitudeMeters><Extensions><TPX xmlns="http://www.garmin.com/xmlschemas/ActivityExtension/v2"><Speed>1.98</Speed></TPX></Extensions></Trackpoint><Trackpoint><Time>2026-03-05T10:28:09+00:00</Time><DistanceMeters>300.9</DistanceMeters><Position><LatitudeDegrees>50.861509</LatitudeDegrees><LongitudeDegrees>4.280834</LongitudeDegrees></Position><AltitudeMeters>41.1</AltitudeMeters><Extensions><TPX xmlns="http://www.garmin.com/xmlschemas/ActivityExtension/v2"><Speed>2.39</Speed></TPX></Extensions></Trackpoint><Trackpoint><Time>2026-03-05T10:28:10+00:00</Time><DistanceMeters>303.3</DistanceMeters><Position><LatitudeDegrees>50.861541</LatitudeDegrees><LongitudeDegrees>4.280838</LongitudeDegrees></Position><AltitudeMeters>41.1</AltitudeMeters><Extensions><TPX xmlns="http://www.garmin.com/xmlschemas/ActivityExtension/v2"><Speed>2.34</Speed></TPX></Extensions></Trackpoint><Trackpoint><Time>2026-03-05T10:28:11+00:00</Time><DistanceMeters>305.7</DistanceMeters><Position><LatitudeDegrees>50.861551</LatitudeDegrees><LongitudeDegrees>4.280839</LongitudeDegrees></Position><AltitudeMeters>41.1</AltitudeMeters><Extensions><TPX xmlns="http://www.garmin.com/xmlschemas/ActivityExtension/v2"><Speed>2.36</Speed></TPX></Extensions></Trackpoint><Trackpoint><Time>2026-03-05T10:28:12+00:00</Time><DistanceMeters>310.7</DistanceMeters><Position><LatitudeDegrees>50.861596</LatitudeDegrees><LongitudeDegrees>4.280851</LongitudeDegrees></Position><AltitudeMeters>41.1</AltitudeMeters><Extensions><TPX xmlns="http://www.garmin.com/xmlschemas/ActivityExtension/v2"><Speed>2.9</Speed></TPX></Extensions></Trackpoint><Trackpoint><Time>2026-03-05T10:28:14+00:00</Time><DistanceMeters>313.5</DistanceMeters><Position><LatitudeDegrees>50.861634</LatitudeDegrees><LongitudeDegrees>4.280857</LongitudeDegrees></Position><AltitudeMeters>41.0</AltitudeMeters><Extensions><TPX xmlns="http://www.garmin.com/xmlschemas/ActivityExtension/v2"><Speed>2.52</Speed></TPX></Extensions></Trackpoint><Trackpoint><Time>2026-03-05T10:28:15+00:00</Time><DistanceMeters>316.3</DistanceMeters><Position><LatitudeDegrees>50.861646</LatitudeDegrees><LongitudeDegrees>4.280859</LongitudeDegrees></Position><AltitudeMeters>41.0</AltitudeMeters><Extensions><TPX xmlns="http://www.garmin.com/xmlschemas/ActivityExtension/v2"><Speed>2.6</Speed></TPX></Extensions></Trackpoint><Trackpoint><Time>2026-03-05T10:28:16+00:00</Time><DistanceMeters>319.0</DistanceMeters><Position><LatitudeDegrees>50.861682</LatitudeDegrees><LongitudeDegrees>4.28086</LongitudeDegrees></Position><AltitudeMeters>41.0</AltitudeMeters><Extensions><TPX xmlns="http://www.garmin.com/xmlschemas/ActivityExtension/v2"><Speed>2.66</Speed></TPX></Extensions></Trackpoint><Trackpoint><Time>2026-03-05T10:28:17+00:00</Time><DistanceMeters>321.7</DistanceMeters><Position><LatitudeDegrees>50.861694</LatitudeDegrees><LongitudeDegrees>4.28086</LongitudeDegrees></Position><AltitudeMeters>41.0</AltitudeMeters><Extensions><TPX xmlns="http://www.garmin.com/xmlschemas/ActivityExtension/v2"><Speed>2.2</Speed></TPX></Extensions></Trackpoint><Trackpoint><Time>2026-03-05T10:28:18+00:00</Time><DistanceMeters>327.1</DistanceMeters><Position><LatitudeDegrees>50.861743</LatitudeDegrees><LongitudeDegrees>4.28086</LongitudeDegrees></Position><AltitudeMeters>40.9</AltitudeMeters><Extensions><TPX xmlns="http://www.garmin.com/xmlschemas/ActivityExtension/v2"><Speed>2.733</Speed></TPX></Extensions></Trackpoint><Trackpoint><Time>2026-03-05T10:28:20+00:00</Time><DistanceMeters>331.8</DistanceMeters><Position><LatitudeDegrees>50.861785</LatitudeDegrees><LongitudeDegrees>4.280859</LongitudeDegrees></Position><AltitudeMeters>40.9</AltitudeMeters><Extensions><TPX xmlns="http://www.garmin.com/xmlschemas/ActivityExtension/v2"><Speed>3.1</Speed></TPX></Extensions></Trackpoint><Trackpoint><Time>2026-03-05T10:28:21+00:00</Time><DistanceMeters>333.5</DistanceMeters><Position><LatitudeDegrees>50.861801</LatitudeDegrees><LongitudeDegrees>4.280859</LongitudeDegrees></Position><AltitudeMeters>40.9</AltitudeMeters><Extensions><TPX xmlns="http://www.garmin.com/xmlschemas/ActivityExtension/v2"><Speed>2.9</Speed></TPX></Extensions></Trackpoint><Trackpoint><Time>2026-03-05T10:28:22+00:00</Time><DistanceMeters>335.2</DistanceMeters><Position><LatitudeDegrees>50.861816</LatitudeDegrees><LongitudeDegrees>4.280858</LongitudeDegrees></Position><AltitudeMeters>40.9</AltitudeMeters><Extensions><TPX xmlns="http://www.garmin.com/xmlschemas/ActivityExtension/v2"><Speed>2.7</Speed></TPX></Extensions></Trackpoint><Trackpoint><Time>2026-03-05T10:28:23+00:00</Time><DistanceMeters>339.6</DistanceMeters><Position><LatitudeDegrees>50.861855</LatitudeDegrees><LongitudeDegrees>4.280858</LongitudeDegrees></Position><AltitudeMeters>40.8</AltitudeMeters><Extensions><TPX xmlns="http://www.garmin.com/xmlschemas/ActivityExtension/v2"><Speed>2.5</Speed></TPX></Extensions></Trackpoint><Trackpoint><Time>2026-03-05T10:28:25+00:00</Time><DistanceMeters>342.1</DistanceMeters><Position><LatitudeDegrees>50.861889</LatitudeDegrees><LongitudeDegrees>4.280854</LongitudeDegrees></Position><AltitudeMeters>40.8</AltitudeMeters><Extensions><TPX xmlns="http://www.garmin.com/xmlschemas/ActivityExtension/v2"><Speed>2.06</Speed></TPX></Extensions></Trackpoint><Trackpoint><Time>2026-03-05T10:28:26+00:00</Time><DistanceMeters>344.6</DistanceMeters><Position><LatitudeDegrees>50.8619</LatitudeDegrees><LongitudeDegrees>4.280851</LongitudeDegrees></Position><AltitudeMeters>40.8</AltitudeMeters><Extensions><TPX xmlns="http://www.garmin.com/xmlschemas/ActivityExtension/v2"><Speed>2.22</Speed></TPX></Extensions></Trackpoint><Trackpoint><Time>2026-03-05T10:28:27+00:00</Time><DistanceMeters>347.2</DistanceMeters><Position><LatitudeDegrees>50.861935</LatitudeDegrees><LongitudeDegrees>4.280848</LongitudeDegrees></Position><AltitudeMeters>40.7</AltitudeMeters><Extensions><TPX xmlns="http://www.garmin.com/xmlschemas/ActivityExtension/v2"><Speed>2.4</Speed></TPX></Extensions></Trackpoint><Trackpoint><Time>2026-03-05T10:28:28+00:00</Time><DistanceMeters>349.8</DistanceMeters><Position><LatitudeDegrees>50.861947</LatitudeDegrees><LongitudeDegrees>4.280847</LongitudeDegrees></Position><AltitudeMeters>40.7</AltitudeMeters><Extensions><TPX xmlns="http://www.garmin.com/xmlschemas/ActivityExtension/v2"><Speed>2.04</Speed></TPX></Extensions></Trackpoint><Trackpoint><Time>2026-03-05T10:28:29+00:00</Time><DistanceMeters>352.4</DistanceMeters><Position><LatitudeDegrees>50.861981</LatitudeDegrees><LongitudeDegrees>4.280848</LongitudeDegrees></Position><AltitudeMeters>40.7</AltitudeMeters><Extensions><TPX xmlns="http://www.garmin.com/xmlschemas/ActivityExtension/v2"><Speed>2.125</Speed></TPX></Extensions></Trackpoint><Trackpoint><Time>2026-03-05T10:28:30+00:00</Time><DistanceMeters>354.9</DistanceMeters><Position><LatitudeDegrees>50.861992</LatitudeDegrees><LongitudeDegrees>4.280849</LongitudeDegrees></Position><AltitudeMeters>40.7</AltitudeMeters><Extensions><TPX xmlns="http://www.garmin.com/xmlschemas/ActivityExtension/v2"><Speed>2.56</Speed></TPX></Extensions></Trackpoint><Trackpoint><Time>2026-03-05T10:28:31+00:00</Time><DistanceMeters>357.3</DistanceMeters><Position><LatitudeDegrees>50.862037</LatitudeDegrees><LongitudeDegrees>4.28085</LongitudeDegrees></Position><AltitudeMeters>40.7</AltitudeMeters><Extensions><TPX xmlns="http://www.garmin.com/xmlschemas/ActivityExtension/v2"><Speed>2.54</Speed></TPX></Extensions></Trackpoint><Trackpoint><Time>2026-03-05T10:28:32+00:00</Time><DistanceMeters>359.7</DistanceMeters><Position><LatitudeDegrees>50.862059</LatitudeDegrees><LongitudeDegrees>4.280851</LongitudeDegrees></Position><AltitudeMeters>40.6</AltitudeMeters><Extensions><TPX xmlns="http://www.garmin.com/xmlschemas/ActivityExtension/v2"><Speed>2.5</Speed></TPX></Extensions></Trackpoint><Trackpoint><Time>2026-03-05T10:28:34+00:00</Time><DistanceMeters>365.0</DistanceMeters><Position><LatitudeDegrees>50.862084</LatitudeDegrees><LongitudeDegrees>4.28085</LongitudeDegrees></Position><AltitudeMeters>40.6</AltitudeMeters><Extensions><TPX xmlns="http://www.garmin.com/xmlschemas/ActivityExtension/v2"><Speed>2.53</Speed></TPX></Extensions></Trackpoint><Trackpoint><Time>2026-03-05T10:28:35+00:00</Time><DistanceMeters>367.8</DistanceMeters><Position><LatitudeDegrees>50.862121</LatitudeDegrees><LongitudeDegrees>4.28085</LongitudeDegrees></Position><AltitudeMeters>40.6</AltitudeMeters><Extensions><TPX xmlns="http://www.garmin.com/xmlschemas/ActivityExtension/v2"><Speed>2.57</Speed></TPX></Extensions></Trackpoint><Trackpoint><Time>2026-03-05T10:28:36+00:00</Time><DistanceMeters>370.5</DistanceMeters><Position><LatitudeDegrees>50.862133</LatitudeDegrees><LongitudeDegrees>4.28085</LongitudeDegrees></Position><AltitudeMeters>40.5</AltitudeMeters><Extensions><TPX xmlns="http://www.garmin.com/xmlschemas/ActivityExtension/v2"><Speed>2.64</Speed></TPX></Extensions></Trackpoint><Trackpoint><Time>2026-03-05T10:28:37+00:00</Time><DistanceMeters>375.6</DistanceMeters><Position><LatitudeDegrees>50.862179</LatitudeDegrees><LongitudeDegrees>4.280848</LongitudeDegrees></Position><AltitudeMeters>40.5</AltitudeMeters><Extensions><TPX xmlns="http://www.garmin.com/xmlschemas/ActivityExtension/v2"><Speed>3.18</Speed></TPX></Extensions></Trackpoint><Trackpoint><Time>2026-03-05T10:28:39+00:00</Time><DistanceMeters>378.5</DistanceMeters><Position><LatitudeDegrees>50.862218</LatitudeDegrees><LongitudeDegrees>4.280845</LongitudeDegrees></Position><AltitudeMeters>40.4</AltitudeMeters><Extensions><TPX xmlns="http://www.garmin.com/xmlschemas/ActivityExtension/v2"><Speed>2.69</Speed></TPX></Extensions></Trackpoint><Trackpoint><Time>2026-03-05T10:28:40+00:00</Time><DistanceMeters>381.3</DistanceMeters><Position><LatitudeDegrees>50.86223</LatitudeDegrees><LongitudeDegrees>4.280843</LongitudeDegrees></Position><AltitudeMeters>40.4</AltitudeMeters><Extensions><TPX xmlns="http://www.garmin.com/xmlschemas/ActivityExtension/v2"><Speed>2.71</Speed></TPX></Extensions></Trackpoint><Trackpoint><Time>2026-03-05T10:28:41+00:00</Time><DistanceMeters>384.1</DistanceMeters><Position><LatitudeDegrees>50.862268</LatitudeDegrees><LongitudeDegrees>4.280842</LongitudeDegrees></Position><AltitudeMeters>40.3</AltitudeMeters><Extensions><TPX xmlns="http://www.garmin.com/xmlschemas/ActivityExtension/v2"><Speed>2.72</Speed></TPX></Extensions></Trackpoint><Trackpoint><Time>2026-03-05T10:28:42+00:00</Time><DistanceMeters>386.9</DistanceMeters><Position><LatitudeDegrees>50.86228</LatitudeDegrees><LongitudeDegrees>4.280842</LongitudeDegrees></Position><AltitudeMeters>40.3</AltitudeMeters><Extensions><TPX xmlns="http://www.garmin.com/xmlschemas/ActivityExtension/v2"><Speed>2.26</Speed></TPX></Extensions></Trackpoint><Trackpoint><Time>2026-03-05T10:28:43+00:00</Time><DistanceMeters>392.3</DistanceMeters><Position><LatitudeDegrees>50.862329</LatitudeDegrees><LongitudeDegrees>4.280839</LongitudeDegrees></Position><AltitudeMeters>40.3</AltitudeMeters><Extensions><TPX xmlns="http://www.garmin.com/xmlschemas/ActivityExtension/v2"><Speed>2.783</Speed></TPX></Extensions></Trackpoint><Trackpoint><Time>2026-03-05T10:28:45+00:00</Time><DistanceMeters>394.6</DistanceMeters><Position><LatitudeDegrees>50.862361</LatitudeDegrees><LongitudeDegrees>4.28083</LongitudeDegrees></Position><AltitudeMeters>40.2</AltitudeMeters><Extensions><TPX xmlns="http://www.garmin.com/xmlschemas/ActivityExtension/v2"><Speed>2.66</Speed></TPX></Extensions></Trackpoint><Trackpoint><Time>2026-03-05T10:28:46+00:00</Time><DistanceMeters>396.9</DistanceMeters><Position><LatitudeDegrees>50.86237</LatitudeDegrees><LongitudeDegrees>4.280827</LongitudeDegrees></Position><AltitudeMeters>40.2</AltitudeMeters><Extensions><TPX xmlns="http://www.garmin.com/xmlschemas/ActivityExtension/v2"><Speed>2.56</Speed></TPX></Extensions></Trackpoint><Trackpoint><Time>2026-03-05T10:28:47+00:00</Time><DistanceMeters>396.9</DistanceMeters><Position><LatitudeDegrees>50.862386</LatitudeDegrees><LongitudeDegrees>4.280823</LongitudeDegrees></Position><AltitudeMeters>40.2</AltitudeMeters><Extensions><TPX xmlns="http://www.garmin.com/xmlschemas/ActivityExtension/v2"><Speed>2.0</Speed></TPX></Extensions></Trackpoint><Trackpoint><Time>2026-03-05T10:28:48+00:00</Time><DistanceMeters>400.8</DistanceMeters><Position><LatitudeDegrees>50.862424</LatitudeDegrees><LongitudeDegrees>4.280817</LongitudeDegrees></Position><AltitudeMeters>40.2</AltitudeMeters><Extensions><TPX xmlns="http://www.garmin.com/xmlschemas/ActivityExtension/v2"><Speed>1.7</Speed></TPX></Extensions></Trackpoint><Trackpoint><Time>2026-03-05T10:28:50+00:00</Time><DistanceMeters>405.4</DistanceMeters><Position><LatitudeDegrees>50.862445</LatitudeDegrees><LongitudeDegrees>4.280815</LongitudeDegrees></Position><AltitudeMeters>40.1</AltitudeMeters><Extensions><TPX xmlns="http://www.garmin.com/xmlschemas/ActivityExtension/v2"><Speed>2.16</Speed></TPX></Extensions></Trackpoint><Trackpoint><Time>2026-03-05T10:28:51+00:00</Time><DistanceMeters>407.6</DistanceMeters><Position><LatitudeDegrees>50.862475</LatitudeDegrees><LongitudeDegrees>4.280808</LongitudeDegrees></Position><AltitudeMeters>40.1</AltitudeMeters><Extensions><TPX xmlns="http://www.garmin.com/xmlschemas/ActivityExtension/v2"><Speed>2.14</Speed></TPX></Extensions></Trackpoint><Trackpoint><Time>2026-03-05T10:28:52+00:00</Time><DistanceMeters>409.8</DistanceMeters><Position><LatitudeDegrees>50.862485</LatitudeDegrees><LongitudeDegrees>4.280805</LongitudeDegrees></Position><AltitudeMeters>40.1</AltitudeMeters><Extensions><TPX xmlns="http://www.garmin.com/xmlschemas/ActivityExtension/v2"><Speed>2.58</Speed></TPX></Extensions></Trackpoint><Trackpoint><Time>2026-03-05T10:28:53+00:00</Time><DistanceMeters>414.2</DistanceMeters><Position><LatitudeDegrees>50.862524</LatitudeDegrees><LongitudeDegrees>4.280793</LongitudeDegrees></Position><AltitudeMeters>40.0</AltitudeMeters><Extensions><TPX xmlns="http://www.garmin.com/xmlschemas/ActivityExtension/v2"><Speed>2.68</Speed></TPX></Extensions></Trackpoint><Trackpoint><Time>2026-03-05T10:28:55+00:00</Time><DistanceMeters>416.8</DistanceMeters><Position><LatitudeDegrees>50.862558</LatitudeDegrees><LongitudeDegrees>4.280786</LongitudeDegrees></Position><AltitudeMeters>40.0</AltitudeMeters><Extensions><TPX xmlns="http://www.garmin.com/xmlschemas/ActivityExtension/v2"><Speed>2.27</Speed></TPX></Extensions></Trackpoint><Trackpoint><Time>2026-03-05T10:28:56+00:00</Time><DistanceMeters>419.3</DistanceMeters><Position><LatitudeDegrees>50.862569</LatitudeDegrees><LongitudeDegrees>4.280788</LongitudeDegrees></Position><AltitudeMeters>40.0</AltitudeMeters><Extensions><TPX xmlns="http://www.garmin.com/xmlschemas/ActivityExtension/v2"><Speed>2.34</Speed></TPX></Extensions></Trackpoint><Trackpoint><Time>2026-03-05T10:28:57+00:00</Time><DistanceMeters>421.9</DistanceMeters><Position><LatitudeDegrees>50.862603</LatitudeDegrees><LongitudeDegrees>4.280776</LongitudeDegrees></Position><AltitudeMeters>39.9</AltitudeMeters><Extensions><TPX xmlns="http://www.garmin.com/xmlschemas/ActivityExtension/v2"><Speed>2.42</Speed></TPX></Extensions></Trackpoint><Trackpoint><Time>2026-03-05T10:28:58+00:00</Time><DistanceMeters>424.5</DistanceMeters><Position><LatitudeDegrees>50.862615</LatitudeDegrees><LongitudeDegrees>4.28077</LongitudeDegrees></Position><AltitudeMeters>39.9</AltitudeMeters><Extensions><TPX xmlns="http://www.garmin.com/xmlschemas/ActivityExtension/v2"><Speed>2.06</Speed></TPX></Extensions></Trackpoint><Trackpoint><Time>2026-03-05T10:28:59+00:00</Time><DistanceMeters>427.3</DistanceMeters><Position><LatitudeDegrees>50.86265</LatitudeDegrees><LongitudeDegrees>4.280752</LongitudeDegrees></Position><AltitudeMeters>39.9</AltitudeMeters><Extensions><TPX xmlns="http://www.garmin.com/xmlschemas/ActivityExtension/v2"><Speed>2.175</Speed></TPX></Extensions></Trackpoint><Trackpoint><Time>2026-03-05T10:29:00+00:00</Time><DistanceMeters>430.0</DistanceMeters><Position><LatitudeDegrees>50.862662</LatitudeDegrees><LongitudeDegrees>4.280745</LongitudeDegrees></Position><AltitudeMeters>39.9</AltitudeMeters><Extensions><TPX xmlns="http://www.garmin.com/xmlschemas/ActivityExtension/v2"><Speed>2.65</Speed></TPX></Extensions></Trackpoint><Trackpoint><Time>2026-03-05T10:29:01+00:00</Time><DistanceMeters>432.8</DistanceMeters><Position><LatitudeDegrees>50.862697</LatitudeDegrees><LongitudeDegrees>4.280726</LongitudeDegrees></Position><AltitudeMeters>39.8</AltitudeMeters><Extensions><TPX xmlns="http://www.garmin.com/xmlschemas/ActivityExtension/v2"><Speed>2.69</Speed></TPX></Extensions></Trackpoint><Trackpoint><Time>2026-03-05T10:29:02+00:00</Time><DistanceMeters>435.5</DistanceMeters><Position><LatitudeDegrees>50.862708</LatitudeDegrees><LongitudeDegrees>4.28072</LongitudeDegrees></Position><AltitudeMeters>39.8</AltitudeMeters><Extensions><TPX xmlns="http://www.garmin.com/xmlschemas/ActivityExtension/v2"><Speed>2.72</Speed></TPX></Extensions></Trackpoint><Trackpoint><Time>2026-03-05T10:29:03+00:00</Time><DistanceMeters>438.1</DistanceMeters><Position><LatitudeDegrees>50.862752</LatitudeDegrees><LongitudeDegrees>4.280695</LongitudeDegrees></Position><AltitudeMeters>39.7</AltitudeMeters><Extensions><TPX xmlns="http://www.garmin.com/xmlschemas/ActivityExtension/v2"><Speed>2.71</Speed></TPX></Extensions></Trackpoint><Trackpoint><Time>2026-03-05T10:29:04+00:00</Time><DistanceMeters>440.6</DistanceMeters><Position><LatitudeDegrees>50.862774</LatitudeDegrees><LongitudeDegrees>4.280683</LongitudeDegrees></Position><AltitudeMeters>39.7</AltitudeMeters><Extensions><TPX xmlns="http://www.garmin.com/xmlschemas/ActivityExtension/v2"><Speed>2.67</Speed></TPX></Extensions></Trackpoint><Trackpoint><Time>2026-03-05T10:29:06+00:00</Time><DistanceMeters>446.1</DistanceMeters><Position><LatitudeDegrees>50.862798</LatitudeDegrees><LongitudeDegrees>4.28067</LongitudeDegrees></Position><AltitudeMeters>39.7</AltitudeMeters><Extensions><TPX xmlns="http://www.garmin.com/xmlschemas/ActivityExtension/v2"><Speed>2.67</Speed></TPX></Extensions></Trackpoint><Trackpoint><Time>2026-03-05T10:29:07+00:00</Time><DistanceMeters>446.1</DistanceMeters><Position><LatitudeDegrees>50.862812</LatitudeDegrees><LongitudeDegrees>4.280663</LongitudeDegrees></Position><AltitudeMeters>39.7</AltitudeMeters><Extensions><TPX xmlns="http://www.garmin.com/xmlschemas/ActivityExtension/v2"><Speed>2.12</Speed></TPX></Extensions></Trackpoint><Trackpoint><Time>2026-03-05T10:29:08+00:00</Time><DistanceMeters>450.0</DistanceMeters><Position><LatitudeDegrees>50.862832</LatitudeDegrees><LongitudeDegrees>4.280654</LongitudeDegrees></Position><AltitudeMeters>39.6</AltitudeMeters><Extensions><TPX xmlns="http://www.garmin.com/xmlschemas/ActivityExtension/v2"><Speed>2.39</Speed></TPX></Extensions></Trackpoint><Trackpoint><Time>2026-03-05T10:29:09+00:00</Time><DistanceMeters>452.2</DistanceMeters><Position><LatitudeDegrees>50.862869</LatitudeDegrees><LongitudeDegrees>4.280631</LongitudeDegrees></Position><AltitudeMeters>39.6</AltitudeMeters><Extensions><TPX xmlns="http://www.garmin.com/xmlschemas/ActivityExtension/v2"><Speed>2.32</Speed></TPX></Extensions></Trackpoint><Trackpoint><Time>2026-03-05T10:29:10+00:00</Time><DistanceMeters>454.4</DistanceMeters><Position><LatitudeDegrees>50.862888</LatitudeDegrees><LongitudeDegrees>4.280617</LongitudeDegrees></Position><AltitudeMeters>39.5</AltitudeMeters><Extensions><TPX xmlns="http://www.garmin.com/xmlschemas/ActivityExtension/v2"><Speed>2.3</Speed></TPX></Extensions></Trackpoint><Trackpoint><Time>2026-03-05T10:29:12+00:00</Time><DistanceMeters>459.5</DistanceMeters><Position><LatitudeDegrees>50.86291</LatitudeDegrees><LongitudeDegrees>4.280602</LongitudeDegrees></Position><AltitudeMeters>39.5</AltitudeMeters><Extensions><TPX xmlns="http://www.garmin.com/xmlschemas/ActivityExtension/v2"><Speed>2.68</Speed></TPX></Extensions></Trackpoint><Trackpoint><Time>2026-03-05T10:29:13+00:00</Time><DistanceMeters>462.2</DistanceMeters><Position><LatitudeDegrees>50.862945</LatitudeDegrees><LongitudeDegrees>4.280581</LongitudeDegrees></Position><AltitudeMeters>39.4</AltitudeMeters><Extensions><TPX xmlns="http://www.garmin.com/xmlschemas/ActivityExtension/v2"><Speed>2.44</Speed></TPX></Extensions></Trackpoint><Trackpoint><Time>2026-03-05T10:29:14+00:00</Time><DistanceMeters>464.9</DistanceMeters><Position><LatitudeDegrees>50.862956</LatitudeDegrees><LongitudeDegrees>4.280575</LongitudeDegrees></Position><AltitudeMeters>39.4</AltitudeMeters><Extensions><TPX xmlns="http://www.garmin.com/xmlschemas/ActivityExtension/v2"><Speed>2.54</Speed></TPX></Extensions></Trackpoint><Trackpoint><Time>2026-03-05T10:29:15+00:00</Time><DistanceMeters>467.5</DistanceMeters><Position><LatitudeDegrees>50.862991</LatitudeDegrees><LongitudeDegrees>4.280563</LongitudeDegrees></Position><AltitudeMeters>39.3</AltitudeMeters><Extensions><TPX xmlns="http://www.garmin.com/xmlschemas/ActivityExtension/v2"><Speed>2.62</Speed></TPX></Extensions></Trackpoint><Trackpoint><Time>2026-03-05T10:29:16+00:00</Time><DistanceMeters>470.1</DistanceMeters><Position><LatitudeDegrees>50.863002</LatitudeDegrees><LongitudeDegrees>4.28056</LongitudeDegrees></Position><AltitudeMeters>39.3</AltitudeMeters><Extensions><TPX xmlns="http://www.garmin.com/xmlschemas/ActivityExtension/v2"><Speed>2.617</Speed></TPX></Extensions></Trackpoint><Trackpoint><Time>2026-03-05T10:29:17+00:00</Time><DistanceMeters>473.1</DistanceMeters><Position><LatitudeDegrees>50.863041</LatitudeDegrees><LongitudeDegrees>4.280552</LongitudeDegrees></Position><AltitudeMeters>39.3</AltitudeMeters><Extensions><TPX xmlns="http://www.garmin.com/xmlschemas/ActivityExtension/v2"><Speed>2.71</Speed></TPX></Extensions></Trackpoint><Trackpoint><Time>2026-03-05T10:29:18+00:00</Time><DistanceMeters>476.0</DistanceMeters><Position><LatitudeDegrees>50.863054</LatitudeDegrees><LongitudeDegrees>4.280549</LongitudeDegrees></Position><AltitudeMeters>39.2</AltitudeMeters><Extensions><TPX xmlns="http://www.garmin.com/xmlschemas/ActivityExtension/v2"><Speed>2.76</Speed></TPX></Extensions></Trackpoint><Trackpoint><Time>2026-03-05T10:29:19+00:00</Time><DistanceMeters>478.8</DistanceMeters><Position><LatitudeDegrees>50.863091</LatitudeDegrees><LongitudeDegrees>4.280539</LongitudeDegrees></Position><AltitudeMeters>39.2</AltitudeMeters><Extensions><TPX xmlns="http://www.garmin.com/xmlschemas/ActivityExtension/v2"><Speed>2.77</Speed></TPX></Extensions></Trackpoint><Trackpoint><Time>2026-03-05T10:29:20+00:00</Time><DistanceMeters>481.5</DistanceMeters><Position><LatitudeDegrees>50.863104</LatitudeDegrees><LongitudeDegrees>4.280536</LongitudeDegrees></Position><AltitudeMeters>39.1</AltitudeMeters><Extensions><TPX xmlns="http://www.garmin.com/xmlschemas/ActivityExtension/v2"><Speed>2.8</Speed></TPX></Extensions></Trackpoint><Trackpoint><Time>2026-03-05T10:29:21+00:00</Time><DistanceMeters>484.2</DistanceMeters><Position><LatitudeDegrees>50.86314</LatitudeDegrees><LongitudeDegrees>4.280526</LongitudeDegrees></Position><AltitudeMeters>39.1</AltitudeMeters><Extensions><TPX xmlns="http://www.garmin.com/xmlschemas/ActivityExtension/v2"><Speed>2.82</Speed></TPX></Extensions></Trackpoint><Trackpoint><Time>2026-03-05T10:29:22+00:00</Time><DistanceMeters>486.9</DistanceMeters><Position><LatitudeDegrees>50.863151</LatitudeDegrees><LongitudeDegrees>4.280523</LongitudeDegrees></Position><AltitudeMeters>39.1</AltitudeMeters><Extensions><TPX xmlns="http://www.garmin.com/xmlschemas/ActivityExtension/v2"><Speed>2.77</Speed></TPX></Extensions></Trackpoint><Trackpoint><Time>2026-03-05T10:29:23+00:00</Time><DistanceMeters>489.7</DistanceMeters><Position><LatitudeDegrees>50.8632</LatitudeDegrees><LongitudeDegrees>4.280511</LongitudeDegrees></Position><AltitudeMeters>39.0</AltitudeMeters><Extensions><TPX xmlns="http://www.garmin.com/xmlschemas/ActivityExtension/v2"><Speed>2.73</Speed></TPX></Extensions></Trackpoint><Trackpoint><Time>2026-03-05T10:29:24+00:00</Time><DistanceMeters>492.4</DistanceMeters><Position><LatitudeDegrees>50.863223</LatitudeDegrees><LongitudeDegrees>4.280504</LongitudeDegrees></Position><AltitudeMeters>39.0</AltitudeMeters><Extensions><TPX xmlns="http://www.garmin.com/xmlschemas/ActivityExtension/v2"><Speed>2.73</Speed></TPX></Extensions></Trackpoint><Trackpoint><Time>2026-03-05T10:29:26+00:00</Time><DistanceMeters>497.9</DistanceMeters><Position><LatitudeDegrees>50.863248</LatitudeDegrees><LongitudeDegrees>4.280496</LongitudeDegrees></Position><AltitudeMeters>39.0</AltitudeMeters><Extensions><TPX xmlns="http://www.garmin.com/xmlschemas/ActivityExtension/v2"><Speed>2.74</Speed></TPX></Extensions></Trackpoint><Trackpoint><Time>2026-03-05T10:29:27+00:00</Time><DistanceMeters>500.7</DistanceMeters><Position><LatitudeDegrees>50.863286</LatitudeDegrees><LongitudeDegrees>4.280489</LongitudeDegrees></Position><AltitudeMeters>39.0</AltitudeMeters><Extensions><TPX xmlns="http://www.garmin.com/xmlschemas/ActivityExtension/v2"><Speed>2.75</Speed></TPX></Extensions></Trackpoint><Trackpoint><Time>2026-03-05T10:29:28+00:00</Time><DistanceMeters>503.4</DistanceMeters><Position><LatitudeDegrees>50.863298</LatitudeDegrees><LongitudeDegrees>4.280487</LongitudeDegrees></Position><AltitudeMeters>39.0</AltitudeMeters><Extensions><TPX xmlns="http://www.garmin.com/xmlschemas/ActivityExtension/v2"><Speed>2.75</Speed></TPX></Extensions></Trackpoint><Trackpoint><Time>2026-03-05T10:29:29+00:00</Time><DistanceMeters>506.1</DistanceMeters><Position><LatitudeDegrees>50.863344</LatitudeDegrees><LongitudeDegrees>4.280484</LongitudeDegrees></Position><AltitudeMeters>38.9</AltitudeMeters><Extensions><TPX xmlns="http://www.garmin.com/xmlschemas/ActivityExtension/v2"><Speed>2.73</Speed></TPX></Extensions></Trackpoint><Trackpoint><Time>2026-03-05T10:29:30+00:00</Time><DistanceMeters>508.7</DistanceMeters><Position><LatitudeDegrees>50.863366</LatitudeDegrees><LongitudeDegrees>4.280481</LongitudeDegrees></Position><AltitudeMeters>38.9</AltitudeMeters><Extensions><TPX xmlns="http://www.garmin.com/xmlschemas/ActivityExtension/v2"><Speed>2.717</Speed></TPX></Extensions></Trackpoint><Trackpoint><Time>2026-03-05T10:29:32+00:00</Time><DistanceMeters>514.3</DistanceMeters><Position><LatitudeDegrees>50.863395</LatitudeDegrees><LongitudeDegrees>4.280476</LongitudeDegrees></Position><AltitudeMeters>38.9</AltitudeMeters><Extensions><TPX xmlns="http://www.garmin.com/xmlschemas/ActivityExtension/v2"><Speed>2.73</Speed></TPX></Extensions></Trackpoint><Trackpoint><Time>2026-03-05T10:29:33+00:00</Time><DistanceMeters>516.8</DistanceMeters><Position><LatitudeDegrees>50.863428</LatitudeDegrees><LongitudeDegrees>4.280468</LongitudeDegrees></Position><AltitudeMeters>38.9</AltitudeMeters><Extensions><TPX xmlns="http://www.garmin.com/xmlschemas/ActivityExtension/v2"><Speed>2.68</Speed></TPX></Extensions></Trackpoint><Trackpoint><Time>2026-03-05T10:29:34+00:00</Time><DistanceMeters>519.3</DistanceMeters><Position><LatitudeDegrees>50.86344</LatitudeDegrees><LongitudeDegrees>4.280465</LongitudeDegrees></Position><AltitudeMeters>38.8</AltitudeMeters><Extensions><TPX xmlns="http://www.garmin.com/xmlschemas/ActivityExtension/v2"><Speed>2.65</Speed></TPX></Extensions></Trackpoint><Trackpoint><Time>2026-03-05T10:29:35+00:00</Time><DistanceMeters>524.2</DistanceMeters><Position><LatitudeDegrees>50.863483</LatitudeDegrees><LongitudeDegrees>4.28045</LongitudeDegrees></Position><AltitudeMeters>38.8</AltitudeMeters><Extensions><TPX xmlns="http://www.garmin.com/xmlschemas/ActivityExtension/v2"><Speed>3.1</Speed></TPX></Extensions></Trackpoint><Trackpoint><Time>2026-03-05T10:29:37+00:00</Time><DistanceMeters>526.9</DistanceMeters><Position><LatitudeDegrees>50.86352</LatitudeDegrees><LongitudeDegrees>4.280443</LongitudeDegrees></Position><AltitudeMeters>38.7</AltitudeMeters><Extensions><TPX xmlns="http://www.garmin.com/xmlschemas/ActivityExtension/v2"><Speed>2.52</Speed></TPX></Extensions></Trackpoint><Trackpoint><Time>2026-03-05T10:29:38+00:00</Time><DistanceMeters>529.6</DistanceMeters><Position><LatitudeDegrees>50.863531</LatitudeDegrees><LongitudeDegrees>4.28044</LongitudeDegrees></Position><AltitudeMeters>38.7</AltitudeMeters><Extensions><TPX xmlns="http://www.garmin.com/xmlschemas/ActivityExtension/v2"><Speed>2.56</Speed></TPX></Extensions></Trackpoint><Trackpoint><Time>2026-03-05T10:29:39+00:00</Time><DistanceMeters>532.5</DistanceMeters><Position><LatitudeDegrees>50.863581</LatitudeDegrees><LongitudeDegrees>4.280434</LongitudeDegrees></Position><AltitudeMeters>38.7</AltitudeMeters><Extensions><TPX xmlns="http://www.garmin.com/xmlschemas/ActivityExtension/v2"><Speed>2.63</Speed></TPX></Extensions></Trackpoint><Trackpoint><Time>2026-03-05T10:29:40+00:00</Time><DistanceMeters>535.3</DistanceMeters><Position><LatitudeDegrees>50.863606</LatitudeDegrees><LongitudeDegrees>4.280433</LongitudeDegrees></Position><AltitudeMeters>38.6</AltitudeMeters><Extensions><TPX xmlns="http://www.garmin.com/xmlschemas/ActivityExtension/v2"><Speed>2.22</Speed></TPX></Extensions></Trackpoint><Trackpoint><Time>2026-03-05T10:29:42+00:00</Time><DistanceMeters>540.9</DistanceMeters><Position><LatitudeDegrees>50.863633</LatitudeDegrees><LongitudeDegrees>4.280434</LongitudeDegrees></Position><AltitudeMeters>38.6</AltitudeMeters><Extensions><TPX xmlns="http://www.garmin.com/xmlschemas/ActivityExtension/v2"><Speed>2.8</Speed></TPX></Extensions></Trackpoint><Trackpoint><Time>2026-03-05T10:29:43+00:00</Time><DistanceMeters>543.5</DistanceMeters><Position><LatitudeDegrees>50.863668</LatitudeDegrees><LongitudeDegrees>4.280436</LongitudeDegrees></Position><AltitudeMeters>38.5</AltitudeMeters><Extensions><TPX xmlns="http://www.garmin.com/xmlschemas/ActivityExtension/v2"><Speed>2.77</Speed></TPX></Extensions></Trackpoint><Trackpoint><Time>2026-03-05T10:29:44+00:00</Time><DistanceMeters>546.0</DistanceMeters><Position><LatitudeDegrees>50.863679</LatitudeDegrees><LongitudeDegrees>4.280437</LongitudeDegrees></Position><AltitudeMeters>38.5</AltitudeMeters><Extensions><TPX xmlns="http://www.garmin.com/xmlschemas/ActivityExtension/v2"><Speed>2.71</Speed></TPX></Extensions></Trackpoint><Trackpoint><Time>2026-03-05T10:29:45+00:00</Time><DistanceMeters>548.7</DistanceMeters><Position><LatitudeDegrees>50.863726</LatitudeDegrees><LongitudeDegrees>4.280442</LongitudeDegrees></Position><AltitudeMeters>38.4</AltitudeMeters><Extensions><TPX xmlns="http://www.garmin.com/xmlschemas/ActivityExtension/v2"><Speed>2.67</Speed></TPX></Extensions></Trackpoint><Trackpoint><Time>2026-03-05T10:29:46+00:00</Time><DistanceMeters>551.3</DistanceMeters><Position><LatitudeDegrees>50.863749</LatitudeDegrees><LongitudeDegrees>4.280445</LongitudeDegrees></Position><AltitudeMeters>38.4</AltitudeMeters><Extensions><TPX xmlns="http://www.garmin.com/xmlschemas/ActivityExtension/v2"><Speed>2.667</Speed></TPX></Extensions></Trackpoint><Trackpoint><Time>2026-03-05T10:29:48+00:00</Time><DistanceMeters>556.6</DistanceMeters><Position><LatitudeDegrees>50.863774</LatitudeDegrees><LongitudeDegrees>4.280446</LongitudeDegrees></Position><AltitudeMeters>38.3</AltitudeMeters><Extensions><TPX xmlns="http://www.garmin.com/xmlschemas/ActivityExtension/v2"><Speed>2.63</Speed></TPX></Extensions></Trackpoint><Trackpoint><Time>2026-03-05T10:29:49+00:00</Time><DistanceMeters>559.0</DistanceMeters><Position><LatitudeDegrees>50.863805</LatitudeDegrees><LongitudeDegrees>4.280446</LongitudeDegrees></Position><AltitudeMeters>38.3</AltitudeMeters><Extensions><TPX xmlns="http://www.garmin.com/xmlschemas/ActivityExtension/v2"><Speed>2.59</Speed></TPX></Extensions></Trackpoint><Trackpoint><Time>2026-03-05T10:29:50+00:00</Time><DistanceMeters>561.3</DistanceMeters><Position><LatitudeDegrees>50.863816</LatitudeDegrees><LongitudeDegrees>4.280445</LongitudeDegrees></Position><AltitudeMeters>38.2</AltitudeMeters><Extensions><TPX xmlns="http://www.garmin.com/xmlschemas/ActivityExtension/v2"><Speed>2.53</Speed></TPX></Extensions></Trackpoint><Trackpoint><Time>2026-03-05T10:29:51+00:00</Time><DistanceMeters>563.8</DistanceMeters><Position><LatitudeDegrees>50.86385</LatitudeDegrees><LongitudeDegrees>4.280442</LongitudeDegrees></Position><AltitudeMeters>38.2</AltitudeMeters><Extensions><TPX xmlns="http://www.garmin.com/xmlschemas/ActivityExtension/v2"><Speed>2.5</Speed></TPX></Extensions></Trackpoint><Trackpoint><Time>2026-03-05T10:29:52+00:00</Time><DistanceMeters>566.3</DistanceMeters><Position><LatitudeDegrees>50.863861</LatitudeDegrees><LongitudeDegrees>4.280441</LongitudeDegrees></Position><AltitudeMeters>38.2</AltitudeMeters><Extensions><TPX xmlns="http://www.garmin.com/xmlschemas/ActivityExtension/v2"><Speed>2.5</Speed></TPX></Extensions></Trackpoint><Trackpoint><Time>2026-03-05T10:29:53+00:00</Time><DistanceMeters>568.9</DistanceMeters><Position><LatitudeDegrees>50.863895</LatitudeDegrees><LongitudeDegrees>4.28044</LongitudeDegrees></Position><AltitudeMeters>38.1</AltitudeMeters><Extensions><TPX xmlns="http://www.garmin.com/xmlschemas/ActivityExtension/v2"><Speed>2.46</Speed></TPX></Extensions></Trackpoint><Trackpoint><Time>2026-03-05T10:29:54+00:00</Time><DistanceMeters>571.5</DistanceMeters><Position><LatitudeDegrees>50.863907</LatitudeDegrees><LongitudeDegrees>4.280439</LongitudeDegrees></Position><AltitudeMeters>38.1</AltitudeMeters><Extensions><TPX xmlns="http://www.garmin.com/xmlschemas/ActivityExtension/v2"><Speed>2.51</Speed></TPX></Extensions></Trackpoint><Trackpoint><Time>2026-03-05T10:29:55+00:00</Time><DistanceMeters>574.0</DistanceMeters><Position><LatitudeDegrees>50.86394</LatitudeDegrees><LongitudeDegrees>4.280432</LongitudeDegrees></Position><AltitudeMeters>38.1</AltitudeMeters><Extensions><TPX xmlns="http://www.garmin.com/xmlschemas/ActivityExtension/v2"><Speed>2.53</Speed></TPX></Extensions></Trackpoint><Trackpoint><Time>2026-03-05T10:29:56+00:00</Time><DistanceMeters>576.4</DistanceMeters><Position><LatitudeDegrees>50.863951</LatitudeDegrees><LongitudeDegrees>4.280429</LongitudeDegrees></Position><AltitudeMeters>38.1</AltitudeMeters><Extensions><TPX xmlns="http://www.garmin.com/xmlschemas/ActivityExtension/v2"><Speed>2.52</Speed></TPX></Extensions></Trackpoint><Trackpoint><Time>2026-03-05T10:29:57+00:00</Time><DistanceMeters>578.9</DistanceMeters><Position><LatitudeDegrees>50.863995</LatitudeDegrees><LongitudeDegrees>4.280416</LongitudeDegrees></Position><AltitudeMeters>38.0</AltitudeMeters><Extensions><TPX xmlns="http://www.garmin.com/xmlschemas/ActivityExtension/v2"><Speed>2.52</Speed></TPX></Extensions></Trackpoint><Trackpoint><Time>2026-03-05T10:29:58+00:00</Time><DistanceMeters>581.4</DistanceMeters><Position><LatitudeDegrees>50.864017</LatitudeDegrees><LongitudeDegrees>4.280409</LongitudeDegrees></Position><AltitudeMeters>38.0</AltitudeMeters><Extensions><TPX xmlns="http://www.garmin.com/xmlschemas/ActivityExtension/v2"><Speed>2.5</Speed></TPX></Extensions></Trackpoint><Trackpoint><Time>2026-03-05T10:30:00+00:00</Time><DistanceMeters>586.3</DistanceMeters><Position><LatitudeDegrees>50.864038</LatitudeDegrees><LongitudeDegrees>4.280397</LongitudeDegrees></Position><AltitudeMeters>38.0</AltitudeMeters><Extensions><TPX xmlns="http://www.garmin.com/xmlschemas/ActivityExtension/v2"><Speed>2.47</Speed></TPX></Extensions></Trackpoint><Trackpoint><Time>2026-03-05T10:30:01+00:00</Time><DistanceMeters>586.3</DistanceMeters><Position><LatitudeDegrees>50.864054</LatitudeDegrees><LongitudeDegrees>4.280389</LongitudeDegrees></Position><AltitudeMeters>38.0</AltitudeMeters><Extensions><TPX xmlns="http://www.garmin.com/xmlschemas/ActivityExtension/v2"><Speed>1.98</Speed></TPX></Extensions></Trackpoint><Trackpoint><Time>2026-03-05T10:30:02+00:00</Time><DistanceMeters>590.3</DistanceMeters><Position><LatitudeDegrees>50.864072</LatitudeDegrees><LongitudeDegrees>4.280379</LongitudeDegrees></Position><AltitudeMeters>38.0</AltitudeMeters><Extensions><TPX xmlns="http://www.garmin.com/xmlschemas/ActivityExtension/v2"><Speed>2.28</Speed></TPX></Extensions></Trackpoint><Trackpoint><Time>2026-03-05T10:30:03+00:00</Time><DistanceMeters>592.5</DistanceMeters><Position><LatitudeDegrees>50.864099</LatitudeDegrees><LongitudeDegrees>4.280362</LongitudeDegrees></Position><AltitudeMeters>37.9</AltitudeMeters><Extensions><TPX xmlns="http://www.garmin.com/xmlschemas/ActivityExtension/v2"><Speed>2.22</Speed></TPX></Extensions></Trackpoint><Trackpoint><Time>2026-03-05T10:30:04+00:00</Time><DistanceMeters>594.7</DistanceMeters><Position><LatitudeDegrees>50.864108</LatitudeDegrees><LongitudeDegrees>4.280356</LongitudeDegrees></Position><AltitudeMeters>37.9</AltitudeMeters><Extensions><TPX xmlns="http://www.garmin.com/xmlschemas/ActivityExtension/v2"><Speed>2.217</Speed></TPX></Extensions></Trackpoint><Trackpoint><Time>2026-03-05T10:30:05+00:00</Time><DistanceMeters>599.8</DistanceMeters><Position><LatitudeDegrees>50.864152</LatitudeDegrees><LongitudeDegrees>4.28033</LongitudeDegrees></Position><AltitudeMeters>37.9</AltitudeMeters><Extensions><TPX xmlns="http://www.garmin.com/xmlschemas/ActivityExtension/v2"><Speed>2.7</Speed></TPX></Extensions></Trackpoint><Trackpoint><Time>2026-03-05T10:30:06+00:00</Time><DistanceMeters>599.8</DistanceMeters><Position><LatitudeDegrees>50.864174</LatitudeDegrees><LongitudeDegrees>4.280318</LongitudeDegrees></Position><AltitudeMeters>37.9</AltitudeMeters><Extensions><TPX xmlns="http://www.garmin.com/xmlschemas/ActivityExtension/v2"><Speed>2.7</Speed></TPX></Extensions></Trackpoint><Trackpoint><Time>2026-03-05T10:30:08+00:00</Time><DistanceMeters>605.3</DistanceMeters><Position><LatitudeDegrees>50.864199</LatitudeDegrees><LongitudeDegrees>4.280306</LongitudeDegrees></Position><AltitudeMeters>37.8</AltitudeMeters><Extensions><TPX xmlns="http://www.garmin.com/xmlschemas/ActivityExtension/v2"><Speed>2.56</Speed></TPX></Extensions></Trackpoint><Trackpoint><Time>2026-03-05T10:30:09+00:00</Time><DistanceMeters>608.5</DistanceMeters><Position><LatitudeDegrees>50.864227</LatitudeDegrees><LongitudeDegrees>4.280298</LongitudeDegrees></Position><AltitudeMeters>37.8</AltitudeMeters><Extensions><TPX xmlns="http://www.garmin.com/xmlschemas/ActivityExtension/v2"><Speed>2.76</Speed></TPX></Extensions></Trackpoint><Trackpoint><Time>2026-03-05T10:30:10+00:00</Time><DistanceMeters>611.1</DistanceMeters><Position><LatitudeDegrees>50.864269</LatitudeDegrees><LongitudeDegrees>4.280271</LongitudeDegrees></Position><AltitudeMeters>37.8</AltitudeMeters><Extensions><TPX xmlns="http://www.garmin.com/xmlschemas/ActivityExtension/v2"><Speed>2.26</Speed></TPX></Extensions></Trackpoint><Trackpoint><Time>2026-03-05T10:30:11+00:00</Time><DistanceMeters>613.7</DistanceMeters><Position><LatitudeDegrees>50.86429</LatitudeDegrees><LongitudeDegrees>4.280257</LongitudeDegrees></Position><AltitudeMeters>37.8</AltitudeMeters><Extensions><TPX xmlns="http://www.garmin.com/xmlschemas/ActivityExtension/v2"><Speed>2.78</Speed></TPX></Extensions></Trackpoint><Trackpoint><Time>2026-03-05T10:30:12+00:00</Time><DistanceMeters>618.8</DistanceMeters><Position><LatitudeDegrees>50.864312</LatitudeDegrees><LongitudeDegrees>4.28024</LongitudeDegrees></Position><AltitudeMeters>37.7</AltitudeMeters><Extensions><TPX xmlns="http://www.garmin.com/xmlschemas/ActivityExtension/v2"><Speed>3.167</Speed></TPX></Extensions></Trackpoint><Trackpoint><Time>2026-03-05T10:30:14+00:00</Time><DistanceMeters>623.7</DistanceMeters><Position><LatitudeDegrees>50.864351</LatitudeDegrees><LongitudeDegrees>4.280209</LongitudeDegrees></Position><AltitudeMeters>37.7</AltitudeMeters><Extensions><TPX xmlns="http://www.garmin.com/xmlschemas/ActivityExtension/v2"><Speed>3.04</Speed></TPX></Extensions></Trackpoint><Trackpoint><Time>2026-03-05T10:30:15+00:00</Time><DistanceMeters>625.6</DistanceMeters><Position><LatitudeDegrees>50.864367</LatitudeDegrees><LongitudeDegrees>4.280197</LongitudeDegrees></Position><AltitudeMeters>37.7</AltitudeMeters><Extensions><TPX xmlns="http://www.garmin.com/xmlschemas/ActivityExtension/v2"><Speed>2.9</Speed></TPX></Extensions></Trackpoint><Trackpoint><Time>2026-03-05T10:30:16+00:00</Time><DistanceMeters>627.5</DistanceMeters><Position><LatitudeDegrees>50.864382</LatitudeDegrees><LongitudeDegrees>4.280185</LongitudeDegrees></Position><AltitudeMeters>37.7</AltitudeMeters><Extensions><TPX xmlns="http://www.garmin.com/xmlschemas/ActivityExtension/v2"><Speed>2.76</Speed></TPX></Extensions></Trackpoint><Trackpoint><Time>2026-03-05T10:30:17+00:00</Time><DistanceMeters>630.0</DistanceMeters><Position><LatitudeDegrees>50.864413</LatitudeDegrees><LongitudeDegrees>4.280161</LongitudeDegrees></Position><AltitudeMeters>37.7</AltitudeMeters><Extensions><TPX xmlns="http://www.garmin.com/xmlschemas/ActivityExtension/v2"><Speed>2.24</Speed></TPX></Extensions></Trackpoint><Trackpoint><Time>2026-03-05T10:30:18+00:00</Time><DistanceMeters>632.5</DistanceMeters><Position><LatitudeDegrees>50.864422</LatitudeDegrees><LongitudeDegrees>4.280154</LongitudeDegrees></Position><AltitudeMeters>37.7</AltitudeMeters><Extensions><TPX xmlns="http://www.garmin.com/xmlschemas/ActivityExtension/v2"><Speed>2.283</Speed></TPX></Extensions></Trackpoint><Trackpoint><Time>2026-03-05T10:30:19+00:00</Time><DistanceMeters>638.3</DistanceMeters><Position><LatitudeDegrees>50.864474</LatitudeDegrees><LongitudeDegrees>4.280144</LongitudeDegrees></Position><AltitudeMeters>37.7</AltitudeMeters><Extensions><TPX xmlns="http://www.garmin.com/xmlschemas/ActivityExtension/v2"><Speed>2.92</Speed></TPX></Extensions></Trackpoint><Trackpoint><Time>2026-03-05T10:30:21+00:00</Time><DistanceMeters>640.8</DistanceMeters><Position><LatitudeDegrees>50.864508</LatitudeDegrees><LongitudeDegrees>4.280139</LongitudeDegrees></Position><AltitudeMeters>37.7</AltitudeMeters><Extensions><TPX xmlns="http://www.garmin.com/xmlschemas/ActivityExtension/v2"><Speed>2.66</Speed></TPX></Extensions></Trackpoint><Trackpoint><Time>2026-03-05T10:30:22+00:00</Time><DistanceMeters>643.3</DistanceMeters><Position><LatitudeDegrees>50.864519</LatitudeDegrees><LongitudeDegrees>4.280139</LongitudeDegrees></Position><AltitudeMeters>37.7</AltitudeMeters><Extensions><TPX xmlns="http://www.garmin.com/xmlschemas/ActivityExtension/v2"><Speed>2.66</Speed></TPX></Extensions></Trackpoint><Trackpoint><Time>2026-03-05T10:30:23+00:00</Time><DistanceMeters>646.2</DistanceMeters><Position><LatitudeDegrees>50.864568</LatitudeDegrees><LongitudeDegrees>4.280161</LongitudeDegrees></Position><AltitudeMeters>37.7</AltitudeMeters><Extensions><TPX xmlns="http://www.garmin.com/xmlschemas/ActivityExtension/v2"><Speed>2.73</Speed></TPX></Extensions></Trackpoint><Trackpoint><Time>2026-03-05T10:30:24+00:00</Time><DistanceMeters>649.0</DistanceMeters><Position><LatitudeDegrees>50.864592</LatitudeDegrees><LongitudeDegrees>4.280174</LongitudeDegrees></Position><AltitudeMeters>37.7</AltitudeMeters><Extensions><TPX xmlns="http://www.garmin.com/xmlschemas/ActivityExtension/v2"><Speed>2.14</Speed></TPX></Extensions></Trackpoint><Trackpoint><Time>2026-03-05T10:30:26+00:00</Time><DistanceMeters>654.5</DistanceMeters><Position><LatitudeDegrees>50.864615</LatitudeDegrees><LongitudeDegrees>4.280187</LongitudeDegrees></Position><AltitudeMeters>37.7</AltitudeMeters><Extensions><TPX xmlns="http://www.garmin.com/xmlschemas/ActivityExtension/v2"><Speed>2.74</Speed></TPX></Extensions></Trackpoint><Trackpoint><Time>2026-03-05T10:30:27+00:00</Time><DistanceMeters>654.5</DistanceMeters><Position><LatitudeDegrees>50.864634</LatitudeDegrees><LongitudeDegrees>4.280196</LongitudeDegrees></Position><AltitudeMeters>37.6</AltitudeMeters><Extensions><TPX xmlns="http://www.garmin.com/xmlschemas/ActivityExtension/v2"><Speed>2.24</Speed></TPX></Extensions></Trackpoint><Trackpoint><Time>2026-03-05T10:30:28+00:00</Time><DistanceMeters>658.5</DistanceMeters><Position><LatitudeDegrees>50.86465</LatitudeDegrees><LongitudeDegrees>4.280196</LongitudeDegrees></Position><AltitudeMeters>37.6</AltitudeMeters><Extensions><TPX xmlns="http://www.garmin.com/xmlschemas/ActivityExtension/v2"><Speed>2.47</Speed></TPX></Extensions></Trackpoint><Trackpoint><Time>2026-03-05T10:30:29+00:00</Time><DistanceMeters>662.5</DistanceMeters><Position><LatitudeDegrees>50.864686</LatitudeDegrees><LongitudeDegrees>4.280195</LongitudeDegrees></Position><AltitudeMeters>37.6</AltitudeMeters><Extensions><TPX xmlns="http://www.garmin.com/xmlschemas/ActivityExtension/v2"><Speed>2.7</Speed></TPX></Extensions></Trackpoint><Trackpoint><Time>2026-03-05T10:30:31+00:00</Time><DistanceMeters>665.2</DistanceMeters><Position><LatitudeDegrees>50.864722</LatitudeDegrees><LongitudeDegrees>4.280208</LongitudeDegrees></Position><AltitudeMeters>37.6</AltitudeMeters><Extensions><TPX xmlns="http://www.garmin.com/xmlschemas/ActivityExtension/v2"><Speed>2.13</Speed></TPX></Extensions></Trackpoint><Trackpoint><Time>2026-03-05T10:30:32+00:00</Time><DistanceMeters>667.8</DistanceMeters><Position><LatitudeDegrees>50.864733</LatitudeDegrees><LongitudeDegrees>4.280214</LongitudeDegrees></Position><AltitudeMeters>37.6</AltitudeMeters><Extensions><TPX xmlns="http://www.garmin.com/xmlschemas/ActivityExtension/v2"><Speed>2.66</Speed></TPX></Extensions></Trackpoint><Trackpoint><Time>2026-03-05T10:30:33+00:00</Time><DistanceMeters>670.6</DistanceMeters><Position><LatitudeDegrees>50.86477</LatitudeDegrees><LongitudeDegrees>4.280221</LongitudeDegrees></Position><AltitudeMeters>37.5</AltitudeMeters><Extensions><TPX xmlns="http://www.garmin.com/xmlschemas/ActivityExtension/v2"><Speed>2.41</Speed></TPX></Extensions></Trackpoint><Trackpoint><Time>2026-03-05T10:30:34+00:00</Time><DistanceMeters>673.3</DistanceMeters><Position><LatitudeDegrees>50.864782</LatitudeDegrees><LongitudeDegrees>4.280224</LongitudeDegrees></Position><AltitudeMeters>37.5</AltitudeMeters><Extensions><TPX xmlns="http://www.garmin.com/xmlschemas/ActivityExtension/v2"><Speed>2.16</Speed></TPX></Extensions></Trackpoint><Trackpoint><Time>2026-03-05T10:30:35+00:00</Time><DistanceMeters>675.7</DistanceMeters><Position><LatitudeDegrees>50.864815</LatitudeDegrees><LongitudeDegrees>4.280228</LongitudeDegrees></Position><AltitudeMeters>37.4</AltitudeMeters><Extensions><TPX xmlns="http://www.garmin.com/xmlschemas/ActivityExtension/v2"><Speed>2.2</Speed></TPX></Extensions></Trackpoint><Trackpoint><Time>2026-03-05T10:30:36+00:00</Time><DistanceMeters>678.1</DistanceMeters><Position><LatitudeDegrees>50.864825</LatitudeDegrees><LongitudeDegrees>4.280229</LongitudeDegrees></Position><AltitudeMeters>37.4</AltitudeMeters><Extensions><TPX xmlns="http://www.garmin.com/xmlschemas/ActivityExtension/v2"><Speed>2.59</Speed></TPX></Extensions></Trackpoint><Trackpoint><Time>2026-03-05T10:30:37+00:00</Time><DistanceMeters>680.7</DistanceMeters><Position><LatitudeDegrees>50.864858</LatitudeDegrees><LongitudeDegrees>4.280215</LongitudeDegrees></Position><AltitudeMeters>37.3</AltitudeMeters><Extensions><TPX xmlns="http://www.garmin.com/xmlschemas/ActivityExtension/v2"><Speed>2.57</Speed></TPX></Extensions></Trackpoint><Trackpoint><Time>2026-03-05T10:30:38+00:00</Time><DistanceMeters>683.2</DistanceMeters><Position><LatitudeDegrees>50.864868</LatitudeDegrees><LongitudeDegrees>4.280206</LongitudeDegrees></Position><AltitudeMeters>37.2</AltitudeMeters><Extensions><TPX xmlns="http://www.garmin.com/xmlschemas/ActivityExtension/v2"><Speed>2.53</Speed></TPX></Extensions></Trackpoint><Trackpoint><Time>2026-03-05T10:30:39+00:00</Time><DistanceMeters>686.3</DistanceMeters><Position><LatitudeDegrees>50.864889</LatitudeDegrees><LongitudeDegrees>4.28015</LongitudeDegrees></Position><AltitudeMeters>37.1</AltitudeMeters><Extensions><TPX xmlns="http://www.garmin.com/xmlschemas/ActivityExtension/v2"><Speed>2.6</Speed></TPX></Extensions></Trackpoint><Trackpoint><Time>2026-03-05T10:30:40+00:00</Time><DistanceMeters>689.4</DistanceMeters><Position><LatitudeDegrees>50.864895</LatitudeDegrees><LongitudeDegrees>4.280129</LongitudeDegrees></Position><AltitudeMeters>37.0</AltitudeMeters><Extensions><TPX xmlns="http://www.garmin.com/xmlschemas/ActivityExtension/v2"><Speed>2.74</Speed></TPX></Extensions></Trackpoint><Trackpoint><Time>2026-03-05T10:30:41+00:00</Time><DistanceMeters>692.7</DistanceMeters><Position><LatitudeDegrees>50.864918</LatitudeDegrees><LongitudeDegrees>4.280052</LongitudeDegrees></Position><AltitudeMeters>36.8</AltitudeMeters><Extensions><TPX xmlns="http://www.garmin.com/xmlschemas/ActivityExtension/v2"><Speed>2.92</Speed></TPX></Extensions></Trackpoint><Trackpoint><Time>2026-03-05T10:30:43+00:00</Time><DistanceMeters>698.8</DistanceMeters><Position><LatitudeDegrees>50.864935</LatitudeDegrees><LongitudeDegrees>4.28001</LongitudeDegrees></Position><AltitudeMeters>36.7</AltitudeMeters><Extensions><TPX xmlns="http://www.garmin.com/xmlschemas/ActivityExtension/v2"><Speed>3.12</Speed></TPX></Extensions></Trackpoint><Trackpoint><Time>2026-03-05T10:30:44+00:00</Time><DistanceMeters>701.6</DistanceMeters><Position><LatitudeDegrees>50.86496</LatitudeDegrees><LongitudeDegrees>4.279967</LongitudeDegrees></Position><AltitudeMeters>36.6</AltitudeMeters><Extensions><TPX xmlns="http://www.garmin.com/xmlschemas/ActivityExtension/v2"><Speed>3.06</Speed></TPX></Extensions></Trackpoint><Trackpoint><Time>2026-03-05T10:30:45+00:00</Time><DistanceMeters>704.4</DistanceMeters><Position><LatitudeDegrees>50.864969</LatitudeDegrees><LongitudeDegrees>4.279951</LongitudeDegrees></Position><AltitudeMeters>36.6</AltitudeMeters><Extensions><TPX xmlns="http://www.garmin.com/xmlschemas/ActivityExtension/v2"><Speed>3.0</Speed></TPX></Extensions></Trackpoint><Trackpoint><Time>2026-03-05T10:30:46+00:00</Time><DistanceMeters>707.5</DistanceMeters><Position><LatitudeDegrees>50.864988</LatitudeDegrees><LongitudeDegrees>4.279919</LongitudeDegrees></Position><AltitudeMeters>36.5</AltitudeMeters><Extensions><TPX xmlns="http://www.garmin.com/xmlschemas/ActivityExtension/v2"><Speed>2.96</Speed></TPX></Extensions></Trackpoint><Trackpoint><Time>2026-03-05T10:30:47+00:00</Time><DistanceMeters>713.3</DistanceMeters><Position><LatitudeDegrees>50.865026</LatitudeDegrees><LongitudeDegrees>4.279863</LongitudeDegrees></Position><AltitudeMeters>36.4</AltitudeMeters><Extensions><TPX xmlns="http://www.garmin.com/xmlschemas/ActivityExtension/v2"><Speed>3.433</Speed></TPX></Extensions></Trackpoint><Trackpoint><Time>2026-03-05T10:30:49+00:00</Time><DistanceMeters>716.4</DistanceMeters><Position><LatitudeDegrees>50.865049</LatitudeDegrees><LongitudeDegrees>4.279838</LongitudeDegrees></Position><AltitudeMeters>36.4</AltitudeMeters><Extensions><TPX xmlns="http://www.garmin.com/xmlschemas/ActivityExtension/v2"><Speed>2.96</Speed></TPX></Extensions></Trackpoint><Trackpoint><Time>2026-03-05T10:30:50+00:00</Time><DistanceMeters>719.6</DistanceMeters><Position><LatitudeDegrees>50.865074</LatitudeDegrees><LongitudeDegrees>4.279816</LongitudeDegrees></Position><AltitudeMeters>36.4</AltitudeMeters><Extensions><TPX xmlns="http://www.garmin.com/xmlschemas/ActivityExtension/v2"><Speed>3.04</Speed></TPX></Extensions></Trackpoint><Trackpoint><Time>2026-03-05T10:30:51+00:00</Time><DistanceMeters>722.7</DistanceMeters><Position><LatitudeDegrees>50.865099</LatitudeDegrees><LongitudeDegrees>4.279796</LongitudeDegrees></Position><AltitudeMeters>36.4</AltitudeMeters><Extensions><TPX xmlns="http://www.garmin.com/xmlschemas/ActivityExtension/v2"><Speed>3.04</Speed></TPX></Extensions></Trackpoint><Trackpoint><Time>2026-03-05T10:30:52+00:00</Time><DistanceMeters>725.7</DistanceMeters><Position><LatitudeDegrees>50.865136</LatitudeDegrees><LongitudeDegrees>4.279773</LongitudeDegrees></Position><AltitudeMeters>36.4</AltitudeMeters><Extensions><TPX xmlns="http://www.garmin.com/xmlschemas/ActivityExtension/v2"><Speed>2.48</Speed></TPX></Extensions></Trackpoint><Trackpoint><Time>2026-03-05T10:30:53+00:00</Time><DistanceMeters>728.7</DistanceMeters><Position><LatitudeDegrees>50.865149</LatitudeDegrees><LongitudeDegrees>4.279765</LongitudeDegrees></Position><AltitudeMeters>36.4</AltitudeMeters><Extensions><TPX xmlns="http://www.garmin.com/xmlschemas/ActivityExtension/v2"><Speed>2.567</Speed></TPX></Extensions></Trackpoint><Trackpoint><Time>2026-03-05T10:30:54+00:00</Time><DistanceMeters>734.8</DistanceMeters><Position><LatitudeDegrees>50.865201</LatitudeDegrees><LongitudeDegrees>4.27974</LongitudeDegrees></Position><AltitudeMeters>36.3</AltitudeMeters><Extensions><TPX xmlns="http://www.garmin.com/xmlschemas/ActivityExtension/v2"><Speed>3.68</Speed></TPX></Extensions></Trackpoint><Trackpoint><Time>2026-03-05T10:30:55+00:00</Time><DistanceMeters>734.8</DistanceMeters><Position><LatitudeDegrees>50.86522</LatitudeDegrees><LongitudeDegrees>4.279731</LongitudeDegrees></Position><AltitudeMeters>36.3</AltitudeMeters><Extensions><TPX xmlns="http://www.garmin.com/xmlschemas/ActivityExtension/v2"><Speed>3.04</Speed></TPX></Extensions></Trackpoint><Trackpoint><Time>2026-03-05T10:30:57+00:00</Time><DistanceMeters>739.5</DistanceMeters><Position><LatitudeDegrees>50.865243</LatitudeDegrees><LongitudeDegrees>4.279723</LongitudeDegrees></Position><AltitudeMeters>36.3</AltitudeMeters><Extensions><TPX xmlns="http://www.garmin.com/xmlschemas/ActivityExtension/v2"><Speed>2.76</Speed></TPX></Extensions></Trackpoint><Trackpoint><Time>2026-03-05T10:30:58+00:00</Time><DistanceMeters>742.0</DistanceMeters><Position><LatitudeDegrees>50.865278</LatitudeDegrees><LongitudeDegrees>4.279717</LongitudeDegrees></Position><AltitudeMeters>36.3</AltitudeMeters><Extensions><TPX xmlns="http://www.garmin.com/xmlschemas/ActivityExtension/v2"><Speed>2.66</Speed></TPX></Extensions></Trackpoint><Trackpoint><Time>2026-03-05T10:30:59+00:00</Time><DistanceMeters>744.5</DistanceMeters><Position><LatitudeDegrees>50.865288</LatitudeDegrees><LongitudeDegrees>4.279715</LongitudeDegrees></Position><AltitudeMeters>36.3</AltitudeMeters><Extensions><TPX xmlns="http://www.garmin.com/xmlschemas/ActivityExtension/v2"><Speed>1.94</Speed></TPX></Extensions></Trackpoint><Trackpoint><Time>2026-03-05T10:31:00+00:00</Time><DistanceMeters>747.2</DistanceMeters><Position><LatitudeDegrees>50.865335</LatitudeDegrees><LongitudeDegrees>4.279716</LongitudeDegrees></Position><AltitudeMeters>36.3</AltitudeMeters><Extensions><TPX xmlns="http://www.garmin.com/xmlschemas/ActivityExtension/v2"><Speed>2.47</Speed></TPX></Extensions></Trackpoint><Trackpoint><Time>2026-03-05T10:31:01+00:00</Time><DistanceMeters>749.8</DistanceMeters><Position><LatitudeDegrees>50.865359</LatitudeDegrees><LongitudeDegrees>4.279717</LongitudeDegrees></Position><AltitudeMeters>36.2</AltitudeMeters><Extensions><TPX xmlns="http://www.garmin.com/xmlschemas/ActivityExtension/v2"><Speed>2.5</Speed></TPX></Extensions></Trackpoint><Trackpoint><Time>2026-03-05T10:31:03+00:00</Time><DistanceMeters>755.4</DistanceMeters><Position><LatitudeDegrees>50.865386</LatitudeDegrees><LongitudeDegrees>4.279718</LongitudeDegrees></Position><AltitudeMeters>36.2</AltitudeMeters><Extensions><TPX xmlns="http://www.garmin.com/xmlschemas/ActivityExtension/v2"><Speed>2.68</Speed></TPX></Extensions></Trackpoint><Trackpoint><Time>2026-03-05T10:31:04+00:00</Time><DistanceMeters>758.3</DistanceMeters><Position><LatitudeDegrees>50.865424</LatitudeDegrees><LongitudeDegrees>4.279725</LongitudeDegrees></Position><AltitudeMeters>36.2</AltitudeMeters><Extensions><TPX xmlns="http://www.garmin.com/xmlschemas/ActivityExtension/v2"><Speed>2.75</Speed></TPX></Extensions></Trackpoint><Trackpoint><Time>2026-03-05T10:31:05+00:00</Time><DistanceMeters>761.1</DistanceMeters><Position><LatitudeDegrees>50.865436</LatitudeDegrees><LongitudeDegrees>4.279727</LongitudeDegrees></Position><AltitudeMeters>36.2</AltitudeMeters><Extensions><TPX xmlns="http://www.garmin.com/xmlschemas/ActivityExtension/v2"><Speed>2.79</Speed></TPX></Extensions></Trackpoint><Trackpoint><Time>2026-03-05T10:31:06+00:00</Time><DistanceMeters>763.7</DistanceMeters><Position><LatitudeDegrees>50.865483</LatitudeDegrees><LongitudeDegrees>4.279733</LongitudeDegrees></Position><AltitudeMeters>36.2</AltitudeMeters><Extensions><TPX xmlns="http://www.garmin.com/xmlschemas/ActivityExtension/v2"><Speed>2.78</Speed></TPX></Extensions></Trackpoint><Trackpoint><Time>2026-03-05T10:31:07+00:00</Time><DistanceMeters>766.3</DistanceMeters><Position><LatitudeDegrees>50.865506</LatitudeDegrees><LongitudeDegrees>4.279736</LongitudeDegrees></Position><AltitudeMeters>36.2</AltitudeMeters><Extensions><TPX xmlns="http://www.garmin.com/xmlschemas/ActivityExtension/v2"><Speed>2.75</Speed></TPX></Extensions></Trackpoint><Trackpoint><Time>2026-03-05T10:31:08+00:00</Time><DistanceMeters>771.6</DistanceMeters><Position><LatitudeDegrees>50.865531</LatitudeDegrees><LongitudeDegrees>4.279737</LongitudeDegrees></Position><AltitudeMeters>36.2</AltitudeMeters><Extensions><TPX xmlns="http://www.garmin.com/xmlschemas/ActivityExtension/v2"><Speed>3.24</Speed></TPX></Extensions></Trackpoint><Trackpoint><Time>2026-03-05T10:31:10+00:00</Time><DistanceMeters>774.4</DistanceMeters><Position><LatitudeDegrees>50.865568</LatitudeDegrees><LongitudeDegrees>4.279733</LongitudeDegrees></Position><AltitudeMeters>36.2</AltitudeMeters><Extensions><TPX xmlns="http://www.garmin.com/xmlschemas/ActivityExtension/v2"><Speed>2.66</Speed></TPX></Extensions></Trackpoint><Trackpoint><Time>2026-03-05T10:31:11+00:00</Time><DistanceMeters>777.2</DistanceMeters><Position><LatitudeDegrees>50.86558</LatitudeDegrees><LongitudeDegrees>4.27973</LongitudeDegrees></Position><AltitudeMeters>36.2</AltitudeMeters><Extensions><TPX xmlns="http://www.garmin.com/xmlschemas/ActivityExtension/v2"><Speed>2.7</Speed></TPX></Extensions></Trackpoint><Trackpoint><Time>2026-03-05T10:31:12+00:00</Time><DistanceMeters>779.7</DistanceMeters><Position><LatitudeDegrees>50.865626</LatitudeDegrees><LongitudeDegrees>4.279725</LongitudeDegrees></Position><AltitudeMeters>36.1</AltitudeMeters><Extensions><TPX xmlns="http://www.garmin.com/xmlschemas/ActivityExtension/v2"><Speed>2.68</Speed></TPX></Extensions></Trackpoint><Trackpoint><Time>2026-03-05T10:31:13+00:00</Time><DistanceMeters>782.2</DistanceMeters><Position><LatitudeDegrees>50.865648</LatitudeDegrees><LongitudeDegrees>4.279724</LongitudeDegrees></Position><AltitudeMeters>36.1</AltitudeMeters><Extensions><TPX xmlns="http://www.garmin.com/xmlschemas/ActivityExtension/v2"><Speed>2.12</Speed></TPX></Extensions></Trackpoint><Trackpoint><Time>2026-03-05T10:31:15+00:00</Time><DistanceMeters>787.3</DistanceMeters><Position><LatitudeDegrees>50.865672</LatitudeDegrees><LongitudeDegrees>4.279727</LongitudeDegrees></Position><AltitudeMeters>36.2</AltitudeMeters><Extensions><TPX xmlns="http://www.garmin.com/xmlschemas/ActivityExtension/v2"><Speed>2.58</Speed></TPX></Extensions></Trackpoint><Trackpoint><Time>2026-03-05T10:31:16+00:00</Time><DistanceMeters>789.5</DistanceMeters><Position><LatitudeDegrees>50.865701</LatitudeDegrees><LongitudeDegrees>4.279733</LongitudeDegrees></Position><AltitudeMeters>36.2</AltitudeMeters><Extensions><TPX xmlns="http://www.garmin.com/xmlschemas/ActivityExtension/v2"><Speed>2.46</Speed></TPX></Extensions></Trackpoint><Trackpoint><Time>2026-03-05T10:31:17+00:00</Time><DistanceMeters>791.7</DistanceMeters><Position><LatitudeDegrees>50.86571</LatitudeDegrees><LongitudeDegrees>4.279736</LongitudeDegrees></Position><AltitudeMeters>36.2</AltitudeMeters><Extensions><TPX xmlns="http://www.garmin.com/xmlschemas/ActivityExtension/v2"><Speed>2.4</Speed></TPX></Extensions></Trackpoint><Trackpoint><Time>2026-03-05T10:31:18+00:00</Time><DistanceMeters>793.9</DistanceMeters><Position><LatitudeDegrees>50.865739</LatitudeDegrees><LongitudeDegrees>4.27974</LongitudeDegrees></Position><AltitudeMeters>36.2</AltitudeMeters><Extensions><TPX xmlns="http://www.garmin.com/xmlschemas/ActivityExtension/v2"><Speed>2.33</Speed></TPX></Extensions></Trackpoint><Trackpoint><Time>2026-03-05T10:31:19+00:00</Time><DistanceMeters>796.0</DistanceMeters><Position><LatitudeDegrees>50.865749</LatitudeDegrees><LongitudeDegrees>4.279742</LongitudeDegrees></Position><AltitudeMeters>36.2</AltitudeMeters><Extensions><TPX xmlns="http://www.garmin.com/xmlschemas/ActivityExtension/v2"><Speed>2.3</Speed></TPX></Extensions></Trackpoint><Trackpoint><Time>2026-03-05T10:31:20+00:00</Time><DistanceMeters>798.2</DistanceMeters><Position><LatitudeDegrees>50.865779</LatitudeDegrees><LongitudeDegrees>4.279747</LongitudeDegrees></Position><AltitudeMeters>36.2</AltitudeMeters><Extensions><TPX xmlns="http://www.garmin.com/xmlschemas/ActivityExtension/v2"><Speed>2.18</Speed></TPX></Extensions></Trackpoint><Trackpoint><Time>2026-03-05T10:31:21+00:00</Time><DistanceMeters>800.4</DistanceMeters><Position><LatitudeDegrees>50.865788</LatitudeDegrees><LongitudeDegrees>4.279748</LongitudeDegrees></Position><AltitudeMeters>36.2</AltitudeMeters><Extensions><TPX xmlns="http://www.garmin.com/xmlschemas/ActivityExtension/v2"><Speed>2.18</Speed></TPX></Extensions></Trackpoint><Trackpoint><Time>2026-03-05T10:31:22+00:00</Time><DistanceMeters>802.7</DistanceMeters><Position><LatitudeDegrees>50.865818</LatitudeDegrees><LongitudeDegrees>4.279756</LongitudeDegrees></Position><AltitudeMeters>36.2</AltitudeMeters><Extensions><TPX xmlns="http://www.garmin.com/xmlschemas/ActivityExtension/v2"><Speed>2.19</Speed></TPX></Extensions></Trackpoint><Trackpoint><Time>2026-03-05T10:31:23+00:00</Time><DistanceMeters>804.9</DistanceMeters><Position><LatitudeDegrees>50.865828</LatitudeDegrees><LongitudeDegrees>4.279761</LongitudeDegrees></Position><AltitudeMeters>36.2</AltitudeMeters><Extensions><TPX xmlns="http://www.garmin.com/xmlschemas/ActivityExtension/v2"><Speed>2.21</Speed></TPX></Extensions></Trackpoint><Trackpoint><Time>2026-03-05T10:31:24+00:00</Time><DistanceMeters>807.2</DistanceMeters><Position><LatitudeDegrees>50.865859</LatitudeDegrees><LongitudeDegrees>4.279775</LongitudeDegrees></Position><AltitudeMeters>36.2</AltitudeMeters><Extensions><TPX xmlns="http://www.garmin.com/xmlschemas/ActivityExtension/v2"><Speed>2.24</Speed></TPX></Extensions></Trackpoint><Trackpoint><Time>2026-03-05T10:31:25+00:00</Time><DistanceMeters>809.5</DistanceMeters><Position><LatitudeDegrees>50.865868</LatitudeDegrees><LongitudeDegrees>4.279781</LongitudeDegrees></Position><AltitudeMeters>36.2</AltitudeMeters><Extensions><TPX xmlns="http://www.garmin.com/xmlschemas/ActivityExtension/v2"><Speed>2.26</Speed></TPX></Extensions></Trackpoint><Trackpoint><Time>2026-03-05T10:31:26+00:00</Time><DistanceMeters>814.3</DistanceMeters><Position><LatitudeDegrees>50.865909</LatitudeDegrees><LongitudeDegrees>4.279802</LongitudeDegrees></Position><AltitudeMeters>36.2</AltitudeMeters><Extensions><TPX xmlns="http://www.garmin.com/xmlschemas/ActivityExtension/v2"><Speed>2.78</Speed></TPX></Extensions></Trackpoint><Trackpoint><Time>2026-03-05T10:31:28+00:00</Time><DistanceMeters>816.6</DistanceMeters><Position><LatitudeDegrees>50.865937</LatitudeDegrees><LongitudeDegrees>4.279824</LongitudeDegrees></Position><AltitudeMeters>36.2</AltitudeMeters><Extensions><TPX xmlns="http://www.garmin.com/xmlschemas/ActivityExtension/v2"><Speed>2.34</Speed></TPX></Extensions></Trackpoint><Trackpoint><Time>2026-03-05T10:31:29+00:00</Time><DistanceMeters>818.9</DistanceMeters><Position><LatitudeDegrees>50.865945</LatitudeDegrees><LongitudeDegrees>4.279833</LongitudeDegrees></Position><AltitudeMeters>36.2</AltitudeMeters><Extensions><TPX xmlns="http://www.garmin.com/xmlschemas/ActivityExtension/v2"><Speed>2.34</Speed></TPX></Extensions></Trackpoint><Trackpoint><Time>2026-03-05T10:31:30+00:00</Time><DistanceMeters>822.9</DistanceMeters><Position><LatitudeDegrees>50.865966</LatitudeDegrees><LongitudeDegrees>4.279878</LongitudeDegrees></Position><AltitudeMeters>36.2</AltitudeMeters><Extensions><TPX xmlns="http://www.garmin.com/xmlschemas/ActivityExtension/v2"><Speed>2.68</Speed></TPX></Extensions></Trackpoint><Trackpoint><Time>2026-03-05T10:31:31+00:00</Time><DistanceMeters>827.6</DistanceMeters><Position><LatitudeDegrees>50.866001</LatitudeDegrees><LongitudeDegrees>4.279917</LongitudeDegrees></Position><AltitudeMeters>36.3</AltitudeMeters><Extensions><TPX xmlns="http://www.garmin.com/xmlschemas/ActivityExtension/v2"><Speed>2.66</Speed></TPX></Extensions></Trackpoint><Trackpoint><Time>2026-03-05T10:31:33+00:00</Time><DistanceMeters>830.4</DistanceMeters><Position><LatitudeDegrees>50.866032</LatitudeDegrees><LongitudeDegrees>4.27995</LongitudeDegrees></Position><AltitudeMeters>36.3</AltitudeMeters><Extensions><TPX xmlns="http://www.garmin.com/xmlschemas/ActivityExtension/v2"><Speed>2.75</Speed></TPX></Extensions></Trackpoint><Trackpoint><Time>2026-03-05T10:31:34+00:00</Time><DistanceMeters>833.1</DistanceMeters><Position><LatitudeDegrees>50.866042</LatitudeDegrees><LongitudeDegrees>4.279961</LongitudeDegrees></Position><AltitudeMeters>36.3</AltitudeMeters><Extensions><TPX xmlns="http://www.garmin.com/xmlschemas/ActivityExtension/v2"><Speed>2.84</Speed></TPX></Extensions></Trackpoint><Trackpoint><Time>2026-03-05T10:31:35+00:00</Time><DistanceMeters>835.7</DistanceMeters><Position><LatitudeDegrees>50.866082</LatitudeDegrees><LongitudeDegrees>4.279995</LongitudeDegrees></Position><AltitudeMeters>36.3</AltitudeMeters><Extensions><TPX xmlns="http://www.garmin.com/xmlschemas/ActivityExtension/v2"><Speed>2.55</Speed></TPX></Extensions></Trackpoint><Trackpoint><Time>2026-03-05T10:31:36+00:00</Time><DistanceMeters>838.2</DistanceMeters><Position><LatitudeDegrees>50.866103</LatitudeDegrees><LongitudeDegrees>4.280012</LongitudeDegrees></Position><AltitudeMeters>36.4</AltitudeMeters><Extensions><TPX xmlns="http://www.garmin.com/xmlschemas/ActivityExtension/v2"><Speed>2.12</Speed></TPX></Extensions></Trackpoint><Trackpoint><Time>2026-03-05T10:31:38+00:00</Time><DistanceMeters>843.5</DistanceMeters><Position><LatitudeDegrees>50.866125</LatitudeDegrees><LongitudeDegrees>4.28003</LongitudeDegrees></Position><AltitudeMeters>36.4</AltitudeMeters><Extensions><TPX xmlns="http://www.garmin.com/xmlschemas/ActivityExtension/v2"><Speed>2.63</Speed></TPX></Extensions></Trackpoint><Trackpoint><Time>2026-03-05T10:31:39+00:00</Time><DistanceMeters>843.5</DistanceMeters><Position><LatitudeDegrees>50.86614</LatitudeDegrees><LongitudeDegrees>4.280045</LongitudeDegrees></Position><AltitudeMeters>36.4</AltitudeMeters><Extensions><TPX xmlns="http://www.garmin.com/xmlschemas/ActivityExtension/v2"><Speed>2.08</Speed></TPX></Extensions></Trackpoint><Trackpoint><Time>2026-03-05T10:31:40+00:00</Time><DistanceMeters>847.0</DistanceMeters><Position><LatitudeDegrees>50.866151</LatitudeDegrees><LongitudeDegrees>4.280057</LongitudeDegrees></Position><AltitudeMeters>36.5</AltitudeMeters><Extensions><TPX xmlns="http://www.garmin.com/xmlschemas/ActivityExtension/v2"><Speed>2.27</Speed></TPX></Extensions></Trackpoint><Trackpoint><Time>2026-03-05T10:31:41+00:00</Time><DistanceMeters>847.0</DistanceMeters><Position><LatitudeDegrees>50.866164</LatitudeDegrees><LongitudeDegrees>4.280068</LongitudeDegrees></Position><AltitudeMeters>36.5</AltitudeMeters><Extensions><TPX xmlns="http://www.garmin.com/xmlschemas/ActivityExtension/v2"><Speed>1.76</Speed></TPX></Extensions></Trackpoint><Trackpoint><Time>2026-03-05T10:31:42+00:00</Time><DistanceMeters>851.0</DistanceMeters><Position><LatitudeDegrees>50.866197</LatitudeDegrees><LongitudeDegrees>4.280094</LongitudeDegrees></Position><AltitudeMeters>36.5</AltitudeMeters><Extensions><TPX xmlns="http://www.garmin.com/xmlschemas/ActivityExtension/v2"><Speed>2.133</Speed></TPX></Extensions></Trackpoint><Trackpoint><Time>2026-03-05T10:31:44+00:00</Time><DistanceMeters>855.1</DistanceMeters><Position><LatitudeDegrees>50.866216</LatitudeDegrees><LongitudeDegrees>4.280107</LongitudeDegrees></Position><AltitudeMeters>36.5</AltitudeMeters><Extensions><TPX xmlns="http://www.garmin.com/xmlschemas/ActivityExtension/v2"><Speed>2.32</Speed></TPX></Extensions></Trackpoint><Trackpoint><Time>2026-03-05T10:31:45+00:00</Time><DistanceMeters>857.3</DistanceMeters><Position><LatitudeDegrees>50.866252</LatitudeDegrees><LongitudeDegrees>4.28013</LongitudeDegrees></Position><AltitudeMeters>36.6</AltitudeMeters><Extensions><TPX xmlns="http://www.garmin.com/xmlschemas/ActivityExtension/v2"><Speed>2.05</Speed></TPX></Extensions></Trackpoint><Trackpoint><Time>2026-03-05T10:31:46+00:00</Time><DistanceMeters>859.4</DistanceMeters><Position><LatitudeDegrees>50.866271</LatitudeDegrees><LongitudeDegrees>4.28014</LongitudeDegrees></Position><AltitudeMeters>36.6</AltitudeMeters><Extensions><TPX xmlns="http://www.garmin.com/xmlschemas/ActivityExtension/v2"><Speed>2.48</Speed></TPX></Extensions></Trackpoint><Trackpoint><Time>2026-03-05T10:31:47+00:00</Time><DistanceMeters>864.0</DistanceMeters><Position><LatitudeDegrees>50.866292</LatitudeDegrees><LongitudeDegrees>4.28015</LongitudeDegrees></Position><AltitudeMeters>36.6</AltitudeMeters><Extensions><TPX xmlns="http://www.garmin.com/xmlschemas/ActivityExtension/v2"><Speed>2.6</Speed></TPX></Extensions></Trackpoint><Trackpoint><Time>2026-03-05T10:31:49+00:00</Time><DistanceMeters>866.3</DistanceMeters><Position><LatitudeDegrees>50.86632</LatitudeDegrees><LongitudeDegrees>4.280173</LongitudeDegrees></Position><AltitudeMeters>36.6</AltitudeMeters><Extensions><TPX xmlns="http://www.garmin.com/xmlschemas/ActivityExtension/v2"><Speed>2.24</Speed></TPX></Extensions></Trackpoint><Trackpoint><Time>2026-03-05T10:31:50+00:00</Time><DistanceMeters>868.6</DistanceMeters><Position><LatitudeDegrees>50.866329</LatitudeDegrees><LongitudeDegrees>4.28018</LongitudeDegrees></Position><AltitudeMeters>36.6</AltitudeMeters><Extensions><TPX xmlns="http://www.garmin.com/xmlschemas/ActivityExtension/v2"><Speed>2.27</Speed></TPX></Extensions></Trackpoint><Trackpoint><Time>2026-03-05T10:31:51+00:00</Time><DistanceMeters>873.3</DistanceMeters><Position><LatitudeDegrees>50.866368</LatitudeDegrees><LongitudeDegrees>4.280204</LongitudeDegrees></Position><AltitudeMeters>36.7</AltitudeMeters><Extensions><TPX xmlns="http://www.garmin.com/xmlschemas/ActivityExtension/v2"><Speed>2.78</Speed></TPX></Extensions></Trackpoint><Trackpoint><Time>2026-03-05T10:31:53+00:00</Time><DistanceMeters>875.9</DistanceMeters><Position><LatitudeDegrees>50.866397</LatitudeDegrees><LongitudeDegrees>4.280238</LongitudeDegrees></Position><AltitudeMeters>36.7</AltitudeMeters><Extensions><TPX xmlns="http://www.garmin.com/xmlschemas/ActivityExtension/v2"><Speed>1.983</Speed></TPX></Extensions></Trackpoint><Trackpoint><Time>2026-03-05T10:31:54+00:00</Time><DistanceMeters>878.5</DistanceMeters><Position><LatitudeDegrees>50.866405</LatitudeDegrees><LongitudeDegrees>4.28025</LongitudeDegrees></Position><AltitudeMeters>36.7</AltitudeMeters><Extensions><TPX xmlns="http://www.garmin.com/xmlschemas/ActivityExtension/v2"><Speed>2.44</Speed></TPX></Extensions></Trackpoint><Trackpoint><Time>2026-03-05T10:31:55+00:00</Time><DistanceMeters>881.1</DistanceMeters><Position><LatitudeDegrees>50.86644</LatitudeDegrees><LongitudeDegrees>4.280294</LongitudeDegrees></Position><AltitudeMeters>36.7</AltitudeMeters><Extensions><TPX xmlns="http://www.garmin.com/xmlschemas/ActivityExtension/v2"><Speed>2.49</Speed></TPX></Extensions></Trackpoint><Trackpoint><Time>2026-03-05T10:31:56+00:00</Time><DistanceMeters>883.6</DistanceMeters><Position><LatitudeDegrees>50.866457</LatitudeDegrees><LongitudeDegrees>4.280317</LongitudeDegrees></Position><AltitudeMeters>36.7</AltitudeMeters><Extensions><TPX xmlns="http://www.garmin.com/xmlschemas/ActivityExtension/v2"><Speed>2.06</Speed></TPX></Extensions></Trackpoint><Trackpoint><Time>2026-03-05T10:31:57+00:00</Time><DistanceMeters>888.3</DistanceMeters><Position><LatitudeDegrees>50.866473</LatitudeDegrees><LongitudeDegrees>4.280339</LongitudeDegrees></Position><AltitudeMeters>36.7</AltitudeMeters><Extensions><TPX xmlns="http://www.garmin.com/xmlschemas/ActivityExtension/v2"><Speed>2.5</Speed></TPX></Extensions></Trackpoint><Trackpoint><Time>2026-03-05T10:31:59+00:00</Time><DistanceMeters>890.9</DistanceMeters><Position><LatitudeDegrees>50.866497</LatitudeDegrees><LongitudeDegrees>4.28038</LongitudeDegrees></Position><AltitudeMeters>36.7</AltitudeMeters><Extensions><TPX xmlns="http://www.garmin.com/xmlschemas/ActivityExtension/v2"><Speed>2.48</Speed></TPX></Extensions></Trackpoint><Trackpoint><Time>2026-03-05T10:32:00+00:00</Time><DistanceMeters>893.5</DistanceMeters><Position><LatitudeDegrees>50.866504</LatitudeDegrees><LongitudeDegrees>4.280393</LongitudeDegrees></Position><AltitudeMeters>36.7</AltitudeMeters><Extensions><TPX xmlns="http://www.garmin.com/xmlschemas/ActivityExtension/v2"><Speed>2.49</Speed></TPX></Extensions></Trackpoint><Trackpoint><Time>2026-03-05T10:32:01+00:00</Time><DistanceMeters>896.2</DistanceMeters><Position><LatitudeDegrees>50.866527</LatitudeDegrees><LongitudeDegrees>4.280438</LongitudeDegrees></Position><AltitudeMeters>36.7</AltitudeMeters><Extensions><TPX xmlns="http://www.garmin.com/xmlschemas/ActivityExtension/v2"><Speed>2.52</Speed></TPX></Extensions></Trackpoint><Trackpoint><Time>2026-03-05T10:32:02+00:00</Time><DistanceMeters>898.9</DistanceMeters><Position><LatitudeDegrees>50.866534</LatitudeDegrees><LongitudeDegrees>4.280454</LongitudeDegrees></Position><AltitudeMeters>36.7</AltitudeMeters><Extensions><TPX xmlns="http://www.garmin.com/xmlschemas/ActivityExtension/v2"><Speed>2.12</Speed></TPX></Extensions></Trackpoint><Trackpoint><Time>2026-03-05T10:32:03+00:00</Time><DistanceMeters>901.5</DistanceMeters><Position><LatitudeDegrees>50.866553</LatitudeDegrees><LongitudeDegrees>4.280501</LongitudeDegrees></Position><AltitudeMeters>36.8</AltitudeMeters><Extensions><TPX xmlns="http://www.garmin.com/xmlschemas/ActivityExtension/v2"><Speed>2.2</Speed></TPX></Extensions></Trackpoint><Trackpoint><Time>2026-03-05T10:32:04+00:00</Time><DistanceMeters>904.1</DistanceMeters><Position><LatitudeDegrees>50.866559</LatitudeDegrees><LongitudeDegrees>4.280516</LongitudeDegrees></Position><AltitudeMeters>36.8</AltitudeMeters><Extensions><TPX xmlns="http://www.garmin.com/xmlschemas/ActivityExtension/v2"><Speed>2.64</Speed></TPX></Extensions></Trackpoint><Trackpoint><Time>2026-03-05T10:32:05+00:00</Time><DistanceMeters>906.4</DistanceMeters><Position><LatitudeDegrees>50.866577</LatitudeDegrees><LongitudeDegrees>4.280559</LongitudeDegrees></Position><AltitudeMeters>36.8</AltitudeMeters><Extensions><TPX xmlns="http://www.garmin.com/xmlschemas/ActivityExtension/v2"><Speed>2.58</Speed></TPX></Extensions></Trackpoint><Trackpoint><Time>2026-03-05T10:32:06+00:00</Time><DistanceMeters>908.7</DistanceMeters><Position><LatitudeDegrees>50.866582</LatitudeDegrees><LongitudeDegrees>4.280572</LongitudeDegrees></Position><AltitudeMeters>36.8</AltitudeMeters><Extensions><TPX xmlns="http://www.garmin.com/xmlschemas/ActivityExtension/v2"><Speed>2.5</Speed></TPX></Extensions></Trackpoint><Trackpoint><Time>2026-03-05T10:32:07+00:00</Time><DistanceMeters>911.1</DistanceMeters><Position><LatitudeDegrees>50.866598</LatitudeDegrees><LongitudeDegrees>4.280632</LongitudeDegrees></Position><AltitudeMeters>36.8</AltitudeMeters><Extensions><TPX xmlns="http://www.garmin.com/xmlschemas/ActivityExtension/v2"><Speed>2.44</Speed></TPX></Extensions></Trackpoint><Trackpoint><Time>2026-03-05T10:32:08+00:00</Time><DistanceMeters>913.5</DistanceMeters><Position><LatitudeDegrees>50.866604</LatitudeDegrees><LongitudeDegrees>4.280663</LongitudeDegrees></Position><AltitudeMeters>36.8</AltitudeMeters><Extensions><TPX xmlns="http://www.garmin.com/xmlschemas/ActivityExtension/v2"><Speed>2.4</Speed></TPX></Extensions></Trackpoint><Trackpoint><Time>2026-03-05T10:32:09+00:00</Time><DistanceMeters>918.2</DistanceMeters><Position><LatitudeDegrees>50.866608</LatitudeDegrees><LongitudeDegrees>4.280699</LongitudeDegrees></Position><AltitudeMeters>36.9</AltitudeMeters><Extensions><TPX xmlns="http://www.garmin.com/xmlschemas/ActivityExtension/v2"><Speed>2.82</Speed></TPX></Extensions></Trackpoint><Trackpoint><Time>2026-03-05T10:32:11+00:00</Time><DistanceMeters>920.9</DistanceMeters><Position><LatitudeDegrees>50.866614</LatitudeDegrees><LongitudeDegrees>4.280755</LongitudeDegrees></Position><AltitudeMeters>36.9</AltitudeMeters><Extensions><TPX xmlns="http://www.garmin.com/xmlschemas/ActivityExtension/v2"><Speed>2.43</Speed></TPX></Extensions></Trackpoint><Trackpoint><Time>2026-03-05T10:32:12+00:00</Time><DistanceMeters>923.5</DistanceMeters><Position><LatitudeDegrees>50.866616</LatitudeDegrees><LongitudeDegrees>4.280775</LongitudeDegrees></Position><AltitudeMeters>36.9</AltitudeMeters><Extensions><TPX xmlns="http://www.garmin.com/xmlschemas/ActivityExtension/v2"><Speed>2.48</Speed></TPX></Extensions></Trackpoint><Trackpoint><Time>2026-03-05T10:32:13+00:00</Time><DistanceMeters>928.4</DistanceMeters><Position><LatitudeDegrees>50.866613</LatitudeDegrees><LongitudeDegrees>4.280844</LongitudeDegrees></Position><AltitudeMeters>36.9</AltitudeMeters><Extensions><TPX xmlns="http://www.garmin.com/xmlschemas/ActivityExtension/v2"><Speed>2.98</Speed></TPX></Extensions></Trackpoint><Trackpoint><Time>2026-03-05T10:32:14+00:00</Time><DistanceMeters>931.2</DistanceMeters><Position><LatitudeDegrees>50.866626</LatitudeDegrees><LongitudeDegrees>4.280898</LongitudeDegrees></Position><AltitudeMeters>36.9</AltitudeMeters><Extensions><TPX xmlns="http://www.garmin.com/xmlschemas/ActivityExtension/v2"><Speed>2.59</Speed></TPX></Extensions></Trackpoint><Trackpoint><Time>2026-03-05T10:32:15+00:00</Time><DistanceMeters>933.9</DistanceMeters><Position><LatitudeDegrees>50.866632</LatitudeDegrees><LongitudeDegrees>4.280916</LongitudeDegrees></Position><AltitudeMeters>36.9</AltitudeMeters><Extensions><TPX xmlns="http://www.garmin.com/xmlschemas/ActivityExtension/v2"><Speed>2.617</Speed></TPX></Extensions></Trackpoint><Trackpoint><Time>2026-03-05T10:32:16+00:00</Time><DistanceMeters>936.8</DistanceMeters><Position><LatitudeDegrees>50.866657</LatitudeDegrees><LongitudeDegrees>4.280964</LongitudeDegrees></Position><AltitudeMeters>36.9</AltitudeMeters><Extensions><TPX xmlns="http://www.garmin.com/xmlschemas/ActivityExtension/v2"><Speed>3.19</Speed></TPX></Extensions></Trackpoint><Trackpoint><Time>2026-03-05T10:32:17+00:00</Time><DistanceMeters>939.7</DistanceMeters><Position><LatitudeDegrees>50.866666</LatitudeDegrees><LongitudeDegrees>4.280979</LongitudeDegrees></Position><AltitudeMeters>36.9</AltitudeMeters><Extensions><TPX xmlns="http://www.garmin.com/xmlschemas/ActivityExtension/v2"><Speed>3.24</Speed></TPX></Extensions></Trackpoint><Trackpoint><Time>2026-03-05T10:32:18+00:00</Time><DistanceMeters>942.5</DistanceMeters><Position><LatitudeDegrees>50.866694</LatitudeDegrees><LongitudeDegrees>4.281019</LongitudeDegrees></Position><AltitudeMeters>36.9</AltitudeMeters><Extensions><TPX xmlns="http://www.garmin.com/xmlschemas/ActivityExtension/v2"><Speed>2.82</Speed></TPX></Extensions></Trackpoint><Trackpoint><Time>2026-03-05T10:32:19+00:00</Time><DistanceMeters>945.3</DistanceMeters><Position><LatitudeDegrees>50.866704</LatitudeDegrees><LongitudeDegrees>4.281032</LongitudeDegrees></Position><AltitudeMeters>36.9</AltitudeMeters><Extensions><TPX xmlns="http://www.garmin.com/xmlschemas/ActivityExtension/v2"><Speed>2.83</Speed></TPX></Extensions></Trackpoint><Trackpoint><Time>2026-03-05T10:32:20+00:00</Time><DistanceMeters>950.8</DistanceMeters><Position><LatitudeDegrees>50.866742</LatitudeDegrees><LongitudeDegrees>4.281081</LongitudeDegrees></Position><AltitudeMeters>36.9</AltitudeMeters><Extensions><TPX xmlns="http://www.garmin.com/xmlschemas/ActivityExtension/v2"><Speed>3.38</Speed></TPX></Extensions></Trackpoint><Trackpoint><Time>2026-03-05T10:32:22+00:00</Time><DistanceMeters>953.8</DistanceMeters><Position><LatitudeDegrees>50.866762</LatitudeDegrees><LongitudeDegrees>4.281109</LongitudeDegrees></Position><AltitudeMeters>36.9</AltitudeMeters><Extensions><TPX xmlns="http://www.garmin.com/xmlschemas/ActivityExtension/v2"><Speed>2.82</Speed></TPX></Extensions></Trackpoint><Trackpoint><Time>2026-03-05T10:32:23+00:00</Time><DistanceMeters>956.9</DistanceMeters><Position><LatitudeDegrees>50.866781</LatitudeDegrees><LongitudeDegrees>4.281141</LongitudeDegrees></Position><AltitudeMeters>36.9</AltitudeMeters><Extensions><TPX xmlns="http://www.garmin.com/xmlschemas/ActivityExtension/v2"><Speed>2.88</Speed></TPX></Extensions></Trackpoint><Trackpoint><Time>2026-03-05T10:32:24+00:00</Time><DistanceMeters>960.0</DistanceMeters><Position><LatitudeDegrees>50.8668</LatitudeDegrees><LongitudeDegrees>4.281174</LongitudeDegrees></Position><AltitudeMeters>36.9</AltitudeMeters><Extensions><TPX xmlns="http://www.garmin.com/xmlschemas/ActivityExtension/v2"><Speed>2.94</Speed></TPX></Extensions></Trackpoint><Trackpoint><Time>2026-03-05T10:32:25+00:00</Time><DistanceMeters>962.8</DistanceMeters><Position><LatitudeDegrees>50.866832</LatitudeDegrees><LongitudeDegrees>4.281234</LongitudeDegrees></Position><AltitudeMeters>36.9</AltitudeMeters><Extensions><TPX xmlns="http://www.garmin.com/xmlschemas/ActivityExtension/v2"><Speed>2.4</Speed></TPX></Extensions></Trackpoint><Trackpoint><Time>2026-03-05T10:32:26+00:00</Time><DistanceMeters>965.6</DistanceMeters><Position><LatitudeDegrees>50.866846</LatitudeDegrees><LongitudeDegrees>4.281262</LongitudeDegrees></Position><AltitudeMeters>36.9</AltitudeMeters><Extensions><TPX xmlns="http://www.garmin.com/xmlschemas/ActivityExtension/v2"><Speed>2.467</Speed></TPX></Extensions></Trackpoint><Trackpoint><Time>2026-03-05T10:32:28+00:00</Time><DistanceMeters>970.9</DistanceMeters><Position><LatitudeDegrees>50.866862</LatitudeDegrees><LongitudeDegrees>4.281295</LongitudeDegrees></Position><AltitudeMeters>36.9</AltitudeMeters><Extensions><TPX xmlns="http://www.garmin.com/xmlschemas/ActivityExtension/v2"><Speed>2.8</Speed></TPX></Extensions></Trackpoint><Trackpoint><Time>2026-03-05T10:32:29+00:00</Time><DistanceMeters>973.6</DistanceMeters><Position><LatitudeDegrees>50.866894</LatitudeDegrees><LongitudeDegrees>4.281322</LongitudeDegrees></Position><AltitudeMeters>36.9</AltitudeMeters><Extensions><TPX xmlns="http://www.garmin.com/xmlschemas/ActivityExtension/v2"><Speed>2.72</Speed></TPX></Extensions></Trackpoint><Trackpoint><Time>2026-03-05T10:32:30+00:00</Time><DistanceMeters>976.3</DistanceMeters><Position><LatitudeDegrees>50.866907</LatitudeDegrees><LongitudeDegrees>4.281324</LongitudeDegrees></Position><AltitudeMeters>36.9</AltitudeMeters><Extensions><TPX xmlns="http://www.garmin.com/xmlschemas/ActivityExtension/v2"><Speed>2.7</Speed></TPX></Extensions></Trackpoint><Trackpoint><Time>2026-03-05T10:32:31+00:00</Time><DistanceMeters>979.7</DistanceMeters><Position><LatitudeDegrees>50.866934</LatitudeDegrees><LongitudeDegrees>4.281303</LongitudeDegrees></Position><AltitudeMeters>36.9</AltitudeMeters><Extensions><TPX xmlns="http://www.garmin.com/xmlschemas/ActivityExtension/v2"><Speed>2.82</Speed></TPX></Extensions></Trackpoint><Trackpoint><Time>2026-03-05T10:32:32+00:00</Time><DistanceMeters>983.1</DistanceMeters><Position><LatitudeDegrees>50.866954</LatitudeDegrees><LongitudeDegrees>4.281266</LongitudeDegrees></Position><AltitudeMeters>36.9</AltitudeMeters><Extensions><TPX xmlns="http://www.garmin.com/xmlschemas/ActivityExtension/v2"><Speed>2.917</Speed></TPX></Extensions></Trackpoint><Trackpoint><Time>2026-03-05T10:32:33+00:00</Time><DistanceMeters>987.7</DistanceMeters><Position><LatitudeDegrees>50.86697</LatitudeDegrees><LongitudeDegrees>4.281205</LongitudeDegrees></Position><AltitudeMeters>36.8</AltitudeMeters><Extensions><TPX xmlns="http://www.garmin.com/xmlschemas/ActivityExtension/v2"><Speed>3.36</Speed></TPX></Extensions></Trackpoint><Trackpoint><Time>2026-03-05T10:32:34+00:00</Time><DistanceMeters>990.5</DistanceMeters><Position><LatitudeDegrees>50.86698</LatitudeDegrees><LongitudeDegrees>4.28115</LongitudeDegrees></Position><AltitudeMeters>36.8</AltitudeMeters><Extensions><TPX xmlns="http://www.garmin.com/xmlschemas/ActivityExtension/v2"><Speed>3.37</Speed></TPX></Extensions></Trackpoint><Trackpoint><Time>2026-03-05T10:32:35+00:00</Time><DistanceMeters>993.2</DistanceMeters><Position><LatitudeDegrees>50.866983</LatitudeDegrees><LongitudeDegrees>4.28113</LongitudeDegrees></Position><AltitudeMeters>36.8</AltitudeMeters><Extensions><TPX xmlns="http://www.garmin.com/xmlschemas/ActivityExtension/v2"><Speed>3.38</Speed></TPX></Extensions></Trackpoint><Trackpoint><Time>2026-03-05T10:32:36+00:00</Time><DistanceMeters>996.2</DistanceMeters><Position><LatitudeDegrees>50.866989</LatitudeDegrees><LongitudeDegrees>4.281048</LongitudeDegrees></Position><AltitudeMeters>36.7</AltitudeMeters><Extensions><TPX xmlns="http://www.garmin.com/xmlschemas/ActivityExtension/v2"><Speed>3.29</Speed></TPX></Extensions></Trackpoint><Trackpoint><Time>2026-03-05T10:32:37+00:00</Time><DistanceMeters>999.1</DistanceMeters><Position><LatitudeDegrees>50.866989</LatitudeDegrees><LongitudeDegrees>4.281008</LongitudeDegrees></Position><AltitudeMeters>36.7</AltitudeMeters><Extensions><TPX xmlns="http://www.garmin.com/xmlschemas/ActivityExtension/v2"><Speed>3.2</Speed></TPX></Extensions></Trackpoint><Trackpoint><Time>2026-03-05T10:32:38+00:00</Time><DistanceMeters>1004.8</DistanceMeters><Position><LatitudeDegrees>50.866987</LatitudeDegrees><LongitudeDegrees>4.280965</LongitudeDegrees></Position><AltitudeMeters>36.7</AltitudeMeters><Extensions><TPX xmlns="http://www.garmin.com/xmlschemas/ActivityExtension/v2"><Speed>3.42</Speed></TPX></Extensions></Trackpoint><Trackpoint><Time>2026-03-05T10:32:40+00:00</Time><DistanceMeters>1010.0</DistanceMeters><Position><LatitudeDegrees>50.866978</LatitudeDegrees><LongitudeDegrees>4.280881</LongitudeDegrees></Position><AltitudeMeters>36.7</AltitudeMeters><Extensions><TPX xmlns="http://www.garmin.com/xmlschemas/ActivityExtension/v2"><Speed>3.353</Speed></TPX></Extensions></Trackpoint><Trackpoint><Time>2026-03-05T10:32:41+00:00</Time><DistanceMeters>1011.9</DistanceMeters><Position><LatitudeDegrees>50.866972</LatitudeDegrees><LongitudeDegrees>4.280841</LongitudeDegrees></Position><AltitudeMeters>36.7</AltitudeMeters><Extensions><TPX xmlns="http://www.garmin.com/xmlschemas/ActivityExtension/v2"><Speed>3.157</Speed></TPX></Extensions></Trackpoint><Trackpoint><Time>2026-03-05T10:32:42+00:00</Time><DistanceMeters>1013.9</DistanceMeters><Position><LatitudeDegrees>50.866966</LatitudeDegrees><LongitudeDegrees>4.280802</LongitudeDegrees></Position><AltitudeMeters>36.7</AltitudeMeters><Extensions><TPX xmlns="http://www.garmin.com/xmlschemas/ActivityExtension/v2"><Speed>2.96</Speed></TPX></Extensions></Trackpoint><Trackpoint><Time>2026-03-05T10:32:44+00:00</Time><DistanceMeters>1021.6</DistanceMeters><Position><LatitudeDegrees>50.866923</LatitudeDegrees><LongitudeDegrees>4.280759</LongitudeDegrees></Position><AltitudeMeters>36.7</AltitudeMeters><Extensions><TPX xmlns="http://www.garmin.com/xmlschemas/ActivityExtension/v2"><Speed>2.8</Speed></TPX></Extensions></Trackpoint><Trackpoint><Time>2026-03-05T10:32:45+00:00</Time><DistanceMeters>1024.9</DistanceMeters><Position><LatitudeDegrees>50.866905</LatitudeDegrees><LongitudeDegrees>4.280721</LongitudeDegrees></Position><AltitudeMeters>36.7</AltitudeMeters><Extensions><TPX xmlns="http://www.garmin.com/xmlschemas/ActivityExtension/v2"><Speed>2.987</Speed></TPX></Extensions></Trackpoint><Trackpoint><Time>2026-03-05T10:32:46+00:00</Time><DistanceMeters>1028.0</DistanceMeters><Position><LatitudeDegrees>50.866887</LatitudeDegrees><LongitudeDegrees>4.280688</LongitudeDegrees></Position><AltitudeMeters>36.7</AltitudeMeters><Extensions><TPX xmlns="http://www.garmin.com/xmlschemas/ActivityExtension/v2"><Speed>3.213</Speed></TPX></Extensions></Trackpoint><Trackpoint><Time>2026-03-05T10:32:47+00:00</Time><DistanceMeters>1031.1</DistanceMeters><Position><LatitudeDegrees>50.86687</LatitudeDegrees><LongitudeDegrees>4.280653</LongitudeDegrees></Position><AltitudeMeters>36.7</AltitudeMeters><Extensions><TPX xmlns="http://www.garmin.com/xmlschemas/ActivityExtension/v2"><Speed>3.44</Speed></TPX></Extensions></Trackpoint><Trackpoint><Time>2026-03-05T10:32:48+00:00</Time><DistanceMeters>1033.9</DistanceMeters><Position><LatitudeDegrees>50.866844</LatitudeDegrees><LongitudeDegrees>4.280587</LongitudeDegrees></Position><AltitudeMeters>36.7</AltitudeMeters><Extensions><TPX xmlns="http://www.garmin.com/xmlschemas/ActivityExtension/v2"><Speed>3.342</Speed></TPX></Extensions></Trackpoint><Trackpoint><Time>2026-03-05T10:32:49+00:00</Time><DistanceMeters>1036.8</DistanceMeters><Position><LatitudeDegrees>50.866832</LatitudeDegrees><LongitudeDegrees>4.280556</LongitudeDegrees></Position><AltitudeMeters>36.7</AltitudeMeters><Extensions><TPX xmlns="http://www.garmin.com/xmlschemas/ActivityExtension/v2"><Speed>3.04</Speed></TPX></Extensions></Trackpoint><Trackpoint><Time>2026-03-05T10:32:51+00:00</Time><DistanceMeters>1041.5</DistanceMeters><Position><LatitudeDegrees>50.866823</LatitudeDegrees><LongitudeDegrees>4.280525</LongitudeDegrees></Position><AltitudeMeters>36.7</AltitudeMeters><Extensions><TPX xmlns="http://www.garmin.com/xmlschemas/ActivityExtension/v2"><Speed>2.7</Speed></TPX></Extensions></Trackpoint><Trackpoint><Time>2026-03-05T10:32:52+00:00</Time><DistanceMeters>1044.5</DistanceMeters><Position><LatitudeDegrees>50.866815</LatitudeDegrees><LongitudeDegrees>4.280467</LongitudeDegrees></Position><AltitudeMeters>36.7</AltitudeMeters><Extensions><TPX xmlns="http://www.garmin.com/xmlschemas/ActivityExtension/v2"><Speed>2.67</Speed></TPX></Extensions></Trackpoint><Trackpoint><Time>2026-03-05T10:32:53+00:00</Time><DistanceMeters>1047.4</DistanceMeters><Position><LatitudeDegrees>50.866814</LatitudeDegrees><LongitudeDegrees>4.280441</LongitudeDegrees></Position><AltitudeMeters>36.7</AltitudeMeters><Extensions><TPX xmlns="http://www.garmin.com/xmlschemas/ActivityExtension/v2"><Speed>2.69</Speed></TPX></Extensions></Trackpoint><Trackpoint><Time>2026-03-05T10:32:54+00:00</Time><DistanceMeters>1049.7</DistanceMeters><Position><LatitudeDegrees>50.866809</LatitudeDegrees><LongitudeDegrees>4.280377</LongitudeDegrees></Position><AltitudeMeters>36.7</AltitudeMeters><Extensions><TPX xmlns="http://www.garmin.com/xmlschemas/ActivityExtension/v2"><Speed>2.57</Speed></TPX></Extensions></Trackpoint><Trackpoint><Time>2026-03-05T10:32:55+00:00</Time><DistanceMeters>1051.9</DistanceMeters><Position><LatitudeDegrees>50.866804</LatitudeDegrees><LongitudeDegrees>4.280341</LongitudeDegrees></Position><AltitudeMeters>36.7</AltitudeMeters><Extensions><TPX xmlns="http://www.garmin.com/xmlschemas/ActivityExtension/v2"><Speed>2.517</Speed></TPX></Extensions></Trackpoint><Trackpoint><Time>2026-03-05T10:32:57+00:00</Time><DistanceMeters>1057.4</DistanceMeters><Position><LatitudeDegrees>50.866801</LatitudeDegrees><LongitudeDegrees>4.280301</LongitudeDegrees></Position><AltitudeMeters>36.7</AltitudeMeters><Extensions><TPX xmlns="http://www.garmin.com/xmlschemas/ActivityExtension/v2"><Speed>2.59</Speed></TPX></Extensions></Trackpoint><Trackpoint><Time>2026-03-05T10:32:58+00:00</Time><DistanceMeters>1060.3</DistanceMeters><Position><LatitudeDegrees>50.866799</LatitudeDegrees><LongitudeDegrees>4.280241</LongitudeDegrees></Position><AltitudeMeters>36.7</AltitudeMeters><Extensions><TPX xmlns="http://www.garmin.com/xmlschemas/ActivityExtension/v2"><Speed>2.57</Speed></TPX></Extensions></Trackpoint><Trackpoint><Time>2026-03-05T10:32:59+00:00</Time><DistanceMeters>1063.1</DistanceMeters><Position><LatitudeDegrees>50.866799</LatitudeDegrees><LongitudeDegrees>4.280221</LongitudeDegrees></Position><AltitudeMeters>36.7</AltitudeMeters><Extensions><TPX xmlns="http://www.garmin.com/xmlschemas/ActivityExtension/v2"><Speed>2.69</Speed></TPX></Extensions></Trackpoint><Trackpoint><Time>2026-03-05T10:33:00+00:00</Time><DistanceMeters>1065.9</DistanceMeters><Position><LatitudeDegrees>50.866802</LatitudeDegrees><LongitudeDegrees>4.28016</LongitudeDegrees></Position><AltitudeMeters>36.7</AltitudeMeters><Extensions><TPX xmlns="http://www.garmin.com/xmlschemas/ActivityExtension/v2"><Speed>2.8</Speed></TPX></Extensions></Trackpoint><Trackpoint><Time>2026-03-05T10:33:01+00:00</Time><DistanceMeters>1068.7</DistanceMeters><Position><LatitudeDegrees>50.866803</LatitudeDegrees><LongitudeDegrees>4.28014</LongitudeDegrees></Position><AltitudeMeters>36.7</AltitudeMeters><Extensions><TPX xmlns="http://www.garmin.com/xmlschemas/ActivityExtension/v2"><Speed>2.8</Speed></TPX></Extensions></Trackpoint><Trackpoint><Time>2026-03-05T10:33:02+00:00</Time><DistanceMeters>1071.7</DistanceMeters><Position><LatitudeDegrees>50.866809</LatitudeDegrees><LongitudeDegrees>4.28008</LongitudeDegrees></Position><AltitudeMeters>36.7</AltitudeMeters><Extensions><TPX xmlns="http://www.garmin.com/xmlschemas/ActivityExtension/v2"><Speed>2.85</Speed></TPX></Extensions></Trackpoint><Trackpoint><Time>2026-03-05T10:33:03+00:00</Time><DistanceMeters>1074.6</DistanceMeters><Position><LatitudeDegrees>50.866816</LatitudeDegrees><LongitudeDegrees>4.280059</LongitudeDegrees></Position><AltitudeMeters>36.7</AltitudeMeters><Extensions><TPX xmlns="http://www.garmin.com/xmlschemas/ActivityExtension/v2"><Speed>2.87</Speed></TPX></Extensions></Trackpoint><Trackpoint><Time>2026-03-05T10:33:04+00:00</Time><DistanceMeters>1077.6</DistanceMeters><Position><LatitudeDegrees>50.866828</LatitudeDegrees><LongitudeDegrees>4.280021</LongitudeDegrees></Position><AltitudeMeters>36.7</AltitudeMeters><Extensions><TPX xmlns="http://www.garmin.com/xmlschemas/ActivityExtension/v2"><Speed>2.9</Speed></TPX></Extensions></Trackpoint><Trackpoint><Time>2026-03-05T10:33:05+00:00</Time><DistanceMeters>1080.7</DistanceMeters><Position><LatitudeDegrees>50.866848</LatitudeDegrees><LongitudeDegrees>4.27999</LongitudeDegrees></Position><AltitudeMeters>36.8</AltitudeMeters><Extensions><TPX xmlns="http://www.garmin.com/xmlschemas/ActivityExtension/v2"><Speed>2.96</Speed></TPX></Extensions></Trackpoint><Trackpoint><Time>2026-03-05T10:33:06+00:00</Time><DistanceMeters>1089.3</DistanceMeters><Position><LatitudeDegrees>50.866904</LatitudeDegrees><LongitudeDegrees>4.279906</LongitudeDegrees></Position><AltitudeMeters>36.8</AltitudeMeters><Extensions><TPX xmlns="http://www.garmin.com/xmlschemas/ActivityExtension/v2"><Speed>4.12</Speed></TPX></Extensions></Trackpoint><Trackpoint><Time>2026-03-05T10:33:07+00:00</Time><DistanceMeters>1092.7</DistanceMeters><Position><LatitudeDegrees>50.866921</LatitudeDegrees><LongitudeDegrees>4.279865</LongitudeDegrees></Position><AltitudeMeters>36.8</AltitudeMeters><Extensions><TPX xmlns="http://www.garmin.com/xmlschemas/ActivityExtension/v2"><Speed>4.21</Speed></TPX></Extensions></Trackpoint><Trackpoint><Time>2026-03-05T10:33:09+00:00</Time><DistanceMeters>1095.8</DistanceMeters><Position><LatitudeDegrees>50.866934</LatitudeDegrees><LongitudeDegrees>4.279826</LongitudeDegrees></Position><AltitudeMeters>36.8</AltitudeMeters><Extensions><TPX xmlns="http://www.garmin.com/xmlschemas/ActivityExtension/v2"><Speed>3.64</Speed></TPX></Extensions></Trackpoint><Trackpoint><Time>2026-03-05T10:33:10+00:00</Time><DistanceMeters>1099.0</DistanceMeters><Position><LatitudeDegrees>50.866947</LatitudeDegrees><LongitudeDegrees>4.279786</LongitudeDegrees></Position><AltitudeMeters>36.9</AltitudeMeters><Extensions><TPX xmlns="http://www.garmin.com/xmlschemas/ActivityExtension/v2"><Speed>3.66</Speed></TPX></Extensions></Trackpoint><Trackpoint><Time>2026-03-05T10:33:11+00:00</Time><DistanceMeters>1102.1</DistanceMeters><Position><LatitudeDegrees>50.866959</LatitudeDegrees><LongitudeDegrees>4.279746</LongitudeDegrees></Position><AltitudeMeters>36.9</AltitudeMeters><Extensions><TPX xmlns="http://www.garmin.com/xmlschemas/ActivityExtension/v2"><Speed>2.56</Speed></TPX></Extensions></Trackpoint><Trackpoint><Time>2026-03-05T10:33:12+00:00</Time><DistanceMeters>1107.4</DistanceMeters><Position><LatitudeDegrees>50.866975</LatitudeDegrees><LongitudeDegrees>4.279674</LongitudeDegrees></Position><AltitudeMeters>36.9</AltitudeMeters><Extensions><TPX xmlns="http://www.garmin.com/xmlschemas/ActivityExtension/v2"><Speed>2.94</Speed></TPX></Extensions></Trackpoint><Trackpoint><Time>2026-03-05T10:33:14+00:00</Time><DistanceMeters>1110.8</DistanceMeters><Position><LatitudeDegrees>50.867004</LatitudeDegrees><LongitudeDegrees>4.279625</LongitudeDegrees></Position><AltitudeMeters>37.0</AltitudeMeters><Extensions><TPX xmlns="http://www.garmin.com/xmlschemas/ActivityExtension/v2"><Speed>3.0</Speed></TPX></Extensions></Trackpoint><Trackpoint><Time>2026-03-05T10:33:15+00:00</Time><DistanceMeters>1114.2</DistanceMeters><Position><LatitudeDegrees>50.867022</LatitudeDegrees><LongitudeDegrees>4.279613</LongitudeDegrees></Position><AltitudeMeters>37.0</AltitudeMeters><Extensions><TPX xmlns="http://www.garmin.com/xmlschemas/ActivityExtension/v2"><Speed>3.04</Speed></TPX></Extensions></Trackpoint><Trackpoint><Time>2026-03-05T10:33:16+00:00</Time><DistanceMeters>1120.4</DistanceMeters><Position><LatitudeDegrees>50.867077</LatitudeDegrees><LongitudeDegrees>4.2796</LongitudeDegrees></Position><AltitudeMeters>37.0</AltitudeMeters><Extensions><TPX xmlns="http://www.garmin.com/xmlschemas/ActivityExtension/v2"><Speed>3.66</Speed></TPX></Extensions></Trackpoint><Trackpoint><Time>2026-03-05T10:33:17+00:00</Time><DistanceMeters>1129.4</DistanceMeters><Position><LatitudeDegrees>50.867152</LatitudeDegrees><LongitudeDegrees>4.279556</LongitudeDegrees></Position><AltitudeMeters>37.1</AltitudeMeters><Extensions><TPX xmlns="http://www.garmin.com/xmlschemas/ActivityExtension/v2"><Speed>4.4</Speed></TPX></Extensions></Trackpoint><Trackpoint><Time>2026-03-05T10:33:19+00:00</Time><DistanceMeters>1131.6</DistanceMeters><Position><LatitudeDegrees>50.867172</LatitudeDegrees><LongitudeDegrees>4.279527</LongitudeDegrees></Position><AltitudeMeters>37.2</AltitudeMeters><Extensions><TPX xmlns="http://www.garmin.com/xmlschemas/ActivityExtension/v2"><Speed>4.15</Speed></TPX></Extensions></Trackpoint><Trackpoint><Time>2026-03-05T10:33:20+00:00</Time><DistanceMeters>1133.7</DistanceMeters><Position><LatitudeDegrees>50.867179</LatitudeDegrees><LongitudeDegrees>4.279513</LongitudeDegrees></Position><AltitudeMeters>37.2</AltitudeMeters><Extensions><TPX xmlns="http://www.garmin.com/xmlschemas/ActivityExtension/v2"><Speed>3.9</Speed></TPX></Extensions></Trackpoint><Trackpoint><Time>2026-03-05T10:33:21+00:00</Time><DistanceMeters>1136.2</DistanceMeters><Position><LatitudeDegrees>50.867198</LatitudeDegrees><LongitudeDegrees>4.279469</LongitudeDegrees></Position><AltitudeMeters>37.2</AltitudeMeters><Extensions><TPX xmlns="http://www.garmin.com/xmlschemas/ActivityExtension/v2"><Speed>3.15</Speed></TPX></Extensions></Trackpoint><Trackpoint><Time>2026-03-05T10:33:22+00:00</Time><DistanceMeters>1138.6</DistanceMeters><Position><LatitudeDegrees>50.867203</LatitudeDegrees><LongitudeDegrees>4.279453</LongitudeDegrees></Position><AltitudeMeters>37.3</AltitudeMeters><Extensions><TPX xmlns="http://www.garmin.com/xmlschemas/ActivityExtension/v2"><Speed>1.84</Speed></TPX></Extensions></Trackpoint><Trackpoint><Time>2026-03-05T10:33:23+00:00</Time><DistanceMeters>1141.4</DistanceMeters><Position><LatitudeDegrees>50.86721</LatitudeDegrees><LongitudeDegrees>4.279394</LongitudeDegrees></Position><AltitudeMeters>37.3</AltitudeMeters><Extensions><TPX xmlns="http://www.garmin.com/xmlschemas/ActivityExtension/v2"><Speed>2.008</Speed></TPX></Extensions></Trackpoint><Trackpoint><Time>2026-03-05T10:33:24+00:00</Time><DistanceMeters>1144.3</DistanceMeters><Position><LatitudeDegrees>50.867211</LatitudeDegrees><LongitudeDegrees>4.279372</LongitudeDegrees></Position><AltitudeMeters>37.4</AltitudeMeters><Extensions><TPX xmlns="http://www.garmin.com/xmlschemas/ActivityExtension/v2"><Speed>2.55</Speed></TPX></Extensions></Trackpoint><Trackpoint><Time>2026-03-05T10:33:25+00:00</Time><DistanceMeters>1148.1</DistanceMeters><Position><LatitudeDegrees>50.867208</LatitudeDegrees><LongitudeDegrees>4.279319</LongitudeDegrees></Position><AltitudeMeters>37.4</AltitudeMeters><Extensions><TPX xmlns="http://www.garmin.com/xmlschemas/ActivityExtension/v2"><Speed>2.88</Speed></TPX></Extensions></Trackpoint><Trackpoint><Time>2026-03-05T10:33:26+00:00</Time><DistanceMeters>1151.6</DistanceMeters><Position><LatitudeDegrees>50.867205</LatitudeDegrees><LongitudeDegrees>4.279269</LongitudeDegrees></Position><AltitudeMeters>37.5</AltitudeMeters><Extensions><TPX xmlns="http://www.garmin.com/xmlschemas/ActivityExtension/v2"><Speed>3.09</Speed></TPX></Extensions></Trackpoint><Trackpoint><Time>2026-03-05T10:33:27+00:00</Time><DistanceMeters>1154.8</DistanceMeters><Position><LatitudeDegrees>50.867201</LatitudeDegrees><LongitudeDegrees>4.279223</LongitudeDegrees></Position><AltitudeMeters>37.5</AltitudeMeters><Extensions><TPX xmlns="http://www.garmin.com/xmlschemas/ActivityExtension/v2"><Speed>3.24</Speed></TPX></Extensions></Trackpoint><Trackpoint><Time>2026-03-05T10:33:28+00:00</Time><DistanceMeters>1157.4</DistanceMeters><Position><LatitudeDegrees>50.867204</LatitudeDegrees><LongitudeDegrees>4.279168</LongitudeDegrees></Position><AltitudeMeters>37.6</AltitudeMeters><Extensions><TPX xmlns="http://www.garmin.com/xmlschemas/ActivityExtension/v2"><Speed>3.19</Speed></TPX></Extensions></Trackpoint><Trackpoint><Time>2026-03-05T10:33:29+00:00</Time><DistanceMeters>1160.0</DistanceMeters><Position><LatitudeDegrees>50.867206</LatitudeDegrees><LongitudeDegrees>4.27915</LongitudeDegrees></Position><AltitudeMeters>37.6</AltitudeMeters><Extensions><TPX xmlns="http://www.garmin.com/xmlschemas/ActivityExtension/v2"><Speed>3.14</Speed></TPX></Extensions></Trackpoint><Trackpoint><Time>2026-03-05T10:33:30+00:00</Time><DistanceMeters>1162.6</DistanceMeters><Position><LatitudeDegrees>50.867215</LatitudeDegrees><LongitudeDegrees>4.279095</LongitudeDegrees></Position><AltitudeMeters>37.6</AltitudeMeters><Extensions><TPX xmlns="http://www.garmin.com/xmlschemas/ActivityExtension/v2"><Speed>2.89</Speed></TPX></Extensions></Trackpoint><Trackpoint><Time>2026-03-05T10:33:31+00:00</Time><DistanceMeters>1165.1</DistanceMeters><Position><LatitudeDegrees>50.867217</LatitudeDegrees><LongitudeDegrees>4.27908</LongitudeDegrees></Position><AltitudeMeters>37.6</AltitudeMeters><Extensions><TPX xmlns="http://www.garmin.com/xmlschemas/ActivityExtension/v2"><Speed>2.7</Speed></TPX></Extensions></Trackpoint><Trackpoint><Time>2026-03-05T10:33:32+00:00</Time><DistanceMeters>1170.2</DistanceMeters><Position><LatitudeDegrees>50.86723</LatitudeDegrees><LongitudeDegrees>4.279009</LongitudeDegrees></Position><AltitudeMeters>37.7</AltitudeMeters><Extensions><TPX xmlns="http://www.garmin.com/xmlschemas/ActivityExtension/v2"><Speed>3.08</Speed></TPX></Extensions></Trackpoint><Trackpoint><Time>2026-03-05T10:33:34+00:00</Time><DistanceMeters>1172.9</DistanceMeters><Position><LatitudeDegrees>50.86724</LatitudeDegrees><LongitudeDegrees>4.278957</LongitudeDegrees></Position><AltitudeMeters>37.8</AltitudeMeters><Extensions><TPX xmlns="http://www.garmin.com/xmlschemas/ActivityExtension/v2"><Speed>2.57</Speed></TPX></Extensions></Trackpoint><Trackpoint><Time>2026-03-05T10:33:35+00:00</Time><DistanceMeters>1175.5</DistanceMeters><Position><LatitudeDegrees>50.867244</LatitudeDegrees><LongitudeDegrees>4.278938</LongitudeDegrees></Position><AltitudeMeters>37.8</AltitudeMeters><Extensions><TPX xmlns="http://www.garmin.com/xmlschemas/ActivityExtension/v2"><Speed>2.59</Speed></TPX></Extensions></Trackpoint><Trackpoint><Time>2026-03-05T10:33:36+00:00</Time><DistanceMeters>1180.8</DistanceMeters><Position><LatitudeDegrees>50.867258</LatitudeDegrees><LongitudeDegrees>4.278866</LongitudeDegrees></Position><AltitudeMeters>37.9</AltitudeMeters><Extensions><TPX xmlns="http://www.garmin.com/xmlschemas/ActivityExtension/v2"><Speed>3.14</Speed></TPX></Extensions></Trackpoint><Trackpoint><Time>2026-03-05T10:33:38+00:00</Time><DistanceMeters>1183.3</DistanceMeters><Position><LatitudeDegrees>50.867269</LatitudeDegrees><LongitudeDegrees>4.278813</LongitudeDegrees></Position><AltitudeMeters>38.0</AltitudeMeters><Extensions><TPX xmlns="http://www.garmin.com/xmlschemas/ActivityExtension/v2"><Speed>2.175</Speed></TPX></Extensions></Trackpoint><Trackpoint><Time>2026-03-05T10:33:39+00:00</Time><DistanceMeters>1185.7</DistanceMeters><Position><LatitudeDegrees>50.867272</LatitudeDegrees><LongitudeDegrees>4.278799</LongitudeDegrees></Position><AltitudeMeters>38.0</AltitudeMeters><Extensions><TPX xmlns="http://www.garmin.com/xmlschemas/ActivityExtension/v2"><Speed>2.57</Speed></TPX></Extensions></Trackpoint><Trackpoint><Time>2026-03-05T10:33:40+00:00</Time><DistanceMeters>1189.9</DistanceMeters><Position><LatitudeDegrees>50.867278</LatitudeDegrees><LongitudeDegrees>4.27874</LongitudeDegrees></Position><AltitudeMeters>38.1</AltitudeMeters><Extensions><TPX xmlns="http://www.garmin.com/xmlschemas/ActivityExtension/v2"><Speed>2.88</Speed></TPX></Extensions></Trackpoint><Trackpoint><Time>2026-03-05T10:33:42+00:00</Time><DistanceMeters>1192.2</DistanceMeters><Position><LatitudeDegrees>50.867285</LatitudeDegrees><LongitudeDegrees>4.278691</LongitudeDegrees></Position><AltitudeMeters>38.1</AltitudeMeters><Extensions><TPX xmlns="http://www.garmin.com/xmlschemas/ActivityExtension/v2"><Speed>1.9</Speed></TPX></Extensions></Trackpoint><Trackpoint><Time>2026-03-05T10:33:43+00:00</Time><DistanceMeters>1194.5</DistanceMeters><Position><LatitudeDegrees>50.867286</LatitudeDegrees><LongitudeDegrees>4.278676</LongitudeDegrees></Position><AltitudeMeters>38.1</AltitudeMeters><Extensions><TPX xmlns="http://www.garmin.com/xmlschemas/ActivityExtension/v2"><Speed>2.25</Speed></TPX></Extensions></Trackpoint><Trackpoint><Time>2026-03-05T10:33:44+00:00</Time><DistanceMeters>1199.3</DistanceMeters><Position><LatitudeDegrees>50.867297</LatitudeDegrees><LongitudeDegrees>4.278611</LongitudeDegrees></Position><AltitudeMeters>38.2</AltitudeMeters><Extensions><TPX xmlns="http://www.garmin.com/xmlschemas/ActivityExtension/v2"><Speed>2.72</Speed></TPX></Extensions></Trackpoint><Trackpoint><Time>2026-03-05T10:33:46+00:00</Time><DistanceMeters>1201.8</DistanceMeters><Position><LatitudeDegrees>50.867307</LatitudeDegrees><LongitudeDegrees>4.278559</LongitudeDegrees></Position><AltitudeMeters>38.3</AltitudeMeters><Extensions><TPX xmlns="http://www.garmin.com/xmlschemas/ActivityExtension/v2"><Speed>1.983</Speed></TPX></Extensions></Trackpoint><Trackpoint><Time>2026-03-05T10:33:47+00:00</Time><DistanceMeters>1204.3</DistanceMeters><Position><LatitudeDegrees>50.86731</LatitudeDegrees><LongitudeDegrees>4.278541</LongitudeDegrees></Position><AltitudeMeters>38.3</AltitudeMeters><Extensions><TPX xmlns="http://www.garmin.com/xmlschemas/ActivityExtension/v2"><Speed>2.42</Speed></TPX></Extensions></Trackpoint><Trackpoint><Time>2026-03-05T10:33:48+00:00</Time><DistanceMeters>1210.4</DistanceMeters><Position><LatitudeDegrees>50.867322</LatitudeDegrees><LongitudeDegrees>4.278457</LongitudeDegrees></Position><AltitudeMeters>38.4</AltitudeMeters><Extensions><TPX xmlns="http://www.garmin.com/xmlschemas/ActivityExtension/v2"><Speed>3.18</Speed></TPX></Extensions></Trackpoint><Trackpoint><Time>2026-03-05T10:33:50+00:00</Time><DistanceMeters>1215.1</DistanceMeters><Position><LatitudeDegrees>50.867334</LatitudeDegrees><LongitudeDegrees>4.278392</LongitudeDegrees></Position><AltitudeMeters>38.5</AltitudeMeters><Extensions><TPX xmlns="http://www.garmin.com/xmlschemas/ActivityExtension/v2"><Speed>2.639</Speed></TPX></Extensions></Trackpoint><Trackpoint><Time>2026-03-05T10:33:51+00:00</Time><DistanceMeters>1216.7</DistanceMeters><Position><LatitudeDegrees>50.867338</LatitudeDegrees><LongitudeDegrees>4.278371</LongitudeDegrees></Position><AltitudeMeters>38.6</AltitudeMeters><Extensions><TPX xmlns="http://www.garmin.com/xmlschemas/ActivityExtension/v2"><Speed>2.973</Speed></TPX></Extensions></Trackpoint><Trackpoint><Time>2026-03-05T10:33:52+00:00</Time><DistanceMeters>1218.2</DistanceMeters><Position><LatitudeDegrees>50.867342</LatitudeDegrees><LongitudeDegrees>4.27835</LongitudeDegrees></Position><AltitudeMeters>38.6</AltitudeMeters><Extensions><TPX xmlns="http://www.garmin.com/xmlschemas/ActivityExtension/v2"><Speed>2.78</Speed></TPX></Extensions></Trackpoint><Trackpoint><Time>2026-03-05T10:33:53+00:00</Time><DistanceMeters>1220.7</DistanceMeters><Position><LatitudeDegrees>50.867352</LatitudeDegrees><LongitudeDegrees>4.278301</LongitudeDegrees></Position><AltitudeMeters>38.7</AltitudeMeters><Extensions><TPX xmlns="http://www.garmin.com/xmlschemas/ActivityExtension/v2"><Speed>2.06</Speed></TPX></Extensions></Trackpoint><Trackpoint><Time>2026-03-05T10:33:54+00:00</Time><DistanceMeters>1223.2</DistanceMeters><Position><LatitudeDegrees>50.867356</LatitudeDegrees><LongitudeDegrees>4.278282</LongitudeDegrees></Position><AltitudeMeters>38.7</AltitudeMeters><Extensions><TPX xmlns="http://www.garmin.com/xmlschemas/ActivityExtension/v2"><Speed>2.133</Speed></TPX></Extensions></Trackpoint><Trackpoint><Time>2026-03-05T10:33:55+00:00</Time><DistanceMeters>1225.9</DistanceMeters><Position><LatitudeDegrees>50.867369</LatitudeDegrees><LongitudeDegrees>4.278228</LongitudeDegrees></Position><AltitudeMeters>38.8</AltitudeMeters><Extensions><TPX xmlns="http://www.garmin.com/xmlschemas/ActivityExtension/v2"><Speed>2.153</Speed></TPX></Extensions></Trackpoint><Trackpoint><Time>2026-03-05T10:33:56+00:00</Time><DistanceMeters>1228.6</DistanceMeters><Position><LatitudeDegrees>50.867372</LatitudeDegrees><LongitudeDegrees>4.27821</LongitudeDegrees></Position><AltitudeMeters>38.8</AltitudeMeters><Extensions><TPX xmlns="http://www.garmin.com/xmlschemas/ActivityExtension/v2"><Speed>2.387</Speed></TPX></Extensions></Trackpoint><Trackpoint><Time>2026-03-05T10:33:57+00:00</Time><DistanceMeters>1231.3</DistanceMeters><Position><LatitudeDegrees>50.867381</LatitudeDegrees><LongitudeDegrees>4.278153</LongitudeDegrees></Position><AltitudeMeters>38.9</AltitudeMeters><Extensions><TPX xmlns="http://www.garmin.com/xmlschemas/ActivityExtension/v2"><Speed>2.62</Speed></TPX></Extensions></Trackpoint><Trackpoint><Time>2026-03-05T10:33:58+00:00</Time><DistanceMeters>1234.0</DistanceMeters><Position><LatitudeDegrees>50.867383</LatitudeDegrees><LongitudeDegrees>4.278135</LongitudeDegrees></Position><AltitudeMeters>38.9</AltitudeMeters><Extensions><TPX xmlns="http://www.garmin.com/xmlschemas/ActivityExtension/v2"><Speed>2.66</Speed></TPX></Extensions></Trackpoint><Trackpoint><Time>2026-03-05T10:33:59+00:00</Time><DistanceMeters>1238.4</DistanceMeters><Position><LatitudeDegrees>50.867391</LatitudeDegrees><LongitudeDegrees>4.278073</LongitudeDegrees></Position><AltitudeMeters>39.0</AltitudeMeters><Extensions><TPX xmlns="http://www.garmin.com/xmlschemas/ActivityExtension/v2"><Speed>3.04</Speed></TPX></Extensions></Trackpoint><Trackpoint><Time>2026-03-05T10:34:01+00:00</Time><DistanceMeters>1240.6</DistanceMeters><Position><LatitudeDegrees>50.867397</LatitudeDegrees><LongitudeDegrees>4.278027</LongitudeDegrees></Position><AltitudeMeters>39.1</AltitudeMeters><Extensions><TPX xmlns="http://www.garmin.com/xmlschemas/ActivityExtension/v2"><Speed>2.39</Speed></TPX></Extensions></Trackpoint><Trackpoint><Time>2026-03-05T10:34:02+00:00</Time><DistanceMeters>1242.7</DistanceMeters><Position><LatitudeDegrees>50.867398</LatitudeDegrees><LongitudeDegrees>4.278013</LongitudeDegrees></Position><AltitudeMeters>39.1</AltitudeMeters><Extensions><TPX xmlns="http://www.garmin.com/xmlschemas/ActivityExtension/v2"><Speed>2.28</Speed></TPX></Extensions></Trackpoint><Trackpoint><Time>2026-03-05T10:34:03+00:00</Time><DistanceMeters>1245.2</DistanceMeters><Position><LatitudeDegrees>50.8674</LatitudeDegrees><LongitudeDegrees>4.277963</LongitudeDegrees></Position><AltitudeMeters>39.1</AltitudeMeters><Extensions><TPX xmlns="http://www.garmin.com/xmlschemas/ActivityExtension/v2"><Speed>2.23</Speed></TPX></Extensions></Trackpoint><Trackpoint><Time>2026-03-05T10:34:04+00:00</Time><DistanceMeters>1247.6</DistanceMeters><Position><LatitudeDegrees>50.8674</LatitudeDegrees><LongitudeDegrees>4.277943</LongitudeDegrees></Position><AltitudeMeters>39.2</AltitudeMeters><Extensions><TPX xmlns="http://www.garmin.com/xmlschemas/ActivityExtension/v2"><Speed>1.84</Speed></TPX></Extensions></Trackpoint><Trackpoint><Time>2026-03-05T10:34:05+00:00</Time><DistanceMeters>1249.9</DistanceMeters><Position><LatitudeDegrees>50.867401</LatitudeDegrees><LongitudeDegrees>4.277896</LongitudeDegrees></Position><AltitudeMeters>39.2</AltitudeMeters><Extensions><TPX xmlns="http://www.garmin.com/xmlschemas/ActivityExtension/v2"><Speed>1.908</Speed></TPX></Extensions></Trackpoint><Trackpoint><Time>2026-03-05T10:34:06+00:00</Time><DistanceMeters>1252.1</DistanceMeters><Position><LatitudeDegrees>50.8674</LatitudeDegrees><LongitudeDegrees>4.27788</LongitudeDegrees></Position><AltitudeMeters>39.3</AltitudeMeters><Extensions><TPX xmlns="http://www.garmin.com/xmlschemas/ActivityExtension/v2"><Speed>2.31</Speed></TPX></Extensions></Trackpoint><Trackpoint><Time>2026-03-05T10:34:07+00:00</Time><DistanceMeters>1254.3</DistanceMeters><Position><LatitudeDegrees>50.867397</LatitudeDegrees><LongitudeDegrees>4.277832</LongitudeDegrees></Position><AltitudeMeters>39.4</AltitudeMeters><Extensions><TPX xmlns="http://www.garmin.com/xmlschemas/ActivityExtension/v2"><Speed>2.32</Speed></TPX></Extensions></Trackpoint><Trackpoint><Time>2026-03-05T10:34:08+00:00</Time><DistanceMeters>1256.5</DistanceMeters><Position><LatitudeDegrees>50.867395</LatitudeDegrees><LongitudeDegrees>4.277817</LongitudeDegrees></Position><AltitudeMeters>39.4</AltitudeMeters><Extensions><TPX xmlns="http://www.garmin.com/xmlschemas/ActivityExtension/v2"><Speed>2.27</Speed></TPX></Extensions></Trackpoint><Trackpoint><Time>2026-03-05T10:34:09+00:00</Time><DistanceMeters>1256.5</DistanceMeters><Position><LatitudeDegrees>50.867391</LatitudeDegrees><LongitudeDegrees>4.277788</LongitudeDegrees></Position><AltitudeMeters>39.4</AltitudeMeters><Extensions><TPX xmlns="http://www.garmin.com/xmlschemas/ActivityExtension/v2"><Speed>1.78</Speed></TPX></Extensions></Trackpoint><Trackpoint><Time>2026-03-05T10:34:10+00:00</Time><DistanceMeters>1260.5</DistanceMeters><Position><LatitudeDegrees>50.867384</LatitudeDegrees><LongitudeDegrees>4.277763</LongitudeDegrees></Position><AltitudeMeters>39.5</AltitudeMeters><Extensions><TPX xmlns="http://www.garmin.com/xmlschemas/ActivityExtension/v2"><Speed>2.13</Speed></TPX></Extensions></Trackpoint><Trackpoint><Time>2026-03-05T10:34:11+00:00</Time><DistanceMeters>1263.4</DistanceMeters><Position><LatitudeDegrees>50.867354</LatitudeDegrees><LongitudeDegrees>4.277727</LongitudeDegrees></Position><AltitudeMeters>39.6</AltitudeMeters><Extensions><TPX xmlns="http://www.garmin.com/xmlschemas/ActivityExtension/v2"><Speed>2.25</Speed></TPX></Extensions></Trackpoint><Trackpoint><Time>2026-03-05T10:34:12+00:00</Time><DistanceMeters>1266.2</DistanceMeters><Position><LatitudeDegrees>50.867342</LatitudeDegrees><LongitudeDegrees>4.277716</LongitudeDegrees></Position><AltitudeMeters>39.6</AltitudeMeters><Extensions><TPX xmlns="http://www.garmin.com/xmlschemas/ActivityExtension/v2"><Speed>2.38</Speed></TPX></Extensions></Trackpoint><Trackpoint><Time>2026-03-05T10:34:13+00:00</Time><DistanceMeters>1269.6</DistanceMeters><Position><LatitudeDegrees>50.867311</LatitudeDegrees><LongitudeDegrees>4.27771</LongitudeDegrees></Position><AltitudeMeters>39.7</AltitudeMeters><Extensions><TPX xmlns="http://www.garmin.com/xmlschemas/ActivityExtension/v2"><Speed>2.62</Speed></TPX></Extensions></Trackpoint><Trackpoint><Time>2026-03-05T10:34:14+00:00</Time><DistanceMeters>1272.7</DistanceMeters><Position><LatitudeDegrees>50.867263</LatitudeDegrees><LongitudeDegrees>4.277688</LongitudeDegrees></Position><AltitudeMeters>39.7</AltitudeMeters><Extensions><TPX xmlns="http://www.garmin.com/xmlschemas/ActivityExtension/v2"><Speed>3.24</Speed></TPX></Extensions></Trackpoint><Trackpoint><Time>2026-03-05T10:34:16+00:00</Time><DistanceMeters>1278.1</DistanceMeters><Position><LatitudeDegrees>50.867239</LatitudeDegrees><LongitudeDegrees>4.277672</LongitudeDegrees></Position><AltitudeMeters>39.7</AltitudeMeters><Extensions><TPX xmlns="http://www.garmin.com/xmlschemas/ActivityExtension/v2"><Speed>2.95</Speed></TPX></Extensions></Trackpoint><Trackpoint><Time>2026-03-05T10:34:17+00:00</Time><DistanceMeters>1280.6</DistanceMeters><Position><LatitudeDegrees>50.867199</LatitudeDegrees><LongitudeDegrees>4.277639</LongitudeDegrees></Position><AltitudeMeters>39.8</AltitudeMeters><Extensions><TPX xmlns="http://www.garmin.com/xmlschemas/ActivityExtension/v2"><Speed>2.88</Speed></TPX></Extensions></Trackpoint><Trackpoint><Time>2026-03-05T10:34:18+00:00</Time><DistanceMeters>1283.1</DistanceMeters><Position><LatitudeDegrees>50.867178</LatitudeDegrees><LongitudeDegrees>4.277615</LongitudeDegrees></Position><AltitudeMeters>39.8</AltitudeMeters><Extensions><TPX xmlns="http://www.garmin.com/xmlschemas/ActivityExtension/v2"><Speed>2.7</Speed></TPX></Extensions></Trackpoint><Trackpoint><Time>2026-03-05T10:34:20+00:00</Time><DistanceMeters>1288.6</DistanceMeters><Position><LatitudeDegrees>50.867158</LatitudeDegrees><LongitudeDegrees>4.277597</LongitudeDegrees></Position><AltitudeMeters>39.8</AltitudeMeters><Extensions><TPX xmlns="http://www.garmin.com/xmlschemas/ActivityExtension/v2"><Speed>2.65</Speed></TPX></Extensions></Trackpoint><Trackpoint><Time>2026-03-05T10:34:21+00:00</Time><DistanceMeters>1291.1</DistanceMeters><Position><LatitudeDegrees>50.867132</LatitudeDegrees><LongitudeDegrees>4.277562</LongitudeDegrees></Position><AltitudeMeters>39.9</AltitudeMeters><Extensions><TPX xmlns="http://www.garmin.com/xmlschemas/ActivityExtension/v2"><Speed>2.6</Speed></TPX></Extensions></Trackpoint><Trackpoint><Time>2026-03-05T10:34:22+00:00</Time><DistanceMeters>1293.6</DistanceMeters><Position><LatitudeDegrees>50.867123</LatitudeDegrees><LongitudeDegrees>4.277552</LongitudeDegrees></Position><AltitudeMeters>39.9</AltitudeMeters><Extensions><TPX xmlns="http://www.garmin.com/xmlschemas/ActivityExtension/v2"><Speed>2.6</Speed></TPX></Extensions></Trackpoint><Trackpoint><Time>2026-03-05T10:34:23+00:00</Time><DistanceMeters>1295.7</DistanceMeters><Position><LatitudeDegrees>50.8671</LatitudeDegrees><LongitudeDegrees>4.277527</LongitudeDegrees></Position><AltitudeMeters>39.9</AltitudeMeters><Extensions><TPX xmlns="http://www.garmin.com/xmlschemas/ActivityExtension/v2"><Speed>2.51</Speed></TPX></Extensions></Trackpoint><Trackpoint><Time>2026-03-05T10:34:24+00:00</Time><DistanceMeters>1297.7</DistanceMeters><Position><LatitudeDegrees>50.867092</LatitudeDegrees><LongitudeDegrees>4.277519</LongitudeDegrees></Position><AltitudeMeters>39.9</AltitudeMeters><Extensions><TPX xmlns="http://www.garmin.com/xmlschemas/ActivityExtension/v2"><Speed>2.433</Speed></TPX></Extensions></Trackpoint><Trackpoint><Time>2026-03-05T10:34:25+00:00</Time><DistanceMeters>1302.2</DistanceMeters><Position><LatitudeDegrees>50.867056</LatitudeDegrees><LongitudeDegrees>4.277491</LongitudeDegrees></Position><AltitudeMeters>40.0</AltitudeMeters><Extensions><TPX xmlns="http://www.garmin.com/xmlschemas/ActivityExtension/v2"><Speed>2.72</Speed></TPX></Extensions></Trackpoint><Trackpoint><Time>2026-03-05T10:34:27+00:00</Time><DistanceMeters>1304.7</DistanceMeters><Position><LatitudeDegrees>50.867028</LatitudeDegrees><LongitudeDegrees>4.277462</LongitudeDegrees></Position><AltitudeMeters>40.0</AltitudeMeters><Extensions><TPX xmlns="http://www.garmin.com/xmlschemas/ActivityExtension/v2"><Speed>2.21</Speed></TPX></Extensions></Trackpoint><Trackpoint><Time>2026-03-05T10:34:28+00:00</Time><DistanceMeters>1307.1</DistanceMeters><Position><LatitudeDegrees>50.86702</LatitudeDegrees><LongitudeDegrees>4.277452</LongitudeDegrees></Position><AltitudeMeters>40.0</AltitudeMeters><Extensions><TPX xmlns="http://www.garmin.com/xmlschemas/ActivityExtension/v2"><Speed>2.29</Speed></TPX></Extensions></Trackpoint><Trackpoint><Time>2026-03-05T10:34:29+00:00</Time><DistanceMeters>1309.6</DistanceMeters><Position><LatitudeDegrees>50.866997</LatitudeDegrees><LongitudeDegrees>4.277415</LongitudeDegrees></Position><AltitudeMeters>40.1</AltitudeMeters><Extensions><TPX xmlns="http://www.garmin.com/xmlschemas/ActivityExtension/v2"><Speed>2.37</Speed></TPX></Extensions></Trackpoint><Trackpoint><Time>2026-03-05T10:34:30+00:00</Time><DistanceMeters>1312.0</DistanceMeters><Position><LatitudeDegrees>50.866989</LatitudeDegrees><LongitudeDegrees>4.277401</LongitudeDegrees></Position><AltitudeMeters>40.1</AltitudeMeters><Extensions><TPX xmlns="http://www.garmin.com/xmlschemas/ActivityExtension/v2"><Speed>1.96</Speed></TPX></Extensions></Trackpoint><Trackpoint><Time>2026-03-05T10:34:31+00:00</Time><DistanceMeters>1314.6</DistanceMeters><Position><LatitudeDegrees>50.866962</LatitudeDegrees><LongitudeDegrees>4.277364</LongitudeDegrees></Position><AltitudeMeters>40.1</AltitudeMeters><Extensions><TPX xmlns="http://www.garmin.com/xmlschemas/ActivityExtension/v2"><Speed>2.067</Speed></TPX></Extensions></Trackpoint><Trackpoint><Time>2026-03-05T10:34:32+00:00</Time><DistanceMeters>1317.2</DistanceMeters><Position><LatitudeDegrees>50.866955</LatitudeDegrees><LongitudeDegrees>4.277351</LongitudeDegrees></Position><AltitudeMeters>40.1</AltitudeMeters><Extensions><TPX xmlns="http://www.garmin.com/xmlschemas/ActivityExtension/v2"><Speed>2.51</Speed></TPX></Extensions></Trackpoint><Trackpoint><Time>2026-03-05T10:34:33+00:00</Time><DistanceMeters>1320.2</DistanceMeters><Position><LatitudeDegrees>50.866925</LatitudeDegrees><LongitudeDegrees>4.27731</LongitudeDegrees></Position><AltitudeMeters>40.2</AltitudeMeters><Extensions><TPX xmlns="http://www.garmin.com/xmlschemas/ActivityExtension/v2"><Speed>2.61</Speed></TPX></Extensions></Trackpoint><Trackpoint><Time>2026-03-05T10:34:34+00:00</Time><DistanceMeters>1323.1</DistanceMeters><Position><LatitudeDegrees>50.866914</LatitudeDegrees><LongitudeDegrees>4.277298</LongitudeDegrees></Position><AltitudeMeters>40.2</AltitudeMeters><Extensions><TPX xmlns="http://www.garmin.com/xmlschemas/ActivityExtension/v2"><Speed>2.71</Speed></TPX></Extensions></Trackpoint><Trackpoint><Time>2026-03-05T10:34:35+00:00</Time><DistanceMeters>1325.9</DistanceMeters><Position><LatitudeDegrees>50.866882</LatitudeDegrees><LongitudeDegrees>4.277263</LongitudeDegrees></Position><AltitudeMeters>40.2</AltitudeMeters><Extensions><TPX xmlns="http://www.garmin.com/xmlschemas/ActivityExtension/v2"><Speed>2.78</Speed></TPX></Extensions></Trackpoint><Trackpoint><Time>2026-03-05T10:34:36+00:00</Time><DistanceMeters>1328.7</DistanceMeters><Position><LatitudeDegrees>50.866872</LatitudeDegrees><LongitudeDegrees>4.277253</LongitudeDegrees></Position><AltitudeMeters>40.2</AltitudeMeters><Extensions><TPX xmlns="http://www.garmin.com/xmlschemas/ActivityExtension/v2"><Speed>2.82</Speed></TPX></Extensions></Trackpoint><Trackpoint><Time>2026-03-05T10:34:37+00:00</Time><DistanceMeters>1331.4</DistanceMeters><Position><LatitudeDegrees>50.866843</LatitudeDegrees><LongitudeDegrees>4.277218</LongitudeDegrees></Position><AltitudeMeters>40.2</AltitudeMeters><Extensions><TPX xmlns="http://www.garmin.com/xmlschemas/ActivityExtension/v2"><Speed>2.84</Speed></TPX></Extensions></Trackpoint><Trackpoint><Time>2026-03-05T10:34:38+00:00</Time><DistanceMeters>1334.1</DistanceMeters><Position><LatitudeDegrees>50.866833</LatitudeDegrees><LongitudeDegrees>4.277207</LongitudeDegrees></Position><AltitudeMeters>40.2</AltitudeMeters><Extensions><TPX xmlns="http://www.garmin.com/xmlschemas/ActivityExtension/v2"><Speed>2.79</Speed></TPX></Extensions></Trackpoint><Trackpoint><Time>2026-03-05T10:34:39+00:00</Time><DistanceMeters>1336.7</DistanceMeters><Position><LatitudeDegrees>50.866806</LatitudeDegrees><LongitudeDegrees>4.277174</LongitudeDegrees></Position><AltitudeMeters>40.3</AltitudeMeters><Extensions><TPX xmlns="http://www.garmin.com/xmlschemas/ActivityExtension/v2"><Speed>2.72</Speed></TPX></Extensions></Trackpoint><Trackpoint><Time>2026-03-05T10:34:40+00:00</Time><DistanceMeters>1339.3</DistanceMeters><Position><LatitudeDegrees>50.866796</LatitudeDegrees><LongitudeDegrees>4.277163</LongitudeDegrees></Position><AltitudeMeters>40.3</AltitudeMeters><Extensions><TPX xmlns="http://www.garmin.com/xmlschemas/ActivityExtension/v2"><Speed>2.68</Speed></TPX></Extensions></Trackpoint><Trackpoint><Time>2026-03-05T10:34:41+00:00</Time><DistanceMeters>1341.7</DistanceMeters><Position><LatitudeDegrees>50.866763</LatitudeDegrees><LongitudeDegrees>4.277121</LongitudeDegrees></Position><AltitudeMeters>40.3</AltitudeMeters><Extensions><TPX xmlns="http://www.garmin.com/xmlschemas/ActivityExtension/v2"><Speed>2.6</Speed></TPX></Extensions></Trackpoint><Trackpoint><Time>2026-03-05T10:34:42+00:00</Time><DistanceMeters>1344.1</DistanceMeters><Position><LatitudeDegrees>50.866744</LatitudeDegrees><LongitudeDegrees>4.277098</LongitudeDegrees></Position><AltitudeMeters>40.3</AltitudeMeters><Extensions><TPX xmlns="http://www.garmin.com/xmlschemas/ActivityExtension/v2"><Speed>2.54</Speed></TPX></Extensions></Trackpoint><Trackpoint><Time>2026-03-05T10:34:44+00:00</Time><DistanceMeters>1349.4</DistanceMeters><Position><LatitudeDegrees>50.866724</LatitudeDegrees><LongitudeDegrees>4.277074</LongitudeDegrees></Position><AltitudeMeters>40.3</AltitudeMeters><Extensions><TPX xmlns="http://www.garmin.com/xmlschemas/ActivityExtension/v2"><Speed>2.54</Speed></TPX></Extensions></Trackpoint><Trackpoint><Time>2026-03-05T10:34:45+00:00</Time><DistanceMeters>1352.1</DistanceMeters><Position><LatitudeDegrees>50.866696</LatitudeDegrees><LongitudeDegrees>4.277039</LongitudeDegrees></Position><AltitudeMeters>40.3</AltitudeMeters><Extensions><TPX xmlns="http://www.garmin.com/xmlschemas/ActivityExtension/v2"><Speed>2.56</Speed></TPX></Extensions></Trackpoint><Trackpoint><Time>2026-03-05T10:34:46+00:00</Time><DistanceMeters>1354.8</DistanceMeters><Position><LatitudeDegrees>50.866686</LatitudeDegrees><LongitudeDegrees>4.277028</LongitudeDegrees></Position><AltitudeMeters>40.3</AltitudeMeters><Extensions><TPX xmlns="http://www.garmin.com/xmlschemas/ActivityExtension/v2"><Speed>2.62</Speed></TPX></Extensions></Trackpoint><Trackpoint><Time>2026-03-05T10:34:47+00:00</Time><DistanceMeters>1357.6</DistanceMeters><Position><LatitudeDegrees>50.866657</LatitudeDegrees><LongitudeDegrees>4.276993</LongitudeDegrees></Position><AltitudeMeters>40.4</AltitudeMeters><Extensions><TPX xmlns="http://www.garmin.com/xmlschemas/ActivityExtension/v2"><Speed>2.69</Speed></TPX></Extensions></Trackpoint><Trackpoint><Time>2026-03-05T10:34:48+00:00</Time><DistanceMeters>1360.3</DistanceMeters><Position><LatitudeDegrees>50.866646</LatitudeDegrees><LongitudeDegrees>4.276981</LongitudeDegrees></Position><AltitudeMeters>40.4</AltitudeMeters><Extensions><TPX xmlns="http://www.garmin.com/xmlschemas/ActivityExtension/v2"><Speed>2.7</Speed></TPX></Extensions></Trackpoint><Trackpoint><Time>2026-03-05T10:34:49+00:00</Time><DistanceMeters>1363.6</DistanceMeters><Position><LatitudeDegrees>50.866622</LatitudeDegrees><LongitudeDegrees>4.276952</LongitudeDegrees></Position><AltitudeMeters>40.4</AltitudeMeters><Extensions><TPX xmlns="http://www.garmin.com/xmlschemas/ActivityExtension/v2"><Speed>2.84</Speed></TPX></Extensions></Trackpoint><Trackpoint><Time>2026-03-05T10:34:50+00:00</Time><DistanceMeters>1367.9</DistanceMeters><Position><LatitudeDegrees>50.866591</LatitudeDegrees><LongitudeDegrees>4.276916</LongitudeDegrees></Position><AltitudeMeters>40.4</AltitudeMeters><Extensions><TPX xmlns="http://www.garmin.com/xmlschemas/ActivityExtension/v2"><Speed>3.16</Speed></TPX></Extensions></Trackpoint><Trackpoint><Time>2026-03-05T10:34:52+00:00</Time><DistanceMeters>1370.5</DistanceMeters><Position><LatitudeDegrees>50.866562</LatitudeDegrees><LongitudeDegrees>4.276882</LongitudeDegrees></Position><AltitudeMeters>40.4</AltitudeMeters><Extensions><TPX xmlns="http://www.garmin.com/xmlschemas/ActivityExtension/v2"><Speed>2.58</Speed></TPX></Extensions></Trackpoint><Trackpoint><Time>2026-03-05T10:34:53+00:00</Time><DistanceMeters>1373.0</DistanceMeters><Position><LatitudeDegrees>50.866554</LatitudeDegrees><LongitudeDegrees>4.276873</LongitudeDegrees></Position><AltitudeMeters>40.4</AltitudeMeters><Extensions><TPX xmlns="http://www.garmin.com/xmlschemas/ActivityExtension/v2"><Speed>2.54</Speed></TPX></Extensions></Trackpoint><Trackpoint><Time>2026-03-05T10:34:54+00:00</Time><DistanceMeters>1375.3</DistanceMeters><Position><LatitudeDegrees>50.866531</LatitudeDegrees><LongitudeDegrees>4.276844</LongitudeDegrees></Position><AltitudeMeters>40.5</AltitudeMeters><Extensions><TPX xmlns="http://www.garmin.com/xmlschemas/ActivityExtension/v2"><Speed>2.33</Speed></TPX></Extensions></Trackpoint><Trackpoint><Time>2026-03-05T10:34:55+00:00</Time><DistanceMeters>1377.5</DistanceMeters><Position><LatitudeDegrees>50.866522</LatitudeDegrees><LongitudeDegrees>4.276833</LongitudeDegrees></Position><AltitudeMeters>40.5</AltitudeMeters><Extensions><TPX xmlns="http://www.garmin.com/xmlschemas/ActivityExtension/v2"><Speed>1.92</Speed></TPX></Extensions></Trackpoint><Trackpoint><Time>2026-03-05T10:34:56+00:00</Time><DistanceMeters>1380.1</DistanceMeters><Position><LatitudeDegrees>50.866495</LatitudeDegrees><LongitudeDegrees>4.2768</LongitudeDegrees></Position><AltitudeMeters>40.5</AltitudeMeters><Extensions><TPX xmlns="http://www.garmin.com/xmlschemas/ActivityExtension/v2"><Speed>2.025</Speed></TPX></Extensions></Trackpoint><Trackpoint><Time>2026-03-05T10:34:57+00:00</Time><DistanceMeters>1382.6</DistanceMeters><Position><LatitudeDegrees>50.866486</LatitudeDegrees><LongitudeDegrees>4.27679</LongitudeDegrees></Position><AltitudeMeters>40.5</AltitudeMeters><Extensions><TPX xmlns="http://www.garmin.com/xmlschemas/ActivityExtension/v2"><Speed>2.43</Speed></TPX></Extensions></Trackpoint><Trackpoint><Time>2026-03-05T10:34:58+00:00</Time><DistanceMeters>1388.0</DistanceMeters><Position><LatitudeDegrees>50.866453</LatitudeDegrees><LongitudeDegrees>4.276733</LongitudeDegrees></Position><AltitudeMeters>40.5</AltitudeMeters><Extensions><TPX xmlns="http://www.garmin.com/xmlschemas/ActivityExtension/v2"><Speed>3.0</Speed></TPX></Extensions></Trackpoint><Trackpoint><Time>2026-03-05T10:35:00+00:00</Time><DistanceMeters>1392.6</DistanceMeters><Position><LatitudeDegrees>50.866426</LatitudeDegrees><LongitudeDegrees>4.276684</LongitudeDegrees></Position><AltitudeMeters>40.5</AltitudeMeters><Extensions><TPX xmlns="http://www.garmin.com/xmlschemas/ActivityExtension/v2"><Speed>3.02</Speed></TPX></Extensions></Trackpoint><Trackpoint><Time>2026-03-05T10:35:01+00:00</Time><DistanceMeters>1394.0</DistanceMeters><Position><LatitudeDegrees>50.866418</LatitudeDegrees><LongitudeDegrees>4.276667</LongitudeDegrees></Position><AltitudeMeters>40.5</AltitudeMeters><Extensions><TPX xmlns="http://www.garmin.com/xmlschemas/ActivityExtension/v2"><Speed>2.79</Speed></TPX></Extensions></Trackpoint><Trackpoint><Time>2026-03-05T10:35:02+00:00</Time><DistanceMeters>1395.4</DistanceMeters><Position><LatitudeDegrees>50.866411</LatitudeDegrees><LongitudeDegrees>4.27665</LongitudeDegrees></Position><AltitudeMeters>40.6</AltitudeMeters><Extensions><TPX xmlns="http://www.garmin.com/xmlschemas/ActivityExtension/v2"><Speed>2.56</Speed></TPX></Extensions></Trackpoint><Trackpoint><Time>2026-03-05T10:35:03+00:00</Time><DistanceMeters>1398.8</DistanceMeters><Position><LatitudeDegrees>50.866388</LatitudeDegrees><LongitudeDegrees>4.276619</LongitudeDegrees></Position><AltitudeMeters>40.6</AltitudeMeters><Extensions><TPX xmlns="http://www.garmin.com/xmlschemas/ActivityExtension/v2"><Speed>2.16</Speed></TPX></Extensions></Trackpoint><Trackpoint><Time>2026-03-05T10:35:05+00:00</Time><DistanceMeters>1401.0</DistanceMeters><Position><LatitudeDegrees>50.866365</LatitudeDegrees><LongitudeDegrees>4.27659</LongitudeDegrees></Position><AltitudeMeters>40.6</AltitudeMeters><Extensions><TPX xmlns="http://www.garmin.com/xmlschemas/ActivityExtension/v2"><Speed>1.68</Speed></TPX></Extensions></Trackpoint><Trackpoint><Time>2026-03-05T10:35:06+00:00</Time><DistanceMeters>1403.2</DistanceMeters><Position><LatitudeDegrees>50.866357</LatitudeDegrees><LongitudeDegrees>4.27658</LongitudeDegrees></Position><AltitudeMeters>40.6</AltitudeMeters><Extensions><TPX xmlns="http://www.garmin.com/xmlschemas/ActivityExtension/v2"><Speed>1.84</Speed></TPX></Extensions></Trackpoint><Trackpoint><Time>2026-03-05T10:35:07+00:00</Time><DistanceMeters>1407.9</DistanceMeters><Position><LatitudeDegrees>50.866324</LatitudeDegrees><LongitudeDegrees>4.276537</LongitudeDegrees></Position><AltitudeMeters>40.6</AltitudeMeters><Extensions><TPX xmlns="http://www.garmin.com/xmlschemas/ActivityExtension/v2"><Speed>2.5</Speed></TPX></Extensions></Trackpoint><Trackpoint><Time>2026-03-05T10:35:09+00:00</Time><DistanceMeters>1410.3</DistanceMeters><Position><LatitudeDegrees>50.866298</LatitudeDegrees><LongitudeDegrees>4.276506</LongitudeDegrees></Position><AltitudeMeters>40.6</AltitudeMeters><Extensions><TPX xmlns="http://www.garmin.com/xmlschemas/ActivityExtension/v2"><Speed>1.908</Speed></TPX></Extensions></Trackpoint><Trackpoint><Time>2026-03-05T10:35:10+00:00</Time><DistanceMeters>1412.6</DistanceMeters><Position><LatitudeDegrees>50.86629</LatitudeDegrees><LongitudeDegrees>4.276499</LongitudeDegrees></Position><AltitudeMeters>40.6</AltitudeMeters><Extensions><TPX xmlns="http://www.garmin.com/xmlschemas/ActivityExtension/v2"><Speed>2.32</Speed></TPX></Extensions></Trackpoint><Trackpoint><Time>2026-03-05T10:35:11+00:00</Time><DistanceMeters>1416.9</DistanceMeters><Position><LatitudeDegrees>50.866256</LatitudeDegrees><LongitudeDegrees>4.27647</LongitudeDegrees></Position><AltitudeMeters>40.7</AltitudeMeters><Extensions><TPX xmlns="http://www.garmin.com/xmlschemas/ActivityExtension/v2"><Speed>2.74</Speed></TPX></Extensions></Trackpoint><Trackpoint><Time>2026-03-05T10:35:13+00:00</Time><DistanceMeters>1419.4</DistanceMeters><Position><LatitudeDegrees>50.866227</LatitudeDegrees><LongitudeDegrees>4.276445</LongitudeDegrees></Position><AltitudeMeters>40.7</AltitudeMeters><Extensions><TPX xmlns="http://www.garmin.com/xmlschemas/ActivityExtension/v2"><Speed>1.908</Speed></TPX></Extensions></Trackpoint><Trackpoint><Time>2026-03-05T10:35:14+00:00</Time><DistanceMeters>1421.8</DistanceMeters><Position><LatitudeDegrees>50.866217</LatitudeDegrees><LongitudeDegrees>4.276437</LongitudeDegrees></Position><AltitudeMeters>40.7</AltitudeMeters><Extensions><TPX xmlns="http://www.garmin.com/xmlschemas/ActivityExtension/v2"><Speed>2.31</Speed></TPX></Extensions></Trackpoint><Trackpoint><Time>2026-03-05T10:35:15+00:00</Time><DistanceMeters>1424.3</DistanceMeters><Position><LatitudeDegrees>50.86619</LatitudeDegrees><LongitudeDegrees>4.27641</LongitudeDegrees></Position><AltitudeMeters>40.7</AltitudeMeters><Extensions><TPX xmlns="http://www.garmin.com/xmlschemas/ActivityExtension/v2"><Speed>2.33</Speed></TPX></Extensions></Trackpoint><Trackpoint><Time>2026-03-05T10:35:16+00:00</Time><DistanceMeters>1426.7</DistanceMeters><Position><LatitudeDegrees>50.86618</LatitudeDegrees><LongitudeDegrees>4.276401</LongitudeDegrees></Position><AltitudeMeters>40.7</AltitudeMeters><Extensions><TPX xmlns="http://www.garmin.com/xmlschemas/ActivityExtension/v2"><Speed>1.96</Speed></TPX></Extensions></Trackpoint><Trackpoint><Time>2026-03-05T10:35:17+00:00</Time><DistanceMeters>1429.2</DistanceMeters><Position><LatitudeDegrees>50.866152</LatitudeDegrees><LongitudeDegrees>4.276372</LongitudeDegrees></Position><AltitudeMeters>40.7</AltitudeMeters><Extensions><TPX xmlns="http://www.garmin.com/xmlschemas/ActivityExtension/v2"><Speed>2.042</Speed></TPX></Extensions></Trackpoint><Trackpoint><Time>2026-03-05T10:35:18+00:00</Time><DistanceMeters>1431.6</DistanceMeters><Position><LatitudeDegrees>50.866143</LatitudeDegrees><LongitudeDegrees>4.276363</LongitudeDegrees></Position><AltitudeMeters>40.7</AltitudeMeters><Extensions><TPX xmlns="http://www.garmin.com/xmlschemas/ActivityExtension/v2"><Speed>2.45</Speed></TPX></Extensions></Trackpoint><Trackpoint><Time>2026-03-05T10:35:19+00:00</Time><DistanceMeters>1433.9</DistanceMeters><Position><LatitudeDegrees>50.866108</LatitudeDegrees><LongitudeDegrees>4.276325</LongitudeDegrees></Position><AltitudeMeters>40.7</AltitudeMeters><Extensions><TPX xmlns="http://www.garmin.com/xmlschemas/ActivityExtension/v2"><Speed>2.43</Speed></TPX></Extensions></Trackpoint><Trackpoint><Time>2026-03-05T10:35:20+00:00</Time><DistanceMeters>1436.3</DistanceMeters><Position><LatitudeDegrees>50.866091</LatitudeDegrees><LongitudeDegrees>4.276307</LongitudeDegrees></Position><AltitudeMeters>40.8</AltitudeMeters><Extensions><TPX xmlns="http://www.garmin.com/xmlschemas/ActivityExtension/v2"><Speed>2.41</Speed></TPX></Extensions></Trackpoint><Trackpoint><Time>2026-03-05T10:35:22+00:00</Time><DistanceMeters>1440.9</DistanceMeters><Position><LatitudeDegrees>50.866073</LatitudeDegrees><LongitudeDegrees>4.276289</LongitudeDegrees></Position><AltitudeMeters>40.8</AltitudeMeters><Extensions><TPX xmlns="http://www.garmin.com/xmlschemas/ActivityExtension/v2"><Speed>2.35</Speed></TPX></Extensions></Trackpoint><Trackpoint><Time>2026-03-05T10:35:23+00:00</Time><DistanceMeters>1443.2</DistanceMeters><Position><LatitudeDegrees>50.866047</LatitudeDegrees><LongitudeDegrees>4.276263</LongitudeDegrees></Position><AltitudeMeters>40.8</AltitudeMeters><Extensions><TPX xmlns="http://www.garmin.com/xmlschemas/ActivityExtension/v2"><Speed>2.32</Speed></TPX></Extensions></Trackpoint><Trackpoint><Time>2026-03-05T10:35:24+00:00</Time><DistanceMeters>1445.5</DistanceMeters><Position><LatitudeDegrees>50.866038</LatitudeDegrees><LongitudeDegrees>4.276255</LongitudeDegrees></Position><AltitudeMeters>40.8</AltitudeMeters><Extensions><TPX xmlns="http://www.garmin.com/xmlschemas/ActivityExtension/v2"><Speed>2.31</Speed></TPX></Extensions></Trackpoint><Trackpoint><Time>2026-03-05T10:35:25+00:00</Time><DistanceMeters>1447.9</DistanceMeters><Position><LatitudeDegrees>50.866012</LatitudeDegrees><LongitudeDegrees>4.276227</LongitudeDegrees></Position><AltitudeMeters>40.8</AltitudeMeters><Extensions><TPX xmlns="http://www.garmin.com/xmlschemas/ActivityExtension/v2"><Speed>2.31</Speed></TPX></Extensions></Trackpoint><Trackpoint><Time>2026-03-05T10:35:26+00:00</Time><DistanceMeters>1450.2</DistanceMeters><Position><LatitudeDegrees>50.866003</LatitudeDegrees><LongitudeDegrees>4.276218</LongitudeDegrees></Position><AltitudeMeters>40.9</AltitudeMeters><Extensions><TPX xmlns="http://www.garmin.com/xmlschemas/ActivityExtension/v2"><Speed>2.317</Speed></TPX></Extensions></Trackpoint><Trackpoint><Time>2026-03-05T10:35:27+00:00</Time><DistanceMeters>1452.7</DistanceMeters><Position><LatitudeDegrees>50.865977</LatitudeDegrees><LongitudeDegrees>4.276186</LongitudeDegrees></Position><AltitudeMeters>40.9</AltitudeMeters><Extensions><TPX xmlns="http://www.garmin.com/xmlschemas/ActivityExtension/v2"><Speed>2.35</Speed></TPX></Extensions></Trackpoint><Trackpoint><Time>2026-03-05T10:35:28+00:00</Time><DistanceMeters>1455.1</DistanceMeters><Position><LatitudeDegrees>50.865967</LatitudeDegrees><LongitudeDegrees>4.276176</LongitudeDegrees></Position><AltitudeMeters>40.9</AltitudeMeters><Extensions><TPX xmlns="http://www.garmin.com/xmlschemas/ActivityExtension/v2"><Speed>2.38</Speed></TPX></Extensions></Trackpoint><Trackpoint><Time>2026-03-05T10:35:29+00:00</Time><DistanceMeters>1457.7</DistanceMeters><Position><LatitudeDegrees>50.865939</LatitudeDegrees><LongitudeDegrees>4.276145</LongitudeDegrees></Position><AltitudeMeters>40.9</AltitudeMeters><Extensions><TPX xmlns="http://www.garmin.com/xmlschemas/ActivityExtension/v2"><Speed>2.44</Speed></TPX></Extensions></Trackpoint><Trackpoint><Time>2026-03-05T10:35:30+00:00</Time><DistanceMeters>1460.3</DistanceMeters><Position><LatitudeDegrees>50.865928</LatitudeDegrees><LongitudeDegrees>4.276135</LongitudeDegrees></Position><AltitudeMeters>40.9</AltitudeMeters><Extensions><TPX xmlns="http://www.garmin.com/xmlschemas/ActivityExtension/v2"><Speed>2.49</Speed></TPX></Extensions></Trackpoint><Trackpoint><Time>2026-03-05T10:35:31+00:00</Time><DistanceMeters>1463.1</DistanceMeters><Position><LatitudeDegrees>50.865897</LatitudeDegrees><LongitudeDegrees>4.276103</LongitudeDegrees></Position><AltitudeMeters>40.9</AltitudeMeters><Extensions><TPX xmlns="http://www.garmin.com/xmlschemas/ActivityExtension/v2"><Speed>2.57</Speed></TPX></Extensions></Trackpoint><Trackpoint><Time>2026-03-05T10:35:32+00:00</Time><DistanceMeters>1465.8</DistanceMeters><Position><LatitudeDegrees>50.865887</LatitudeDegrees><LongitudeDegrees>4.276093</LongitudeDegrees></Position><AltitudeMeters>40.9</AltitudeMeters><Extensions><TPX xmlns="http://www.garmin.com/xmlschemas/ActivityExtension/v2"><Speed>2.63</Speed></TPX></Extensions></Trackpoint><Trackpoint><Time>2026-03-05T10:35:33+00:00</Time><DistanceMeters>1470.9</DistanceMeters><Position><LatitudeDegrees>50.865849</LatitudeDegrees><LongitudeDegrees>4.276053</LongitudeDegrees></Position><AltitudeMeters>41.0</AltitudeMeters><Extensions><TPX xmlns="http://www.garmin.com/xmlschemas/ActivityExtension/v2"><Speed>3.16</Speed></TPX></Extensions></Trackpoint><Trackpoint><Time>2026-03-05T10:35:35+00:00</Time><DistanceMeters>1475.7</DistanceMeters><Position><LatitudeDegrees>50.865806</LatitudeDegrees><LongitudeDegrees>4.276011</LongitudeDegrees></Position><AltitudeMeters>41.0</AltitudeMeters><Extensions><TPX xmlns="http://www.garmin.com/xmlschemas/ActivityExtension/v2"><Speed>3.073</Speed></TPX></Extensions></Trackpoint><Trackpoint><Time>2026-03-05T10:35:36+00:00</Time><DistanceMeters>1477.4</DistanceMeters><Position><LatitudeDegrees>50.865785</LatitudeDegrees><LongitudeDegrees>4.275994</LongitudeDegrees></Position><AltitudeMeters>41.0</AltitudeMeters><Extensions><TPX xmlns="http://www.garmin.com/xmlschemas/ActivityExtension/v2"><Speed>2.877</Speed></TPX></Extensions></Trackpoint><Trackpoint><Time>2026-03-05T10:35:37+00:00</Time><DistanceMeters>1479.2</DistanceMeters><Position><LatitudeDegrees>50.865765</LatitudeDegrees><LongitudeDegrees>4.275976</LongitudeDegrees></Position><AltitudeMeters>41.0</AltitudeMeters><Extensions><TPX xmlns="http://www.garmin.com/xmlschemas/ActivityExtension/v2"><Speed>2.68</Speed></TPX></Extensions></Trackpoint><Trackpoint><Time>2026-03-05T10:35:39+00:00</Time><DistanceMeters>1484.4</DistanceMeters><Position><LatitudeDegrees>50.865744</LatitudeDegrees><LongitudeDegrees>4.275955</LongitudeDegrees></Position><AltitudeMeters>41.0</AltitudeMeters><Extensions><TPX xmlns="http://www.garmin.com/xmlschemas/ActivityExtension/v2"><Speed>2.25</Speed></TPX></Extensions></Trackpoint><Trackpoint><Time>2026-03-05T10:35:40+00:00</Time><DistanceMeters>1486.9</DistanceMeters><Position><LatitudeDegrees>50.865719</LatitudeDegrees><LongitudeDegrees>4.27592</LongitudeDegrees></Position><AltitudeMeters>41.1</AltitudeMeters><Extensions><TPX xmlns="http://www.garmin.com/xmlschemas/ActivityExtension/v2"><Speed>2.237</Speed></TPX></Extensions></Trackpoint><Trackpoint><Time>2026-03-05T10:35:41+00:00</Time><DistanceMeters>1489.3</DistanceMeters><Position><LatitudeDegrees>50.865711</LatitudeDegrees><LongitudeDegrees>4.275909</LongitudeDegrees></Position><AltitudeMeters>41.1</AltitudeMeters><Extensions><TPX xmlns="http://www.garmin.com/xmlschemas/ActivityExtension/v2"><Speed>2.373</Speed></TPX></Extensions></Trackpoint><Trackpoint><Time>2026-03-05T10:35:42+00:00</Time><DistanceMeters>1493.8</DistanceMeters><Position><LatitudeDegrees>50.865682</LatitudeDegrees><LongitudeDegrees>4.275864</LongitudeDegrees></Position><AltitudeMeters>41.1</AltitudeMeters><Extensions><TPX xmlns="http://www.garmin.com/xmlschemas/ActivityExtension/v2"><Speed>2.92</Speed></TPX></Extensions></Trackpoint><Trackpoint><Time>2026-03-05T10:35:44+00:00</Time><DistanceMeters>1496.0</DistanceMeters><Position><LatitudeDegrees>50.865648</LatitudeDegrees><LongitudeDegrees>4.275832</LongitudeDegrees></Position><AltitudeMeters>41.1</AltitudeMeters><Extensions><TPX xmlns="http://www.garmin.com/xmlschemas/ActivityExtension/v2"><Speed>2.32</Speed></TPX></Extensions></Trackpoint><Trackpoint><Time>2026-03-05T10:35:45+00:00</Time><DistanceMeters>1498.2</DistanceMeters><Position><LatitudeDegrees>50.865632</LatitudeDegrees><LongitudeDegrees>4.27582</LongitudeDegrees></Position><AltitudeMeters>41.1</AltitudeMeters><Extensions><TPX xmlns="http://www.garmin.com/xmlschemas/ActivityExtension/v2"><Speed>2.27</Speed></TPX></Extensions></Trackpoint><Trackpoint><Time>2026-03-05T10:35:46+00:00</Time><DistanceMeters>1502.3</DistanceMeters><Position><LatitudeDegrees>50.865615</LatitudeDegrees><LongitudeDegrees>4.275805</LongitudeDegrees></Position><AltitudeMeters>41.1</AltitudeMeters><Extensions><TPX xmlns="http://www.garmin.com/xmlschemas/ActivityExtension/v2"><Speed>2.6</Speed></TPX></Extensions></Trackpoint><Trackpoint><Time>2026-03-05T10:35:48+00:00</Time><DistanceMeters>1504.6</DistanceMeters><Position><LatitudeDegrees>50.86559</LatitudeDegrees><LongitudeDegrees>4.275783</LongitudeDegrees></Position><AltitudeMeters>41.2</AltitudeMeters><Extensions><TPX xmlns="http://www.garmin.com/xmlschemas/ActivityExtension/v2"><Speed>1.792</Speed></TPX></Extensions></Trackpoint><Trackpoint><Time>2026-03-05T10:35:49+00:00</Time><DistanceMeters>1506.8</DistanceMeters><Position><LatitudeDegrees>50.86558</LatitudeDegrees><LongitudeDegrees>4.275775</LongitudeDegrees></Position><AltitudeMeters>41.2</AltitudeMeters><Extensions><TPX xmlns="http://www.garmin.com/xmlschemas/ActivityExtension/v2"><Speed>2.16</Speed></TPX></Extensions></Trackpoint><Trackpoint><Time>2026-03-05T10:35:50+00:00</Time><DistanceMeters>1511.6</DistanceMeters><Position><LatitudeDegrees>50.865543</LatitudeDegrees><LongitudeDegrees>4.275738</LongitudeDegrees></Position><AltitudeMeters>41.2</AltitudeMeters><Extensions><TPX xmlns="http://www.garmin.com/xmlschemas/ActivityExtension/v2"><Speed>2.68</Speed></TPX></Extensions></Trackpoint><Trackpoint><Time>2026-03-05T10:35:52+00:00</Time><DistanceMeters>1514.2</DistanceMeters><Position><LatitudeDegrees>50.865517</LatitudeDegrees><LongitudeDegrees>4.275698</LongitudeDegrees></Position><AltitudeMeters>41.2</AltitudeMeters><Extensions><TPX xmlns="http://www.garmin.com/xmlschemas/ActivityExtension/v2"><Speed>1.983</Speed></TPX></Extensions></Trackpoint><Trackpoint><Time>2026-03-05T10:35:53+00:00</Time><DistanceMeters>1516.8</DistanceMeters><Position><LatitudeDegrees>50.865508</LatitudeDegrees><LongitudeDegrees>4.27569</LongitudeDegrees></Position><AltitudeMeters>41.2</AltitudeMeters><Extensions><TPX xmlns="http://www.garmin.com/xmlschemas/ActivityExtension/v2"><Speed>2.45</Speed></TPX></Extensions></Trackpoint><Trackpoint><Time>2026-03-05T10:35:54+00:00</Time><DistanceMeters>1519.5</DistanceMeters><Position><LatitudeDegrees>50.865476</LatitudeDegrees><LongitudeDegrees>4.275661</LongitudeDegrees></Position><AltitudeMeters>41.2</AltitudeMeters><Extensions><TPX xmlns="http://www.garmin.com/xmlschemas/ActivityExtension/v2"><Speed>2.54</Speed></TPX></Extensions></Trackpoint><Trackpoint><Time>2026-03-05T10:35:55+00:00</Time><DistanceMeters>1522.2</DistanceMeters><Position><LatitudeDegrees>50.865466</LatitudeDegrees><LongitudeDegrees>4.275652</LongitudeDegrees></Position><AltitudeMeters>41.2</AltitudeMeters><Extensions><TPX xmlns="http://www.garmin.com/xmlschemas/ActivityExtension/v2"><Speed>2.12</Speed></TPX></Extensions></Trackpoint><Trackpoint><Time>2026-03-05T10:35:56+00:00</Time><DistanceMeters>1525.0</DistanceMeters><Position><LatitudeDegrees>50.865436</LatitudeDegrees><LongitudeDegrees>4.275616</LongitudeDegrees></Position><AltitudeMeters>41.3</AltitudeMeters><Extensions><TPX xmlns="http://www.garmin.com/xmlschemas/ActivityExtension/v2"><Speed>2.225</Speed></TPX></Extensions></Trackpoint><Trackpoint><Time>2026-03-05T10:35:57+00:00</Time><DistanceMeters>1527.7</DistanceMeters><Position><LatitudeDegrees>50.865427</LatitudeDegrees><LongitudeDegrees>4.275604</LongitudeDegrees></Position><AltitudeMeters>41.3</AltitudeMeters><Extensions><TPX xmlns="http://www.garmin.com/xmlschemas/ActivityExtension/v2"><Speed>2.7</Speed></TPX></Extensions></Trackpoint><Trackpoint><Time>2026-03-05T10:35:58+00:00</Time><DistanceMeters>1530.4</DistanceMeters><Position><LatitudeDegrees>50.865399</LatitudeDegrees><LongitudeDegrees>4.275567</LongitudeDegrees></Position><AltitudeMeters>41.3</AltitudeMeters><Extensions><TPX xmlns="http://www.garmin.com/xmlschemas/ActivityExtension/v2"><Speed>2.72</Speed></TPX></Extensions></Trackpoint><Trackpoint><Time>2026-03-05T10:35:59+00:00</Time><DistanceMeters>1533.1</DistanceMeters><Position><LatitudeDegrees>50.865389</LatitudeDegrees><LongitudeDegrees>4.275555</LongitudeDegrees></Position><AltitudeMeters>41.3</AltitudeMeters><Extensions><TPX xmlns="http://www.garmin.com/xmlschemas/ActivityExtension/v2"><Speed>2.72</Speed></TPX></Extensions></Trackpoint><Trackpoint><Time>2026-03-05T10:36:00+00:00</Time><DistanceMeters>1535.7</DistanceMeters><Position><LatitudeDegrees>50.865354</LatitudeDegrees><LongitudeDegrees>4.275508</LongitudeDegrees></Position><AltitudeMeters>41.3</AltitudeMeters><Extensions><TPX xmlns="http://www.garmin.com/xmlschemas/ActivityExtension/v2"><Speed>2.7</Speed></TPX></Extensions></Trackpoint><Trackpoint><Time>2026-03-05T10:36:01+00:00</Time><DistanceMeters>1538.3</DistanceMeters><Position><LatitudeDegrees>50.865337</LatitudeDegrees><LongitudeDegrees>4.275486</LongitudeDegrees></Position><AltitudeMeters>41.3</AltitudeMeters><Extensions><TPX xmlns="http://www.garmin.com/xmlschemas/ActivityExtension/v2"><Speed>2.67</Speed></TPX></Extensions></Trackpoint><Trackpoint><Time>2026-03-05T10:36:03+00:00</Time><DistanceMeters>1543.0</DistanceMeters><Position><LatitudeDegrees>50.865323</LatitudeDegrees><LongitudeDegrees>4.27546</LongitudeDegrees></Position><AltitudeMeters>41.3</AltitudeMeters><Extensions><TPX xmlns="http://www.garmin.com/xmlschemas/ActivityExtension/v2"><Speed>2.52</Speed></TPX></Extensions></Trackpoint><Trackpoint><Time>2026-03-05T10:36:04+00:00</Time><DistanceMeters>1545.1</DistanceMeters><Position><LatitudeDegrees>50.865295</LatitudeDegrees><LongitudeDegrees>4.275421</LongitudeDegrees></Position><AltitudeMeters>41.4</AltitudeMeters><Extensions><TPX xmlns="http://www.garmin.com/xmlschemas/ActivityExtension/v2"><Speed>2.39</Speed></TPX></Extensions></Trackpoint><Trackpoint><Time>2026-03-05T10:36:05+00:00</Time><DistanceMeters>1547.1</DistanceMeters><Position><LatitudeDegrees>50.865281</LatitudeDegrees><LongitudeDegrees>4.275402</LongitudeDegrees></Position><AltitudeMeters>41.4</AltitudeMeters><Extensions><TPX xmlns="http://www.garmin.com/xmlschemas/ActivityExtension/v2"><Speed>2.28</Speed></TPX></Extensions></Trackpoint><Trackpoint><Time>2026-03-05T10:36:07+00:00</Time><DistanceMeters>1551.8</DistanceMeters><Position><LatitudeDegrees>50.865265</LatitudeDegrees><LongitudeDegrees>4.275375</LongitudeDegrees></Position><AltitudeMeters>41.4</AltitudeMeters><Extensions><TPX xmlns="http://www.garmin.com/xmlschemas/ActivityExtension/v2"><Speed>2.25</Speed></TPX></Extensions></Trackpoint><Trackpoint><Time>2026-03-05T10:36:08+00:00</Time><DistanceMeters>1554.4</DistanceMeters><Position><LatitudeDegrees>50.865228</LatitudeDegrees><LongitudeDegrees>4.275331</LongitudeDegrees></Position><AltitudeMeters>41.4</AltitudeMeters><Extensions><TPX xmlns="http://www.garmin.com/xmlschemas/ActivityExtension/v2"><Speed>2.29</Speed></TPX></Extensions></Trackpoint><Trackpoint><Time>2026-03-05T10:36:09+00:00</Time><DistanceMeters>1557.1</DistanceMeters><Position><LatitudeDegrees>50.865209</LatitudeDegrees><LongitudeDegrees>4.27531</LongitudeDegrees></Position><AltitudeMeters>41.4</AltitudeMeters><Extensions><TPX xmlns="http://www.garmin.com/xmlschemas/ActivityExtension/v2"><Speed>2.41</Speed></TPX></Extensions></Trackpoint><Trackpoint><Time>2026-03-05T10:36:11+00:00</Time><DistanceMeters>1562.3</DistanceMeters><Position><LatitudeDegrees>50.865189</LatitudeDegrees><LongitudeDegrees>4.275287</LongitudeDegrees></Position><AltitudeMeters>41.4</AltitudeMeters><Extensions><TPX xmlns="http://www.garmin.com/xmlschemas/ActivityExtension/v2"><Speed>2.533</Speed></TPX></Extensions></Trackpoint><Trackpoint><Time>2026-03-05T10:36:12+00:00</Time><DistanceMeters>1564.9</DistanceMeters><Position><LatitudeDegrees>50.865149</LatitudeDegrees><LongitudeDegrees>4.275246</LongitudeDegrees></Position><AltitudeMeters>41.5</AltitudeMeters><Extensions><TPX xmlns="http://www.garmin.com/xmlschemas/ActivityExtension/v2"><Speed>2.63</Speed></TPX></Extensions></Trackpoint><Trackpoint><Time>2026-03-05T10:36:13+00:00</Time><DistanceMeters>1567.6</DistanceMeters><Position><LatitudeDegrees>50.86513</LatitudeDegrees><LongitudeDegrees>4.275227</LongitudeDegrees></Position><AltitudeMeters>41.5</AltitudeMeters><Extensions><TPX xmlns="http://www.garmin.com/xmlschemas/ActivityExtension/v2"><Speed>2.63</Speed></TPX></Extensions></Trackpoint><Trackpoint><Time>2026-03-05T10:36:15+00:00</Time><DistanceMeters>1572.3</DistanceMeters><Position><LatitudeDegrees>50.865111</LatitudeDegrees><LongitudeDegrees>4.275215</LongitudeDegrees></Position><AltitudeMeters>41.5</AltitudeMeters><Extensions><TPX xmlns="http://www.garmin.com/xmlschemas/ActivityExtension/v2"><Speed>2.533</Speed></TPX></Extensions></Trackpoint><Trackpoint><Time>2026-03-05T10:36:16+00:00</Time><DistanceMeters>1572.3</DistanceMeters><Position><LatitudeDegrees>50.865098</LatitudeDegrees><LongitudeDegrees>4.275205</LongitudeDegrees></Position><AltitudeMeters>41.5</AltitudeMeters><Extensions><TPX xmlns="http://www.garmin.com/xmlschemas/ActivityExtension/v2"><Speed>2.0</Speed></TPX></Extensions></Trackpoint><Trackpoint><Time>2026-03-05T10:36:17+00:00</Time><DistanceMeters>1575.7</DistanceMeters><Position><LatitudeDegrees>50.865085</LatitudeDegrees><LongitudeDegrees>4.275192</LongitudeDegrees></Position><AltitudeMeters>41.5</AltitudeMeters><Extensions><TPX xmlns="http://www.garmin.com/xmlschemas/ActivityExtension/v2"><Speed>2.15</Speed></TPX></Extensions></Trackpoint><Trackpoint><Time>2026-03-05T10:36:18+00:00</Time><DistanceMeters>1577.8</DistanceMeters><Position><LatitudeDegrees>50.865067</LatitudeDegrees><LongitudeDegrees>4.275157</LongitudeDegrees></Position><AltitudeMeters>41.5</AltitudeMeters><Extensions><TPX xmlns="http://www.garmin.com/xmlschemas/ActivityExtension/v2"><Speed>2.04</Speed></TPX></Extensions></Trackpoint><Trackpoint><Time>2026-03-05T10:36:19+00:00</Time><DistanceMeters>1579.9</DistanceMeters><Position><LatitudeDegrees>50.865063</LatitudeDegrees><LongitudeDegrees>4.275141</LongitudeDegrees></Position><AltitudeMeters>41.5</AltitudeMeters><Extensions><TPX xmlns="http://www.garmin.com/xmlschemas/ActivityExtension/v2"><Speed>2.05</Speed></TPX></Extensions></Trackpoint><Trackpoint><Time>2026-03-05T10:36:20+00:00</Time><DistanceMeters>1584.6</DistanceMeters><Position><LatitudeDegrees>50.865028</LatitudeDegrees><LongitudeDegrees>4.275105</LongitudeDegrees></Position><AltitudeMeters>41.5</AltitudeMeters><Extensions><TPX xmlns="http://www.garmin.com/xmlschemas/ActivityExtension/v2"><Speed>2.46</Speed></TPX></Extensions></Trackpoint><Trackpoint><Time>2026-03-05T10:36:22+00:00</Time><DistanceMeters>1587.3</DistanceMeters><Position><LatitudeDegrees>50.864996</LatitudeDegrees><LongitudeDegrees>4.275076</LongitudeDegrees></Position><AltitudeMeters>41.5</AltitudeMeters><Extensions><TPX xmlns="http://www.garmin.com/xmlschemas/ActivityExtension/v2"><Speed>2.32</Speed></TPX></Extensions></Trackpoint><Trackpoint><Time>2026-03-05T10:36:23+00:00</Time><DistanceMeters>1590.0</DistanceMeters><Position><LatitudeDegrees>50.864986</LatitudeDegrees><LongitudeDegrees>4.275067</LongitudeDegrees></Position><AltitudeMeters>41.5</AltitudeMeters><Extensions><TPX xmlns="http://www.garmin.com/xmlschemas/ActivityExtension/v2"><Speed>2.44</Speed></TPX></Extensions></Trackpoint><Trackpoint><Time>2026-03-05T10:36:24+00:00</Time><DistanceMeters>1592.5</DistanceMeters><Position><LatitudeDegrees>50.864957</LatitudeDegrees><LongitudeDegrees>4.275038</LongitudeDegrees></Position><AltitudeMeters>41.5</AltitudeMeters><Extensions><TPX xmlns="http://www.garmin.com/xmlschemas/ActivityExtension/v2"><Speed>2.52</Speed></TPX></Extensions></Trackpoint><Trackpoint><Time>2026-03-05T10:36:25+00:00</Time><DistanceMeters>1595.0</DistanceMeters><Position><LatitudeDegrees>50.864948</LatitudeDegrees><LongitudeDegrees>4.275029</LongitudeDegrees></Position><AltitudeMeters>41.5</AltitudeMeters><Extensions><TPX xmlns="http://www.garmin.com/xmlschemas/ActivityExtension/v2"><Speed>2.08</Speed></TPX></Extensions></Trackpoint><Trackpoint><Time>2026-03-05T10:36:26+00:00</Time><DistanceMeters>1597.3</DistanceMeters><Position><LatitudeDegrees>50.864917</LatitudeDegrees><LongitudeDegrees>4.274989</LongitudeDegrees></Position><AltitudeMeters>41.5</AltitudeMeters><Extensions><TPX xmlns="http://www.garmin.com/xmlschemas/ActivityExtension/v2"><Speed>2.108</Speed></TPX></Extensions></Trackpoint><Trackpoint><Time>2026-03-05T10:36:27+00:00</Time><DistanceMeters>1599.5</DistanceMeters><Position><LatitudeDegrees>50.864903</LatitudeDegrees><LongitudeDegrees>4.274969</LongitudeDegrees></Position><AltitudeMeters>41.5</AltitudeMeters><Extensions><TPX xmlns="http://www.garmin.com/xmlschemas/ActivityExtension/v2"><Speed>2.44</Speed></TPX></Extensions></Trackpoint><Trackpoint><Time>2026-03-05T10:36:29+00:00</Time><DistanceMeters>1603.7</DistanceMeters><Position><LatitudeDegrees>50.864892</LatitudeDegrees><LongitudeDegrees>4.274943</LongitudeDegrees></Position><AltitudeMeters>41.5</AltitudeMeters><Extensions><TPX xmlns="http://www.garmin.com/xmlschemas/ActivityExtension/v2"><Speed>2.24</Speed></TPX></Extensions></Trackpoint><Trackpoint><Time>2026-03-05T10:36:30+00:00</Time><DistanceMeters>1605.8</DistanceMeters><Position><LatitudeDegrees>50.864868</LatitudeDegrees><LongitudeDegrees>4.274896</LongitudeDegrees></Position><AltitudeMeters>41.5</AltitudeMeters><Extensions><TPX xmlns="http://www.garmin.com/xmlschemas/ActivityExtension/v2"><Speed>2.16</Speed></TPX></Extensions></Trackpoint><Trackpoint><Time>2026-03-05T10:36:31+00:00</Time><DistanceMeters>1607.9</DistanceMeters><Position><LatitudeDegrees>50.864854</LatitudeDegrees><LongitudeDegrees>4.274874</LongitudeDegrees></Position><AltitudeMeters>41.5</AltitudeMeters><Extensions><TPX xmlns="http://www.garmin.com/xmlschemas/ActivityExtension/v2"><Speed>2.13</Speed></TPX></Extensions></Trackpoint><Trackpoint><Time>2026-03-05T10:36:33+00:00</Time><DistanceMeters>1613.0</DistanceMeters><Position><LatitudeDegrees>50.864834</LatitudeDegrees><LongitudeDegrees>4.274849</LongitudeDegrees></Position><AltitudeMeters>41.5</AltitudeMeters><Extensions><TPX xmlns="http://www.garmin.com/xmlschemas/ActivityExtension/v2"><Speed>2.25</Speed></TPX></Extensions></Trackpoint><Trackpoint><Time>2026-03-05T10:36:34+00:00</Time><DistanceMeters>1615.7</DistanceMeters><Position><LatitudeDegrees>50.864798</LatitudeDegrees><LongitudeDegrees>4.274798</LongitudeDegrees></Position><AltitudeMeters>41.5</AltitudeMeters><Extensions><TPX xmlns="http://www.garmin.com/xmlschemas/ActivityExtension/v2"><Speed>2.4</Speed></TPX></Extensions></Trackpoint><Trackpoint><Time>2026-03-05T10:36:35+00:00</Time><DistanceMeters>1618.4</DistanceMeters><Position><LatitudeDegrees>50.86478</LatitudeDegrees><LongitudeDegrees>4.274772</LongitudeDegrees></Position><AltitudeMeters>41.5</AltitudeMeters><Extensions><TPX xmlns="http://www.garmin.com/xmlschemas/ActivityExtension/v2"><Speed>2.52</Speed></TPX></Extensions></Trackpoint><Trackpoint><Time>2026-03-05T10:36:37+00:00</Time><DistanceMeters>1624.2</DistanceMeters><Position><LatitudeDegrees>50.864759</LatitudeDegrees><LongitudeDegrees>4.27474</LongitudeDegrees></Position><AltitudeMeters>41.5</AltitudeMeters><Extensions><TPX xmlns="http://www.garmin.com/xmlschemas/ActivityExtension/v2"><Speed>2.717</Speed></TPX></Extensions></Trackpoint><Trackpoint><Time>2026-03-05T10:36:38+00:00</Time><DistanceMeters>1627.1</DistanceMeters><Position><LatitudeDegrees>50.864724</LatitudeDegrees><LongitudeDegrees>4.274684</LongitudeDegrees></Position><AltitudeMeters>41.5</AltitudeMeters><Extensions><TPX xmlns="http://www.garmin.com/xmlschemas/ActivityExtension/v2"><Speed>2.81</Speed></TPX></Extensions></Trackpoint><Trackpoint><Time>2026-03-05T10:36:39+00:00</Time><DistanceMeters>1629.9</DistanceMeters><Position><LatitudeDegrees>50.864706</LatitudeDegrees><LongitudeDegrees>4.274656</LongitudeDegrees></Position><AltitudeMeters>41.5</AltitudeMeters><Extensions><TPX xmlns="http://www.garmin.com/xmlschemas/ActivityExtension/v2"><Speed>2.84</Speed></TPX></Extensions></Trackpoint><Trackpoint><Time>2026-03-05T10:36:41+00:00</Time><DistanceMeters>1636.0</DistanceMeters><Position><LatitudeDegrees>50.864686</LatitudeDegrees><LongitudeDegrees>4.274621</LongitudeDegrees></Position><AltitudeMeters>41.5</AltitudeMeters><Extensions><TPX xmlns="http://www.garmin.com/xmlschemas/ActivityExtension/v2"><Speed>2.933</Speed></TPX></Extensions></Trackpoint><Trackpoint><Time>2026-03-05T10:36:42+00:00</Time><DistanceMeters>1639.1</DistanceMeters><Position><LatitudeDegrees>50.864665</LatitudeDegrees><LongitudeDegrees>4.27459</LongitudeDegrees></Position><AltitudeMeters>41.5</AltitudeMeters><Extensions><TPX xmlns="http://www.garmin.com/xmlschemas/ActivityExtension/v2"><Speed>2.98</Speed></TPX></Extensions></Trackpoint><Trackpoint><Time>2026-03-05T10:36:43+00:00</Time><DistanceMeters>1644.0</DistanceMeters><Position><LatitudeDegrees>50.86463</LatitudeDegrees><LongitudeDegrees>4.274548</LongitudeDegrees></Position><AltitudeMeters>41.5</AltitudeMeters><Extensions><TPX xmlns="http://www.garmin.com/xmlschemas/ActivityExtension/v2"><Speed>3.39</Speed></TPX></Extensions></Trackpoint><Trackpoint><Time>2026-03-05T10:36:45+00:00</Time><DistanceMeters>1646.4</DistanceMeters><Position><LatitudeDegrees>50.864601</LatitudeDegrees><LongitudeDegrees>4.274523</LongitudeDegrees></Position><AltitudeMeters>41.5</AltitudeMeters><Extensions><TPX xmlns="http://www.garmin.com/xmlschemas/ActivityExtension/v2"><Speed>2.75</Speed></TPX></Extensions></Trackpoint><Trackpoint><Time>2026-03-05T10:36:46+00:00</Time><DistanceMeters>1648.8</DistanceMeters><Position><LatitudeDegrees>50.864591</LatitudeDegrees><LongitudeDegrees>4.274519</LongitudeDegrees></Position><AltitudeMeters>41.5</AltitudeMeters><Extensions><TPX xmlns="http://www.garmin.com/xmlschemas/ActivityExtension/v2"><Speed>2.56</Speed></TPX></Extensions></Trackpoint><Trackpoint><Time>2026-03-05T10:36:47+00:00</Time><DistanceMeters>1653.5</DistanceMeters><Position><LatitudeDegrees>50.864552</LatitudeDegrees><LongitudeDegrees>4.274492</LongitudeDegrees></Position><AltitudeMeters>41.5</AltitudeMeters><Extensions><TPX xmlns="http://www.garmin.com/xmlschemas/ActivityExtension/v2"><Speed>2.88</Speed></TPX></Extensions></Trackpoint><Trackpoint><Time>2026-03-05T10:36:49+00:00</Time><DistanceMeters>1655.9</DistanceMeters><Position><LatitudeDegrees>50.864522</LatitudeDegrees><LongitudeDegrees>4.274474</LongitudeDegrees></Position><AltitudeMeters>41.5</AltitudeMeters><Extensions><TPX xmlns="http://www.garmin.com/xmlschemas/ActivityExtension/v2"><Speed>1.983</Speed></TPX></Extensions></Trackpoint><Trackpoint><Time>2026-03-05T10:36:50+00:00</Time><DistanceMeters>1658.3</DistanceMeters><Position><LatitudeDegrees>50.864512</LatitudeDegrees><LongitudeDegrees>4.274468</LongitudeDegrees></Position><AltitudeMeters>41.4</AltitudeMeters><Extensions><TPX xmlns="http://www.garmin.com/xmlschemas/ActivityExtension/v2"><Speed>2.38</Speed></TPX></Extensions></Trackpoint><Trackpoint><Time>2026-03-05T10:36:51+00:00</Time><DistanceMeters>1660.4</DistanceMeters><Position><LatitudeDegrees>50.864486</LatitudeDegrees><LongitudeDegrees>4.274447</LongitudeDegrees></Position><AltitudeMeters>41.4</AltitudeMeters><Extensions><TPX xmlns="http://www.garmin.com/xmlschemas/ActivityExtension/v2"><Speed>2.32</Speed></TPX></Extensions></Trackpoint><Trackpoint><Time>2026-03-05T10:36:52+00:00</Time><DistanceMeters>1662.5</DistanceMeters><Position><LatitudeDegrees>50.864478</LatitudeDegrees><LongitudeDegrees>4.27444</LongitudeDegrees></Position><AltitudeMeters>41.4</AltitudeMeters><Extensions><TPX xmlns="http://www.garmin.com/xmlschemas/ActivityExtension/v2"><Speed>1.8</Speed></TPX></Extensions></Trackpoint><Trackpoint><Time>2026-03-05T10:36:53+00:00</Time><DistanceMeters>1665.1</DistanceMeters><Position><LatitudeDegrees>50.864447</LatitudeDegrees><LongitudeDegrees>4.274416</LongitudeDegrees></Position><AltitudeMeters>41.4</AltitudeMeters><Extensions><TPX xmlns="http://www.garmin.com/xmlschemas/ActivityExtension/v2"><Speed>1.933</Speed></TPX></Extensions></Trackpoint><Trackpoint><Time>2026-03-05T10:36:54+00:00</Time><DistanceMeters>1667.7</DistanceMeters><Position><LatitudeDegrees>50.864436</LatitudeDegrees><LongitudeDegrees>4.274408</LongitudeDegrees></Position><AltitudeMeters>41.4</AltitudeMeters><Extensions><TPX xmlns="http://www.garmin.com/xmlschemas/ActivityExtension/v2"><Speed>2.36</Speed></TPX></Extensions></Trackpoint><Trackpoint><Time>2026-03-05T10:36:55+00:00</Time><DistanceMeters>1670.4</DistanceMeters><Position><LatitudeDegrees>50.864395</LatitudeDegrees><LongitudeDegrees>4.274374</LongitudeDegrees></Position><AltitudeMeters>41.4</AltitudeMeters><Extensions><TPX xmlns="http://www.garmin.com/xmlschemas/ActivityExtension/v2"><Speed>2.41</Speed></TPX></Extensions></Trackpoint><Trackpoint><Time>2026-03-05T10:36:56+00:00</Time><DistanceMeters>1673.0</DistanceMeters><Position><LatitudeDegrees>50.864374</LatitudeDegrees><LongitudeDegrees>4.274358</LongitudeDegrees></Position><AltitudeMeters>41.4</AltitudeMeters><Extensions><TPX xmlns="http://www.garmin.com/xmlschemas/ActivityExtension/v2"><Speed>2.52</Speed></TPX></Extensions></Trackpoint><Trackpoint><Time>2026-03-05T10:36:58+00:00</Time><DistanceMeters>1678.2</DistanceMeters><Position><LatitudeDegrees>50.864352</LatitudeDegrees><LongitudeDegrees>4.274341</LongitudeDegrees></Position><AltitudeMeters>41.3</AltitudeMeters><Extensions><TPX xmlns="http://www.garmin.com/xmlschemas/ActivityExtension/v2"><Speed>2.62</Speed></TPX></Extensions></Trackpoint><Trackpoint><Time>2026-03-05T10:36:59+00:00</Time><DistanceMeters>1680.8</DistanceMeters><Position><LatitudeDegrees>50.864322</LatitudeDegrees><LongitudeDegrees>4.274313</LongitudeDegrees></Position><AltitudeMeters>41.3</AltitudeMeters><Extensions><TPX xmlns="http://www.garmin.com/xmlschemas/ActivityExtension/v2"><Speed>2.61</Speed></TPX></Extensions></Trackpoint><Trackpoint><Time>2026-03-05T10:37:00+00:00</Time><DistanceMeters>1683.3</DistanceMeters><Position><LatitudeDegrees>50.864312</LatitudeDegrees><LongitudeDegrees>4.274303</LongitudeDegrees></Position><AltitudeMeters>41.3</AltitudeMeters><Extensions><TPX xmlns="http://www.garmin.com/xmlschemas/ActivityExtension/v2"><Speed>2.59</Speed></TPX></Extensions></Trackpoint><Trackpoint><Time>2026-03-05T10:37:01+00:00</Time><DistanceMeters>1686.0</DistanceMeters><Position><LatitudeDegrees>50.864287</LatitudeDegrees><LongitudeDegrees>4.274264</LongitudeDegrees></Position><AltitudeMeters>41.3</AltitudeMeters><Extensions><TPX xmlns="http://www.garmin.com/xmlschemas/ActivityExtension/v2"><Speed>2.59</Speed></TPX></Extensions></Trackpoint><Trackpoint><Time>2026-03-05T10:37:02+00:00</Time><DistanceMeters>1688.6</DistanceMeters><Position><LatitudeDegrees>50.86428</LatitudeDegrees><LongitudeDegrees>4.274248</LongitudeDegrees></Position><AltitudeMeters>41.3</AltitudeMeters><Extensions><TPX xmlns="http://www.garmin.com/xmlschemas/ActivityExtension/v2"><Speed>2.6</Speed></TPX></Extensions></Trackpoint><Trackpoint><Time>2026-03-05T10:37:03+00:00</Time><DistanceMeters>1691.0</DistanceMeters><Position><LatitudeDegrees>50.864256</LatitudeDegrees><LongitudeDegrees>4.274192</LongitudeDegrees></Position><AltitudeMeters>41.3</AltitudeMeters><Extensions><TPX xmlns="http://www.garmin.com/xmlschemas/ActivityExtension/v2"><Speed>2.56</Speed></TPX></Extensions></Trackpoint><Trackpoint><Time>2026-03-05T10:37:04+00:00</Time><DistanceMeters>1693.4</DistanceMeters><Position><LatitudeDegrees>50.864242</LatitudeDegrees><LongitudeDegrees>4.274168</LongitudeDegrees></Position><AltitudeMeters>41.3</AltitudeMeters><Extensions><TPX xmlns="http://www.garmin.com/xmlschemas/ActivityExtension/v2"><Speed>2.53</Speed></TPX></Extensions></Trackpoint><Trackpoint><Time>2026-03-05T10:37:06+00:00</Time><DistanceMeters>1698.3</DistanceMeters><Position><LatitudeDegrees>50.864225</LatitudeDegrees><LongitudeDegrees>4.274141</LongitudeDegrees></Position><AltitudeMeters>41.3</AltitudeMeters><Extensions><TPX xmlns="http://www.garmin.com/xmlschemas/ActivityExtension/v2"><Speed>2.47</Speed></TPX></Extensions></Trackpoint><Trackpoint><Time>2026-03-05T10:37:07+00:00</Time><DistanceMeters>1700.7</DistanceMeters><Position><LatitudeDegrees>50.864192</LatitudeDegrees><LongitudeDegrees>4.2741</LongitudeDegrees></Position><AltitudeMeters>41.2</AltitudeMeters><Extensions><TPX xmlns="http://www.garmin.com/xmlschemas/ActivityExtension/v2"><Speed>2.42</Speed></TPX></Extensions></Trackpoint><Trackpoint><Time>2026-03-05T10:37:08+00:00</Time><DistanceMeters>1703.1</DistanceMeters><Position><LatitudeDegrees>50.864174</LatitudeDegrees><LongitudeDegrees>4.274078</LongitudeDegrees></Position><AltitudeMeters>41.2</AltitudeMeters><Extensions><TPX xmlns="http://www.garmin.com/xmlschemas/ActivityExtension/v2"><Speed>2.42</Speed></TPX></Extensions></Trackpoint><Trackpoint><Time>2026-03-05T10:37:10+00:00</Time><DistanceMeters>1708.3</DistanceMeters><Position><LatitudeDegrees>50.864156</LatitudeDegrees><LongitudeDegrees>4.274052</LongitudeDegrees></Position><AltitudeMeters>41.2</AltitudeMeters><Extensions><TPX xmlns="http://www.garmin.com/xmlschemas/ActivityExtension/v2"><Speed>2.483</Speed></TPX></Extensions></Trackpoint><Trackpoint><Time>2026-03-05T10:37:11+00:00</Time><DistanceMeters>1713.2</DistanceMeters><Position><LatitudeDegrees>50.864122</LatitudeDegrees><LongitudeDegrees>4.274006</LongitudeDegrees></Position><AltitudeMeters>41.2</AltitudeMeters><Extensions><TPX xmlns="http://www.garmin.com/xmlschemas/ActivityExtension/v2"><Speed>2.98</Speed></TPX></Extensions></Trackpoint><Trackpoint><Time>2026-03-05T10:37:13+00:00</Time><DistanceMeters>1715.3</DistanceMeters><Position><LatitudeDegrees>50.864097</LatitudeDegrees><LongitudeDegrees>4.273984</LongitudeDegrees></Position><AltitudeMeters>41.1</AltitudeMeters><Extensions><TPX xmlns="http://www.garmin.com/xmlschemas/ActivityExtension/v2"><Speed>2.43</Speed></TPX></Extensions></Trackpoint><Trackpoint><Time>2026-03-05T10:37:14+00:00</Time><DistanceMeters>1717.3</DistanceMeters><Position><LatitudeDegrees>50.864089</LatitudeDegrees><LongitudeDegrees>4.273981</LongitudeDegrees></Position><AltitudeMeters>41.1</AltitudeMeters><Extensions><TPX xmlns="http://www.garmin.com/xmlschemas/ActivityExtension/v2"><Speed>2.367</Speed></TPX></Extensions></Trackpoint><Trackpoint><Time>2026-03-05T10:37:15+00:00</Time><DistanceMeters>1721.1</DistanceMeters><Position><LatitudeDegrees>50.864057</LatitudeDegrees><LongitudeDegrees>4.273962</LongitudeDegrees></Position><AltitudeMeters>41.1</AltitudeMeters><Extensions><TPX xmlns="http://www.garmin.com/xmlschemas/ActivityExtension/v2"><Speed>2.56</Speed></TPX></Extensions></Trackpoint><Trackpoint><Time>2026-03-05T10:37:17+00:00</Time><DistanceMeters>1721.1</DistanceMeters><Position><LatitudeDegrees>50.864042</LatitudeDegrees><LongitudeDegrees>4.273958</LongitudeDegrees></Position><AltitudeMeters>41.1</AltitudeMeters><Extensions><TPX xmlns="http://www.garmin.com/xmlschemas/ActivityExtension/v2"><Speed>1.317</Speed></TPX></Extensions></Trackpoint><Trackpoint><Time>2026-03-05T10:37:18+00:00</Time><DistanceMeters>1724.1</DistanceMeters><Position><LatitudeDegrees>50.86403</LatitudeDegrees><LongitudeDegrees>4.273956</LongitudeDegrees></Position><AltitudeMeters>41.1</AltitudeMeters><Extensions><TPX xmlns="http://www.garmin.com/xmlschemas/ActivityExtension/v2"><Speed>1.77</Speed></TPX></Extensions></Trackpoint><Trackpoint><Time>2026-03-05T10:37:19+00:00</Time><DistanceMeters>1727.9</DistanceMeters><Position><LatitudeDegrees>50.863997</LatitudeDegrees><LongitudeDegrees>4.273946</LongitudeDegrees></Position><AltitudeMeters>41.0</AltitudeMeters><Extensions><TPX xmlns="http://www.garmin.com/xmlschemas/ActivityExtension/v2"><Speed>2.12</Speed></TPX></Extensions></Trackpoint><Trackpoint><Time>2026-03-05T10:37:20+00:00</Time><DistanceMeters>1727.9</DistanceMeters><Position><LatitudeDegrees>50.863977</LatitudeDegrees><LongitudeDegrees>4.273959</LongitudeDegrees></Position><AltitudeMeters>40.9</AltitudeMeters><Extensions><TPX xmlns="http://www.garmin.com/xmlschemas/ActivityExtension/v2"><Speed>1.36</Speed></TPX></Extensions></Trackpoint><Trackpoint><Time>2026-03-05T10:37:22+00:00</Time><DistanceMeters>1732.5</DistanceMeters><Position><LatitudeDegrees>50.863961</LatitudeDegrees><LongitudeDegrees>4.27398</LongitudeDegrees></Position><AltitudeMeters>40.9</AltitudeMeters><Extensions><TPX xmlns="http://www.garmin.com/xmlschemas/ActivityExtension/v2"><Speed>2.28</Speed></TPX></Extensions></Trackpoint><Trackpoint><Time>2026-03-05T10:37:23+00:00</Time><DistanceMeters>1734.9</DistanceMeters><Position><LatitudeDegrees>50.863925</LatitudeDegrees><LongitudeDegrees>4.274017</LongitudeDegrees></Position><AltitudeMeters>40.8</AltitudeMeters><Extensions><TPX xmlns="http://www.garmin.com/xmlschemas/ActivityExtension/v2"><Speed>2.16</Speed></TPX></Extensions></Trackpoint><Trackpoint><Time>2026-03-05T10:37:24+00:00</Time><DistanceMeters>1737.3</DistanceMeters><Position><LatitudeDegrees>50.863906</LatitudeDegrees><LongitudeDegrees>4.274035</LongitudeDegrees></Position><AltitudeMeters>40.7</AltitudeMeters><Extensions><TPX xmlns="http://www.garmin.com/xmlschemas/ActivityExtension/v2"><Speed>1.88</Speed></TPX></Extensions></Trackpoint><Trackpoint><Time>2026-03-05T10:37:26+00:00</Time><DistanceMeters>1742.5</DistanceMeters><Position><LatitudeDegrees>50.863887</LatitudeDegrees><LongitudeDegrees>4.27406</LongitudeDegrees></Position><AltitudeMeters>40.7</AltitudeMeters><Extensions><TPX xmlns="http://www.garmin.com/xmlschemas/ActivityExtension/v2"><Speed>2.433</Speed></TPX></Extensions></Trackpoint><Trackpoint><Time>2026-03-05T10:37:27+00:00</Time><DistanceMeters>1744.8</DistanceMeters><Position><LatitudeDegrees>50.863852</LatitudeDegrees><LongitudeDegrees>4.27409</LongitudeDegrees></Position><AltitudeMeters>40.6</AltitudeMeters><Extensions><TPX xmlns="http://www.garmin.com/xmlschemas/ActivityExtension/v2"><Speed>2.45</Speed></TPX></Extensions></Trackpoint><Trackpoint><Time>2026-03-05T10:37:28+00:00</Time><DistanceMeters>1747.0</DistanceMeters><Position><LatitudeDegrees>50.863833</LatitudeDegrees><LongitudeDegrees>4.274101</LongitudeDegrees></Position><AltitudeMeters>40.5</AltitudeMeters><Extensions><TPX xmlns="http://www.garmin.com/xmlschemas/ActivityExtension/v2"><Speed>2.42</Speed></TPX></Extensions></Trackpoint><Trackpoint><Time>2026-03-05T10:37:30+00:00</Time><DistanceMeters>1751.7</DistanceMeters><Position><LatitudeDegrees>50.86381</LatitudeDegrees><LongitudeDegrees>4.274106</LongitudeDegrees></Position><AltitudeMeters>40.5</AltitudeMeters><Extensions><TPX xmlns="http://www.garmin.com/xmlschemas/ActivityExtension/v2"><Speed>2.4</Speed></TPX></Extensions></Trackpoint><Trackpoint><Time>2026-03-05T10:37:31+00:00</Time><DistanceMeters>1754.5</DistanceMeters><Position><LatitudeDegrees>50.863776</LatitudeDegrees><LongitudeDegrees>4.274127</LongitudeDegrees></Position><AltitudeMeters>40.4</AltitudeMeters><Extensions><TPX xmlns="http://www.garmin.com/xmlschemas/ActivityExtension/v2"><Speed>2.39</Speed></TPX></Extensions></Trackpoint><Trackpoint><Time>2026-03-05T10:37:32+00:00</Time><DistanceMeters>1757.2</DistanceMeters><Position><LatitudeDegrees>50.863764</LatitudeDegrees><LongitudeDegrees>4.274133</LongitudeDegrees></Position><AltitudeMeters>40.4</AltitudeMeters><Extensions><TPX xmlns="http://www.garmin.com/xmlschemas/ActivityExtension/v2"><Speed>2.49</Speed></TPX></Extensions></Trackpoint><Trackpoint><Time>2026-03-05T10:37:33+00:00</Time><DistanceMeters>1760.0</DistanceMeters><Position><LatitudeDegrees>50.863728</LatitudeDegrees><LongitudeDegrees>4.274153</LongitudeDegrees></Position><AltitudeMeters>40.3</AltitudeMeters><Extensions><TPX xmlns="http://www.garmin.com/xmlschemas/ActivityExtension/v2"><Speed>2.6</Speed></TPX></Extensions></Trackpoint><Trackpoint><Time>2026-03-05T10:37:34+00:00</Time><DistanceMeters>1762.8</DistanceMeters><Position><LatitudeDegrees>50.863716</LatitudeDegrees><LongitudeDegrees>4.274161</LongitudeDegrees></Position><AltitudeMeters>40.2</AltitudeMeters><Extensions><TPX xmlns="http://www.garmin.com/xmlschemas/ActivityExtension/v2"><Speed>2.633</Speed></TPX></Extensions></Trackpoint><Trackpoint><Time>2026-03-05T10:37:35+00:00</Time><DistanceMeters>1765.5</DistanceMeters><Position><LatitudeDegrees>50.863681</LatitudeDegrees><LongitudeDegrees>4.274173</LongitudeDegrees></Position><AltitudeMeters>40.2</AltitudeMeters><Extensions><TPX xmlns="http://www.garmin.com/xmlschemas/ActivityExtension/v2"><Speed>2.76</Speed></TPX></Extensions></Trackpoint><Trackpoint><Time>2026-03-05T10:37:36+00:00</Time><DistanceMeters>1768.2</DistanceMeters><Position><LatitudeDegrees>50.863669</LatitudeDegrees><LongitudeDegrees>4.274178</LongitudeDegrees></Position><AltitudeMeters>40.1</AltitudeMeters><Extensions><TPX xmlns="http://www.garmin.com/xmlschemas/ActivityExtension/v2"><Speed>2.75</Speed></TPX></Extensions></Trackpoint><Trackpoint><Time>2026-03-05T10:37:37+00:00</Time><DistanceMeters>1770.8</DistanceMeters><Position><LatitudeDegrees>50.863638</LatitudeDegrees><LongitudeDegrees>4.274201</LongitudeDegrees></Position><AltitudeMeters>40.1</AltitudeMeters><Extensions><TPX xmlns="http://www.garmin.com/xmlschemas/ActivityExtension/v2"><Speed>2.72</Speed></TPX></Extensions></Trackpoint><Trackpoint><Time>2026-03-05T10:37:38+00:00</Time><DistanceMeters>1773.4</DistanceMeters><Position><LatitudeDegrees>50.863628</LatitudeDegrees><LongitudeDegrees>4.274211</LongitudeDegrees></Position><AltitudeMeters>40.1</AltitudeMeters><Extensions><TPX xmlns="http://www.garmin.com/xmlschemas/ActivityExtension/v2"><Speed>2.68</Speed></TPX></Extensions></Trackpoint><Trackpoint><Time>2026-03-05T10:37:39+00:00</Time><DistanceMeters>1775.9</DistanceMeters><Position><LatitudeDegrees>50.863597</LatitudeDegrees><LongitudeDegrees>4.274228</LongitudeDegrees></Position><AltitudeMeters>40.0</AltitudeMeters><Extensions><TPX xmlns="http://www.garmin.com/xmlschemas/ActivityExtension/v2"><Speed>2.61</Speed></TPX></Extensions></Trackpoint><Trackpoint><Time>2026-03-05T10:37:40+00:00</Time><DistanceMeters>1778.3</DistanceMeters><Position><LatitudeDegrees>50.863586</LatitudeDegrees><LongitudeDegrees>4.274234</LongitudeDegrees></Position><AltitudeMeters>40.0</AltitudeMeters><Extensions><TPX xmlns="http://www.garmin.com/xmlschemas/ActivityExtension/v2"><Speed>2.56</Speed></TPX></Extensions></Trackpoint><Trackpoint><Time>2026-03-05T10:37:41+00:00</Time><DistanceMeters>1783.3</DistanceMeters><Position><LatitudeDegrees>50.863548</LatitudeDegrees><LongitudeDegrees>4.274271</LongitudeDegrees></Position><AltitudeMeters>39.9</AltitudeMeters><Extensions><TPX xmlns="http://www.garmin.com/xmlschemas/ActivityExtension/v2"><Speed>3.02</Speed></TPX></Extensions></Trackpoint><Trackpoint><Time>2026-03-05T10:37:43+00:00</Time><DistanceMeters>1785.7</DistanceMeters><Position><LatitudeDegrees>50.863523</LatitudeDegrees><LongitudeDegrees>4.274303</LongitudeDegrees></Position><AltitudeMeters>39.8</AltitudeMeters><Extensions><TPX xmlns="http://www.garmin.com/xmlschemas/ActivityExtension/v2"><Speed>2.46</Speed></TPX></Extensions></Trackpoint><Trackpoint><Time>2026-03-05T10:37:44+00:00</Time><DistanceMeters>1788.1</DistanceMeters><Position><LatitudeDegrees>50.863515</LatitudeDegrees><LongitudeDegrees>4.274316</LongitudeDegrees></Position><AltitudeMeters>39.8</AltitudeMeters><Extensions><TPX xmlns="http://www.garmin.com/xmlschemas/ActivityExtension/v2"><Speed>2.45</Speed></TPX></Extensions></Trackpoint><Trackpoint><Time>2026-03-05T10:37:45+00:00</Time><DistanceMeters>1793.0</DistanceMeters><Position><LatitudeDegrees>50.863482</LatitudeDegrees><LongitudeDegrees>4.274361</LongitudeDegrees></Position><AltitudeMeters>39.8</AltitudeMeters><Extensions><TPX xmlns="http://www.garmin.com/xmlschemas/ActivityExtension/v2"><Speed>2.94</Speed></TPX></Extensions></Trackpoint><Trackpoint><Time>2026-03-05T10:37:47+00:00</Time><DistanceMeters>1795.5</DistanceMeters><Position><LatitudeDegrees>50.863457</LatitudeDegrees><LongitudeDegrees>4.2744</LongitudeDegrees></Position><AltitudeMeters>39.8</AltitudeMeters><Extensions><TPX xmlns="http://www.garmin.com/xmlschemas/ActivityExtension/v2"><Speed>2.025</Speed></TPX></Extensions></Trackpoint><Trackpoint><Time>2026-03-05T10:37:48+00:00</Time><DistanceMeters>1797.9</DistanceMeters><Position><LatitudeDegrees>50.863449</LatitudeDegrees><LongitudeDegrees>4.274409</LongitudeDegrees></Position><AltitudeMeters>39.8</AltitudeMeters><Extensions><TPX xmlns="http://www.garmin.com/xmlschemas/ActivityExtension/v2"><Speed>2.44</Speed></TPX></Extensions></Trackpoint><Trackpoint><Time>2026-03-05T10:37:49+00:00</Time><DistanceMeters>1800.4</DistanceMeters><Position><LatitudeDegrees>50.863423</LatitudeDegrees><LongitudeDegrees>4.274441</LongitudeDegrees></Position><AltitudeMeters>39.8</AltitudeMeters><Extensions><TPX xmlns="http://www.garmin.com/xmlschemas/ActivityExtension/v2"><Speed>2.45</Speed></TPX></Extensions></Trackpoint><Trackpoint><Time>2026-03-05T10:37:50+00:00</Time><DistanceMeters>1802.8</DistanceMeters><Position><LatitudeDegrees>50.863412</LatitudeDegrees><LongitudeDegrees>4.274447</LongitudeDegrees></Position><AltitudeMeters>39.8</AltitudeMeters><Extensions><TPX xmlns="http://www.garmin.com/xmlschemas/ActivityExtension/v2"><Speed>1.96</Speed></TPX></Extensions></Trackpoint><Trackpoint><Time>2026-03-05T10:37:51+00:00</Time><DistanceMeters>1805.5</DistanceMeters><Position><LatitudeDegrees>50.863383</LatitudeDegrees><LongitudeDegrees>4.274476</LongitudeDegrees></Position><AltitudeMeters>39.8</AltitudeMeters><Extensions><TPX xmlns="http://www.garmin.com/xmlschemas/ActivityExtension/v2"><Speed>2.075</Speed></TPX></Extensions></Trackpoint><Trackpoint><Time>2026-03-05T10:37:52+00:00</Time><DistanceMeters>1808.1</DistanceMeters><Position><LatitudeDegrees>50.863372</LatitudeDegrees><LongitudeDegrees>4.274486</LongitudeDegrees></Position><AltitudeMeters>39.8</AltitudeMeters><Extensions><TPX xmlns="http://www.garmin.com/xmlschemas/ActivityExtension/v2"><Speed>2.53</Speed></TPX></Extensions></Trackpoint><Trackpoint><Time>2026-03-05T10:37:53+00:00</Time><DistanceMeters>1810.6</DistanceMeters><Position><LatitudeDegrees>50.863344</LatitudeDegrees><LongitudeDegrees>4.274517</LongitudeDegrees></Position><AltitudeMeters>39.8</AltitudeMeters><Extensions><TPX xmlns="http://www.garmin.com/xmlschemas/ActivityExtension/v2"><Speed>2.54</Speed></TPX></Extensions></Trackpoint><Trackpoint><Time>2026-03-05T10:37:54+00:00</Time><DistanceMeters>1813.1</DistanceMeters><Position><LatitudeDegrees>50.863335</LatitudeDegrees><LongitudeDegrees>4.274528</LongitudeDegrees></Position><AltitudeMeters>39.8</AltitudeMeters><Extensions><TPX xmlns="http://www.garmin.com/xmlschemas/ActivityExtension/v2"><Speed>2.55</Speed></TPX></Extensions></Trackpoint><Trackpoint><Time>2026-03-05T10:37:55+00:00</Time><DistanceMeters>1815.7</DistanceMeters><Position><LatitudeDegrees>50.863312</LatitudeDegrees><LongitudeDegrees>4.274566</LongitudeDegrees></Position><AltitudeMeters>39.8</AltitudeMeters><Extensions><TPX xmlns="http://www.garmin.com/xmlschemas/ActivityExtension/v2"><Speed>2.57</Speed></TPX></Extensions></Trackpoint><Trackpoint><Time>2026-03-05T10:37:56+00:00</Time><DistanceMeters>1818.2</DistanceMeters><Position><LatitudeDegrees>50.863304</LatitudeDegrees><LongitudeDegrees>4.27458</LongitudeDegrees></Position><AltitudeMeters>39.8</AltitudeMeters><Extensions><TPX xmlns="http://www.garmin.com/xmlschemas/ActivityExtension/v2"><Speed>2.55</Speed></TPX></Extensions></Trackpoint><Trackpoint><Time>2026-03-05T10:37:57+00:00</Time><DistanceMeters>1820.3</DistanceMeters><Position><LatitudeDegrees>50.863273</LatitudeDegrees><LongitudeDegrees>4.27462</LongitudeDegrees></Position><AltitudeMeters>39.8</AltitudeMeters><Extensions><TPX xmlns="http://www.garmin.com/xmlschemas/ActivityExtension/v2"><Speed>2.44</Speed></TPX></Extensions></Trackpoint><Trackpoint><Time>2026-03-05T10:37:58+00:00</Time><DistanceMeters>1822.4</DistanceMeters><Position><LatitudeDegrees>50.863258</LatitudeDegrees><LongitudeDegrees>4.274637</LongitudeDegrees></Position><AltitudeMeters>39.8</AltitudeMeters><Extensions><TPX xmlns="http://www.garmin.com/xmlschemas/ActivityExtension/v2"><Speed>2.36</Speed></TPX></Extensions></Trackpoint><Trackpoint><Time>2026-03-05T10:38:00+00:00</Time><DistanceMeters>1827.6</DistanceMeters><Position><LatitudeDegrees>50.863245</LatitudeDegrees><LongitudeDegrees>4.274672</LongitudeDegrees></Position><AltitudeMeters>39.8</AltitudeMeters><Extensions><TPX xmlns="http://www.garmin.com/xmlschemas/ActivityExtension/v2"><Speed>2.39</Speed></TPX></Extensions></Trackpoint><Trackpoint><Time>2026-03-05T10:38:01+00:00</Time><DistanceMeters>1830.2</DistanceMeters><Position><LatitudeDegrees>50.86323</LatitudeDegrees><LongitudeDegrees>4.274724</LongitudeDegrees></Position><AltitudeMeters>39.8</AltitudeMeters><Extensions><TPX xmlns="http://www.garmin.com/xmlschemas/ActivityExtension/v2"><Speed>2.4</Speed></TPX></Extensions></Trackpoint><Trackpoint><Time>2026-03-05T10:38:02+00:00</Time><DistanceMeters>1832.8</DistanceMeters><Position><LatitudeDegrees>50.863225</LatitudeDegrees><LongitudeDegrees>4.274741</LongitudeDegrees></Position><AltitudeMeters>39.8</AltitudeMeters><Extensions><TPX xmlns="http://www.garmin.com/xmlschemas/ActivityExtension/v2"><Speed>2.5</Speed></TPX></Extensions></Trackpoint><Trackpoint><Time>2026-03-05T10:38:03+00:00</Time><DistanceMeters>1835.5</DistanceMeters><Position><LatitudeDegrees>50.86321</LatitudeDegrees><LongitudeDegrees>4.274791</LongitudeDegrees></Position><AltitudeMeters>39.9</AltitudeMeters><Extensions><TPX xmlns="http://www.garmin.com/xmlschemas/ActivityExtension/v2"><Speed>2.61</Speed></TPX></Extensions></Trackpoint><Trackpoint><Time>2026-03-05T10:38:04+00:00</Time><DistanceMeters>1838.1</DistanceMeters><Position><LatitudeDegrees>50.863204</LatitudeDegrees><LongitudeDegrees>4.274808</LongitudeDegrees></Position><AltitudeMeters>39.9</AltitudeMeters><Extensions><TPX xmlns="http://www.garmin.com/xmlschemas/ActivityExtension/v2"><Speed>2.617</Speed></TPX></Extensions></Trackpoint><Trackpoint><Time>2026-03-05T10:38:05+00:00</Time><DistanceMeters>1840.7</DistanceMeters><Position><LatitudeDegrees>50.863185</LatitudeDegrees><LongitudeDegrees>4.274853</LongitudeDegrees></Position><AltitudeMeters>40.0</AltitudeMeters><Extensions><TPX xmlns="http://www.garmin.com/xmlschemas/ActivityExtension/v2"><Speed>2.61</Speed></TPX></Extensions></Trackpoint><Trackpoint><Time>2026-03-05T10:38:06+00:00</Time><DistanceMeters>1843.2</DistanceMeters><Position><LatitudeDegrees>50.863178</LatitudeDegrees><LongitudeDegrees>4.274867</LongitudeDegrees></Position><AltitudeMeters>40.1</AltitudeMeters><Extensions><TPX xmlns="http://www.garmin.com/xmlschemas/ActivityExtension/v2"><Speed>2.6</Speed></TPX></Extensions></Trackpoint><Trackpoint><Time>2026-03-05T10:38:07+00:00</Time><DistanceMeters>1845.7</DistanceMeters><Position><LatitudeDegrees>50.863156</LatitudeDegrees><LongitudeDegrees>4.274906</LongitudeDegrees></Position><AltitudeMeters>40.2</AltitudeMeters><Extensions><TPX xmlns="http://www.garmin.com/xmlschemas/ActivityExtension/v2"><Speed>2.57</Speed></TPX></Extensions></Trackpoint><Trackpoint><Time>2026-03-05T10:38:08+00:00</Time><DistanceMeters>1848.1</DistanceMeters><Position><LatitudeDegrees>50.863146</LatitudeDegrees><LongitudeDegrees>4.274915</LongitudeDegrees></Position><AltitudeMeters>40.2</AltitudeMeters><Extensions><TPX xmlns="http://www.garmin.com/xmlschemas/ActivityExtension/v2"><Speed>2.53</Speed></TPX></Extensions></Trackpoint><Trackpoint><Time>2026-03-05T10:38:09+00:00</Time><DistanceMeters>1851.1</DistanceMeters><Position><LatitudeDegrees>50.863119</LatitudeDegrees><LongitudeDegrees>4.274926</LongitudeDegrees></Position><AltitudeMeters>40.3</AltitudeMeters><Extensions><TPX xmlns="http://www.garmin.com/xmlschemas/ActivityExtension/v2"><Speed>2.6</Speed></TPX></Extensions></Trackpoint><Trackpoint><Time>2026-03-05T10:38:10+00:00</Time><DistanceMeters>1853.6</DistanceMeters><Position><LatitudeDegrees>50.863087</LatitudeDegrees><LongitudeDegrees>4.274964</LongitudeDegrees></Position><AltitudeMeters>40.5</AltitudeMeters><Extensions><TPX xmlns="http://www.garmin.com/xmlschemas/ActivityExtension/v2"><Speed>2.59</Speed></TPX></Extensions></Trackpoint><Trackpoint><Time>2026-03-05T10:38:11+00:00</Time><DistanceMeters>1856.1</DistanceMeters><Position><LatitudeDegrees>50.863075</LatitudeDegrees><LongitudeDegrees>4.27498</LongitudeDegrees></Position><AltitudeMeters>40.5</AltitudeMeters><Extensions><TPX xmlns="http://www.garmin.com/xmlschemas/ActivityExtension/v2"><Speed>2.58</Speed></TPX></Extensions></Trackpoint><Trackpoint><Time>2026-03-05T10:38:13+00:00</Time><DistanceMeters>1861.2</DistanceMeters><Position><LatitudeDegrees>50.863055</LatitudeDegrees><LongitudeDegrees>4.275023</LongitudeDegrees></Position><AltitudeMeters>40.7</AltitudeMeters><Extensions><TPX xmlns="http://www.garmin.com/xmlschemas/ActivityExtension/v2"><Speed>2.613</Speed></TPX></Extensions></Trackpoint><Trackpoint><Time>2026-03-05T10:38:14+00:00</Time><DistanceMeters>1862.8</DistanceMeters><Position><LatitudeDegrees>50.863045</LatitudeDegrees><LongitudeDegrees>4.275041</LongitudeDegrees></Position><AltitudeMeters>40.7</AltitudeMeters><Extensions><TPX xmlns="http://www.garmin.com/xmlschemas/ActivityExtension/v2"><Speed>2.347</Speed></TPX></Extensions></Trackpoint><Trackpoint><Time>2026-03-05T10:38:15+00:00</Time><DistanceMeters>1864.5</DistanceMeters><Position><LatitudeDegrees>50.863036</LatitudeDegrees><LongitudeDegrees>4.27506</LongitudeDegrees></Position><AltitudeMeters>40.8</AltitudeMeters><Extensions><TPX xmlns="http://www.garmin.com/xmlschemas/ActivityExtension/v2"><Speed>2.18</Speed></TPX></Extensions></Trackpoint><Trackpoint><Time>2026-03-05T10:38:16+00:00</Time><DistanceMeters>1867.1</DistanceMeters><Position><LatitudeDegrees>50.863015</LatitudeDegrees><LongitudeDegrees>4.275103</LongitudeDegrees></Position><AltitudeMeters>40.9</AltitudeMeters><Extensions><TPX xmlns="http://www.garmin.com/xmlschemas/ActivityExtension/v2"><Speed>2.19</Speed></TPX></Extensions></Trackpoint><Trackpoint><Time>2026-03-05T10:38:17+00:00</Time><DistanceMeters>1869.6</DistanceMeters><Position><LatitudeDegrees>50.863007</LatitudeDegrees><LongitudeDegrees>4.275117</LongitudeDegrees></Position><AltitudeMeters>40.9</AltitudeMeters><Extensions><TPX xmlns="http://www.garmin.com/xmlschemas/ActivityExtension/v2"><Speed>2.25</Speed></TPX></Extensions></Trackpoint><Trackpoint><Time>2026-03-05T10:38:18+00:00</Time><DistanceMeters>1872.2</DistanceMeters><Position><LatitudeDegrees>50.862984</LatitudeDegrees><LongitudeDegrees>4.275159</LongitudeDegrees></Position><AltitudeMeters>41.1</AltitudeMeters><Extensions><TPX xmlns="http://www.garmin.com/xmlschemas/ActivityExtension/v2"><Speed>2.207</Speed></TPX></Extensions></Trackpoint><Trackpoint><Time>2026-03-05T10:38:19+00:00</Time><DistanceMeters>1874.8</DistanceMeters><Position><LatitudeDegrees>50.862976</LatitudeDegrees><LongitudeDegrees>4.275173</LongitudeDegrees></Position><AltitudeMeters>41.1</AltitudeMeters><Extensions><TPX xmlns="http://www.garmin.com/xmlschemas/ActivityExtension/v2"><Speed>2.393</Speed></TPX></Extensions></Trackpoint><Trackpoint><Time>2026-03-05T10:38:20+00:00</Time><DistanceMeters>1878.0</DistanceMeters><Position><LatitudeDegrees>50.862937</LatitudeDegrees><LongitudeDegrees>4.275195</LongitudeDegrees></Position><AltitudeMeters>41.3</AltitudeMeters><Extensions><TPX xmlns="http://www.garmin.com/xmlschemas/ActivityExtension/v2"><Speed>2.69</Speed></TPX></Extensions></Trackpoint><Trackpoint><Time>2026-03-05T10:38:21+00:00</Time><DistanceMeters>1881.1</DistanceMeters><Position><LatitudeDegrees>50.862923</LatitudeDegrees><LongitudeDegrees>4.275201</LongitudeDegrees></Position><AltitudeMeters>41.3</AltitudeMeters><Extensions><TPX xmlns="http://www.garmin.com/xmlschemas/ActivityExtension/v2"><Speed>2.81</Speed></TPX></Extensions></Trackpoint><Trackpoint><Time>2026-03-05T10:38:22+00:00</Time><DistanceMeters>1883.8</DistanceMeters><Position><LatitudeDegrees>50.862891</LatitudeDegrees><LongitudeDegrees>4.275232</LongitudeDegrees></Position><AltitudeMeters>41.5</AltitudeMeters><Extensions><TPX xmlns="http://www.garmin.com/xmlschemas/ActivityExtension/v2"><Speed>2.84</Speed></TPX></Extensions></Trackpoint><Trackpoint><Time>2026-03-05T10:38:23+00:00</Time><DistanceMeters>1886.5</DistanceMeters><Position><LatitudeDegrees>50.862881</LatitudeDegrees><LongitudeDegrees>4.275242</LongitudeDegrees></Position><AltitudeMeters>41.5</AltitudeMeters><Extensions><TPX xmlns="http://www.garmin.com/xmlschemas/ActivityExtension/v2"><Speed>2.86</Speed></TPX></Extensions></Trackpoint><Trackpoint><Time>2026-03-05T10:38:24+00:00</Time><DistanceMeters>1889.1</DistanceMeters><Position><LatitudeDegrees>50.862852</LatitudeDegrees><LongitudeDegrees>4.27527</LongitudeDegrees></Position><AltitudeMeters>41.6</AltitudeMeters><Extensions><TPX xmlns="http://www.garmin.com/xmlschemas/ActivityExtension/v2"><Speed>2.85</Speed></TPX></Extensions></Trackpoint><Trackpoint><Time>2026-03-05T10:38:25+00:00</Time><DistanceMeters>1891.6</DistanceMeters><Position><LatitudeDegrees>50.862842</LatitudeDegrees><LongitudeDegrees>4.27528</LongitudeDegrees></Position><AltitudeMeters>41.7</AltitudeMeters><Extensions><TPX xmlns="http://www.garmin.com/xmlschemas/ActivityExtension/v2"><Speed>2.73</Speed></TPX></Extensions></Trackpoint><Trackpoint><Time>2026-03-05T10:38:26+00:00</Time><DistanceMeters>1894.3</DistanceMeters><Position><LatitudeDegrees>50.862814</LatitudeDegrees><LongitudeDegrees>4.275313</LongitudeDegrees></Position><AltitudeMeters>41.8</AltitudeMeters><Extensions><TPX xmlns="http://www.garmin.com/xmlschemas/ActivityExtension/v2"><Speed>2.63</Speed></TPX></Extensions></Trackpoint><Trackpoint><Time>2026-03-05T10:38:27+00:00</Time><DistanceMeters>1896.9</DistanceMeters><Position><LatitudeDegrees>50.862804</LatitudeDegrees><LongitudeDegrees>4.275323</LongitudeDegrees></Position><AltitudeMeters>41.8</AltitudeMeters><Extensions><TPX xmlns="http://www.garmin.com/xmlschemas/ActivityExtension/v2"><Speed>2.62</Speed></TPX></Extensions></Trackpoint><Trackpoint><Time>2026-03-05T10:38:28+00:00</Time><DistanceMeters>1899.4</DistanceMeters><Position><LatitudeDegrees>50.862776</LatitudeDegrees><LongitudeDegrees>4.275354</LongitudeDegrees></Position><AltitudeMeters>42.0</AltitudeMeters><Extensions><TPX xmlns="http://www.garmin.com/xmlschemas/ActivityExtension/v2"><Speed>2.58</Speed></TPX></Extensions></Trackpoint><Trackpoint><Time>2026-03-05T10:38:29+00:00</Time><DistanceMeters>1901.9</DistanceMeters><Position><LatitudeDegrees>50.862766</LatitudeDegrees><LongitudeDegrees>4.275363</LongitudeDegrees></Position><AltitudeMeters>42.0</AltitudeMeters><Extensions><TPX xmlns="http://www.garmin.com/xmlschemas/ActivityExtension/v2"><Speed>2.57</Speed></TPX></Extensions></Trackpoint><Trackpoint><Time>2026-03-05T10:38:30+00:00</Time><DistanceMeters>1906.8</DistanceMeters><Position><LatitudeDegrees>50.86273</LatitudeDegrees><LongitudeDegrees>4.275404</LongitudeDegrees></Position><AltitudeMeters>42.1</AltitudeMeters><Extensions><TPX xmlns="http://www.garmin.com/xmlschemas/ActivityExtension/v2"><Speed>3.04</Speed></TPX></Extensions></Trackpoint><Trackpoint><Time>2026-03-05T10:38:32+00:00</Time><DistanceMeters>1909.3</DistanceMeters><Position><LatitudeDegrees>50.862693</LatitudeDegrees><LongitudeDegrees>4.275444</LongitudeDegrees></Position><AltitudeMeters>42.3</AltitudeMeters><Extensions><TPX xmlns="http://www.garmin.com/xmlschemas/ActivityExtension/v2"><Speed>2.48</Speed></TPX></Extensions></Trackpoint><Trackpoint><Time>2026-03-05T10:38:33+00:00</Time><DistanceMeters>1911.8</DistanceMeters><Position><LatitudeDegrees>50.862675</LatitudeDegrees><LongitudeDegrees>4.275464</LongitudeDegrees></Position><AltitudeMeters>42.3</AltitudeMeters><Extensions><TPX xmlns="http://www.garmin.com/xmlschemas/ActivityExtension/v2"><Speed>2.48</Speed></TPX></Extensions></Trackpoint><Trackpoint><Time>2026-03-05T10:38:35+00:00</Time><DistanceMeters>1917.0</DistanceMeters><Position><LatitudeDegrees>50.862655</LatitudeDegrees><LongitudeDegrees>4.275487</LongitudeDegrees></Position><AltitudeMeters>42.4</AltitudeMeters><Extensions><TPX xmlns="http://www.garmin.com/xmlschemas/ActivityExtension/v2"><Speed>2.04</Speed></TPX></Extensions></Trackpoint><Trackpoint><Time>2026-03-05T10:38:36+00:00</Time><DistanceMeters>1921.6</DistanceMeters><Position><LatitudeDegrees>50.862622</LatitudeDegrees><LongitudeDegrees>4.275528</LongitudeDegrees></Position><AltitudeMeters>42.5</AltitudeMeters><Extensions><TPX xmlns="http://www.garmin.com/xmlschemas/ActivityExtension/v2"><Speed>2.467</Speed></TPX></Extensions></Trackpoint><Trackpoint><Time>2026-03-05T10:38:38+00:00</Time><DistanceMeters>1924.1</DistanceMeters><Position><LatitudeDegrees>50.862597</LatitudeDegrees><LongitudeDegrees>4.275564</LongitudeDegrees></Position><AltitudeMeters>42.6</AltitudeMeters><Extensions><TPX xmlns="http://www.garmin.com/xmlschemas/ActivityExtension/v2"><Speed>2.46</Speed></TPX></Extensions></Trackpoint><Trackpoint><Time>2026-03-05T10:38:39+00:00</Time><DistanceMeters>1926.6</DistanceMeters><Position><LatitudeDegrees>50.862589</LatitudeDegrees><LongitudeDegrees>4.275576</LongitudeDegrees></Position><AltitudeMeters>42.7</AltitudeMeters><Extensions><TPX xmlns="http://www.garmin.com/xmlschemas/ActivityExtension/v2"><Speed>2.467</Speed></TPX></Extensions></Trackpoint><Trackpoint><Time>2026-03-05T10:38:40+00:00</Time><DistanceMeters>1929.1</DistanceMeters><Position><LatitudeDegrees>50.862566</LatitudeDegrees><LongitudeDegrees>4.275615</LongitudeDegrees></Position><AltitudeMeters>42.8</AltitudeMeters><Extensions><TPX xmlns="http://www.garmin.com/xmlschemas/ActivityExtension/v2"><Speed>2.42</Speed></TPX></Extensions></Trackpoint><Trackpoint><Time>2026-03-05T10:38:41+00:00</Time><DistanceMeters>1931.6</DistanceMeters><Position><LatitudeDegrees>50.862558</LatitudeDegrees><LongitudeDegrees>4.275627</LongitudeDegrees></Position><AltitudeMeters>42.8</AltitudeMeters><Extensions><TPX xmlns="http://www.garmin.com/xmlschemas/ActivityExtension/v2"><Speed>2.0</Speed></TPX></Extensions></Trackpoint><Trackpoint><Time>2026-03-05T10:38:42+00:00</Time><DistanceMeters>1934.1</DistanceMeters><Position><LatitudeDegrees>50.862535</LatitudeDegrees><LongitudeDegrees>4.275665</LongitudeDegrees></Position><AltitudeMeters>42.9</AltitudeMeters><Extensions><TPX xmlns="http://www.garmin.com/xmlschemas/ActivityExtension/v2"><Speed>2.075</Speed></TPX></Extensions></Trackpoint><Trackpoint><Time>2026-03-05T10:38:43+00:00</Time><DistanceMeters>1936.5</DistanceMeters><Position><LatitudeDegrees>50.862527</LatitudeDegrees><LongitudeDegrees>4.275677</LongitudeDegrees></Position><AltitudeMeters>42.9</AltitudeMeters><Extensions><TPX xmlns="http://www.garmin.com/xmlschemas/ActivityExtension/v2"><Speed>2.48</Speed></TPX></Extensions></Trackpoint><Trackpoint><Time>2026-03-05T10:38:44+00:00</Time><DistanceMeters>1938.9</DistanceMeters><Position><LatitudeDegrees>50.862504</LatitudeDegrees><LongitudeDegrees>4.27571</LongitudeDegrees></Position><AltitudeMeters>43.0</AltitudeMeters><Extensions><TPX xmlns="http://www.garmin.com/xmlschemas/ActivityExtension/v2"><Speed>2.46</Speed></TPX></Extensions></Trackpoint><Trackpoint><Time>2026-03-05T10:38:45+00:00</Time><DistanceMeters>1941.3</DistanceMeters><Position><LatitudeDegrees>50.862495</LatitudeDegrees><LongitudeDegrees>4.275722</LongitudeDegrees></Position><AltitudeMeters>43.0</AltitudeMeters><Extensions><TPX xmlns="http://www.garmin.com/xmlschemas/ActivityExtension/v2"><Speed>2.44</Speed></TPX></Extensions></Trackpoint><Trackpoint><Time>2026-03-05T10:38:46+00:00</Time><DistanceMeters>1945.8</DistanceMeters><Position><LatitudeDegrees>50.862469</LatitudeDegrees><LongitudeDegrees>4.275772</LongitudeDegrees></Position><AltitudeMeters>43.1</AltitudeMeters><Extensions><TPX xmlns="http://www.garmin.com/xmlschemas/ActivityExtension/v2"><Speed>2.84</Speed></TPX></Extensions></Trackpoint><Trackpoint><Time>2026-03-05T10:38:48+00:00</Time><DistanceMeters>1948.1</DistanceMeters><Position><LatitudeDegrees>50.862446</LatitudeDegrees><LongitudeDegrees>4.275824</LongitudeDegrees></Position><AltitudeMeters>43.2</AltitudeMeters><Extensions><TPX xmlns="http://www.garmin.com/xmlschemas/ActivityExtension/v2"><Speed>2.31</Speed></TPX></Extensions></Trackpoint><Trackpoint><Time>2026-03-05T10:38:49+00:00</Time><DistanceMeters>1950.3</DistanceMeters><Position><LatitudeDegrees>50.862435</LatitudeDegrees><LongitudeDegrees>4.275852</LongitudeDegrees></Position><AltitudeMeters>43.3</AltitudeMeters><Extensions><TPX xmlns="http://www.garmin.com/xmlschemas/ActivityExtension/v2"><Speed>2.28</Speed></TPX></Extensions></Trackpoint><Trackpoint><Time>2026-03-05T10:38:51+00:00</Time><DistanceMeters>1955.2</DistanceMeters><Position><LatitudeDegrees>50.86242</LatitudeDegrees><LongitudeDegrees>4.275881</LongitudeDegrees></Position><AltitudeMeters>43.3</AltitudeMeters><Extensions><TPX xmlns="http://www.garmin.com/xmlschemas/ActivityExtension/v2"><Speed>1.88</Speed></TPX></Extensions></Trackpoint><Trackpoint><Time>2026-03-05T10:38:52+00:00</Time><DistanceMeters>1957.7</DistanceMeters><Position><LatitudeDegrees>50.862398</LatitudeDegrees><LongitudeDegrees>4.275922</LongitudeDegrees></Position><AltitudeMeters>43.4</AltitudeMeters><Extensions><TPX xmlns="http://www.garmin.com/xmlschemas/ActivityExtension/v2"><Speed>1.983</Speed></TPX></Extensions></Trackpoint><Trackpoint><Time>2026-03-05T10:38:53+00:00</Time><DistanceMeters>1960.2</DistanceMeters><Position><LatitudeDegrees>50.862391</LatitudeDegrees><LongitudeDegrees>4.275935</LongitudeDegrees></Position><AltitudeMeters>43.4</AltitudeMeters><Extensions><TPX xmlns="http://www.garmin.com/xmlschemas/ActivityExtension/v2"><Speed>2.43</Speed></TPX></Extensions></Trackpoint><Trackpoint><Time>2026-03-05T10:38:54+00:00</Time><DistanceMeters>1962.7</DistanceMeters><Position><LatitudeDegrees>50.86237</LatitudeDegrees><LongitudeDegrees>4.275976</LongitudeDegrees></Position><AltitudeMeters>43.4</AltitudeMeters><Extensions><TPX xmlns="http://www.garmin.com/xmlschemas/ActivityExtension/v2"><Speed>2.48</Speed></TPX></Extensions></Trackpoint><Trackpoint><Time>2026-03-05T10:38:55+00:00</Time><DistanceMeters>1965.2</DistanceMeters><Position><LatitudeDegrees>50.862362</LatitudeDegrees><LongitudeDegrees>4.275989</LongitudeDegrees></Position><AltitudeMeters>43.5</AltitudeMeters><Extensions><TPX xmlns="http://www.garmin.com/xmlschemas/ActivityExtension/v2"><Speed>2.483</Speed></TPX></Extensions></Trackpoint><Trackpoint><Time>2026-03-05T10:38:56+00:00</Time><DistanceMeters>1967.7</DistanceMeters><Position><LatitudeDegrees>50.862341</LatitudeDegrees><LongitudeDegrees>4.27603</LongitudeDegrees></Position><AltitudeMeters>43.5</AltitudeMeters><Extensions><TPX xmlns="http://www.garmin.com/xmlschemas/ActivityExtension/v2"><Speed>2.49</Speed></TPX></Extensions></Trackpoint><Trackpoint><Time>2026-03-05T10:38:57+00:00</Time><DistanceMeters>1970.1</DistanceMeters><Position><LatitudeDegrees>50.862333</LatitudeDegrees><LongitudeDegrees>4.276043</LongitudeDegrees></Position><AltitudeMeters>43.5</AltitudeMeters><Extensions><TPX xmlns="http://www.garmin.com/xmlschemas/ActivityExtension/v2"><Speed>2.48</Speed></TPX></Extensions></Trackpoint><Trackpoint><Time>2026-03-05T10:38:58+00:00</Time><DistanceMeters>1972.7</DistanceMeters><Position><LatitudeDegrees>50.862309</LatitudeDegrees><LongitudeDegrees>4.276082</LongitudeDegrees></Position><AltitudeMeters>43.6</AltitudeMeters><Extensions><TPX xmlns="http://www.garmin.com/xmlschemas/ActivityExtension/v2"><Speed>2.5</Speed></TPX></Extensions></Trackpoint><Trackpoint><Time>2026-03-05T10:38:59+00:00</Time><DistanceMeters>1975.3</DistanceMeters><Position><LatitudeDegrees>50.862301</LatitudeDegrees><LongitudeDegrees>4.276095</LongitudeDegrees></Position><AltitudeMeters>43.6</AltitudeMeters><Extensions><TPX xmlns="http://www.garmin.com/xmlschemas/ActivityExtension/v2"><Speed>2.52</Speed></TPX></Extensions></Trackpoint><Trackpoint><Time>2026-03-05T10:39:00+00:00</Time><DistanceMeters>1979.7</DistanceMeters><Position><LatitudeDegrees>50.862271</LatitudeDegrees><LongitudeDegrees>4.276137</LongitudeDegrees></Position><AltitudeMeters>43.6</AltitudeMeters><Extensions><TPX xmlns="http://www.garmin.com/xmlschemas/ActivityExtension/v2"><Speed>2.9</Speed></TPX></Extensions></Trackpoint><Trackpoint><Time>2026-03-05T10:39:02+00:00</Time><DistanceMeters>1981.8</DistanceMeters><Position><LatitudeDegrees>50.862252</LatitudeDegrees><LongitudeDegrees>4.276173</LongitudeDegrees></Position><AltitudeMeters>43.7</AltitudeMeters><Extensions><TPX xmlns="http://www.garmin.com/xmlschemas/ActivityExtension/v2"><Speed>2.34</Speed></TPX></Extensions></Trackpoint><Trackpoint><Time>2026-03-05T10:39:03+00:00</Time><DistanceMeters>1983.9</DistanceMeters><Position><LatitudeDegrees>50.862247</LatitudeDegrees><LongitudeDegrees>4.276183</LongitudeDegrees></Position><AltitudeMeters>43.7</AltitudeMeters><Extensions><TPX xmlns="http://www.garmin.com/xmlschemas/ActivityExtension/v2"><Speed>2.24</Speed></TPX></Extensions></Trackpoint><Trackpoint><Time>2026-03-05T10:39:04+00:00</Time><DistanceMeters>1988.2</DistanceMeters><Position><LatitudeDegrees>50.862225</LatitudeDegrees><LongitudeDegrees>4.276233</LongitudeDegrees></Position><AltitudeMeters>43.7</AltitudeMeters><Extensions><TPX xmlns="http://www.garmin.com/xmlschemas/ActivityExtension/v2"><Speed>2.58</Speed></TPX></Extensions></Trackpoint><Trackpoint><Time>2026-03-05T10:39:06+00:00</Time><DistanceMeters>1990.4</DistanceMeters><Position><LatitudeDegrees>50.862209</LatitudeDegrees><LongitudeDegrees>4.276274</LongitudeDegrees></Position><AltitudeMeters>43.8</AltitudeMeters><Extensions><TPX xmlns="http://www.garmin.com/xmlschemas/ActivityExtension/v2"><Speed>1.783</Speed></TPX></Extensions></Trackpoint><Trackpoint><Time>2026-03-05T10:39:07+00:00</Time><DistanceMeters>1992.6</DistanceMeters><Position><LatitudeDegrees>50.862203</LatitudeDegrees><LongitudeDegrees>4.276285</LongitudeDegrees></Position><AltitudeMeters>43.8</AltitudeMeters><Extensions><TPX xmlns="http://www.garmin.com/xmlschemas/ActivityExtension/v2"><Speed>2.16</Speed></TPX></Extensions></Trackpoint><Trackpoint><Time>2026-03-05T10:39:08+00:00</Time><DistanceMeters>1992.6</DistanceMeters><Position><LatitudeDegrees>50.86219</LatitudeDegrees><LongitudeDegrees>4.276308</LongitudeDegrees></Position><AltitudeMeters>43.8</AltitudeMeters><Extensions><TPX xmlns="http://www.garmin.com/xmlschemas/ActivityExtension/v2"><Speed>1.74</Speed></TPX></Extensions></Trackpoint><Trackpoint><Time>2026-03-05T10:39:09+00:00</Time><DistanceMeters>1996.6</DistanceMeters><Position><LatitudeDegrees>50.862178</LatitudeDegrees><LongitudeDegrees>4.276328</LongitudeDegrees></Position><AltitudeMeters>43.8</AltitudeMeters><Extensions><TPX xmlns="http://www.garmin.com/xmlschemas/ActivityExtension/v2"><Speed>1.68</Speed></TPX></Extensions></Trackpoint><Trackpoint><Time>2026-03-05T10:39:10+00:00</Time><DistanceMeters>1996.6</DistanceMeters><Position><LatitudeDegrees>50.862163</LatitudeDegrees><LongitudeDegrees>4.276347</LongitudeDegrees></Position><AltitudeMeters>43.8</AltitudeMeters><Extensions><TPX xmlns="http://www.garmin.com/xmlschemas/ActivityExtension/v2"><Speed>1.4</Speed></TPX></Extensions></Trackpoint><Trackpoint><Time>2026-03-05T10:39:11+00:00</Time><DistanceMeters>2000.5</DistanceMeters><Position><LatitudeDegrees>50.862143</LatitudeDegrees><LongitudeDegrees>4.276388</LongitudeDegrees></Position><AltitudeMeters>43.9</AltitudeMeters><Extensions><TPX xmlns="http://www.garmin.com/xmlschemas/ActivityExtension/v2"><Speed>2.02</Speed></TPX></Extensions></Trackpoint><Trackpoint><Time>2026-03-05T10:39:13+00:00</Time><DistanceMeters>2004.3</DistanceMeters><Position><LatitudeDegrees>50.862133</LatitudeDegrees><LongitudeDegrees>4.276408</LongitudeDegrees></Position><AltitudeMeters>43.9</AltitudeMeters><Extensions><TPX xmlns="http://www.garmin.com/xmlschemas/ActivityExtension/v2"><Speed>2.34</Speed></TPX></Extensions></Trackpoint><Trackpoint><Time>2026-03-05T10:39:14+00:00</Time><DistanceMeters>2004.3</DistanceMeters><Position><LatitudeDegrees>50.862121</LatitudeDegrees><LongitudeDegrees>4.276425</LongitudeDegrees></Position><AltitudeMeters>43.9</AltitudeMeters><Extensions><TPX xmlns="http://www.garmin.com/xmlschemas/ActivityExtension/v2"><Speed>1.54</Speed></TPX></Extensions></Trackpoint><Trackpoint><Time>2026-03-05T10:39:15+00:00</Time><DistanceMeters>2007.9</DistanceMeters><Position><LatitudeDegrees>50.862109</LatitudeDegrees><LongitudeDegrees>4.276443</LongitudeDegrees></Position><AltitudeMeters>43.9</AltitudeMeters><Extensions><TPX xmlns="http://www.garmin.com/xmlschemas/ActivityExtension/v2"><Speed>2.26</Speed></TPX></Extensions></Trackpoint><Trackpoint><Time>2026-03-05T10:39:16+00:00</Time><DistanceMeters>2010.0</DistanceMeters><Position><LatitudeDegrees>50.862089</LatitudeDegrees><LongitudeDegrees>4.276474</LongitudeDegrees></Position><AltitudeMeters>43.9</AltitudeMeters><Extensions><TPX xmlns="http://www.garmin.com/xmlschemas/ActivityExtension/v2"><Speed>1.89</Speed></TPX></Extensions></Trackpoint><Trackpoint><Time>2026-03-05T10:39:17+00:00</Time><DistanceMeters>2012.0</DistanceMeters><Position><LatitudeDegrees>50.862082</LatitudeDegrees><LongitudeDegrees>4.276485</LongitudeDegrees></Position><AltitudeMeters>44.0</AltitudeMeters><Extensions><TPX xmlns="http://www.garmin.com/xmlschemas/ActivityExtension/v2"><Speed>1.917</Speed></TPX></Extensions></Trackpoint><Trackpoint><Time>2026-03-05T10:39:18+00:00</Time><DistanceMeters>2016.6</DistanceMeters><Position><LatitudeDegrees>50.862048</LatitudeDegrees><LongitudeDegrees>4.27652</LongitudeDegrees></Position><AltitudeMeters>44.0</AltitudeMeters><Extensions><TPX xmlns="http://www.garmin.com/xmlschemas/ActivityExtension/v2"><Speed>2.46</Speed></TPX></Extensions></Trackpoint><Trackpoint><Time>2026-03-05T10:39:20+00:00</Time><DistanceMeters>2019.0</DistanceMeters><Position><LatitudeDegrees>50.862008</LatitudeDegrees><LongitudeDegrees>4.276548</LongitudeDegrees></Position><AltitudeMeters>44.0</AltitudeMeters><Extensions><TPX xmlns="http://www.garmin.com/xmlschemas/ActivityExtension/v2"><Speed>2.21</Speed></TPX></Extensions></Trackpoint><Trackpoint><Time>2026-03-05T10:39:21+00:00</Time><DistanceMeters>2021.3</DistanceMeters><Position><LatitudeDegrees>50.861991</LatitudeDegrees><LongitudeDegrees>4.27656</LongitudeDegrees></Position><AltitudeMeters>44.1</AltitudeMeters><Extensions><TPX xmlns="http://www.garmin.com/xmlschemas/ActivityExtension/v2"><Speed>2.27</Speed></TPX></Extensions></Trackpoint><Trackpoint><Time>2026-03-05T10:39:23+00:00</Time><DistanceMeters>2025.9</DistanceMeters><Position><LatitudeDegrees>50.861969</LatitudeDegrees><LongitudeDegrees>4.276568</LongitudeDegrees></Position><AltitudeMeters>44.1</AltitudeMeters><Extensions><TPX xmlns="http://www.garmin.com/xmlschemas/ActivityExtension/v2"><Speed>1.86</Speed></TPX></Extensions></Trackpoint><Trackpoint><Time>2026-03-05T10:39:24+00:00</Time><DistanceMeters>2028.3</DistanceMeters><Position><LatitudeDegrees>50.86194</LatitudeDegrees><LongitudeDegrees>4.276551</LongitudeDegrees></Position><AltitudeMeters>44.1</AltitudeMeters><Extensions><TPX xmlns="http://www.garmin.com/xmlschemas/ActivityExtension/v2"><Speed>1.942</Speed></TPX></Extensions></Trackpoint><Trackpoint><Time>2026-03-05T10:39:25+00:00</Time><DistanceMeters>2030.6</DistanceMeters><Position><LatitudeDegrees>50.861931</LatitudeDegrees><LongitudeDegrees>4.276541</LongitudeDegrees></Position><AltitudeMeters>44.1</AltitudeMeters><Extensions><TPX xmlns="http://www.garmin.com/xmlschemas/ActivityExtension/v2"><Speed>2.33</Speed></TPX></Extensions></Trackpoint><Trackpoint><Time>2026-03-05T10:39:26+00:00</Time><DistanceMeters>2033.2</DistanceMeters><Position><LatitudeDegrees>50.861908</LatitudeDegrees><LongitudeDegrees>4.276502</LongitudeDegrees></Position><AltitudeMeters>44.1</AltitudeMeters><Extensions><TPX xmlns="http://www.garmin.com/xmlschemas/ActivityExtension/v2"><Speed>2.37</Speed></TPX></Extensions></Trackpoint><Trackpoint><Time>2026-03-05T10:39:27+00:00</Time><DistanceMeters>2035.7</DistanceMeters><Position><LatitudeDegrees>50.861902</LatitudeDegrees><LongitudeDegrees>4.276485</LongitudeDegrees></Position><AltitudeMeters>44.2</AltitudeMeters><Extensions><TPX xmlns="http://www.garmin.com/xmlschemas/ActivityExtension/v2"><Speed>2.4</Speed></TPX></Extensions></Trackpoint><Trackpoint><Time>2026-03-05T10:39:28+00:00</Time><DistanceMeters>2038.5</DistanceMeters><Position><LatitudeDegrees>50.861885</LatitudeDegrees><LongitudeDegrees>4.276431</LongitudeDegrees></Position><AltitudeMeters>44.2</AltitudeMeters><Extensions><TPX xmlns="http://www.garmin.com/xmlschemas/ActivityExtension/v2"><Speed>2.51</Speed></TPX></Extensions></Trackpoint><Trackpoint><Time>2026-03-05T10:39:29+00:00</Time><DistanceMeters>2041.2</DistanceMeters><Position><LatitudeDegrees>50.861879</LatitudeDegrees><LongitudeDegrees>4.276415</LongitudeDegrees></Position><AltitudeMeters>44.2</AltitudeMeters><Extensions><TPX xmlns="http://www.garmin.com/xmlschemas/ActivityExtension/v2"><Speed>2.59</Speed></TPX></Extensions></Trackpoint><Trackpoint><Time>2026-03-05T10:39:30+00:00</Time><DistanceMeters>2044.6</DistanceMeters><Position><LatitudeDegrees>50.861862</LatitudeDegrees><LongitudeDegrees>4.276376</LongitudeDegrees></Position><AltitudeMeters>44.2</AltitudeMeters><Extensions><TPX xmlns="http://www.garmin.com/xmlschemas/ActivityExtension/v2"><Speed>2.8</Speed></TPX></Extensions></Trackpoint><Trackpoint><Time>2026-03-05T10:39:31+00:00</Time><DistanceMeters>2048.7</DistanceMeters><Position><LatitudeDegrees>50.861843</LatitudeDegrees><LongitudeDegrees>4.276324</LongitudeDegrees></Position><AltitudeMeters>44.3</AltitudeMeters><Extensions><TPX xmlns="http://www.garmin.com/xmlschemas/ActivityExtension/v2"><Speed>3.11</Speed></TPX></Extensions></Trackpoint><Trackpoint><Time>2026-03-05T10:39:33+00:00</Time><DistanceMeters>2051.0</DistanceMeters><Position><LatitudeDegrees>50.861825</LatitudeDegrees><LongitudeDegrees>4.276267</LongitudeDegrees></Position><AltitudeMeters>44.3</AltitudeMeters><Extensions><TPX xmlns="http://www.garmin.com/xmlschemas/ActivityExtension/v2"><Speed>2.51</Speed></TPX></Extensions></Trackpoint><Trackpoint><Time>2026-03-05T10:39:34+00:00</Time><DistanceMeters>2053.3</DistanceMeters><Position><LatitudeDegrees>50.861816</LatitudeDegrees><LongitudeDegrees>4.276236</LongitudeDegrees></Position><AltitudeMeters>44.3</AltitudeMeters><Extensions><TPX xmlns="http://www.garmin.com/xmlschemas/ActivityExtension/v2"><Speed>2.42</Speed></TPX></Extensions></Trackpoint><Trackpoint><Time>2026-03-05T10:39:36+00:00</Time><DistanceMeters>2058.3</DistanceMeters><Position><LatitudeDegrees>50.861807</LatitudeDegrees><LongitudeDegrees>4.2762</LongitudeDegrees></Position><AltitudeMeters>44.4</AltitudeMeters><Extensions><TPX xmlns="http://www.garmin.com/xmlschemas/ActivityExtension/v2"><Speed>1.92</Speed></TPX></Extensions></Trackpoint><Trackpoint><Time>2026-03-05T10:39:37+00:00</Time><DistanceMeters>2058.3</DistanceMeters><Position><LatitudeDegrees>50.861802</LatitudeDegrees><LongitudeDegrees>4.276176</LongitudeDegrees></Position><AltitudeMeters>44.4</AltitudeMeters><Extensions><TPX xmlns="http://www.garmin.com/xmlschemas/ActivityExtension/v2"><Speed>1.6</Speed></TPX></Extensions></Trackpoint><Trackpoint><Time>2026-03-05T10:39:38+00:00</Time><DistanceMeters>2058.3</DistanceMeters><Position><LatitudeDegrees>50.8618</LatitudeDegrees><LongitudeDegrees>4.276168</LongitudeDegrees></Position><AltitudeMeters>44.4</AltitudeMeters><Extensions><TPX xmlns="http://www.garmin.com/xmlschemas/ActivityExtension/v2"><Speed>1.46</Speed></TPX></Extensions></Trackpoint><Trackpoint><Time>2026-03-05T10:39:39+00:00</Time><DistanceMeters>2062.0</DistanceMeters><Position><LatitudeDegrees>50.861794</LatitudeDegrees><LongitudeDegrees>4.276152</LongitudeDegrees></Position><AltitudeMeters>44.4</AltitudeMeters><Extensions><TPX xmlns="http://www.garmin.com/xmlschemas/ActivityExtension/v2"><Speed>1.74</Speed></TPX></Extensions></Trackpoint><Trackpoint><Time>2026-03-05T10:39:40+00:00</Time><DistanceMeters>2063.2</DistanceMeters><Position><LatitudeDegrees>50.861785</LatitudeDegrees><LongitudeDegrees>4.27614</LongitudeDegrees></Position><AltitudeMeters>44.4</AltitudeMeters><Extensions><TPX xmlns="http://www.garmin.com/xmlschemas/ActivityExtension/v2"><Speed>1.642</Speed></TPX></Extensions></Trackpoint><Trackpoint><Time>2026-03-05T10:39:41+00:00</Time><DistanceMeters>2064.3</DistanceMeters><Position><LatitudeDegrees>50.861779</LatitudeDegrees><LongitudeDegrees>4.276126</LongitudeDegrees></Position><AltitudeMeters>44.4</AltitudeMeters><Extensions><TPX xmlns="http://www.garmin.com/xmlschemas/ActivityExtension/v2"><Speed>1.2</Speed></TPX></Extensions></Trackpoint><Trackpoint><Time>2026-03-05T10:39:42+00:00</Time><DistanceMeters>2065.5</DistanceMeters><Position><LatitudeDegrees>50.861774</LatitudeDegrees><LongitudeDegrees>4.276113</LongitudeDegrees></Position><AltitudeMeters>44.5</AltitudeMeters><Extensions><TPX xmlns="http://www.garmin.com/xmlschemas/ActivityExtension/v2"><Speed>1.43</Speed></TPX></Extensions></Trackpoint><Trackpoint><Time>2026-03-05T10:39:43+00:00</Time><DistanceMeters>2066.6</DistanceMeters><Position><LatitudeDegrees>50.861768</LatitudeDegrees><LongitudeDegrees>4.2761</LongitudeDegrees></Position><AltitudeMeters>44.5</AltitudeMeters><Extensions><TPX xmlns="http://www.garmin.com/xmlschemas/ActivityExtension/v2"><Speed>1.66</Speed></TPX></Extensions></Trackpoint><Trackpoint><Time>2026-03-05T10:39:44+00:00</Time><DistanceMeters>2069.8</DistanceMeters><Position><LatitudeDegrees>50.86174</LatitudeDegrees><LongitudeDegrees>4.276089</LongitudeDegrees></Position><AltitudeMeters>44.5</AltitudeMeters><Extensions><TPX xmlns="http://www.garmin.com/xmlschemas/ActivityExtension/v2"><Speed>1.56</Speed></TPX></Extensions></Trackpoint><Trackpoint><Time>2026-03-05T10:39:45+00:00</Time><DistanceMeters>2073.5</DistanceMeters><Position><LatitudeDegrees>50.861712</LatitudeDegrees><LongitudeDegrees>4.27606</LongitudeDegrees></Position><AltitudeMeters>44.5</AltitudeMeters><Extensions><TPX xmlns="http://www.garmin.com/xmlschemas/ActivityExtension/v2"><Speed>2.07</Speed></TPX></Extensions></Trackpoint><Trackpoint><Time>2026-03-05T10:39:46+00:00</Time><DistanceMeters>2073.5</DistanceMeters><Position><LatitudeDegrees>50.861698</LatitudeDegrees><LongitudeDegrees>4.276052</LongitudeDegrees></Position><AltitudeMeters>44.6</AltitudeMeters><Extensions><TPX xmlns="http://www.garmin.com/xmlschemas/ActivityExtension/v2"><Speed>1.84</Speed></TPX></Extensions></Trackpoint><Trackpoint><Time>2026-03-05T10:39:47+00:00</Time><DistanceMeters>2076.8</DistanceMeters><Position><LatitudeDegrees>50.861689</LatitudeDegrees><LongitudeDegrees>4.276032</LongitudeDegrees></Position><AltitudeMeters>44.6</AltitudeMeters><Extensions><TPX xmlns="http://www.garmin.com/xmlschemas/ActivityExtension/v2"><Speed>2.27</Speed></TPX></Extensions></Trackpoint><Trackpoint><Time>2026-03-05T10:39:48+00:00</Time><DistanceMeters>2079.2</DistanceMeters><Position><LatitudeDegrees>50.861672</LatitudeDegrees><LongitudeDegrees>4.275991</LongitudeDegrees></Position><AltitudeMeters>44.6</AltitudeMeters><Extensions><TPX xmlns="http://www.garmin.com/xmlschemas/ActivityExtension/v2"><Speed>2.51</Speed></TPX></Extensions></Trackpoint><Trackpoint><Time>2026-03-05T10:39:49+00:00</Time><DistanceMeters>2081.5</DistanceMeters><Position><LatitudeDegrees>50.861663</LatitudeDegrees><LongitudeDegrees>4.27598</LongitudeDegrees></Position><AltitudeMeters>44.6</AltitudeMeters><Extensions><TPX xmlns="http://www.garmin.com/xmlschemas/ActivityExtension/v2"><Speed>2.34</Speed></TPX></Extensions></Trackpoint><Trackpoint><Time>2026-03-05T10:39:50+00:00</Time><DistanceMeters>2084.0</DistanceMeters><Position><LatitudeDegrees>50.861637</LatitudeDegrees><LongitudeDegrees>4.275945</LongitudeDegrees></Position><AltitudeMeters>44.7</AltitudeMeters><Extensions><TPX xmlns="http://www.garmin.com/xmlschemas/ActivityExtension/v2"><Speed>2.09</Speed></TPX></Extensions></Trackpoint><Trackpoint><Time>2026-03-05T10:39:51+00:00</Time><DistanceMeters>2086.4</DistanceMeters><Position><LatitudeDegrees>50.86163</LatitudeDegrees><LongitudeDegrees>4.275931</LongitudeDegrees></Position><AltitudeMeters>44.7</AltitudeMeters><Extensions><TPX xmlns="http://www.garmin.com/xmlschemas/ActivityExtension/v2"><Speed>2.58</Speed></TPX></Extensions></Trackpoint><Trackpoint><Time>2026-03-05T10:39:52+00:00</Time><DistanceMeters>2089.2</DistanceMeters><Position><LatitudeDegrees>50.86159</LatitudeDegrees><LongitudeDegrees>4.275889</LongitudeDegrees></Position><AltitudeMeters>44.8</AltitudeMeters><Extensions><TPX xmlns="http://www.garmin.com/xmlschemas/ActivityExtension/v2"><Speed>2.47</Speed></TPX></Extensions></Trackpoint><Trackpoint><Time>2026-03-05T10:39:53+00:00</Time><DistanceMeters>2091.9</DistanceMeters><Position><LatitudeDegrees>50.861573</LatitudeDegrees><LongitudeDegrees>4.275866</LongitudeDegrees></Position><AltitudeMeters>44.8</AltitudeMeters><Extensions><TPX xmlns="http://www.garmin.com/xmlschemas/ActivityExtension/v2"><Speed>2.55</Speed></TPX></Extensions></Trackpoint><Trackpoint><Time>2026-03-05T10:39:55+00:00</Time><DistanceMeters>2096.9</DistanceMeters><Position><LatitudeDegrees>50.861552</LatitudeDegrees><LongitudeDegrees>4.275849</LongitudeDegrees></Position><AltitudeMeters>44.9</AltitudeMeters><Extensions><TPX xmlns="http://www.garmin.com/xmlschemas/ActivityExtension/v2"><Speed>2.59</Speed></TPX></Extensions></Trackpoint><Trackpoint><Time>2026-03-05T10:39:56+00:00</Time><DistanceMeters>2101.7</DistanceMeters><Position><LatitudeDegrees>50.861519</LatitudeDegrees><LongitudeDegrees>4.275805</LongitudeDegrees></Position><AltitudeMeters>45.0</AltitudeMeters><Extensions><TPX xmlns="http://www.garmin.com/xmlschemas/ActivityExtension/v2"><Speed>3.06</Speed></TPX></Extensions></Trackpoint><Trackpoint><Time>2026-03-05T10:39:58+00:00</Time><DistanceMeters>2104.2</DistanceMeters><Position><LatitudeDegrees>50.861491</LatitudeDegrees><LongitudeDegrees>4.275774</LongitudeDegrees></Position><AltitudeMeters>45.0</AltitudeMeters><Extensions><TPX xmlns="http://www.garmin.com/xmlschemas/ActivityExtension/v2"><Speed>2.46</Speed></TPX></Extensions></Trackpoint><Trackpoint><Time>2026-03-05T10:39:59+00:00</Time><DistanceMeters>2106.7</DistanceMeters><Position><LatitudeDegrees>50.861482</LatitudeDegrees><LongitudeDegrees>4.275764</LongitudeDegrees></Position><AltitudeMeters>45.0</AltitudeMeters><Extensions><TPX xmlns="http://www.garmin.com/xmlschemas/ActivityExtension/v2"><Speed>2.467</Speed></TPX></Extensions></Trackpoint><Trackpoint><Time>2026-03-05T10:40:00+00:00</Time><DistanceMeters>2109.1</DistanceMeters><Position><LatitudeDegrees>50.861458</LatitudeDegrees><LongitudeDegrees>4.275729</LongitudeDegrees></Position><AltitudeMeters>45.1</AltitudeMeters><Extensions><TPX xmlns="http://www.garmin.com/xmlschemas/ActivityExtension/v2"><Speed>2.45</Speed></TPX></Extensions></Trackpoint><Trackpoint><Time>2026-03-05T10:40:01+00:00</Time><DistanceMeters>2111.6</DistanceMeters><Position><LatitudeDegrees>50.86145</LatitudeDegrees><LongitudeDegrees>4.275718</LongitudeDegrees></Position><AltitudeMeters>45.2</AltitudeMeters><Extensions><TPX xmlns="http://www.garmin.com/xmlschemas/ActivityExtension/v2"><Speed>1.98</Speed></TPX></Extensions></Trackpoint><Trackpoint><Time>2026-03-05T10:40:02+00:00</Time><DistanceMeters>2113.8</DistanceMeters><Position><LatitudeDegrees>50.861427</LatitudeDegrees><LongitudeDegrees>4.275686</LongitudeDegrees></Position><AltitudeMeters>45.2</AltitudeMeters><Extensions><TPX xmlns="http://www.garmin.com/xmlschemas/ActivityExtension/v2"><Speed>2.017</Speed></TPX></Extensions></Trackpoint><Trackpoint><Time>2026-03-05T10:40:03+00:00</Time><DistanceMeters>2116.0</DistanceMeters><Position><LatitudeDegrees>50.861419</LatitudeDegrees><LongitudeDegrees>4.275677</LongitudeDegrees></Position><AltitudeMeters>45.3</AltitudeMeters><Extensions><TPX xmlns="http://www.garmin.com/xmlschemas/ActivityExtension/v2"><Speed>2.36</Speed></TPX></Extensions></Trackpoint><Trackpoint><Time>2026-03-05T10:40:04+00:00</Time><DistanceMeters>2118.4</DistanceMeters><Position><LatitudeDegrees>50.861394</LatitudeDegrees><LongitudeDegrees>4.275644</LongitudeDegrees></Position><AltitudeMeters>45.3</AltitudeMeters><Extensions><TPX xmlns="http://www.garmin.com/xmlschemas/ActivityExtension/v2"><Speed>2.34</Speed></TPX></Extensions></Trackpoint><Trackpoint><Time>2026-03-05T10:40:05+00:00</Time><DistanceMeters>2120.8</DistanceMeters><Position><LatitudeDegrees>50.861386</LatitudeDegrees><LongitudeDegrees>4.275633</LongitudeDegrees></Position><AltitudeMeters>45.4</AltitudeMeters><Extensions><TPX xmlns="http://www.garmin.com/xmlschemas/ActivityExtension/v2"><Speed>2.33</Speed></TPX></Extensions></Trackpoint><Trackpoint><Time>2026-03-05T10:40:06+00:00</Time><DistanceMeters>2123.4</DistanceMeters><Position><LatitudeDegrees>50.861362</LatitudeDegrees><LongitudeDegrees>4.275595</LongitudeDegrees></Position><AltitudeMeters>45.5</AltitudeMeters><Extensions><TPX xmlns="http://www.garmin.com/xmlschemas/ActivityExtension/v2"><Speed>2.35</Speed></TPX></Extensions></Trackpoint><Trackpoint><Time>2026-03-05T10:40:07+00:00</Time><DistanceMeters>2125.9</DistanceMeters><Position><LatitudeDegrees>50.861353</LatitudeDegrees><LongitudeDegrees>4.275582</LongitudeDegrees></Position><AltitudeMeters>45.5</AltitudeMeters><Extensions><TPX xmlns="http://www.garmin.com/xmlschemas/ActivityExtension/v2"><Speed>2.42</Speed></TPX></Extensions></Trackpoint><Trackpoint><Time>2026-03-05T10:40:08+00:00</Time><DistanceMeters>2131.2</DistanceMeters><Position><LatitudeDegrees>50.861319</LatitudeDegrees><LongitudeDegrees>4.275531</LongitudeDegrees></Position><AltitudeMeters>45.6</AltitudeMeters><Extensions><TPX xmlns="http://www.garmin.com/xmlschemas/ActivityExtension/v2"><Speed>3.04</Speed></TPX></Extensions></Trackpoint><Trackpoint><Time>2026-03-05T10:40:10+00:00</Time><DistanceMeters>2134.1</DistanceMeters><Position><LatitudeDegrees>50.861283</LatitudeDegrees><LongitudeDegrees>4.275474</LongitudeDegrees></Position><AltitudeMeters>45.8</AltitudeMeters><Extensions><TPX xmlns="http://www.garmin.com/xmlschemas/ActivityExtension/v2"><Speed>2.65</Speed></TPX></Extensions></Trackpoint><Trackpoint><Time>2026-03-05T10:40:11+00:00</Time><DistanceMeters>2136.9</DistanceMeters><Position><LatitudeDegrees>50.861266</LatitudeDegrees><LongitudeDegrees>4.275447</LongitudeDegrees></Position><AltitudeMeters>45.8</AltitudeMeters><Extensions><TPX xmlns="http://www.garmin.com/xmlschemas/ActivityExtension/v2"><Speed>2.71</Speed></TPX></Extensions></Trackpoint><Trackpoint><Time>2026-03-05T10:40:13+00:00</Time><DistanceMeters>2142.5</DistanceMeters><Position><LatitudeDegrees>50.861246</LatitudeDegrees><LongitudeDegrees>4.275417</LongitudeDegrees></Position><AltitudeMeters>45.9</AltitudeMeters><Extensions><TPX xmlns="http://www.garmin.com/xmlschemas/ActivityExtension/v2"><Speed>2.26</Speed></TPX></Extensions></Trackpoint><Trackpoint><Time>2026-03-05T10:40:14+00:00</Time><DistanceMeters>2145.1</DistanceMeters><Position><LatitudeDegrees>50.861221</LatitudeDegrees><LongitudeDegrees>4.275378</LongitudeDegrees></Position><AltitudeMeters>46.0</AltitudeMeters><Extensions><TPX xmlns="http://www.garmin.com/xmlschemas/ActivityExtension/v2"><Speed>2.317</Speed></TPX></Extensions></Trackpoint><Trackpoint><Time>2026-03-05T10:40:15+00:00</Time><DistanceMeters>2147.7</DistanceMeters><Position><LatitudeDegrees>50.861213</LatitudeDegrees><LongitudeDegrees>4.275365</LongitudeDegrees></Position><AltitudeMeters>46.0</AltitudeMeters><Extensions><TPX xmlns="http://www.garmin.com/xmlschemas/ActivityExtension/v2"><Speed>2.73</Speed></TPX></Extensions></Trackpoint><Trackpoint><Time>2026-03-05T10:40:16+00:00</Time><DistanceMeters>2150.4</DistanceMeters><Position><LatitudeDegrees>50.861188</LatitudeDegrees><LongitudeDegrees>4.275326</LongitudeDegrees></Position><AltitudeMeters>46.1</AltitudeMeters><Extensions><TPX xmlns="http://www.garmin.com/xmlschemas/ActivityExtension/v2"><Speed>2.69</Speed></TPX></Extensions></Trackpoint><Trackpoint><Time>2026-03-05T10:40:17+00:00</Time><DistanceMeters>2153.0</DistanceMeters><Position><LatitudeDegrees>50.861179</LatitudeDegrees><LongitudeDegrees>4.275313</LongitudeDegrees></Position><AltitudeMeters>46.2</AltitudeMeters><Extensions><TPX xmlns="http://www.garmin.com/xmlschemas/ActivityExtension/v2"><Speed>2.683</Speed></TPX></Extensions></Trackpoint><Trackpoint><Time>2026-03-05T10:40:18+00:00</Time><DistanceMeters>2155.7</DistanceMeters><Position><LatitudeDegrees>50.861145</LatitudeDegrees><LongitudeDegrees>4.275263</LongitudeDegrees></Position><AltitudeMeters>46.3</AltitudeMeters><Extensions><TPX xmlns="http://www.garmin.com/xmlschemas/ActivityExtension/v2"><Speed>2.63</Speed></TPX></Extensions></Trackpoint><Trackpoint><Time>2026-03-05T10:40:19+00:00</Time><DistanceMeters>2158.3</DistanceMeters><Position><LatitudeDegrees>50.861128</LatitudeDegrees><LongitudeDegrees>4.275239</LongitudeDegrees></Position><AltitudeMeters>46.3</AltitudeMeters><Extensions><TPX xmlns="http://www.garmin.com/xmlschemas/ActivityExtension/v2"><Speed>2.64</Speed></TPX></Extensions></Trackpoint><Trackpoint><Time>2026-03-05T10:40:21+00:00</Time><DistanceMeters>2163.5</DistanceMeters><Position><LatitudeDegrees>50.861109</LatitudeDegrees><LongitudeDegrees>4.275212</LongitudeDegrees></Position><AltitudeMeters>46.4</AltitudeMeters><Extensions><TPX xmlns="http://www.garmin.com/xmlschemas/ActivityExtension/v2"><Speed>2.63</Speed></TPX></Extensions></Trackpoint><Trackpoint><Time>2026-03-05T10:40:22+00:00</Time><DistanceMeters>2168.6</DistanceMeters><Position><LatitudeDegrees>50.861073</LatitudeDegrees><LongitudeDegrees>4.275166</LongitudeDegrees></Position><AltitudeMeters>46.5</AltitudeMeters><Extensions><TPX xmlns="http://www.garmin.com/xmlschemas/ActivityExtension/v2"><Speed>3.12</Speed></TPX></Extensions></Trackpoint><Trackpoint><Time>2026-03-05T10:40:24+00:00</Time><DistanceMeters>2171.1</DistanceMeters><Position><LatitudeDegrees>50.861043</LatitudeDegrees><LongitudeDegrees>4.275118</LongitudeDegrees></Position><AltitudeMeters>46.6</AltitudeMeters><Extensions><TPX xmlns="http://www.garmin.com/xmlschemas/ActivityExtension/v2"><Speed>2.55</Speed></TPX></Extensions></Trackpoint><Trackpoint><Time>2026-03-05T10:40:25+00:00</Time><DistanceMeters>2173.5</DistanceMeters><Position><LatitudeDegrees>50.861029</LatitudeDegrees><LongitudeDegrees>4.275095</LongitudeDegrees></Position><AltitudeMeters>46.7</AltitudeMeters><Extensions><TPX xmlns="http://www.garmin.com/xmlschemas/ActivityExtension/v2"><Speed>2.533</Speed></TPX></Extensions></Trackpoint><Trackpoint><Time>2026-03-05T10:40:27+00:00</Time><DistanceMeters>2178.3</DistanceMeters><Position><LatitudeDegrees>50.861014</LatitudeDegrees><LongitudeDegrees>4.275067</LongitudeDegrees></Position><AltitudeMeters>46.7</AltitudeMeters><Extensions><TPX xmlns="http://www.garmin.com/xmlschemas/ActivityExtension/v2"><Speed>1.94</Speed></TPX></Extensions></Trackpoint><Trackpoint><Time>2026-03-05T10:40:28+00:00</Time><DistanceMeters>2182.8</DistanceMeters><Position><LatitudeDegrees>50.860988</LatitudeDegrees><LongitudeDegrees>4.275018</LongitudeDegrees></Position><AltitudeMeters>46.8</AltitudeMeters><Extensions><TPX xmlns="http://www.garmin.com/xmlschemas/ActivityExtension/v2"><Speed>2.367</Speed></TPX></Extensions></Trackpoint><Trackpoint><Time>2026-03-05T10:40:30+00:00</Time><DistanceMeters>2185.1</DistanceMeters><Position><LatitudeDegrees>50.860966</LatitudeDegrees><LongitudeDegrees>4.274981</LongitudeDegrees></Position><AltitudeMeters>46.9</AltitudeMeters><Extensions><TPX xmlns="http://www.garmin.com/xmlschemas/ActivityExtension/v2"><Speed>2.32</Speed></TPX></Extensions></Trackpoint><Trackpoint><Time>2026-03-05T10:40:31+00:00</Time><DistanceMeters>2187.4</DistanceMeters><Position><LatitudeDegrees>50.860959</LatitudeDegrees><LongitudeDegrees>4.274969</LongitudeDegrees></Position><AltitudeMeters>46.9</AltitudeMeters><Extensions><TPX xmlns="http://www.garmin.com/xmlschemas/ActivityExtension/v2"><Speed>2.317</Speed></TPX></Extensions></Trackpoint><Trackpoint><Time>2026-03-05T10:40:32+00:00</Time><DistanceMeters>2189.8</DistanceMeters><Position><LatitudeDegrees>50.860936</LatitudeDegrees><LongitudeDegrees>4.274934</LongitudeDegrees></Position><AltitudeMeters>47.0</AltitudeMeters><Extensions><TPX xmlns="http://www.garmin.com/xmlschemas/ActivityExtension/v2"><Speed>2.29</Speed></TPX></Extensions></Trackpoint><Trackpoint><Time>2026-03-05T10:40:33+00:00</Time><DistanceMeters>2192.1</DistanceMeters><Position><LatitudeDegrees>50.860927</LatitudeDegrees><LongitudeDegrees>4.274924</LongitudeDegrees></Position><AltitudeMeters>47.0</AltitudeMeters><Extensions><TPX xmlns="http://www.garmin.com/xmlschemas/ActivityExtension/v2"><Speed>1.86</Speed></TPX></Extensions></Trackpoint><Trackpoint><Time>2026-03-05T10:40:34+00:00</Time><DistanceMeters>2194.5</DistanceMeters><Position><LatitudeDegrees>50.860904</LatitudeDegrees><LongitudeDegrees>4.274889</LongitudeDegrees></Position><AltitudeMeters>47.1</AltitudeMeters><Extensions><TPX xmlns="http://www.garmin.com/xmlschemas/ActivityExtension/v2"><Speed>1.95</Speed></TPX></Extensions></Trackpoint><Trackpoint><Time>2026-03-05T10:40:35+00:00</Time><DistanceMeters>2196.9</DistanceMeters><Position><LatitudeDegrees>50.860896</LatitudeDegrees><LongitudeDegrees>4.274877</LongitudeDegrees></Position><AltitudeMeters>47.2</AltitudeMeters><Extensions><TPX xmlns="http://www.garmin.com/xmlschemas/ActivityExtension/v2"><Speed>2.36</Speed></TPX></Extensions></Trackpoint><Trackpoint><Time>2026-03-05T10:40:36+00:00</Time><DistanceMeters>2199.3</DistanceMeters><Position><LatitudeDegrees>50.860871</LatitudeDegrees><LongitudeDegrees>4.274847</LongitudeDegrees></Position><AltitudeMeters>47.2</AltitudeMeters><Extensions><TPX xmlns="http://www.garmin.com/xmlschemas/ActivityExtension/v2"><Speed>2.37</Speed></TPX></Extensions></Trackpoint><Trackpoint><Time>2026-03-05T10:40:37+00:00</Time><DistanceMeters>2201.6</DistanceMeters><Position><LatitudeDegrees>50.860862</LatitudeDegrees><LongitudeDegrees>4.274837</LongitudeDegrees></Position><AltitudeMeters>47.3</AltitudeMeters><Extensions><TPX xmlns="http://www.garmin.com/xmlschemas/ActivityExtension/v2"><Speed>2.37</Speed></TPX></Extensions></Trackpoint><Trackpoint><Time>2026-03-05T10:40:38+00:00</Time><DistanceMeters>2204.0</DistanceMeters><Position><LatitudeDegrees>50.860826</LatitudeDegrees><LongitudeDegrees>4.274802</LongitudeDegrees></Position><AltitudeMeters>47.4</AltitudeMeters><Extensions><TPX xmlns="http://www.garmin.com/xmlschemas/ActivityExtension/v2"><Speed>2.38</Speed></TPX></Extensions></Trackpoint><Trackpoint><Time>2026-03-05T10:40:39+00:00</Time><DistanceMeters>2206.4</DistanceMeters><Position><LatitudeDegrees>50.860809</LatitudeDegrees><LongitudeDegrees>4.274784</LongitudeDegrees></Position><AltitudeMeters>47.4</AltitudeMeters><Extensions><TPX xmlns="http://www.garmin.com/xmlschemas/ActivityExtension/v2"><Speed>2.38</Speed></TPX></Extensions></Trackpoint><Trackpoint><Time>2026-03-05T10:40:41+00:00</Time><DistanceMeters>2211.1</DistanceMeters><Position><LatitudeDegrees>50.860791</LatitudeDegrees><LongitudeDegrees>4.274764</LongitudeDegrees></Position><AltitudeMeters>47.5</AltitudeMeters><Extensions><TPX xmlns="http://www.garmin.com/xmlschemas/ActivityExtension/v2"><Speed>2.37</Speed></TPX></Extensions></Trackpoint><Trackpoint><Time>2026-03-05T10:40:42+00:00</Time><DistanceMeters>2215.4</DistanceMeters><Position><LatitudeDegrees>50.86076</LatitudeDegrees><LongitudeDegrees>4.274727</LongitudeDegrees></Position><AltitudeMeters>47.6</AltitudeMeters><Extensions><TPX xmlns="http://www.garmin.com/xmlschemas/ActivityExtension/v2"><Speed>2.76</Speed></TPX></Extensions></Trackpoint><Trackpoint><Time>2026-03-05T10:40:44+00:00</Time><DistanceMeters>2217.8</DistanceMeters><Position><LatitudeDegrees>50.860735</LatitudeDegrees><LongitudeDegrees>4.274697</LongitudeDegrees></Position><AltitudeMeters>47.7</AltitudeMeters><Extensions><TPX xmlns="http://www.garmin.com/xmlschemas/ActivityExtension/v2"><Speed>2.27</Speed></TPX></Extensions></Trackpoint><Trackpoint><Time>2026-03-05T10:40:45+00:00</Time><DistanceMeters>2220.1</DistanceMeters><Position><LatitudeDegrees>50.860726</LatitudeDegrees><LongitudeDegrees>4.274687</LongitudeDegrees></Position><AltitudeMeters>47.7</AltitudeMeters><Extensions><TPX xmlns="http://www.garmin.com/xmlschemas/ActivityExtension/v2"><Speed>2.283</Speed></TPX></Extensions></Trackpoint><Trackpoint><Time>2026-03-05T10:40:46+00:00</Time><DistanceMeters>2222.3</DistanceMeters><Position><LatitudeDegrees>50.860702</LatitudeDegrees><LongitudeDegrees>4.274659</LongitudeDegrees></Position><AltitudeMeters>47.8</AltitudeMeters><Extensions><TPX xmlns="http://www.garmin.com/xmlschemas/ActivityExtension/v2"><Speed>2.24</Speed></TPX></Extensions></Trackpoint><Trackpoint><Time>2026-03-05T10:40:47+00:00</Time><DistanceMeters>2224.5</DistanceMeters><Position><LatitudeDegrees>50.860694</LatitudeDegrees><LongitudeDegrees>4.274651</LongitudeDegrees></Position><AltitudeMeters>47.9</AltitudeMeters><Extensions><TPX xmlns="http://www.garmin.com/xmlschemas/ActivityExtension/v2"><Speed>1.82</Speed></TPX></Extensions></Trackpoint><Trackpoint><Time>2026-03-05T10:40:48+00:00</Time><DistanceMeters>2226.8</DistanceMeters><Position><LatitudeDegrees>50.860671</LatitudeDegrees><LongitudeDegrees>4.27462</LongitudeDegrees></Position><AltitudeMeters>48.0</AltitudeMeters><Extensions><TPX xmlns="http://www.garmin.com/xmlschemas/ActivityExtension/v2"><Speed>1.892</Speed></TPX></Extensions></Trackpoint><Trackpoint><Time>2026-03-05T10:40:49+00:00</Time><DistanceMeters>2229.0</DistanceMeters><Position><LatitudeDegrees>50.860663</LatitudeDegrees><LongitudeDegrees>4.27461</LongitudeDegrees></Position><AltitudeMeters>48.0</AltitudeMeters><Extensions><TPX xmlns="http://www.garmin.com/xmlschemas/ActivityExtension/v2"><Speed>2.25</Speed></TPX></Extensions></Trackpoint><Trackpoint><Time>2026-03-05T10:40:50+00:00</Time><DistanceMeters>2231.4</DistanceMeters><Position><LatitudeDegrees>50.860641</LatitudeDegrees><LongitudeDegrees>4.274572</LongitudeDegrees></Position><AltitudeMeters>48.1</AltitudeMeters><Extensions><TPX xmlns="http://www.garmin.com/xmlschemas/ActivityExtension/v2"><Speed>2.26</Speed></TPX></Extensions></Trackpoint><Trackpoint><Time>2026-03-05T10:40:51+00:00</Time><DistanceMeters>2233.8</DistanceMeters><Position><LatitudeDegrees>50.860634</LatitudeDegrees><LongitudeDegrees>4.274559</LongitudeDegrees></Position><AltitudeMeters>48.1</AltitudeMeters><Extensions><TPX xmlns="http://www.garmin.com/xmlschemas/ActivityExtension/v2"><Speed>2.3</Speed></TPX></Extensions></Trackpoint><Trackpoint><Time>2026-03-05T10:40:52+00:00</Time><DistanceMeters>2236.2</DistanceMeters><Position><LatitudeDegrees>50.860612</LatitudeDegrees><LongitudeDegrees>4.274519</LongitudeDegrees></Position><AltitudeMeters>48.2</AltitudeMeters><Extensions><TPX xmlns="http://www.garmin.com/xmlschemas/ActivityExtension/v2"><Speed>2.34</Speed></TPX></Extensions></Trackpoint><Trackpoint><Time>2026-03-05T10:40:53+00:00</Time><DistanceMeters>2238.6</DistanceMeters><Position><LatitudeDegrees>50.860604</LatitudeDegrees><LongitudeDegrees>4.274508</LongitudeDegrees></Position><AltitudeMeters>48.3</AltitudeMeters><Extensions><TPX xmlns="http://www.garmin.com/xmlschemas/ActivityExtension/v2"><Speed>2.37</Speed></TPX></Extensions></Trackpoint><Trackpoint><Time>2026-03-05T10:40:54+00:00</Time><DistanceMeters>2243.0</DistanceMeters><Position><LatitudeDegrees>50.860575</LatitudeDegrees><LongitudeDegrees>4.274466</LongitudeDegrees></Position><AltitudeMeters>48.4</AltitudeMeters><Extensions><TPX xmlns="http://www.garmin.com/xmlschemas/ActivityExtension/v2"><Speed>2.8</Speed></TPX></Extensions></Trackpoint><Trackpoint><Time>2026-03-05T10:40:56+00:00</Time><DistanceMeters>2245.1</DistanceMeters><Position><LatitudeDegrees>50.860555</LatitudeDegrees><LongitudeDegrees>4.274436</LongitudeDegrees></Position><AltitudeMeters>48.5</AltitudeMeters><Extensions><TPX xmlns="http://www.garmin.com/xmlschemas/ActivityExtension/v2"><Speed>2.26</Speed></TPX></Extensions></Trackpoint><Trackpoint><Time>2026-03-05T10:40:57+00:00</Time><DistanceMeters>2247.2</DistanceMeters><Position><LatitudeDegrees>50.860548</LatitudeDegrees><LongitudeDegrees>4.274426</LongitudeDegrees></Position><AltitudeMeters>48.6</AltitudeMeters><Extensions><TPX xmlns="http://www.garmin.com/xmlschemas/ActivityExtension/v2"><Speed>2.2</Speed></TPX></Extensions></Trackpoint><Trackpoint><Time>2026-03-05T10:40:58+00:00</Time><DistanceMeters>2247.2</DistanceMeters><Position><LatitudeDegrees>50.860534</LatitudeDegrees><LongitudeDegrees>4.274407</LongitudeDegrees></Position><AltitudeMeters>48.6</AltitudeMeters><Extensions><TPX xmlns="http://www.garmin.com/xmlschemas/ActivityExtension/v2"><Speed>1.72</Speed></TPX></Extensions></Trackpoint><Trackpoint><Time>2026-03-05T10:40:59+00:00</Time><DistanceMeters>2251.1</DistanceMeters><Position><LatitudeDegrees>50.860521</LatitudeDegrees><LongitudeDegrees>4.274389</LongitudeDegrees></Position><AltitudeMeters>48.7</AltitudeMeters><Extensions><TPX xmlns="http://www.garmin.com/xmlschemas/ActivityExtension/v2"><Speed>1.62</Speed></TPX></Extensions></Trackpoint><Trackpoint><Time>2026-03-05T10:41:00+00:00</Time><DistanceMeters>2251.1</DistanceMeters><Position><LatitudeDegrees>50.860509</LatitudeDegrees><LongitudeDegrees>4.27437</LongitudeDegrees></Position><AltitudeMeters>48.8</AltitudeMeters><Extensions><TPX xmlns="http://www.garmin.com/xmlschemas/ActivityExtension/v2"><Speed>1.35</Speed></TPX></Extensions></Trackpoint><Trackpoint><Time>2026-03-05T10:41:01+00:00</Time><DistanceMeters>2254.9</DistanceMeters><Position><LatitudeDegrees>50.860496</LatitudeDegrees><LongitudeDegrees>4.274351</LongitudeDegrees></Position><AltitudeMeters>48.8</AltitudeMeters><Extensions><TPX xmlns="http://www.garmin.com/xmlschemas/ActivityExtension/v2"><Speed>1.96</Speed></TPX></Extensions></Trackpoint><Trackpoint><Time>2026-03-05T10:41:02+00:00</Time><DistanceMeters>2254.9</DistanceMeters><Position><LatitudeDegrees>50.860483</LatitudeDegrees><LongitudeDegrees>4.274329</LongitudeDegrees></Position><AltitudeMeters>48.9</AltitudeMeters><Extensions><TPX xmlns="http://www.garmin.com/xmlschemas/ActivityExtension/v2"><Speed>1.54</Speed></TPX></Extensions></Trackpoint><Trackpoint><Time>2026-03-05T10:41:03+00:00</Time><DistanceMeters>2258.8</DistanceMeters><Position><LatitudeDegrees>50.860471</LatitudeDegrees><LongitudeDegrees>4.274313</LongitudeDegrees></Position><AltitudeMeters>49.0</AltitudeMeters><Extensions><TPX xmlns="http://www.garmin.com/xmlschemas/ActivityExtension/v2"><Speed>2.32</Speed></TPX></Extensions></Trackpoint><Trackpoint><Time>2026-03-05T10:41:04+00:00</Time><DistanceMeters>2258.8</DistanceMeters><Position><LatitudeDegrees>50.860457</LatitudeDegrees><LongitudeDegrees>4.274298</LongitudeDegrees></Position><AltitudeMeters>49.0</AltitudeMeters><Extensions><TPX xmlns="http://www.garmin.com/xmlschemas/ActivityExtension/v2"><Speed>1.54</Speed></TPX></Extensions></Trackpoint><Trackpoint><Time>2026-03-05T10:41:05+00:00</Time><DistanceMeters>2262.8</DistanceMeters><Position><LatitudeDegrees>50.860442</LatitudeDegrees><LongitudeDegrees>4.27428</LongitudeDegrees></Position><AltitudeMeters>49.1</AltitudeMeters><Extensions><TPX xmlns="http://www.garmin.com/xmlschemas/ActivityExtension/v2"><Speed>2.34</Speed></TPX></Extensions></Trackpoint><Trackpoint><Time>2026-03-05T10:41:06+00:00</Time><DistanceMeters>2262.8</DistanceMeters><Position><LatitudeDegrees>50.860428</LatitudeDegrees><LongitudeDegrees>4.274268</LongitudeDegrees></Position><AltitudeMeters>49.1</AltitudeMeters><Extensions><TPX xmlns="http://www.garmin.com/xmlschemas/ActivityExtension/v2"><Speed>1.58</Speed></TPX></Extensions></Trackpoint><Trackpoint><Time>2026-03-05T10:41:07+00:00</Time><DistanceMeters>2266.6</DistanceMeters><Position><LatitudeDegrees>50.860412</LatitudeDegrees><LongitudeDegrees>4.274255</LongitudeDegrees></Position><AltitudeMeters>49.2</AltitudeMeters><Extensions><TPX xmlns="http://www.garmin.com/xmlschemas/ActivityExtension/v2"><Speed>2.34</Speed></TPX></Extensions></Trackpoint><Trackpoint><Time>2026-03-05T10:41:08+00:00</Time><DistanceMeters>2268.7</DistanceMeters><Position><LatitudeDegrees>50.860388</LatitudeDegrees><LongitudeDegrees>4.274233</LongitudeDegrees></Position><AltitudeMeters>49.3</AltitudeMeters><Extensions><TPX xmlns="http://www.garmin.com/xmlschemas/ActivityExtension/v2"><Speed>1.98</Speed></TPX></Extensions></Trackpoint><Trackpoint><Time>2026-03-05T10:41:09+00:00</Time><DistanceMeters>2270.8</DistanceMeters><Position><LatitudeDegrees>50.860379</LatitudeDegrees><LongitudeDegrees>4.274223</LongitudeDegrees></Position><AltitudeMeters>49.3</AltitudeMeters><Extensions><TPX xmlns="http://www.garmin.com/xmlschemas/ActivityExtension/v2"><Speed>2.4</Speed></TPX></Extensions></Trackpoint><Trackpoint><Time>2026-03-05T10:41:10+00:00</Time><DistanceMeters>2270.8</DistanceMeters><Position><LatitudeDegrees>50.860365</LatitudeDegrees><LongitudeDegrees>4.274207</LongitudeDegrees></Position><AltitudeMeters>49.4</AltitudeMeters><Extensions><TPX xmlns="http://www.garmin.com/xmlschemas/ActivityExtension/v2"><Speed>1.6</Speed></TPX></Extensions></Trackpoint><Trackpoint><Time>2026-03-05T10:41:11+00:00</Time><DistanceMeters>2274.3</DistanceMeters><Position><LatitudeDegrees>50.860356</LatitudeDegrees><LongitudeDegrees>4.27419</LongitudeDegrees></Position><AltitudeMeters>49.5</AltitudeMeters><Extensions><TPX xmlns="http://www.garmin.com/xmlschemas/ActivityExtension/v2"><Speed>2.3</Speed></TPX></Extensions></Trackpoint><Trackpoint><Time>2026-03-05T10:41:12+00:00</Time><DistanceMeters>2276.4</DistanceMeters><Position><LatitudeDegrees>50.860342</LatitudeDegrees><LongitudeDegrees>4.274151</LongitudeDegrees></Position><AltitudeMeters>49.6</AltitudeMeters><Extensions><TPX xmlns="http://www.garmin.com/xmlschemas/ActivityExtension/v2"><Speed>1.95</Speed></TPX></Extensions></Trackpoint><Trackpoint><Time>2026-03-05T10:41:13+00:00</Time><DistanceMeters>2278.4</DistanceMeters><Position><LatitudeDegrees>50.86034</LatitudeDegrees><LongitudeDegrees>4.274137</LongitudeDegrees></Position><AltitudeMeters>49.6</AltitudeMeters><Extensions><TPX xmlns="http://www.garmin.com/xmlschemas/ActivityExtension/v2"><Speed>1.94</Speed></TPX></Extensions></Trackpoint><Trackpoint><Time>2026-03-05T10:41:14+00:00</Time><DistanceMeters>2280.7</DistanceMeters><Position><LatitudeDegrees>50.860327</LatitudeDegrees><LongitudeDegrees>4.274094</LongitudeDegrees></Position><AltitudeMeters>49.7</AltitudeMeters><Extensions><TPX xmlns="http://www.garmin.com/xmlschemas/ActivityExtension/v2"><Speed>1.97</Speed></TPX></Extensions></Trackpoint><Trackpoint><Time>2026-03-05T10:41:15+00:00</Time><DistanceMeters>2282.9</DistanceMeters><Position><LatitudeDegrees>50.860321</LatitudeDegrees><LongitudeDegrees>4.274081</LongitudeDegrees></Position><AltitudeMeters>49.7</AltitudeMeters><Extensions><TPX xmlns="http://www.garmin.com/xmlschemas/ActivityExtension/v2"><Speed>2.42</Speed></TPX></Extensions></Trackpoint><Trackpoint><Time>2026-03-05T10:41:16+00:00</Time><DistanceMeters>2285.0</DistanceMeters><Position><LatitudeDegrees>50.860293</LatitudeDegrees><LongitudeDegrees>4.274043</LongitudeDegrees></Position><AltitudeMeters>49.8</AltitudeMeters><Extensions><TPX xmlns="http://www.garmin.com/xmlschemas/ActivityExtension/v2"><Speed>2.13</Speed></TPX></Extensions></Trackpoint><Trackpoint><Time>2026-03-05T10:41:17+00:00</Time><DistanceMeters>2287.0</DistanceMeters><Position><LatitudeDegrees>50.860277</LatitudeDegrees><LongitudeDegrees>4.274025</LongitudeDegrees></Position><AltitudeMeters>49.9</AltitudeMeters><Extensions><TPX xmlns="http://www.garmin.com/xmlschemas/ActivityExtension/v2"><Speed>2.13</Speed></TPX></Extensions></Trackpoint><Trackpoint><Time>2026-03-05T10:41:19+00:00</Time><DistanceMeters>2291.2</DistanceMeters><Position><LatitudeDegrees>50.860261</LatitudeDegrees><LongitudeDegrees>4.274012</LongitudeDegrees></Position><AltitudeMeters>50.0</AltitudeMeters><Extensions><TPX xmlns="http://www.garmin.com/xmlschemas/ActivityExtension/v2"><Speed>2.11</Speed></TPX></Extensions></Trackpoint><Trackpoint><Time>2026-03-05T10:41:20+00:00</Time><DistanceMeters>2295.4</DistanceMeters><Position><LatitudeDegrees>50.860231</LatitudeDegrees><LongitudeDegrees>4.273976</LongitudeDegrees></Position><AltitudeMeters>50.1</AltitudeMeters><Extensions><TPX xmlns="http://www.garmin.com/xmlschemas/ActivityExtension/v2"><Speed>2.5</Speed></TPX></Extensions></Trackpoint><Trackpoint><Time>2026-03-05T10:41:22+00:00</Time><DistanceMeters>2297.7</DistanceMeters><Position><LatitudeDegrees>50.860205</LatitudeDegrees><LongitudeDegrees>4.273949</LongitudeDegrees></Position><AltitudeMeters>50.2</AltitudeMeters><Extensions><TPX xmlns="http://www.garmin.com/xmlschemas/ActivityExtension/v2"><Speed>2.13</Speed></TPX></Extensions></Trackpoint><Trackpoint><Time>2026-03-05T10:41:23+00:00</Time><DistanceMeters>2299.9</DistanceMeters><Position><LatitudeDegrees>50.860197</LatitudeDegrees><LongitudeDegrees>4.273941</LongitudeDegrees></Position><AltitudeMeters>50.2</AltitudeMeters><Extensions><TPX xmlns="http://www.garmin.com/xmlschemas/ActivityExtension/v2"><Speed>2.15</Speed></TPX></Extensions></Trackpoint><Trackpoint><Time>2026-03-05T10:41:24+00:00</Time><DistanceMeters>2304.4</DistanceMeters><Position><LatitudeDegrees>50.860164</LatitudeDegrees><LongitudeDegrees>4.273903</LongitudeDegrees></Position><AltitudeMeters>50.4</AltitudeMeters><Extensions><TPX xmlns="http://www.garmin.com/xmlschemas/ActivityExtension/v2"><Speed>2.64</Speed></TPX></Extensions></Trackpoint><Trackpoint><Time>2026-03-05T10:41:26+00:00</Time><DistanceMeters>2306.8</DistanceMeters><Position><LatitudeDegrees>50.860138</LatitudeDegrees><LongitudeDegrees>4.273872</LongitudeDegrees></Position><AltitudeMeters>50.5</AltitudeMeters><Extensions><TPX xmlns="http://www.garmin.com/xmlschemas/ActivityExtension/v2"><Speed>1.9</Speed></TPX></Extensions></Trackpoint><Trackpoint><Time>2026-03-05T10:41:27+00:00</Time><DistanceMeters>2309.2</DistanceMeters><Position><LatitudeDegrees>50.860129</LatitudeDegrees><LongitudeDegrees>4.273862</LongitudeDegrees></Position><AltitudeMeters>50.5</AltitudeMeters><Extensions><TPX xmlns="http://www.garmin.com/xmlschemas/ActivityExtension/v2"><Speed>2.31</Speed></TPX></Extensions></Trackpoint><Trackpoint><Time>2026-03-05T10:41:28+00:00</Time><DistanceMeters>2314.3</DistanceMeters><Position><LatitudeDegrees>50.86009</LatitudeDegrees><LongitudeDegrees>4.273825</LongitudeDegrees></Position><AltitudeMeters>50.7</AltitudeMeters><Extensions><TPX xmlns="http://www.garmin.com/xmlschemas/ActivityExtension/v2"><Speed>2.88</Speed></TPX></Extensions></Trackpoint><Trackpoint><Time>2026-03-05T10:41:30+00:00</Time><DistanceMeters>2317.0</DistanceMeters><Position><LatitudeDegrees>50.860057</LatitudeDegrees><LongitudeDegrees>4.273799</LongitudeDegrees></Position><AltitudeMeters>50.8</AltitudeMeters><Extensions><TPX xmlns="http://www.garmin.com/xmlschemas/ActivityExtension/v2"><Speed>2.1</Speed></TPX></Extensions></Trackpoint><Trackpoint><Time>2026-03-05T10:41:31+00:00</Time><DistanceMeters>2319.7</DistanceMeters><Position><LatitudeDegrees>50.860047</LatitudeDegrees><LongitudeDegrees>4.27379</LongitudeDegrees></Position><AltitudeMeters>50.8</AltitudeMeters><Extensions><TPX xmlns="http://www.garmin.com/xmlschemas/ActivityExtension/v2"><Speed>2.58</Speed></TPX></Extensions></Trackpoint><Trackpoint><Time>2026-03-05T10:41:32+00:00</Time><DistanceMeters>2322.4</DistanceMeters><Position><LatitudeDegrees>50.860017</LatitudeDegrees><LongitudeDegrees>4.273759</LongitudeDegrees></Position><AltitudeMeters>51.0</AltitudeMeters><Extensions><TPX xmlns="http://www.garmin.com/xmlschemas/ActivityExtension/v2"><Speed>2.63</Speed></TPX></Extensions></Trackpoint><Trackpoint><Time>2026-03-05T10:41:33+00:00</Time><DistanceMeters>2325.0</DistanceMeters><Position><LatitudeDegrees>50.860007</LatitudeDegrees><LongitudeDegrees>4.273749</LongitudeDegrees></Position><AltitudeMeters>51.0</AltitudeMeters><Extensions><TPX xmlns="http://www.garmin.com/xmlschemas/ActivityExtension/v2"><Speed>2.14</Speed></TPX></Extensions></Trackpoint><Trackpoint><Time>2026-03-05T10:41:34+00:00</Time><DistanceMeters>2327.4</DistanceMeters><Position><LatitudeDegrees>50.85998</LatitudeDegrees><LongitudeDegrees>4.27372</LongitudeDegrees></Position><AltitudeMeters>51.1</AltitudeMeters><Extensions><TPX xmlns="http://www.garmin.com/xmlschemas/ActivityExtension/v2"><Speed>2.183</Speed></TPX></Extensions></Trackpoint><Trackpoint><Time>2026-03-05T10:41:35+00:00</Time><DistanceMeters>2329.8</DistanceMeters><Position><LatitudeDegrees>50.859971</LatitudeDegrees><LongitudeDegrees>4.273711</LongitudeDegrees></Position><AltitudeMeters>51.1</AltitudeMeters><Extensions><TPX xmlns="http://www.garmin.com/xmlschemas/ActivityExtension/v2"><Speed>2.56</Speed></TPX></Extensions></Trackpoint><Trackpoint><Time>2026-03-05T10:41:36+00:00</Time><DistanceMeters>2331.9</DistanceMeters><Position><LatitudeDegrees>50.859947</LatitudeDegrees><LongitudeDegrees>4.273684</LongitudeDegrees></Position><AltitudeMeters>51.2</AltitudeMeters><Extensions><TPX xmlns="http://www.garmin.com/xmlschemas/ActivityExtension/v2"><Speed>2.44</Speed></TPX></Extensions></Trackpoint><Trackpoint><Time>2026-03-05T10:41:37+00:00</Time><DistanceMeters>2334.0</DistanceMeters><Position><LatitudeDegrees>50.859939</LatitudeDegrees><LongitudeDegrees>4.273679</LongitudeDegrees></Position><AltitudeMeters>51.3</AltitudeMeters><Extensions><TPX xmlns="http://www.garmin.com/xmlschemas/ActivityExtension/v2"><Speed>2.33</Speed></TPX></Extensions></Trackpoint><Trackpoint><Time>2026-03-05T10:41:38+00:00</Time><DistanceMeters>2336.2</DistanceMeters><Position><LatitudeDegrees>50.859915</LatitudeDegrees><LongitudeDegrees>4.273653</LongitudeDegrees></Position><AltitudeMeters>51.3</AltitudeMeters><Extensions><TPX xmlns="http://www.garmin.com/xmlschemas/ActivityExtension/v2"><Speed>2.23</Speed></TPX></Extensions></Trackpoint><Trackpoint><Time>2026-03-05T10:41:39+00:00</Time><DistanceMeters>2338.3</DistanceMeters><Position><LatitudeDegrees>50.859907</LatitudeDegrees><LongitudeDegrees>4.273643</LongitudeDegrees></Position><AltitudeMeters>51.4</AltitudeMeters><Extensions><TPX xmlns="http://www.garmin.com/xmlschemas/ActivityExtension/v2"><Speed>2.18</Speed></TPX></Extensions></Trackpoint><Trackpoint><Time>2026-03-05T10:41:40+00:00</Time><DistanceMeters>2340.7</DistanceMeters><Position><LatitudeDegrees>50.859889</LatitudeDegrees><LongitudeDegrees>4.273585</LongitudeDegrees></Position><AltitudeMeters>51.5</AltitudeMeters><Extensions><TPX xmlns="http://www.garmin.com/xmlschemas/ActivityExtension/v2"><Speed>2.18</Speed></TPX></Extensions></Trackpoint><Trackpoint><Time>2026-03-05T10:41:41+00:00</Time><DistanceMeters>2343.1</DistanceMeters><Position><LatitudeDegrees>50.859881</LatitudeDegrees><LongitudeDegrees>4.273555</LongitudeDegrees></Position><AltitudeMeters>51.6</AltitudeMeters><Extensions><TPX xmlns="http://www.garmin.com/xmlschemas/ActivityExtension/v2"><Speed>2.24</Speed></TPX></Extensions></Trackpoint><Trackpoint><Time>2026-03-05T10:41:43+00:00</Time><DistanceMeters>2347.9</DistanceMeters><Position><LatitudeDegrees>50.859875</LatitudeDegrees><LongitudeDegrees>4.273517</LongitudeDegrees></Position><AltitudeMeters>51.6</AltitudeMeters><Extensions><TPX xmlns="http://www.garmin.com/xmlschemas/ActivityExtension/v2"><Speed>2.35</Speed></TPX></Extensions></Trackpoint><Trackpoint><Time>2026-03-05T10:41:44+00:00</Time><DistanceMeters>2350.1</DistanceMeters><Position><LatitudeDegrees>50.859858</LatitudeDegrees><LongitudeDegrees>4.273461</LongitudeDegrees></Position><AltitudeMeters>51.8</AltitudeMeters><Extensions><TPX xmlns="http://www.garmin.com/xmlschemas/ActivityExtension/v2"><Speed>2.35</Speed></TPX></Extensions></Trackpoint><Trackpoint><Time>2026-03-05T10:41:45+00:00</Time><DistanceMeters>2352.2</DistanceMeters><Position><LatitudeDegrees>50.859845</LatitudeDegrees><LongitudeDegrees>4.273436</LongitudeDegrees></Position><AltitudeMeters>51.8</AltitudeMeters><Extensions><TPX xmlns="http://www.garmin.com/xmlschemas/ActivityExtension/v2"><Speed>2.3</Speed></TPX></Extensions></Trackpoint><Trackpoint><Time>2026-03-05T10:41:47+00:00</Time><DistanceMeters>2356.6</DistanceMeters><Position><LatitudeDegrees>50.859829</LatitudeDegrees><LongitudeDegrees>4.273421</LongitudeDegrees></Position><AltitudeMeters>51.9</AltitudeMeters><Extensions><TPX xmlns="http://www.garmin.com/xmlschemas/ActivityExtension/v2"><Speed>2.25</Speed></TPX></Extensions></Trackpoint><Trackpoint><Time>2026-03-05T10:41:48+00:00</Time><DistanceMeters>2360.8</DistanceMeters><Position><LatitudeDegrees>50.859798</LatitudeDegrees><LongitudeDegrees>4.273387</LongitudeDegrees></Position><AltitudeMeters>52.0</AltitudeMeters><Extensions><TPX xmlns="http://www.garmin.com/xmlschemas/ActivityExtension/v2"><Speed>2.58</Speed></TPX></Extensions></Trackpoint><Trackpoint><Time>2026-03-05T10:41:50+00:00</Time><DistanceMeters>2363.1</DistanceMeters><Position><LatitudeDegrees>50.859768</LatitudeDegrees><LongitudeDegrees>4.27337</LongitudeDegrees></Position><AltitudeMeters>52.1</AltitudeMeters><Extensions><TPX xmlns="http://www.garmin.com/xmlschemas/ActivityExtension/v2"><Speed>2.18</Speed></TPX></Extensions></Trackpoint><Trackpoint><Time>2026-03-05T10:41:51+00:00</Time><DistanceMeters>2365.4</DistanceMeters><Position><LatitudeDegrees>50.859758</LatitudeDegrees><LongitudeDegrees>4.273368</LongitudeDegrees></Position><AltitudeMeters>52.1</AltitudeMeters><Extensions><TPX xmlns="http://www.garmin.com/xmlschemas/ActivityExtension/v2"><Speed>2.2</Speed></TPX></Extensions></Trackpoint><Trackpoint><Time>2026-03-05T10:41:52+00:00</Time><DistanceMeters>2367.8</DistanceMeters><Position><LatitudeDegrees>50.85973</LatitudeDegrees><LongitudeDegrees>4.273346</LongitudeDegrees></Position><AltitudeMeters>52.2</AltitudeMeters><Extensions><TPX xmlns="http://www.garmin.com/xmlschemas/ActivityExtension/v2"><Speed>2.23</Speed></TPX></Extensions></Trackpoint><Trackpoint><Time>2026-03-05T10:41:53+00:00</Time><DistanceMeters>2370.1</DistanceMeters><Position><LatitudeDegrees>50.859721</LatitudeDegrees><LongitudeDegrees>4.273337</LongitudeDegrees></Position><AltitudeMeters>52.2</AltitudeMeters><Extensions><TPX xmlns="http://www.garmin.com/xmlschemas/ActivityExtension/v2"><Speed>1.86</Speed></TPX></Extensions></Trackpoint><Trackpoint><Time>2026-03-05T10:41:54+00:00</Time><DistanceMeters>2372.3</DistanceMeters><Position><LatitudeDegrees>50.859686</LatitudeDegrees><LongitudeDegrees>4.27331</LongitudeDegrees></Position><AltitudeMeters>52.3</AltitudeMeters><Extensions><TPX xmlns="http://www.garmin.com/xmlschemas/ActivityExtension/v2"><Speed>1.917</Speed></TPX></Extensions></Trackpoint><Trackpoint><Time>2026-03-05T10:41:55+00:00</Time><DistanceMeters>2374.5</DistanceMeters><Position><LatitudeDegrees>50.859668</LatitudeDegrees><LongitudeDegrees>4.273293</LongitudeDegrees></Position><AltitudeMeters>52.4</AltitudeMeters><Extensions><TPX xmlns="http://www.garmin.com/xmlschemas/ActivityExtension/v2"><Speed>2.28</Speed></TPX></Extensions></Trackpoint><Trackpoint><Time>2026-03-05T10:41:57+00:00</Time><DistanceMeters>2379.0</DistanceMeters><Position><LatitudeDegrees>50.85965</LatitudeDegrees><LongitudeDegrees>4.273278</LongitudeDegrees></Position><AltitudeMeters>52.5</AltitudeMeters><Extensions><TPX xmlns="http://www.garmin.com/xmlschemas/ActivityExtension/v2"><Speed>2.25</Speed></TPX></Extensions></Trackpoint><Trackpoint><Time>2026-03-05T10:41:58+00:00</Time><DistanceMeters>2379.0</DistanceMeters><Position><LatitudeDegrees>50.859634</LatitudeDegrees><LongitudeDegrees>4.273264</LongitudeDegrees></Position><AltitudeMeters>52.5</AltitudeMeters><Extensions><TPX xmlns="http://www.garmin.com/xmlschemas/ActivityExtension/v2"><Speed>1.78</Speed></TPX></Extensions></Trackpoint><Trackpoint><Time>2026-03-05T10:41:59+00:00</Time><DistanceMeters>2382.9</DistanceMeters><Position><LatitudeDegrees>50.859617</LatitudeDegrees><LongitudeDegrees>4.273256</LongitudeDegrees></Position><AltitudeMeters>52.6</AltitudeMeters><Extensions><TPX xmlns="http://www.garmin.com/xmlschemas/ActivityExtension/v2"><Speed>2.12</Speed></TPX></Extensions></Trackpoint><Trackpoint><Time>2026-03-05T10:42:00+00:00</Time><DistanceMeters>2385.1</DistanceMeters><Position><LatitudeDegrees>50.85959</LatitudeDegrees><LongitudeDegrees>4.273237</LongitudeDegrees></Position><AltitudeMeters>52.6</AltitudeMeters><Extensions><TPX xmlns="http://www.garmin.com/xmlschemas/ActivityExtension/v2"><Speed>2.12</Speed></TPX></Extensions></Trackpoint><Trackpoint><Time>2026-03-05T10:42:01+00:00</Time><DistanceMeters>2387.3</DistanceMeters><Position><LatitudeDegrees>50.859581</LatitudeDegrees><LongitudeDegrees>4.273234</LongitudeDegrees></Position><AltitudeMeters>52.7</AltitudeMeters><Extensions><TPX xmlns="http://www.garmin.com/xmlschemas/ActivityExtension/v2"><Speed>2.133</Speed></TPX></Extensions></Trackpoint><Trackpoint><Time>2026-03-05T10:42:02+00:00</Time><DistanceMeters>2389.5</DistanceMeters><Position><LatitudeDegrees>50.859554</LatitudeDegrees><LongitudeDegrees>4.273218</LongitudeDegrees></Position><AltitudeMeters>52.8</AltitudeMeters><Extensions><TPX xmlns="http://www.garmin.com/xmlschemas/ActivityExtension/v2"><Speed>2.09</Speed></TPX></Extensions></Trackpoint><Trackpoint><Time>2026-03-05T10:42:03+00:00</Time><DistanceMeters>2391.6</DistanceMeters><Position><LatitudeDegrees>50.859545</LatitudeDegrees><LongitudeDegrees>4.273212</LongitudeDegrees></Position><AltitudeMeters>52.8</AltitudeMeters><Extensions><TPX xmlns="http://www.garmin.com/xmlschemas/ActivityExtension/v2"><Speed>2.52</Speed></TPX></Extensions></Trackpoint><Trackpoint><Time>2026-03-05T10:42:04+00:00</Time><DistanceMeters>2391.6</DistanceMeters><Position><LatitudeDegrees>50.85953</LatitudeDegrees><LongitudeDegrees>4.273206</LongitudeDegrees></Position><AltitudeMeters>52.8</AltitudeMeters><Extensions><TPX xmlns="http://www.garmin.com/xmlschemas/ActivityExtension/v2"><Speed>1.74</Speed></TPX></Extensions></Trackpoint><Trackpoint><Time>2026-03-05T10:42:05+00:00</Time><DistanceMeters>2395.3</DistanceMeters><Position><LatitudeDegrees>50.859497</LatitudeDegrees><LongitudeDegrees>4.273184</LongitudeDegrees></Position><AltitudeMeters>52.9</AltitudeMeters><Extensions><TPX xmlns="http://www.garmin.com/xmlschemas/ActivityExtension/v2"><Speed>2.04</Speed></TPX></Extensions></Trackpoint><Trackpoint><Time>2026-03-05T10:42:07+00:00</Time><DistanceMeters>2399.2</DistanceMeters><Position><LatitudeDegrees>50.859482</LatitudeDegrees><LongitudeDegrees>4.273171</LongitudeDegrees></Position><AltitudeMeters>53.0</AltitudeMeters><Extensions><TPX xmlns="http://www.garmin.com/xmlschemas/ActivityExtension/v2"><Speed>1.95</Speed></TPX></Extensions></Trackpoint><Trackpoint><Time>2026-03-05T10:42:08+00:00</Time><DistanceMeters>2399.2</DistanceMeters><Position><LatitudeDegrees>50.859467</LatitudeDegrees><LongitudeDegrees>4.273154</LongitudeDegrees></Position><AltitudeMeters>53.0</AltitudeMeters><Extensions><TPX xmlns="http://www.garmin.com/xmlschemas/ActivityExtension/v2"><Speed>1.52</Speed></TPX></Extensions></Trackpoint><Trackpoint><Time>2026-03-05T10:42:09+00:00</Time><DistanceMeters>2403.2</DistanceMeters><Position><LatitudeDegrees>50.859453</LatitudeDegrees><LongitudeDegrees>4.273136</LongitudeDegrees></Position><AltitudeMeters>53.1</AltitudeMeters><Extensions><TPX xmlns="http://www.garmin.com/xmlschemas/ActivityExtension/v2"><Speed>2.32</Speed></TPX></Extensions></Trackpoint><Trackpoint><Time>2026-03-05T10:42:10+00:00</Time><DistanceMeters>2405.3</DistanceMeters><Position><LatitudeDegrees>50.859432</LatitudeDegrees><LongitudeDegrees>4.273105</LongitudeDegrees></Position><AltitudeMeters>53.2</AltitudeMeters><Extensions><TPX xmlns="http://www.garmin.com/xmlschemas/ActivityExtension/v2"><Speed>2.0</Speed></TPX></Extensions></Trackpoint><Trackpoint><Time>2026-03-05T10:42:11+00:00</Time><DistanceMeters>2407.4</DistanceMeters><Position><LatitudeDegrees>50.859425</LatitudeDegrees><LongitudeDegrees>4.273095</LongitudeDegrees></Position><AltitudeMeters>53.2</AltitudeMeters><Extensions><TPX xmlns="http://www.garmin.com/xmlschemas/ActivityExtension/v2"><Speed>2.017</Speed></TPX></Extensions></Trackpoint><Trackpoint><Time>2026-03-05T10:42:12+00:00</Time><DistanceMeters>2411.9</DistanceMeters><Position><LatitudeDegrees>50.859398</LatitudeDegrees><LongitudeDegrees>4.273048</LongitudeDegrees></Position><AltitudeMeters>53.3</AltitudeMeters><Extensions><TPX xmlns="http://www.garmin.com/xmlschemas/ActivityExtension/v2"><Speed>2.54</Speed></TPX></Extensions></Trackpoint><Trackpoint><Time>2026-03-05T10:42:14+00:00</Time><DistanceMeters>2414.3</DistanceMeters><Position><LatitudeDegrees>50.859374</LatitudeDegrees><LongitudeDegrees>4.273015</LongitudeDegrees></Position><AltitudeMeters>53.4</AltitudeMeters><Extensions><TPX xmlns="http://www.garmin.com/xmlschemas/ActivityExtension/v2"><Speed>2.21</Speed></TPX></Extensions></Trackpoint><Trackpoint><Time>2026-03-05T10:42:15+00:00</Time><DistanceMeters>2416.6</DistanceMeters><Position><LatitudeDegrees>50.859365</LatitudeDegrees><LongitudeDegrees>4.273006</LongitudeDegrees></Position><AltitudeMeters>53.5</AltitudeMeters><Extensions><TPX xmlns="http://www.garmin.com/xmlschemas/ActivityExtension/v2"><Speed>2.26</Speed></TPX></Extensions></Trackpoint><Trackpoint><Time>2026-03-05T10:42:16+00:00</Time><DistanceMeters>2419.0</DistanceMeters><Position><LatitudeDegrees>50.859338</LatitudeDegrees><LongitudeDegrees>4.272978</LongitudeDegrees></Position><AltitudeMeters>53.6</AltitudeMeters><Extensions><TPX xmlns="http://www.garmin.com/xmlschemas/ActivityExtension/v2"><Speed>2.32</Speed></TPX></Extensions></Trackpoint><Trackpoint><Time>2026-03-05T10:42:17+00:00</Time><DistanceMeters>2421.4</DistanceMeters><Position><LatitudeDegrees>50.859329</LatitudeDegrees><LongitudeDegrees>4.272969</LongitudeDegrees></Position><AltitudeMeters>53.6</AltitudeMeters><Extensions><TPX xmlns="http://www.garmin.com/xmlschemas/ActivityExtension/v2"><Speed>1.9</Speed></TPX></Extensions></Trackpoint><Trackpoint><Time>2026-03-05T10:42:18+00:00</Time><DistanceMeters>2423.9</DistanceMeters><Position><LatitudeDegrees>50.859304</LatitudeDegrees><LongitudeDegrees>4.272934</LongitudeDegrees></Position><AltitudeMeters>53.7</AltitudeMeters><Extensions><TPX xmlns="http://www.garmin.com/xmlschemas/ActivityExtension/v2"><Speed>2.0</Speed></TPX></Extensions></Trackpoint><Trackpoint><Time>2026-03-05T10:42:19+00:00</Time><DistanceMeters>2426.4</DistanceMeters><Position><LatitudeDegrees>50.859295</LatitudeDegrees><LongitudeDegrees>4.272923</LongitudeDegrees></Position><AltitudeMeters>53.7</AltitudeMeters><Extensions><TPX xmlns="http://www.garmin.com/xmlschemas/ActivityExtension/v2"><Speed>2.43</Speed></TPX></Extensions></Trackpoint><Trackpoint><Time>2026-03-05T10:42:20+00:00</Time><DistanceMeters>2429.6</DistanceMeters><Position><LatitudeDegrees>50.859272</LatitudeDegrees><LongitudeDegrees>4.272893</LongitudeDegrees></Position><AltitudeMeters>53.8</AltitudeMeters><Extensions><TPX xmlns="http://www.garmin.com/xmlschemas/ActivityExtension/v2"><Speed>2.6</Speed></TPX></Extensions></Trackpoint><Trackpoint><Time>2026-03-05T10:42:21+00:00</Time><DistanceMeters>2431.7</DistanceMeters><Position><LatitudeDegrees>50.859253</LatitudeDegrees><LongitudeDegrees>4.272865</LongitudeDegrees></Position><AltitudeMeters>53.9</AltitudeMeters><Extensions><TPX xmlns="http://www.garmin.com/xmlschemas/ActivityExtension/v2"><Speed>2.54</Speed></TPX></Extensions></Trackpoint><Trackpoint><Time>2026-03-05T10:42:22+00:00</Time><DistanceMeters>2433.8</DistanceMeters><Position><LatitudeDegrees>50.859245</LatitudeDegrees><LongitudeDegrees>4.272853</LongitudeDegrees></Position><AltitudeMeters>53.9</AltitudeMeters><Extensions><TPX xmlns="http://www.garmin.com/xmlschemas/ActivityExtension/v2"><Speed>2.48</Speed></TPX></Extensions></Trackpoint><Trackpoint><Time>2026-03-05T10:42:23+00:00</Time><DistanceMeters>2436.2</DistanceMeters><Position><LatitudeDegrees>50.859223</LatitudeDegrees><LongitudeDegrees>4.272818</LongitudeDegrees></Position><AltitudeMeters>54.0</AltitudeMeters><Extensions><TPX xmlns="http://www.garmin.com/xmlschemas/ActivityExtension/v2"><Speed>2.45</Speed></TPX></Extensions></Trackpoint><Trackpoint><Time>2026-03-05T10:42:24+00:00</Time><DistanceMeters>2438.5</DistanceMeters><Position><LatitudeDegrees>50.859215</LatitudeDegrees><LongitudeDegrees>4.272806</LongitudeDegrees></Position><AltitudeMeters>54.1</AltitudeMeters><Extensions><TPX xmlns="http://www.garmin.com/xmlschemas/ActivityExtension/v2"><Speed>2.42</Speed></TPX></Extensions></Trackpoint><Trackpoint><Time>2026-03-05T10:42:25+00:00</Time><DistanceMeters>2441.0</DistanceMeters><Position><LatitudeDegrees>50.859191</LatitudeDegrees><LongitudeDegrees>4.272769</LongitudeDegrees></Position><AltitudeMeters>54.2</AltitudeMeters><Extensions><TPX xmlns="http://www.garmin.com/xmlschemas/ActivityExtension/v2"><Speed>2.28</Speed></TPX></Extensions></Trackpoint><Trackpoint><Time>2026-03-05T10:42:26+00:00</Time><DistanceMeters>2443.5</DistanceMeters><Position><LatitudeDegrees>50.859182</LatitudeDegrees><LongitudeDegrees>4.272756</LongitudeDegrees></Position><AltitudeMeters>54.2</AltitudeMeters><Extensions><TPX xmlns="http://www.garmin.com/xmlschemas/ActivityExtension/v2"><Speed>2.36</Speed></TPX></Extensions></Trackpoint><Trackpoint><Time>2026-03-05T10:42:27+00:00</Time><DistanceMeters>2448.6</DistanceMeters><Position><LatitudeDegrees>50.859151</LatitudeDegrees><LongitudeDegrees>4.272703</LongitudeDegrees></Position><AltitudeMeters>54.4</AltitudeMeters><Extensions><TPX xmlns="http://www.garmin.com/xmlschemas/ActivityExtension/v2"><Speed>2.96</Speed></TPX></Extensions></Trackpoint><Trackpoint><Time>2026-03-05T10:42:29+00:00</Time><DistanceMeters>2451.2</DistanceMeters><Position><LatitudeDegrees>50.859122</LatitudeDegrees><LongitudeDegrees>4.272647</LongitudeDegrees></Position><AltitudeMeters>54.5</AltitudeMeters><Extensions><TPX xmlns="http://www.garmin.com/xmlschemas/ActivityExtension/v2"><Speed>2.54</Speed></TPX></Extensions></Trackpoint><Trackpoint><Time>2026-03-05T10:42:30+00:00</Time><DistanceMeters>2453.8</DistanceMeters><Position><LatitudeDegrees>50.859108</LatitudeDegrees><LongitudeDegrees>4.272622</LongitudeDegrees></Position><AltitudeMeters>54.6</AltitudeMeters><Extensions><TPX xmlns="http://www.garmin.com/xmlschemas/ActivityExtension/v2"><Speed>2.56</Speed></TPX></Extensions></Trackpoint><Trackpoint><Time>2026-03-05T10:42:32+00:00</Time><DistanceMeters>2458.3</DistanceMeters><Position><LatitudeDegrees>50.859094</LatitudeDegrees><LongitudeDegrees>4.272599</LongitudeDegrees></Position><AltitudeMeters>54.7</AltitudeMeters><Extensions><TPX xmlns="http://www.garmin.com/xmlschemas/ActivityExtension/v2"><Speed>1.94</Speed></TPX></Extensions></Trackpoint><Trackpoint><Time>2026-03-05T10:42:33+00:00</Time><DistanceMeters>2460.5</DistanceMeters><Position><LatitudeDegrees>50.859073</LatitudeDegrees><LongitudeDegrees>4.272568</LongitudeDegrees></Position><AltitudeMeters>54.8</AltitudeMeters><Extensions><TPX xmlns="http://www.garmin.com/xmlschemas/ActivityExtension/v2"><Speed>1.975</Speed></TPX></Extensions></Trackpoint><Trackpoint><Time>2026-03-05T10:42:34+00:00</Time><DistanceMeters>2462.6</DistanceMeters><Position><LatitudeDegrees>50.859066</LatitudeDegrees><LongitudeDegrees>4.272558</LongitudeDegrees></Position><AltitudeMeters>54.8</AltitudeMeters><Extensions><TPX xmlns="http://www.garmin.com/xmlschemas/ActivityExtension/v2"><Speed>2.28</Speed></TPX></Extensions></Trackpoint><Trackpoint><Time>2026-03-05T10:42:35+00:00</Time><DistanceMeters>2462.6</DistanceMeters><Position><LatitudeDegrees>50.859054</LatitudeDegrees><LongitudeDegrees>4.272539</LongitudeDegrees></Position><AltitudeMeters>54.9</AltitudeMeters><Extensions><TPX xmlns="http://www.garmin.com/xmlschemas/ActivityExtension/v2"><Speed>1.76</Speed></TPX></Extensions></Trackpoint><Trackpoint><Time>2026-03-05T10:42:36+00:00</Time><DistanceMeters>2466.6</DistanceMeters><Position><LatitudeDegrees>50.859041</LatitudeDegrees><LongitudeDegrees>4.272517</LongitudeDegrees></Position><AltitudeMeters>55.0</AltitudeMeters><Extensions><TPX xmlns="http://www.garmin.com/xmlschemas/ActivityExtension/v2"><Speed>2.133</Speed></TPX></Extensions></Trackpoint><Trackpoint><Time>2026-03-05T10:42:37+00:00</Time><DistanceMeters>2468.7</DistanceMeters><Position><LatitudeDegrees>50.859009</LatitudeDegrees><LongitudeDegrees>4.272482</LongitudeDegrees></Position><AltitudeMeters>55.2</AltitudeMeters><Extensions><TPX xmlns="http://www.garmin.com/xmlschemas/ActivityExtension/v2"><Speed>2.08</Speed></TPX></Extensions></Trackpoint><Trackpoint><Time>2026-03-05T10:42:38+00:00</Time><DistanceMeters>2470.8</DistanceMeters><Position><LatitudeDegrees>50.858993</LatitudeDegrees><LongitudeDegrees>4.272464</LongitudeDegrees></Position><AltitudeMeters>55.2</AltitudeMeters><Extensions><TPX xmlns="http://www.garmin.com/xmlschemas/ActivityExtension/v2"><Speed>2.07</Speed></TPX></Extensions></Trackpoint><Trackpoint><Time>2026-03-05T10:42:40+00:00</Time><DistanceMeters>2475.6</DistanceMeters><Position><LatitudeDegrees>50.858974</LatitudeDegrees><LongitudeDegrees>4.272444</LongitudeDegrees></Position><AltitudeMeters>55.3</AltitudeMeters><Extensions><TPX xmlns="http://www.garmin.com/xmlschemas/ActivityExtension/v2"><Speed>2.6</Speed></TPX></Extensions></Trackpoint><Trackpoint><Time>2026-03-05T10:42:41+00:00</Time><DistanceMeters>2478.1</DistanceMeters><Position><LatitudeDegrees>50.858943</LatitudeDegrees><LongitudeDegrees>4.272415</LongitudeDegrees></Position><AltitudeMeters>55.5</AltitudeMeters><Extensions><TPX xmlns="http://www.garmin.com/xmlschemas/ActivityExtension/v2"><Speed>2.3</Speed></TPX></Extensions></Trackpoint><Trackpoint><Time>2026-03-05T10:42:42+00:00</Time><DistanceMeters>2480.6</DistanceMeters><Position><LatitudeDegrees>50.858935</LatitudeDegrees><LongitudeDegrees>4.272406</LongitudeDegrees></Position><AltitudeMeters>55.5</AltitudeMeters><Extensions><TPX xmlns="http://www.garmin.com/xmlschemas/ActivityExtension/v2"><Speed>2.38</Speed></TPX></Extensions></Trackpoint><Trackpoint><Time>2026-03-05T10:42:43+00:00</Time><DistanceMeters>2483.1</DistanceMeters><Position><LatitudeDegrees>50.85891</LatitudeDegrees><LongitudeDegrees>4.272373</LongitudeDegrees></Position><AltitudeMeters>55.7</AltitudeMeters><Extensions><TPX xmlns="http://www.garmin.com/xmlschemas/ActivityExtension/v2"><Speed>2.45</Speed></TPX></Extensions></Trackpoint><Trackpoint><Time>2026-03-05T10:42:44+00:00</Time><DistanceMeters>2485.5</DistanceMeters><Position><LatitudeDegrees>50.858902</LatitudeDegrees><LongitudeDegrees>4.272363</LongitudeDegrees></Position><AltitudeMeters>55.7</AltitudeMeters><Extensions><TPX xmlns="http://www.garmin.com/xmlschemas/ActivityExtension/v2"><Speed>2.45</Speed></TPX></Extensions></Trackpoint><Trackpoint><Time>2026-03-05T10:42:45+00:00</Time><DistanceMeters>2487.9</DistanceMeters><Position><LatitudeDegrees>50.858875</LatitudeDegrees><LongitudeDegrees>4.272332</LongitudeDegrees></Position><AltitudeMeters>55.8</AltitudeMeters><Extensions><TPX xmlns="http://www.garmin.com/xmlschemas/ActivityExtension/v2"><Speed>2.46</Speed></TPX></Extensions></Trackpoint><Trackpoint><Time>2026-03-05T10:42:46+00:00</Time><DistanceMeters>2490.3</DistanceMeters><Position><LatitudeDegrees>50.858866</LatitudeDegrees><LongitudeDegrees>4.272324</LongitudeDegrees></Position><AltitudeMeters>55.8</AltitudeMeters><Extensions><TPX xmlns="http://www.garmin.com/xmlschemas/ActivityExtension/v2"><Speed>2.44</Speed></TPX></Extensions></Trackpoint><Trackpoint><Time>2026-03-05T10:42:47+00:00</Time><DistanceMeters>2492.7</DistanceMeters><Position><LatitudeDegrees>50.858835</LatitudeDegrees><LongitudeDegrees>4.272305</LongitudeDegrees></Position><AltitudeMeters>55.9</AltitudeMeters><Extensions><TPX xmlns="http://www.garmin.com/xmlschemas/ActivityExtension/v2"><Speed>2.42</Speed></TPX></Extensions></Trackpoint><Trackpoint><Time>2026-03-05T10:42:48+00:00</Time><DistanceMeters>2495.1</DistanceMeters><Position><LatitudeDegrees>50.858824</LatitudeDegrees><LongitudeDegrees>4.272301</LongitudeDegrees></Position><AltitudeMeters>56.0</AltitudeMeters><Extensions><TPX xmlns="http://www.garmin.com/xmlschemas/ActivityExtension/v2"><Speed>2.41</Speed></TPX></Extensions></Trackpoint><Trackpoint><Time>2026-03-05T10:42:49+00:00</Time><DistanceMeters>2497.6</DistanceMeters><Position><LatitudeDegrees>50.858792</LatitudeDegrees><LongitudeDegrees>4.272301</LongitudeDegrees></Position><AltitudeMeters>56.0</AltitudeMeters><Extensions><TPX xmlns="http://www.garmin.com/xmlschemas/ActivityExtension/v2"><Speed>2.41</Speed></TPX></Extensions></Trackpoint><Trackpoint><Time>2026-03-05T10:42:50+00:00</Time><DistanceMeters>2500.0</DistanceMeters><Position><LatitudeDegrees>50.858781</LatitudeDegrees><LongitudeDegrees>4.272305</LongitudeDegrees></Position><AltitudeMeters>56.1</AltitudeMeters><Extensions><TPX xmlns="http://www.garmin.com/xmlschemas/ActivityExtension/v2"><Speed>2.42</Speed></TPX></Extensions></Trackpoint><Trackpoint><Time>2026-03-05T10:42:51+00:00</Time><DistanceMeters>2502.9</DistanceMeters><Position><LatitudeDegrees>50.85876</LatitudeDegrees><LongitudeDegrees>4.272356</LongitudeDegrees></Position><AltitudeMeters>55.9</AltitudeMeters><Extensions><TPX xmlns="http://www.garmin.com/xmlschemas/ActivityExtension/v2"><Speed>2.52</Speed></TPX></Extensions></Trackpoint><Trackpoint><Time>2026-03-05T10:42:52+00:00</Time><DistanceMeters>2505.8</DistanceMeters><Position><LatitudeDegrees>50.858758</LatitudeDegrees><LongitudeDegrees>4.27238</LongitudeDegrees></Position><AltitudeMeters>55.9</AltitudeMeters><Extensions><TPX xmlns="http://www.garmin.com/xmlschemas/ActivityExtension/v2"><Speed>2.62</Speed></TPX></Extensions></Trackpoint><Trackpoint><Time>2026-03-05T10:42:53+00:00</Time><DistanceMeters>2508.9</DistanceMeters><Position><LatitudeDegrees>50.858756</LatitudeDegrees><LongitudeDegrees>4.272462</LongitudeDegrees></Position><AltitudeMeters>55.7</AltitudeMeters><Extensions><TPX xmlns="http://www.garmin.com/xmlschemas/ActivityExtension/v2"><Speed>2.76</Speed></TPX></Extensions></Trackpoint><Trackpoint><Time>2026-03-05T10:42:55+00:00</Time><DistanceMeters>2514.6</DistanceMeters><Position><LatitudeDegrees>50.858755</LatitudeDegrees><LongitudeDegrees>4.272505</LongitudeDegrees></Position><AltitudeMeters>55.6</AltitudeMeters><Extensions><TPX xmlns="http://www.garmin.com/xmlschemas/ActivityExtension/v2"><Speed>2.92</Speed></TPX></Extensions></Trackpoint><Trackpoint><Time>2026-03-05T10:42:56+00:00</Time><DistanceMeters>2517.1</DistanceMeters><Position><LatitudeDegrees>50.858761</LatitudeDegrees><LongitudeDegrees>4.272575</LongitudeDegrees></Position><AltitudeMeters>55.3</AltitudeMeters><Extensions><TPX xmlns="http://www.garmin.com/xmlschemas/ActivityExtension/v2"><Speed>2.85</Speed></TPX></Extensions></Trackpoint><Trackpoint><Time>2026-03-05T10:42:57+00:00</Time><DistanceMeters>2519.7</DistanceMeters><Position><LatitudeDegrees>50.858764</LatitudeDegrees><LongitudeDegrees>4.272609</LongitudeDegrees></Position><AltitudeMeters>55.2</AltitudeMeters><Extensions><TPX xmlns="http://www.garmin.com/xmlschemas/ActivityExtension/v2"><Speed>2.78</Speed></TPX></Extensions></Trackpoint><Trackpoint><Time>2026-03-05T10:42:58+00:00</Time><DistanceMeters>2524.4</DistanceMeters><Position><LatitudeDegrees>50.858773</LatitudeDegrees><LongitudeDegrees>4.272641</LongitudeDegrees></Position><AltitudeMeters>55.1</AltitudeMeters><Extensions><TPX xmlns="http://www.garmin.com/xmlschemas/ActivityExtension/v2"><Speed>3.1</Speed></TPX></Extensions></Trackpoint><Trackpoint><Time>2026-03-05T10:43:00+00:00</Time><DistanceMeters>2526.7</DistanceMeters><Position><LatitudeDegrees>50.858777</LatitudeDegrees><LongitudeDegrees>4.272689</LongitudeDegrees></Position><AltitudeMeters>54.9</AltitudeMeters><Extensions><TPX xmlns="http://www.garmin.com/xmlschemas/ActivityExtension/v2"><Speed>2.41</Speed></TPX></Extensions></Trackpoint><Trackpoint><Time>2026-03-05T10:43:01+00:00</Time><DistanceMeters>2528.9</DistanceMeters><Position><LatitudeDegrees>50.858777</LatitudeDegrees><LongitudeDegrees>4.272705</LongitudeDegrees></Position><AltitudeMeters>54.9</AltitudeMeters><Extensions><TPX xmlns="http://www.garmin.com/xmlschemas/ActivityExtension/v2"><Speed>2.35</Speed></TPX></Extensions></Trackpoint><Trackpoint><Time>2026-03-05T10:43:02+00:00</Time><DistanceMeters>2531.0</DistanceMeters><Position><LatitudeDegrees>50.858762</LatitudeDegrees><LongitudeDegrees>4.27276</LongitudeDegrees></Position><AltitudeMeters>54.7</AltitudeMeters><Extensions><TPX xmlns="http://www.garmin.com/xmlschemas/ActivityExtension/v2"><Speed>2.26</Speed></TPX></Extensions></Trackpoint><Trackpoint><Time>2026-03-05T10:43:03+00:00</Time><DistanceMeters>2533.1</DistanceMeters><Position><LatitudeDegrees>50.858755</LatitudeDegrees><LongitudeDegrees>4.272792</LongitudeDegrees></Position><AltitudeMeters>54.5</AltitudeMeters><Extensions><TPX xmlns="http://www.garmin.com/xmlschemas/ActivityExtension/v2"><Speed>1.74</Speed></TPX></Extensions></Trackpoint><Trackpoint><Time>2026-03-05T10:43:05+00:00</Time><DistanceMeters>2538.2</DistanceMeters><Position><LatitudeDegrees>50.858746</LatitudeDegrees><LongitudeDegrees>4.272828</LongitudeDegrees></Position><AltitudeMeters>54.4</AltitudeMeters><Extensions><TPX xmlns="http://www.garmin.com/xmlschemas/ActivityExtension/v2"><Speed>2.31</Speed></TPX></Extensions></Trackpoint><Trackpoint><Time>2026-03-05T10:43:06+00:00</Time><DistanceMeters>2540.8</DistanceMeters><Position><LatitudeDegrees>50.858727</LatitudeDegrees><LongitudeDegrees>4.272874</LongitudeDegrees></Position><AltitudeMeters>54.2</AltitudeMeters><Extensions><TPX xmlns="http://www.garmin.com/xmlschemas/ActivityExtension/v2"><Speed>2.38</Speed></TPX></Extensions></Trackpoint><Trackpoint><Time>2026-03-05T10:43:07+00:00</Time><DistanceMeters>2543.4</DistanceMeters><Position><LatitudeDegrees>50.85872</LatitudeDegrees><LongitudeDegrees>4.272889</LongitudeDegrees></Position><AltitudeMeters>54.2</AltitudeMeters><Extensions><TPX xmlns="http://www.garmin.com/xmlschemas/ActivityExtension/v2"><Speed>2.48</Speed></TPX></Extensions></Trackpoint><Trackpoint><Time>2026-03-05T10:43:08+00:00</Time><DistanceMeters>2548.7</DistanceMeters><Position><LatitudeDegrees>50.858689</LatitudeDegrees><LongitudeDegrees>4.272946</LongitudeDegrees></Position><AltitudeMeters>53.9</AltitudeMeters><Extensions><TPX xmlns="http://www.garmin.com/xmlschemas/ActivityExtension/v2"><Speed>3.12</Speed></TPX></Extensions></Trackpoint><Trackpoint><Time>2026-03-05T10:43:10+00:00</Time><DistanceMeters>2552.5</DistanceMeters><Position><LatitudeDegrees>50.858658</LatitudeDegrees><LongitudeDegrees>4.27297</LongitudeDegrees></Position><AltitudeMeters>53.8</AltitudeMeters><Extensions><TPX xmlns="http://www.garmin.com/xmlschemas/ActivityExtension/v2"><Speed>2.86</Speed></TPX></Extensions></Trackpoint><Trackpoint><Time>2026-03-05T10:43:11+00:00</Time><DistanceMeters>2556.9</DistanceMeters><Position><LatitudeDegrees>50.85862</LatitudeDegrees><LongitudeDegrees>4.272985</LongitudeDegrees></Position><AltitudeMeters>53.6</AltitudeMeters><Extensions><TPX xmlns="http://www.garmin.com/xmlschemas/ActivityExtension/v2"><Speed>3.22</Speed></TPX></Extensions></Trackpoint><Trackpoint><Time>2026-03-05T10:43:12+00:00</Time><DistanceMeters>2560.0</DistanceMeters><Position><LatitudeDegrees>50.858581</LatitudeDegrees><LongitudeDegrees>4.273038</LongitudeDegrees></Position><AltitudeMeters>53.3</AltitudeMeters><Extensions><TPX xmlns="http://www.garmin.com/xmlschemas/ActivityExtension/v2"><Speed>3.32</Speed></TPX></Extensions></Trackpoint><Trackpoint><Time>2026-03-05T10:43:13+00:00</Time><DistanceMeters>2565.3</DistanceMeters><Position><LatitudeDegrees>50.858564</LatitudeDegrees><LongitudeDegrees>4.273066</LongitudeDegrees></Position><AltitudeMeters>53.2</AltitudeMeters><Extensions><TPX xmlns="http://www.garmin.com/xmlschemas/ActivityExtension/v2"><Speed>3.32</Speed></TPX></Extensions></Trackpoint><Trackpoint><Time>2026-03-05T10:43:15+00:00</Time><DistanceMeters>2567.9</DistanceMeters><Position><LatitudeDegrees>50.858545</LatitudeDegrees><LongitudeDegrees>4.273114</LongitudeDegrees></Position><AltitudeMeters>53.1</AltitudeMeters><Extensions><TPX xmlns="http://www.garmin.com/xmlschemas/ActivityExtension/v2"><Speed>3.08</Speed></TPX></Extensions></Trackpoint><Trackpoint><Time>2026-03-05T10:43:16+00:00</Time><DistanceMeters>2570.5</DistanceMeters><Position><LatitudeDegrees>50.858539</LatitudeDegrees><LongitudeDegrees>4.273128</LongitudeDegrees></Position><AltitudeMeters>53.0</AltitudeMeters><Extensions><TPX xmlns="http://www.garmin.com/xmlschemas/ActivityExtension/v2"><Speed>2.72</Speed></TPX></Extensions></Trackpoint><Trackpoint><Time>2026-03-05T10:43:17+00:00</Time><DistanceMeters>2573.1</DistanceMeters><Position><LatitudeDegrees>50.858521</LatitudeDegrees><LongitudeDegrees>4.273176</LongitudeDegrees></Position><AltitudeMeters>52.9</AltitudeMeters><Extensions><TPX xmlns="http://www.garmin.com/xmlschemas/ActivityExtension/v2"><Speed>2.61</Speed></TPX></Extensions></Trackpoint><Trackpoint><Time>2026-03-05T10:43:18+00:00</Time><DistanceMeters>2575.6</DistanceMeters><Position><LatitudeDegrees>50.858514</LatitudeDegrees><LongitudeDegrees>4.27319</LongitudeDegrees></Position><AltitudeMeters>52.8</AltitudeMeters><Extensions><TPX xmlns="http://www.garmin.com/xmlschemas/ActivityExtension/v2"><Speed>2.06</Speed></TPX></Extensions></Trackpoint><Trackpoint><Time>2026-03-05T10:43:19+00:00</Time><DistanceMeters>2580.6</DistanceMeters><Position><LatitudeDegrees>50.858489</LatitudeDegrees><LongitudeDegrees>4.273249</LongitudeDegrees></Position><AltitudeMeters>52.6</AltitudeMeters><Extensions><TPX xmlns="http://www.garmin.com/xmlschemas/ActivityExtension/v2"><Speed>2.55</Speed></TPX></Extensions></Trackpoint><Trackpoint><Time>2026-03-05T10:43:21+00:00</Time><DistanceMeters>2584.0</DistanceMeters><Position><LatitudeDegrees>50.858471</LatitudeDegrees><LongitudeDegrees>4.273288</LongitudeDegrees></Position><AltitudeMeters>52.5</AltitudeMeters><Extensions><TPX xmlns="http://www.garmin.com/xmlschemas/ActivityExtension/v2"><Speed>2.7</Speed></TPX></Extensions></Trackpoint><Trackpoint><Time>2026-03-05T10:43:22+00:00</Time><DistanceMeters>2584.0</DistanceMeters><Position><LatitudeDegrees>50.858462</LatitudeDegrees><LongitudeDegrees>4.273306</LongitudeDegrees></Position><AltitudeMeters>52.4</AltitudeMeters><Extensions><TPX xmlns="http://www.garmin.com/xmlschemas/ActivityExtension/v2"><Speed>2.19</Speed></TPX></Extensions></Trackpoint><Trackpoint><Time>2026-03-05T10:43:23+00:00</Time><DistanceMeters>2587.9</DistanceMeters><Position><LatitudeDegrees>50.858451</LatitudeDegrees><LongitudeDegrees>4.273333</LongitudeDegrees></Position><AltitudeMeters>52.3</AltitudeMeters><Extensions><TPX xmlns="http://www.garmin.com/xmlschemas/ActivityExtension/v2"><Speed>2.46</Speed></TPX></Extensions></Trackpoint><Trackpoint><Time>2026-03-05T10:43:24+00:00</Time><DistanceMeters>2592.8</DistanceMeters><Position><LatitudeDegrees>50.858428</LatitudeDegrees><LongitudeDegrees>4.273392</LongitudeDegrees></Position><AltitudeMeters>52.2</AltitudeMeters><Extensions><TPX xmlns="http://www.garmin.com/xmlschemas/ActivityExtension/v2"><Speed>2.44</Speed></TPX></Extensions></Trackpoint><Trackpoint><Time>2026-03-05T10:43:26+00:00</Time><DistanceMeters>2595.5</DistanceMeters><Position><LatitudeDegrees>50.858407</LatitudeDegrees><LongitudeDegrees>4.273438</LongitudeDegrees></Position><AltitudeMeters>52.0</AltitudeMeters><Extensions><TPX xmlns="http://www.garmin.com/xmlschemas/ActivityExtension/v2"><Speed>2.29</Speed></TPX></Extensions></Trackpoint><Trackpoint><Time>2026-03-05T10:43:27+00:00</Time><DistanceMeters>2598.1</DistanceMeters><Position><LatitudeDegrees>50.8584</LatitudeDegrees><LongitudeDegrees>4.273454</LongitudeDegrees></Position><AltitudeMeters>52.0</AltitudeMeters><Extensions><TPX xmlns="http://www.garmin.com/xmlschemas/ActivityExtension/v2"><Speed>2.82</Speed></TPX></Extensions></Trackpoint><Trackpoint><Time>2026-03-05T10:43:28+00:00</Time><DistanceMeters>2600.6</DistanceMeters><Position><LatitudeDegrees>50.858375</LatitudeDegrees><LongitudeDegrees>4.273511</LongitudeDegrees></Position><AltitudeMeters>51.8</AltitudeMeters><Extensions><TPX xmlns="http://www.garmin.com/xmlschemas/ActivityExtension/v2"><Speed>2.54</Speed></TPX></Extensions></Trackpoint><Trackpoint><Time>2026-03-05T10:43:29+00:00</Time><DistanceMeters>2603.1</DistanceMeters><Position><LatitudeDegrees>50.858362</LatitudeDegrees><LongitudeDegrees>4.273538</LongitudeDegrees></Position><AltitudeMeters>51.7</AltitudeMeters><Extensions><TPX xmlns="http://www.garmin.com/xmlschemas/ActivityExtension/v2"><Speed>2.06</Speed></TPX></Extensions></Trackpoint><Trackpoint><Time>2026-03-05T10:43:30+00:00</Time><DistanceMeters>2607.8</DistanceMeters><Position><LatitudeDegrees>50.858348</LatitudeDegrees><LongitudeDegrees>4.273565</LongitudeDegrees></Position><AltitudeMeters>51.6</AltitudeMeters><Extensions><TPX xmlns="http://www.garmin.com/xmlschemas/ActivityExtension/v2"><Speed>2.5</Speed></TPX></Extensions></Trackpoint><Trackpoint><Time>2026-03-05T10:43:32+00:00</Time><DistanceMeters>2610.1</DistanceMeters><Position><LatitudeDegrees>50.858329</LatitudeDegrees><LongitudeDegrees>4.273603</LongitudeDegrees></Position><AltitudeMeters>51.5</AltitudeMeters><Extensions><TPX xmlns="http://www.garmin.com/xmlschemas/ActivityExtension/v2"><Speed>2.39</Speed></TPX></Extensions></Trackpoint><Trackpoint><Time>2026-03-05T10:43:33+00:00</Time><DistanceMeters>2612.3</DistanceMeters><Position><LatitudeDegrees>50.858323</LatitudeDegrees><LongitudeDegrees>4.273616</LongitudeDegrees></Position><AltitudeMeters>51.5</AltitudeMeters><Extensions><TPX xmlns="http://www.garmin.com/xmlschemas/ActivityExtension/v2"><Speed>2.34</Speed></TPX></Extensions></Trackpoint><Trackpoint><Time>2026-03-05T10:43:34+00:00</Time><DistanceMeters>2616.7</DistanceMeters><Position><LatitudeDegrees>50.8583</LatitudeDegrees><LongitudeDegrees>4.273667</LongitudeDegrees></Position><AltitudeMeters>51.3</AltitudeMeters><Extensions><TPX xmlns="http://www.garmin.com/xmlschemas/ActivityExtension/v2"><Speed>2.72</Speed></TPX></Extensions></Trackpoint><Trackpoint><Time>2026-03-05T10:43:35+00:00</Time><DistanceMeters>2618.8</DistanceMeters><Position><LatitudeDegrees>50.858278</LatitudeDegrees><LongitudeDegrees>4.273707</LongitudeDegrees></Position><AltitudeMeters>51.2</AltitudeMeters><Extensions><TPX xmlns="http://www.garmin.com/xmlschemas/ActivityExtension/v2"><Speed>2.195</Speed></TPX></Extensions></Trackpoint><Trackpoint><Time>2026-03-05T10:43:37+00:00</Time><DistanceMeters>2620.9</DistanceMeters><Position><LatitudeDegrees>50.858268</LatitudeDegrees><LongitudeDegrees>4.273722</LongitudeDegrees></Position><AltitudeMeters>51.1</AltitudeMeters><Extensions><TPX xmlns="http://www.garmin.com/xmlschemas/ActivityExtension/v2"><Speed>2.16</Speed></TPX></Extensions></Trackpoint><Trackpoint><Time>2026-03-05T10:43:38+00:00</Time><DistanceMeters>2622.9</DistanceMeters><Position><LatitudeDegrees>50.858259</LatitudeDegrees><LongitudeDegrees>4.273738</LongitudeDegrees></Position><AltitudeMeters>51.1</AltitudeMeters><Extensions><TPX xmlns="http://www.garmin.com/xmlschemas/ActivityExtension/v2"><Speed>2.125</Speed></TPX></Extensions></Trackpoint><Trackpoint><Time>2026-03-05T10:43:39+00:00</Time><DistanceMeters>2625.0</DistanceMeters><Position><LatitudeDegrees>50.858249</LatitudeDegrees><LongitudeDegrees>4.273753</LongitudeDegrees></Position><AltitudeMeters>51.0</AltitudeMeters><Extensions><TPX xmlns="http://www.garmin.com/xmlschemas/ActivityExtension/v2"><Speed>1.66</Speed></TPX></Extensions></Trackpoint><Trackpoint><Time>2026-03-05T10:43:40+00:00</Time><DistanceMeters>2627.3</DistanceMeters><Position><LatitudeDegrees>50.858236</LatitudeDegrees><LongitudeDegrees>4.273807</LongitudeDegrees></Position><AltitudeMeters>50.9</AltitudeMeters><Extensions><TPX xmlns="http://www.garmin.com/xmlschemas/ActivityExtension/v2"><Speed>1.71</Speed></TPX></Extensions></Trackpoint><Trackpoint><Time>2026-03-05T10:43:42+00:00</Time><DistanceMeters>2629.7</DistanceMeters><Position><LatitudeDegrees>50.858227</LatitudeDegrees><LongitudeDegrees>4.27384</LongitudeDegrees></Position><AltitudeMeters>50.8</AltitudeMeters><Extensions><TPX xmlns="http://www.garmin.com/xmlschemas/ActivityExtension/v2"><Speed>1.76</Speed></TPX></Extensions></Trackpoint><Trackpoint><Time>2026-03-05T10:43:43+00:00</Time><DistanceMeters>2632.0</DistanceMeters><Position><LatitudeDegrees>50.858219</LatitudeDegrees><LongitudeDegrees>4.273874</LongitudeDegrees></Position><AltitudeMeters>50.7</AltitudeMeters><Extensions><TPX xmlns="http://www.garmin.com/xmlschemas/ActivityExtension/v2"><Speed>1.81</Speed></TPX></Extensions></Trackpoint><Trackpoint><Time>2026-03-05T10:43:44+00:00</Time><DistanceMeters>2634.3</DistanceMeters><Position><LatitudeDegrees>50.85821</LatitudeDegrees><LongitudeDegrees>4.273907</LongitudeDegrees></Position><AltitudeMeters>50.6</AltitudeMeters><Extensions><TPX xmlns="http://www.garmin.com/xmlschemas/ActivityExtension/v2"><Speed>1.86</Speed></TPX></Extensions></Trackpoint><Trackpoint><Time>2026-03-05T10:43:46+00:00</Time><DistanceMeters>2639.3</DistanceMeters><Position><LatitudeDegrees>50.858199</LatitudeDegrees><LongitudeDegrees>4.273942</LongitudeDegrees></Position><AltitudeMeters>50.5</AltitudeMeters><Extensions><TPX xmlns="http://www.garmin.com/xmlschemas/ActivityExtension/v2"><Speed>1.996</Speed></TPX></Extensions></Trackpoint><Trackpoint><Time>2026-03-05T10:43:47+00:00</Time><DistanceMeters>2641.9</DistanceMeters><Position><LatitudeDegrees>50.858186</LatitudeDegrees><LongitudeDegrees>4.273991</LongitudeDegrees></Position><AltitudeMeters>50.4</AltitudeMeters><Extensions><TPX xmlns="http://www.garmin.com/xmlschemas/ActivityExtension/v2"><Speed>2.44</Speed></TPX></Extensions></Trackpoint><Trackpoint><Time>2026-03-05T10:43:48+00:00</Time><DistanceMeters>2644.4</DistanceMeters><Position><LatitudeDegrees>50.858181</LatitudeDegrees><LongitudeDegrees>4.274008</LongitudeDegrees></Position><AltitudeMeters>50.3</AltitudeMeters><Extensions><TPX xmlns="http://www.garmin.com/xmlschemas/ActivityExtension/v2"><Speed>2.485</Speed></TPX></Extensions></Trackpoint><Trackpoint><Time>2026-03-05T10:43:49+00:00</Time><DistanceMeters>2649.3</DistanceMeters><Position><LatitudeDegrees>50.858164</LatitudeDegrees><LongitudeDegrees>4.274072</LongitudeDegrees></Position><AltitudeMeters>50.2</AltitudeMeters><Extensions><TPX xmlns="http://www.garmin.com/xmlschemas/ActivityExtension/v2"><Speed>3.0</Speed></TPX></Extensions></Trackpoint><Trackpoint><Time>2026-03-05T10:43:50+00:00</Time><DistanceMeters>2649.3</DistanceMeters><Position><LatitudeDegrees>50.858153</LatitudeDegrees><LongitudeDegrees>4.274106</LongitudeDegrees></Position><AltitudeMeters>50.1</AltitudeMeters><Extensions><TPX xmlns="http://www.garmin.com/xmlschemas/ActivityExtension/v2"><Speed>2.5</Speed></TPX></Extensions></Trackpoint><Trackpoint><Time>2026-03-05T10:43:52+00:00</Time><DistanceMeters>2653.4</DistanceMeters><Position><LatitudeDegrees>50.858147</LatitudeDegrees><LongitudeDegrees>4.274124</LongitudeDegrees></Position><AltitudeMeters>50.1</AltitudeMeters><Extensions><TPX xmlns="http://www.garmin.com/xmlschemas/ActivityExtension/v2"><Speed>2.31</Speed></TPX></Extensions></Trackpoint><Trackpoint><Time>2026-03-05T10:43:53+00:00</Time><DistanceMeters>2653.4</DistanceMeters><Position><LatitudeDegrees>50.85814</LatitudeDegrees><LongitudeDegrees>4.274148</LongitudeDegrees></Position><AltitudeMeters>50.0</AltitudeMeters><Extensions><TPX xmlns="http://www.garmin.com/xmlschemas/ActivityExtension/v2"><Speed>1.8</Speed></TPX></Extensions></Trackpoint><Trackpoint><Time>2026-03-05T10:43:54+00:00</Time><DistanceMeters>2657.3</DistanceMeters><Position><LatitudeDegrees>50.858123</LatitudeDegrees><LongitudeDegrees>4.274199</LongitudeDegrees></Position><AltitudeMeters>49.9</AltitudeMeters><Extensions><TPX xmlns="http://www.garmin.com/xmlschemas/ActivityExtension/v2"><Speed>1.6</Speed></TPX></Extensions></Trackpoint><Trackpoint><Time>2026-03-05T10:43:56+00:00</Time><DistanceMeters>2661.7</DistanceMeters><Position><LatitudeDegrees>50.858107</LatitudeDegrees><LongitudeDegrees>4.274222</LongitudeDegrees></Position><AltitudeMeters>49.8</AltitudeMeters><Extensions><TPX xmlns="http://www.garmin.com/xmlschemas/ActivityExtension/v2"><Speed>2.067</Speed></TPX></Extensions></Trackpoint><Trackpoint><Time>2026-03-05T10:43:57+00:00</Time><DistanceMeters>2664.1</DistanceMeters><Position><LatitudeDegrees>50.858074</LatitudeDegrees><LongitudeDegrees>4.274262</LongitudeDegrees></Position><AltitudeMeters>49.7</AltitudeMeters><Extensions><TPX xmlns="http://www.garmin.com/xmlschemas/ActivityExtension/v2"><Speed>2.14</Speed></TPX></Extensions></Trackpoint><Trackpoint><Time>2026-03-05T10:43:58+00:00</Time><DistanceMeters>2666.5</DistanceMeters><Position><LatitudeDegrees>50.85806</LatitudeDegrees><LongitudeDegrees>4.274286</LongitudeDegrees></Position><AltitudeMeters>49.6</AltitudeMeters><Extensions><TPX xmlns="http://www.garmin.com/xmlschemas/ActivityExtension/v2"><Speed>2.62</Speed></TPX></Extensions></Trackpoint><Trackpoint><Time>2026-03-05T10:44:00+00:00</Time><DistanceMeters>2671.4</DistanceMeters><Position><LatitudeDegrees>50.858045</LatitudeDegrees><LongitudeDegrees>4.274317</LongitudeDegrees></Position><AltitudeMeters>49.5</AltitudeMeters><Extensions><TPX xmlns="http://www.garmin.com/xmlschemas/ActivityExtension/v2"><Speed>2.35</Speed></TPX></Extensions></Trackpoint><Trackpoint><Time>2026-03-05T10:44:01+00:00</Time><DistanceMeters>2673.9</DistanceMeters><Position><LatitudeDegrees>50.858025</LatitudeDegrees><LongitudeDegrees>4.27436</LongitudeDegrees></Position><AltitudeMeters>49.4</AltitudeMeters><Extensions><TPX xmlns="http://www.garmin.com/xmlschemas/ActivityExtension/v2"><Speed>2.44</Speed></TPX></Extensions></Trackpoint><Trackpoint><Time>2026-03-05T10:44:02+00:00</Time><DistanceMeters>2676.4</DistanceMeters><Position><LatitudeDegrees>50.858019</LatitudeDegrees><LongitudeDegrees>4.274375</LongitudeDegrees></Position><AltitudeMeters>49.4</AltitudeMeters><Extensions><TPX xmlns="http://www.garmin.com/xmlschemas/ActivityExtension/v2"><Speed>2.46</Speed></TPX></Extensions></Trackpoint><Trackpoint><Time>2026-03-05T10:44:03+00:00</Time><DistanceMeters>2681.0</DistanceMeters><Position><LatitudeDegrees>50.858008</LatitudeDegrees><LongitudeDegrees>4.274438</LongitudeDegrees></Position><AltitudeMeters>49.2</AltitudeMeters><Extensions><TPX xmlns="http://www.garmin.com/xmlschemas/ActivityExtension/v2"><Speed>2.9</Speed></TPX></Extensions></Trackpoint><Trackpoint><Time>2026-03-05T10:44:05+00:00</Time><DistanceMeters>2683.3</DistanceMeters><Position><LatitudeDegrees>50.858011</LatitudeDegrees><LongitudeDegrees>4.274487</LongitudeDegrees></Position><AltitudeMeters>49.1</AltitudeMeters><Extensions><TPX xmlns="http://www.garmin.com/xmlschemas/ActivityExtension/v2"><Speed>2.38</Speed></TPX></Extensions></Trackpoint><Trackpoint><Time>2026-03-05T10:44:06+00:00</Time><DistanceMeters>2685.6</DistanceMeters><Position><LatitudeDegrees>50.858012</LatitudeDegrees><LongitudeDegrees>4.274503</LongitudeDegrees></Position><AltitudeMeters>49.1</AltitudeMeters><Extensions><TPX xmlns="http://www.garmin.com/xmlschemas/ActivityExtension/v2"><Speed>2.34</Speed></TPX></Extensions></Trackpoint><Trackpoint><Time>2026-03-05T10:44:07+00:00</Time><DistanceMeters>2688.0</DistanceMeters><Position><LatitudeDegrees>50.858024</LatitudeDegrees><LongitudeDegrees>4.27455</LongitudeDegrees></Position><AltitudeMeters>49.0</AltitudeMeters><Extensions><TPX xmlns="http://www.garmin.com/xmlschemas/ActivityExtension/v2"><Speed>2.32</Speed></TPX></Extensions></Trackpoint><Trackpoint><Time>2026-03-05T10:44:08+00:00</Time><DistanceMeters>2690.4</DistanceMeters><Position><LatitudeDegrees>50.858029</LatitudeDegrees><LongitudeDegrees>4.274566</LongitudeDegrees></Position><AltitudeMeters>48.9</AltitudeMeters><Extensions><TPX xmlns="http://www.garmin.com/xmlschemas/ActivityExtension/v2"><Speed>1.88</Speed></TPX></Extensions></Trackpoint><Trackpoint><Time>2026-03-05T10:44:09+00:00</Time><DistanceMeters>2692.8</DistanceMeters><Position><LatitudeDegrees>50.85806</LatitudeDegrees><LongitudeDegrees>4.274613</LongitudeDegrees></Position><AltitudeMeters>48.8</AltitudeMeters><Extensions><TPX xmlns="http://www.garmin.com/xmlschemas/ActivityExtension/v2"><Speed>1.967</Speed></TPX></Extensions></Trackpoint><Trackpoint><Time>2026-03-05T10:44:10+00:00</Time><DistanceMeters>2695.2</DistanceMeters><Position><LatitudeDegrees>50.858075</LatitudeDegrees><LongitudeDegrees>4.274636</LongitudeDegrees></Position><AltitudeMeters>48.7</AltitudeMeters><Extensions><TPX xmlns="http://www.garmin.com/xmlschemas/ActivityExtension/v2"><Speed>2.38</Speed></TPX></Extensions></Trackpoint><Trackpoint><Time>2026-03-05T10:44:12+00:00</Time><DistanceMeters>2699.9</DistanceMeters><Position><LatitudeDegrees>50.858092</LatitudeDegrees><LongitudeDegrees>4.274658</LongitudeDegrees></Position><AltitudeMeters>48.7</AltitudeMeters><Extensions><TPX xmlns="http://www.garmin.com/xmlschemas/ActivityExtension/v2"><Speed>2.38</Speed></TPX></Extensions></Trackpoint><Trackpoint><Time>2026-03-05T10:44:13+00:00</Time><DistanceMeters>2702.4</DistanceMeters><Position><LatitudeDegrees>50.858122</LatitudeDegrees><LongitudeDegrees>4.274709</LongitudeDegrees></Position><AltitudeMeters>48.6</AltitudeMeters><Extensions><TPX xmlns="http://www.garmin.com/xmlschemas/ActivityExtension/v2"><Speed>2.4</Speed></TPX></Extensions></Trackpoint><Trackpoint><Time>2026-03-05T10:44:14+00:00</Time><DistanceMeters>2704.9</DistanceMeters><Position><LatitudeDegrees>50.858135</LatitudeDegrees><LongitudeDegrees>4.274736</LongitudeDegrees></Position><AltitudeMeters>48.5</AltitudeMeters><Extensions><TPX xmlns="http://www.garmin.com/xmlschemas/ActivityExtension/v2"><Speed>2.42</Speed></TPX></Extensions></Trackpoint><Trackpoint><Time>2026-03-05T10:44:16+00:00</Time><DistanceMeters>2709.8</DistanceMeters><Position><LatitudeDegrees>50.858148</LatitudeDegrees><LongitudeDegrees>4.274768</LongitudeDegrees></Position><AltitudeMeters>48.4</AltitudeMeters><Extensions><TPX xmlns="http://www.garmin.com/xmlschemas/ActivityExtension/v2"><Speed>2.433</Speed></TPX></Extensions></Trackpoint><Trackpoint><Time>2026-03-05T10:44:17+00:00</Time><DistanceMeters>2712.4</DistanceMeters><Position><LatitudeDegrees>50.85816</LatitudeDegrees><LongitudeDegrees>4.274819</LongitudeDegrees></Position><AltitudeMeters>48.3</AltitudeMeters><Extensions><TPX xmlns="http://www.garmin.com/xmlschemas/ActivityExtension/v2"><Speed>2.49</Speed></TPX></Extensions></Trackpoint><Trackpoint><Time>2026-03-05T10:44:18+00:00</Time><DistanceMeters>2714.9</DistanceMeters><Position><LatitudeDegrees>50.858163</LatitudeDegrees><LongitudeDegrees>4.274837</LongitudeDegrees></Position><AltitudeMeters>48.3</AltitudeMeters><Extensions><TPX xmlns="http://www.garmin.com/xmlschemas/ActivityExtension/v2"><Speed>2.5</Speed></TPX></Extensions></Trackpoint><Trackpoint><Time>2026-03-05T10:44:19+00:00</Time><DistanceMeters>2720.1</DistanceMeters><Position><LatitudeDegrees>50.858168</LatitudeDegrees><LongitudeDegrees>4.27491</LongitudeDegrees></Position><AltitudeMeters>48.2</AltitudeMeters><Extensions><TPX xmlns="http://www.garmin.com/xmlschemas/ActivityExtension/v2"><Speed>3.04</Speed></TPX></Extensions></Trackpoint><Trackpoint><Time>2026-03-05T10:44:21+00:00</Time><DistanceMeters>2723.0</DistanceMeters><Position><LatitudeDegrees>50.85816</LatitudeDegrees><LongitudeDegrees>4.27497</LongitudeDegrees></Position><AltitudeMeters>48.0</AltitudeMeters><Extensions><TPX xmlns="http://www.garmin.com/xmlschemas/ActivityExtension/v2"><Speed>2.63</Speed></TPX></Extensions></Trackpoint><Trackpoint><Time>2026-03-05T10:44:22+00:00</Time><DistanceMeters>2725.8</DistanceMeters><Position><LatitudeDegrees>50.858155</LatitudeDegrees><LongitudeDegrees>4.274988</LongitudeDegrees></Position><AltitudeMeters>48.0</AltitudeMeters><Extensions><TPX xmlns="http://www.garmin.com/xmlschemas/ActivityExtension/v2"><Speed>2.69</Speed></TPX></Extensions></Trackpoint><Trackpoint><Time>2026-03-05T10:44:23+00:00</Time><DistanceMeters>2731.2</DistanceMeters><Position><LatitudeDegrees>50.858126</LatitudeDegrees><LongitudeDegrees>4.275051</LongitudeDegrees></Position><AltitudeMeters>47.8</AltitudeMeters><Extensions><TPX xmlns="http://www.garmin.com/xmlschemas/ActivityExtension/v2"><Speed>3.26</Speed></TPX></Extensions></Trackpoint><Trackpoint><Time>2026-03-05T10:44:24+00:00</Time><DistanceMeters>2731.2</DistanceMeters><Position><LatitudeDegrees>50.858108</LatitudeDegrees><LongitudeDegrees>4.27508</LongitudeDegrees></Position><AltitudeMeters>47.7</AltitudeMeters><Extensions><TPX xmlns="http://www.garmin.com/xmlschemas/ActivityExtension/v2"><Speed>2.22</Speed></TPX></Extensions></Trackpoint><Trackpoint><Time>2026-03-05T10:44:26+00:00</Time><DistanceMeters>2736.9</DistanceMeters><Position><LatitudeDegrees>50.858088</LatitudeDegrees><LongitudeDegrees>4.275107</LongitudeDegrees></Position><AltitudeMeters>47.7</AltitudeMeters><Extensions><TPX xmlns="http://www.garmin.com/xmlschemas/ActivityExtension/v2"><Speed>2.79</Speed></TPX></Extensions></Trackpoint><Trackpoint><Time>2026-03-05T10:44:27+00:00</Time><DistanceMeters>2739.6</DistanceMeters><Position><LatitudeDegrees>50.858054</LatitudeDegrees><LongitudeDegrees>4.275157</LongitudeDegrees></Position><AltitudeMeters>47.5</AltitudeMeters><Extensions><TPX xmlns="http://www.garmin.com/xmlschemas/ActivityExtension/v2"><Speed>2.75</Speed></TPX></Extensions></Trackpoint><Trackpoint><Time>2026-03-05T10:44:28+00:00</Time><DistanceMeters>2742.2</DistanceMeters><Position><LatitudeDegrees>50.858036</LatitudeDegrees><LongitudeDegrees>4.275181</LongitudeDegrees></Position><AltitudeMeters>47.4</AltitudeMeters><Extensions><TPX xmlns="http://www.garmin.com/xmlschemas/ActivityExtension/v2"><Speed>2.2</Speed></TPX></Extensions></Trackpoint><Trackpoint><Time>2026-03-05T10:44:30+00:00</Time><DistanceMeters>2747.6</DistanceMeters><Position><LatitudeDegrees>50.858016</LatitudeDegrees><LongitudeDegrees>4.275207</LongitudeDegrees></Position><AltitudeMeters>47.4</AltitudeMeters><Extensions><TPX xmlns="http://www.garmin.com/xmlschemas/ActivityExtension/v2"><Speed>2.733</Speed></TPX></Extensions></Trackpoint><Trackpoint><Time>2026-03-05T10:44:31+00:00</Time><DistanceMeters>2750.1</DistanceMeters><Position><LatitudeDegrees>50.857989</LatitudeDegrees><LongitudeDegrees>4.275241</LongitudeDegrees></Position><AltitudeMeters>47.3</AltitudeMeters><Extensions><TPX xmlns="http://www.garmin.com/xmlschemas/ActivityExtension/v2"><Speed>2.65</Speed></TPX></Extensions></Trackpoint><Trackpoint><Time>2026-03-05T10:44:32+00:00</Time><DistanceMeters>2752.7</DistanceMeters><Position><LatitudeDegrees>50.85798</LatitudeDegrees><LongitudeDegrees>4.275252</LongitudeDegrees></Position><AltitudeMeters>47.2</AltitudeMeters><Extensions><TPX xmlns="http://www.garmin.com/xmlschemas/ActivityExtension/v2"><Speed>2.63</Speed></TPX></Extensions></Trackpoint><Trackpoint><Time>2026-03-05T10:44:33+00:00</Time><DistanceMeters>2757.5</DistanceMeters><Position><LatitudeDegrees>50.857951</LatitudeDegrees><LongitudeDegrees>4.275301</LongitudeDegrees></Position><AltitudeMeters>47.1</AltitudeMeters><Extensions><TPX xmlns="http://www.garmin.com/xmlschemas/ActivityExtension/v2"><Speed>3.06</Speed></TPX></Extensions></Trackpoint><Trackpoint><Time>2026-03-05T10:44:35+00:00</Time><DistanceMeters>2759.7</DistanceMeters><Position><LatitudeDegrees>50.857931</LatitudeDegrees><LongitudeDegrees>4.275339</LongitudeDegrees></Position><AltitudeMeters>47.0</AltitudeMeters><Extensions><TPX xmlns="http://www.garmin.com/xmlschemas/ActivityExtension/v2"><Speed>2.42</Speed></TPX></Extensions></Trackpoint><Trackpoint><Time>2026-03-05T10:44:36+00:00</Time><DistanceMeters>2761.9</DistanceMeters><Position><LatitudeDegrees>50.857925</LatitudeDegrees><LongitudeDegrees>4.27535</LongitudeDegrees></Position><AltitudeMeters>47.0</AltitudeMeters><Extensions><TPX xmlns="http://www.garmin.com/xmlschemas/ActivityExtension/v2"><Speed>2.35</Speed></TPX></Extensions></Trackpoint><Trackpoint><Time>2026-03-05T10:44:37+00:00</Time><DistanceMeters>2764.3</DistanceMeters><Position><LatitudeDegrees>50.857906</LatitudeDegrees><LongitudeDegrees>4.275389</LongitudeDegrees></Position><AltitudeMeters>47.0</AltitudeMeters><Extensions><TPX xmlns="http://www.garmin.com/xmlschemas/ActivityExtension/v2"><Speed>2.31</Speed></TPX></Extensions></Trackpoint><Trackpoint><Time>2026-03-05T10:44:38+00:00</Time><DistanceMeters>2766.6</DistanceMeters><Position><LatitudeDegrees>50.857899</LatitudeDegrees><LongitudeDegrees>4.275401</LongitudeDegrees></Position><AltitudeMeters>46.9</AltitudeMeters><Extensions><TPX xmlns="http://www.garmin.com/xmlschemas/ActivityExtension/v2"><Speed>1.82</Speed></TPX></Extensions></Trackpoint><Trackpoint><Time>2026-03-05T10:44:39+00:00</Time><DistanceMeters>2769.2</DistanceMeters><Position><LatitudeDegrees>50.857877</LatitudeDegrees><LongitudeDegrees>4.275444</LongitudeDegrees></Position><AltitudeMeters>46.9</AltitudeMeters><Extensions><TPX xmlns="http://www.garmin.com/xmlschemas/ActivityExtension/v2"><Speed>1.95</Speed></TPX></Extensions></Trackpoint><Trackpoint><Time>2026-03-05T10:44:40+00:00</Time><DistanceMeters>2771.8</DistanceMeters><Position><LatitudeDegrees>50.857869</LatitudeDegrees><LongitudeDegrees>4.275459</LongitudeDegrees></Position><AltitudeMeters>46.8</AltitudeMeters><Extensions><TPX xmlns="http://www.garmin.com/xmlschemas/ActivityExtension/v2"><Speed>2.42</Speed></TPX></Extensions></Trackpoint><Trackpoint><Time>2026-03-05T10:44:41+00:00</Time><DistanceMeters>2774.3</DistanceMeters><Position><LatitudeDegrees>50.857841</LatitudeDegrees><LongitudeDegrees>4.275511</LongitudeDegrees></Position><AltitudeMeters>46.7</AltitudeMeters><Extensions><TPX xmlns="http://www.garmin.com/xmlschemas/ActivityExtension/v2"><Speed>2.47</Speed></TPX></Extensions></Trackpoint><Trackpoint><Time>2026-03-05T10:44:42+00:00</Time><DistanceMeters>2776.7</DistanceMeters><Position><LatitudeDegrees>50.857826</LatitudeDegrees><LongitudeDegrees>4.275538</LongitudeDegrees></Position><AltitudeMeters>46.7</AltitudeMeters><Extensions><TPX xmlns="http://www.garmin.com/xmlschemas/ActivityExtension/v2"><Speed>2.49</Speed></TPX></Extensions></Trackpoint><Trackpoint><Time>2026-03-05T10:44:44+00:00</Time><DistanceMeters>2781.7</DistanceMeters><Position><LatitudeDegrees>50.857812</LatitudeDegrees><LongitudeDegrees>4.275568</LongitudeDegrees></Position><AltitudeMeters>46.6</AltitudeMeters><Extensions><TPX xmlns="http://www.garmin.com/xmlschemas/ActivityExtension/v2"><Speed>2.5</Speed></TPX></Extensions></Trackpoint><Trackpoint><Time>2026-03-05T10:44:45+00:00</Time><DistanceMeters>2784.1</DistanceMeters><Position><LatitudeDegrees>50.857796</LatitudeDegrees><LongitudeDegrees>4.275614</LongitudeDegrees></Position><AltitudeMeters>46.6</AltitudeMeters><Extensions><TPX xmlns="http://www.garmin.com/xmlschemas/ActivityExtension/v2"><Speed>2.47</Speed></TPX></Extensions></Trackpoint><Trackpoint><Time>2026-03-05T10:44:46+00:00</Time><DistanceMeters>2786.6</DistanceMeters><Position><LatitudeDegrees>50.857791</LatitudeDegrees><LongitudeDegrees>4.27563</LongitudeDegrees></Position><AltitudeMeters>46.5</AltitudeMeters><Extensions><TPX xmlns="http://www.garmin.com/xmlschemas/ActivityExtension/v2"><Speed>2.47</Speed></TPX></Extensions></Trackpoint><Trackpoint><Time>2026-03-05T10:44:47+00:00</Time><DistanceMeters>2791.7</DistanceMeters><Position><LatitudeDegrees>50.857782</LatitudeDegrees><LongitudeDegrees>4.275701</LongitudeDegrees></Position><AltitudeMeters>46.4</AltitudeMeters><Extensions><TPX xmlns="http://www.garmin.com/xmlschemas/ActivityExtension/v2"><Speed>3.0</Speed></TPX></Extensions></Trackpoint><Trackpoint><Time>2026-03-05T10:44:49+00:00</Time><DistanceMeters>2796.5</DistanceMeters><Position><LatitudeDegrees>50.857777</LatitudeDegrees><LongitudeDegrees>4.275768</LongitudeDegrees></Position><AltitudeMeters>46.3</AltitudeMeters><Extensions><TPX xmlns="http://www.garmin.com/xmlschemas/ActivityExtension/v2"><Speed>2.953</Speed></TPX></Extensions></Trackpoint><Trackpoint><Time>2026-03-05T10:44:50+00:00</Time><DistanceMeters>2798.2</DistanceMeters><Position><LatitudeDegrees>50.857776</LatitudeDegrees><LongitudeDegrees>4.275793</LongitudeDegrees></Position><AltitudeMeters>46.3</AltitudeMeters><Extensions><TPX xmlns="http://www.garmin.com/xmlschemas/ActivityExtension/v2"><Speed>2.817</Speed></TPX></Extensions></Trackpoint><Trackpoint><Time>2026-03-05T10:44:51+00:00</Time><DistanceMeters>2800.0</DistanceMeters><Position><LatitudeDegrees>50.857774</LatitudeDegrees><LongitudeDegrees>4.275818</LongitudeDegrees></Position><AltitudeMeters>46.2</AltitudeMeters><Extensions><TPX xmlns="http://www.garmin.com/xmlschemas/ActivityExtension/v2"><Speed>2.68</Speed></TPX></Extensions></Trackpoint><Trackpoint><Time>2026-03-05T10:44:52+00:00</Time><DistanceMeters>2804.9</DistanceMeters><Position><LatitudeDegrees>50.857769</LatitudeDegrees><LongitudeDegrees>4.275887</LongitudeDegrees></Position><AltitudeMeters>46.1</AltitudeMeters><Extensions><TPX xmlns="http://www.garmin.com/xmlschemas/ActivityExtension/v2"><Speed>2.64</Speed></TPX></Extensions></Trackpoint><Trackpoint><Time>2026-03-05T10:44:54+00:00</Time><DistanceMeters>2807.4</DistanceMeters><Position><LatitudeDegrees>50.857767</LatitudeDegrees><LongitudeDegrees>4.27594</LongitudeDegrees></Position><AltitudeMeters>46.0</AltitudeMeters><Extensions><TPX xmlns="http://www.garmin.com/xmlschemas/ActivityExtension/v2"><Speed>2.177</Speed></TPX></Extensions></Trackpoint><Trackpoint><Time>2026-03-05T10:44:55+00:00</Time><DistanceMeters>2809.8</DistanceMeters><Position><LatitudeDegrees>50.857767</LatitudeDegrees><LongitudeDegrees>4.275958</LongitudeDegrees></Position><AltitudeMeters>46.0</AltitudeMeters><Extensions><TPX xmlns="http://www.garmin.com/xmlschemas/ActivityExtension/v2"><Speed>2.313</Speed></TPX></Extensions></Trackpoint><Trackpoint><Time>2026-03-05T10:44:56+00:00</Time><DistanceMeters>2812.2</DistanceMeters><Position><LatitudeDegrees>50.857762</LatitudeDegrees><LongitudeDegrees>4.276023</LongitudeDegrees></Position><AltitudeMeters>45.9</AltitudeMeters><Extensions><TPX xmlns="http://www.garmin.com/xmlschemas/ActivityExtension/v2"><Speed>2.43</Speed></TPX></Extensions></Trackpoint><Trackpoint><Time>2026-03-05T10:44:57+00:00</Time><DistanceMeters>2814.5</DistanceMeters><Position><LatitudeDegrees>50.857759</LatitudeDegrees><LongitudeDegrees>4.276056</LongitudeDegrees></Position><AltitudeMeters>45.8</AltitudeMeters><Extensions><TPX xmlns="http://www.garmin.com/xmlschemas/ActivityExtension/v2"><Speed>1.92</Speed></TPX></Extensions></Trackpoint><Trackpoint><Time>2026-03-05T10:44:59+00:00</Time><DistanceMeters>2819.4</DistanceMeters><Position><LatitudeDegrees>50.857755</LatitudeDegrees><LongitudeDegrees>4.276094</LongitudeDegrees></Position><AltitudeMeters>45.8</AltitudeMeters><Extensions><TPX xmlns="http://www.garmin.com/xmlschemas/ActivityExtension/v2"><Speed>2.41</Speed></TPX></Extensions></Trackpoint><Trackpoint><Time>2026-03-05T10:45:00+00:00</Time><DistanceMeters>2822.1</DistanceMeters><Position><LatitudeDegrees>50.857749</LatitudeDegrees><LongitudeDegrees>4.276149</LongitudeDegrees></Position><AltitudeMeters>45.7</AltitudeMeters><Extensions><TPX xmlns="http://www.garmin.com/xmlschemas/ActivityExtension/v2"><Speed>2.45</Speed></TPX></Extensions></Trackpoint><Trackpoint><Time>2026-03-05T10:45:01+00:00</Time><DistanceMeters>2824.7</DistanceMeters><Position><LatitudeDegrees>50.857745</LatitudeDegrees><LongitudeDegrees>4.276167</LongitudeDegrees></Position><AltitudeMeters>45.6</AltitudeMeters><Extensions><TPX xmlns="http://www.garmin.com/xmlschemas/ActivityExtension/v2"><Speed>2.51</Speed></TPX></Extensions></Trackpoint><Trackpoint><Time>2026-03-05T10:45:02+00:00</Time><DistanceMeters>2829.5</DistanceMeters><Position><LatitudeDegrees>50.857731</LatitudeDegrees><LongitudeDegrees>4.276231</LongitudeDegrees></Position><AltitudeMeters>45.5</AltitudeMeters><Extensions><TPX xmlns="http://www.garmin.com/xmlschemas/ActivityExtension/v2"><Speed>3.0</Speed></TPX></Extensions></Trackpoint><Trackpoint><Time>2026-03-05T10:45:04+00:00</Time><DistanceMeters>2832.0</DistanceMeters><Position><LatitudeDegrees>50.857716</LatitudeDegrees><LongitudeDegrees>4.27628</LongitudeDegrees></Position><AltitudeMeters>45.4</AltitudeMeters><Extensions><TPX xmlns="http://www.garmin.com/xmlschemas/ActivityExtension/v2"><Speed>2.52</Speed></TPX></Extensions></Trackpoint><Trackpoint><Time>2026-03-05T10:45:05+00:00</Time><DistanceMeters>2834.5</DistanceMeters><Position><LatitudeDegrees>50.857711</LatitudeDegrees><LongitudeDegrees>4.276295</LongitudeDegrees></Position><AltitudeMeters>45.4</AltitudeMeters><Extensions><TPX xmlns="http://www.garmin.com/xmlschemas/ActivityExtension/v2"><Speed>2.49</Speed></TPX></Extensions></Trackpoint><Trackpoint><Time>2026-03-05T10:45:06+00:00</Time><DistanceMeters>2837.1</DistanceMeters><Position><LatitudeDegrees>50.857697</LatitudeDegrees><LongitudeDegrees>4.276346</LongitudeDegrees></Position><AltitudeMeters>45.3</AltitudeMeters><Extensions><TPX xmlns="http://www.garmin.com/xmlschemas/ActivityExtension/v2"><Speed>2.48</Speed></TPX></Extensions></Trackpoint><Trackpoint><Time>2026-03-05T10:45:07+00:00</Time><DistanceMeters>2839.7</DistanceMeters><Position><LatitudeDegrees>50.857692</LatitudeDegrees><LongitudeDegrees>4.276363</LongitudeDegrees></Position><AltitudeMeters>45.3</AltitudeMeters><Extensions><TPX xmlns="http://www.garmin.com/xmlschemas/ActivityExtension/v2"><Speed>2.04</Speed></TPX></Extensions></Trackpoint><Trackpoint><Time>2026-03-05T10:45:08+00:00</Time><DistanceMeters>2842.1</DistanceMeters><Position><LatitudeDegrees>50.857678</LatitudeDegrees><LongitudeDegrees>4.276409</LongitudeDegrees></Position><AltitudeMeters>45.2</AltitudeMeters><Extensions><TPX xmlns="http://www.garmin.com/xmlschemas/ActivityExtension/v2"><Speed>2.1</Speed></TPX></Extensions></Trackpoint><Trackpoint><Time>2026-03-05T10:45:09+00:00</Time><DistanceMeters>2844.5</DistanceMeters><Position><LatitudeDegrees>50.857673</LatitudeDegrees><LongitudeDegrees>4.276424</LongitudeDegrees></Position><AltitudeMeters>45.2</AltitudeMeters><Extensions><TPX xmlns="http://www.garmin.com/xmlschemas/ActivityExtension/v2"><Speed>2.5</Speed></TPX></Extensions></Trackpoint><Trackpoint><Time>2026-03-05T10:45:10+00:00</Time><DistanceMeters>2846.8</DistanceMeters><Position><LatitudeDegrees>50.857657</LatitudeDegrees><LongitudeDegrees>4.276466</LongitudeDegrees></Position><AltitudeMeters>45.1</AltitudeMeters><Extensions><TPX xmlns="http://www.garmin.com/xmlschemas/ActivityExtension/v2"><Speed>2.46</Speed></TPX></Extensions></Trackpoint><Trackpoint><Time>2026-03-05T10:45:11+00:00</Time><DistanceMeters>2849.1</DistanceMeters><Position><LatitudeDegrees>50.857652</LatitudeDegrees><LongitudeDegrees>4.27648</LongitudeDegrees></Position><AltitudeMeters>45.1</AltitudeMeters><Extensions><TPX xmlns="http://www.garmin.com/xmlschemas/ActivityExtension/v2"><Speed>2.4</Speed></TPX></Extensions></Trackpoint><Trackpoint><Time>2026-03-05T10:45:12+00:00</Time><DistanceMeters>2854.1</DistanceMeters><Position><LatitudeDegrees>50.857631</LatitudeDegrees><LongitudeDegrees>4.276543</LongitudeDegrees></Position><AltitudeMeters>45.0</AltitudeMeters><Extensions><TPX xmlns="http://www.garmin.com/xmlschemas/ActivityExtension/v2"><Speed>2.88</Speed></TPX></Extensions></Trackpoint><Trackpoint><Time>2026-03-05T10:45:14+00:00</Time><DistanceMeters>2856.7</DistanceMeters><Position><LatitudeDegrees>50.857615</LatitudeDegrees><LongitudeDegrees>4.276594</LongitudeDegrees></Position><AltitudeMeters>44.9</AltitudeMeters><Extensions><TPX xmlns="http://www.garmin.com/xmlschemas/ActivityExtension/v2"><Speed>2.44</Speed></TPX></Extensions></Trackpoint><Trackpoint><Time>2026-03-05T10:45:15+00:00</Time><DistanceMeters>2859.3</DistanceMeters><Position><LatitudeDegrees>50.857609</LatitudeDegrees><LongitudeDegrees>4.27661</LongitudeDegrees></Position><AltitudeMeters>44.8</AltitudeMeters><Extensions><TPX xmlns="http://www.garmin.com/xmlschemas/ActivityExtension/v2"><Speed>2.5</Speed></TPX></Extensions></Trackpoint><Trackpoint><Time>2026-03-05T10:45:16+00:00</Time><DistanceMeters>2862.0</DistanceMeters><Position><LatitudeDegrees>50.857585</LatitudeDegrees><LongitudeDegrees>4.276676</LongitudeDegrees></Position><AltitudeMeters>44.7</AltitudeMeters><Extensions><TPX xmlns="http://www.garmin.com/xmlschemas/ActivityExtension/v2"><Speed>2.58</Speed></TPX></Extensions></Trackpoint><Trackpoint><Time>2026-03-05T10:45:17+00:00</Time><DistanceMeters>2864.7</DistanceMeters><Position><LatitudeDegrees>50.857572</LatitudeDegrees><LongitudeDegrees>4.276708</LongitudeDegrees></Position><AltitudeMeters>44.7</AltitudeMeters><Extensions><TPX xmlns="http://www.garmin.com/xmlschemas/ActivityExtension/v2"><Speed>2.12</Speed></TPX></Extensions></Trackpoint><Trackpoint><Time>2026-03-05T10:45:19+00:00</Time><DistanceMeters>2870.4</DistanceMeters><Position><LatitudeDegrees>50.857556</LatitudeDegrees><LongitudeDegrees>4.276743</LongitudeDegrees></Position><AltitudeMeters>44.6</AltitudeMeters><Extensions><TPX xmlns="http://www.garmin.com/xmlschemas/ActivityExtension/v2"><Speed>2.74</Speed></TPX></Extensions></Trackpoint><Trackpoint><Time>2026-03-05T10:45:20+00:00</Time><DistanceMeters>2873.3</DistanceMeters><Position><LatitudeDegrees>50.857532</LatitudeDegrees><LongitudeDegrees>4.276791</LongitudeDegrees></Position><AltitudeMeters>44.5</AltitudeMeters><Extensions><TPX xmlns="http://www.garmin.com/xmlschemas/ActivityExtension/v2"><Speed>2.79</Speed></TPX></Extensions></Trackpoint><Trackpoint><Time>2026-03-05T10:45:21+00:00</Time><DistanceMeters>2876.1</DistanceMeters><Position><LatitudeDegrees>50.857524</LatitudeDegrees><LongitudeDegrees>4.276807</LongitudeDegrees></Position><AltitudeMeters>44.5</AltitudeMeters><Extensions><TPX xmlns="http://www.garmin.com/xmlschemas/ActivityExtension/v2"><Speed>2.82</Speed></TPX></Extensions></Trackpoint><Trackpoint><Time>2026-03-05T10:45:22+00:00</Time><DistanceMeters>2881.4</DistanceMeters><Position><LatitudeDegrees>50.857499</LatitudeDegrees><LongitudeDegrees>4.27687</LongitudeDegrees></Position><AltitudeMeters>44.4</AltitudeMeters><Extensions><TPX xmlns="http://www.garmin.com/xmlschemas/ActivityExtension/v2"><Speed>3.34</Speed></TPX></Extensions></Trackpoint><Trackpoint><Time>2026-03-05T10:45:24+00:00</Time><DistanceMeters>2884.0</DistanceMeters><Position><LatitudeDegrees>50.857482</LatitudeDegrees><LongitudeDegrees>4.27692</LongitudeDegrees></Position><AltitudeMeters>44.4</AltitudeMeters><Extensions><TPX xmlns="http://www.garmin.com/xmlschemas/ActivityExtension/v2"><Speed>2.72</Speed></TPX></Extensions></Trackpoint><Trackpoint><Time>2026-03-05T10:45:25+00:00</Time><DistanceMeters>2886.6</DistanceMeters><Position><LatitudeDegrees>50.857477</LatitudeDegrees><LongitudeDegrees>4.276936</LongitudeDegrees></Position><AltitudeMeters>44.4</AltitudeMeters><Extensions><TPX xmlns="http://www.garmin.com/xmlschemas/ActivityExtension/v2"><Speed>2.67</Speed></TPX></Extensions></Trackpoint><Trackpoint><Time>2026-03-05T10:45:26+00:00</Time><DistanceMeters>2891.6</DistanceMeters><Position><LatitudeDegrees>50.857463</LatitudeDegrees><LongitudeDegrees>4.277004</LongitudeDegrees></Position><AltitudeMeters>44.3</AltitudeMeters><Extensions><TPX xmlns="http://www.garmin.com/xmlschemas/ActivityExtension/v2"><Speed>3.1</Speed></TPX></Extensions></Trackpoint><Trackpoint><Time>2026-03-05T10:45:28+00:00</Time><DistanceMeters>2894.2</DistanceMeters><Position><LatitudeDegrees>50.857454</LatitudeDegrees><LongitudeDegrees>4.277058</LongitudeDegrees></Position><AltitudeMeters>44.3</AltitudeMeters><Extensions><TPX xmlns="http://www.garmin.com/xmlschemas/ActivityExtension/v2"><Speed>2.133</Speed></TPX></Extensions></Trackpoint><Trackpoint><Time>2026-03-05T10:45:29+00:00</Time><DistanceMeters>2896.8</DistanceMeters><Position><LatitudeDegrees>50.857449</LatitudeDegrees><LongitudeDegrees>4.277073</LongitudeDegrees></Position><AltitudeMeters>44.3</AltitudeMeters><Extensions><TPX xmlns="http://www.garmin.com/xmlschemas/ActivityExtension/v2"><Speed>2.56</Speed></TPX></Extensions></Trackpoint><Trackpoint><Time>2026-03-05T10:45:30+00:00</Time><DistanceMeters>2899.4</DistanceMeters><Position><LatitudeDegrees>50.857406</LatitudeDegrees><LongitudeDegrees>4.277093</LongitudeDegrees></Position><AltitudeMeters>44.2</AltitudeMeters><Extensions><TPX xmlns="http://www.garmin.com/xmlschemas/ActivityExtension/v2"><Speed>2.55</Speed></TPX></Extensions></Trackpoint><Trackpoint><Time>2026-03-05T10:45:31+00:00</Time><DistanceMeters>2901.9</DistanceMeters><Position><LatitudeDegrees>50.857382</LatitudeDegrees><LongitudeDegrees>4.277094</LongitudeDegrees></Position><AltitudeMeters>44.3</AltitudeMeters><Extensions><TPX xmlns="http://www.garmin.com/xmlschemas/ActivityExtension/v2"><Speed>2.06</Speed></TPX></Extensions></Trackpoint><Trackpoint><Time>2026-03-05T10:45:33+00:00</Time><DistanceMeters>2907.5</DistanceMeters><Position><LatitudeDegrees>50.857358</LatitudeDegrees><LongitudeDegrees>4.277075</LongitudeDegrees></Position><AltitudeMeters>44.3</AltitudeMeters><Extensions><TPX xmlns="http://www.garmin.com/xmlschemas/ActivityExtension/v2"><Speed>2.66</Speed></TPX></Extensions></Trackpoint><Trackpoint><Time>2026-03-05T10:45:34+00:00</Time><DistanceMeters>2910.5</DistanceMeters><Position><LatitudeDegrees>50.857329</LatitudeDegrees><LongitudeDegrees>4.27703</LongitudeDegrees></Position><AltitudeMeters>44.3</AltitudeMeters><Extensions><TPX xmlns="http://www.garmin.com/xmlschemas/ActivityExtension/v2"><Speed>2.74</Speed></TPX></Extensions></Trackpoint><Trackpoint><Time>2026-03-05T10:45:35+00:00</Time><DistanceMeters>2913.5</DistanceMeters><Position><LatitudeDegrees>50.857319</LatitudeDegrees><LongitudeDegrees>4.277015</LongitudeDegrees></Position><AltitudeMeters>44.3</AltitudeMeters><Extensions><TPX xmlns="http://www.garmin.com/xmlschemas/ActivityExtension/v2"><Speed>2.83</Speed></TPX></Extensions></Trackpoint><Trackpoint><Time>2026-03-05T10:45:36+00:00</Time><DistanceMeters>2916.5</DistanceMeters><Position><LatitudeDegrees>50.857285</LatitudeDegrees><LongitudeDegrees>4.276953</LongitudeDegrees></Position><AltitudeMeters>44.4</AltitudeMeters><Extensions><TPX xmlns="http://www.garmin.com/xmlschemas/ActivityExtension/v2"><Speed>2.92</Speed></TPX></Extensions></Trackpoint><Trackpoint><Time>2026-03-05T10:45:38+00:00</Time><DistanceMeters>2922.2</DistanceMeters><Position><LatitudeDegrees>50.857268</LatitudeDegrees><LongitudeDegrees>4.27692</LongitudeDegrees></Position><AltitudeMeters>44.4</AltitudeMeters><Extensions><TPX xmlns="http://www.garmin.com/xmlschemas/ActivityExtension/v2"><Speed>2.94</Speed></TPX></Extensions></Trackpoint><Trackpoint><Time>2026-03-05T10:45:39+00:00</Time><DistanceMeters>2924.9</DistanceMeters><Position><LatitudeDegrees>50.857244</LatitudeDegrees><LongitudeDegrees>4.276877</LongitudeDegrees></Position><AltitudeMeters>44.4</AltitudeMeters><Extensions><TPX xmlns="http://www.garmin.com/xmlschemas/ActivityExtension/v2"><Speed>2.87</Speed></TPX></Extensions></Trackpoint><Trackpoint><Time>2026-03-05T10:45:40+00:00</Time><DistanceMeters>2927.5</DistanceMeters><Position><LatitudeDegrees>50.857236</LatitudeDegrees><LongitudeDegrees>4.276864</LongitudeDegrees></Position><AltitudeMeters>44.4</AltitudeMeters><Extensions><TPX xmlns="http://www.garmin.com/xmlschemas/ActivityExtension/v2"><Speed>2.8</Speed></TPX></Extensions></Trackpoint><Trackpoint><Time>2026-03-05T10:45:41+00:00</Time><DistanceMeters>2930.2</DistanceMeters><Position><LatitudeDegrees>50.857212</LatitudeDegrees><LongitudeDegrees>4.276823</LongitudeDegrees></Position><AltitudeMeters>44.5</AltitudeMeters><Extensions><TPX xmlns="http://www.garmin.com/xmlschemas/ActivityExtension/v2"><Speed>2.73</Speed></TPX></Extensions></Trackpoint><Trackpoint><Time>2026-03-05T10:45:42+00:00</Time><DistanceMeters>2932.8</DistanceMeters><Position><LatitudeDegrees>50.857203</LatitudeDegrees><LongitudeDegrees>4.276809</LongitudeDegrees></Position><AltitudeMeters>44.5</AltitudeMeters><Extensions><TPX xmlns="http://www.garmin.com/xmlschemas/ActivityExtension/v2"><Speed>2.717</Speed></TPX></Extensions></Trackpoint><Trackpoint><Time>2026-03-05T10:45:43+00:00</Time><DistanceMeters>2935.6</DistanceMeters><Position><LatitudeDegrees>50.85717</LatitudeDegrees><LongitudeDegrees>4.276755</LongitudeDegrees></Position><AltitudeMeters>44.5</AltitudeMeters><Extensions><TPX xmlns="http://www.garmin.com/xmlschemas/ActivityExtension/v2"><Speed>2.67</Speed></TPX></Extensions></Trackpoint><Trackpoint><Time>2026-03-05T10:45:44+00:00</Time><DistanceMeters>2938.3</DistanceMeters><Position><LatitudeDegrees>50.857153</LatitudeDegrees><LongitudeDegrees>4.276727</LongitudeDegrees></Position><AltitudeMeters>44.5</AltitudeMeters><Extensions><TPX xmlns="http://www.garmin.com/xmlschemas/ActivityExtension/v2"><Speed>2.69</Speed></TPX></Extensions></Trackpoint><Trackpoint><Time>2026-03-05T10:45:46+00:00</Time><DistanceMeters>2943.6</DistanceMeters><Position><LatitudeDegrees>50.857135</LatitudeDegrees><LongitudeDegrees>4.2767</LongitudeDegrees></Position><AltitudeMeters>44.5</AltitudeMeters><Extensions><TPX xmlns="http://www.garmin.com/xmlschemas/ActivityExtension/v2"><Speed>2.69</Speed></TPX></Extensions></Trackpoint><Trackpoint><Time>2026-03-05T10:45:47+00:00</Time><DistanceMeters>2946.5</DistanceMeters><Position><LatitudeDegrees>50.857098</LatitudeDegrees><LongitudeDegrees>4.276685</LongitudeDegrees></Position><AltitudeMeters>44.6</AltitudeMeters><Extensions><TPX xmlns="http://www.garmin.com/xmlschemas/ActivityExtension/v2"><Speed>2.73</Speed></TPX></Extensions></Trackpoint><Trackpoint><Time>2026-03-05T10:45:48+00:00</Time><DistanceMeters>2949.3</DistanceMeters><Position><LatitudeDegrees>50.857085</LatitudeDegrees><LongitudeDegrees>4.276685</LongitudeDegrees></Position><AltitudeMeters>44.6</AltitudeMeters><Extensions><TPX xmlns="http://www.garmin.com/xmlschemas/ActivityExtension/v2"><Speed>2.75</Speed></TPX></Extensions></Trackpoint><Trackpoint><Time>2026-03-05T10:45:49+00:00</Time><DistanceMeters>2952.6</DistanceMeters><Position><LatitudeDegrees>50.857034</LatitudeDegrees><LongitudeDegrees>4.276722</LongitudeDegrees></Position><AltitudeMeters>44.6</AltitudeMeters><Extensions><TPX xmlns="http://www.garmin.com/xmlschemas/ActivityExtension/v2"><Speed>2.86</Speed></TPX></Extensions></Trackpoint><Trackpoint><Time>2026-03-05T10:45:51+00:00</Time><DistanceMeters>2958.9</DistanceMeters><Position><LatitudeDegrees>50.857008</LatitudeDegrees><LongitudeDegrees>4.276748</LongitudeDegrees></Position><AltitudeMeters>44.7</AltitudeMeters><Extensions><TPX xmlns="http://www.garmin.com/xmlschemas/ActivityExtension/v2"><Speed>3.06</Speed></TPX></Extensions></Trackpoint><Trackpoint><Time>2026-03-05T10:45:52+00:00</Time><DistanceMeters>2962.3</DistanceMeters><Position><LatitudeDegrees>50.856984</LatitudeDegrees><LongitudeDegrees>4.276778</LongitudeDegrees></Position><AltitudeMeters>44.7</AltitudeMeters><Extensions><TPX xmlns="http://www.garmin.com/xmlschemas/ActivityExtension/v2"><Speed>3.17</Speed></TPX></Extensions></Trackpoint><Trackpoint><Time>2026-03-05T10:45:53+00:00</Time><DistanceMeters>2965.5</DistanceMeters><Position><LatitudeDegrees>50.85696</LatitudeDegrees><LongitudeDegrees>4.276801</LongitudeDegrees></Position><AltitudeMeters>44.7</AltitudeMeters><Extensions><TPX xmlns="http://www.garmin.com/xmlschemas/ActivityExtension/v2"><Speed>3.24</Speed></TPX></Extensions></Trackpoint><Trackpoint><Time>2026-03-05T10:45:54+00:00</Time><DistanceMeters>2968.6</DistanceMeters><Position><LatitudeDegrees>50.856938</LatitudeDegrees><LongitudeDegrees>4.276829</LongitudeDegrees></Position><AltitudeMeters>44.8</AltitudeMeters><Extensions><TPX xmlns="http://www.garmin.com/xmlschemas/ActivityExtension/v2"><Speed>3.2</Speed></TPX></Extensions></Trackpoint><Trackpoint><Time>2026-03-05T10:45:55+00:00</Time><DistanceMeters>2971.5</DistanceMeters><Position><LatitudeDegrees>50.856911</LatitudeDegrees><LongitudeDegrees>4.276874</LongitudeDegrees></Position><AltitudeMeters>44.8</AltitudeMeters><Extensions><TPX xmlns="http://www.garmin.com/xmlschemas/ActivityExtension/v2"><Speed>3.15</Speed></TPX></Extensions></Trackpoint><Trackpoint><Time>2026-03-05T10:45:56+00:00</Time><DistanceMeters>2974.4</DistanceMeters><Position><LatitudeDegrees>50.856902</LatitudeDegrees><LongitudeDegrees>4.27689</LongitudeDegrees></Position><AltitudeMeters>44.8</AltitudeMeters><Extensions><TPX xmlns="http://www.garmin.com/xmlschemas/ActivityExtension/v2"><Speed>3.1</Speed></TPX></Extensions></Trackpoint><Trackpoint><Time>2026-03-05T10:45:57+00:00</Time><DistanceMeters>2977.1</DistanceMeters><Position><LatitudeDegrees>50.856879</LatitudeDegrees><LongitudeDegrees>4.276934</LongitudeDegrees></Position><AltitudeMeters>44.9</AltitudeMeters><Extensions><TPX xmlns="http://www.garmin.com/xmlschemas/ActivityExtension/v2"><Speed>2.96</Speed></TPX></Extensions></Trackpoint><Trackpoint><Time>2026-03-05T10:45:58+00:00</Time><DistanceMeters>2979.8</DistanceMeters><Position><LatitudeDegrees>50.856871</LatitudeDegrees><LongitudeDegrees>4.276948</LongitudeDegrees></Position><AltitudeMeters>44.9</AltitudeMeters><Extensions><TPX xmlns="http://www.garmin.com/xmlschemas/ActivityExtension/v2"><Speed>2.86</Speed></TPX></Extensions></Trackpoint><Trackpoint><Time>2026-03-05T10:45:59+00:00</Time><DistanceMeters>2982.4</DistanceMeters><Position><LatitudeDegrees>50.856845</LatitudeDegrees><LongitudeDegrees>4.276983</LongitudeDegrees></Position><AltitudeMeters>44.9</AltitudeMeters><Extensions><TPX xmlns="http://www.garmin.com/xmlschemas/ActivityExtension/v2"><Speed>2.75</Speed></TPX></Extensions></Trackpoint><Trackpoint><Time>2026-03-05T10:46:00+00:00</Time><DistanceMeters>2984.9</DistanceMeters><Position><LatitudeDegrees>50.856835</LatitudeDegrees><LongitudeDegrees>4.276994</LongitudeDegrees></Position><AltitudeMeters>44.9</AltitudeMeters><Extensions><TPX xmlns="http://www.garmin.com/xmlschemas/ActivityExtension/v2"><Speed>2.68</Speed></TPX></Extensions></Trackpoint><Trackpoint><Time>2026-03-05T10:46:01+00:00</Time><DistanceMeters>2987.7</DistanceMeters><Position><LatitudeDegrees>50.856799</LatitudeDegrees><LongitudeDegrees>4.276988</LongitudeDegrees></Position><AltitudeMeters>45.0</AltitudeMeters><Extensions><TPX xmlns="http://www.garmin.com/xmlschemas/ActivityExtension/v2"><Speed>2.65</Speed></TPX></Extensions></Trackpoint><Trackpoint><Time>2026-03-05T10:46:02+00:00</Time><DistanceMeters>2990.4</DistanceMeters><Position><LatitudeDegrees>50.856786</LatitudeDegrees><LongitudeDegrees>4.276983</LongitudeDegrees></Position><AltitudeMeters>45.0</AltitudeMeters><Extensions><TPX xmlns="http://www.garmin.com/xmlschemas/ActivityExtension/v2"><Speed>2.66</Speed></TPX></Extensions></Trackpoint><Trackpoint><Time>2026-03-05T10:46:03+00:00</Time><DistanceMeters>2993.4</DistanceMeters><Position><LatitudeDegrees>50.85675</LatitudeDegrees><LongitudeDegrees>4.276955</LongitudeDegrees></Position><AltitudeMeters>45.0</AltitudeMeters><Extensions><TPX xmlns="http://www.garmin.com/xmlschemas/ActivityExtension/v2"><Speed>2.72</Speed></TPX></Extensions></Trackpoint><Trackpoint><Time>2026-03-05T10:46:04+00:00</Time><DistanceMeters>2996.4</DistanceMeters><Position><LatitudeDegrees>50.856738</LatitudeDegrees><LongitudeDegrees>4.276943</LongitudeDegrees></Position><AltitudeMeters>45.1</AltitudeMeters><Extensions><TPX xmlns="http://www.garmin.com/xmlschemas/ActivityExtension/v2"><Speed>2.81</Speed></TPX></Extensions></Trackpoint><Trackpoint><Time>2026-03-05T10:46:05+00:00</Time><DistanceMeters>2999.6</DistanceMeters><Position><LatitudeDegrees>50.856718</LatitudeDegrees><LongitudeDegrees>4.276912</LongitudeDegrees></Position><AltitudeMeters>45.1</AltitudeMeters><Extensions><TPX xmlns="http://www.garmin.com/xmlschemas/ActivityExtension/v2"><Speed>2.94</Speed></TPX></Extensions></Trackpoint><Trackpoint><Time>2026-03-05T10:46:06+00:00</Time><DistanceMeters>3002.6</DistanceMeters><Position><LatitudeDegrees>50.856678</LatitudeDegrees><LongitudeDegrees>4.27686</LongitudeDegrees></Position><AltitudeMeters>45.2</AltitudeMeters><Extensions><TPX xmlns="http://www.garmin.com/xmlschemas/ActivityExtension/v2"><Speed>2.99</Speed></TPX></Extensions></Trackpoint><Trackpoint><Time>2026-03-05T10:46:08+00:00</Time><DistanceMeters>3008.5</DistanceMeters><Position><LatitudeDegrees>50.856658</LatitudeDegrees><LongitudeDegrees>4.276827</LongitudeDegrees></Position><AltitudeMeters>45.2</AltitudeMeters><Extensions><TPX xmlns="http://www.garmin.com/xmlschemas/ActivityExtension/v2"><Speed>3.02</Speed></TPX></Extensions></Trackpoint><Trackpoint><Time>2026-03-05T10:46:09+00:00</Time><DistanceMeters>3011.5</DistanceMeters><Position><LatitudeDegrees>50.85664</LatitudeDegrees><LongitudeDegrees>4.276796</LongitudeDegrees></Position><AltitudeMeters>45.2</AltitudeMeters><Extensions><TPX xmlns="http://www.garmin.com/xmlschemas/ActivityExtension/v2"><Speed>3.02</Speed></TPX></Extensions></Trackpoint><Trackpoint><Time>2026-03-05T10:46:10+00:00</Time><DistanceMeters>3014.6</DistanceMeters><Position><LatitudeDegrees>50.856604</LatitudeDegrees><LongitudeDegrees>4.276732</LongitudeDegrees></Position><AltitudeMeters>45.3</AltitudeMeters><Extensions><TPX xmlns="http://www.garmin.com/xmlschemas/ActivityExtension/v2"><Speed>3.0</Speed></TPX></Extensions></Trackpoint><Trackpoint><Time>2026-03-05T10:46:12+00:00</Time><DistanceMeters>3020.6</DistanceMeters><Position><LatitudeDegrees>50.856584</LatitudeDegrees><LongitudeDegrees>4.2767</LongitudeDegrees></Position><AltitudeMeters>45.4</AltitudeMeters><Extensions><TPX xmlns="http://www.garmin.com/xmlschemas/ActivityExtension/v2"><Speed>3.0</Speed></TPX></Extensions></Trackpoint><Trackpoint><Time>2026-03-05T10:46:13+00:00</Time><DistanceMeters>3023.4</DistanceMeters><Position><LatitudeDegrees>50.856544</LatitudeDegrees><LongitudeDegrees>4.276656</LongitudeDegrees></Position><AltitudeMeters>45.5</AltitudeMeters><Extensions><TPX xmlns="http://www.garmin.com/xmlschemas/ActivityExtension/v2"><Speed>2.98</Speed></TPX></Extensions></Trackpoint><Trackpoint><Time>2026-03-05T10:46:14+00:00</Time><DistanceMeters>3026.2</DistanceMeters><Position><LatitudeDegrees>50.856524</LatitudeDegrees><LongitudeDegrees>4.276636</LongitudeDegrees></Position><AltitudeMeters>45.6</AltitudeMeters><Extensions><TPX xmlns="http://www.garmin.com/xmlschemas/ActivityExtension/v2"><Speed>2.94</Speed></TPX></Extensions></Trackpoint><Trackpoint><Time>2026-03-05T10:46:16+00:00</Time><DistanceMeters>3031.7</DistanceMeters><Position><LatitudeDegrees>50.8565</LatitudeDegrees><LongitudeDegrees>4.276616</LongitudeDegrees></Position><AltitudeMeters>45.7</AltitudeMeters><Extensions><TPX xmlns="http://www.garmin.com/xmlschemas/ActivityExtension/v2"><Speed>2.85</Speed></TPX></Extensions></Trackpoint><Trackpoint><Time>2026-03-05T10:46:17+00:00</Time><DistanceMeters>3034.1</DistanceMeters><Position><LatitudeDegrees>50.856468</LatitudeDegrees><LongitudeDegrees>4.276604</LongitudeDegrees></Position><AltitudeMeters>45.8</AltitudeMeters><Extensions><TPX xmlns="http://www.garmin.com/xmlschemas/ActivityExtension/v2"><Speed>2.71</Speed></TPX></Extensions></Trackpoint><Trackpoint><Time>2026-03-05T10:46:18+00:00</Time><DistanceMeters>3036.6</DistanceMeters><Position><LatitudeDegrees>50.856457</LatitudeDegrees><LongitudeDegrees>4.276601</LongitudeDegrees></Position><AltitudeMeters>45.8</AltitudeMeters><Extensions><TPX xmlns="http://www.garmin.com/xmlschemas/ActivityExtension/v2"><Speed>2.64</Speed></TPX></Extensions></Trackpoint><Trackpoint><Time>2026-03-05T10:46:19+00:00</Time><DistanceMeters>3038.9</DistanceMeters><Position><LatitudeDegrees>50.856428</LatitudeDegrees><LongitudeDegrees>4.276595</LongitudeDegrees></Position><AltitudeMeters>45.9</AltitudeMeters><Extensions><TPX xmlns="http://www.garmin.com/xmlschemas/ActivityExtension/v2"><Speed>2.53</Speed></TPX></Extensions></Trackpoint><Trackpoint><Time>2026-03-05T10:46:20+00:00</Time><DistanceMeters>3041.1</DistanceMeters><Position><LatitudeDegrees>50.856417</LatitudeDegrees><LongitudeDegrees>4.276593</LongitudeDegrees></Position><AltitudeMeters>45.9</AltitudeMeters><Extensions><TPX xmlns="http://www.garmin.com/xmlschemas/ActivityExtension/v2"><Speed>2.483</Speed></TPX></Extensions></Trackpoint><Trackpoint><Time>2026-03-05T10:46:21+00:00</Time><DistanceMeters>3046.0</DistanceMeters><Position><LatitudeDegrees>50.856373</LatitudeDegrees><LongitudeDegrees>4.276602</LongitudeDegrees></Position><AltitudeMeters>46.1</AltitudeMeters><Extensions><TPX xmlns="http://www.garmin.com/xmlschemas/ActivityExtension/v2"><Speed>2.86</Speed></TPX></Extensions></Trackpoint><Trackpoint><Time>2026-03-05T10:46:23+00:00</Time><DistanceMeters>3050.9</DistanceMeters><Position><LatitudeDegrees>50.856324</LatitudeDegrees><LongitudeDegrees>4.276627</LongitudeDegrees></Position><AltitudeMeters>46.2</AltitudeMeters><Extensions><TPX xmlns="http://www.garmin.com/xmlschemas/ActivityExtension/v2"><Speed>2.86</Speed></TPX></Extensions></Trackpoint><Trackpoint><Time>2026-03-05T10:46:24+00:00</Time><DistanceMeters>3052.7</DistanceMeters><Position><LatitudeDegrees>50.856301</LatitudeDegrees><LongitudeDegrees>4.276633</LongitudeDegrees></Position><AltitudeMeters>46.3</AltitudeMeters><Extensions><TPX xmlns="http://www.garmin.com/xmlschemas/ActivityExtension/v2"><Speed>2.77</Speed></TPX></Extensions></Trackpoint><Trackpoint><Time>2026-03-05T10:46:25+00:00</Time><DistanceMeters>3054.5</DistanceMeters><Position><LatitudeDegrees>50.856278</LatitudeDegrees><LongitudeDegrees>4.27664</LongitudeDegrees></Position><AltitudeMeters>46.4</AltitudeMeters><Extensions><TPX xmlns="http://www.garmin.com/xmlschemas/ActivityExtension/v2"><Speed>2.68</Speed></TPX></Extensions></Trackpoint><Trackpoint><Time>2026-03-05T10:46:27+00:00</Time><DistanceMeters>3059.3</DistanceMeters><Position><LatitudeDegrees>50.856258</LatitudeDegrees><LongitudeDegrees>4.276649</LongitudeDegrees></Position><AltitudeMeters>46.5</AltitudeMeters><Extensions><TPX xmlns="http://www.garmin.com/xmlschemas/ActivityExtension/v2"><Speed>2.217</Speed></TPX></Extensions></Trackpoint><Trackpoint><Time>2026-03-05T10:46:28+00:00</Time><DistanceMeters>3063.8</DistanceMeters><Position><LatitudeDegrees>50.856217</LatitudeDegrees><LongitudeDegrees>4.276658</LongitudeDegrees></Position><AltitudeMeters>46.7</AltitudeMeters><Extensions><TPX xmlns="http://www.garmin.com/xmlschemas/ActivityExtension/v2"><Speed>2.58</Speed></TPX></Extensions></Trackpoint><Trackpoint><Time>2026-03-05T10:46:30+00:00</Time><DistanceMeters>3066.2</DistanceMeters><Position><LatitudeDegrees>50.856186</LatitudeDegrees><LongitudeDegrees>4.276666</LongitudeDegrees></Position><AltitudeMeters>46.8</AltitudeMeters><Extensions><TPX xmlns="http://www.garmin.com/xmlschemas/ActivityExtension/v2"><Speed>2.33</Speed></TPX></Extensions></Trackpoint><Trackpoint><Time>2026-03-05T10:46:31+00:00</Time><DistanceMeters>3068.5</DistanceMeters><Position><LatitudeDegrees>50.856176</LatitudeDegrees><LongitudeDegrees>4.276667</LongitudeDegrees></Position><AltitudeMeters>46.9</AltitudeMeters><Extensions><TPX xmlns="http://www.garmin.com/xmlschemas/ActivityExtension/v2"><Speed>2.333</Speed></TPX></Extensions></Trackpoint><Trackpoint><Time>2026-03-05T10:46:32+00:00</Time><DistanceMeters>3073.1</DistanceMeters><Position><LatitudeDegrees>50.856135</LatitudeDegrees><LongitudeDegrees>4.276673</LongitudeDegrees></Position><AltitudeMeters>47.1</AltitudeMeters><Extensions><TPX xmlns="http://www.garmin.com/xmlschemas/ActivityExtension/v2"><Speed>2.76</Speed></TPX></Extensions></Trackpoint><Trackpoint><Time>2026-03-05T10:46:34+00:00</Time><DistanceMeters>3075.5</DistanceMeters><Position><LatitudeDegrees>50.856092</LatitudeDegrees><LongitudeDegrees>4.276667</LongitudeDegrees></Position><AltitudeMeters>47.2</AltitudeMeters><Extensions><TPX xmlns="http://www.garmin.com/xmlschemas/ActivityExtension/v2"><Speed>1.95</Speed></TPX></Extensions></Trackpoint><Trackpoint><Time>2026-03-05T10:46:35+00:00</Time><DistanceMeters>3077.9</DistanceMeters><Position><LatitudeDegrees>50.856071</LatitudeDegrees><LongitudeDegrees>4.276662</LongitudeDegrees></Position><AltitudeMeters>47.3</AltitudeMeters><Extensions><TPX xmlns="http://www.garmin.com/xmlschemas/ActivityExtension/v2"><Speed>2.35</Speed></TPX></Extensions></Trackpoint><Trackpoint><Time>2026-03-05T10:46:37+00:00</Time><DistanceMeters>3082.9</DistanceMeters><Position><LatitudeDegrees>50.856047</LatitudeDegrees><LongitudeDegrees>4.276661</LongitudeDegrees></Position><AltitudeMeters>47.5</AltitudeMeters><Extensions><TPX xmlns="http://www.garmin.com/xmlschemas/ActivityExtension/v2"><Speed>1.96</Speed></TPX></Extensions></Trackpoint><Trackpoint><Time>2026-03-05T10:46:38+00:00</Time><DistanceMeters>3085.3</DistanceMeters><Position><LatitudeDegrees>50.856006</LatitudeDegrees><LongitudeDegrees>4.276671</LongitudeDegrees></Position><AltitudeMeters>47.6</AltitudeMeters><Extensions><TPX xmlns="http://www.garmin.com/xmlschemas/ActivityExtension/v2"><Speed>2.025</Speed></TPX></Extensions></Trackpoint><Trackpoint><Time>2026-03-05T10:46:39+00:00</Time><DistanceMeters>3087.6</DistanceMeters><Position><LatitudeDegrees>50.855985</LatitudeDegrees><LongitudeDegrees>4.276679</LongitudeDegrees></Position><AltitudeMeters>47.7</AltitudeMeters><Extensions><TPX xmlns="http://www.garmin.com/xmlschemas/ActivityExtension/v2"><Speed>2.42</Speed></TPX></Extensions></Trackpoint><Trackpoint><Time>2026-03-05T10:46:41+00:00</Time><DistanceMeters>3092.6</DistanceMeters><Position><LatitudeDegrees>50.855961</LatitudeDegrees><LongitudeDegrees>4.276685</LongitudeDegrees></Position><AltitudeMeters>47.8</AltitudeMeters><Extensions><TPX xmlns="http://www.garmin.com/xmlschemas/ActivityExtension/v2"><Speed>2.45</Speed></TPX></Extensions></Trackpoint><Trackpoint><Time>2026-03-05T10:46:42+00:00</Time><DistanceMeters>3095.0</DistanceMeters><Position><LatitudeDegrees>50.855929</LatitudeDegrees><LongitudeDegrees>4.276693</LongitudeDegrees></Position><AltitudeMeters>48.0</AltitudeMeters><Extensions><TPX xmlns="http://www.garmin.com/xmlschemas/ActivityExtension/v2"><Speed>2.42</Speed></TPX></Extensions></Trackpoint><Trackpoint><Time>2026-03-05T10:46:43+00:00</Time><DistanceMeters>3097.4</DistanceMeters><Position><LatitudeDegrees>50.855918</LatitudeDegrees><LongitudeDegrees>4.276697</LongitudeDegrees></Position><AltitudeMeters>48.0</AltitudeMeters><Extensions><TPX xmlns="http://www.garmin.com/xmlschemas/ActivityExtension/v2"><Speed>2.43</Speed></TPX></Extensions></Trackpoint><Trackpoint><Time>2026-03-05T10:46:44+00:00</Time><DistanceMeters>3102.3</DistanceMeters><Position><LatitudeDegrees>50.855877</LatitudeDegrees><LongitudeDegrees>4.276722</LongitudeDegrees></Position><AltitudeMeters>48.2</AltitudeMeters><Extensions><TPX xmlns="http://www.garmin.com/xmlschemas/ActivityExtension/v2"><Speed>2.94</Speed></TPX></Extensions></Trackpoint><Trackpoint><Time>2026-03-05T10:46:46+00:00</Time><DistanceMeters>3104.6</DistanceMeters><Position><LatitudeDegrees>50.855841</LatitudeDegrees><LongitudeDegrees>4.276751</LongitudeDegrees></Position><AltitudeMeters>48.4</AltitudeMeters><Extensions><TPX xmlns="http://www.garmin.com/xmlschemas/ActivityExtension/v2"><Speed>2.4</Speed></TPX></Extensions></Trackpoint><Trackpoint><Time>2026-03-05T10:46:47+00:00</Time><DistanceMeters>3106.9</DistanceMeters><Position><LatitudeDegrees>50.855823</LatitudeDegrees><LongitudeDegrees>4.276767</LongitudeDegrees></Position><AltitudeMeters>48.5</AltitudeMeters><Extensions><TPX xmlns="http://www.garmin.com/xmlschemas/ActivityExtension/v2"><Speed>2.38</Speed></TPX></Extensions></Trackpoint><Trackpoint><Time>2026-03-05T10:46:49+00:00</Time><DistanceMeters>3111.7</DistanceMeters><Position><LatitudeDegrees>50.855802</LatitudeDegrees><LongitudeDegrees>4.276782</LongitudeDegrees></Position><AltitudeMeters>48.6</AltitudeMeters><Extensions><TPX xmlns="http://www.garmin.com/xmlschemas/ActivityExtension/v2"><Speed>1.88</Speed></TPX></Extensions></Trackpoint><Trackpoint><Time>2026-03-05T10:46:50+00:00</Time><DistanceMeters>3113.9</DistanceMeters><Position><LatitudeDegrees>50.855766</LatitudeDegrees><LongitudeDegrees>4.276805</LongitudeDegrees></Position><AltitudeMeters>48.8</AltitudeMeters><Extensions><TPX xmlns="http://www.garmin.com/xmlschemas/ActivityExtension/v2"><Speed>1.925</Speed></TPX></Extensions></Trackpoint><Trackpoint><Time>2026-03-05T10:46:51+00:00</Time><DistanceMeters>3116.0</DistanceMeters><Position><LatitudeDegrees>50.855747</LatitudeDegrees><LongitudeDegrees>4.276816</LongitudeDegrees></Position><AltitudeMeters>48.9</AltitudeMeters><Extensions><TPX xmlns="http://www.garmin.com/xmlschemas/ActivityExtension/v2"><Speed>2.28</Speed></TPX></Extensions></Trackpoint><Trackpoint><Time>2026-03-05T10:46:53+00:00</Time><DistanceMeters>3120.5</DistanceMeters><Position><LatitudeDegrees>50.855727</LatitudeDegrees><LongitudeDegrees>4.276823</LongitudeDegrees></Position><AltitudeMeters>49.0</AltitudeMeters><Extensions><TPX xmlns="http://www.garmin.com/xmlschemas/ActivityExtension/v2"><Speed>2.267</Speed></TPX></Extensions></Trackpoint><Trackpoint><Time>2026-03-05T10:46:54+00:00</Time><DistanceMeters>3125.1</DistanceMeters><Position><LatitudeDegrees>50.855687</LatitudeDegrees><LongitudeDegrees>4.276839</LongitudeDegrees></Position><AltitudeMeters>49.2</AltitudeMeters><Extensions><TPX xmlns="http://www.garmin.com/xmlschemas/ActivityExtension/v2"><Speed>2.68</Speed></TPX></Extensions></Trackpoint><Trackpoint><Time>2026-03-05T10:46:56+00:00</Time><DistanceMeters>3127.6</DistanceMeters><Position><LatitudeDegrees>50.855653</LatitudeDegrees><LongitudeDegrees>4.276851</LongitudeDegrees></Position><AltitudeMeters>49.4</AltitudeMeters><Extensions><TPX xmlns="http://www.garmin.com/xmlschemas/ActivityExtension/v2"><Speed>2.33</Speed></TPX></Extensions></Trackpoint><Trackpoint><Time>2026-03-05T10:46:57+00:00</Time><DistanceMeters>3130.2</DistanceMeters><Position><LatitudeDegrees>50.855642</LatitudeDegrees><LongitudeDegrees>4.276855</LongitudeDegrees></Position><AltitudeMeters>49.4</AltitudeMeters><Extensions><TPX xmlns="http://www.garmin.com/xmlschemas/ActivityExtension/v2"><Speed>2.367</Speed></TPX></Extensions></Trackpoint><Trackpoint><Time>2026-03-05T10:46:58+00:00</Time><DistanceMeters>3134.8</DistanceMeters><Position><LatitudeDegrees>50.855602</LatitudeDegrees><LongitudeDegrees>4.276873</LongitudeDegrees></Position><AltitudeMeters>49.6</AltitudeMeters><Extensions><TPX xmlns="http://www.garmin.com/xmlschemas/ActivityExtension/v2"><Speed>2.86</Speed></TPX></Extensions></Trackpoint><Trackpoint><Time>2026-03-05T10:47:00+00:00</Time><DistanceMeters>3139.3</DistanceMeters><Position><LatitudeDegrees>50.855564</LatitudeDegrees><LongitudeDegrees>4.276895</LongitudeDegrees></Position><AltitudeMeters>49.8</AltitudeMeters><Extensions><TPX xmlns="http://www.garmin.com/xmlschemas/ActivityExtension/v2"><Speed>2.367</Speed></TPX></Extensions></Trackpoint><Trackpoint><Time>2026-03-05T10:47:02+00:00</Time><DistanceMeters>3141.8</DistanceMeters><Position><LatitudeDegrees>50.855533</LatitudeDegrees><LongitudeDegrees>4.276914</LongitudeDegrees></Position><AltitudeMeters>50.0</AltitudeMeters><Extensions><TPX xmlns="http://www.garmin.com/xmlschemas/ActivityExtension/v2"><Speed>2.31</Speed></TPX></Extensions></Trackpoint><Trackpoint><Time>2026-03-05T10:47:03+00:00</Time><DistanceMeters>3144.2</DistanceMeters><Position><LatitudeDegrees>50.855523</LatitudeDegrees><LongitudeDegrees>4.276919</LongitudeDegrees></Position><AltitudeMeters>50.0</AltitudeMeters><Extensions><TPX xmlns="http://www.garmin.com/xmlschemas/ActivityExtension/v2"><Speed>1.88</Speed></TPX></Extensions></Trackpoint><Trackpoint><Time>2026-03-05T10:47:04+00:00</Time><DistanceMeters>3146.5</DistanceMeters><Position><LatitudeDegrees>50.855495</LatitudeDegrees><LongitudeDegrees>4.276936</LongitudeDegrees></Position><AltitudeMeters>50.2</AltitudeMeters><Extensions><TPX xmlns="http://www.garmin.com/xmlschemas/ActivityExtension/v2"><Speed>1.942</Speed></TPX></Extensions></Trackpoint><Trackpoint><Time>2026-03-05T10:47:05+00:00</Time><DistanceMeters>3148.7</DistanceMeters><Position><LatitudeDegrees>50.855485</LatitudeDegrees><LongitudeDegrees>4.276942</LongitudeDegrees></Position><AltitudeMeters>50.2</AltitudeMeters><Extensions><TPX xmlns="http://www.garmin.com/xmlschemas/ActivityExtension/v2"><Speed>1.88</Speed></TPX></Extensions></Trackpoint><Trackpoint><Time>2026-03-05T10:47:06+00:00</Time><DistanceMeters>3150.9</DistanceMeters><Position><LatitudeDegrees>50.855458</LatitudeDegrees><LongitudeDegrees>4.276956</LongitudeDegrees></Position><AltitudeMeters>50.3</AltitudeMeters><Extensions><TPX xmlns="http://www.garmin.com/xmlschemas/ActivityExtension/v2"><Speed>1.933</Speed></TPX></Extensions></Trackpoint><Trackpoint><Time>2026-03-05T10:47:07+00:00</Time><DistanceMeters>3153.1</DistanceMeters><Position><LatitudeDegrees>50.855448</LatitudeDegrees><LongitudeDegrees>4.276962</LongitudeDegrees></Position><AltitudeMeters>50.4</AltitudeMeters><Extensions><TPX xmlns="http://www.garmin.com/xmlschemas/ActivityExtension/v2"><Speed>2.27</Speed></TPX></Extensions></Trackpoint><Trackpoint><Time>2026-03-05T10:47:08+00:00</Time><DistanceMeters>3153.1</DistanceMeters><Position><LatitudeDegrees>50.855431</LatitudeDegrees><LongitudeDegrees>4.276971</LongitudeDegrees></Position><AltitudeMeters>50.5</AltitudeMeters><Extensions><TPX xmlns="http://www.garmin.com/xmlschemas/ActivityExtension/v2"><Speed>1.78</Speed></TPX></Extensions></Trackpoint><Trackpoint><Time>2026-03-05T10:47:09+00:00</Time><DistanceMeters>3157.1</DistanceMeters><Position><LatitudeDegrees>50.855397</LatitudeDegrees><LongitudeDegrees>4.27699</LongitudeDegrees></Position><AltitudeMeters>50.7</AltitudeMeters><Extensions><TPX xmlns="http://www.garmin.com/xmlschemas/ActivityExtension/v2"><Speed>2.13</Speed></TPX></Extensions></Trackpoint><Trackpoint><Time>2026-03-05T10:47:11+00:00</Time><DistanceMeters>3161.4</DistanceMeters><Position><LatitudeDegrees>50.855377</LatitudeDegrees><LongitudeDegrees>4.276999</LongitudeDegrees></Position><AltitudeMeters>50.8</AltitudeMeters><Extensions><TPX xmlns="http://www.garmin.com/xmlschemas/ActivityExtension/v2"><Speed>2.1</Speed></TPX></Extensions></Trackpoint><Trackpoint><Time>2026-03-05T10:47:12+00:00</Time><DistanceMeters>3165.8</DistanceMeters><Position><LatitudeDegrees>50.855339</LatitudeDegrees><LongitudeDegrees>4.277014</LongitudeDegrees></Position><AltitudeMeters>50.9</AltitudeMeters><Extensions><TPX xmlns="http://www.garmin.com/xmlschemas/ActivityExtension/v2"><Speed>2.54</Speed></TPX></Extensions></Trackpoint><Trackpoint><Time>2026-03-05T10:47:14+00:00</Time><DistanceMeters>3168.2</DistanceMeters><Position><LatitudeDegrees>50.855307</LatitudeDegrees><LongitudeDegrees>4.277022</LongitudeDegrees></Position><AltitudeMeters>51.1</AltitudeMeters><Extensions><TPX xmlns="http://www.garmin.com/xmlschemas/ActivityExtension/v2"><Speed>2.21</Speed></TPX></Extensions></Trackpoint><Trackpoint><Time>2026-03-05T10:47:15+00:00</Time><DistanceMeters>3170.5</DistanceMeters><Position><LatitudeDegrees>50.855297</LatitudeDegrees><LongitudeDegrees>4.277024</LongitudeDegrees></Position><AltitudeMeters>51.1</AltitudeMeters><Extensions><TPX xmlns="http://www.garmin.com/xmlschemas/ActivityExtension/v2"><Speed>2.233</Speed></TPX></Extensions></Trackpoint><Trackpoint><Time>2026-03-05T10:47:16+00:00</Time><DistanceMeters>3172.7</DistanceMeters><Position><LatitudeDegrees>50.855268</LatitudeDegrees><LongitudeDegrees>4.277036</LongitudeDegrees></Position><AltitudeMeters>51.3</AltitudeMeters><Extensions><TPX xmlns="http://www.garmin.com/xmlschemas/ActivityExtension/v2"><Speed>2.26</Speed></TPX></Extensions></Trackpoint><Trackpoint><Time>2026-03-05T10:47:17+00:00</Time><DistanceMeters>3174.9</DistanceMeters><Position><LatitudeDegrees>50.855258</LatitudeDegrees><LongitudeDegrees>4.277037</LongitudeDegrees></Position><AltitudeMeters>51.3</AltitudeMeters><Extensions><TPX xmlns="http://www.garmin.com/xmlschemas/ActivityExtension/v2"><Speed>1.82</Speed></TPX></Extensions></Trackpoint><Trackpoint><Time>2026-03-05T10:47:18+00:00</Time><DistanceMeters>3179.6</DistanceMeters><Position><LatitudeDegrees>50.855216</LatitudeDegrees><LongitudeDegrees>4.277045</LongitudeDegrees></Position><AltitudeMeters>51.5</AltitudeMeters><Extensions><TPX xmlns="http://www.garmin.com/xmlschemas/ActivityExtension/v2"><Speed>2.3</Speed></TPX></Extensions></Trackpoint><Trackpoint><Time>2026-03-05T10:47:20+00:00</Time><DistanceMeters>3182.2</DistanceMeters><Position><LatitudeDegrees>50.85517</LatitudeDegrees><LongitudeDegrees>4.277054</LongitudeDegrees></Position><AltitudeMeters>51.7</AltitudeMeters><Extensions><TPX xmlns="http://www.garmin.com/xmlschemas/ActivityExtension/v2"><Speed>2.34</Speed></TPX></Extensions></Trackpoint><Trackpoint><Time>2026-03-05T10:47:21+00:00</Time><DistanceMeters>3184.8</DistanceMeters><Position><LatitudeDegrees>50.855147</LatitudeDegrees><LongitudeDegrees>4.277061</LongitudeDegrees></Position><AltitudeMeters>51.8</AltitudeMeters><Extensions><TPX xmlns="http://www.garmin.com/xmlschemas/ActivityExtension/v2"><Speed>2.42</Speed></TPX></Extensions></Trackpoint><Trackpoint><Time>2026-03-05T10:47:23+00:00</Time><DistanceMeters>3189.9</DistanceMeters><Position><LatitudeDegrees>50.855124</LatitudeDegrees><LongitudeDegrees>4.277069</LongitudeDegrees></Position><AltitudeMeters>51.9</AltitudeMeters><Extensions><TPX xmlns="http://www.garmin.com/xmlschemas/ActivityExtension/v2"><Speed>2.06</Speed></TPX></Extensions></Trackpoint><Trackpoint><Time>2026-03-05T10:47:24+00:00</Time><DistanceMeters>3194.6</DistanceMeters><Position><LatitudeDegrees>50.855083</LatitudeDegrees><LongitudeDegrees>4.277085</LongitudeDegrees></Position><AltitudeMeters>52.1</AltitudeMeters><Extensions><TPX xmlns="http://www.garmin.com/xmlschemas/ActivityExtension/v2"><Speed>2.5</Speed></TPX></Extensions></Trackpoint><Trackpoint><Time>2026-03-05T10:47:26+00:00</Time><DistanceMeters>3197.1</DistanceMeters><Position><LatitudeDegrees>50.855053</LatitudeDegrees><LongitudeDegrees>4.27711</LongitudeDegrees></Position><AltitudeMeters>52.2</AltitudeMeters><Extensions><TPX xmlns="http://www.garmin.com/xmlschemas/ActivityExtension/v2"><Speed>2.46</Speed></TPX></Extensions></Trackpoint><Trackpoint><Time>2026-03-05T10:47:27+00:00</Time><DistanceMeters>3199.6</DistanceMeters><Position><LatitudeDegrees>50.855044</LatitudeDegrees><LongitudeDegrees>4.277117</LongitudeDegrees></Position><AltitudeMeters>52.3</AltitudeMeters><Extensions><TPX xmlns="http://www.garmin.com/xmlschemas/ActivityExtension/v2"><Speed>2.467</Speed></TPX></Extensions></Trackpoint><Trackpoint><Time>2026-03-05T10:47:28+00:00</Time><DistanceMeters>3202.2</DistanceMeters><Position><LatitudeDegrees>50.855011</LatitudeDegrees><LongitudeDegrees>4.277136</LongitudeDegrees></Position><AltitudeMeters>52.4</AltitudeMeters><Extensions><TPX xmlns="http://www.garmin.com/xmlschemas/ActivityExtension/v2"><Speed>2.46</Speed></TPX></Extensions></Trackpoint><Trackpoint><Time>2026-03-05T10:47:29+00:00</Time><DistanceMeters>3204.8</DistanceMeters><Position><LatitudeDegrees>50.855</LatitudeDegrees><LongitudeDegrees>4.277142</LongitudeDegrees></Position><AltitudeMeters>52.5</AltitudeMeters><Extensions><TPX xmlns="http://www.garmin.com/xmlschemas/ActivityExtension/v2"><Speed>2.04</Speed></TPX></Extensions></Trackpoint><Trackpoint><Time>2026-03-05T10:47:30+00:00</Time><DistanceMeters>3207.2</DistanceMeters><Position><LatitudeDegrees>50.854971</LatitudeDegrees><LongitudeDegrees>4.277163</LongitudeDegrees></Position><AltitudeMeters>52.6</AltitudeMeters><Extensions><TPX xmlns="http://www.garmin.com/xmlschemas/ActivityExtension/v2"><Speed>2.092</Speed></TPX></Extensions></Trackpoint><Trackpoint><Time>2026-03-05T10:47:31+00:00</Time><DistanceMeters>3209.5</DistanceMeters><Position><LatitudeDegrees>50.854961</LatitudeDegrees><LongitudeDegrees>4.277171</LongitudeDegrees></Position><AltitudeMeters>52.6</AltitudeMeters><Extensions><TPX xmlns="http://www.garmin.com/xmlschemas/ActivityExtension/v2"><Speed>2.48</Speed></TPX></Extensions></Trackpoint><Trackpoint><Time>2026-03-05T10:47:32+00:00</Time><DistanceMeters>3212.0</DistanceMeters><Position><LatitudeDegrees>50.854923</LatitudeDegrees><LongitudeDegrees>4.277204</LongitudeDegrees></Position><AltitudeMeters>52.8</AltitudeMeters><Extensions><TPX xmlns="http://www.garmin.com/xmlschemas/ActivityExtension/v2"><Speed>2.47</Speed></TPX></Extensions></Trackpoint><Trackpoint><Time>2026-03-05T10:47:33+00:00</Time><DistanceMeters>3214.4</DistanceMeters><Position><LatitudeDegrees>50.854905</LatitudeDegrees><LongitudeDegrees>4.277221</LongitudeDegrees></Position><AltitudeMeters>52.9</AltitudeMeters><Extensions><TPX xmlns="http://www.garmin.com/xmlschemas/ActivityExtension/v2"><Speed>2.44</Speed></TPX></Extensions></Trackpoint><Trackpoint><Time>2026-03-05T10:47:35+00:00</Time><DistanceMeters>3219.5</DistanceMeters><Position><LatitudeDegrees>50.854888</LatitudeDegrees><LongitudeDegrees>4.27725</LongitudeDegrees></Position><AltitudeMeters>53.0</AltitudeMeters><Extensions><TPX xmlns="http://www.garmin.com/xmlschemas/ActivityExtension/v2"><Speed>2.47</Speed></TPX></Extensions></Trackpoint><Trackpoint><Time>2026-03-05T10:47:36+00:00</Time><DistanceMeters>3224.1</DistanceMeters><Position><LatitudeDegrees>50.854874</LatitudeDegrees><LongitudeDegrees>4.277312</LongitudeDegrees></Position><AltitudeMeters>53.1</AltitudeMeters><Extensions><TPX xmlns="http://www.garmin.com/xmlschemas/ActivityExtension/v2"><Speed>2.92</Speed></TPX></Extensions></Trackpoint><Trackpoint><Time>2026-03-05T10:47:38+00:00</Time><DistanceMeters>3226.8</DistanceMeters><Position><LatitudeDegrees>50.854867</LatitudeDegrees><LongitudeDegrees>4.277386</LongitudeDegrees></Position><AltitudeMeters>53.2</AltitudeMeters><Extensions><TPX xmlns="http://www.garmin.com/xmlschemas/ActivityExtension/v2"><Speed>2.47</Speed></TPX></Extensions></Trackpoint><Trackpoint><Time>2026-03-05T10:47:39+00:00</Time><DistanceMeters>3229.4</DistanceMeters><Position><LatitudeDegrees>50.854865</LatitudeDegrees><LongitudeDegrees>4.27742</LongitudeDegrees></Position><AltitudeMeters>53.2</AltitudeMeters><Extensions><TPX xmlns="http://www.garmin.com/xmlschemas/ActivityExtension/v2"><Speed>2.5</Speed></TPX></Extensions></Trackpoint><Trackpoint><Time>2026-03-05T10:47:41+00:00</Time><DistanceMeters>3234.5</DistanceMeters><Position><LatitudeDegrees>50.854869</LatitudeDegrees><LongitudeDegrees>4.277459</LongitudeDegrees></Position><AltitudeMeters>53.2</AltitudeMeters><Extensions><TPX xmlns="http://www.garmin.com/xmlschemas/ActivityExtension/v2"><Speed>2.08</Speed></TPX></Extensions></Trackpoint><Trackpoint><Time>2026-03-05T10:47:42+00:00</Time><DistanceMeters>3236.9</DistanceMeters><Position><LatitudeDegrees>50.854875</LatitudeDegrees><LongitudeDegrees>4.27751</LongitudeDegrees></Position><AltitudeMeters>53.4</AltitudeMeters><Extensions><TPX xmlns="http://www.garmin.com/xmlschemas/ActivityExtension/v2"><Speed>2.133</Speed></TPX></Extensions></Trackpoint><Trackpoint><Time>2026-03-05T10:47:43+00:00</Time><DistanceMeters>3239.3</DistanceMeters><Position><LatitudeDegrees>50.854877</LatitudeDegrees><LongitudeDegrees>4.277527</LongitudeDegrees></Position><AltitudeMeters>53.5</AltitudeMeters><Extensions><TPX xmlns="http://www.garmin.com/xmlschemas/ActivityExtension/v2"><Speed>2.51</Speed></TPX></Extensions></Trackpoint><Trackpoint><Time>2026-03-05T10:47:44+00:00</Time><DistanceMeters>3241.7</DistanceMeters><Position><LatitudeDegrees>50.854875</LatitudeDegrees><LongitudeDegrees>4.277577</LongitudeDegrees></Position><AltitudeMeters>53.7</AltitudeMeters><Extensions><TPX xmlns="http://www.garmin.com/xmlschemas/ActivityExtension/v2"><Speed>2.46</Speed></TPX></Extensions></Trackpoint><Trackpoint><Time>2026-03-05T10:47:45+00:00</Time><DistanceMeters>3244.1</DistanceMeters><Position><LatitudeDegrees>50.854872</LatitudeDegrees><LongitudeDegrees>4.277594</LongitudeDegrees></Position><AltitudeMeters>53.8</AltitudeMeters><Extensions><TPX xmlns="http://www.garmin.com/xmlschemas/ActivityExtension/v2"><Speed>2.45</Speed></TPX></Extensions></Trackpoint><Trackpoint><Time>2026-03-05T10:47:46+00:00</Time><DistanceMeters>3246.5</DistanceMeters><Position><LatitudeDegrees>50.854857</LatitudeDegrees><LongitudeDegrees>4.277655</LongitudeDegrees></Position><AltitudeMeters>54.1</AltitudeMeters><Extensions><TPX xmlns="http://www.garmin.com/xmlschemas/ActivityExtension/v2"><Speed>2.39</Speed></TPX></Extensions></Trackpoint><Trackpoint><Time>2026-03-05T10:47:47+00:00</Time><DistanceMeters>3248.8</DistanceMeters><Position><LatitudeDegrees>50.854849</LatitudeDegrees><LongitudeDegrees>4.277684</LongitudeDegrees></Position><AltitudeMeters>54.3</AltitudeMeters><Extensions><TPX xmlns="http://www.garmin.com/xmlschemas/ActivityExtension/v2"><Speed>2.38</Speed></TPX></Extensions></Trackpoint><Trackpoint><Time>2026-03-05T10:47:49+00:00</Time><DistanceMeters>3253.3</DistanceMeters><Position><LatitudeDegrees>50.85484</LatitudeDegrees><LongitudeDegrees>4.277715</LongitudeDegrees></Position><AltitudeMeters>54.4</AltitudeMeters><Extensions><TPX xmlns="http://www.garmin.com/xmlschemas/ActivityExtension/v2"><Speed>2.32</Speed></TPX></Extensions></Trackpoint><Trackpoint><Time>2026-03-05T10:47:50+00:00</Time><DistanceMeters>3255.5</DistanceMeters><Position><LatitudeDegrees>50.854829</LatitudeDegrees><LongitudeDegrees>4.277756</LongitudeDegrees></Position><AltitudeMeters>54.7</AltitudeMeters><Extensions><TPX xmlns="http://www.garmin.com/xmlschemas/ActivityExtension/v2"><Speed>2.27</Speed></TPX></Extensions></Trackpoint><Trackpoint><Time>2026-03-05T10:47:51+00:00</Time><DistanceMeters>3257.6</DistanceMeters><Position><LatitudeDegrees>50.854825</LatitudeDegrees><LongitudeDegrees>4.277771</LongitudeDegrees></Position><AltitudeMeters>54.8</AltitudeMeters><Extensions><TPX xmlns="http://www.garmin.com/xmlschemas/ActivityExtension/v2"><Speed>2.23</Speed></TPX></Extensions></Trackpoint><Trackpoint><Time>2026-03-05T10:47:52+00:00</Time><DistanceMeters>3257.6</DistanceMeters><Position><LatitudeDegrees>50.854814</LatitudeDegrees><LongitudeDegrees>4.277795</LongitudeDegrees></Position><AltitudeMeters>54.9</AltitudeMeters><Extensions><TPX xmlns="http://www.garmin.com/xmlschemas/ActivityExtension/v2"><Speed>1.76</Speed></TPX></Extensions></Trackpoint><Trackpoint><Time>2026-03-05T10:47:53+00:00</Time><DistanceMeters>3261.6</DistanceMeters><Position><LatitudeDegrees>50.854805</LatitudeDegrees><LongitudeDegrees>4.27782</LongitudeDegrees></Position><AltitudeMeters>55.1</AltitudeMeters><Extensions><TPX xmlns="http://www.garmin.com/xmlschemas/ActivityExtension/v2"><Speed>2.133</Speed></TPX></Extensions></Trackpoint><Trackpoint><Time>2026-03-05T10:47:54+00:00</Time><DistanceMeters>3261.6</DistanceMeters><Position><LatitudeDegrees>50.854798</LatitudeDegrees><LongitudeDegrees>4.277848</LongitudeDegrees></Position><AltitudeMeters>55.2</AltitudeMeters><Extensions><TPX xmlns="http://www.garmin.com/xmlschemas/ActivityExtension/v2"><Speed>1.66</Speed></TPX></Extensions></Trackpoint><Trackpoint><Time>2026-03-05T10:47:55+00:00</Time><DistanceMeters>3265.3</DistanceMeters><Position><LatitudeDegrees>50.854783</LatitudeDegrees><LongitudeDegrees>4.27789</LongitudeDegrees></Position><AltitudeMeters>55.5</AltitudeMeters><Extensions><TPX xmlns="http://www.garmin.com/xmlschemas/ActivityExtension/v2"><Speed>1.97</Speed></TPX></Extensions></Trackpoint><Trackpoint><Time>2026-03-05T10:47:57+00:00</Time><DistanceMeters>3268.6</DistanceMeters><Position><LatitudeDegrees>50.854776</LatitudeDegrees><LongitudeDegrees>4.277908</LongitudeDegrees></Position><AltitudeMeters>55.6</AltitudeMeters><Extensions><TPX xmlns="http://www.garmin.com/xmlschemas/ActivityExtension/v2"><Speed>2.2</Speed></TPX></Extensions></Trackpoint><Trackpoint><Time>2026-03-05T10:47:58+00:00</Time><DistanceMeters>3268.6</DistanceMeters><Position><LatitudeDegrees>50.854769</LatitudeDegrees><LongitudeDegrees>4.277927</LongitudeDegrees></Position><AltitudeMeters>55.8</AltitudeMeters><Extensions><TPX xmlns="http://www.garmin.com/xmlschemas/ActivityExtension/v2"><Speed>1.4</Speed></TPX></Extensions></Trackpoint><Trackpoint><Time>2026-03-05T10:47:59+00:00</Time><DistanceMeters>3272.1</DistanceMeters><Position><LatitudeDegrees>50.854762</LatitudeDegrees><LongitudeDegrees>4.277952</LongitudeDegrees></Position><AltitudeMeters>55.9</AltitudeMeters><Extensions><TPX xmlns="http://www.garmin.com/xmlschemas/ActivityExtension/v2"><Speed>2.1</Speed></TPX></Extensions></Trackpoint><Trackpoint><Time>2026-03-05T10:48:00+00:00</Time><DistanceMeters>3272.1</DistanceMeters><Position><LatitudeDegrees>50.854757</LatitudeDegrees><LongitudeDegrees>4.277974</LongitudeDegrees></Position><AltitudeMeters>56.1</AltitudeMeters><Extensions><TPX xmlns="http://www.garmin.com/xmlschemas/ActivityExtension/v2"><Speed>1.36</Speed></TPX></Extensions></Trackpoint><Trackpoint><Time>2026-03-05T10:48:01+00:00</Time><DistanceMeters>3275.5</DistanceMeters><Position><LatitudeDegrees>50.854751</LatitudeDegrees><LongitudeDegrees>4.277998</LongitudeDegrees></Position><AltitudeMeters>56.2</AltitudeMeters><Extensions><TPX xmlns="http://www.garmin.com/xmlschemas/ActivityExtension/v2"><Speed>1.7</Speed></TPX></Extensions></Trackpoint><Trackpoint><Time>2026-03-05T10:48:02+00:00</Time><DistanceMeters>3275.5</DistanceMeters><Position><LatitudeDegrees>50.854746</LatitudeDegrees><LongitudeDegrees>4.27802</LongitudeDegrees></Position><AltitudeMeters>56.4</AltitudeMeters><Extensions><TPX xmlns="http://www.garmin.com/xmlschemas/ActivityExtension/v2"><Speed>1.38</Speed></TPX></Extensions></Trackpoint><Trackpoint><Time>2026-03-05T10:48:03+00:00</Time><DistanceMeters>3278.7</DistanceMeters><Position><LatitudeDegrees>50.854739</LatitudeDegrees><LongitudeDegrees>4.278039</LongitudeDegrees></Position><AltitudeMeters>56.5</AltitudeMeters><Extensions><TPX xmlns="http://www.garmin.com/xmlschemas/ActivityExtension/v2"><Speed>2.02</Speed></TPX></Extensions></Trackpoint><Trackpoint><Time>2026-03-05T10:48:04+00:00</Time><DistanceMeters>3278.7</DistanceMeters><Position><LatitudeDegrees>50.85473</LatitudeDegrees><LongitudeDegrees>4.278057</LongitudeDegrees></Position><AltitudeMeters>56.7</AltitudeMeters><Extensions><TPX xmlns="http://www.garmin.com/xmlschemas/ActivityExtension/v2"><Speed>1.32</Speed></TPX></Extensions></Trackpoint><Trackpoint><Time>2026-03-05T10:48:05+00:00</Time><DistanceMeters>3282.1</DistanceMeters><Position><LatitudeDegrees>50.854722</LatitudeDegrees><LongitudeDegrees>4.278078</LongitudeDegrees></Position><AltitudeMeters>56.8</AltitudeMeters><Extensions><TPX xmlns="http://www.garmin.com/xmlschemas/ActivityExtension/v2"><Speed>2.0</Speed></TPX></Extensions></Trackpoint><Trackpoint><Time>2026-03-05T10:48:06+00:00</Time><DistanceMeters>3282.1</DistanceMeters><Position><LatitudeDegrees>50.854715</LatitudeDegrees><LongitudeDegrees>4.278102</LongitudeDegrees></Position><AltitudeMeters>57.0</AltitudeMeters><Extensions><TPX xmlns="http://www.garmin.com/xmlschemas/ActivityExtension/v2"><Speed>1.32</Speed></TPX></Extensions></Trackpoint><Trackpoint><Time>2026-03-05T10:48:07+00:00</Time><DistanceMeters>3285.3</DistanceMeters><Position><LatitudeDegrees>50.854706</LatitudeDegrees><LongitudeDegrees>4.278117</LongitudeDegrees></Position><AltitudeMeters>57.2</AltitudeMeters><Extensions><TPX xmlns="http://www.garmin.com/xmlschemas/ActivityExtension/v2"><Speed>1.96</Speed></TPX></Extensions></Trackpoint><Trackpoint><Time>2026-03-05T10:48:08+00:00</Time><DistanceMeters>3285.3</DistanceMeters><Position><LatitudeDegrees>50.8547</LatitudeDegrees><LongitudeDegrees>4.27814</LongitudeDegrees></Position><AltitudeMeters>57.3</AltitudeMeters><Extensions><TPX xmlns="http://www.garmin.com/xmlschemas/ActivityExtension/v2"><Speed>1.32</Speed></TPX></Extensions></Trackpoint><Trackpoint><Time>2026-03-05T10:48:09+00:00</Time><DistanceMeters>3288.6</DistanceMeters><Position><LatitudeDegrees>50.854688</LatitudeDegrees><LongitudeDegrees>4.278185</LongitudeDegrees></Position><AltitudeMeters>57.6</AltitudeMeters><Extensions><TPX xmlns="http://www.garmin.com/xmlschemas/ActivityExtension/v2"><Speed>1.98</Speed></TPX></Extensions></Trackpoint><Trackpoint><Time>2026-03-05T10:48:11+00:00</Time><DistanceMeters>3292.4</DistanceMeters><Position><LatitudeDegrees>50.854675</LatitudeDegrees><LongitudeDegrees>4.278232</LongitudeDegrees></Position><AltitudeMeters>58.0</AltitudeMeters><Extensions><TPX xmlns="http://www.garmin.com/xmlschemas/ActivityExtension/v2"><Speed>2.06</Speed></TPX></Extensions></Trackpoint><Trackpoint><Time>2026-03-05T10:48:13+00:00</Time><DistanceMeters>3296.0</DistanceMeters><Position><LatitudeDegrees>50.85466</LatitudeDegrees><LongitudeDegrees>4.278279</LongitudeDegrees></Position><AltitudeMeters>58.3</AltitudeMeters><Extensions><TPX xmlns="http://www.garmin.com/xmlschemas/ActivityExtension/v2"><Speed>2.14</Speed></TPX></Extensions></Trackpoint><Trackpoint><Time>2026-03-05T10:48:15+00:00</Time><DistanceMeters>3299.8</DistanceMeters><Position><LatitudeDegrees>50.854647</LatitudeDegrees><LongitudeDegrees>4.278329</LongitudeDegrees></Position><AltitudeMeters>58.7</AltitudeMeters><Extensions><TPX xmlns="http://www.garmin.com/xmlschemas/ActivityExtension/v2"><Speed>1.867</Speed></TPX></Extensions></Trackpoint><Trackpoint><Time>2026-03-05T10:48:17+00:00</Time><DistanceMeters>3303.4</DistanceMeters><Position><LatitudeDegrees>50.854641</LatitudeDegrees><LongitudeDegrees>4.278353</LongitudeDegrees></Position><AltitudeMeters>58.9</AltitudeMeters><Extensions><TPX xmlns="http://www.garmin.com/xmlschemas/ActivityExtension/v2"><Speed>1.833</Speed></TPX></Extensions></Trackpoint><Trackpoint><Time>2026-03-05T10:48:18+00:00</Time><DistanceMeters>3303.4</DistanceMeters><Position><LatitudeDegrees>50.854634</LatitudeDegrees><LongitudeDegrees>4.278378</LongitudeDegrees></Position><AltitudeMeters>59.0</AltitudeMeters><Extensions><TPX xmlns="http://www.garmin.com/xmlschemas/ActivityExtension/v2"><Speed>1.48</Speed></TPX></Extensions></Trackpoint><Trackpoint><Time>2026-03-05T10:48:19+00:00</Time><DistanceMeters>3307.2</DistanceMeters><Position><LatitudeDegrees>50.854625</LatitudeDegrees><LongitudeDegrees>4.278401</LongitudeDegrees></Position><AltitudeMeters>59.2</AltitudeMeters><Extensions><TPX xmlns="http://www.garmin.com/xmlschemas/ActivityExtension/v2"><Speed>1.867</Speed></TPX></Extensions></Trackpoint><Trackpoint><Time>2026-03-05T10:48:20+00:00</Time><DistanceMeters>3309.3</DistanceMeters><Position><LatitudeDegrees>50.85461</LatitudeDegrees><LongitudeDegrees>4.278437</LongitudeDegrees></Position><AltitudeMeters>59.5</AltitudeMeters><Extensions><TPX xmlns="http://www.garmin.com/xmlschemas/ActivityExtension/v2"><Speed>1.89</Speed></TPX></Extensions></Trackpoint><Trackpoint><Time>2026-03-05T10:48:21+00:00</Time><DistanceMeters>3311.3</DistanceMeters><Position><LatitudeDegrees>50.854605</LatitudeDegrees><LongitudeDegrees>4.27845</LongitudeDegrees></Position><AltitudeMeters>59.6</AltitudeMeters><Extensions><TPX xmlns="http://www.garmin.com/xmlschemas/ActivityExtension/v2"><Speed>1.917</Speed></TPX></Extensions></Trackpoint><Trackpoint><Time>2026-03-05T10:48:22+00:00</Time><DistanceMeters>3311.3</DistanceMeters><Position><LatitudeDegrees>50.854596</LatitudeDegrees><LongitudeDegrees>4.278471</LongitudeDegrees></Position><AltitudeMeters>59.8</AltitudeMeters><Extensions><TPX xmlns="http://www.garmin.com/xmlschemas/ActivityExtension/v2"><Speed>1.58</Speed></TPX></Extensions></Trackpoint><Trackpoint><Time>2026-03-05T10:48:23+00:00</Time><DistanceMeters>3315.0</DistanceMeters><Position><LatitudeDegrees>50.854586</LatitudeDegrees><LongitudeDegrees>4.278494</LongitudeDegrees></Position><AltitudeMeters>60.0</AltitudeMeters><Extensions><TPX xmlns="http://www.garmin.com/xmlschemas/ActivityExtension/v2"><Speed>2.32</Speed></TPX></Extensions></Trackpoint><Trackpoint><Time>2026-03-05T10:48:24+00:00</Time><DistanceMeters>3318.5</DistanceMeters><Position><LatitudeDegrees>50.854568</LatitudeDegrees><LongitudeDegrees>4.278535</LongitudeDegrees></Position><AltitudeMeters>60.4</AltitudeMeters><Extensions><TPX xmlns="http://www.garmin.com/xmlschemas/ActivityExtension/v2"><Speed>2.26</Speed></TPX></Extensions></Trackpoint><Trackpoint><Time>2026-03-05T10:48:26+00:00</Time><DistanceMeters>3318.5</DistanceMeters><Position><LatitudeDegrees>50.854561</LatitudeDegrees><LongitudeDegrees>4.278557</LongitudeDegrees></Position><AltitudeMeters>60.5</AltitudeMeters><Extensions><TPX xmlns="http://www.garmin.com/xmlschemas/ActivityExtension/v2"><Speed>1.44</Speed></TPX></Extensions></Trackpoint><Trackpoint><Time>2026-03-05T10:48:27+00:00</Time><DistanceMeters>3322.3</DistanceMeters><Position><LatitudeDegrees>50.854555</LatitudeDegrees><LongitudeDegrees>4.278584</LongitudeDegrees></Position><AltitudeMeters>60.7</AltitudeMeters><Extensions><TPX xmlns="http://www.garmin.com/xmlschemas/ActivityExtension/v2"><Speed>2.2</Speed></TPX></Extensions></Trackpoint><Trackpoint><Time>2026-03-05T10:48:28+00:00</Time><DistanceMeters>3326.0</DistanceMeters><Position><LatitudeDegrees>50.854547</LatitudeDegrees><LongitudeDegrees>4.278635</LongitudeDegrees></Position><AltitudeMeters>61.1</AltitudeMeters><Extensions><TPX xmlns="http://www.garmin.com/xmlschemas/ActivityExtension/v2"><Speed>2.2</Speed></TPX></Extensions></Trackpoint><Trackpoint><Time>2026-03-05T10:48:30+00:00</Time><DistanceMeters>3332.0</DistanceMeters><Position><LatitudeDegrees>50.854535</LatitudeDegrees><LongitudeDegrees>4.278719</LongitudeDegrees></Position><AltitudeMeters>61.7</AltitudeMeters><Extensions><TPX xmlns="http://www.garmin.com/xmlschemas/ActivityExtension/v2"><Speed>2.257</Speed></TPX></Extensions></Trackpoint><Trackpoint><Time>2026-03-05T10:48:32+00:00</Time><DistanceMeters>3334.5</DistanceMeters><Position><LatitudeDegrees>50.854527</LatitudeDegrees><LongitudeDegrees>4.278752</LongitudeDegrees></Position><AltitudeMeters>62.0</AltitudeMeters><Extensions><TPX xmlns="http://www.garmin.com/xmlschemas/ActivityExtension/v2"><Speed>2.436</Speed></TPX></Extensions></Trackpoint><Trackpoint><Time>2026-03-05T10:48:34+00:00</Time><DistanceMeters>3336.9</DistanceMeters><Position><LatitudeDegrees>50.85452</LatitudeDegrees><LongitudeDegrees>4.278784</LongitudeDegrees></Position><AltitudeMeters>62.2</AltitudeMeters><Extensions><TPX xmlns="http://www.garmin.com/xmlschemas/ActivityExtension/v2"><Speed>1.82</Speed></TPX></Extensions></Trackpoint><Trackpoint><Time>2026-03-05T10:48:36+00:00</Time><DistanceMeters>3339.4</DistanceMeters><Position><LatitudeDegrees>50.854512</LatitudeDegrees><LongitudeDegrees>4.278817</LongitudeDegrees></Position><AltitudeMeters>62.5</AltitudeMeters><Extensions><TPX xmlns="http://www.garmin.com/xmlschemas/ActivityExtension/v2"><Speed>1.22</Speed></TPX></Extensions></Trackpoint><Trackpoint><Time>2026-03-05T10:48:37+00:00</Time><DistanceMeters>3341.8</DistanceMeters><Position><LatitudeDegrees>50.854505</LatitudeDegrees><LongitudeDegrees>4.278849</LongitudeDegrees></Position><AltitudeMeters>62.7</AltitudeMeters><Extensions><TPX xmlns="http://www.garmin.com/xmlschemas/ActivityExtension/v2"><Speed>1.464</Speed></TPX></Extensions></Trackpoint><Trackpoint><Time>2026-03-05T10:48:38+00:00</Time><DistanceMeters>3345.6</DistanceMeters><Position><LatitudeDegrees>50.854501</LatitudeDegrees><LongitudeDegrees>4.278903</LongitudeDegrees></Position><AltitudeMeters>63.1</AltitudeMeters><Extensions><TPX xmlns="http://www.garmin.com/xmlschemas/ActivityExtension/v2"><Speed>1.853</Speed></TPX></Extensions></Trackpoint><Trackpoint><Time>2026-03-05T10:48:40+00:00</Time><DistanceMeters>3347.7</DistanceMeters><Position><LatitudeDegrees>50.854499</LatitudeDegrees><LongitudeDegrees>4.278948</LongitudeDegrees></Position><AltitudeMeters>63.5</AltitudeMeters><Extensions><TPX xmlns="http://www.garmin.com/xmlschemas/ActivityExtension/v2"><Speed>1.788</Speed></TPX></Extensions></Trackpoint><Trackpoint><Time>2026-03-05T10:48:41+00:00</Time><DistanceMeters>3349.7</DistanceMeters><Position><LatitudeDegrees>50.854499</LatitudeDegrees><LongitudeDegrees>4.278962</LongitudeDegrees></Position><AltitudeMeters>63.6</AltitudeMeters><Extensions><TPX xmlns="http://www.garmin.com/xmlschemas/ActivityExtension/v2"><Speed>2.068</Speed></TPX></Extensions></Trackpoint><Trackpoint><Time>2026-03-05T10:48:42+00:00</Time><DistanceMeters>3349.7</DistanceMeters><Position><LatitudeDegrees>50.854501</LatitudeDegrees><LongitudeDegrees>4.278987</LongitudeDegrees></Position><AltitudeMeters>63.7</AltitudeMeters><Extensions><TPX xmlns="http://www.garmin.com/xmlschemas/ActivityExtension/v2"><Speed>1.58</Speed></TPX></Extensions></Trackpoint><Trackpoint><Time>2026-03-05T10:48:43+00:00</Time><DistanceMeters>3353.5</DistanceMeters><Position><LatitudeDegrees>50.854501</LatitudeDegrees><LongitudeDegrees>4.279015</LongitudeDegrees></Position><AltitudeMeters>63.9</AltitudeMeters><Extensions><TPX xmlns="http://www.garmin.com/xmlschemas/ActivityExtension/v2"><Speed>1.58</Speed></TPX></Extensions></Trackpoint><Trackpoint><Time>2026-03-05T10:48:44+00:00</Time><DistanceMeters>3355.6</DistanceMeters><Position><LatitudeDegrees>50.854502</LatitudeDegrees><LongitudeDegrees>4.279074</LongitudeDegrees></Position><AltitudeMeters>64.4</AltitudeMeters><Extensions><TPX xmlns="http://www.garmin.com/xmlschemas/ActivityExtension/v2"><Speed>1.667</Speed></TPX></Extensions></Trackpoint><Trackpoint><Time>2026-03-05T10:48:45+00:00</Time><DistanceMeters>3357.7</DistanceMeters><Position><LatitudeDegrees>50.854501</LatitudeDegrees><LongitudeDegrees>4.279103</LongitudeDegrees></Position><AltitudeMeters>64.6</AltitudeMeters><Extensions><TPX xmlns="http://www.garmin.com/xmlschemas/ActivityExtension/v2"><Speed>2.01</Speed></TPX></Extensions></Trackpoint><Trackpoint><Time>2026-03-05T10:48:47+00:00</Time><DistanceMeters>3361.6</DistanceMeters><Position><LatitudeDegrees>50.854496</LatitudeDegrees><LongitudeDegrees>4.279157</LongitudeDegrees></Position><AltitudeMeters>65.0</AltitudeMeters><Extensions><TPX xmlns="http://www.garmin.com/xmlschemas/ActivityExtension/v2"><Speed>2.38</Speed></TPX></Extensions></Trackpoint><Trackpoint><Time>2026-03-05T10:48:49+00:00</Time><DistanceMeters>3365.3</DistanceMeters><Position><LatitudeDegrees>50.854495</LatitudeDegrees><LongitudeDegrees>4.279207</LongitudeDegrees></Position><AltitudeMeters>65.3</AltitudeMeters><Extensions><TPX xmlns="http://www.garmin.com/xmlschemas/ActivityExtension/v2"><Speed>1.94</Speed></TPX></Extensions></Trackpoint><Trackpoint><Time>2026-03-05T10:48:51+00:00</Time><DistanceMeters>3369.3</DistanceMeters><Position><LatitudeDegrees>50.854491</LatitudeDegrees><LongitudeDegrees>4.27924</LongitudeDegrees></Position><AltitudeMeters>65.6</AltitudeMeters><Extensions><TPX xmlns="http://www.garmin.com/xmlschemas/ActivityExtension/v2"><Speed>1.933</Speed></TPX></Extensions></Trackpoint><Trackpoint><Time>2026-03-05T10:48:53+00:00</Time><DistanceMeters>3373.9</DistanceMeters><Position><LatitudeDegrees>50.854483</LatitudeDegrees><LongitudeDegrees>4.279304</LongitudeDegrees></Position><AltitudeMeters>66.1</AltitudeMeters><Extensions><TPX xmlns="http://www.garmin.com/xmlschemas/ActivityExtension/v2"><Speed>2.05</Speed></TPX></Extensions></Trackpoint><Trackpoint><Time>2026-03-05T10:48:55+00:00</Time><DistanceMeters>3377.8</DistanceMeters><Position><LatitudeDegrees>50.854479</LatitudeDegrees><LongitudeDegrees>4.279359</LongitudeDegrees></Position><AltitudeMeters>66.5</AltitudeMeters><Extensions><TPX xmlns="http://www.garmin.com/xmlschemas/ActivityExtension/v2"><Speed>2.083</Speed></TPX></Extensions></Trackpoint><Trackpoint><Time>2026-03-05T10:48:57+00:00</Time><DistanceMeters>3381.7</DistanceMeters><Position><LatitudeDegrees>50.854479</LatitudeDegrees><LongitudeDegrees>4.279415</LongitudeDegrees></Position><AltitudeMeters>66.9</AltitudeMeters><Extensions><TPX xmlns="http://www.garmin.com/xmlschemas/ActivityExtension/v2"><Speed>2.067</Speed></TPX></Extensions></Trackpoint><Trackpoint><Time>2026-03-05T10:48:59+00:00</Time><DistanceMeters>3381.7</DistanceMeters><Position><LatitudeDegrees>50.854481</LatitudeDegrees><LongitudeDegrees>4.27944</LongitudeDegrees></Position><AltitudeMeters>67.1</AltitudeMeters><Extensions><TPX xmlns="http://www.garmin.com/xmlschemas/ActivityExtension/v2"><Speed>1.3</Speed></TPX></Extensions></Trackpoint><Trackpoint><Time>2026-03-05T10:49:00+00:00</Time><DistanceMeters>3385.3</DistanceMeters><Position><LatitudeDegrees>50.854484</LatitudeDegrees><LongitudeDegrees>4.279465</LongitudeDegrees></Position><AltitudeMeters>67.3</AltitudeMeters><Extensions><TPX xmlns="http://www.garmin.com/xmlschemas/ActivityExtension/v2"><Speed>1.5</Speed></TPX></Extensions></Trackpoint><Trackpoint><Time>2026-03-05T10:49:01+00:00</Time><DistanceMeters>3385.3</DistanceMeters><Position><LatitudeDegrees>50.854486</LatitudeDegrees><LongitudeDegrees>4.279488</LongitudeDegrees></Position><AltitudeMeters>67.4</AltitudeMeters><Extensions><TPX xmlns="http://www.garmin.com/xmlschemas/ActivityExtension/v2"><Speed>1.25</Speed></TPX></Extensions></Trackpoint><Trackpoint><Time>2026-03-05T10:49:02+00:00</Time><DistanceMeters>3388.7</DistanceMeters><Position><LatitudeDegrees>50.854491</LatitudeDegrees><LongitudeDegrees>4.279512</LongitudeDegrees></Position><AltitudeMeters>67.6</AltitudeMeters><Extensions><TPX xmlns="http://www.garmin.com/xmlschemas/ActivityExtension/v2"><Speed>1.4</Speed></TPX></Extensions></Trackpoint><Trackpoint><Time>2026-03-05T10:49:03+00:00</Time><DistanceMeters>3388.7</DistanceMeters><Position><LatitudeDegrees>50.854494</LatitudeDegrees><LongitudeDegrees>4.279538</LongitudeDegrees></Position><AltitudeMeters>67.8</AltitudeMeters><Extensions><TPX xmlns="http://www.garmin.com/xmlschemas/ActivityExtension/v2"><Speed>1.167</Speed></TPX></Extensions></Trackpoint><Trackpoint><Time>2026-03-05T10:49:04+00:00</Time><DistanceMeters>3391.8</DistanceMeters><Position><LatitudeDegrees>50.854504</LatitudeDegrees><LongitudeDegrees>4.27955</LongitudeDegrees></Position><AltitudeMeters>68.0</AltitudeMeters><Extensions><TPX xmlns="http://www.garmin.com/xmlschemas/ActivityExtension/v2"><Speed>2.02</Speed></TPX></Extensions></Trackpoint><Trackpoint><Time>2026-03-05T10:49:05+00:00</Time><DistanceMeters>3391.8</DistanceMeters><Position><LatitudeDegrees>50.85451</LatitudeDegrees><LongitudeDegrees>4.279563</LongitudeDegrees></Position><AltitudeMeters>68.1</AltitudeMeters><Extensions><TPX xmlns="http://www.garmin.com/xmlschemas/ActivityExtension/v2"><Speed>1.3</Speed></TPX></Extensions></Trackpoint><Trackpoint><Time>2026-03-05T10:49:06+00:00</Time><DistanceMeters>3391.8</DistanceMeters><Position><LatitudeDegrees>50.854516</LatitudeDegrees><LongitudeDegrees>4.279575</LongitudeDegrees></Position><AltitudeMeters>68.2</AltitudeMeters><Extensions><TPX xmlns="http://www.garmin.com/xmlschemas/ActivityExtension/v2"><Speed>1.3</Speed></TPX></Extensions></Trackpoint><Trackpoint><Time>2026-03-05T10:49:07+00:00</Time><DistanceMeters>3395.4</DistanceMeters><Position><LatitudeDegrees>50.854522</LatitudeDegrees><LongitudeDegrees>4.279595</LongitudeDegrees></Position><AltitudeMeters>68.3</AltitudeMeters><Extensions><TPX xmlns="http://www.garmin.com/xmlschemas/ActivityExtension/v2"><Speed>1.34</Speed></TPX></Extensions></Trackpoint><Trackpoint><Time>2026-03-05T10:49:08+00:00</Time><DistanceMeters>3396.9</DistanceMeters><Position><LatitudeDegrees>50.854528</LatitudeDegrees><LongitudeDegrees>4.279619</LongitudeDegrees></Position><AltitudeMeters>68.5</AltitudeMeters><Extensions><TPX xmlns="http://www.garmin.com/xmlschemas/ActivityExtension/v2"><Speed>1.64</Speed></TPX></Extensions></Trackpoint><Trackpoint><Time>2026-03-05T10:49:09+00:00</Time><DistanceMeters>3398.4</DistanceMeters><Position><LatitudeDegrees>50.854531</LatitudeDegrees><LongitudeDegrees>4.279637</LongitudeDegrees></Position><AltitudeMeters>68.7</AltitudeMeters><Extensions><TPX xmlns="http://www.garmin.com/xmlschemas/ActivityExtension/v2"><Speed>1.32</Speed></TPX></Extensions></Trackpoint><Trackpoint><Time>2026-03-05T10:49:10+00:00</Time><DistanceMeters>3399.9</DistanceMeters><Position><LatitudeDegrees>50.854534</LatitudeDegrees><LongitudeDegrees>4.279655</LongitudeDegrees></Position><AltitudeMeters>68.8</AltitudeMeters><Extensions><TPX xmlns="http://www.garmin.com/xmlschemas/ActivityExtension/v2"><Speed>1.62</Speed></TPX></Extensions></Trackpoint><Trackpoint><Time>2026-03-05T10:49:12+00:00</Time><DistanceMeters>3401.7</DistanceMeters><Position><LatitudeDegrees>50.854538</LatitudeDegrees><LongitudeDegrees>4.279706</LongitudeDegrees></Position><AltitudeMeters>69.2</AltitudeMeters><Extensions><TPX xmlns="http://www.garmin.com/xmlschemas/ActivityExtension/v2"><Speed>1.265</Speed></TPX></Extensions></Trackpoint><Trackpoint><Time>2026-03-05T10:49:14+00:00</Time><DistanceMeters>3403.6</DistanceMeters><Position><LatitudeDegrees>50.854537</LatitudeDegrees><LongitudeDegrees>4.279724</LongitudeDegrees></Position><AltitudeMeters>69.3</AltitudeMeters><Extensions><TPX xmlns="http://www.garmin.com/xmlschemas/ActivityExtension/v2"><Speed>1.03</Speed></TPX></Extensions></Trackpoint><Trackpoint><Time>2026-03-05T10:49:15+00:00</Time><DistanceMeters>3405.4</DistanceMeters><Position><LatitudeDegrees>50.854536</LatitudeDegrees><LongitudeDegrees>4.279742</LongitudeDegrees></Position><AltitudeMeters>69.4</AltitudeMeters><Extensions><TPX xmlns="http://www.garmin.com/xmlschemas/ActivityExtension/v2"><Speed>1.095</Speed></TPX></Extensions></Trackpoint><Trackpoint><Time>2026-03-05T10:49:16+00:00</Time><DistanceMeters>3407.2</DistanceMeters><Position><LatitudeDegrees>50.854535</LatitudeDegrees><LongitudeDegrees>4.27976</LongitudeDegrees></Position><AltitudeMeters>69.6</AltitudeMeters><Extensions><TPX xmlns="http://www.garmin.com/xmlschemas/ActivityExtension/v2"><Speed>1.217</Speed></TPX></Extensions></Trackpoint><Trackpoint><Time>2026-03-05T10:49:18+00:00</Time><DistanceMeters>3407.2</DistanceMeters><Position><LatitudeDegrees>50.854536</LatitudeDegrees><LongitudeDegrees>4.279787</LongitudeDegrees></Position><AltitudeMeters>69.8</AltitudeMeters><Extensions><TPX xmlns="http://www.garmin.com/xmlschemas/ActivityExtension/v2"><Speed>0.912</Speed></TPX></Extensions></Trackpoint><Trackpoint><Time>2026-03-05T10:49:20+00:00</Time><DistanceMeters>3410.8</DistanceMeters><Position><LatitudeDegrees>50.854536</LatitudeDegrees><LongitudeDegrees>4.27981</LongitudeDegrees></Position><AltitudeMeters>70.0</AltitudeMeters><Extensions><TPX xmlns="http://www.garmin.com/xmlschemas/ActivityExtension/v2"><Speed>1.085</Speed></TPX></Extensions></Trackpoint><Trackpoint><Time>2026-03-05T10:49:21+00:00</Time><DistanceMeters>3410.8</DistanceMeters><Position><LatitudeDegrees>50.854538</LatitudeDegrees><LongitudeDegrees>4.279835</LongitudeDegrees></Position><AltitudeMeters>70.1</AltitudeMeters><Extensions><TPX xmlns="http://www.garmin.com/xmlschemas/ActivityExtension/v2"><Speed>0.72</Speed></TPX></Extensions></Trackpoint><Trackpoint><Time>2026-03-05T10:49:22+00:00</Time><DistanceMeters>3414.6</DistanceMeters><Position><LatitudeDegrees>50.854541</LatitudeDegrees><LongitudeDegrees>4.279863</LongitudeDegrees></Position><AltitudeMeters>70.4</AltitudeMeters><Extensions><TPX xmlns="http://www.garmin.com/xmlschemas/ActivityExtension/v2"><Speed>1.233</Speed></TPX></Extensions></Trackpoint><Trackpoint><Time>2026-03-05T10:49:23+00:00</Time><DistanceMeters>3416.8</DistanceMeters><Position><LatitudeDegrees>50.854546</LatitudeDegrees><LongitudeDegrees>4.279911</LongitudeDegrees></Position><AltitudeMeters>70.7</AltitudeMeters><Extensions><TPX xmlns="http://www.garmin.com/xmlschemas/ActivityExtension/v2"><Speed>1.92</Speed></TPX></Extensions></Trackpoint><Trackpoint><Time>2026-03-05T10:49:24+00:00</Time><DistanceMeters>3419.0</DistanceMeters><Position><LatitudeDegrees>50.854548</LatitudeDegrees><LongitudeDegrees>4.279926</LongitudeDegrees></Position><AltitudeMeters>70.8</AltitudeMeters><Extensions><TPX xmlns="http://www.garmin.com/xmlschemas/ActivityExtension/v2"><Speed>1.967</Speed></TPX></Extensions></Trackpoint><Trackpoint><Time>2026-03-05T10:49:25+00:00</Time><DistanceMeters>3419.0</DistanceMeters><Position><LatitudeDegrees>50.854552</LatitudeDegrees><LongitudeDegrees>4.279955</LongitudeDegrees></Position><AltitudeMeters>71.1</AltitudeMeters><Extensions><TPX xmlns="http://www.garmin.com/xmlschemas/ActivityExtension/v2"><Speed>1.64</Speed></TPX></Extensions></Trackpoint><Trackpoint><Time>2026-03-05T10:49:26+00:00</Time><DistanceMeters>3422.9</DistanceMeters><Position><LatitudeDegrees>50.854553</LatitudeDegrees><LongitudeDegrees>4.279981</LongitudeDegrees></Position><AltitudeMeters>71.2</AltitudeMeters><Extensions><TPX xmlns="http://www.garmin.com/xmlschemas/ActivityExtension/v2"><Speed>2.42</Speed></TPX></Extensions></Trackpoint><Trackpoint><Time>2026-03-05T10:49:27+00:00</Time><DistanceMeters>3422.9</DistanceMeters><Position><LatitudeDegrees>50.854544</LatitudeDegrees><LongitudeDegrees>4.280005</LongitudeDegrees></Position><AltitudeMeters>71.5</AltitudeMeters><Extensions><TPX xmlns="http://www.garmin.com/xmlschemas/ActivityExtension/v2"><Speed>1.66</Speed></TPX></Extensions></Trackpoint><Trackpoint><Time>2026-03-05T10:49:28+00:00</Time><DistanceMeters>3426.8</DistanceMeters><Position><LatitudeDegrees>50.85454</LatitudeDegrees><LongitudeDegrees>4.280031</LongitudeDegrees></Position><AltitudeMeters>71.7</AltitudeMeters><Extensions><TPX xmlns="http://www.garmin.com/xmlschemas/ActivityExtension/v2"><Speed>2.0</Speed></TPX></Extensions></Trackpoint><Trackpoint><Time>2026-03-05T10:49:29+00:00</Time><DistanceMeters>3430.7</DistanceMeters><Position><LatitudeDegrees>50.854534</LatitudeDegrees><LongitudeDegrees>4.280086</LongitudeDegrees></Position><AltitudeMeters>72.1</AltitudeMeters><Extensions><TPX xmlns="http://www.garmin.com/xmlschemas/ActivityExtension/v2"><Speed>2.34</Speed></TPX></Extensions></Trackpoint><Trackpoint><Time>2026-03-05T10:49:31+00:00</Time><DistanceMeters>3433.1</DistanceMeters><Position><LatitudeDegrees>50.854535</LatitudeDegrees><LongitudeDegrees>4.280136</LongitudeDegrees></Position><AltitudeMeters>72.4</AltitudeMeters><Extensions><TPX xmlns="http://www.garmin.com/xmlschemas/ActivityExtension/v2"><Speed>2.03</Speed></TPX></Extensions></Trackpoint><Trackpoint><Time>2026-03-05T10:49:32+00:00</Time><DistanceMeters>3435.4</DistanceMeters><Position><LatitudeDegrees>50.854535</LatitudeDegrees><LongitudeDegrees>4.280153</LongitudeDegrees></Position><AltitudeMeters>72.5</AltitudeMeters><Extensions><TPX xmlns="http://www.garmin.com/xmlschemas/ActivityExtension/v2"><Speed>2.5</Speed></TPX></Extensions></Trackpoint><Trackpoint><Time>2026-03-05T10:49:33+00:00</Time><DistanceMeters>3436.8</DistanceMeters><Position><LatitudeDegrees>50.854537</LatitudeDegrees><LongitudeDegrees>4.280186</LongitudeDegrees></Position><AltitudeMeters>72.8</AltitudeMeters><Extensions><TPX xmlns="http://www.garmin.com/xmlschemas/ActivityExtension/v2"><Speed>2.0</Speed></TPX></Extensions></Trackpoint><Trackpoint><Time>2026-03-05T10:49:34+00:00</Time><DistanceMeters>3438.2</DistanceMeters><Position><LatitudeDegrees>50.854537</LatitudeDegrees><LongitudeDegrees>4.2802</LongitudeDegrees></Position><AltitudeMeters>72.9</AltitudeMeters><Extensions><TPX xmlns="http://www.garmin.com/xmlschemas/ActivityExtension/v2"><Speed>1.5</Speed></TPX></Extensions></Trackpoint><Trackpoint><Time>2026-03-05T10:49:35+00:00</Time><DistanceMeters>3439.6</DistanceMeters><Position><LatitudeDegrees>50.854538</LatitudeDegrees><LongitudeDegrees>4.280213</LongitudeDegrees></Position><AltitudeMeters>73.0</AltitudeMeters><Extensions><TPX xmlns="http://www.garmin.com/xmlschemas/ActivityExtension/v2"><Speed>1.483</Speed></TPX></Extensions></Trackpoint><Trackpoint><Time>2026-03-05T10:49:36+00:00</Time><DistanceMeters>3441.9</DistanceMeters><Position><LatitudeDegrees>50.854542</LatitudeDegrees><LongitudeDegrees>4.280266</LongitudeDegrees></Position><AltitudeMeters>73.4</AltitudeMeters><Extensions><TPX xmlns="http://www.garmin.com/xmlschemas/ActivityExtension/v2"><Speed>1.76</Speed></TPX></Extensions></Trackpoint><Trackpoint><Time>2026-03-05T10:49:37+00:00</Time><DistanceMeters>3444.1</DistanceMeters><Position><LatitudeDegrees>50.854542</LatitudeDegrees><LongitudeDegrees>4.280277</LongitudeDegrees></Position><AltitudeMeters>73.4</AltitudeMeters><Extensions><TPX xmlns="http://www.garmin.com/xmlschemas/ActivityExtension/v2"><Speed>1.74</Speed></TPX></Extensions></Trackpoint><Trackpoint><Time>2026-03-05T10:49:38+00:00</Time><DistanceMeters>3448.0</DistanceMeters><Position><LatitudeDegrees>50.854544</LatitudeDegrees><LongitudeDegrees>4.280332</LongitudeDegrees></Position><AltitudeMeters>73.8</AltitudeMeters><Extensions><TPX xmlns="http://www.garmin.com/xmlschemas/ActivityExtension/v2"><Speed>2.24</Speed></TPX></Extensions></Trackpoint><Trackpoint><Time>2026-03-05T10:49:40+00:00</Time><DistanceMeters>3451.7</DistanceMeters><Position><LatitudeDegrees>50.854544</LatitudeDegrees><LongitudeDegrees>4.280385</LongitudeDegrees></Position><AltitudeMeters>74.2</AltitudeMeters><Extensions><TPX xmlns="http://www.garmin.com/xmlschemas/ActivityExtension/v2"><Speed>2.42</Speed></TPX></Extensions></Trackpoint><Trackpoint><Time>2026-03-05T10:49:42+00:00</Time><DistanceMeters>3451.7</DistanceMeters><Position><LatitudeDegrees>50.854542</LatitudeDegrees><LongitudeDegrees>4.280413</LongitudeDegrees></Position><AltitudeMeters>74.4</AltitudeMeters><Extensions><TPX xmlns="http://www.garmin.com/xmlschemas/ActivityExtension/v2"><Speed>1.52</Speed></TPX></Extensions></Trackpoint><Trackpoint><Time>2026-03-05T10:49:43+00:00</Time><DistanceMeters>3455.6</DistanceMeters><Position><LatitudeDegrees>50.854538</LatitudeDegrees><LongitudeDegrees>4.280439</LongitudeDegrees></Position><AltitudeMeters>74.6</AltitudeMeters><Extensions><TPX xmlns="http://www.garmin.com/xmlschemas/ActivityExtension/v2"><Speed>1.52</Speed></TPX></Extensions></Trackpoint><Trackpoint><Time>2026-03-05T10:49:44+00:00</Time><DistanceMeters>3455.6</DistanceMeters><Position><LatitudeDegrees>50.854534</LatitudeDegrees><LongitudeDegrees>4.280467</LongitudeDegrees></Position><AltitudeMeters>74.8</AltitudeMeters><Extensions><TPX xmlns="http://www.garmin.com/xmlschemas/ActivityExtension/v2"><Speed>1.267</Speed></TPX></Extensions></Trackpoint><Trackpoint><Time>2026-03-05T10:49:45+00:00</Time><DistanceMeters>3459.6</DistanceMeters><Position><LatitudeDegrees>50.854498</LatitudeDegrees><LongitudeDegrees>4.280504</LongitudeDegrees></Position><AltitudeMeters>75.3</AltitudeMeters><Extensions><TPX xmlns="http://www.garmin.com/xmlschemas/ActivityExtension/v2"><Speed>1.58</Speed></TPX></Extensions></Trackpoint><Trackpoint><Time>2026-03-05T10:49:47+00:00</Time><DistanceMeters>3464.4</DistanceMeters><Position><LatitudeDegrees>50.854479</LatitudeDegrees><LongitudeDegrees>4.280521</LongitudeDegrees></Position><AltitudeMeters>75.5</AltitudeMeters><Extensions><TPX xmlns="http://www.garmin.com/xmlschemas/ActivityExtension/v2"><Speed>2.54</Speed></TPX></Extensions></Trackpoint><Trackpoint><Time>2026-03-05T10:49:48+00:00</Time><DistanceMeters>3466.5</DistanceMeters><Position><LatitudeDegrees>50.854463</LatitudeDegrees><LongitudeDegrees>4.280557</LongitudeDegrees></Position><AltitudeMeters>75.8</AltitudeMeters><Extensions><TPX xmlns="http://www.garmin.com/xmlschemas/ActivityExtension/v2"><Speed>2.18</Speed></TPX></Extensions></Trackpoint><Trackpoint><Time>2026-03-05T10:49:49+00:00</Time><DistanceMeters>3468.6</DistanceMeters><Position><LatitudeDegrees>50.854458</LatitudeDegrees><LongitudeDegrees>4.28057</LongitudeDegrees></Position><AltitudeMeters>75.9</AltitudeMeters><Extensions><TPX xmlns="http://www.garmin.com/xmlschemas/ActivityExtension/v2"><Speed>2.6</Speed></TPX></Extensions></Trackpoint><Trackpoint><Time>2026-03-05T10:49:50+00:00</Time><DistanceMeters>3473.7</DistanceMeters><Position><LatitudeDegrees>50.854438</LatitudeDegrees><LongitudeDegrees>4.280635</LongitudeDegrees></Position><AltitudeMeters>76.3</AltitudeMeters><Extensions><TPX xmlns="http://www.garmin.com/xmlschemas/ActivityExtension/v2"><Speed>2.82</Speed></TPX></Extensions></Trackpoint><Trackpoint><Time>2026-03-05T10:49:52+00:00</Time><DistanceMeters>3478.6</DistanceMeters><Position><LatitudeDegrees>50.854421</LatitudeDegrees><LongitudeDegrees>4.280699</LongitudeDegrees></Position><AltitudeMeters>76.7</AltitudeMeters><Extensions><TPX xmlns="http://www.garmin.com/xmlschemas/ActivityExtension/v2"><Speed>2.833</Speed></TPX></Extensions></Trackpoint><Trackpoint><Time>2026-03-05T10:49:53+00:00</Time><DistanceMeters>3480.3</DistanceMeters><Position><LatitudeDegrees>50.854415</LatitudeDegrees><LongitudeDegrees>4.280723</LongitudeDegrees></Position><AltitudeMeters>76.8</AltitudeMeters><Extensions><TPX xmlns="http://www.garmin.com/xmlschemas/ActivityExtension/v2"><Speed>2.767</Speed></TPX></Extensions></Trackpoint><Trackpoint><Time>2026-03-05T10:49:54+00:00</Time><DistanceMeters>3482.1</DistanceMeters><Position><LatitudeDegrees>50.85441</LatitudeDegrees><LongitudeDegrees>4.280747</LongitudeDegrees></Position><AltitudeMeters>77.0</AltitudeMeters><Extensions><TPX xmlns="http://www.garmin.com/xmlschemas/ActivityExtension/v2"><Speed>2.7</Speed></TPX></Extensions></Trackpoint><Trackpoint><Time>2026-03-05T10:49:55+00:00</Time><DistanceMeters>3484.7</DistanceMeters><Position><LatitudeDegrees>50.854401</LatitudeDegrees><LongitudeDegrees>4.280799</LongitudeDegrees></Position><AltitudeMeters>77.3</AltitudeMeters><Extensions><TPX xmlns="http://www.garmin.com/xmlschemas/ActivityExtension/v2"><Speed>2.2</Speed></TPX></Extensions></Trackpoint><Trackpoint><Time>2026-03-05T10:49:56+00:00</Time><DistanceMeters>3487.3</DistanceMeters><Position><LatitudeDegrees>50.854398</LatitudeDegrees><LongitudeDegrees>4.280817</LongitudeDegrees></Position><AltitudeMeters>77.4</AltitudeMeters><Extensions><TPX xmlns="http://www.garmin.com/xmlschemas/ActivityExtension/v2"><Speed>2.267</Speed></TPX></Extensions></Trackpoint><Trackpoint><Time>2026-03-05T10:49:57+00:00</Time><DistanceMeters>3489.9</DistanceMeters><Position><LatitudeDegrees>50.854387</LatitudeDegrees><LongitudeDegrees>4.280868</LongitudeDegrees></Position><AltitudeMeters>77.6</AltitudeMeters><Extensions><TPX xmlns="http://www.garmin.com/xmlschemas/ActivityExtension/v2"><Speed>2.257</Speed></TPX></Extensions></Trackpoint><Trackpoint><Time>2026-03-05T10:49:58+00:00</Time><DistanceMeters>3492.4</DistanceMeters><Position><LatitudeDegrees>50.854383</LatitudeDegrees><LongitudeDegrees>4.280885</LongitudeDegrees></Position><AltitudeMeters>77.7</AltitudeMeters><Extensions><TPX xmlns="http://www.garmin.com/xmlschemas/ActivityExtension/v2"><Speed>2.413</Speed></TPX></Extensions></Trackpoint><Trackpoint><Time>2026-03-05T10:49:59+00:00</Time><DistanceMeters>3495.0</DistanceMeters><Position><LatitudeDegrees>50.854365</LatitudeDegrees><LongitudeDegrees>4.280952</LongitudeDegrees></Position><AltitudeMeters>78.1</AltitudeMeters><Extensions><TPX xmlns="http://www.garmin.com/xmlschemas/ActivityExtension/v2"><Speed>2.58</Speed></TPX></Extensions></Trackpoint><Trackpoint><Time>2026-03-05T10:50:00+00:00</Time><DistanceMeters>3497.6</DistanceMeters><Position><LatitudeDegrees>50.854356</LatitudeDegrees><LongitudeDegrees>4.280984</LongitudeDegrees></Position><AltitudeMeters>78.2</AltitudeMeters><Extensions><TPX xmlns="http://www.garmin.com/xmlschemas/ActivityExtension/v2"><Speed>2.58</Speed></TPX></Extensions></Trackpoint><Trackpoint><Time>2026-03-05T10:50:02+00:00</Time><DistanceMeters>3502.8</DistanceMeters><Position><LatitudeDegrees>50.854343</LatitudeDegrees><LongitudeDegrees>4.281019</LongitudeDegrees></Position><AltitudeMeters>78.4</AltitudeMeters><Extensions><TPX xmlns="http://www.garmin.com/xmlschemas/ActivityExtension/v2"><Speed>2.59</Speed></TPX></Extensions></Trackpoint><Trackpoint><Time>2026-03-05T10:50:03+00:00</Time><DistanceMeters>3505.2</DistanceMeters><Position><LatitudeDegrees>50.854328</LatitudeDegrees><LongitudeDegrees>4.281065</LongitudeDegrees></Position><AltitudeMeters>78.6</AltitudeMeters><Extensions><TPX xmlns="http://www.garmin.com/xmlschemas/ActivityExtension/v2"><Speed>2.56</Speed></TPX></Extensions></Trackpoint><Trackpoint><Time>2026-03-05T10:50:04+00:00</Time><DistanceMeters>3507.6</DistanceMeters><Position><LatitudeDegrees>50.854322</LatitudeDegrees><LongitudeDegrees>4.281079</LongitudeDegrees></Position><AltitudeMeters>78.7</AltitudeMeters><Extensions><TPX xmlns="http://www.garmin.com/xmlschemas/ActivityExtension/v2"><Speed>2.52</Speed></TPX></Extensions></Trackpoint><Trackpoint><Time>2026-03-05T10:50:05+00:00</Time><DistanceMeters>3510.1</DistanceMeters><Position><LatitudeDegrees>50.8543</LatitudeDegrees><LongitudeDegrees>4.28112</LongitudeDegrees></Position><AltitudeMeters>78.9</AltitudeMeters><Extensions><TPX xmlns="http://www.garmin.com/xmlschemas/ActivityExtension/v2"><Speed>2.5</Speed></TPX></Extensions></Trackpoint><Trackpoint><Time>2026-03-05T10:50:06+00:00</Time><DistanceMeters>3512.6</DistanceMeters><Position><LatitudeDegrees>50.854291</LatitudeDegrees><LongitudeDegrees>4.281132</LongitudeDegrees></Position><AltitudeMeters>79.0</AltitudeMeters><Extensions><TPX xmlns="http://www.garmin.com/xmlschemas/ActivityExtension/v2"><Speed>2.5</Speed></TPX></Extensions></Trackpoint><Trackpoint><Time>2026-03-05T10:50:07+00:00</Time><DistanceMeters>3514.9</DistanceMeters><Position><LatitudeDegrees>50.854272</LatitudeDegrees><LongitudeDegrees>4.281171</LongitudeDegrees></Position><AltitudeMeters>79.2</AltitudeMeters><Extensions><TPX xmlns="http://www.garmin.com/xmlschemas/ActivityExtension/v2"><Speed>2.42</Speed></TPX></Extensions></Trackpoint><Trackpoint><Time>2026-03-05T10:50:08+00:00</Time><DistanceMeters>3517.2</DistanceMeters><Position><LatitudeDegrees>50.854264</LatitudeDegrees><LongitudeDegrees>4.281183</LongitudeDegrees></Position><AltitudeMeters>79.2</AltitudeMeters><Extensions><TPX xmlns="http://www.garmin.com/xmlschemas/ActivityExtension/v2"><Speed>2.4</Speed></TPX></Extensions></Trackpoint><Trackpoint><Time>2026-03-05T10:50:09+00:00</Time><DistanceMeters>3519.5</DistanceMeters><Position><LatitudeDegrees>50.854246</LatitudeDegrees><LongitudeDegrees>4.281221</LongitudeDegrees></Position><AltitudeMeters>79.4</AltitudeMeters><Extensions><TPX xmlns="http://www.garmin.com/xmlschemas/ActivityExtension/v2"><Speed>2.38</Speed></TPX></Extensions></Trackpoint><Trackpoint><Time>2026-03-05T10:50:10+00:00</Time><DistanceMeters>3521.8</DistanceMeters><Position><LatitudeDegrees>50.854239</LatitudeDegrees><LongitudeDegrees>4.281234</LongitudeDegrees></Position><AltitudeMeters>79.5</AltitudeMeters><Extensions><TPX xmlns="http://www.garmin.com/xmlschemas/ActivityExtension/v2"><Speed>2.34</Speed></TPX></Extensions></Trackpoint><Trackpoint><Time>2026-03-05T10:50:11+00:00</Time><DistanceMeters>3526.3</DistanceMeters><Position><LatitudeDegrees>50.854213</LatitudeDegrees><LongitudeDegrees>4.281283</LongitudeDegrees></Position><AltitudeMeters>79.7</AltitudeMeters><Extensions><TPX xmlns="http://www.garmin.com/xmlschemas/ActivityExtension/v2"><Speed>2.74</Speed></TPX></Extensions></Trackpoint><Trackpoint><Time>2026-03-05T10:50:13+00:00</Time><DistanceMeters>3529.4</DistanceMeters><Position><LatitudeDegrees>50.854186</LatitudeDegrees><LongitudeDegrees>4.281346</LongitudeDegrees></Position><AltitudeMeters>79.9</AltitudeMeters><Extensions><TPX xmlns="http://www.garmin.com/xmlschemas/ActivityExtension/v2"><Speed>2.43</Speed></TPX></Extensions></Trackpoint><Trackpoint><Time>2026-03-05T10:50:14+00:00</Time><DistanceMeters>3532.4</DistanceMeters><Position><LatitudeDegrees>50.854173</LatitudeDegrees><LongitudeDegrees>4.281377</LongitudeDegrees></Position><AltitudeMeters>80.0</AltitudeMeters><Extensions><TPX xmlns="http://www.garmin.com/xmlschemas/ActivityExtension/v2"><Speed>2.58</Speed></TPX></Extensions></Trackpoint><Trackpoint><Time>2026-03-05T10:50:16+00:00</Time><DistanceMeters>3536.6</DistanceMeters><Position><LatitudeDegrees>50.854162</LatitudeDegrees><LongitudeDegrees>4.281407</LongitudeDegrees></Position><AltitudeMeters>80.1</AltitudeMeters><Extensions><TPX xmlns="http://www.garmin.com/xmlschemas/ActivityExtension/v2"><Speed>2.06</Speed></TPX></Extensions></Trackpoint><Trackpoint><Time>2026-03-05T10:50:17+00:00</Time><DistanceMeters>3538.9</DistanceMeters><Position><LatitudeDegrees>50.854148</LatitudeDegrees><LongitudeDegrees>4.281449</LongitudeDegrees></Position><AltitudeMeters>80.2</AltitudeMeters><Extensions><TPX xmlns="http://www.garmin.com/xmlschemas/ActivityExtension/v2"><Speed>2.092</Speed></TPX></Extensions></Trackpoint><Trackpoint><Time>2026-03-05T10:50:18+00:00</Time><DistanceMeters>3541.1</DistanceMeters><Position><LatitudeDegrees>50.854143</LatitudeDegrees><LongitudeDegrees>4.281463</LongitudeDegrees></Position><AltitudeMeters>80.3</AltitudeMeters><Extensions><TPX xmlns="http://www.garmin.com/xmlschemas/ActivityExtension/v2"><Speed>2.35</Speed></TPX></Extensions></Trackpoint><Trackpoint><Time>2026-03-05T10:50:19+00:00</Time><DistanceMeters>3543.6</DistanceMeters><Position><LatitudeDegrees>50.854127</LatitudeDegrees><LongitudeDegrees>4.281508</LongitudeDegrees></Position><AltitudeMeters>80.4</AltitudeMeters><Extensions><TPX xmlns="http://www.garmin.com/xmlschemas/ActivityExtension/v2"><Speed>2.23</Speed></TPX></Extensions></Trackpoint><Trackpoint><Time>2026-03-05T10:50:20+00:00</Time><DistanceMeters>3546.0</DistanceMeters><Position><LatitudeDegrees>50.854122</LatitudeDegrees><LongitudeDegrees>4.281523</LongitudeDegrees></Position><AltitudeMeters>80.4</AltitudeMeters><Extensions><TPX xmlns="http://www.garmin.com/xmlschemas/ActivityExtension/v2"><Speed>2.267</Speed></TPX></Extensions></Trackpoint><Trackpoint><Time>2026-03-05T10:50:21+00:00</Time><DistanceMeters>3548.4</DistanceMeters><Position><LatitudeDegrees>50.854107</LatitudeDegrees><LongitudeDegrees>4.281569</LongitudeDegrees></Position><AltitudeMeters>80.6</AltitudeMeters><Extensions><TPX xmlns="http://www.garmin.com/xmlschemas/ActivityExtension/v2"><Speed>2.36</Speed></TPX></Extensions></Trackpoint><Trackpoint><Time>2026-03-05T10:50:22+00:00</Time><DistanceMeters>3550.8</DistanceMeters><Position><LatitudeDegrees>50.854102</LatitudeDegrees><LongitudeDegrees>4.281583</LongitudeDegrees></Position><AltitudeMeters>80.6</AltitudeMeters><Extensions><TPX xmlns="http://www.garmin.com/xmlschemas/ActivityExtension/v2"><Speed>2.39</Speed></TPX></Extensions></Trackpoint><Trackpoint><Time>2026-03-05T10:50:23+00:00</Time><DistanceMeters>3553.1</DistanceMeters><Position><LatitudeDegrees>50.854085</LatitudeDegrees><LongitudeDegrees>4.281642</LongitudeDegrees></Position><AltitudeMeters>80.7</AltitudeMeters><Extensions><TPX xmlns="http://www.garmin.com/xmlschemas/ActivityExtension/v2"><Speed>2.4</Speed></TPX></Extensions></Trackpoint><Trackpoint><Time>2026-03-05T10:50:24+00:00</Time><DistanceMeters>3555.4</DistanceMeters><Position><LatitudeDegrees>50.854077</LatitudeDegrees><LongitudeDegrees>4.281669</LongitudeDegrees></Position><AltitudeMeters>80.8</AltitudeMeters><Extensions><TPX xmlns="http://www.garmin.com/xmlschemas/ActivityExtension/v2"><Speed>2.37</Speed></TPX></Extensions></Trackpoint><Trackpoint><Time>2026-03-05T10:50:26+00:00</Time><DistanceMeters>3559.1</DistanceMeters><Position><LatitudeDegrees>50.854071</LatitudeDegrees><LongitudeDegrees>4.281691</LongitudeDegrees></Position><AltitudeMeters>80.9</AltitudeMeters><Extensions><TPX xmlns="http://www.garmin.com/xmlschemas/ActivityExtension/v2"><Speed>2.14</Speed></TPX></Extensions></Trackpoint><Trackpoint><Time>2026-03-05T10:50:27+00:00</Time><DistanceMeters>3559.1</DistanceMeters><Position><LatitudeDegrees>50.854062</LatitudeDegrees><LongitudeDegrees>4.281713</LongitudeDegrees></Position><AltitudeMeters>80.9</AltitudeMeters><Extensions><TPX xmlns="http://www.garmin.com/xmlschemas/ActivityExtension/v2"><Speed>1.66</Speed></TPX></Extensions></Trackpoint><Trackpoint><Time>2026-03-05T10:50:28+00:00</Time><DistanceMeters>3562.8</DistanceMeters><Position><LatitudeDegrees>50.854051</LatitudeDegrees><LongitudeDegrees>4.281733</LongitudeDegrees></Position><AltitudeMeters>80.9</AltitudeMeters><Extensions><TPX xmlns="http://www.garmin.com/xmlschemas/ActivityExtension/v2"><Speed>1.94</Speed></TPX></Extensions></Trackpoint><Trackpoint><Time>2026-03-05T10:50:29+00:00</Time><DistanceMeters>3564.9</DistanceMeters><Position><LatitudeDegrees>50.854029</LatitudeDegrees><LongitudeDegrees>4.281779</LongitudeDegrees></Position><AltitudeMeters>81.0</AltitudeMeters><Extensions><TPX xmlns="http://www.garmin.com/xmlschemas/ActivityExtension/v2"><Speed>1.89</Speed></TPX></Extensions></Trackpoint><Trackpoint><Time>2026-03-05T10:50:30+00:00</Time><DistanceMeters>3566.9</DistanceMeters><Position><LatitudeDegrees>50.854018</LatitudeDegrees><LongitudeDegrees>4.2818</LongitudeDegrees></Position><AltitudeMeters>81.0</AltitudeMeters><Extensions><TPX xmlns="http://www.garmin.com/xmlschemas/ActivityExtension/v2"><Speed>1.917</Speed></TPX></Extensions></Trackpoint><Trackpoint><Time>2026-03-05T10:50:32+00:00</Time><DistanceMeters>3571.0</DistanceMeters><Position><LatitudeDegrees>50.854007</LatitudeDegrees><LongitudeDegrees>4.281827</LongitudeDegrees></Position><AltitudeMeters>81.0</AltitudeMeters><Extensions><TPX xmlns="http://www.garmin.com/xmlschemas/ActivityExtension/v2"><Speed>2.38</Speed></TPX></Extensions></Trackpoint><Trackpoint><Time>2026-03-05T10:50:33+00:00</Time><DistanceMeters>3571.0</DistanceMeters><Position><LatitudeDegrees>50.854</LatitudeDegrees><LongitudeDegrees>4.281846</LongitudeDegrees></Position><AltitudeMeters>81.0</AltitudeMeters><Extensions><TPX xmlns="http://www.garmin.com/xmlschemas/ActivityExtension/v2"><Speed>1.64</Speed></TPX></Extensions></Trackpoint><Trackpoint><Time>2026-03-05T10:50:34+00:00</Time><DistanceMeters>3574.8</DistanceMeters><Position><LatitudeDegrees>50.853983</LatitudeDegrees><LongitudeDegrees>4.281898</LongitudeDegrees></Position><AltitudeMeters>81.0</AltitudeMeters><Extensions><TPX xmlns="http://www.garmin.com/xmlschemas/ActivityExtension/v2"><Speed>1.99</Speed></TPX></Extensions></Trackpoint><Trackpoint><Time>2026-03-05T10:50:36+00:00</Time><DistanceMeters>3578.0</DistanceMeters><Position><LatitudeDegrees>50.853978</LatitudeDegrees><LongitudeDegrees>4.281916</LongitudeDegrees></Position><AltitudeMeters>81.1</AltitudeMeters><Extensions><TPX xmlns="http://www.garmin.com/xmlschemas/ActivityExtension/v2"><Speed>1.85</Speed></TPX></Extensions></Trackpoint><Trackpoint><Time>2026-03-05T10:50:37+00:00</Time><DistanceMeters>3578.0</DistanceMeters><Position><LatitudeDegrees>50.853972</LatitudeDegrees><LongitudeDegrees>4.281941</LongitudeDegrees></Position><AltitudeMeters>81.1</AltitudeMeters><Extensions><TPX xmlns="http://www.garmin.com/xmlschemas/ActivityExtension/v2"><Speed>1.4</Speed></TPX></Extensions></Trackpoint><Trackpoint><Time>2026-03-05T10:50:38+00:00</Time><DistanceMeters>3581.8</DistanceMeters><Position><LatitudeDegrees>50.853968</LatitudeDegrees><LongitudeDegrees>4.281968</LongitudeDegrees></Position><AltitudeMeters>81.1</AltitudeMeters><Extensions><TPX xmlns="http://www.garmin.com/xmlschemas/ActivityExtension/v2"><Speed>2.16</Speed></TPX></Extensions></Trackpoint><Trackpoint><Time>2026-03-05T10:50:39+00:00</Time><DistanceMeters>3581.8</DistanceMeters><Position><LatitudeDegrees>50.853961</LatitudeDegrees><LongitudeDegrees>4.281998</LongitudeDegrees></Position><AltitudeMeters>81.1</AltitudeMeters><Extensions><TPX xmlns="http://www.garmin.com/xmlschemas/ActivityExtension/v2"><Speed>1.4</Speed></TPX></Extensions></Trackpoint><Trackpoint><Time>2026-03-05T10:50:40+00:00</Time><DistanceMeters>3585.8</DistanceMeters><Position><LatitudeDegrees>50.853955</LatitudeDegrees><LongitudeDegrees>4.282022</LongitudeDegrees></Position><AltitudeMeters>81.1</AltitudeMeters><Extensions><TPX xmlns="http://www.garmin.com/xmlschemas/ActivityExtension/v2"><Speed>1.833</Speed></TPX></Extensions></Trackpoint><Trackpoint><Time>2026-03-05T10:50:41+00:00</Time><DistanceMeters>3589.8</DistanceMeters><Position><LatitudeDegrees>50.853942</LatitudeDegrees><LongitudeDegrees>4.282074</LongitudeDegrees></Position><AltitudeMeters>81.1</AltitudeMeters><Extensions><TPX xmlns="http://www.garmin.com/xmlschemas/ActivityExtension/v2"><Speed>2.36</Speed></TPX></Extensions></Trackpoint><Trackpoint><Time>2026-03-05T10:50:43+00:00</Time><DistanceMeters>3589.8</DistanceMeters><Position><LatitudeDegrees>50.853936</LatitudeDegrees><LongitudeDegrees>4.282102</LongitudeDegrees></Position><AltitudeMeters>81.1</AltitudeMeters><Extensions><TPX xmlns="http://www.garmin.com/xmlschemas/ActivityExtension/v2"><Speed>1.6</Speed></TPX></Extensions></Trackpoint><Trackpoint><Time>2026-03-05T10:50:44+00:00</Time><DistanceMeters>3593.6</DistanceMeters><Position><LatitudeDegrees>50.853929</LatitudeDegrees><LongitudeDegrees>4.282125</LongitudeDegrees></Position><AltitudeMeters>81.1</AltitudeMeters><Extensions><TPX xmlns="http://www.garmin.com/xmlschemas/ActivityExtension/v2"><Speed>2.36</Speed></TPX></Extensions></Trackpoint><Trackpoint><Time>2026-03-05T10:50:45+00:00</Time><DistanceMeters>3595.7</DistanceMeters><Position><LatitudeDegrees>50.853916</LatitudeDegrees><LongitudeDegrees>4.282164</LongitudeDegrees></Position><AltitudeMeters>81.0</AltitudeMeters><Extensions><TPX xmlns="http://www.garmin.com/xmlschemas/ActivityExtension/v2"><Speed>1.98</Speed></TPX></Extensions></Trackpoint><Trackpoint><Time>2026-03-05T10:50:46+00:00</Time><DistanceMeters>3597.8</DistanceMeters><Position><LatitudeDegrees>50.853911</LatitudeDegrees><LongitudeDegrees>4.282177</LongitudeDegrees></Position><AltitudeMeters>81.0</AltitudeMeters><Extensions><TPX xmlns="http://www.garmin.com/xmlschemas/ActivityExtension/v2"><Speed>1.6</Speed></TPX></Extensions></Trackpoint><Trackpoint><Time>2026-03-05T10:50:47+00:00</Time><DistanceMeters>3599.9</DistanceMeters><Position><LatitudeDegrees>50.853895</LatitudeDegrees><LongitudeDegrees>4.282215</LongitudeDegrees></Position><AltitudeMeters>81.0</AltitudeMeters><Extensions><TPX xmlns="http://www.garmin.com/xmlschemas/ActivityExtension/v2"><Speed>1.683</Speed></TPX></Extensions></Trackpoint><Trackpoint><Time>2026-03-05T10:50:48+00:00</Time><DistanceMeters>3602.0</DistanceMeters><Position><LatitudeDegrees>50.85389</LatitudeDegrees><LongitudeDegrees>4.282227</LongitudeDegrees></Position><AltitudeMeters>81.0</AltitudeMeters><Extensions><TPX xmlns="http://www.garmin.com/xmlschemas/ActivityExtension/v2"><Speed>2.44</Speed></TPX></Extensions></Trackpoint><Trackpoint><Time>2026-03-05T10:50:49+00:00</Time><DistanceMeters>3604.3</DistanceMeters><Position><LatitudeDegrees>50.853874</LatitudeDegrees><LongitudeDegrees>4.282267</LongitudeDegrees></Position><AltitudeMeters>81.0</AltitudeMeters><Extensions><TPX xmlns="http://www.garmin.com/xmlschemas/ActivityExtension/v2"><Speed>2.14</Speed></TPX></Extensions></Trackpoint><Trackpoint><Time>2026-03-05T10:50:50+00:00</Time><DistanceMeters>3606.6</DistanceMeters><Position><LatitudeDegrees>50.853868</LatitudeDegrees><LongitudeDegrees>4.282281</LongitudeDegrees></Position><AltitudeMeters>81.0</AltitudeMeters><Extensions><TPX xmlns="http://www.garmin.com/xmlschemas/ActivityExtension/v2"><Speed>2.18</Speed></TPX></Extensions></Trackpoint><Trackpoint><Time>2026-03-05T10:50:51+00:00</Time><DistanceMeters>3609.0</DistanceMeters><Position><LatitudeDegrees>50.853855</LatitudeDegrees><LongitudeDegrees>4.28233</LongitudeDegrees></Position><AltitudeMeters>80.9</AltitudeMeters><Extensions><TPX xmlns="http://www.garmin.com/xmlschemas/ActivityExtension/v2"><Speed>2.24</Speed></TPX></Extensions></Trackpoint><Trackpoint><Time>2026-03-05T10:50:52+00:00</Time><DistanceMeters>3611.4</DistanceMeters><Position><LatitudeDegrees>50.853851</LatitudeDegrees><LongitudeDegrees>4.282345</LongitudeDegrees></Position><AltitudeMeters>80.9</AltitudeMeters><Extensions><TPX xmlns="http://www.garmin.com/xmlschemas/ActivityExtension/v2"><Speed>2.3</Speed></TPX></Extensions></Trackpoint><Trackpoint><Time>2026-03-05T10:50:53+00:00</Time><DistanceMeters>3613.8</DistanceMeters><Position><LatitudeDegrees>50.853841</LatitudeDegrees><LongitudeDegrees>4.282394</LongitudeDegrees></Position><AltitudeMeters>80.8</AltitudeMeters><Extensions><TPX xmlns="http://www.garmin.com/xmlschemas/ActivityExtension/v2"><Speed>2.36</Speed></TPX></Extensions></Trackpoint><Trackpoint><Time>2026-03-05T10:50:54+00:00</Time><DistanceMeters>3616.2</DistanceMeters><Position><LatitudeDegrees>50.853837</LatitudeDegrees><LongitudeDegrees>4.28241</LongitudeDegrees></Position><AltitudeMeters>80.8</AltitudeMeters><Extensions><TPX xmlns="http://www.garmin.com/xmlschemas/ActivityExtension/v2"><Speed>2.38</Speed></TPX></Extensions></Trackpoint><Trackpoint><Time>2026-03-05T10:50:55+00:00</Time><DistanceMeters>3619.0</DistanceMeters><Position><LatitudeDegrees>50.853826</LatitudeDegrees><LongitudeDegrees>4.282463</LongitudeDegrees></Position><AltitudeMeters>80.8</AltitudeMeters><Extensions><TPX xmlns="http://www.garmin.com/xmlschemas/ActivityExtension/v2"><Speed>2.48</Speed></TPX></Extensions></Trackpoint><Trackpoint><Time>2026-03-05T10:50:56+00:00</Time><DistanceMeters>3621.8</DistanceMeters><Position><LatitudeDegrees>50.853821</LatitudeDegrees><LongitudeDegrees>4.282485</LongitudeDegrees></Position><AltitudeMeters>80.8</AltitudeMeters><Extensions><TPX xmlns="http://www.garmin.com/xmlschemas/ActivityExtension/v2"><Speed>2.56</Speed></TPX></Extensions></Trackpoint><Trackpoint><Time>2026-03-05T10:50:57+00:00</Time><DistanceMeters>3625.7</DistanceMeters><Position><LatitudeDegrees>50.853809</LatitudeDegrees><LongitudeDegrees>4.282537</LongitudeDegrees></Position><AltitudeMeters>80.7</AltitudeMeters><Extensions><TPX xmlns="http://www.garmin.com/xmlschemas/ActivityExtension/v2"><Speed>2.86</Speed></TPX></Extensions></Trackpoint><Trackpoint><Time>2026-03-05T10:50:59+00:00</Time><DistanceMeters>3628.4</DistanceMeters><Position><LatitudeDegrees>50.853795</LatitudeDegrees><LongitudeDegrees>4.28259</LongitudeDegrees></Position><AltitudeMeters>80.6</AltitudeMeters><Extensions><TPX xmlns="http://www.garmin.com/xmlschemas/ActivityExtension/v2"><Speed>2.44</Speed></TPX></Extensions></Trackpoint><Trackpoint><Time>2026-03-05T10:51:00+00:00</Time><DistanceMeters>3631.1</DistanceMeters><Position><LatitudeDegrees>50.85379</LatitudeDegrees><LongitudeDegrees>4.282608</LongitudeDegrees></Position><AltitudeMeters>80.6</AltitudeMeters><Extensions><TPX xmlns="http://www.garmin.com/xmlschemas/ActivityExtension/v2"><Speed>2.42</Speed></TPX></Extensions></Trackpoint><Trackpoint><Time>2026-03-05T10:51:01+00:00</Time><DistanceMeters>3633.9</DistanceMeters><Position><LatitudeDegrees>50.853776</LatitudeDegrees><LongitudeDegrees>4.282662</LongitudeDegrees></Position><AltitudeMeters>80.5</AltitudeMeters><Extensions><TPX xmlns="http://www.garmin.com/xmlschemas/ActivityExtension/v2"><Speed>2.41</Speed></TPX></Extensions></Trackpoint><Trackpoint><Time>2026-03-05T10:51:02+00:00</Time><DistanceMeters>3636.6</DistanceMeters><Position><LatitudeDegrees>50.853771</LatitudeDegrees><LongitudeDegrees>4.28268</LongitudeDegrees></Position><AltitudeMeters>80.5</AltitudeMeters><Extensions><TPX xmlns="http://www.garmin.com/xmlschemas/ActivityExtension/v2"><Speed>2.18</Speed></TPX></Extensions></Trackpoint><Trackpoint><Time>2026-03-05T10:51:03+00:00</Time><DistanceMeters>3639.2</DistanceMeters><Position><LatitudeDegrees>50.853758</LatitudeDegrees><LongitudeDegrees>4.282731</LongitudeDegrees></Position><AltitudeMeters>80.4</AltitudeMeters><Extensions><TPX xmlns="http://www.garmin.com/xmlschemas/ActivityExtension/v2"><Speed>2.25</Speed></TPX></Extensions></Trackpoint><Trackpoint><Time>2026-03-05T10:51:04+00:00</Time><DistanceMeters>3641.8</DistanceMeters><Position><LatitudeDegrees>50.853753</LatitudeDegrees><LongitudeDegrees>4.282749</LongitudeDegrees></Position><AltitudeMeters>80.4</AltitudeMeters><Extensions><TPX xmlns="http://www.garmin.com/xmlschemas/ActivityExtension/v2"><Speed>2.68</Speed></TPX></Extensions></Trackpoint><Trackpoint><Time>2026-03-05T10:51:05+00:00</Time><DistanceMeters>3644.5</DistanceMeters><Position><LatitudeDegrees>50.85374</LatitudeDegrees><LongitudeDegrees>4.282802</LongitudeDegrees></Position><AltitudeMeters>80.3</AltitudeMeters><Extensions><TPX xmlns="http://www.garmin.com/xmlschemas/ActivityExtension/v2"><Speed>2.68</Speed></TPX></Extensions></Trackpoint><Trackpoint><Time>2026-03-05T10:51:06+00:00</Time><DistanceMeters>3647.2</DistanceMeters><Position><LatitudeDegrees>50.853735</LatitudeDegrees><LongitudeDegrees>4.28282</LongitudeDegrees></Position><AltitudeMeters>80.2</AltitudeMeters><Extensions><TPX xmlns="http://www.garmin.com/xmlschemas/ActivityExtension/v2"><Speed>2.67</Speed></TPX></Extensions></Trackpoint><Trackpoint><Time>2026-03-05T10:51:07+00:00</Time><DistanceMeters>3652.3</DistanceMeters><Position><LatitudeDegrees>50.853719</LatitudeDegrees><LongitudeDegrees>4.282887</LongitudeDegrees></Position><AltitudeMeters>80.1</AltitudeMeters><Extensions><TPX xmlns="http://www.garmin.com/xmlschemas/ActivityExtension/v2"><Speed>3.14</Speed></TPX></Extensions></Trackpoint><Trackpoint><Time>2026-03-05T10:51:09+00:00</Time><DistanceMeters>3655.4</DistanceMeters><Position><LatitudeDegrees>50.853705</LatitudeDegrees><LongitudeDegrees>4.282948</LongitudeDegrees></Position><AltitudeMeters>79.9</AltitudeMeters><Extensions><TPX xmlns="http://www.garmin.com/xmlschemas/ActivityExtension/v2"><Speed>2.72</Speed></TPX></Extensions></Trackpoint><Trackpoint><Time>2026-03-05T10:51:10+00:00</Time><DistanceMeters>3658.5</DistanceMeters><Position><LatitudeDegrees>50.853701</LatitudeDegrees><LongitudeDegrees>4.282972</LongitudeDegrees></Position><AltitudeMeters>79.9</AltitudeMeters><Extensions><TPX xmlns="http://www.garmin.com/xmlschemas/ActivityExtension/v2"><Speed>2.8</Speed></TPX></Extensions></Trackpoint><Trackpoint><Time>2026-03-05T10:51:11+00:00</Time><DistanceMeters>3661.3</DistanceMeters><Position><LatitudeDegrees>50.853684</LatitudeDegrees><LongitudeDegrees>4.283026</LongitudeDegrees></Position><AltitudeMeters>79.7</AltitudeMeters><Extensions><TPX xmlns="http://www.garmin.com/xmlschemas/ActivityExtension/v2"><Speed>2.82</Speed></TPX></Extensions></Trackpoint><Trackpoint><Time>2026-03-05T10:51:12+00:00</Time><DistanceMeters>3664.1</DistanceMeters><Position><LatitudeDegrees>50.853677</LatitudeDegrees><LongitudeDegrees>4.283042</LongitudeDegrees></Position><AltitudeMeters>79.7</AltitudeMeters><Extensions><TPX xmlns="http://www.garmin.com/xmlschemas/ActivityExtension/v2"><Speed>2.36</Speed></TPX></Extensions></Trackpoint><Trackpoint><Time>2026-03-05T10:51:13+00:00</Time><DistanceMeters>3669.4</DistanceMeters><Position><LatitudeDegrees>50.853648</LatitudeDegrees><LongitudeDegrees>4.283101</LongitudeDegrees></Position><AltitudeMeters>79.5</AltitudeMeters><Extensions><TPX xmlns="http://www.garmin.com/xmlschemas/ActivityExtension/v2"><Speed>2.85</Speed></TPX></Extensions></Trackpoint><Trackpoint><Time>2026-03-05T10:51:15+00:00</Time><DistanceMeters>3672.2</DistanceMeters><Position><LatitudeDegrees>50.853618</LatitudeDegrees><LongitudeDegrees>4.283137</LongitudeDegrees></Position><AltitudeMeters>79.4</AltitudeMeters><Extensions><TPX xmlns="http://www.garmin.com/xmlschemas/ActivityExtension/v2"><Speed>2.73</Speed></TPX></Extensions></Trackpoint><Trackpoint><Time>2026-03-05T10:51:16+00:00</Time><DistanceMeters>3674.9</DistanceMeters><Position><LatitudeDegrees>50.853607</LatitudeDegrees><LongitudeDegrees>4.283146</LongitudeDegrees></Position><AltitudeMeters>79.4</AltitudeMeters><Extensions><TPX xmlns="http://www.garmin.com/xmlschemas/ActivityExtension/v2"><Speed>2.72</Speed></TPX></Extensions></Trackpoint><Trackpoint><Time>2026-03-05T10:51:17+00:00</Time><DistanceMeters>3678.0</DistanceMeters><Position><LatitudeDegrees>50.85358</LatitudeDegrees><LongitudeDegrees>4.283156</LongitudeDegrees></Position><AltitudeMeters>79.4</AltitudeMeters><Extensions><TPX xmlns="http://www.garmin.com/xmlschemas/ActivityExtension/v2"><Speed>2.78</Speed></TPX></Extensions></Trackpoint><Trackpoint><Time>2026-03-05T10:51:18+00:00</Time><DistanceMeters>3681.4</DistanceMeters><Position><LatitudeDegrees>50.853524</LatitudeDegrees><LongitudeDegrees>4.283169</LongitudeDegrees></Position><AltitudeMeters>79.5</AltitudeMeters><Extensions><TPX xmlns="http://www.garmin.com/xmlschemas/ActivityExtension/v2"><Speed>2.4</Speed></TPX></Extensions></Trackpoint><Trackpoint><Time>2026-03-05T10:51:20+00:00</Time><DistanceMeters>3687.4</DistanceMeters><Position><LatitudeDegrees>50.853496</LatitudeDegrees><LongitudeDegrees>4.283176</LongitudeDegrees></Position><AltitudeMeters>79.5</AltitudeMeters><Extensions><TPX xmlns="http://www.garmin.com/xmlschemas/ActivityExtension/v2"><Speed>3.05</Speed></TPX></Extensions></Trackpoint><Trackpoint><Time>2026-03-05T10:51:21+00:00</Time><DistanceMeters>3690.4</DistanceMeters><Position><LatitudeDegrees>50.85347</LatitudeDegrees><LongitudeDegrees>4.283186</LongitudeDegrees></Position><AltitudeMeters>79.6</AltitudeMeters><Extensions><TPX xmlns="http://www.garmin.com/xmlschemas/ActivityExtension/v2"><Speed>3.1</Speed></TPX></Extensions></Trackpoint><Trackpoint><Time>2026-03-05T10:51:22+00:00</Time><DistanceMeters>3693.1</DistanceMeters><Position><LatitudeDegrees>50.853424</LatitudeDegrees><LongitudeDegrees>4.283198</LongitudeDegrees></Position><AltitudeMeters>79.7</AltitudeMeters><Extensions><TPX xmlns="http://www.garmin.com/xmlschemas/ActivityExtension/v2"><Speed>3.01</Speed></TPX></Extensions></Trackpoint><Trackpoint><Time>2026-03-05T10:51:23+00:00</Time><DistanceMeters>3695.7</DistanceMeters><Position><LatitudeDegrees>50.853401</LatitudeDegrees><LongitudeDegrees>4.283204</LongitudeDegrees></Position><AltitudeMeters>79.7</AltitudeMeters><Extensions><TPX xmlns="http://www.garmin.com/xmlschemas/ActivityExtension/v2"><Speed>2.86</Speed></TPX></Extensions></Trackpoint><Trackpoint><Time>2026-03-05T10:51:25+00:00</Time><DistanceMeters>3701.1</DistanceMeters><Position><LatitudeDegrees>50.853375</LatitudeDegrees><LongitudeDegrees>4.283212</LongitudeDegrees></Position><AltitudeMeters>79.8</AltitudeMeters><Extensions><TPX xmlns="http://www.garmin.com/xmlschemas/ActivityExtension/v2"><Speed>2.74</Speed></TPX></Extensions></Trackpoint><Trackpoint><Time>2026-03-05T10:51:26+00:00</Time><DistanceMeters>3705.6</DistanceMeters><Position><LatitudeDegrees>50.853324</LatitudeDegrees><LongitudeDegrees>4.283224</LongitudeDegrees></Position><AltitudeMeters>79.9</AltitudeMeters><Extensions><TPX xmlns="http://www.garmin.com/xmlschemas/ActivityExtension/v2"><Speed>3.04</Speed></TPX></Extensions></Trackpoint><Trackpoint><Time>2026-03-05T10:51:27+00:00</Time><DistanceMeters>3710.1</DistanceMeters><Position><LatitudeDegrees>50.853295</LatitudeDegrees><LongitudeDegrees>4.283233</LongitudeDegrees></Position><AltitudeMeters>79.9</AltitudeMeters><Extensions><TPX xmlns="http://www.garmin.com/xmlschemas/ActivityExtension/v2"><Speed>3.41</Speed></TPX></Extensions></Trackpoint><Trackpoint><Time>2026-03-05T10:51:29+00:00</Time><DistanceMeters>3710.1</DistanceMeters><Position><LatitudeDegrees>50.853283</LatitudeDegrees><LongitudeDegrees>4.283239</LongitudeDegrees></Position><AltitudeMeters>79.9</AltitudeMeters><Extensions><TPX xmlns="http://www.garmin.com/xmlschemas/ActivityExtension/v2"><Speed>2.4</Speed></TPX></Extensions></Trackpoint><Trackpoint><Time>2026-03-05T10:51:30+00:00</Time><DistanceMeters>3713.8</DistanceMeters><Position><LatitudeDegrees>50.853262</LatitudeDegrees><LongitudeDegrees>4.283241</LongitudeDegrees></Position><AltitudeMeters>80.0</AltitudeMeters><Extensions><TPX xmlns="http://www.garmin.com/xmlschemas/ActivityExtension/v2"><Speed>2.54</Speed></TPX></Extensions></Trackpoint><Trackpoint><Time>2026-03-05T10:51:31+00:00</Time><DistanceMeters>3716.5</DistanceMeters><Position><LatitudeDegrees>50.853224</LatitudeDegrees><LongitudeDegrees>4.283202</LongitudeDegrees></Position><AltitudeMeters>80.1</AltitudeMeters><Extensions><TPX xmlns="http://www.garmin.com/xmlschemas/ActivityExtension/v2"><Speed>2.17</Speed></TPX></Extensions></Trackpoint><Trackpoint><Time>2026-03-05T10:51:32+00:00</Time><DistanceMeters>3719.1</DistanceMeters><Position><LatitudeDegrees>50.853208</LatitudeDegrees><LongitudeDegrees>4.283174</LongitudeDegrees></Position><AltitudeMeters>80.1</AltitudeMeters><Extensions><TPX xmlns="http://www.garmin.com/xmlschemas/ActivityExtension/v2"><Speed>1.8</Speed></TPX></Extensions></Trackpoint><Trackpoint><Time>2026-03-05T10:51:34+00:00</Time><DistanceMeters>3724.8</DistanceMeters><Position><LatitudeDegrees>50.853195</LatitudeDegrees><LongitudeDegrees>4.283136</LongitudeDegrees></Position><AltitudeMeters>80.2</AltitudeMeters><Extensions><TPX xmlns="http://www.garmin.com/xmlschemas/ActivityExtension/v2"><Speed>2.94</Speed></TPX></Extensions></Trackpoint><Trackpoint><Time>2026-03-05T10:51:35+00:00</Time><DistanceMeters>3727.4</DistanceMeters><Position><LatitudeDegrees>50.853178</LatitudeDegrees><LongitudeDegrees>4.283089</LongitudeDegrees></Position><AltitudeMeters>80.3</AltitudeMeters><Extensions><TPX xmlns="http://www.garmin.com/xmlschemas/ActivityExtension/v2"><Speed>2.71</Speed></TPX></Extensions></Trackpoint><Trackpoint><Time>2026-03-05T10:51:36+00:00</Time><DistanceMeters>3729.9</DistanceMeters><Position><LatitudeDegrees>50.853171</LatitudeDegrees><LongitudeDegrees>4.283074</LongitudeDegrees></Position><AltitudeMeters>80.3</AltitudeMeters><Extensions><TPX xmlns="http://www.garmin.com/xmlschemas/ActivityExtension/v2"><Speed>2.69</Speed></TPX></Extensions></Trackpoint><Trackpoint><Time>2026-03-05T10:51:37+00:00</Time><DistanceMeters>3732.4</DistanceMeters><Position><LatitudeDegrees>50.853149</LatitudeDegrees><LongitudeDegrees>4.283036</LongitudeDegrees></Position><AltitudeMeters>80.4</AltitudeMeters><Extensions><TPX xmlns="http://www.garmin.com/xmlschemas/ActivityExtension/v2"><Speed>2.65</Speed></TPX></Extensions></Trackpoint><Trackpoint><Time>2026-03-05T10:51:38+00:00</Time><DistanceMeters>3734.8</DistanceMeters><Position><LatitudeDegrees>50.853141</LatitudeDegrees><LongitudeDegrees>4.283023</LongitudeDegrees></Position><AltitudeMeters>80.4</AltitudeMeters><Extensions><TPX xmlns="http://www.garmin.com/xmlschemas/ActivityExtension/v2"><Speed>2.617</Speed></TPX></Extensions></Trackpoint><Trackpoint><Time>2026-03-05T10:51:39+00:00</Time><DistanceMeters>3737.1</DistanceMeters><Position><LatitudeDegrees>50.853119</LatitudeDegrees><LongitudeDegrees>4.282988</LongitudeDegrees></Position><AltitudeMeters>80.4</AltitudeMeters><Extensions><TPX xmlns="http://www.garmin.com/xmlschemas/ActivityExtension/v2"><Speed>2.46</Speed></TPX></Extensions></Trackpoint><Trackpoint><Time>2026-03-05T10:51:40+00:00</Time><DistanceMeters>3739.4</DistanceMeters><Position><LatitudeDegrees>50.853112</LatitudeDegrees><LongitudeDegrees>4.282976</LongitudeDegrees></Position><AltitudeMeters>80.5</AltitudeMeters><Extensions><TPX xmlns="http://www.garmin.com/xmlschemas/ActivityExtension/v2"><Speed>2.41</Speed></TPX></Extensions></Trackpoint><Trackpoint><Time>2026-03-05T10:51:41+00:00</Time><DistanceMeters>3744.9</DistanceMeters><Position><LatitudeDegrees>50.853082</LatitudeDegrees><LongitudeDegrees>4.282915</LongitudeDegrees></Position><AltitudeMeters>80.6</AltitudeMeters><Extensions><TPX xmlns="http://www.garmin.com/xmlschemas/ActivityExtension/v2"><Speed>3.0</Speed></TPX></Extensions></Trackpoint><Trackpoint><Time>2026-03-05T10:51:43+00:00</Time><DistanceMeters>3747.4</DistanceMeters><Position><LatitudeDegrees>50.853064</LatitudeDegrees><LongitudeDegrees>4.28287</LongitudeDegrees></Position><AltitudeMeters>80.6</AltitudeMeters><Extensions><TPX xmlns="http://www.garmin.com/xmlschemas/ActivityExtension/v2"><Speed>2.52</Speed></TPX></Extensions></Trackpoint><Trackpoint><Time>2026-03-05T10:51:44+00:00</Time><DistanceMeters>3749.9</DistanceMeters><Position><LatitudeDegrees>50.853058</LatitudeDegrees><LongitudeDegrees>4.282853</LongitudeDegrees></Position><AltitudeMeters>80.7</AltitudeMeters><Extensions><TPX xmlns="http://www.garmin.com/xmlschemas/ActivityExtension/v2"><Speed>2.56</Speed></TPX></Extensions></Trackpoint><Trackpoint><Time>2026-03-05T10:51:45+00:00</Time><DistanceMeters>3754.9</DistanceMeters><Position><LatitudeDegrees>50.853034</LatitudeDegrees><LongitudeDegrees>4.282794</LongitudeDegrees></Position><AltitudeMeters>80.8</AltitudeMeters><Extensions><TPX xmlns="http://www.garmin.com/xmlschemas/ActivityExtension/v2"><Speed>3.1</Speed></TPX></Extensions></Trackpoint><Trackpoint><Time>2026-03-05T10:51:47+00:00</Time><DistanceMeters>3757.5</DistanceMeters><Position><LatitudeDegrees>50.853017</LatitudeDegrees><LongitudeDegrees>4.282745</LongitudeDegrees></Position><AltitudeMeters>80.8</AltitudeMeters><Extensions><TPX xmlns="http://www.garmin.com/xmlschemas/ActivityExtension/v2"><Speed>2.092</Speed></TPX></Extensions></Trackpoint><Trackpoint><Time>2026-03-05T10:51:48+00:00</Time><DistanceMeters>3760.0</DistanceMeters><Position><LatitudeDegrees>50.853012</LatitudeDegrees><LongitudeDegrees>4.282729</LongitudeDegrees></Position><AltitudeMeters>80.9</AltitudeMeters><Extensions><TPX xmlns="http://www.garmin.com/xmlschemas/ActivityExtension/v2"><Speed>2.52</Speed></TPX></Extensions></Trackpoint><Trackpoint><Time>2026-03-05T10:51:49+00:00</Time><DistanceMeters>3762.6</DistanceMeters><Position><LatitudeDegrees>50.852996</LatitudeDegrees><LongitudeDegrees>4.282682</LongitudeDegrees></Position><AltitudeMeters>80.9</AltitudeMeters><Extensions><TPX xmlns="http://www.garmin.com/xmlschemas/ActivityExtension/v2"><Speed>2.53</Speed></TPX></Extensions></Trackpoint><Trackpoint><Time>2026-03-05T10:51:50+00:00</Time><DistanceMeters>3765.1</DistanceMeters><Position><LatitudeDegrees>50.852991</LatitudeDegrees><LongitudeDegrees>4.282666</LongitudeDegrees></Position><AltitudeMeters>80.9</AltitudeMeters><Extensions><TPX xmlns="http://www.garmin.com/xmlschemas/ActivityExtension/v2"><Speed>2.04</Speed></TPX></Extensions></Trackpoint><Trackpoint><Time>2026-03-05T10:51:51+00:00</Time><DistanceMeters>3767.8</DistanceMeters><Position><LatitudeDegrees>50.852976</LatitudeDegrees><LongitudeDegrees>4.282615</LongitudeDegrees></Position><AltitudeMeters>81.0</AltitudeMeters><Extensions><TPX xmlns="http://www.garmin.com/xmlschemas/ActivityExtension/v2"><Speed>2.142</Speed></TPX></Extensions></Trackpoint><Trackpoint><Time>2026-03-05T10:51:52+00:00</Time><DistanceMeters>3770.4</DistanceMeters><Position><LatitudeDegrees>50.85297</LatitudeDegrees><LongitudeDegrees>4.282598</LongitudeDegrees></Position><AltitudeMeters>81.0</AltitudeMeters><Extensions><TPX xmlns="http://www.garmin.com/xmlschemas/ActivityExtension/v2"><Speed>2.59</Speed></TPX></Extensions></Trackpoint><Trackpoint><Time>2026-03-05T10:51:53+00:00</Time><DistanceMeters>3773.2</DistanceMeters><Position><LatitudeDegrees>50.852945</LatitudeDegrees><LongitudeDegrees>4.282532</LongitudeDegrees></Position><AltitudeMeters>81.1</AltitudeMeters><Extensions><TPX xmlns="http://www.garmin.com/xmlschemas/ActivityExtension/v2"><Speed>2.63</Speed></TPX></Extensions></Trackpoint><Trackpoint><Time>2026-03-05T10:51:54+00:00</Time><DistanceMeters>3775.9</DistanceMeters><Position><LatitudeDegrees>50.852933</LatitudeDegrees><LongitudeDegrees>4.282499</LongitudeDegrees></Position><AltitudeMeters>81.2</AltitudeMeters><Extensions><TPX xmlns="http://www.garmin.com/xmlschemas/ActivityExtension/v2"><Speed>2.67</Speed></TPX></Extensions></Trackpoint><Trackpoint><Time>2026-03-05T10:51:56+00:00</Time><DistanceMeters>3781.3</DistanceMeters><Position><LatitudeDegrees>50.852919</LatitudeDegrees><LongitudeDegrees>4.282466</LongitudeDegrees></Position><AltitudeMeters>81.2</AltitudeMeters><Extensions><TPX xmlns="http://www.garmin.com/xmlschemas/ActivityExtension/v2"><Speed>2.71</Speed></TPX></Extensions></Trackpoint><Trackpoint><Time>2026-03-05T10:51:57+00:00</Time><DistanceMeters>3783.9</DistanceMeters><Position><LatitudeDegrees>50.852892</LatitudeDegrees><LongitudeDegrees>4.282407</LongitudeDegrees></Position><AltitudeMeters>81.2</AltitudeMeters><Extensions><TPX xmlns="http://www.garmin.com/xmlschemas/ActivityExtension/v2"><Speed>2.69</Speed></TPX></Extensions></Trackpoint><Trackpoint><Time>2026-03-05T10:51:58+00:00</Time><DistanceMeters>3786.4</DistanceMeters><Position><LatitudeDegrees>50.852877</LatitudeDegrees><LongitudeDegrees>4.282379</LongitudeDegrees></Position><AltitudeMeters>81.3</AltitudeMeters><Extensions><TPX xmlns="http://www.garmin.com/xmlschemas/ActivityExtension/v2"><Speed>2.65</Speed></TPX></Extensions></Trackpoint><Trackpoint><Time>2026-03-05T10:52:00+00:00</Time><DistanceMeters>3792.0</DistanceMeters><Position><LatitudeDegrees>50.85286</LatitudeDegrees><LongitudeDegrees>4.282345</LongitudeDegrees></Position><AltitudeMeters>81.3</AltitudeMeters><Extensions><TPX xmlns="http://www.garmin.com/xmlschemas/ActivityExtension/v2"><Speed>2.683</Speed></TPX></Extensions></Trackpoint><Trackpoint><Time>2026-03-05T10:52:01+00:00</Time><DistanceMeters>3794.8</DistanceMeters><Position><LatitudeDegrees>50.85284</LatitudeDegrees><LongitudeDegrees>4.282293</LongitudeDegrees></Position><AltitudeMeters>81.3</AltitudeMeters><Extensions><TPX xmlns="http://www.garmin.com/xmlschemas/ActivityExtension/v2"><Speed>2.7</Speed></TPX></Extensions></Trackpoint><Trackpoint><Time>2026-03-05T10:52:02+00:00</Time><DistanceMeters>3797.6</DistanceMeters><Position><LatitudeDegrees>50.852833</LatitudeDegrees><LongitudeDegrees>4.282276</LongitudeDegrees></Position><AltitudeMeters>81.4</AltitudeMeters><Extensions><TPX xmlns="http://www.garmin.com/xmlschemas/ActivityExtension/v2"><Speed>2.75</Speed></TPX></Extensions></Trackpoint><Trackpoint><Time>2026-03-05T10:52:03+00:00</Time><DistanceMeters>3800.4</DistanceMeters><Position><LatitudeDegrees>50.852815</LatitudeDegrees><LongitudeDegrees>4.282224</LongitudeDegrees></Position><AltitudeMeters>81.4</AltitudeMeters><Extensions><TPX xmlns="http://www.garmin.com/xmlschemas/ActivityExtension/v2"><Speed>2.8</Speed></TPX></Extensions></Trackpoint><Trackpoint><Time>2026-03-05T10:52:04+00:00</Time><DistanceMeters>3803.2</DistanceMeters><Position><LatitudeDegrees>50.852809</LatitudeDegrees><LongitudeDegrees>4.282207</LongitudeDegrees></Position><AltitudeMeters>81.4</AltitudeMeters><Extensions><TPX xmlns="http://www.garmin.com/xmlschemas/ActivityExtension/v2"><Speed>2.8</Speed></TPX></Extensions></Trackpoint><Trackpoint><Time>2026-03-05T10:52:05+00:00</Time><DistanceMeters>3805.9</DistanceMeters><Position><LatitudeDegrees>50.852786</LatitudeDegrees><LongitudeDegrees>4.282141</LongitudeDegrees></Position><AltitudeMeters>81.4</AltitudeMeters><Extensions><TPX xmlns="http://www.garmin.com/xmlschemas/ActivityExtension/v2"><Speed>2.78</Speed></TPX></Extensions></Trackpoint><Trackpoint><Time>2026-03-05T10:52:06+00:00</Time><DistanceMeters>3808.6</DistanceMeters><Position><LatitudeDegrees>50.852773</LatitudeDegrees><LongitudeDegrees>4.28211</LongitudeDegrees></Position><AltitudeMeters>81.4</AltitudeMeters><Extensions><TPX xmlns="http://www.garmin.com/xmlschemas/ActivityExtension/v2"><Speed>2.76</Speed></TPX></Extensions></Trackpoint><Trackpoint><Time>2026-03-05T10:52:08+00:00</Time><DistanceMeters>3814.0</DistanceMeters><Position><LatitudeDegrees>50.852758</LatitudeDegrees><LongitudeDegrees>4.282076</LongitudeDegrees></Position><AltitudeMeters>81.4</AltitudeMeters><Extensions><TPX xmlns="http://www.garmin.com/xmlschemas/ActivityExtension/v2"><Speed>2.72</Speed></TPX></Extensions></Trackpoint><Trackpoint><Time>2026-03-05T10:52:09+00:00</Time><DistanceMeters>3816.6</DistanceMeters><Position><LatitudeDegrees>50.852736</LatitudeDegrees><LongitudeDegrees>4.282034</LongitudeDegrees></Position><AltitudeMeters>81.4</AltitudeMeters><Extensions><TPX xmlns="http://www.garmin.com/xmlschemas/ActivityExtension/v2"><Speed>2.67</Speed></TPX></Extensions></Trackpoint><Trackpoint><Time>2026-03-05T10:52:10+00:00</Time><DistanceMeters>3819.1</DistanceMeters><Position><LatitudeDegrees>50.852727</LatitudeDegrees><LongitudeDegrees>4.282023</LongitudeDegrees></Position><AltitudeMeters>81.4</AltitudeMeters><Extensions><TPX xmlns="http://www.garmin.com/xmlschemas/ActivityExtension/v2"><Speed>2.64</Speed></TPX></Extensions></Trackpoint><Trackpoint><Time>2026-03-05T10:52:11+00:00</Time><DistanceMeters>3821.6</DistanceMeters><Position><LatitudeDegrees>50.852698</LatitudeDegrees><LongitudeDegrees>4.281995</LongitudeDegrees></Position><AltitudeMeters>81.4</AltitudeMeters><Extensions><TPX xmlns="http://www.garmin.com/xmlschemas/ActivityExtension/v2"><Speed>2.59</Speed></TPX></Extensions></Trackpoint><Trackpoint><Time>2026-03-05T10:52:12+00:00</Time><DistanceMeters>3824.0</DistanceMeters><Position><LatitudeDegrees>50.85269</LatitudeDegrees><LongitudeDegrees>4.281984</LongitudeDegrees></Position><AltitudeMeters>81.4</AltitudeMeters><Extensions><TPX xmlns="http://www.garmin.com/xmlschemas/ActivityExtension/v2"><Speed>2.567</Speed></TPX></Extensions></Trackpoint><Trackpoint><Time>2026-03-05T10:52:13+00:00</Time><DistanceMeters>3826.2</DistanceMeters><Position><LatitudeDegrees>50.852669</LatitudeDegrees><LongitudeDegrees>4.281951</LongitudeDegrees></Position><AltitudeMeters>81.4</AltitudeMeters><Extensions><TPX xmlns="http://www.garmin.com/xmlschemas/ActivityExtension/v2"><Speed>2.43</Speed></TPX></Extensions></Trackpoint><Trackpoint><Time>2026-03-05T10:52:14+00:00</Time><DistanceMeters>3828.3</DistanceMeters><Position><LatitudeDegrees>50.852663</LatitudeDegrees><LongitudeDegrees>4.281941</LongitudeDegrees></Position><AltitudeMeters>81.4</AltitudeMeters><Extensions><TPX xmlns="http://www.garmin.com/xmlschemas/ActivityExtension/v2"><Speed>2.35</Speed></TPX></Extensions></Trackpoint><Trackpoint><Time>2026-03-05T10:52:15+00:00</Time><DistanceMeters>3832.9</DistanceMeters><Position><LatitudeDegrees>50.852636</LatitudeDegrees><LongitudeDegrees>4.281891</LongitudeDegrees></Position><AltitudeMeters>81.4</AltitudeMeters><Extensions><TPX xmlns="http://www.garmin.com/xmlschemas/ActivityExtension/v2"><Speed>2.76</Speed></TPX></Extensions></Trackpoint><Trackpoint><Time>2026-03-05T10:52:17+00:00</Time><DistanceMeters>3835.2</DistanceMeters><Position><LatitudeDegrees>50.852615</LatitudeDegrees><LongitudeDegrees>4.281852</LongitudeDegrees></Position><AltitudeMeters>81.4</AltitudeMeters><Extensions><TPX xmlns="http://www.garmin.com/xmlschemas/ActivityExtension/v2"><Speed>2.24</Speed></TPX></Extensions></Trackpoint><Trackpoint><Time>2026-03-05T10:52:18+00:00</Time><DistanceMeters>3837.5</DistanceMeters><Position><LatitudeDegrees>50.852609</LatitudeDegrees><LongitudeDegrees>4.281841</LongitudeDegrees></Position><AltitudeMeters>81.4</AltitudeMeters><Extensions><TPX xmlns="http://www.garmin.com/xmlschemas/ActivityExtension/v2"><Speed>2.27</Speed></TPX></Extensions></Trackpoint><Trackpoint><Time>2026-03-05T10:52:19+00:00</Time><DistanceMeters>3842.1</DistanceMeters><Position><LatitudeDegrees>50.852585</LatitudeDegrees><LongitudeDegrees>4.281789</LongitudeDegrees></Position><AltitudeMeters>81.3</AltitudeMeters><Extensions><TPX xmlns="http://www.garmin.com/xmlschemas/ActivityExtension/v2"><Speed>2.76</Speed></TPX></Extensions></Trackpoint><Trackpoint><Time>2026-03-05T10:52:20+00:00</Time><DistanceMeters>3842.1</DistanceMeters><Position><LatitudeDegrees>50.852572</LatitudeDegrees><LongitudeDegrees>4.28176</LongitudeDegrees></Position><AltitudeMeters>81.3</AltitudeMeters><Extensions><TPX xmlns="http://www.garmin.com/xmlschemas/ActivityExtension/v2"><Speed>1.84</Speed></TPX></Extensions></Trackpoint><Trackpoint><Time>2026-03-05T10:52:22+00:00</Time><DistanceMeters>3847.0</DistanceMeters><Position><LatitudeDegrees>50.85256</LatitudeDegrees><LongitudeDegrees>4.281731</LongitudeDegrees></Position><AltitudeMeters>81.3</AltitudeMeters><Extensions><TPX xmlns="http://www.garmin.com/xmlschemas/ActivityExtension/v2"><Speed>2.36</Speed></TPX></Extensions></Trackpoint><Trackpoint><Time>2026-03-05T10:52:23+00:00</Time><DistanceMeters>3849.6</DistanceMeters><Position><LatitudeDegrees>50.852537</LatitudeDegrees><LongitudeDegrees>4.281669</LongitudeDegrees></Position><AltitudeMeters>81.2</AltitudeMeters><Extensions><TPX xmlns="http://www.garmin.com/xmlschemas/ActivityExtension/v2"><Speed>2.41</Speed></TPX></Extensions></Trackpoint><Trackpoint><Time>2026-03-05T10:52:24+00:00</Time><DistanceMeters>3852.1</DistanceMeters><Position><LatitudeDegrees>50.852525</LatitudeDegrees><LongitudeDegrees>4.281638</LongitudeDegrees></Position><AltitudeMeters>81.2</AltitudeMeters><Extensions><TPX xmlns="http://www.garmin.com/xmlschemas/ActivityExtension/v2"><Speed>2.0</Speed></TPX></Extensions></Trackpoint><Trackpoint><Time>2026-03-05T10:52:25+00:00</Time><DistanceMeters>3857.2</DistanceMeters><Position><LatitudeDegrees>50.852514</LatitudeDegrees><LongitudeDegrees>4.281605</LongitudeDegrees></Position><AltitudeMeters>81.2</AltitudeMeters><Extensions><TPX xmlns="http://www.garmin.com/xmlschemas/ActivityExtension/v2"><Speed>3.02</Speed></TPX></Extensions></Trackpoint><Trackpoint><Time>2026-03-05T10:52:27+00:00</Time><DistanceMeters>3859.8</DistanceMeters><Position><LatitudeDegrees>50.852496</LatitudeDegrees><LongitudeDegrees>4.281559</LongitudeDegrees></Position><AltitudeMeters>81.1</AltitudeMeters><Extensions><TPX xmlns="http://www.garmin.com/xmlschemas/ActivityExtension/v2"><Speed>2.55</Speed></TPX></Extensions></Trackpoint><Trackpoint><Time>2026-03-05T10:52:28+00:00</Time><DistanceMeters>3862.3</DistanceMeters><Position><LatitudeDegrees>50.852489</LatitudeDegrees><LongitudeDegrees>4.281544</LongitudeDegrees></Position><AltitudeMeters>81.1</AltitudeMeters><Extensions><TPX xmlns="http://www.garmin.com/xmlschemas/ActivityExtension/v2"><Speed>2.55</Speed></TPX></Extensions></Trackpoint><Trackpoint><Time>2026-03-05T10:52:29+00:00</Time><DistanceMeters>3867.3</DistanceMeters><Position><LatitudeDegrees>50.852464</LatitudeDegrees><LongitudeDegrees>4.281485</LongitudeDegrees></Position><AltitudeMeters>81.0</AltitudeMeters><Extensions><TPX xmlns="http://www.garmin.com/xmlschemas/ActivityExtension/v2"><Speed>3.04</Speed></TPX></Extensions></Trackpoint><Trackpoint><Time>2026-03-05T10:52:31+00:00</Time><DistanceMeters>3869.5</DistanceMeters><Position><LatitudeDegrees>50.852441</LatitudeDegrees><LongitudeDegrees>4.281452</LongitudeDegrees></Position><AltitudeMeters>81.0</AltitudeMeters><Extensions><TPX xmlns="http://www.garmin.com/xmlschemas/ActivityExtension/v2"><Speed>2.05</Speed></TPX></Extensions></Trackpoint><Trackpoint><Time>2026-03-05T10:52:32+00:00</Time><DistanceMeters>3871.7</DistanceMeters><Position><LatitudeDegrees>50.852431</LatitudeDegrees><LongitudeDegrees>4.281451</LongitudeDegrees></Position><AltitudeMeters>80.9</AltitudeMeters><Extensions><TPX xmlns="http://www.garmin.com/xmlschemas/ActivityExtension/v2"><Speed>2.39</Speed></TPX></Extensions></Trackpoint><Trackpoint><Time>2026-03-05T10:52:33+00:00</Time><DistanceMeters>3871.7</DistanceMeters><Position><LatitudeDegrees>50.852416</LatitudeDegrees><LongitudeDegrees>4.281437</LongitudeDegrees></Position><AltitudeMeters>80.9</AltitudeMeters><Extensions><TPX xmlns="http://www.garmin.com/xmlschemas/ActivityExtension/v2"><Speed>1.88</Speed></TPX></Extensions></Trackpoint><Trackpoint><Time>2026-03-05T10:52:34+00:00</Time><DistanceMeters>3875.5</DistanceMeters><Position><LatitudeDegrees>50.852395</LatitudeDegrees><LongitudeDegrees>4.281387</LongitudeDegrees></Position><AltitudeMeters>80.8</AltitudeMeters><Extensions><TPX xmlns="http://www.garmin.com/xmlschemas/ActivityExtension/v2"><Speed>1.64</Speed></TPX></Extensions></Trackpoint><Trackpoint><Time>2026-03-05T10:52:36+00:00</Time><DistanceMeters>3879.7</DistanceMeters><Position><LatitudeDegrees>50.852388</LatitudeDegrees><LongitudeDegrees>4.281363</LongitudeDegrees></Position><AltitudeMeters>80.8</AltitudeMeters><Extensions><TPX xmlns="http://www.garmin.com/xmlschemas/ActivityExtension/v2"><Speed>2.04</Speed></TPX></Extensions></Trackpoint><Trackpoint><Time>2026-03-05T10:52:37+00:00</Time><DistanceMeters>3879.7</DistanceMeters><Position><LatitudeDegrees>50.852378</LatitudeDegrees><LongitudeDegrees>4.281343</LongitudeDegrees></Position><AltitudeMeters>80.7</AltitudeMeters><Extensions><TPX xmlns="http://www.garmin.com/xmlschemas/ActivityExtension/v2"><Speed>1.6</Speed></TPX></Extensions></Trackpoint><Trackpoint><Time>2026-03-05T10:52:38+00:00</Time><DistanceMeters>3883.5</DistanceMeters><Position><LatitudeDegrees>50.852366</LatitudeDegrees><LongitudeDegrees>4.28132</LongitudeDegrees></Position><AltitudeMeters>80.7</AltitudeMeters><Extensions><TPX xmlns="http://www.garmin.com/xmlschemas/ActivityExtension/v2"><Speed>2.36</Speed></TPX></Extensions></Trackpoint><Trackpoint><Time>2026-03-05T10:52:39+00:00</Time><DistanceMeters>3885.7</DistanceMeters><Position><LatitudeDegrees>50.852346</LatitudeDegrees><LongitudeDegrees>4.281287</LongitudeDegrees></Position><AltitudeMeters>80.6</AltitudeMeters><Extensions><TPX xmlns="http://www.garmin.com/xmlschemas/ActivityExtension/v2"><Speed>2.03</Speed></TPX></Extensions></Trackpoint><Trackpoint><Time>2026-03-05T10:52:40+00:00</Time><DistanceMeters>3887.8</DistanceMeters><Position><LatitudeDegrees>50.852339</LatitudeDegrees><LongitudeDegrees>4.281276</LongitudeDegrees></Position><AltitudeMeters>80.6</AltitudeMeters><Extensions><TPX xmlns="http://www.garmin.com/xmlschemas/ActivityExtension/v2"><Speed>2.05</Speed></TPX></Extensions></Trackpoint><Trackpoint><Time>2026-03-05T10:52:41+00:00</Time><DistanceMeters>3890.0</DistanceMeters><Position><LatitudeDegrees>50.852316</LatitudeDegrees><LongitudeDegrees>4.281248</LongitudeDegrees></Position><AltitudeMeters>80.5</AltitudeMeters><Extensions><TPX xmlns="http://www.garmin.com/xmlschemas/ActivityExtension/v2"><Speed>2.05</Speed></TPX></Extensions></Trackpoint><Trackpoint><Time>2026-03-05T10:52:42+00:00</Time><DistanceMeters>3892.1</DistanceMeters><Position><LatitudeDegrees>50.852309</LatitudeDegrees><LongitudeDegrees>4.281238</LongitudeDegrees></Position><AltitudeMeters>80.5</AltitudeMeters><Extensions><TPX xmlns="http://www.garmin.com/xmlschemas/ActivityExtension/v2"><Speed>2.48</Speed></TPX></Extensions></Trackpoint><Trackpoint><Time>2026-03-05T10:52:43+00:00</Time><DistanceMeters>3894.2</DistanceMeters><Position><LatitudeDegrees>50.852294</LatitudeDegrees><LongitudeDegrees>4.2812</LongitudeDegrees></Position><AltitudeMeters>80.4</AltitudeMeters><Extensions><TPX xmlns="http://www.garmin.com/xmlschemas/ActivityExtension/v2"><Speed>2.14</Speed></TPX></Extensions></Trackpoint><Trackpoint><Time>2026-03-05T10:52:44+00:00</Time><DistanceMeters>3896.3</DistanceMeters><Position><LatitudeDegrees>50.852289</LatitudeDegrees><LongitudeDegrees>4.281187</LongitudeDegrees></Position><AltitudeMeters>80.4</AltitudeMeters><Extensions><TPX xmlns="http://www.garmin.com/xmlschemas/ActivityExtension/v2"><Speed>2.13</Speed></TPX></Extensions></Trackpoint><Trackpoint><Time>2026-03-05T10:52:45+00:00</Time><DistanceMeters>3900.7</DistanceMeters><Position><LatitudeDegrees>50.852265</LatitudeDegrees><LongitudeDegrees>4.281137</LongitudeDegrees></Position><AltitudeMeters>80.3</AltitudeMeters><Extensions><TPX xmlns="http://www.garmin.com/xmlschemas/ActivityExtension/v2"><Speed>2.58</Speed></TPX></Extensions></Trackpoint><Trackpoint><Time>2026-03-05T10:52:47+00:00</Time><DistanceMeters>3903.2</DistanceMeters><Position><LatitudeDegrees>50.852245</LatitudeDegrees><LongitudeDegrees>4.281093</LongitudeDegrees></Position><AltitudeMeters>80.2</AltitudeMeters><Extensions><TPX xmlns="http://www.garmin.com/xmlschemas/ActivityExtension/v2"><Speed>2.22</Speed></TPX></Extensions></Trackpoint><Trackpoint><Time>2026-03-05T10:52:48+00:00</Time><DistanceMeters>3905.7</DistanceMeters><Position><LatitudeDegrees>50.852239</LatitudeDegrees><LongitudeDegrees>4.281079</LongitudeDegrees></Position><AltitudeMeters>80.1</AltitudeMeters><Extensions><TPX xmlns="http://www.garmin.com/xmlschemas/ActivityExtension/v2"><Speed>2.3</Speed></TPX></Extensions></Trackpoint><Trackpoint><Time>2026-03-05T10:52:49+00:00</Time><DistanceMeters>3907.9</DistanceMeters><Position><LatitudeDegrees>50.852221</LatitudeDegrees><LongitudeDegrees>4.281043</LongitudeDegrees></Position><AltitudeMeters>80.1</AltitudeMeters><Extensions><TPX xmlns="http://www.garmin.com/xmlschemas/ActivityExtension/v2"><Speed>2.32</Speed></TPX></Extensions></Trackpoint><Trackpoint><Time>2026-03-05T10:52:50+00:00</Time><DistanceMeters>3910.1</DistanceMeters><Position><LatitudeDegrees>50.852214</LatitudeDegrees><LongitudeDegrees>4.28103</LongitudeDegrees></Position><AltitudeMeters>80.0</AltitudeMeters><Extensions><TPX xmlns="http://www.garmin.com/xmlschemas/ActivityExtension/v2"><Speed>1.88</Speed></TPX></Extensions></Trackpoint><Trackpoint><Time>2026-03-05T10:52:51+00:00</Time><DistanceMeters>3915.1</DistanceMeters><Position><LatitudeDegrees>50.852192</LatitudeDegrees><LongitudeDegrees>4.280968</LongitudeDegrees></Position><AltitudeMeters>79.9</AltitudeMeters><Extensions><TPX xmlns="http://www.garmin.com/xmlschemas/ActivityExtension/v2"><Speed>2.4</Speed></TPX></Extensions></Trackpoint><Trackpoint><Time>2026-03-05T10:52:52+00:00</Time><DistanceMeters>3915.1</DistanceMeters><Position><LatitudeDegrees>50.852181</LatitudeDegrees><LongitudeDegrees>4.280932</LongitudeDegrees></Position><AltitudeMeters>79.8</AltitudeMeters><Extensions><TPX xmlns="http://www.garmin.com/xmlschemas/ActivityExtension/v2"><Speed>2.38</Speed></TPX></Extensions></Trackpoint><Trackpoint><Time>2026-03-05T10:52:54+00:00</Time><DistanceMeters>3921.0</DistanceMeters><Position><LatitudeDegrees>50.852169</LatitudeDegrees><LongitudeDegrees>4.280892</LongitudeDegrees></Position><AltitudeMeters>79.8</AltitudeMeters><Extensions><TPX xmlns="http://www.garmin.com/xmlschemas/ActivityExtension/v2"><Speed>2.62</Speed></TPX></Extensions></Trackpoint><Trackpoint><Time>2026-03-05T10:52:55+00:00</Time><DistanceMeters>3924.1</DistanceMeters><Position><LatitudeDegrees>50.852159</LatitudeDegrees><LongitudeDegrees>4.280852</LongitudeDegrees></Position><AltitudeMeters>79.7</AltitudeMeters><Extensions><TPX xmlns="http://www.garmin.com/xmlschemas/ActivityExtension/v2"><Speed>2.8</Speed></TPX></Extensions></Trackpoint><Trackpoint><Time>2026-03-05T10:52:56+00:00</Time><DistanceMeters>3927.0</DistanceMeters><Position><LatitudeDegrees>50.852141</LatitudeDegrees><LongitudeDegrees>4.280797</LongitudeDegrees></Position><AltitudeMeters>79.6</AltitudeMeters><Extensions><TPX xmlns="http://www.garmin.com/xmlschemas/ActivityExtension/v2"><Speed>2.37</Speed></TPX></Extensions></Trackpoint><Trackpoint><Time>2026-03-05T10:52:57+00:00</Time><DistanceMeters>3929.8</DistanceMeters><Position><LatitudeDegrees>50.852135</LatitudeDegrees><LongitudeDegrees>4.280779</LongitudeDegrees></Position><AltitudeMeters>79.5</AltitudeMeters><Extensions><TPX xmlns="http://www.garmin.com/xmlschemas/ActivityExtension/v2"><Speed>2.94</Speed></TPX></Extensions></Trackpoint><Trackpoint><Time>2026-03-05T10:52:58+00:00</Time><DistanceMeters>3935.4</DistanceMeters><Position><LatitudeDegrees>50.852116</LatitudeDegrees><LongitudeDegrees>4.280706</LongitudeDegrees></Position><AltitudeMeters>79.4</AltitudeMeters><Extensions><TPX xmlns="http://www.garmin.com/xmlschemas/ActivityExtension/v2"><Speed>3.383</Speed></TPX></Extensions></Trackpoint><Trackpoint><Time>2026-03-05T10:52:59+00:00</Time><DistanceMeters>3935.4</DistanceMeters><Position><LatitudeDegrees>50.852109</LatitudeDegrees><LongitudeDegrees>4.280668</LongitudeDegrees></Position><AltitudeMeters>79.3</AltitudeMeters><Extensions><TPX xmlns="http://www.garmin.com/xmlschemas/ActivityExtension/v2"><Speed>2.88</Speed></TPX></Extensions></Trackpoint><Trackpoint><Time>2026-03-05T10:53:01+00:00</Time><DistanceMeters>3942.7</DistanceMeters><Position><LatitudeDegrees>50.852112</LatitudeDegrees><LongitudeDegrees>4.280602</LongitudeDegrees></Position><AltitudeMeters>79.2</AltitudeMeters><Extensions><TPX xmlns="http://www.garmin.com/xmlschemas/ActivityExtension/v2"><Speed>3.15</Speed></TPX></Extensions></Trackpoint><Trackpoint><Time>2026-03-05T10:53:02+00:00</Time><DistanceMeters>3945.2</DistanceMeters><Position><LatitudeDegrees>50.852103</LatitudeDegrees><LongitudeDegrees>4.280535</LongitudeDegrees></Position><AltitudeMeters>79.1</AltitudeMeters><Extensions><TPX xmlns="http://www.garmin.com/xmlschemas/ActivityExtension/v2"><Speed>3.07</Speed></TPX></Extensions></Trackpoint><Trackpoint><Time>2026-03-05T10:53:03+00:00</Time><DistanceMeters>3947.6</DistanceMeters><Position><LatitudeDegrees>50.852096</LatitudeDegrees><LongitudeDegrees>4.280501</LongitudeDegrees></Position><AltitudeMeters>79.0</AltitudeMeters><Extensions><TPX xmlns="http://www.garmin.com/xmlschemas/ActivityExtension/v2"><Speed>2.44</Speed></TPX></Extensions></Trackpoint><Trackpoint><Time>2026-03-05T10:53:04+00:00</Time><DistanceMeters>3952.8</DistanceMeters><Position><LatitudeDegrees>50.852088</LatitudeDegrees><LongitudeDegrees>4.280463</LongitudeDegrees></Position><AltitudeMeters>78.9</AltitudeMeters><Extensions><TPX xmlns="http://www.garmin.com/xmlschemas/ActivityExtension/v2"><Speed>3.48</Speed></TPX></Extensions></Trackpoint><Trackpoint><Time>2026-03-05T10:53:06+00:00</Time><DistanceMeters>3957.6</DistanceMeters><Position><LatitudeDegrees>50.852072</LatitudeDegrees><LongitudeDegrees>4.280387</LongitudeDegrees></Position><AltitudeMeters>78.8</AltitudeMeters><Extensions><TPX xmlns="http://www.garmin.com/xmlschemas/ActivityExtension/v2"><Speed>2.98</Speed></TPX></Extensions></Trackpoint><Trackpoint><Time>2026-03-05T10:53:07+00:00</Time><DistanceMeters>3959.4</DistanceMeters><Position><LatitudeDegrees>50.852063</LatitudeDegrees><LongitudeDegrees>4.280353</LongitudeDegrees></Position><AltitudeMeters>78.7</AltitudeMeters><Extensions><TPX xmlns="http://www.garmin.com/xmlschemas/ActivityExtension/v2"><Speed>2.85</Speed></TPX></Extensions></Trackpoint><Trackpoint><Time>2026-03-05T10:53:08+00:00</Time><DistanceMeters>3961.2</DistanceMeters><Position><LatitudeDegrees>50.852055</LatitudeDegrees><LongitudeDegrees>4.280318</LongitudeDegrees></Position><AltitudeMeters>78.6</AltitudeMeters><Extensions><TPX xmlns="http://www.garmin.com/xmlschemas/ActivityExtension/v2"><Speed>2.72</Speed></TPX></Extensions></Trackpoint><Trackpoint><Time>2026-03-05T10:53:09+00:00</Time><DistanceMeters>3966.3</DistanceMeters><Position><LatitudeDegrees>50.852046</LatitudeDegrees><LongitudeDegrees>4.280282</LongitudeDegrees></Position><AltitudeMeters>78.5</AltitudeMeters><Extensions><TPX xmlns="http://www.garmin.com/xmlschemas/ActivityExtension/v2"><Speed>2.7</Speed></TPX></Extensions></Trackpoint><Trackpoint><Time>2026-03-05T10:53:11+00:00</Time><DistanceMeters>3971.0</DistanceMeters><Position><LatitudeDegrees>50.852026</LatitudeDegrees><LongitudeDegrees>4.280224</LongitudeDegrees></Position><AltitudeMeters>78.4</AltitudeMeters><Extensions><TPX xmlns="http://www.garmin.com/xmlschemas/ActivityExtension/v2"><Speed>2.687</Speed></TPX></Extensions></Trackpoint><Trackpoint><Time>2026-03-05T10:53:12+00:00</Time><DistanceMeters>3972.7</DistanceMeters><Position><LatitudeDegrees>50.852016</LatitudeDegrees><LongitudeDegrees>4.280207</LongitudeDegrees></Position><AltitudeMeters>78.3</AltitudeMeters><Extensions><TPX xmlns="http://www.garmin.com/xmlschemas/ActivityExtension/v2"><Speed>2.653</Speed></TPX></Extensions></Trackpoint><Trackpoint><Time>2026-03-05T10:53:13+00:00</Time><DistanceMeters>3974.3</DistanceMeters><Position><LatitudeDegrees>50.852006</LatitudeDegrees><LongitudeDegrees>4.28019</LongitudeDegrees></Position><AltitudeMeters>78.3</AltitudeMeters><Extensions><TPX xmlns="http://www.garmin.com/xmlschemas/ActivityExtension/v2"><Speed>2.62</Speed></TPX></Extensions></Trackpoint><Trackpoint><Time>2026-03-05T10:53:14+00:00</Time><DistanceMeters>3976.8</DistanceMeters><Position><LatitudeDegrees>50.85199</LatitudeDegrees><LongitudeDegrees>4.280143</LongitudeDegrees></Position><AltitudeMeters>78.2</AltitudeMeters><Extensions><TPX xmlns="http://www.garmin.com/xmlschemas/ActivityExtension/v2"><Speed>2.09</Speed></TPX></Extensions></Trackpoint><Trackpoint><Time>2026-03-05T10:53:15+00:00</Time><DistanceMeters>3979.2</DistanceMeters><Position><LatitudeDegrees>50.851985</LatitudeDegrees><LongitudeDegrees>4.280129</LongitudeDegrees></Position><AltitudeMeters>78.1</AltitudeMeters><Extensions><TPX xmlns="http://www.garmin.com/xmlschemas/ActivityExtension/v2"><Speed>2.15</Speed></TPX></Extensions></Trackpoint><Trackpoint><Time>2026-03-05T10:53:16+00:00</Time><DistanceMeters>3981.6</DistanceMeters><Position><LatitudeDegrees>50.851969</LatitudeDegrees><LongitudeDegrees>4.280086</LongitudeDegrees></Position><AltitudeMeters>78.0</AltitudeMeters><Extensions><TPX xmlns="http://www.garmin.com/xmlschemas/ActivityExtension/v2"><Speed>2.103</Speed></TPX></Extensions></Trackpoint><Trackpoint><Time>2026-03-05T10:53:17+00:00</Time><DistanceMeters>3983.9</DistanceMeters><Position><LatitudeDegrees>50.851963</LatitudeDegrees><LongitudeDegrees>4.280072</LongitudeDegrees></Position><AltitudeMeters>78.0</AltitudeMeters><Extensions><TPX xmlns="http://www.garmin.com/xmlschemas/ActivityExtension/v2"><Speed>2.247</Speed></TPX></Extensions></Trackpoint><Trackpoint><Time>2026-03-05T10:53:18+00:00</Time><DistanceMeters>3986.3</DistanceMeters><Position><LatitudeDegrees>50.851947</LatitudeDegrees><LongitudeDegrees>4.280028</LongitudeDegrees></Position><AltitudeMeters>77.9</AltitudeMeters><Extensions><TPX xmlns="http://www.garmin.com/xmlschemas/ActivityExtension/v2"><Speed>2.39</Speed></TPX></Extensions></Trackpoint><Trackpoint><Time>2026-03-05T10:53:19+00:00</Time><DistanceMeters>3988.6</DistanceMeters><Position><LatitudeDegrees>50.851941</LatitudeDegrees><LongitudeDegrees>4.280014</LongitudeDegrees></Position><AltitudeMeters>77.8</AltitudeMeters><Extensions><TPX xmlns="http://www.garmin.com/xmlschemas/ActivityExtension/v2"><Speed>2.37</Speed></TPX></Extensions></Trackpoint><Trackpoint><Time>2026-03-05T10:53:20+00:00</Time><DistanceMeters>3994.9</DistanceMeters><Position><LatitudeDegrees>50.851913</LatitudeDegrees><LongitudeDegrees>4.279937</LongitudeDegrees></Position><AltitudeMeters>77.7</AltitudeMeters><Extensions><TPX xmlns="http://www.garmin.com/xmlschemas/ActivityExtension/v2"><Speed>3.14</Speed></TPX></Extensions></Trackpoint><Trackpoint><Time>2026-03-05T10:53:22+00:00</Time><DistanceMeters>3994.9</DistanceMeters><Position><LatitudeDegrees>50.851908</LatitudeDegrees><LongitudeDegrees>4.279921</LongitudeDegrees></Position><AltitudeMeters>77.6</AltitudeMeters><Extensions><TPX xmlns="http://www.garmin.com/xmlschemas/ActivityExtension/v2"><Speed>2.2</Speed></TPX></Extensions></Trackpoint><Trackpoint><Time>2026-03-05T10:53:23+00:00</Time><DistanceMeters>3998.5</DistanceMeters><Position><LatitudeDegrees>50.851898</LatitudeDegrees><LongitudeDegrees>4.279891</LongitudeDegrees></Position><AltitudeMeters>77.6</AltitudeMeters><Extensions><TPX xmlns="http://www.garmin.com/xmlschemas/ActivityExtension/v2"><Speed>2.45</Speed></TPX></Extensions></Trackpoint><Trackpoint><Time>2026-03-05T10:53:24+00:00</Time><DistanceMeters>4001.1</DistanceMeters><Position><LatitudeDegrees>50.851878</LatitudeDegrees><LongitudeDegrees>4.279826</LongitudeDegrees></Position><AltitudeMeters>77.4</AltitudeMeters><Extensions><TPX xmlns="http://www.garmin.com/xmlschemas/ActivityExtension/v2"><Speed>2.49</Speed></TPX></Extensions></Trackpoint><Trackpoint><Time>2026-03-05T10:53:25+00:00</Time><DistanceMeters>4003.6</DistanceMeters><Position><LatitudeDegrees>50.851868</LatitudeDegrees><LongitudeDegrees>4.279794</LongitudeDegrees></Position><AltitudeMeters>77.3</AltitudeMeters><Extensions><TPX xmlns="http://www.garmin.com/xmlschemas/ActivityExtension/v2"><Speed>1.74</Speed></TPX></Extensions></Trackpoint><Trackpoint><Time>2026-03-05T10:53:26+00:00</Time><DistanceMeters>4008.7</DistanceMeters><Position><LatitudeDegrees>50.851861</LatitudeDegrees><LongitudeDegrees>4.279758</LongitudeDegrees></Position><AltitudeMeters>77.3</AltitudeMeters><Extensions><TPX xmlns="http://www.garmin.com/xmlschemas/ActivityExtension/v2"><Speed>2.3</Speed></TPX></Extensions></Trackpoint><Trackpoint><Time>2026-03-05T10:53:28+00:00</Time><DistanceMeters>4011.5</DistanceMeters><Position><LatitudeDegrees>50.85185</LatitudeDegrees><LongitudeDegrees>4.279702</LongitudeDegrees></Position><AltitudeMeters>77.2</AltitudeMeters><Extensions><TPX xmlns="http://www.garmin.com/xmlschemas/ActivityExtension/v2"><Speed>2.59</Speed></TPX></Extensions></Trackpoint><Trackpoint><Time>2026-03-05T10:53:29+00:00</Time><DistanceMeters>4014.2</DistanceMeters><Position><LatitudeDegrees>50.851845</LatitudeDegrees><LongitudeDegrees>4.279685</LongitudeDegrees></Position><AltitudeMeters>77.1</AltitudeMeters><Extensions><TPX xmlns="http://www.garmin.com/xmlschemas/ActivityExtension/v2"><Speed>2.63</Speed></TPX></Extensions></Trackpoint><Trackpoint><Time>2026-03-05T10:53:30+00:00</Time><DistanceMeters>4016.8</DistanceMeters><Position><LatitudeDegrees>50.851826</LatitudeDegrees><LongitudeDegrees>4.279621</LongitudeDegrees></Position><AltitudeMeters>77.0</AltitudeMeters><Extensions><TPX xmlns="http://www.garmin.com/xmlschemas/ActivityExtension/v2"><Speed>2.63</Speed></TPX></Extensions></Trackpoint><Trackpoint><Time>2026-03-05T10:53:31+00:00</Time><DistanceMeters>4019.3</DistanceMeters><Position><LatitudeDegrees>50.851816</LatitudeDegrees><LongitudeDegrees>4.27959</LongitudeDegrees></Position><AltitudeMeters>76.9</AltitudeMeters><Extensions><TPX xmlns="http://www.garmin.com/xmlschemas/ActivityExtension/v2"><Speed>2.12</Speed></TPX></Extensions></Trackpoint><Trackpoint><Time>2026-03-05T10:53:33+00:00</Time><DistanceMeters>4024.4</DistanceMeters><Position><LatitudeDegrees>50.851803</LatitudeDegrees><LongitudeDegrees>4.279556</LongitudeDegrees></Position><AltitudeMeters>76.9</AltitudeMeters><Extensions><TPX xmlns="http://www.garmin.com/xmlschemas/ActivityExtension/v2"><Speed>2.59</Speed></TPX></Extensions></Trackpoint><Trackpoint><Time>2026-03-05T10:53:34+00:00</Time><DistanceMeters>4026.9</DistanceMeters><Position><LatitudeDegrees>50.851791</LatitudeDegrees><LongitudeDegrees>4.279504</LongitudeDegrees></Position><AltitudeMeters>76.8</AltitudeMeters><Extensions><TPX xmlns="http://www.garmin.com/xmlschemas/ActivityExtension/v2"><Speed>2.54</Speed></TPX></Extensions></Trackpoint><Trackpoint><Time>2026-03-05T10:53:35+00:00</Time><DistanceMeters>4029.4</DistanceMeters><Position><LatitudeDegrees>50.851788</LatitudeDegrees><LongitudeDegrees>4.279488</LongitudeDegrees></Position><AltitudeMeters>76.8</AltitudeMeters><Extensions><TPX xmlns="http://www.garmin.com/xmlschemas/ActivityExtension/v2"><Speed>2.53</Speed></TPX></Extensions></Trackpoint><Trackpoint><Time>2026-03-05T10:53:36+00:00</Time><DistanceMeters>4032.2</DistanceMeters><Position><LatitudeDegrees>50.851772</LatitudeDegrees><LongitudeDegrees>4.279415</LongitudeDegrees></Position><AltitudeMeters>76.7</AltitudeMeters><Extensions><TPX xmlns="http://www.garmin.com/xmlschemas/ActivityExtension/v2"><Speed>2.57</Speed></TPX></Extensions></Trackpoint><Trackpoint><Time>2026-03-05T10:53:37+00:00</Time><DistanceMeters>4034.9</DistanceMeters><Position><LatitudeDegrees>50.851764</LatitudeDegrees><LongitudeDegrees>4.279377</LongitudeDegrees></Position><AltitudeMeters>76.6</AltitudeMeters><Extensions><TPX xmlns="http://www.garmin.com/xmlschemas/ActivityExtension/v2"><Speed>2.6</Speed></TPX></Extensions></Trackpoint><Trackpoint><Time>2026-03-05T10:53:39+00:00</Time><DistanceMeters>4040.6</DistanceMeters><Position><LatitudeDegrees>50.851755</LatitudeDegrees><LongitudeDegrees>4.279337</LongitudeDegrees></Position><AltitudeMeters>76.5</AltitudeMeters><Extensions><TPX xmlns="http://www.garmin.com/xmlschemas/ActivityExtension/v2"><Speed>2.74</Speed></TPX></Extensions></Trackpoint><Trackpoint><Time>2026-03-05T10:53:40+00:00</Time><DistanceMeters>4044.2</DistanceMeters><Position><LatitudeDegrees>50.851738</LatitudeDegrees><LongitudeDegrees>4.279272</LongitudeDegrees></Position><AltitudeMeters>76.4</AltitudeMeters><Extensions><TPX xmlns="http://www.garmin.com/xmlschemas/ActivityExtension/v2"><Speed>2.96</Speed></TPX></Extensions></Trackpoint><Trackpoint><Time>2026-03-05T10:53:41+00:00</Time><DistanceMeters>4047.8</DistanceMeters><Position><LatitudeDegrees>50.85173</LatitudeDegrees><LongitudeDegrees>4.279243</LongitudeDegrees></Position><AltitudeMeters>76.4</AltitudeMeters><Extensions><TPX xmlns="http://www.garmin.com/xmlschemas/ActivityExtension/v2"><Speed>3.13</Speed></TPX></Extensions></Trackpoint><Trackpoint><Time>2026-03-05T10:53:42+00:00</Time><DistanceMeters>4051.9</DistanceMeters><Position><LatitudeDegrees>50.851712</LatitudeDegrees><LongitudeDegrees>4.279191</LongitudeDegrees></Position><AltitudeMeters>76.3</AltitudeMeters><Extensions><TPX xmlns="http://www.garmin.com/xmlschemas/ActivityExtension/v2"><Speed>3.4</Speed></TPX></Extensions></Trackpoint><Trackpoint><Time>2026-03-05T10:53:44+00:00</Time><DistanceMeters>4054.7</DistanceMeters><Position><LatitudeDegrees>50.851697</LatitudeDegrees><LongitudeDegrees>4.279137</LongitudeDegrees></Position><AltitudeMeters>76.2</AltitudeMeters><Extensions><TPX xmlns="http://www.garmin.com/xmlschemas/ActivityExtension/v2"><Speed>2.81</Speed></TPX></Extensions></Trackpoint><Trackpoint><Time>2026-03-05T10:53:45+00:00</Time><DistanceMeters>4057.4</DistanceMeters><Position><LatitudeDegrees>50.851692</LatitudeDegrees><LongitudeDegrees>4.27912</LongitudeDegrees></Position><AltitudeMeters>76.2</AltitudeMeters><Extensions><TPX xmlns="http://www.garmin.com/xmlschemas/ActivityExtension/v2"><Speed>2.64</Speed></TPX></Extensions></Trackpoint><Trackpoint><Time>2026-03-05T10:53:46+00:00</Time><DistanceMeters>4060.1</DistanceMeters><Position><LatitudeDegrees>50.851673</LatitudeDegrees><LongitudeDegrees>4.279052</LongitudeDegrees></Position><AltitudeMeters>76.1</AltitudeMeters><Extensions><TPX xmlns="http://www.garmin.com/xmlschemas/ActivityExtension/v2"><Speed>2.45</Speed></TPX></Extensions></Trackpoint><Trackpoint><Time>2026-03-05T10:53:47+00:00</Time><DistanceMeters>4062.7</DistanceMeters><Position><LatitudeDegrees>50.851663</LatitudeDegrees><LongitudeDegrees>4.279019</LongitudeDegrees></Position><AltitudeMeters>76.0</AltitudeMeters><Extensions><TPX xmlns="http://www.garmin.com/xmlschemas/ActivityExtension/v2"><Speed>2.16</Speed></TPX></Extensions></Trackpoint><Trackpoint><Time>2026-03-05T10:53:49+00:00</Time><DistanceMeters>4067.7</DistanceMeters><Position><LatitudeDegrees>50.851654</LatitudeDegrees><LongitudeDegrees>4.278986</LongitudeDegrees></Position><AltitudeMeters>76.0</AltitudeMeters><Extensions><TPX xmlns="http://www.garmin.com/xmlschemas/ActivityExtension/v2"><Speed>2.61</Speed></TPX></Extensions></Trackpoint><Trackpoint><Time>2026-03-05T10:53:50+00:00</Time><DistanceMeters>4070.3</DistanceMeters><Position><LatitudeDegrees>50.851641</LatitudeDegrees><LongitudeDegrees>4.278934</LongitudeDegrees></Position><AltitudeMeters>75.9</AltitudeMeters><Extensions><TPX xmlns="http://www.garmin.com/xmlschemas/ActivityExtension/v2"><Speed>2.58</Speed></TPX></Extensions></Trackpoint><Trackpoint><Time>2026-03-05T10:53:51+00:00</Time><DistanceMeters>4072.9</DistanceMeters><Position><LatitudeDegrees>50.851637</LatitudeDegrees><LongitudeDegrees>4.278918</LongitudeDegrees></Position><AltitudeMeters>75.9</AltitudeMeters><Extensions><TPX xmlns="http://www.garmin.com/xmlschemas/ActivityExtension/v2"><Speed>2.57</Speed></TPX></Extensions></Trackpoint><Trackpoint><Time>2026-03-05T10:53:52+00:00</Time><DistanceMeters>4075.1</DistanceMeters><Position><LatitudeDegrees>50.85163</LatitudeDegrees><LongitudeDegrees>4.278871</LongitudeDegrees></Position><AltitudeMeters>75.8</AltitudeMeters><Extensions><TPX xmlns="http://www.garmin.com/xmlschemas/ActivityExtension/v2"><Speed>2.48</Speed></TPX></Extensions></Trackpoint><Trackpoint><Time>2026-03-05T10:53:53+00:00</Time><DistanceMeters>4077.3</DistanceMeters><Position><LatitudeDegrees>50.851629</LatitudeDegrees><LongitudeDegrees>4.278856</LongitudeDegrees></Position><AltitudeMeters>75.8</AltitudeMeters><Extensions><TPX xmlns="http://www.garmin.com/xmlschemas/ActivityExtension/v2"><Speed>2.433</Speed></TPX></Extensions></Trackpoint><Trackpoint><Time>2026-03-05T10:53:54+00:00</Time><DistanceMeters>4079.9</DistanceMeters><Position><LatitudeDegrees>50.851624</LatitudeDegrees><LongitudeDegrees>4.278805</LongitudeDegrees></Position><AltitudeMeters>75.8</AltitudeMeters><Extensions><TPX xmlns="http://www.garmin.com/xmlschemas/ActivityExtension/v2"><Speed>2.43</Speed></TPX></Extensions></Trackpoint><Trackpoint><Time>2026-03-05T10:53:55+00:00</Time><DistanceMeters>4082.4</DistanceMeters><Position><LatitudeDegrees>50.851622</LatitudeDegrees><LongitudeDegrees>4.278784</LongitudeDegrees></Position><AltitudeMeters>75.8</AltitudeMeters><Extensions><TPX xmlns="http://www.garmin.com/xmlschemas/ActivityExtension/v2"><Speed>2.42</Speed></TPX></Extensions></Trackpoint><Trackpoint><Time>2026-03-05T10:53:56+00:00</Time><DistanceMeters>4084.6</DistanceMeters><Position><LatitudeDegrees>50.851612</LatitudeDegrees><LongitudeDegrees>4.278741</LongitudeDegrees></Position><AltitudeMeters>75.7</AltitudeMeters><Extensions><TPX xmlns="http://www.garmin.com/xmlschemas/ActivityExtension/v2"><Speed>2.34</Speed></TPX></Extensions></Trackpoint><Trackpoint><Time>2026-03-05T10:53:57+00:00</Time><DistanceMeters>4086.8</DistanceMeters><Position><LatitudeDegrees>50.851607</LatitudeDegrees><LongitudeDegrees>4.278726</LongitudeDegrees></Position><AltitudeMeters>75.7</AltitudeMeters><Extensions><TPX xmlns="http://www.garmin.com/xmlschemas/ActivityExtension/v2"><Speed>2.34</Speed></TPX></Extensions></Trackpoint><Trackpoint><Time>2026-03-05T10:53:58+00:00</Time><DistanceMeters>4089.4</DistanceMeters><Position><LatitudeDegrees>50.851593</LatitudeDegrees><LongitudeDegrees>4.278675</LongitudeDegrees></Position><AltitudeMeters>75.6</AltitudeMeters><Extensions><TPX xmlns="http://www.garmin.com/xmlschemas/ActivityExtension/v2"><Speed>2.42</Speed></TPX></Extensions></Trackpoint><Trackpoint><Time>2026-03-05T10:53:59+00:00</Time><DistanceMeters>4092.0</DistanceMeters><Position><LatitudeDegrees>50.851588</LatitudeDegrees><LongitudeDegrees>4.278659</LongitudeDegrees></Position><AltitudeMeters>75.6</AltitudeMeters><Extensions><TPX xmlns="http://www.garmin.com/xmlschemas/ActivityExtension/v2"><Speed>2.43</Speed></TPX></Extensions></Trackpoint><Trackpoint><Time>2026-03-05T10:54:00+00:00</Time><DistanceMeters>4094.7</DistanceMeters><Position><LatitudeDegrees>50.851568</LatitudeDegrees><LongitudeDegrees>4.278591</LongitudeDegrees></Position><AltitudeMeters>75.6</AltitudeMeters><Extensions><TPX xmlns="http://www.garmin.com/xmlschemas/ActivityExtension/v2"><Speed>2.45</Speed></TPX></Extensions></Trackpoint><Trackpoint><Time>2026-03-05T10:54:01+00:00</Time><DistanceMeters>4097.3</DistanceMeters><Position><LatitudeDegrees>50.851558</LatitudeDegrees><LongitudeDegrees>4.278559</LongitudeDegrees></Position><AltitudeMeters>75.5</AltitudeMeters><Extensions><TPX xmlns="http://www.garmin.com/xmlschemas/ActivityExtension/v2"><Speed>2.54</Speed></TPX></Extensions></Trackpoint><Trackpoint><Time>2026-03-05T10:54:03+00:00</Time><DistanceMeters>4102.6</DistanceMeters><Position><LatitudeDegrees>50.851546</LatitudeDegrees><LongitudeDegrees>4.278523</LongitudeDegrees></Position><AltitudeMeters>75.5</AltitudeMeters><Extensions><TPX xmlns="http://www.garmin.com/xmlschemas/ActivityExtension/v2"><Speed>2.64</Speed></TPX></Extensions></Trackpoint><Trackpoint><Time>2026-03-05T10:54:04+00:00</Time><DistanceMeters>4102.6</DistanceMeters><Position><LatitudeDegrees>50.851535</LatitudeDegrees><LongitudeDegrees>4.278506</LongitudeDegrees></Position><AltitudeMeters>75.5</AltitudeMeters><Extensions><TPX xmlns="http://www.garmin.com/xmlschemas/ActivityExtension/v2"><Speed>2.12</Speed></TPX></Extensions></Trackpoint><Trackpoint><Time>2026-03-05T10:54:05+00:00</Time><DistanceMeters>4102.6</DistanceMeters><Position><LatitudeDegrees>50.851526</LatitudeDegrees><LongitudeDegrees>4.278505</LongitudeDegrees></Position><AltitudeMeters>75.4</AltitudeMeters><Extensions><TPX xmlns="http://www.garmin.com/xmlschemas/ActivityExtension/v2"><Speed>1.59</Speed></TPX></Extensions></Trackpoint><Trackpoint><Time>2026-03-05T10:54:06+00:00</Time><DistanceMeters>4106.6</DistanceMeters><Position><LatitudeDegrees>50.851506</LatitudeDegrees><LongitudeDegrees>4.278468</LongitudeDegrees></Position><AltitudeMeters>75.4</AltitudeMeters><Extensions><TPX xmlns="http://www.garmin.com/xmlschemas/ActivityExtension/v2"><Speed>1.86</Speed></TPX></Extensions></Trackpoint><Trackpoint><Time>2026-03-05T10:54:08+00:00</Time><DistanceMeters>4110.8</DistanceMeters><Position><LatitudeDegrees>50.851497</LatitudeDegrees><LongitudeDegrees>4.27844</LongitudeDegrees></Position><AltitudeMeters>75.4</AltitudeMeters><Extensions><TPX xmlns="http://www.garmin.com/xmlschemas/ActivityExtension/v2"><Speed>1.64</Speed></TPX></Extensions></Trackpoint><Trackpoint><Time>2026-03-05T10:54:09+00:00</Time><DistanceMeters>4112.9</DistanceMeters><Position><LatitudeDegrees>50.851486</LatitudeDegrees><LongitudeDegrees>4.278396</LongitudeDegrees></Position><AltitudeMeters>75.3</AltitudeMeters><Extensions><TPX xmlns="http://www.garmin.com/xmlschemas/ActivityExtension/v2"><Speed>2.06</Speed></TPX></Extensions></Trackpoint><Trackpoint><Time>2026-03-05T10:54:10+00:00</Time><DistanceMeters>4115.0</DistanceMeters><Position><LatitudeDegrees>50.851483</LatitudeDegrees><LongitudeDegrees>4.278384</LongitudeDegrees></Position><AltitudeMeters>75.3</AltitudeMeters><Extensions><TPX xmlns="http://www.garmin.com/xmlschemas/ActivityExtension/v2"><Speed>2.48</Speed></TPX></Extensions></Trackpoint><Trackpoint><Time>2026-03-05T10:54:11+00:00</Time><DistanceMeters>4119.5</DistanceMeters><Position><LatitudeDegrees>50.851463</LatitudeDegrees><LongitudeDegrees>4.278329</LongitudeDegrees></Position><AltitudeMeters>75.3</AltitudeMeters><Extensions><TPX xmlns="http://www.garmin.com/xmlschemas/ActivityExtension/v2"><Speed>2.58</Speed></TPX></Extensions></Trackpoint><Trackpoint><Time>2026-03-05T10:54:13+00:00</Time><DistanceMeters>4122.9</DistanceMeters><Position><LatitudeDegrees>50.851465</LatitudeDegrees><LongitudeDegrees>4.278263</LongitudeDegrees></Position><AltitudeMeters>75.2</AltitudeMeters><Extensions><TPX xmlns="http://www.garmin.com/xmlschemas/ActivityExtension/v2"><Speed>2.41</Speed></TPX></Extensions></Trackpoint><Trackpoint><Time>2026-03-05T10:54:14+00:00</Time><DistanceMeters>4126.2</DistanceMeters><Position><LatitudeDegrees>50.851471</LatitudeDegrees><LongitudeDegrees>4.278234</LongitudeDegrees></Position><AltitudeMeters>75.2</AltitudeMeters><Extensions><TPX xmlns="http://www.garmin.com/xmlschemas/ActivityExtension/v2"><Speed>2.66</Speed></TPX></Extensions></Trackpoint><Trackpoint><Time>2026-03-05T10:54:15+00:00</Time><DistanceMeters>4131.0</DistanceMeters><Position><LatitudeDegrees>50.851478</LatitudeDegrees><LongitudeDegrees>4.278167</LongitudeDegrees></Position><AltitudeMeters>75.2</AltitudeMeters><Extensions><TPX xmlns="http://www.garmin.com/xmlschemas/ActivityExtension/v2"><Speed>3.2</Speed></TPX></Extensions></Trackpoint><Trackpoint><Time>2026-03-05T10:54:16+00:00</Time><DistanceMeters>4131.0</DistanceMeters><Position><LatitudeDegrees>50.851483</LatitudeDegrees><LongitudeDegrees>4.278128</LongitudeDegrees></Position><AltitudeMeters>75.1</AltitudeMeters><Extensions><TPX xmlns="http://www.garmin.com/xmlschemas/ActivityExtension/v2"><Speed>2.3</Speed></TPX></Extensions></Trackpoint><Trackpoint><Time>2026-03-05T10:54:18+00:00</Time><DistanceMeters>4136.5</DistanceMeters><Position><LatitudeDegrees>50.851492</LatitudeDegrees><LongitudeDegrees>4.278091</LongitudeDegrees></Position><AltitudeMeters>75.1</AltitudeMeters><Extensions><TPX xmlns="http://www.garmin.com/xmlschemas/ActivityExtension/v2"><Speed>2.73</Speed></TPX></Extensions></Trackpoint><Trackpoint><Time>2026-03-05T10:54:19+00:00</Time><DistanceMeters>4139.3</DistanceMeters><Position><LatitudeDegrees>50.851507</LatitudeDegrees><LongitudeDegrees>4.278036</LongitudeDegrees></Position><AltitudeMeters>75.1</AltitudeMeters><Extensions><TPX xmlns="http://www.garmin.com/xmlschemas/ActivityExtension/v2"><Speed>2.62</Speed></TPX></Extensions></Trackpoint><Trackpoint><Time>2026-03-05T10:54:20+00:00</Time><DistanceMeters>4142.1</DistanceMeters><Position><LatitudeDegrees>50.851511</LatitudeDegrees><LongitudeDegrees>4.278017</LongitudeDegrees></Position><AltitudeMeters>75.1</AltitudeMeters><Extensions><TPX xmlns="http://www.garmin.com/xmlschemas/ActivityExtension/v2"><Speed>2.22</Speed></TPX></Extensions></Trackpoint><Trackpoint><Time>2026-03-05T10:54:21+00:00</Time><DistanceMeters>4144.9</DistanceMeters><Position><LatitudeDegrees>50.851517</LatitudeDegrees><LongitudeDegrees>4.27796</LongitudeDegrees></Position><AltitudeMeters>75.1</AltitudeMeters><Extensions><TPX xmlns="http://www.garmin.com/xmlschemas/ActivityExtension/v2"><Speed>2.77</Speed></TPX></Extensions></Trackpoint><Trackpoint><Time>2026-03-05T10:54:22+00:00</Time><DistanceMeters>4147.6</DistanceMeters><Position><LatitudeDegrees>50.851518</LatitudeDegrees><LongitudeDegrees>4.277939</LongitudeDegrees></Position><AltitudeMeters>75.1</AltitudeMeters><Extensions><TPX xmlns="http://www.garmin.com/xmlschemas/ActivityExtension/v2"><Speed>2.767</Speed></TPX></Extensions></Trackpoint><Trackpoint><Time>2026-03-05T10:54:23+00:00</Time><DistanceMeters>4150.3</DistanceMeters><Position><LatitudeDegrees>50.851518</LatitudeDegrees><LongitudeDegrees>4.277882</LongitudeDegrees></Position><AltitudeMeters>75.0</AltitudeMeters><Extensions><TPX xmlns="http://www.garmin.com/xmlschemas/ActivityExtension/v2"><Speed>2.75</Speed></TPX></Extensions></Trackpoint><Trackpoint><Time>2026-03-05T10:54:24+00:00</Time><DistanceMeters>4152.9</DistanceMeters><Position><LatitudeDegrees>50.851519</LatitudeDegrees><LongitudeDegrees>4.277864</LongitudeDegrees></Position><AltitudeMeters>75.0</AltitudeMeters><Extensions><TPX xmlns="http://www.garmin.com/xmlschemas/ActivityExtension/v2"><Speed>2.72</Speed></TPX></Extensions></Trackpoint><Trackpoint><Time>2026-03-05T10:54:25+00:00</Time><DistanceMeters>4155.4</DistanceMeters><Position><LatitudeDegrees>50.851529</LatitudeDegrees><LongitudeDegrees>4.277813</LongitudeDegrees></Position><AltitudeMeters>74.9</AltitudeMeters><Extensions><TPX xmlns="http://www.garmin.com/xmlschemas/ActivityExtension/v2"><Speed>2.66</Speed></TPX></Extensions></Trackpoint><Trackpoint><Time>2026-03-05T10:54:26+00:00</Time><DistanceMeters>4157.9</DistanceMeters><Position><LatitudeDegrees>50.851531</LatitudeDegrees><LongitudeDegrees>4.277795</LongitudeDegrees></Position><AltitudeMeters>74.8</AltitudeMeters><Extensions><TPX xmlns="http://www.garmin.com/xmlschemas/ActivityExtension/v2"><Speed>2.61</Speed></TPX></Extensions></Trackpoint><Trackpoint><Time>2026-03-05T10:54:27+00:00</Time><DistanceMeters>4160.9</DistanceMeters><Position><LatitudeDegrees>50.851542</LatitudeDegrees><LongitudeDegrees>4.277735</LongitudeDegrees></Position><AltitudeMeters>74.7</AltitudeMeters><Extensions><TPX xmlns="http://www.garmin.com/xmlschemas/ActivityExtension/v2"><Speed>2.66</Speed></TPX></Extensions></Trackpoint><Trackpoint><Time>2026-03-05T10:54:28+00:00</Time><DistanceMeters>4163.9</DistanceMeters><Position><LatitudeDegrees>50.851545</LatitudeDegrees><LongitudeDegrees>4.277714</LongitudeDegrees></Position><AltitudeMeters>74.7</AltitudeMeters><Extensions><TPX xmlns="http://www.garmin.com/xmlschemas/ActivityExtension/v2"><Speed>2.73</Speed></TPX></Extensions></Trackpoint><Trackpoint><Time>2026-03-05T10:54:29+00:00</Time><DistanceMeters>4166.6</DistanceMeters><Position><LatitudeDegrees>50.851565</LatitudeDegrees><LongitudeDegrees>4.277644</LongitudeDegrees></Position><AltitudeMeters>74.5</AltitudeMeters><Extensions><TPX xmlns="http://www.garmin.com/xmlschemas/ActivityExtension/v2"><Speed>2.74</Speed></TPX></Extensions></Trackpoint><Trackpoint><Time>2026-03-05T10:54:30+00:00</Time><DistanceMeters>4169.3</DistanceMeters><Position><LatitudeDegrees>50.851576</LatitudeDegrees><LongitudeDegrees>4.277612</LongitudeDegrees></Position><AltitudeMeters>74.4</AltitudeMeters><Extensions><TPX xmlns="http://www.garmin.com/xmlschemas/ActivityExtension/v2"><Speed>2.78</Speed></TPX></Extensions></Trackpoint><Trackpoint><Time>2026-03-05T10:54:32+00:00</Time><DistanceMeters>4174.6</DistanceMeters><Position><LatitudeDegrees>50.851588</LatitudeDegrees><LongitudeDegrees>4.277577</LongitudeDegrees></Position><AltitudeMeters>74.4</AltitudeMeters><Extensions><TPX xmlns="http://www.garmin.com/xmlschemas/ActivityExtension/v2"><Speed>2.74</Speed></TPX></Extensions></Trackpoint><Trackpoint><Time>2026-03-05T10:54:33+00:00</Time><DistanceMeters>4177.2</DistanceMeters><Position><LatitudeDegrees>50.851604</LatitudeDegrees><LongitudeDegrees>4.277527</LongitudeDegrees></Position><AltitudeMeters>74.3</AltitudeMeters><Extensions><TPX xmlns="http://www.garmin.com/xmlschemas/ActivityExtension/v2"><Speed>2.66</Speed></TPX></Extensions></Trackpoint><Trackpoint><Time>2026-03-05T10:54:34+00:00</Time><DistanceMeters>4179.8</DistanceMeters><Position><LatitudeDegrees>50.851608</LatitudeDegrees><LongitudeDegrees>4.277511</LongitudeDegrees></Position><AltitudeMeters>74.2</AltitudeMeters><Extensions><TPX xmlns="http://www.garmin.com/xmlschemas/ActivityExtension/v2"><Speed>2.64</Speed></TPX></Extensions></Trackpoint><Trackpoint><Time>2026-03-05T10:54:35+00:00</Time><DistanceMeters>4182.5</DistanceMeters><Position><LatitudeDegrees>50.851626</LatitudeDegrees><LongitudeDegrees>4.277461</LongitudeDegrees></Position><AltitudeMeters>74.2</AltitudeMeters><Extensions><TPX xmlns="http://www.garmin.com/xmlschemas/ActivityExtension/v2"><Speed>2.63</Speed></TPX></Extensions></Trackpoint><Trackpoint><Time>2026-03-05T10:54:36+00:00</Time><DistanceMeters>4185.1</DistanceMeters><Position><LatitudeDegrees>50.851631</LatitudeDegrees><LongitudeDegrees>4.277444</LongitudeDegrees></Position><AltitudeMeters>74.1</AltitudeMeters><Extensions><TPX xmlns="http://www.garmin.com/xmlschemas/ActivityExtension/v2"><Speed>2.633</Speed></TPX></Extensions></Trackpoint><Trackpoint><Time>2026-03-05T10:54:37+00:00</Time><DistanceMeters>4187.9</DistanceMeters><Position><LatitudeDegrees>50.851639</LatitudeDegrees><LongitudeDegrees>4.277403</LongitudeDegrees></Position><AltitudeMeters>74.1</AltitudeMeters><Extensions><TPX xmlns="http://www.garmin.com/xmlschemas/ActivityExtension/v2"><Speed>2.65</Speed></TPX></Extensions></Trackpoint><Trackpoint><Time>2026-03-05T10:54:38+00:00</Time><DistanceMeters>4190.6</DistanceMeters><Position><LatitudeDegrees>50.851647</LatitudeDegrees><LongitudeDegrees>4.27737</LongitudeDegrees></Position><AltitudeMeters>74.0</AltitudeMeters><Extensions><TPX xmlns="http://www.garmin.com/xmlschemas/ActivityExtension/v2"><Speed>2.68</Speed></TPX></Extensions></Trackpoint><Trackpoint><Time>2026-03-05T10:54:40+00:00</Time><DistanceMeters>4193.0</DistanceMeters><Position><LatitudeDegrees>50.85166</LatitudeDegrees><LongitudeDegrees>4.277323</LongitudeDegrees></Position><AltitudeMeters>74.0</AltitudeMeters><Extensions><TPX xmlns="http://www.garmin.com/xmlschemas/ActivityExtension/v2"><Speed>2.11</Speed></TPX></Extensions></Trackpoint><Trackpoint><Time>2026-03-05T10:54:41+00:00</Time><DistanceMeters>4195.4</DistanceMeters><Position><LatitudeDegrees>50.851664</LatitudeDegrees><LongitudeDegrees>4.277306</LongitudeDegrees></Position><AltitudeMeters>73.9</AltitudeMeters><Extensions><TPX xmlns="http://www.garmin.com/xmlschemas/ActivityExtension/v2"><Speed>2.06</Speed></TPX></Extensions></Trackpoint><Trackpoint><Time>2026-03-05T10:54:42+00:00</Time><DistanceMeters>4200.3</DistanceMeters><Position><LatitudeDegrees>50.851677</LatitudeDegrees><LongitudeDegrees>4.27724</LongitudeDegrees></Position><AltitudeMeters>73.9</AltitudeMeters><Extensions><TPX xmlns="http://www.garmin.com/xmlschemas/ActivityExtension/v2"><Speed>2.49</Speed></TPX></Extensions></Trackpoint><Trackpoint><Time>2026-03-05T10:54:44+00:00</Time><DistanceMeters>4202.9</DistanceMeters><Position><LatitudeDegrees>50.851687</LatitudeDegrees><LongitudeDegrees>4.277186</LongitudeDegrees></Position><AltitudeMeters>73.8</AltitudeMeters><Extensions><TPX xmlns="http://www.garmin.com/xmlschemas/ActivityExtension/v2"><Speed>2.042</Speed></TPX></Extensions></Trackpoint><Trackpoint><Time>2026-03-05T10:54:45+00:00</Time><DistanceMeters>4205.4</DistanceMeters><Position><LatitudeDegrees>50.851689</LatitudeDegrees><LongitudeDegrees>4.27717</LongitudeDegrees></Position><AltitudeMeters>73.8</AltitudeMeters><Extensions><TPX xmlns="http://www.garmin.com/xmlschemas/ActivityExtension/v2"><Speed>2.48</Speed></TPX></Extensions></Trackpoint><Trackpoint><Time>2026-03-05T10:54:46+00:00</Time><DistanceMeters>4210.2</DistanceMeters><Position><LatitudeDegrees>50.851697</LatitudeDegrees><LongitudeDegrees>4.277103</LongitudeDegrees></Position><AltitudeMeters>73.7</AltitudeMeters><Extensions><TPX xmlns="http://www.garmin.com/xmlschemas/ActivityExtension/v2"><Speed>2.96</Speed></TPX></Extensions></Trackpoint><Trackpoint><Time>2026-03-05T10:54:48+00:00</Time><DistanceMeters>4210.2</DistanceMeters><Position><LatitudeDegrees>50.85169</LatitudeDegrees><LongitudeDegrees>4.277079</LongitudeDegrees></Position><AltitudeMeters>73.7</AltitudeMeters><Extensions><TPX xmlns="http://www.garmin.com/xmlschemas/ActivityExtension/v2"><Speed>1.65</Speed></TPX></Extensions></Trackpoint><Trackpoint><Time>2026-03-05T10:54:49+00:00</Time><DistanceMeters>4213.7</DistanceMeters><Position><LatitudeDegrees>50.851689</LatitudeDegrees><LongitudeDegrees>4.277055</LongitudeDegrees></Position><AltitudeMeters>73.6</AltitudeMeters><Extensions><TPX xmlns="http://www.garmin.com/xmlschemas/ActivityExtension/v2"><Speed>2.17</Speed></TPX></Extensions></Trackpoint><Trackpoint><Time>2026-03-05T10:54:50+00:00</Time><DistanceMeters>4217.7</DistanceMeters><Position><LatitudeDegrees>50.851695</LatitudeDegrees><LongitudeDegrees>4.276998</LongitudeDegrees></Position><AltitudeMeters>73.6</AltitudeMeters><Extensions><TPX xmlns="http://www.garmin.com/xmlschemas/ActivityExtension/v2"><Speed>2.46</Speed></TPX></Extensions></Trackpoint><Trackpoint><Time>2026-03-05T10:54:52+00:00</Time><DistanceMeters>4219.9</DistanceMeters><Position><LatitudeDegrees>50.851705</LatitudeDegrees><LongitudeDegrees>4.276954</LongitudeDegrees></Position><AltitudeMeters>73.5</AltitudeMeters><Extensions><TPX xmlns="http://www.garmin.com/xmlschemas/ActivityExtension/v2"><Speed>1.608</Speed></TPX></Extensions></Trackpoint><Trackpoint><Time>2026-03-05T10:54:53+00:00</Time><DistanceMeters>4222.0</DistanceMeters><Position><LatitudeDegrees>50.85171</LatitudeDegrees><LongitudeDegrees>4.276942</LongitudeDegrees></Position><AltitudeMeters>73.5</AltitudeMeters><Extensions><TPX xmlns="http://www.garmin.com/xmlschemas/ActivityExtension/v2"><Speed>2.36</Speed></TPX></Extensions></Trackpoint><Trackpoint><Time>2026-03-05T10:54:54+00:00</Time><DistanceMeters>4226.4</DistanceMeters><Position><LatitudeDegrees>50.851729</LatitudeDegrees><LongitudeDegrees>4.276888</LongitudeDegrees></Position><AltitudeMeters>73.5</AltitudeMeters><Extensions><TPX xmlns="http://www.garmin.com/xmlschemas/ActivityExtension/v2"><Speed>2.54</Speed></TPX></Extensions></Trackpoint><Trackpoint><Time>2026-03-05T10:54:56+00:00</Time><DistanceMeters>4228.6</DistanceMeters><Position><LatitudeDegrees>50.851747</LatitudeDegrees><LongitudeDegrees>4.276848</LongitudeDegrees></Position><AltitudeMeters>73.5</AltitudeMeters><Extensions><TPX xmlns="http://www.garmin.com/xmlschemas/ActivityExtension/v2"><Speed>1.817</Speed></TPX></Extensions></Trackpoint><Trackpoint><Time>2026-03-05T10:54:57+00:00</Time><DistanceMeters>4230.8</DistanceMeters><Position><LatitudeDegrees>50.851753</LatitudeDegrees><LongitudeDegrees>4.276838</LongitudeDegrees></Position><AltitudeMeters>73.4</AltitudeMeters><Extensions><TPX xmlns="http://www.garmin.com/xmlschemas/ActivityExtension/v2"><Speed>2.19</Speed></TPX></Extensions></Trackpoint><Trackpoint><Time>2026-03-05T10:54:58+00:00</Time><DistanceMeters>4235.8</DistanceMeters><Position><LatitudeDegrees>50.851776</LatitudeDegrees><LongitudeDegrees>4.276776</LongitudeDegrees></Position><AltitudeMeters>73.4</AltitudeMeters><Extensions><TPX xmlns="http://www.garmin.com/xmlschemas/ActivityExtension/v2"><Speed>2.76</Speed></TPX></Extensions></Trackpoint><Trackpoint><Time>2026-03-05T10:55:00+00:00</Time><DistanceMeters>4238.3</DistanceMeters><Position><LatitudeDegrees>50.851793</LatitudeDegrees><LongitudeDegrees>4.27671</LongitudeDegrees></Position><AltitudeMeters>73.4</AltitudeMeters><Extensions><TPX xmlns="http://www.garmin.com/xmlschemas/ActivityExtension/v2"><Speed>1.983</Speed></TPX></Extensions></Trackpoint><Trackpoint><Time>2026-03-05T10:55:01+00:00</Time><DistanceMeters>4240.8</DistanceMeters><Position><LatitudeDegrees>50.851801</LatitudeDegrees><LongitudeDegrees>4.276681</LongitudeDegrees></Position><AltitudeMeters>73.4</AltitudeMeters><Extensions><TPX xmlns="http://www.garmin.com/xmlschemas/ActivityExtension/v2"><Speed>2.44</Speed></TPX></Extensions></Trackpoint><Trackpoint><Time>2026-03-05T10:55:03+00:00</Time><DistanceMeters>4245.6</DistanceMeters><Position><LatitudeDegrees>50.851812</LatitudeDegrees><LongitudeDegrees>4.276648</LongitudeDegrees></Position><AltitudeMeters>73.4</AltitudeMeters><Extensions><TPX xmlns="http://www.garmin.com/xmlschemas/ActivityExtension/v2"><Speed>1.96</Speed></TPX></Extensions></Trackpoint><Trackpoint><Time>2026-03-05T10:55:04+00:00</Time><DistanceMeters>4248.6</DistanceMeters><Position><LatitudeDegrees>50.85184</LatitudeDegrees><LongitudeDegrees>4.276595</LongitudeDegrees></Position><AltitudeMeters>73.4</AltitudeMeters><Extensions><TPX xmlns="http://www.garmin.com/xmlschemas/ActivityExtension/v2"><Speed>2.125</Speed></TPX></Extensions></Trackpoint><Trackpoint><Time>2026-03-05T10:55:05+00:00</Time><DistanceMeters>4251.5</DistanceMeters><Position><LatitudeDegrees>50.851856</LatitudeDegrees><LongitudeDegrees>4.276567</LongitudeDegrees></Position><AltitudeMeters>73.4</AltitudeMeters><Extensions><TPX xmlns="http://www.garmin.com/xmlschemas/ActivityExtension/v2"><Speed>2.64</Speed></TPX></Extensions></Trackpoint><Trackpoint><Time>2026-03-05T10:55:07+00:00</Time><DistanceMeters>4255.5</DistanceMeters><Position><LatitudeDegrees>50.851866</LatitudeDegrees><LongitudeDegrees>4.276538</LongitudeDegrees></Position><AltitudeMeters>73.4</AltitudeMeters><Extensions><TPX xmlns="http://www.garmin.com/xmlschemas/ActivityExtension/v2"><Speed>2.45</Speed></TPX></Extensions></Trackpoint><Trackpoint><Time>2026-03-05T10:55:08+00:00</Time><DistanceMeters>4258.0</DistanceMeters><Position><LatitudeDegrees>50.851886</LatitudeDegrees><LongitudeDegrees>4.276476</LongitudeDegrees></Position><AltitudeMeters>73.4</AltitudeMeters><Extensions><TPX xmlns="http://www.garmin.com/xmlschemas/ActivityExtension/v2"><Speed>2.48</Speed></TPX></Extensions></Trackpoint><Trackpoint><Time>2026-03-05T10:55:09+00:00</Time><DistanceMeters>4260.5</DistanceMeters><Position><LatitudeDegrees>50.851895</LatitudeDegrees><LongitudeDegrees>4.276445</LongitudeDegrees></Position><AltitudeMeters>73.4</AltitudeMeters><Extensions><TPX xmlns="http://www.garmin.com/xmlschemas/ActivityExtension/v2"><Speed>2.39</Speed></TPX></Extensions></Trackpoint><Trackpoint><Time>2026-03-05T10:55:11+00:00</Time><DistanceMeters>4265.1</DistanceMeters><Position><LatitudeDegrees>50.851903</LatitudeDegrees><LongitudeDegrees>4.276414</LongitudeDegrees></Position><AltitudeMeters>73.5</AltitudeMeters><Extensions><TPX xmlns="http://www.garmin.com/xmlschemas/ActivityExtension/v2"><Speed>2.267</Speed></TPX></Extensions></Trackpoint><Trackpoint><Time>2026-03-05T10:55:12+00:00</Time><DistanceMeters>4269.8</DistanceMeters><Position><LatitudeDegrees>50.851919</LatitudeDegrees><LongitudeDegrees>4.276352</LongitudeDegrees></Position><AltitudeMeters>73.6</AltitudeMeters><Extensions><TPX xmlns="http://www.garmin.com/xmlschemas/ActivityExtension/v2"><Speed>2.86</Speed></TPX></Extensions></Trackpoint><Trackpoint><Time>2026-03-05T10:55:14+00:00</Time><DistanceMeters>4269.8</DistanceMeters><Position><LatitudeDegrees>50.851933</LatitudeDegrees><LongitudeDegrees>4.276332</LongitudeDegrees></Position><AltitudeMeters>73.6</AltitudeMeters><Extensions><TPX xmlns="http://www.garmin.com/xmlschemas/ActivityExtension/v2"><Speed>1.86</Speed></TPX></Extensions></Trackpoint><Trackpoint><Time>2026-03-05T10:55:15+00:00</Time><DistanceMeters>4273.6</DistanceMeters><Position><LatitudeDegrees>50.851946</LatitudeDegrees><LongitudeDegrees>4.276317</LongitudeDegrees></Position><AltitudeMeters>73.6</AltitudeMeters><Extensions><TPX xmlns="http://www.garmin.com/xmlschemas/ActivityExtension/v2"><Speed>2.183</Speed></TPX></Extensions></Trackpoint><Trackpoint><Time>2026-03-05T10:55:16+00:00</Time><DistanceMeters>4278.0</DistanceMeters><Position><LatitudeDegrees>50.851967</LatitudeDegrees><LongitudeDegrees>4.276265</LongitudeDegrees></Position><AltitudeMeters>73.7</AltitudeMeters><Extensions><TPX xmlns="http://www.garmin.com/xmlschemas/ActivityExtension/v2"><Speed>2.58</Speed></TPX></Extensions></Trackpoint><Trackpoint><Time>2026-03-05T10:55:18+00:00</Time><DistanceMeters>4279.4</DistanceMeters><Position><LatitudeDegrees>50.851986</LatitudeDegrees><LongitudeDegrees>4.27623</LongitudeDegrees></Position><AltitudeMeters>73.7</AltitudeMeters><Extensions><TPX xmlns="http://www.garmin.com/xmlschemas/ActivityExtension/v2"><Speed>1.606</Speed></TPX></Extensions></Trackpoint><Trackpoint><Time>2026-03-05T10:55:19+00:00</Time><DistanceMeters>4280.9</DistanceMeters><Position><LatitudeDegrees>50.851996</LatitudeDegrees><LongitudeDegrees>4.276212</LongitudeDegrees></Position><AltitudeMeters>73.7</AltitudeMeters><Extensions><TPX xmlns="http://www.garmin.com/xmlschemas/ActivityExtension/v2"><Speed>2.213</Speed></TPX></Extensions></Trackpoint><Trackpoint><Time>2026-03-05T10:55:20+00:00</Time><DistanceMeters>4282.3</DistanceMeters><Position><LatitudeDegrees>50.852006</LatitudeDegrees><LongitudeDegrees>4.276194</LongitudeDegrees></Position><AltitudeMeters>73.8</AltitudeMeters><Extensions><TPX xmlns="http://www.garmin.com/xmlschemas/ActivityExtension/v2"><Speed>1.74</Speed></TPX></Extensions></Trackpoint><Trackpoint><Time>2026-03-05T10:55:22+00:00</Time><DistanceMeters>4286.3</DistanceMeters><Position><LatitudeDegrees>50.852018</LatitudeDegrees><LongitudeDegrees>4.276178</LongitudeDegrees></Position><AltitudeMeters>73.8</AltitudeMeters><Extensions><TPX xmlns="http://www.garmin.com/xmlschemas/ActivityExtension/v2"><Speed>1.383</Speed></TPX></Extensions></Trackpoint><Trackpoint><Time>2026-03-05T10:55:23+00:00</Time><DistanceMeters>4286.3</DistanceMeters><Position><LatitudeDegrees>50.852028</LatitudeDegrees><LongitudeDegrees>4.276164</LongitudeDegrees></Position><AltitudeMeters>73.8</AltitudeMeters><Extensions><TPX xmlns="http://www.garmin.com/xmlschemas/ActivityExtension/v2"><Speed>1.373</Speed></TPX></Extensions></Trackpoint><Trackpoint><Time>2026-03-05T10:55:24+00:00</Time><DistanceMeters>4286.3</DistanceMeters><Position><LatitudeDegrees>50.85203</LatitudeDegrees><LongitudeDegrees>4.276156</LongitudeDegrees></Position><AltitudeMeters>73.8</AltitudeMeters><Extensions><TPX xmlns="http://www.garmin.com/xmlschemas/ActivityExtension/v2"><Speed>1.087</Speed></TPX></Extensions></Trackpoint><Trackpoint><Time>2026-03-05T10:55:25+00:00</Time><DistanceMeters>4289.7</DistanceMeters><Position><LatitudeDegrees>50.852044</LatitudeDegrees><LongitudeDegrees>4.276115</LongitudeDegrees></Position><AltitudeMeters>73.8</AltitudeMeters><Extensions><TPX xmlns="http://www.garmin.com/xmlschemas/ActivityExtension/v2"><Speed>1.48</Speed></TPX></Extensions></Trackpoint><Trackpoint><Time>2026-03-05T10:55:27+00:00</Time><DistanceMeters>4293.3</DistanceMeters><Position><LatitudeDegrees>50.852051</LatitudeDegrees><LongitudeDegrees>4.276093</LongitudeDegrees></Position><AltitudeMeters>73.7</AltitudeMeters><Extensions><TPX xmlns="http://www.garmin.com/xmlschemas/ActivityExtension/v2"><Speed>1.4</Speed></TPX></Extensions></Trackpoint><Trackpoint><Time>2026-03-05T10:55:28+00:00</Time><DistanceMeters>4293.3</DistanceMeters><Position><LatitudeDegrees>50.852056</LatitudeDegrees><LongitudeDegrees>4.276074</LongitudeDegrees></Position><AltitudeMeters>73.7</AltitudeMeters><Extensions><TPX xmlns="http://www.garmin.com/xmlschemas/ActivityExtension/v2"><Speed>1.4</Speed></TPX></Extensions></Trackpoint><Trackpoint><Time>2026-03-05T10:55:29+00:00</Time><DistanceMeters>4296.4</DistanceMeters><Position><LatitudeDegrees>50.852064</LatitudeDegrees><LongitudeDegrees>4.27603</LongitudeDegrees></Position><AltitudeMeters>73.7</AltitudeMeters><Extensions><TPX xmlns="http://www.garmin.com/xmlschemas/ActivityExtension/v2"><Speed>2.02</Speed></TPX></Extensions></Trackpoint><Trackpoint><Time>2026-03-05T10:55:31+00:00</Time><DistanceMeters>4301.6</DistanceMeters><Position><LatitudeDegrees>50.852077</LatitudeDegrees><LongitudeDegrees>4.275972</LongitudeDegrees></Position><AltitudeMeters>73.6</AltitudeMeters><Extensions><TPX xmlns="http://www.garmin.com/xmlschemas/ActivityExtension/v2"><Speed>1.983</Speed></TPX></Extensions></Trackpoint><Trackpoint><Time>2026-03-05T10:55:32+00:00</Time><DistanceMeters>4303.3</DistanceMeters><Position><LatitudeDegrees>50.852087</LatitudeDegrees><LongitudeDegrees>4.275939</LongitudeDegrees></Position><AltitudeMeters>73.5</AltitudeMeters><Extensions><TPX xmlns="http://www.garmin.com/xmlschemas/ActivityExtension/v2"><Speed>2.0</Speed></TPX></Extensions></Trackpoint><Trackpoint><Time>2026-03-05T10:55:33+00:00</Time><DistanceMeters>4305.0</DistanceMeters><Position><LatitudeDegrees>50.852097</LatitudeDegrees><LongitudeDegrees>4.275907</LongitudeDegrees></Position><AltitudeMeters>73.4</AltitudeMeters><Extensions><TPX xmlns="http://www.garmin.com/xmlschemas/ActivityExtension/v2"><Speed>2.34</Speed></TPX></Extensions></Trackpoint><Trackpoint><Time>2026-03-05T10:55:35+00:00</Time><DistanceMeters>4310.0</DistanceMeters><Position><LatitudeDegrees>50.852106</LatitudeDegrees><LongitudeDegrees>4.275873</LongitudeDegrees></Position><AltitudeMeters>73.3</AltitudeMeters><Extensions><TPX xmlns="http://www.garmin.com/xmlschemas/ActivityExtension/v2"><Speed>2.267</Speed></TPX></Extensions></Trackpoint><Trackpoint><Time>2026-03-05T10:55:36+00:00</Time><DistanceMeters>4312.6</DistanceMeters><Position><LatitudeDegrees>50.852123</LatitudeDegrees><LongitudeDegrees>4.275805</LongitudeDegrees></Position><AltitudeMeters>73.1</AltitudeMeters><Extensions><TPX xmlns="http://www.garmin.com/xmlschemas/ActivityExtension/v2"><Speed>2.2</Speed></TPX></Extensions></Trackpoint><Trackpoint><Time>2026-03-05T10:55:37+00:00</Time><DistanceMeters>4315.2</DistanceMeters><Position><LatitudeDegrees>50.852131</LatitudeDegrees><LongitudeDegrees>4.275771</LongitudeDegrees></Position><AltitudeMeters>73.0</AltitudeMeters><Extensions><TPX xmlns="http://www.garmin.com/xmlschemas/ActivityExtension/v2"><Speed>2.38</Speed></TPX></Extensions></Trackpoint><Trackpoint><Time>2026-03-05T10:55:39+00:00</Time><DistanceMeters>4320.5</DistanceMeters><Position><LatitudeDegrees>50.852138</LatitudeDegrees><LongitudeDegrees>4.275732</LongitudeDegrees></Position><AltitudeMeters>72.8</AltitudeMeters><Extensions><TPX xmlns="http://www.garmin.com/xmlschemas/ActivityExtension/v2"><Speed>2.583</Speed></TPX></Extensions></Trackpoint><Trackpoint><Time>2026-03-05T10:55:40+00:00</Time><DistanceMeters>4323.4</DistanceMeters><Position><LatitudeDegrees>50.852151</LatitudeDegrees><LongitudeDegrees>4.275676</LongitudeDegrees></Position><AltitudeMeters>72.6</AltitudeMeters><Extensions><TPX xmlns="http://www.garmin.com/xmlschemas/ActivityExtension/v2"><Speed>2.67</Speed></TPX></Extensions></Trackpoint><Trackpoint><Time>2026-03-05T10:55:41+00:00</Time><DistanceMeters>4326.2</DistanceMeters><Position><LatitudeDegrees>50.852156</LatitudeDegrees><LongitudeDegrees>4.275656</LongitudeDegrees></Position><AltitudeMeters>72.6</AltitudeMeters><Extensions><TPX xmlns="http://www.garmin.com/xmlschemas/ActivityExtension/v2"><Speed>2.72</Speed></TPX></Extensions></Trackpoint><Trackpoint><Time>2026-03-05T10:55:42+00:00</Time><DistanceMeters>4329.3</DistanceMeters><Position><LatitudeDegrees>50.852166</LatitudeDegrees><LongitudeDegrees>4.275616</LongitudeDegrees></Position><AltitudeMeters>72.4</AltitudeMeters><Extensions><TPX xmlns="http://www.garmin.com/xmlschemas/ActivityExtension/v2"><Speed>2.82</Speed></TPX></Extensions></Trackpoint><Trackpoint><Time>2026-03-05T10:55:43+00:00</Time><DistanceMeters>4332.4</DistanceMeters><Position><LatitudeDegrees>50.852186</LatitudeDegrees><LongitudeDegrees>4.27556</LongitudeDegrees></Position><AltitudeMeters>72.2</AltitudeMeters><Extensions><TPX xmlns="http://www.garmin.com/xmlschemas/ActivityExtension/v2"><Speed>2.858</Speed></TPX></Extensions></Trackpoint><Trackpoint><Time>2026-03-05T10:55:44+00:00</Time><DistanceMeters>4335.4</DistanceMeters><Position><LatitudeDegrees>50.852194</LatitudeDegrees><LongitudeDegrees>4.275541</LongitudeDegrees></Position><AltitudeMeters>72.1</AltitudeMeters><Extensions><TPX xmlns="http://www.garmin.com/xmlschemas/ActivityExtension/v2"><Speed>2.98</Speed></TPX></Extensions></Trackpoint><Trackpoint><Time>2026-03-05T10:55:45+00:00</Time><DistanceMeters>4338.9</DistanceMeters><Position><LatitudeDegrees>50.852214</LatitudeDegrees><LongitudeDegrees>4.275502</LongitudeDegrees></Position><AltitudeMeters>72.0</AltitudeMeters><Extensions><TPX xmlns="http://www.garmin.com/xmlschemas/ActivityExtension/v2"><Speed>3.11</Speed></TPX></Extensions></Trackpoint><Trackpoint><Time>2026-03-05T10:55:46+00:00</Time><DistanceMeters>4344.7</DistanceMeters><Position><LatitudeDegrees>50.852246</LatitudeDegrees><LongitudeDegrees>4.275437</LongitudeDegrees></Position><AltitudeMeters>71.7</AltitudeMeters><Extensions><TPX xmlns="http://www.garmin.com/xmlschemas/ActivityExtension/v2"><Speed>3.7</Speed></TPX></Extensions></Trackpoint><Trackpoint><Time>2026-03-05T10:55:48+00:00</Time><DistanceMeters>4348.1</DistanceMeters><Position><LatitudeDegrees>50.852266</LatitudeDegrees><LongitudeDegrees>4.275401</LongitudeDegrees></Position><AltitudeMeters>71.5</AltitudeMeters><Extensions><TPX xmlns="http://www.garmin.com/xmlschemas/ActivityExtension/v2"><Speed>3.15</Speed></TPX></Extensions></Trackpoint><Trackpoint><Time>2026-03-05T10:55:49+00:00</Time><DistanceMeters>4351.3</DistanceMeters><Position><LatitudeDegrees>50.852289</LatitudeDegrees><LongitudeDegrees>4.275372</LongitudeDegrees></Position><AltitudeMeters>71.3</AltitudeMeters><Extensions><TPX xmlns="http://www.garmin.com/xmlschemas/ActivityExtension/v2"><Speed>3.18</Speed></TPX></Extensions></Trackpoint><Trackpoint><Time>2026-03-05T10:55:50+00:00</Time><DistanceMeters>4354.8</DistanceMeters><Position><LatitudeDegrees>50.852314</LatitudeDegrees><LongitudeDegrees>4.275344</LongitudeDegrees></Position><AltitudeMeters>71.0</AltitudeMeters><Extensions><TPX xmlns="http://www.garmin.com/xmlschemas/ActivityExtension/v2"><Speed>3.18</Speed></TPX></Extensions></Trackpoint><Trackpoint><Time>2026-03-05T10:55:51+00:00</Time><DistanceMeters>4358.0</DistanceMeters><Position><LatitudeDegrees>50.852343</LatitudeDegrees><LongitudeDegrees>4.275332</LongitudeDegrees></Position><AltitudeMeters>70.8</AltitudeMeters><Extensions><TPX xmlns="http://www.garmin.com/xmlschemas/ActivityExtension/v2"><Speed>2.66</Speed></TPX></Extensions></Trackpoint><Trackpoint><Time>2026-03-05T10:55:52+00:00</Time><DistanceMeters>4360.7</DistanceMeters><Position><LatitudeDegrees>50.852372</LatitudeDegrees><LongitudeDegrees>4.275301</LongitudeDegrees></Position><AltitudeMeters>70.6</AltitudeMeters><Extensions><TPX xmlns="http://www.garmin.com/xmlschemas/ActivityExtension/v2"><Speed>2.667</Speed></TPX></Extensions></Trackpoint><Trackpoint><Time>2026-03-05T10:55:53+00:00</Time><DistanceMeters>4363.4</DistanceMeters><Position><LatitudeDegrees>50.852382</LatitudeDegrees><LongitudeDegrees>4.27529</LongitudeDegrees></Position><AltitudeMeters>70.5</AltitudeMeters><Extensions><TPX xmlns="http://www.garmin.com/xmlschemas/ActivityExtension/v2"><Speed>3.06</Speed></TPX></Extensions></Trackpoint><Trackpoint><Time>2026-03-05T10:55:54+00:00</Time><DistanceMeters>4368.7</DistanceMeters><Position><LatitudeDegrees>50.852423</LatitudeDegrees><LongitudeDegrees>4.275248</LongitudeDegrees></Position><AltitudeMeters>70.1</AltitudeMeters><Extensions><TPX xmlns="http://www.garmin.com/xmlschemas/ActivityExtension/v2"><Speed>3.48</Speed></TPX></Extensions></Trackpoint><Trackpoint><Time>2026-03-05T10:55:56+00:00</Time><DistanceMeters>4373.6</DistanceMeters><Position><LatitudeDegrees>50.852461</LatitudeDegrees><LongitudeDegrees>4.275213</LongitudeDegrees></Position><AltitudeMeters>69.7</AltitudeMeters><Extensions><TPX xmlns="http://www.garmin.com/xmlschemas/ActivityExtension/v2"><Speed>3.127</Speed></TPX></Extensions></Trackpoint><Trackpoint><Time>2026-03-05T10:55:57+00:00</Time><DistanceMeters>4375.6</DistanceMeters><Position><LatitudeDegrees>50.852476</LatitudeDegrees><LongitudeDegrees>4.275199</LongitudeDegrees></Position><AltitudeMeters>69.5</AltitudeMeters><Extensions><TPX xmlns="http://www.garmin.com/xmlschemas/ActivityExtension/v2"><Speed>2.973</Speed></TPX></Extensions></Trackpoint><Trackpoint><Time>2026-03-05T10:55:58+00:00</Time><DistanceMeters>4377.5</DistanceMeters><Position><LatitudeDegrees>50.852491</LatitudeDegrees><LongitudeDegrees>4.275186</LongitudeDegrees></Position><AltitudeMeters>69.4</AltitudeMeters><Extensions><TPX xmlns="http://www.garmin.com/xmlschemas/ActivityExtension/v2"><Speed>2.82</Speed></TPX></Extensions></Trackpoint><Trackpoint><Time>2026-03-05T10:55:59+00:00</Time><DistanceMeters>4380.4</DistanceMeters><Position><LatitudeDegrees>50.852525</LatitudeDegrees><LongitudeDegrees>4.275158</LongitudeDegrees></Position><AltitudeMeters>69.1</AltitudeMeters><Extensions><TPX xmlns="http://www.garmin.com/xmlschemas/ActivityExtension/v2"><Speed>2.33</Speed></TPX></Extensions></Trackpoint><Trackpoint><Time>2026-03-05T10:56:00+00:00</Time><DistanceMeters>4383.2</DistanceMeters><Position><LatitudeDegrees>50.852537</LatitudeDegrees><LongitudeDegrees>4.27515</LongitudeDegrees></Position><AltitudeMeters>68.9</AltitudeMeters><Extensions><TPX xmlns="http://www.garmin.com/xmlschemas/ActivityExtension/v2"><Speed>2.417</Speed></TPX></Extensions></Trackpoint><Trackpoint><Time>2026-03-05T10:56:01+00:00</Time><DistanceMeters>4386.2</DistanceMeters><Position><LatitudeDegrees>50.852586</LatitudeDegrees><LongitudeDegrees>4.27512</LongitudeDegrees></Position><AltitudeMeters>68.5</AltitudeMeters><Extensions><TPX xmlns="http://www.garmin.com/xmlschemas/ActivityExtension/v2"><Speed>2.513</Speed></TPX></Extensions></Trackpoint><Trackpoint><Time>2026-03-05T10:56:02+00:00</Time><DistanceMeters>4389.2</DistanceMeters><Position><LatitudeDegrees>50.85261</LatitudeDegrees><LongitudeDegrees>4.275103</LongitudeDegrees></Position><AltitudeMeters>68.3</AltitudeMeters><Extensions><TPX xmlns="http://www.garmin.com/xmlschemas/ActivityExtension/v2"><Speed>2.727</Speed></TPX></Extensions></Trackpoint><Trackpoint><Time>2026-03-05T10:56:04+00:00</Time><DistanceMeters>4395.0</DistanceMeters><Position><LatitudeDegrees>50.852636</LatitudeDegrees><LongitudeDegrees>4.275089</LongitudeDegrees></Position><AltitudeMeters>68.1</AltitudeMeters><Extensions><TPX xmlns="http://www.garmin.com/xmlschemas/ActivityExtension/v2"><Speed>2.93</Speed></TPX></Extensions></Trackpoint><Trackpoint><Time>2026-03-05T10:56:05+00:00</Time><DistanceMeters>4395.0</DistanceMeters><Position><LatitudeDegrees>50.852648</LatitudeDegrees><LongitudeDegrees>4.275081</LongitudeDegrees></Position><AltitudeMeters>68.0</AltitudeMeters><Extensions><TPX xmlns="http://www.garmin.com/xmlschemas/ActivityExtension/v2"><Speed>2.36</Speed></TPX></Extensions></Trackpoint><Trackpoint><Time>2026-03-05T10:56:06+00:00</Time><DistanceMeters>4398.2</DistanceMeters><Position><LatitudeDegrees>50.852664</LatitudeDegrees><LongitudeDegrees>4.275073</LongitudeDegrees></Position><AltitudeMeters>67.8</AltitudeMeters><Extensions><TPX xmlns="http://www.garmin.com/xmlschemas/ActivityExtension/v2"><Speed>2.4</Speed></TPX></Extensions></Trackpoint><Trackpoint><Time>2026-03-05T10:56:07+00:00</Time><DistanceMeters>4398.2</DistanceMeters><Position><LatitudeDegrees>50.852682</LatitudeDegrees><LongitudeDegrees>4.275065</LongitudeDegrees></Position><AltitudeMeters>67.7</AltitudeMeters><Extensions><TPX xmlns="http://www.garmin.com/xmlschemas/ActivityExtension/v2"><Speed>1.8</Speed></TPX></Extensions></Trackpoint><Trackpoint><Time>2026-03-05T10:56:08+00:00</Time><DistanceMeters>4402.2</DistanceMeters><Position><LatitudeDegrees>50.852699</LatitudeDegrees><LongitudeDegrees>4.275062</LongitudeDegrees></Position><AltitudeMeters>67.5</AltitudeMeters><Extensions><TPX xmlns="http://www.garmin.com/xmlschemas/ActivityExtension/v2"><Speed>2.167</Speed></TPX></Extensions></Trackpoint><Trackpoint><Time>2026-03-05T10:56:09+00:00</Time><DistanceMeters>4402.2</DistanceMeters><Position><LatitudeDegrees>50.852711</LatitudeDegrees><LongitudeDegrees>4.275068</LongitudeDegrees></Position><AltitudeMeters>67.4</AltitudeMeters><Extensions><TPX xmlns="http://www.garmin.com/xmlschemas/ActivityExtension/v2"><Speed>1.44</Speed></TPX></Extensions></Trackpoint><Trackpoint><Time>2026-03-05T10:56:10+00:00</Time><DistanceMeters>4405.5</DistanceMeters><Position><LatitudeDegrees>50.852727</LatitudeDegrees><LongitudeDegrees>4.275074</LongitudeDegrees></Position><AltitudeMeters>67.3</AltitudeMeters><Extensions><TPX xmlns="http://www.garmin.com/xmlschemas/ActivityExtension/v2"><Speed>2.1</Speed></TPX></Extensions></Trackpoint><Trackpoint><Time>2026-03-05T10:56:11+00:00</Time><DistanceMeters>4407.3</DistanceMeters><Position><LatitudeDegrees>50.852748</LatitudeDegrees><LongitudeDegrees>4.275091</LongitudeDegrees></Position><AltitudeMeters>67.1</AltitudeMeters><Extensions><TPX xmlns="http://www.garmin.com/xmlschemas/ActivityExtension/v2"><Speed>1.813</Speed></TPX></Extensions></Trackpoint><Trackpoint><Time>2026-03-05T10:56:12+00:00</Time><DistanceMeters>4409.0</DistanceMeters><Position><LatitudeDegrees>50.852758</LatitudeDegrees><LongitudeDegrees>4.2751</LongitudeDegrees></Position><AltitudeMeters>67.0</AltitudeMeters><Extensions><TPX xmlns="http://www.garmin.com/xmlschemas/ActivityExtension/v2"><Speed>2.167</Speed></TPX></Extensions></Trackpoint><Trackpoint><Time>2026-03-05T10:56:13+00:00</Time><DistanceMeters>4410.8</DistanceMeters><Position><LatitudeDegrees>50.852768</LatitudeDegrees><LongitudeDegrees>4.27511</LongitudeDegrees></Position><AltitudeMeters>66.8</AltitudeMeters><Extensions><TPX xmlns="http://www.garmin.com/xmlschemas/ActivityExtension/v2"><Speed>1.72</Speed></TPX></Extensions></Trackpoint><Trackpoint><Time>2026-03-05T10:56:14+00:00</Time><DistanceMeters>4414.7</DistanceMeters><Position><LatitudeDegrees>50.852796</LatitudeDegrees><LongitudeDegrees>4.275147</LongitudeDegrees></Position><AltitudeMeters>66.5</AltitudeMeters><Extensions><TPX xmlns="http://www.garmin.com/xmlschemas/ActivityExtension/v2"><Speed>2.5</Speed></TPX></Extensions></Trackpoint><Trackpoint><Time>2026-03-05T10:56:16+00:00</Time><DistanceMeters>4418.5</DistanceMeters><Position><LatitudeDegrees>50.852823</LatitudeDegrees><LongitudeDegrees>4.275201</LongitudeDegrees></Position><AltitudeMeters>66.0</AltitudeMeters><Extensions><TPX xmlns="http://www.garmin.com/xmlschemas/ActivityExtension/v2"><Speed>2.237</Speed></TPX></Extensions></Trackpoint><Trackpoint><Time>2026-03-05T10:56:17+00:00</Time><DistanceMeters>4422.2</DistanceMeters><Position><LatitudeDegrees>50.852835</LatitudeDegrees><LongitudeDegrees>4.275233</LongitudeDegrees></Position><AltitudeMeters>65.7</AltitudeMeters><Extensions><TPX xmlns="http://www.garmin.com/xmlschemas/ActivityExtension/v2"><Speed>2.633</Speed></TPX></Extensions></Trackpoint><Trackpoint><Time>2026-03-05T10:56:19+00:00</Time><DistanceMeters>4422.2</DistanceMeters><Position><LatitudeDegrees>50.852846</LatitudeDegrees><LongitudeDegrees>4.275242</LongitudeDegrees></Position><AltitudeMeters>65.6</AltitudeMeters><Extensions><TPX xmlns="http://www.garmin.com/xmlschemas/ActivityExtension/v2"><Speed>1.5</Speed></TPX></Extensions></Trackpoint><Trackpoint><Time>2026-03-05T10:56:20+00:00</Time><DistanceMeters>4425.7</DistanceMeters><Position><LatitudeDegrees>50.852861</LatitudeDegrees><LongitudeDegrees>4.275261</LongitudeDegrees></Position><AltitudeMeters>65.5</AltitudeMeters><Extensions><TPX xmlns="http://www.garmin.com/xmlschemas/ActivityExtension/v2"><Speed>1.833</Speed></TPX></Extensions></Trackpoint><Trackpoint><Time>2026-03-05T10:56:21+00:00</Time><DistanceMeters>4425.7</DistanceMeters><Position><LatitudeDegrees>50.852869</LatitudeDegrees><LongitudeDegrees>4.275283</LongitudeDegrees></Position><AltitudeMeters>65.3</AltitudeMeters><Extensions><TPX xmlns="http://www.garmin.com/xmlschemas/ActivityExtension/v2"><Speed>1.45</Speed></TPX></Extensions></Trackpoint><Trackpoint><Time>2026-03-05T10:56:22+00:00</Time><DistanceMeters>4429.2</DistanceMeters><Position><LatitudeDegrees>50.852878</LatitudeDegrees><LongitudeDegrees>4.275303</LongitudeDegrees></Position><AltitudeMeters>65.2</AltitudeMeters><Extensions><TPX xmlns="http://www.garmin.com/xmlschemas/ActivityExtension/v2"><Speed>1.4</Speed></TPX></Extensions></Trackpoint><Trackpoint><Time>2026-03-05T10:56:23+00:00</Time><DistanceMeters>4429.2</DistanceMeters><Position><LatitudeDegrees>50.852895</LatitudeDegrees><LongitudeDegrees>4.275271</LongitudeDegrees></Position><AltitudeMeters>64.9</AltitudeMeters><Extensions><TPX xmlns="http://www.garmin.com/xmlschemas/ActivityExtension/v2"><Speed>1.167</Speed></TPX></Extensions></Trackpoint><Trackpoint><Time>2026-03-05T10:56:24+00:00</Time><DistanceMeters>4432.6</DistanceMeters><Position><LatitudeDegrees>50.852916</LatitudeDegrees><LongitudeDegrees>4.275285</LongitudeDegrees></Position><AltitudeMeters>64.7</AltitudeMeters><Extensions><TPX xmlns="http://www.garmin.com/xmlschemas/ActivityExtension/v2"><Speed>2.08</Speed></TPX></Extensions></Trackpoint><Trackpoint><Time>2026-03-05T10:56:26+00:00</Time><DistanceMeters>4436.1</DistanceMeters><Position><LatitudeDegrees>50.852934</LatitudeDegrees><LongitudeDegrees>4.275293</LongitudeDegrees></Position><AltitudeMeters>64.5</AltitudeMeters><Extensions><TPX xmlns="http://www.garmin.com/xmlschemas/ActivityExtension/v2"><Speed>2.08</Speed></TPX></Extensions></Trackpoint><Trackpoint><Time>2026-03-05T10:56:27+00:00</Time><DistanceMeters>4439.9</DistanceMeters><Position><LatitudeDegrees>50.852964</LatitudeDegrees><LongitudeDegrees>4.275317</LongitudeDegrees></Position><AltitudeMeters>64.2</AltitudeMeters><Extensions><TPX xmlns="http://www.garmin.com/xmlschemas/ActivityExtension/v2"><Speed>2.14</Speed></TPX></Extensions></Trackpoint><Trackpoint><Time>2026-03-05T10:56:28+00:00</Time><DistanceMeters>4439.9</DistanceMeters><Position><LatitudeDegrees>50.852979</LatitudeDegrees><LongitudeDegrees>4.275339</LongitudeDegrees></Position><AltitudeMeters>64.0</AltitudeMeters><Extensions><TPX xmlns="http://www.garmin.com/xmlschemas/ActivityExtension/v2"><Speed>2.14</Speed></TPX></Extensions></Trackpoint><Trackpoint><Time>2026-03-05T10:56:30+00:00</Time><DistanceMeters>4444.9</DistanceMeters><Position><LatitudeDegrees>50.852996</LatitudeDegrees><LongitudeDegrees>4.275366</LongitudeDegrees></Position><AltitudeMeters>63.8</AltitudeMeters><Extensions><TPX xmlns="http://www.garmin.com/xmlschemas/ActivityExtension/v2"><Speed>2.05</Speed></TPX></Extensions></Trackpoint><Trackpoint><Time>2026-03-05T10:56:31+00:00</Time><DistanceMeters>4444.9</DistanceMeters><Position><LatitudeDegrees>50.853019</LatitudeDegrees><LongitudeDegrees>4.275386</LongitudeDegrees></Position><AltitudeMeters>63.5</AltitudeMeters><Extensions><TPX xmlns="http://www.garmin.com/xmlschemas/ActivityExtension/v2"><Speed>1.76</Speed></TPX></Extensions></Trackpoint><Trackpoint><Time>2026-03-05T10:56:33+00:00</Time><DistanceMeters>4449.2</DistanceMeters><Position><LatitudeDegrees>50.853032</LatitudeDegrees><LongitudeDegrees>4.275389</LongitudeDegrees></Position><AltitudeMeters>63.4</AltitudeMeters><Extensions><TPX xmlns="http://www.garmin.com/xmlschemas/ActivityExtension/v2"><Speed>1.86</Speed></TPX></Extensions></Trackpoint><Trackpoint><Time>2026-03-05T10:56:34+00:00</Time><DistanceMeters>4451.7</DistanceMeters><Position><LatitudeDegrees>50.853061</LatitudeDegrees><LongitudeDegrees>4.275409</LongitudeDegrees></Position><AltitudeMeters>63.1</AltitudeMeters><Extensions><TPX xmlns="http://www.garmin.com/xmlschemas/ActivityExtension/v2"><Speed>1.967</Speed></TPX></Extensions></Trackpoint><Trackpoint><Time>2026-03-05T10:56:35+00:00</Time><DistanceMeters>4454.2</DistanceMeters><Position><LatitudeDegrees>50.853073</LatitudeDegrees><LongitudeDegrees>4.275419</LongitudeDegrees></Position><AltitudeMeters>63.0</AltitudeMeters><Extensions><TPX xmlns="http://www.garmin.com/xmlschemas/ActivityExtension/v2"><Speed>1.86</Speed></TPX></Extensions></Trackpoint><Trackpoint><Time>2026-03-05T10:56:36+00:00</Time><DistanceMeters>4454.2</DistanceMeters><Position><LatitudeDegrees>50.853086</LatitudeDegrees><LongitudeDegrees>4.275433</LongitudeDegrees></Position><AltitudeMeters>62.8</AltitudeMeters><Extensions><TPX xmlns="http://www.garmin.com/xmlschemas/ActivityExtension/v2"><Speed>1.86</Speed></TPX></Extensions></Trackpoint><Trackpoint><Time>2026-03-05T10:56:37+00:00</Time><DistanceMeters>4458.1</DistanceMeters><Position><LatitudeDegrees>50.853103</LatitudeDegrees><LongitudeDegrees>4.275448</LongitudeDegrees></Position><AltitudeMeters>62.6</AltitudeMeters><Extensions><TPX xmlns="http://www.garmin.com/xmlschemas/ActivityExtension/v2"><Speed>2.2</Speed></TPX></Extensions></Trackpoint><Trackpoint><Time>2026-03-05T10:56:38+00:00</Time><DistanceMeters>4460.2</DistanceMeters><Position><LatitudeDegrees>50.853131</LatitudeDegrees><LongitudeDegrees>4.275487</LongitudeDegrees></Position><AltitudeMeters>62.3</AltitudeMeters><Extensions><TPX xmlns="http://www.garmin.com/xmlschemas/ActivityExtension/v2"><Speed>2.19</Speed></TPX></Extensions></Trackpoint><Trackpoint><Time>2026-03-05T10:56:39+00:00</Time><DistanceMeters>4462.2</DistanceMeters><Position><LatitudeDegrees>50.853146</LatitudeDegrees><LongitudeDegrees>4.275509</LongitudeDegrees></Position><AltitudeMeters>62.0</AltitudeMeters><Extensions><TPX xmlns="http://www.garmin.com/xmlschemas/ActivityExtension/v2"><Speed>2.1</Speed></TPX></Extensions></Trackpoint><Trackpoint><Time>2026-03-05T10:56:41+00:00</Time><DistanceMeters>4467.2</DistanceMeters><Position><LatitudeDegrees>50.853162</LatitudeDegrees><LongitudeDegrees>4.275538</LongitudeDegrees></Position><AltitudeMeters>61.8</AltitudeMeters><Extensions><TPX xmlns="http://www.garmin.com/xmlschemas/ActivityExtension/v2"><Speed>2.6</Speed></TPX></Extensions></Trackpoint><Trackpoint><Time>2026-03-05T10:56:42+00:00</Time><DistanceMeters>4470.1</DistanceMeters><Position><LatitudeDegrees>50.85319</LatitudeDegrees><LongitudeDegrees>4.275582</LongitudeDegrees></Position><AltitudeMeters>61.4</AltitudeMeters><Extensions><TPX xmlns="http://www.garmin.com/xmlschemas/ActivityExtension/v2"><Speed>2.4</Speed></TPX></Extensions></Trackpoint><Trackpoint><Time>2026-03-05T10:56:43+00:00</Time><DistanceMeters>4473.0</DistanceMeters><Position><LatitudeDegrees>50.853198</LatitudeDegrees><LongitudeDegrees>4.275597</LongitudeDegrees></Position><AltitudeMeters>61.2</AltitudeMeters><Extensions><TPX xmlns="http://www.garmin.com/xmlschemas/ActivityExtension/v2"><Speed>2.57</Speed></TPX></Extensions></Trackpoint><Trackpoint><Time>2026-03-05T10:56:44+00:00</Time><DistanceMeters>4475.9</DistanceMeters><Position><LatitudeDegrees>50.853226</LatitudeDegrees><LongitudeDegrees>4.275641</LongitudeDegrees></Position><AltitudeMeters>60.8</AltitudeMeters><Extensions><TPX xmlns="http://www.garmin.com/xmlschemas/ActivityExtension/v2"><Speed>2.74</Speed></TPX></Extensions></Trackpoint><Trackpoint><Time>2026-03-05T10:56:45+00:00</Time><DistanceMeters>4478.8</DistanceMeters><Position><LatitudeDegrees>50.853235</LatitudeDegrees><LongitudeDegrees>4.275655</LongitudeDegrees></Position><AltitudeMeters>60.7</AltitudeMeters><Extensions><TPX xmlns="http://www.garmin.com/xmlschemas/ActivityExtension/v2"><Speed>2.767</Speed></TPX></Extensions></Trackpoint><Trackpoint><Time>2026-03-05T10:56:46+00:00</Time><DistanceMeters>4484.9</DistanceMeters><Position><LatitudeDegrees>50.853277</LatitudeDegrees><LongitudeDegrees>4.275712</LongitudeDegrees></Position><AltitudeMeters>60.2</AltitudeMeters><Extensions><TPX xmlns="http://www.garmin.com/xmlschemas/ActivityExtension/v2"><Speed>3.54</Speed></TPX></Extensions></Trackpoint><Trackpoint><Time>2026-03-05T10:56:48+00:00</Time><DistanceMeters>4488.5</DistanceMeters><Position><LatitudeDegrees>50.853299</LatitudeDegrees><LongitudeDegrees>4.275749</LongitudeDegrees></Position><AltitudeMeters>59.9</AltitudeMeters><Extensions><TPX xmlns="http://www.garmin.com/xmlschemas/ActivityExtension/v2"><Speed>3.1</Speed></TPX></Extensions></Trackpoint><Trackpoint><Time>2026-03-05T10:56:49+00:00</Time><DistanceMeters>4491.7</DistanceMeters><Position><LatitudeDegrees>50.853331</LatitudeDegrees><LongitudeDegrees>4.275816</LongitudeDegrees></Position><AltitudeMeters>59.5</AltitudeMeters><Extensions><TPX xmlns="http://www.garmin.com/xmlschemas/ActivityExtension/v2"><Speed>3.16</Speed></TPX></Extensions></Trackpoint><Trackpoint><Time>2026-03-05T10:56:50+00:00</Time><DistanceMeters>4497.5</DistanceMeters><Position><LatitudeDegrees>50.853341</LatitudeDegrees><LongitudeDegrees>4.275858</LongitudeDegrees></Position><AltitudeMeters>59.3</AltitudeMeters><Extensions><TPX xmlns="http://www.garmin.com/xmlschemas/ActivityExtension/v2"><Speed>3.74</Speed></TPX></Extensions></Trackpoint><Trackpoint><Time>2026-03-05T10:56:51+00:00</Time><DistanceMeters>4500.5</DistanceMeters><Position><LatitudeDegrees>50.853348</LatitudeDegrees><LongitudeDegrees>4.2759</LongitudeDegrees></Position><AltitudeMeters>59.2</AltitudeMeters><Extensions><TPX xmlns="http://www.garmin.com/xmlschemas/ActivityExtension/v2"><Speed>3.12</Speed></TPX></Extensions></Trackpoint><Trackpoint><Time>2026-03-05T10:56:52+00:00</Time><DistanceMeters>4503.1</DistanceMeters><Position><LatitudeDegrees>50.853362</LatitudeDegrees><LongitudeDegrees>4.27595</LongitudeDegrees></Position><AltitudeMeters>58.9</AltitudeMeters><Extensions><TPX xmlns="http://www.garmin.com/xmlschemas/ActivityExtension/v2"><Speed>3.033</Speed></TPX></Extensions></Trackpoint><Trackpoint><Time>2026-03-05T10:56:53+00:00</Time><DistanceMeters>4505.7</DistanceMeters><Position><LatitudeDegrees>50.853366</LatitudeDegrees><LongitudeDegrees>4.275968</LongitudeDegrees></Position><AltitudeMeters>58.9</AltitudeMeters><Extensions><TPX xmlns="http://www.garmin.com/xmlschemas/ActivityExtension/v2"><Speed>3.44</Speed></TPX></Extensions></Trackpoint><Trackpoint><Time>2026-03-05T10:56:55+00:00</Time><DistanceMeters>4507.9</DistanceMeters><Position><LatitudeDegrees>50.853379</LatitudeDegrees><LongitudeDegrees>4.27601</LongitudeDegrees></Position><AltitudeMeters>58.7</AltitudeMeters><Extensions><TPX xmlns="http://www.garmin.com/xmlschemas/ActivityExtension/v2"><Speed>2.07</Speed></TPX></Extensions></Trackpoint><Trackpoint><Time>2026-03-05T10:56:56+00:00</Time><DistanceMeters>4510.0</DistanceMeters><Position><LatitudeDegrees>50.853383</LatitudeDegrees><LongitudeDegrees>4.276022</LongitudeDegrees></Position><AltitudeMeters>58.7</AltitudeMeters><Extensions><TPX xmlns="http://www.garmin.com/xmlschemas/ActivityExtension/v2"><Speed>1.9</Speed></TPX></Extensions></Trackpoint><Trackpoint><Time>2026-03-05T10:56:57+00:00</Time><DistanceMeters>4510.0</DistanceMeters><Position><LatitudeDegrees>50.853391</LatitudeDegrees><LongitudeDegrees>4.276042</LongitudeDegrees></Position><AltitudeMeters>58.6</AltitudeMeters><Extensions><TPX xmlns="http://www.garmin.com/xmlschemas/ActivityExtension/v2"><Speed>1.38</Speed></TPX></Extensions></Trackpoint><Trackpoint><Time>2026-03-05T10:56:58+00:00</Time><DistanceMeters>4513.6</DistanceMeters><Position><LatitudeDegrees>50.853401</LatitudeDegrees><LongitudeDegrees>4.276065</LongitudeDegrees></Position><AltitudeMeters>58.5</AltitudeMeters><Extensions><TPX xmlns="http://www.garmin.com/xmlschemas/ActivityExtension/v2"><Speed>1.58</Speed></TPX></Extensions></Trackpoint><Trackpoint><Time>2026-03-05T10:56:59+00:00</Time><DistanceMeters>4515.8</DistanceMeters><Position><LatitudeDegrees>50.853414</LatitudeDegrees><LongitudeDegrees>4.276102</LongitudeDegrees></Position><AltitudeMeters>58.4</AltitudeMeters><Extensions><TPX xmlns="http://www.garmin.com/xmlschemas/ActivityExtension/v2"><Speed>1.683</Speed></TPX></Extensions></Trackpoint><Trackpoint><Time>2026-03-05T10:57:00+00:00</Time><DistanceMeters>4518.0</DistanceMeters><Position><LatitudeDegrees>50.853422</LatitudeDegrees><LongitudeDegrees>4.276118</LongitudeDegrees></Position><AltitudeMeters>58.3</AltitudeMeters><Extensions><TPX xmlns="http://www.garmin.com/xmlschemas/ActivityExtension/v2"><Speed>2.03</Speed></TPX></Extensions></Trackpoint><Trackpoint><Time>2026-03-05T10:57:02+00:00</Time><DistanceMeters>4519.4</DistanceMeters><Position><LatitudeDegrees>50.853441</LatitudeDegrees><LongitudeDegrees>4.276147</LongitudeDegrees></Position><AltitudeMeters>58.2</AltitudeMeters><Extensions><TPX xmlns="http://www.garmin.com/xmlschemas/ActivityExtension/v2"><Speed>1.887</Speed></TPX></Extensions></Trackpoint><Trackpoint><Time>2026-03-05T10:57:03+00:00</Time><DistanceMeters>4520.9</DistanceMeters><Position><LatitudeDegrees>50.853453</LatitudeDegrees><LongitudeDegrees>4.27616</LongitudeDegrees></Position><AltitudeMeters>58.1</AltitudeMeters><Extensions><TPX xmlns="http://www.garmin.com/xmlschemas/ActivityExtension/v2"><Speed>1.453</Speed></TPX></Extensions></Trackpoint><Trackpoint><Time>2026-03-05T10:57:04+00:00</Time><DistanceMeters>4522.3</DistanceMeters><Position><LatitudeDegrees>50.853465</LatitudeDegrees><LongitudeDegrees>4.276174</LongitudeDegrees></Position><AltitudeMeters>58.0</AltitudeMeters><Extensions><TPX xmlns="http://www.garmin.com/xmlschemas/ActivityExtension/v2"><Speed>1.3</Speed></TPX></Extensions></Trackpoint><Trackpoint><Time>2026-03-05T10:57:06+00:00</Time><DistanceMeters>4526.7</DistanceMeters><Position><LatitudeDegrees>50.853484</LatitudeDegrees><LongitudeDegrees>4.276191</LongitudeDegrees></Position><AltitudeMeters>57.9</AltitudeMeters><Extensions><TPX xmlns="http://www.garmin.com/xmlschemas/ActivityExtension/v2"><Speed>1.45</Speed></TPX></Extensions></Trackpoint><Trackpoint><Time>2026-03-05T10:57:07+00:00</Time><DistanceMeters>4528.8</DistanceMeters><Position><LatitudeDegrees>50.853509</LatitudeDegrees><LongitudeDegrees>4.276234</LongitudeDegrees></Position><AltitudeMeters>57.8</AltitudeMeters><Extensions><TPX xmlns="http://www.garmin.com/xmlschemas/ActivityExtension/v2"><Speed>1.873</Speed></TPX></Extensions></Trackpoint><Trackpoint><Time>2026-03-05T10:57:08+00:00</Time><DistanceMeters>4530.9</DistanceMeters><Position><LatitudeDegrees>50.853519</LatitudeDegrees><LongitudeDegrees>4.276259</LongitudeDegrees></Position><AltitudeMeters>57.7</AltitudeMeters><Extensions><TPX xmlns="http://www.garmin.com/xmlschemas/ActivityExtension/v2"><Speed>2.007</Speed></TPX></Extensions></Trackpoint><Trackpoint><Time>2026-03-05T10:57:10+00:00</Time><DistanceMeters>4535.1</DistanceMeters><Position><LatitudeDegrees>50.853527</LatitudeDegrees><LongitudeDegrees>4.276291</LongitudeDegrees></Position><AltitudeMeters>57.6</AltitudeMeters><Extensions><TPX xmlns="http://www.garmin.com/xmlschemas/ActivityExtension/v2"><Speed>2.133</Speed></TPX></Extensions></Trackpoint><Trackpoint><Time>2026-03-05T10:57:11+00:00</Time><DistanceMeters>4537.6</DistanceMeters><Position><LatitudeDegrees>50.853538</LatitudeDegrees><LongitudeDegrees>4.276359</LongitudeDegrees></Position><AltitudeMeters>57.5</AltitudeMeters><Extensions><TPX xmlns="http://www.garmin.com/xmlschemas/ActivityExtension/v2"><Speed>2.17</Speed></TPX></Extensions></Trackpoint><Trackpoint><Time>2026-03-05T10:57:12+00:00</Time><DistanceMeters>4540.0</DistanceMeters><Position><LatitudeDegrees>50.853549</LatitudeDegrees><LongitudeDegrees>4.276391</LongitudeDegrees></Position><AltitudeMeters>57.4</AltitudeMeters><Extensions><TPX xmlns="http://www.garmin.com/xmlschemas/ActivityExtension/v2"><Speed>2.24</Speed></TPX></Extensions></Trackpoint><Trackpoint><Time>2026-03-05T10:57:14+00:00</Time><DistanceMeters>4544.7</DistanceMeters><Position><LatitudeDegrees>50.853559</LatitudeDegrees><LongitudeDegrees>4.276413</LongitudeDegrees></Position><AltitudeMeters>57.3</AltitudeMeters><Extensions><TPX xmlns="http://www.garmin.com/xmlschemas/ActivityExtension/v2"><Speed>2.3</Speed></TPX></Extensions></Trackpoint><Trackpoint><Time>2026-03-05T10:57:15+00:00</Time><DistanceMeters>4547.3</DistanceMeters><Position><LatitudeDegrees>50.853582</LatitudeDegrees><LongitudeDegrees>4.276453</LongitudeDegrees></Position><AltitudeMeters>57.2</AltitudeMeters><Extensions><TPX xmlns="http://www.garmin.com/xmlschemas/ActivityExtension/v2"><Speed>2.43</Speed></TPX></Extensions></Trackpoint><Trackpoint><Time>2026-03-05T10:57:16+00:00</Time><DistanceMeters>4549.8</DistanceMeters><Position><LatitudeDegrees>50.853589</LatitudeDegrees><LongitudeDegrees>4.276468</LongitudeDegrees></Position><AltitudeMeters>57.2</AltitudeMeters><Extensions><TPX xmlns="http://www.garmin.com/xmlschemas/ActivityExtension/v2"><Speed>2.45</Speed></TPX></Extensions></Trackpoint><Trackpoint><Time>2026-03-05T10:57:17+00:00</Time><DistanceMeters>4552.4</DistanceMeters><Position><LatitudeDegrees>50.853611</LatitudeDegrees><LongitudeDegrees>4.276511</LongitudeDegrees></Position><AltitudeMeters>57.1</AltitudeMeters><Extensions><TPX xmlns="http://www.garmin.com/xmlschemas/ActivityExtension/v2"><Speed>2.47</Speed></TPX></Extensions></Trackpoint><Trackpoint><Time>2026-03-05T10:57:18+00:00</Time><DistanceMeters>4554.9</DistanceMeters><Position><LatitudeDegrees>50.853617</LatitudeDegrees><LongitudeDegrees>4.276526</LongitudeDegrees></Position><AltitudeMeters>57.1</AltitudeMeters><Extensions><TPX xmlns="http://www.garmin.com/xmlschemas/ActivityExtension/v2"><Speed>2.483</Speed></TPX></Extensions></Trackpoint><Trackpoint><Time>2026-03-05T10:57:19+00:00</Time><DistanceMeters>4560.1</DistanceMeters><Position><LatitudeDegrees>50.853644</LatitudeDegrees><LongitudeDegrees>4.276586</LongitudeDegrees></Position><AltitudeMeters>56.9</AltitudeMeters><Extensions><TPX xmlns="http://www.garmin.com/xmlschemas/ActivityExtension/v2"><Speed>3.08</Speed></TPX></Extensions></Trackpoint><Trackpoint><Time>2026-03-05T10:57:21+00:00</Time><DistanceMeters>4563.2</DistanceMeters><Position><LatitudeDegrees>50.85367</LatitudeDegrees><LongitudeDegrees>4.276635</LongitudeDegrees></Position><AltitudeMeters>56.8</AltitudeMeters><Extensions><TPX xmlns="http://www.garmin.com/xmlschemas/ActivityExtension/v2"><Speed>2.67</Speed></TPX></Extensions></Trackpoint><Trackpoint><Time>2026-03-05T10:57:22+00:00</Time><DistanceMeters>4566.2</DistanceMeters><Position><LatitudeDegrees>50.85368</LatitudeDegrees><LongitudeDegrees>4.276652</LongitudeDegrees></Position><AltitudeMeters>56.8</AltitudeMeters><Extensions><TPX xmlns="http://www.garmin.com/xmlschemas/ActivityExtension/v2"><Speed>2.77</Speed></TPX></Extensions></Trackpoint><Trackpoint><Time>2026-03-05T10:57:23+00:00</Time><DistanceMeters>4568.3</DistanceMeters><Position><LatitudeDegrees>50.853697</LatitudeDegrees><LongitudeDegrees>4.276682</LongitudeDegrees></Position><AltitudeMeters>56.7</AltitudeMeters><Extensions><TPX xmlns="http://www.garmin.com/xmlschemas/ActivityExtension/v2"><Speed>2.67</Speed></TPX></Extensions></Trackpoint><Trackpoint><Time>2026-03-05T10:57:24+00:00</Time><DistanceMeters>4570.3</DistanceMeters><Position><LatitudeDegrees>50.853704</LatitudeDegrees><LongitudeDegrees>4.276696</LongitudeDegrees></Position><AltitudeMeters>56.7</AltitudeMeters><Extensions><TPX xmlns="http://www.garmin.com/xmlschemas/ActivityExtension/v2"><Speed>2.04</Speed></TPX></Extensions></Trackpoint><Trackpoint><Time>2026-03-05T10:57:25+00:00</Time><DistanceMeters>4572.6</DistanceMeters><Position><LatitudeDegrees>50.853721</LatitudeDegrees><LongitudeDegrees>4.276736</LongitudeDegrees></Position><AltitudeMeters>56.6</AltitudeMeters><Extensions><TPX xmlns="http://www.garmin.com/xmlschemas/ActivityExtension/v2"><Speed>2.083</Speed></TPX></Extensions></Trackpoint><Trackpoint><Time>2026-03-05T10:57:26+00:00</Time><DistanceMeters>4574.9</DistanceMeters><Position><LatitudeDegrees>50.853726</LatitudeDegrees><LongitudeDegrees>4.276751</LongitudeDegrees></Position><AltitudeMeters>56.5</AltitudeMeters><Extensions><TPX xmlns="http://www.garmin.com/xmlschemas/ActivityExtension/v2"><Speed>2.35</Speed></TPX></Extensions></Trackpoint><Trackpoint><Time>2026-03-05T10:57:27+00:00</Time><DistanceMeters>4577.5</DistanceMeters><Position><LatitudeDegrees>50.853742</LatitudeDegrees><LongitudeDegrees>4.276798</LongitudeDegrees></Position><AltitudeMeters>56.4</AltitudeMeters><Extensions><TPX xmlns="http://www.garmin.com/xmlschemas/ActivityExtension/v2"><Speed>2.25</Speed></TPX></Extensions></Trackpoint><Trackpoint><Time>2026-03-05T10:57:28+00:00</Time><DistanceMeters>4580.0</DistanceMeters><Position><LatitudeDegrees>50.853747</LatitudeDegrees><LongitudeDegrees>4.276816</LongitudeDegrees></Position><AltitudeMeters>56.3</AltitudeMeters><Extensions><TPX xmlns="http://www.garmin.com/xmlschemas/ActivityExtension/v2"><Speed>2.35</Speed></TPX></Extensions></Trackpoint><Trackpoint><Time>2026-03-05T10:57:29+00:00</Time><DistanceMeters>4580.0</DistanceMeters><Position><LatitudeDegrees>50.853754</LatitudeDegrees><LongitudeDegrees>4.276835</LongitudeDegrees></Position><AltitudeMeters>56.3</AltitudeMeters><Extensions><TPX xmlns="http://www.garmin.com/xmlschemas/ActivityExtension/v2"><Speed>1.94</Speed></TPX></Extensions></Trackpoint><Trackpoint><Time>2026-03-05T10:57:30+00:00</Time><DistanceMeters>4583.8</DistanceMeters><Position><LatitudeDegrees>50.853769</LatitudeDegrees><LongitudeDegrees>4.276858</LongitudeDegrees></Position><AltitudeMeters>56.2</AltitudeMeters><Extensions><TPX xmlns="http://www.garmin.com/xmlschemas/ActivityExtension/v2"><Speed>2.24</Speed></TPX></Extensions></Trackpoint><Trackpoint><Time>2026-03-05T10:57:31+00:00</Time><DistanceMeters>4586.6</DistanceMeters><Position><LatitudeDegrees>50.853808</LatitudeDegrees><LongitudeDegrees>4.276903</LongitudeDegrees></Position><AltitudeMeters>56.0</AltitudeMeters><Extensions><TPX xmlns="http://www.garmin.com/xmlschemas/ActivityExtension/v2"><Speed>2.33</Speed></TPX></Extensions></Trackpoint><Trackpoint><Time>2026-03-05T10:57:32+00:00</Time><DistanceMeters>4589.3</DistanceMeters><Position><LatitudeDegrees>50.853826</LatitudeDegrees><LongitudeDegrees>4.276926</LongitudeDegrees></Position><AltitudeMeters>55.9</AltitudeMeters><Extensions><TPX xmlns="http://www.garmin.com/xmlschemas/ActivityExtension/v2"><Speed>2.37</Speed></TPX></Extensions></Trackpoint><Trackpoint><Time>2026-03-05T10:57:34+00:00</Time><DistanceMeters>4595.6</DistanceMeters><Position><LatitudeDegrees>50.853853</LatitudeDegrees><LongitudeDegrees>4.276959</LongitudeDegrees></Position><AltitudeMeters>55.8</AltitudeMeters><Extensions><TPX xmlns="http://www.garmin.com/xmlschemas/ActivityExtension/v2"><Speed>3.12</Speed></TPX></Extensions></Trackpoint><Trackpoint><Time>2026-03-05T10:57:35+00:00</Time><DistanceMeters>4598.1</DistanceMeters><Position><LatitudeDegrees>50.85388</LatitudeDegrees><LongitudeDegrees>4.276989</LongitudeDegrees></Position><AltitudeMeters>55.7</AltitudeMeters><Extensions><TPX xmlns="http://www.garmin.com/xmlschemas/ActivityExtension/v2"><Speed>2.86</Speed></TPX></Extensions></Trackpoint><Trackpoint><Time>2026-03-05T10:57:36+00:00</Time><DistanceMeters>4600.6</DistanceMeters><Position><LatitudeDegrees>50.85389</LatitudeDegrees><LongitudeDegrees>4.277</LongitudeDegrees></Position><AltitudeMeters>55.7</AltitudeMeters><Extensions><TPX xmlns="http://www.garmin.com/xmlschemas/ActivityExtension/v2"><Speed>2.81</Speed></TPX></Extensions></Trackpoint><Trackpoint><Time>2026-03-05T10:57:37+00:00</Time><DistanceMeters>4603.4</DistanceMeters><Position><LatitudeDegrees>50.853922</LatitudeDegrees><LongitudeDegrees>4.277032</LongitudeDegrees></Position><AltitudeMeters>55.5</AltitudeMeters><Extensions><TPX xmlns="http://www.garmin.com/xmlschemas/ActivityExtension/v2"><Speed>2.81</Speed></TPX></Extensions></Trackpoint><Trackpoint><Time>2026-03-05T10:57:38+00:00</Time><DistanceMeters>4606.1</DistanceMeters><Position><LatitudeDegrees>50.853932</LatitudeDegrees><LongitudeDegrees>4.277042</LongitudeDegrees></Position><AltitudeMeters>55.5</AltitudeMeters><Extensions><TPX xmlns="http://www.garmin.com/xmlschemas/ActivityExtension/v2"><Speed>2.8</Speed></TPX></Extensions></Trackpoint><Trackpoint><Time>2026-03-05T10:57:39+00:00</Time><DistanceMeters>4609.6</DistanceMeters><Position><LatitudeDegrees>50.853969</LatitudeDegrees><LongitudeDegrees>4.27708</LongitudeDegrees></Position><AltitudeMeters>55.4</AltitudeMeters><Extensions><TPX xmlns="http://www.garmin.com/xmlschemas/ActivityExtension/v2"><Speed>2.79</Speed></TPX></Extensions></Trackpoint><Trackpoint><Time>2026-03-05T10:57:40+00:00</Time><DistanceMeters>4613.0</DistanceMeters><Position><LatitudeDegrees>50.853984</LatitudeDegrees><LongitudeDegrees>4.277096</LongitudeDegrees></Position><AltitudeMeters>55.3</AltitudeMeters><Extensions><TPX xmlns="http://www.garmin.com/xmlschemas/ActivityExtension/v2"><Speed>2.98</Speed></TPX></Extensions></Trackpoint><Trackpoint><Time>2026-03-05T10:57:41+00:00</Time><DistanceMeters>4617.2</DistanceMeters><Position><LatitudeDegrees>50.854018</LatitudeDegrees><LongitudeDegrees>4.277121</LongitudeDegrees></Position><AltitudeMeters>55.2</AltitudeMeters><Extensions><TPX xmlns="http://www.garmin.com/xmlschemas/ActivityExtension/v2"><Speed>3.32</Speed></TPX></Extensions></Trackpoint><Trackpoint><Time>2026-03-05T10:57:43+00:00</Time><DistanceMeters>4620.0</DistanceMeters><Position><LatitudeDegrees>50.85405</LatitudeDegrees><LongitudeDegrees>4.277151</LongitudeDegrees></Position><AltitudeMeters>55.1</AltitudeMeters><Extensions><TPX xmlns="http://www.garmin.com/xmlschemas/ActivityExtension/v2"><Speed>2.77</Speed></TPX></Extensions></Trackpoint><Trackpoint><Time>2026-03-05T10:57:44+00:00</Time><DistanceMeters>4622.7</DistanceMeters><Position><LatitudeDegrees>50.85406</LatitudeDegrees><LongitudeDegrees>4.277162</LongitudeDegrees></Position><AltitudeMeters>55.1</AltitudeMeters><Extensions><TPX xmlns="http://www.garmin.com/xmlschemas/ActivityExtension/v2"><Speed>2.63</Speed></TPX></Extensions></Trackpoint><Trackpoint><Time>2026-03-05T10:57:45+00:00</Time><DistanceMeters>4627.9</DistanceMeters><Position><LatitudeDegrees>50.854096</LatitudeDegrees><LongitudeDegrees>4.277209</LongitudeDegrees></Position><AltitudeMeters>55.0</AltitudeMeters><Extensions><TPX xmlns="http://www.garmin.com/xmlschemas/ActivityExtension/v2"><Speed>2.98</Speed></TPX></Extensions></Trackpoint><Trackpoint><Time>2026-03-05T10:57:47+00:00</Time><DistanceMeters>4630.5</DistanceMeters><Position><LatitudeDegrees>50.854125</LatitudeDegrees><LongitudeDegrees>4.277243</LongitudeDegrees></Position><AltitudeMeters>55.0</AltitudeMeters><Extensions><TPX xmlns="http://www.garmin.com/xmlschemas/ActivityExtension/v2"><Speed>2.217</Speed></TPX></Extensions></Trackpoint><Trackpoint><Time>2026-03-05T10:57:48+00:00</Time><DistanceMeters>4633.1</DistanceMeters><Position><LatitudeDegrees>50.854134</LatitudeDegrees><LongitudeDegrees>4.277254</LongitudeDegrees></Position><AltitudeMeters>55.0</AltitudeMeters><Extensions><TPX xmlns="http://www.garmin.com/xmlschemas/ActivityExtension/v2"><Speed>2.63</Speed></TPX></Extensions></Trackpoint><Trackpoint><Time>2026-03-05T10:57:49+00:00</Time><DistanceMeters>4638.6</DistanceMeters><Position><LatitudeDegrees>50.854188</LatitudeDegrees><LongitudeDegrees>4.277311</LongitudeDegrees></Position><AltitudeMeters>54.9</AltitudeMeters><Extensions><TPX xmlns="http://www.garmin.com/xmlschemas/ActivityExtension/v2"><Speed>3.18</Speed></TPX></Extensions></Trackpoint><Trackpoint><Time>2026-03-05T10:57:51+00:00</Time><DistanceMeters>4642.7</DistanceMeters><Position><LatitudeDegrees>50.854207</LatitudeDegrees><LongitudeDegrees>4.277325</LongitudeDegrees></Position><AltitudeMeters>54.9</AltitudeMeters><Extensions><TPX xmlns="http://www.garmin.com/xmlschemas/ActivityExtension/v2"><Speed>2.467</Speed></TPX></Extensions></Trackpoint><Trackpoint><Time>2026-03-05T10:57:52+00:00</Time><DistanceMeters>4646.8</DistanceMeters><Position><LatitudeDegrees>50.85424</LatitudeDegrees><LongitudeDegrees>4.277352</LongitudeDegrees></Position><AltitudeMeters>54.9</AltitudeMeters><Extensions><TPX xmlns="http://www.garmin.com/xmlschemas/ActivityExtension/v2"><Speed>3.26</Speed></TPX></Extensions></Trackpoint><Trackpoint><Time>2026-03-05T10:57:54+00:00</Time><DistanceMeters>4649.2</DistanceMeters><Position><LatitudeDegrees>50.854271</LatitudeDegrees><LongitudeDegrees>4.277366</LongitudeDegrees></Position><AltitudeMeters>54.9</AltitudeMeters><Extensions><TPX xmlns="http://www.garmin.com/xmlschemas/ActivityExtension/v2"><Speed>2.11</Speed></TPX></Extensions></Trackpoint><Trackpoint><Time>2026-03-05T10:57:55+00:00</Time><DistanceMeters>4651.5</DistanceMeters><Position><LatitudeDegrees>50.854281</LatitudeDegrees><LongitudeDegrees>4.27737</LongitudeDegrees></Position><AltitudeMeters>54.9</AltitudeMeters><Extensions><TPX xmlns="http://www.garmin.com/xmlschemas/ActivityExtension/v2"><Speed>2.15</Speed></TPX></Extensions></Trackpoint><Trackpoint><Time>2026-03-05T10:57:56+00:00</Time><DistanceMeters>4654.0</DistanceMeters><Position><LatitudeDegrees>50.854313</LatitudeDegrees><LongitudeDegrees>4.27739</LongitudeDegrees></Position><AltitudeMeters>55.0</AltitudeMeters><Extensions><TPX xmlns="http://www.garmin.com/xmlschemas/ActivityExtension/v2"><Speed>2.26</Speed></TPX></Extensions></Trackpoint><Trackpoint><Time>2026-03-05T10:57:57+00:00</Time><DistanceMeters>4656.5</DistanceMeters><Position><LatitudeDegrees>50.854321</LatitudeDegrees><LongitudeDegrees>4.2774</LongitudeDegrees></Position><AltitudeMeters>55.0</AltitudeMeters><Extensions><TPX xmlns="http://www.garmin.com/xmlschemas/ActivityExtension/v2"><Speed>1.94</Speed></TPX></Extensions></Trackpoint><Trackpoint><Time>2026-03-05T10:57:58+00:00</Time><DistanceMeters>4658.9</DistanceMeters><Position><LatitudeDegrees>50.854361</LatitudeDegrees><LongitudeDegrees>4.277421</LongitudeDegrees></Position><AltitudeMeters>55.0</AltitudeMeters><Extensions><TPX xmlns="http://www.garmin.com/xmlschemas/ActivityExtension/v2"><Speed>2.008</Speed></TPX></Extensions></Trackpoint><Trackpoint><Time>2026-03-05T10:57:59+00:00</Time><DistanceMeters>4661.2</DistanceMeters><Position><LatitudeDegrees>50.854381</LatitudeDegrees><LongitudeDegrees>4.277426</LongitudeDegrees></Position><AltitudeMeters>55.0</AltitudeMeters><Extensions><TPX xmlns="http://www.garmin.com/xmlschemas/ActivityExtension/v2"><Speed>2.41</Speed></TPX></Extensions></Trackpoint><Trackpoint><Time>2026-03-05T10:58:01+00:00</Time><DistanceMeters>4666.1</DistanceMeters><Position><LatitudeDegrees>50.854405</LatitudeDegrees><LongitudeDegrees>4.277423</LongitudeDegrees></Position><AltitudeMeters>55.0</AltitudeMeters><Extensions><TPX xmlns="http://www.garmin.com/xmlschemas/ActivityExtension/v2"><Speed>2.42</Speed></TPX></Extensions></Trackpoint><Trackpoint><Time>2026-03-05T10:58:02+00:00</Time><DistanceMeters>4669.4</DistanceMeters><Position><LatitudeDegrees>50.854446</LatitudeDegrees><LongitudeDegrees>4.277417</LongitudeDegrees></Position><AltitudeMeters>54.9</AltitudeMeters><Extensions><TPX xmlns="http://www.garmin.com/xmlschemas/ActivityExtension/v2"><Speed>2.57</Speed></TPX></Extensions></Trackpoint><Trackpoint><Time>2026-03-05T10:58:03+00:00</Time><DistanceMeters>4672.6</DistanceMeters><Position><LatitudeDegrees>50.854463</LatitudeDegrees><LongitudeDegrees>4.277415</LongitudeDegrees></Position><AltitudeMeters>54.9</AltitudeMeters><Extensions><TPX xmlns="http://www.garmin.com/xmlschemas/ActivityExtension/v2"><Speed>2.75</Speed></TPX></Extensions></Trackpoint><Trackpoint><Time>2026-03-05T10:58:04+00:00</Time><DistanceMeters>4674.7</DistanceMeters><Position><LatitudeDegrees>50.854486</LatitudeDegrees><LongitudeDegrees>4.277391</LongitudeDegrees></Position><AltitudeMeters>54.9</AltitudeMeters><Extensions><TPX xmlns="http://www.garmin.com/xmlschemas/ActivityExtension/v2"><Speed>2.7</Speed></TPX></Extensions></Trackpoint><Trackpoint><Time>2026-03-05T10:58:05+00:00</Time><DistanceMeters>4676.8</DistanceMeters><Position><LatitudeDegrees>50.854496</LatitudeDegrees><LongitudeDegrees>4.277384</LongitudeDegrees></Position><AltitudeMeters>54.8</AltitudeMeters><Extensions><TPX xmlns="http://www.garmin.com/xmlschemas/ActivityExtension/v2"><Speed>2.6</Speed></TPX></Extensions></Trackpoint><Trackpoint><Time>2026-03-05T10:58:06+00:00</Time><DistanceMeters>4679.8</DistanceMeters><Position><LatitudeDegrees>50.854533</LatitudeDegrees><LongitudeDegrees>4.277363</LongitudeDegrees></Position><AltitudeMeters>54.7</AltitudeMeters><Extensions><TPX xmlns="http://www.garmin.com/xmlschemas/ActivityExtension/v2"><Speed>2.74</Speed></TPX></Extensions></Trackpoint><Trackpoint><Time>2026-03-05T10:58:07+00:00</Time><DistanceMeters>4682.8</DistanceMeters><Position><LatitudeDegrees>50.854547</LatitudeDegrees><LongitudeDegrees>4.277356</LongitudeDegrees></Position><AltitudeMeters>54.7</AltitudeMeters><Extensions><TPX xmlns="http://www.garmin.com/xmlschemas/ActivityExtension/v2"><Speed>2.69</Speed></TPX></Extensions></Trackpoint><Trackpoint><Time>2026-03-05T10:58:08+00:00</Time><DistanceMeters>4686.1</DistanceMeters><Position><LatitudeDegrees>50.854576</LatitudeDegrees><LongitudeDegrees>4.277349</LongitudeDegrees></Position><AltitudeMeters>54.6</AltitudeMeters><Extensions><TPX xmlns="http://www.garmin.com/xmlschemas/ActivityExtension/v2"><Speed>2.7</Speed></TPX></Extensions></Trackpoint><Trackpoint><Time>2026-03-05T10:58:09+00:00</Time><DistanceMeters>4689.5</DistanceMeters><Position><LatitudeDegrees>50.854606</LatitudeDegrees><LongitudeDegrees>4.277346</LongitudeDegrees></Position><AltitudeMeters>54.5</AltitudeMeters><Extensions><TPX xmlns="http://www.garmin.com/xmlschemas/ActivityExtension/v2"><Speed>2.96</Speed></TPX></Extensions></Trackpoint><Trackpoint><Time>2026-03-05T10:58:10+00:00</Time><DistanceMeters>4692.5</DistanceMeters><Position><LatitudeDegrees>50.854633</LatitudeDegrees><LongitudeDegrees>4.277343</LongitudeDegrees></Position><AltitudeMeters>54.4</AltitudeMeters><Extensions><TPX xmlns="http://www.garmin.com/xmlschemas/ActivityExtension/v2"><Speed>3.14</Speed></TPX></Extensions></Trackpoint><Trackpoint><Time>2026-03-05T10:58:11+00:00</Time><DistanceMeters>4696.0</DistanceMeters><Position><LatitudeDegrees>50.854665</LatitudeDegrees><LongitudeDegrees>4.277342</LongitudeDegrees></Position><AltitudeMeters>54.2</AltitudeMeters><Extensions><TPX xmlns="http://www.garmin.com/xmlschemas/ActivityExtension/v2"><Speed>3.24</Speed></TPX></Extensions></Trackpoint><Trackpoint><Time>2026-03-05T10:58:12+00:00</Time><DistanceMeters>4699.7</DistanceMeters><Position><LatitudeDegrees>50.854698</LatitudeDegrees><LongitudeDegrees>4.277342</LongitudeDegrees></Position><AltitudeMeters>54.1</AltitudeMeters><Extensions><TPX xmlns="http://www.garmin.com/xmlschemas/ActivityExtension/v2"><Speed>3.38</Speed></TPX></Extensions></Trackpoint><Trackpoint><Time>2026-03-05T10:58:13+00:00</Time><DistanceMeters>4703.1</DistanceMeters><Position><LatitudeDegrees>50.854729</LatitudeDegrees><LongitudeDegrees>4.277339</LongitudeDegrees></Position><AltitudeMeters>54.0</AltitudeMeters><Extensions><TPX xmlns="http://www.garmin.com/xmlschemas/ActivityExtension/v2"><Speed>3.4</Speed></TPX></Extensions></Trackpoint><Trackpoint><Time>2026-03-05T10:58:14+00:00</Time><DistanceMeters>4706.1</DistanceMeters><Position><LatitudeDegrees>50.854756</LatitudeDegrees><LongitudeDegrees>4.277336</LongitudeDegrees></Position><AltitudeMeters>53.8</AltitudeMeters><Extensions><TPX xmlns="http://www.garmin.com/xmlschemas/ActivityExtension/v2"><Speed>3.32</Speed></TPX></Extensions></Trackpoint><Trackpoint><Time>2026-03-05T10:58:15+00:00</Time><DistanceMeters>4709.2</DistanceMeters><Position><LatitudeDegrees>50.854783</LatitudeDegrees><LongitudeDegrees>4.277333</LongitudeDegrees></Position><AltitudeMeters>53.7</AltitudeMeters><Extensions><TPX xmlns="http://www.garmin.com/xmlschemas/ActivityExtension/v2"><Speed>3.34</Speed></TPX></Extensions></Trackpoint><Trackpoint><Time>2026-03-05T10:58:16+00:00</Time><DistanceMeters>4712.0</DistanceMeters><Position><LatitudeDegrees>50.85482</LatitudeDegrees><LongitudeDegrees>4.27733</LongitudeDegrees></Position><AltitudeMeters>53.5</AltitudeMeters><Extensions><TPX xmlns="http://www.garmin.com/xmlschemas/ActivityExtension/v2"><Speed>3.19</Speed></TPX></Extensions></Trackpoint><Trackpoint><Time>2026-03-05T10:58:17+00:00</Time><DistanceMeters>4714.7</DistanceMeters><Position><LatitudeDegrees>50.854832</LatitudeDegrees><LongitudeDegrees>4.277329</LongitudeDegrees></Position><AltitudeMeters>53.5</AltitudeMeters><Extensions><TPX xmlns="http://www.garmin.com/xmlschemas/ActivityExtension/v2"><Speed>3.0</Speed></TPX></Extensions></Trackpoint><Trackpoint><Time>2026-03-05T10:58:18+00:00</Time><DistanceMeters>4720.0</DistanceMeters><Position><LatitudeDegrees>50.85488</LatitudeDegrees><LongitudeDegrees>4.277322</LongitudeDegrees></Position><AltitudeMeters>53.3</AltitudeMeters><Extensions><TPX xmlns="http://www.garmin.com/xmlschemas/ActivityExtension/v2"><Speed>3.38</Speed></TPX></Extensions></Trackpoint><Trackpoint><Time>2026-03-05T10:58:20+00:00</Time><DistanceMeters>4722.8</DistanceMeters><Position><LatitudeDegrees>50.854918</LatitudeDegrees><LongitudeDegrees>4.277318</LongitudeDegrees></Position><AltitudeMeters>53.1</AltitudeMeters><Extensions><TPX xmlns="http://www.garmin.com/xmlschemas/ActivityExtension/v2"><Speed>2.71</Speed></TPX></Extensions></Trackpoint><Trackpoint><Time>2026-03-05T10:58:21+00:00</Time><DistanceMeters>4725.5</DistanceMeters><Position><LatitudeDegrees>50.85493</LatitudeDegrees><LongitudeDegrees>4.277319</LongitudeDegrees></Position><AltitudeMeters>53.1</AltitudeMeters><Extensions><TPX xmlns="http://www.garmin.com/xmlschemas/ActivityExtension/v2"><Speed>2.71</Speed></TPX></Extensions></Trackpoint><Trackpoint><Time>2026-03-05T10:58:22+00:00</Time><DistanceMeters>4728.9</DistanceMeters><Position><LatitudeDegrees>50.85496</LatitudeDegrees><LongitudeDegrees>4.27731</LongitudeDegrees></Position><AltitudeMeters>52.9</AltitudeMeters><Extensions><TPX xmlns="http://www.garmin.com/xmlschemas/ActivityExtension/v2"><Speed>2.84</Speed></TPX></Extensions></Trackpoint><Trackpoint><Time>2026-03-05T10:58:23+00:00</Time><DistanceMeters>4733.9</DistanceMeters><Position><LatitudeDegrees>50.854996</LatitudeDegrees><LongitudeDegrees>4.27727</LongitudeDegrees></Position><AltitudeMeters>52.7</AltitudeMeters><Extensions><TPX xmlns="http://www.garmin.com/xmlschemas/ActivityExtension/v2"><Speed>2.78</Speed></TPX></Extensions></Trackpoint><Trackpoint><Time>2026-03-05T10:58:25+00:00</Time><DistanceMeters>4736.6</DistanceMeters><Position><LatitudeDegrees>50.855028</LatitudeDegrees><LongitudeDegrees>4.277239</LongitudeDegrees></Position><AltitudeMeters>52.6</AltitudeMeters><Extensions><TPX xmlns="http://www.garmin.com/xmlschemas/ActivityExtension/v2"><Speed>2.77</Speed></TPX></Extensions></Trackpoint><Trackpoint><Time>2026-03-05T10:58:26+00:00</Time><DistanceMeters>4739.3</DistanceMeters><Position><LatitudeDegrees>50.855039</LatitudeDegrees><LongitudeDegrees>4.277231</LongitudeDegrees></Position><AltitudeMeters>52.5</AltitudeMeters><Extensions><TPX xmlns="http://www.garmin.com/xmlschemas/ActivityExtension/v2"><Speed>2.76</Speed></TPX></Extensions></Trackpoint><Trackpoint><Time>2026-03-05T10:58:27+00:00</Time><DistanceMeters>4744.5</DistanceMeters><Position><LatitudeDegrees>50.855084</LatitudeDegrees><LongitudeDegrees>4.277209</LongitudeDegrees></Position><AltitudeMeters>52.3</AltitudeMeters><Extensions><TPX xmlns="http://www.garmin.com/xmlschemas/ActivityExtension/v2"><Speed>3.12</Speed></TPX></Extensions></Trackpoint><Trackpoint><Time>2026-03-05T10:58:29+00:00</Time><DistanceMeters>4747.4</DistanceMeters><Position><LatitudeDegrees>50.855121</LatitudeDegrees><LongitudeDegrees>4.27719</LongitudeDegrees></Position><AltitudeMeters>52.1</AltitudeMeters><Extensions><TPX xmlns="http://www.garmin.com/xmlschemas/ActivityExtension/v2"><Speed>2.25</Speed></TPX></Extensions></Trackpoint><Trackpoint><Time>2026-03-05T10:58:30+00:00</Time><DistanceMeters>4750.3</DistanceMeters><Position><LatitudeDegrees>50.855133</LatitudeDegrees><LongitudeDegrees>4.277183</LongitudeDegrees></Position><AltitudeMeters>52.0</AltitudeMeters><Extensions><TPX xmlns="http://www.garmin.com/xmlschemas/ActivityExtension/v2"><Speed>2.74</Speed></TPX></Extensions></Trackpoint><Trackpoint><Time>2026-03-05T10:58:31+00:00</Time><DistanceMeters>4753.1</DistanceMeters><Position><LatitudeDegrees>50.855177</LatitudeDegrees><LongitudeDegrees>4.277151</LongitudeDegrees></Position><AltitudeMeters>51.8</AltitudeMeters><Extensions><TPX xmlns="http://www.garmin.com/xmlschemas/ActivityExtension/v2"><Speed>2.76</Speed></TPX></Extensions></Trackpoint><Trackpoint><Time>2026-03-05T10:58:32+00:00</Time><DistanceMeters>4755.9</DistanceMeters><Position><LatitudeDegrees>50.855199</LatitudeDegrees><LongitudeDegrees>4.277131</LongitudeDegrees></Position><AltitudeMeters>51.7</AltitudeMeters><Extensions><TPX xmlns="http://www.garmin.com/xmlschemas/ActivityExtension/v2"><Speed>2.28</Speed></TPX></Extensions></Trackpoint><Trackpoint><Time>2026-03-05T10:58:33+00:00</Time><DistanceMeters>4761.4</DistanceMeters><Position><LatitudeDegrees>50.855221</LatitudeDegrees><LongitudeDegrees>4.27711</LongitudeDegrees></Position><AltitudeMeters>51.6</AltitudeMeters><Extensions><TPX xmlns="http://www.garmin.com/xmlschemas/ActivityExtension/v2"><Speed>2.817</Speed></TPX></Extensions></Trackpoint><Trackpoint><Time>2026-03-05T10:58:35+00:00</Time><DistanceMeters>4764.2</DistanceMeters><Position><LatitudeDegrees>50.855255</LatitudeDegrees><LongitudeDegrees>4.277082</LongitudeDegrees></Position><AltitudeMeters>51.4</AltitudeMeters><Extensions><TPX xmlns="http://www.garmin.com/xmlschemas/ActivityExtension/v2"><Speed>2.78</Speed></TPX></Extensions></Trackpoint><Trackpoint><Time>2026-03-05T10:58:36+00:00</Time><DistanceMeters>4767.0</DistanceMeters><Position><LatitudeDegrees>50.855265</LatitudeDegrees><LongitudeDegrees>4.277073</LongitudeDegrees></Position><AltitudeMeters>51.3</AltitudeMeters><Extensions><TPX xmlns="http://www.garmin.com/xmlschemas/ActivityExtension/v2"><Speed>2.78</Speed></TPX></Extensions></Trackpoint><Trackpoint><Time>2026-03-05T10:58:37+00:00</Time><DistanceMeters>4769.8</DistanceMeters><Position><LatitudeDegrees>50.8553</LatitudeDegrees><LongitudeDegrees>4.277053</LongitudeDegrees></Position><AltitudeMeters>51.1</AltitudeMeters><Extensions><TPX xmlns="http://www.garmin.com/xmlschemas/ActivityExtension/v2"><Speed>2.77</Speed></TPX></Extensions></Trackpoint><Trackpoint><Time>2026-03-05T10:58:38+00:00</Time><DistanceMeters>4772.5</DistanceMeters><Position><LatitudeDegrees>50.855312</LatitudeDegrees><LongitudeDegrees>4.277047</LongitudeDegrees></Position><AltitudeMeters>51.1</AltitudeMeters><Extensions><TPX xmlns="http://www.garmin.com/xmlschemas/ActivityExtension/v2"><Speed>2.22</Speed></TPX></Extensions></Trackpoint><Trackpoint><Time>2026-03-05T10:58:39+00:00</Time><DistanceMeters>4777.8</DistanceMeters><Position><LatitudeDegrees>50.855358</LatitudeDegrees><LongitudeDegrees>4.277024</LongitudeDegrees></Position><AltitudeMeters>50.9</AltitudeMeters><Extensions><TPX xmlns="http://www.garmin.com/xmlschemas/ActivityExtension/v2"><Speed>2.733</Speed></TPX></Extensions></Trackpoint><Trackpoint><Time>2026-03-05T10:58:41+00:00</Time><DistanceMeters>4780.9</DistanceMeters><Position><LatitudeDegrees>50.855398</LatitudeDegrees><LongitudeDegrees>4.277007</LongitudeDegrees></Position><AltitudeMeters>50.7</AltitudeMeters><Extensions><TPX xmlns="http://www.garmin.com/xmlschemas/ActivityExtension/v2"><Speed>2.78</Speed></TPX></Extensions></Trackpoint><Trackpoint><Time>2026-03-05T10:58:42+00:00</Time><DistanceMeters>4784.0</DistanceMeters><Position><LatitudeDegrees>50.855412</LatitudeDegrees><LongitudeDegrees>4.277001</LongitudeDegrees></Position><AltitudeMeters>50.6</AltitudeMeters><Extensions><TPX xmlns="http://www.garmin.com/xmlschemas/ActivityExtension/v2"><Speed>2.85</Speed></TPX></Extensions></Trackpoint><Trackpoint><Time>2026-03-05T10:58:43+00:00</Time><DistanceMeters>4786.3</DistanceMeters><Position><LatitudeDegrees>50.855452</LatitudeDegrees><LongitudeDegrees>4.276987</LongitudeDegrees></Position><AltitudeMeters>50.4</AltitudeMeters><Extensions><TPX xmlns="http://www.garmin.com/xmlschemas/ActivityExtension/v2"><Speed>2.76</Speed></TPX></Extensions></Trackpoint><Trackpoint><Time>2026-03-05T10:58:44+00:00</Time><DistanceMeters>4788.6</DistanceMeters><Position><LatitudeDegrees>50.855473</LatitudeDegrees><LongitudeDegrees>4.276978</LongitudeDegrees></Position><AltitudeMeters>50.3</AltitudeMeters><Extensions><TPX xmlns="http://www.garmin.com/xmlschemas/ActivityExtension/v2"><Speed>2.16</Speed></TPX></Extensions></Trackpoint><Trackpoint><Time>2026-03-05T10:58:45+00:00</Time><DistanceMeters>4793.7</DistanceMeters><Position><LatitudeDegrees>50.855497</LatitudeDegrees><LongitudeDegrees>4.27697</LongitudeDegrees></Position><AltitudeMeters>50.2</AltitudeMeters><Extensions><TPX xmlns="http://www.garmin.com/xmlschemas/ActivityExtension/v2"><Speed>2.65</Speed></TPX></Extensions></Trackpoint><Trackpoint><Time>2026-03-05T10:58:47+00:00</Time><DistanceMeters>4796.5</DistanceMeters><Position><LatitudeDegrees>50.855533</LatitudeDegrees><LongitudeDegrees>4.276959</LongitudeDegrees></Position><AltitudeMeters>50.0</AltitudeMeters><Extensions><TPX xmlns="http://www.garmin.com/xmlschemas/ActivityExtension/v2"><Speed>2.49</Speed></TPX></Extensions></Trackpoint><Trackpoint><Time>2026-03-05T10:58:48+00:00</Time><DistanceMeters>4799.2</DistanceMeters><Position><LatitudeDegrees>50.855545</LatitudeDegrees><LongitudeDegrees>4.276956</LongitudeDegrees></Position><AltitudeMeters>49.9</AltitudeMeters><Extensions><TPX xmlns="http://www.garmin.com/xmlschemas/ActivityExtension/v2"><Speed>2.58</Speed></TPX></Extensions></Trackpoint><Trackpoint><Time>2026-03-05T10:58:49+00:00</Time><DistanceMeters>4801.8</DistanceMeters><Position><LatitudeDegrees>50.855591</LatitudeDegrees><LongitudeDegrees>4.276939</LongitudeDegrees></Position><AltitudeMeters>49.7</AltitudeMeters><Extensions><TPX xmlns="http://www.garmin.com/xmlschemas/ActivityExtension/v2"><Speed>2.64</Speed></TPX></Extensions></Trackpoint><Trackpoint><Time>2026-03-05T10:58:50+00:00</Time><DistanceMeters>4804.4</DistanceMeters><Position><LatitudeDegrees>50.855613</LatitudeDegrees><LongitudeDegrees>4.276929</LongitudeDegrees></Position><AltitudeMeters>49.6</AltitudeMeters><Extensions><TPX xmlns="http://www.garmin.com/xmlschemas/ActivityExtension/v2"><Speed>2.14</Speed></TPX></Extensions></Trackpoint><Trackpoint><Time>2026-03-05T10:58:52+00:00</Time><DistanceMeters>4809.9</DistanceMeters><Position><LatitudeDegrees>50.855638</LatitudeDegrees><LongitudeDegrees>4.276916</LongitudeDegrees></Position><AltitudeMeters>49.5</AltitudeMeters><Extensions><TPX xmlns="http://www.garmin.com/xmlschemas/ActivityExtension/v2"><Speed>2.69</Speed></TPX></Extensions></Trackpoint><Trackpoint><Time>2026-03-05T10:58:53+00:00</Time><DistanceMeters>4812.1</DistanceMeters><Position><LatitudeDegrees>50.855667</LatitudeDegrees><LongitudeDegrees>4.276875</LongitudeDegrees></Position><AltitudeMeters>49.3</AltitudeMeters><Extensions><TPX xmlns="http://www.garmin.com/xmlschemas/ActivityExtension/v2"><Speed>2.58</Speed></TPX></Extensions></Trackpoint><Trackpoint><Time>2026-03-05T10:58:54+00:00</Time><DistanceMeters>4814.3</DistanceMeters><Position><LatitudeDegrees>50.855684</LatitudeDegrees><LongitudeDegrees>4.276861</LongitudeDegrees></Position><AltitudeMeters>49.2</AltitudeMeters><Extensions><TPX xmlns="http://www.garmin.com/xmlschemas/ActivityExtension/v2"><Speed>2.5</Speed></TPX></Extensions></Trackpoint><Trackpoint><Time>2026-03-05T10:58:55+00:00</Time><DistanceMeters>4818.7</DistanceMeters><Position><LatitudeDegrees>50.855703</LatitudeDegrees><LongitudeDegrees>4.276851</LongitudeDegrees></Position><AltitudeMeters>49.1</AltitudeMeters><Extensions><TPX xmlns="http://www.garmin.com/xmlschemas/ActivityExtension/v2"><Speed>2.86</Speed></TPX></Extensions></Trackpoint><Trackpoint><Time>2026-03-05T10:58:57+00:00</Time><DistanceMeters>4821.0</DistanceMeters><Position><LatitudeDegrees>50.855733</LatitudeDegrees><LongitudeDegrees>4.276841</LongitudeDegrees></Position><AltitudeMeters>48.9</AltitudeMeters><Extensions><TPX xmlns="http://www.garmin.com/xmlschemas/ActivityExtension/v2"><Speed>2.21</Speed></TPX></Extensions></Trackpoint><Trackpoint><Time>2026-03-05T10:58:58+00:00</Time><DistanceMeters>4823.2</DistanceMeters><Position><LatitudeDegrees>50.855743</LatitudeDegrees><LongitudeDegrees>4.276837</LongitudeDegrees></Position><AltitudeMeters>48.9</AltitudeMeters><Extensions><TPX xmlns="http://www.garmin.com/xmlschemas/ActivityExtension/v2"><Speed>2.22</Speed></TPX></Extensions></Trackpoint><Trackpoint><Time>2026-03-05T10:58:59+00:00</Time><DistanceMeters>4827.9</DistanceMeters><Position><LatitudeDegrees>50.855784</LatitudeDegrees><LongitudeDegrees>4.276826</LongitudeDegrees></Position><AltitudeMeters>48.7</AltitudeMeters><Extensions><TPX xmlns="http://www.garmin.com/xmlschemas/ActivityExtension/v2"><Speed>2.72</Speed></TPX></Extensions></Trackpoint><Trackpoint><Time>2026-03-05T10:59:01+00:00</Time><DistanceMeters>4830.1</DistanceMeters><Position><LatitudeDegrees>50.855816</LatitudeDegrees><LongitudeDegrees>4.276819</LongitudeDegrees></Position><AltitudeMeters>48.5</AltitudeMeters><Extensions><TPX xmlns="http://www.garmin.com/xmlschemas/ActivityExtension/v2"><Speed>1.9</Speed></TPX></Extensions></Trackpoint><Trackpoint><Time>2026-03-05T10:59:02+00:00</Time><DistanceMeters>4832.3</DistanceMeters><Position><LatitudeDegrees>50.855824</LatitudeDegrees><LongitudeDegrees>4.276817</LongitudeDegrees></Position><AltitudeMeters>48.5</AltitudeMeters><Extensions><TPX xmlns="http://www.garmin.com/xmlschemas/ActivityExtension/v2"><Speed>2.27</Speed></TPX></Extensions></Trackpoint><Trackpoint><Time>2026-03-05T10:59:03+00:00</Time><DistanceMeters>4835.1</DistanceMeters><Position><LatitudeDegrees>50.855872</LatitudeDegrees><LongitudeDegrees>4.276801</LongitudeDegrees></Position><AltitudeMeters>48.3</AltitudeMeters><Extensions><TPX xmlns="http://www.garmin.com/xmlschemas/ActivityExtension/v2"><Speed>2.37</Speed></TPX></Extensions></Trackpoint><Trackpoint><Time>2026-03-05T10:59:04+00:00</Time><DistanceMeters>4837.8</DistanceMeters><Position><LatitudeDegrees>50.855893</LatitudeDegrees><LongitudeDegrees>4.276792</LongitudeDegrees></Position><AltitudeMeters>48.2</AltitudeMeters><Extensions><TPX xmlns="http://www.garmin.com/xmlschemas/ActivityExtension/v2"><Speed>1.98</Speed></TPX></Extensions></Trackpoint><Trackpoint><Time>2026-03-05T10:59:06+00:00</Time><DistanceMeters>4843.0</DistanceMeters><Position><LatitudeDegrees>50.855918</LatitudeDegrees><LongitudeDegrees>4.276784</LongitudeDegrees></Position><AltitudeMeters>48.1</AltitudeMeters><Extensions><TPX xmlns="http://www.garmin.com/xmlschemas/ActivityExtension/v2"><Speed>2.58</Speed></TPX></Extensions></Trackpoint><Trackpoint><Time>2026-03-05T10:59:07+00:00</Time><DistanceMeters>4845.8</DistanceMeters><Position><LatitudeDegrees>50.855954</LatitudeDegrees><LongitudeDegrees>4.27677</LongitudeDegrees></Position><AltitudeMeters>47.9</AltitudeMeters><Extensions><TPX xmlns="http://www.garmin.com/xmlschemas/ActivityExtension/v2"><Speed>2.69</Speed></TPX></Extensions></Trackpoint><Trackpoint><Time>2026-03-05T10:59:08+00:00</Time><DistanceMeters>4848.5</DistanceMeters><Position><LatitudeDegrees>50.855966</LatitudeDegrees><LongitudeDegrees>4.276765</LongitudeDegrees></Position><AltitudeMeters>47.8</AltitudeMeters><Extensions><TPX xmlns="http://www.garmin.com/xmlschemas/ActivityExtension/v2"><Speed>2.69</Speed></TPX></Extensions></Trackpoint><Trackpoint><Time>2026-03-05T10:59:09+00:00</Time><DistanceMeters>4853.6</DistanceMeters><Position><LatitudeDegrees>50.856009</LatitudeDegrees><LongitudeDegrees>4.276744</LongitudeDegrees></Position><AltitudeMeters>47.6</AltitudeMeters><Extensions><TPX xmlns="http://www.garmin.com/xmlschemas/ActivityExtension/v2"><Speed>3.16</Speed></TPX></Extensions></Trackpoint><Trackpoint><Time>2026-03-05T10:59:10+00:00</Time><DistanceMeters>4853.6</DistanceMeters><Position><LatitudeDegrees>50.856033</LatitudeDegrees><LongitudeDegrees>4.276732</LongitudeDegrees></Position><AltitudeMeters>47.5</AltitudeMeters><Extensions><TPX xmlns="http://www.garmin.com/xmlschemas/ActivityExtension/v2"><Speed>2.633</Speed></TPX></Extensions></Trackpoint><Trackpoint><Time>2026-03-05T10:59:12+00:00</Time><DistanceMeters>4859.1</DistanceMeters><Position><LatitudeDegrees>50.856055</LatitudeDegrees><LongitudeDegrees>4.276718</LongitudeDegrees></Position><AltitudeMeters>47.4</AltitudeMeters><Extensions><TPX xmlns="http://www.garmin.com/xmlschemas/ActivityExtension/v2"><Speed>2.67</Speed></TPX></Extensions></Trackpoint><Trackpoint><Time>2026-03-05T10:59:13+00:00</Time><DistanceMeters>4861.3</DistanceMeters><Position><LatitudeDegrees>50.856082</LatitudeDegrees><LongitudeDegrees>4.276694</LongitudeDegrees></Position><AltitudeMeters>47.3</AltitudeMeters><Extensions><TPX xmlns="http://www.garmin.com/xmlschemas/ActivityExtension/v2"><Speed>2.56</Speed></TPX></Extensions></Trackpoint><Trackpoint><Time>2026-03-05T10:59:14+00:00</Time><DistanceMeters>4863.5</DistanceMeters><Position><LatitudeDegrees>50.85609</LatitudeDegrees><LongitudeDegrees>4.276686</LongitudeDegrees></Position><AltitudeMeters>47.2</AltitudeMeters><Extensions><TPX xmlns="http://www.garmin.com/xmlschemas/ActivityExtension/v2"><Speed>1.98</Speed></TPX></Extensions></Trackpoint><Trackpoint><Time>2026-03-05T10:59:15+00:00</Time><DistanceMeters>4868.2</DistanceMeters><Position><LatitudeDegrees>50.85613</LatitudeDegrees><LongitudeDegrees>4.276665</LongitudeDegrees></Position><AltitudeMeters>47.0</AltitudeMeters><Extensions><TPX xmlns="http://www.garmin.com/xmlschemas/ActivityExtension/v2"><Speed>2.92</Speed></TPX></Extensions></Trackpoint><Trackpoint><Time>2026-03-05T10:59:17+00:00</Time><DistanceMeters>4870.9</DistanceMeters><Position><LatitudeDegrees>50.856165</LatitudeDegrees><LongitudeDegrees>4.276657</LongitudeDegrees></Position><AltitudeMeters>46.9</AltitudeMeters><Extensions><TPX xmlns="http://www.garmin.com/xmlschemas/ActivityExtension/v2"><Speed>2.35</Speed></TPX></Extensions></Trackpoint><Trackpoint><Time>2026-03-05T10:59:18+00:00</Time><DistanceMeters>4873.5</DistanceMeters><Position><LatitudeDegrees>50.856177</LatitudeDegrees><LongitudeDegrees>4.276654</LongitudeDegrees></Position><AltitudeMeters>46.8</AltitudeMeters><Extensions><TPX xmlns="http://www.garmin.com/xmlschemas/ActivityExtension/v2"><Speed>2.44</Speed></TPX></Extensions></Trackpoint><Trackpoint><Time>2026-03-05T10:59:19+00:00</Time><DistanceMeters>4875.8</DistanceMeters><Position><LatitudeDegrees>50.856207</LatitudeDegrees><LongitudeDegrees>4.276649</LongitudeDegrees></Position><AltitudeMeters>46.7</AltitudeMeters><Extensions><TPX xmlns="http://www.garmin.com/xmlschemas/ActivityExtension/v2"><Speed>2.45</Speed></TPX></Extensions></Trackpoint><Trackpoint><Time>2026-03-05T10:59:20+00:00</Time><DistanceMeters>4878.0</DistanceMeters><Position><LatitudeDegrees>50.856218</LatitudeDegrees><LongitudeDegrees>4.276647</LongitudeDegrees></Position><AltitudeMeters>46.6</AltitudeMeters><Extensions><TPX xmlns="http://www.garmin.com/xmlschemas/ActivityExtension/v2"><Speed>1.96</Speed></TPX></Extensions></Trackpoint><Trackpoint><Time>2026-03-05T10:59:21+00:00</Time><DistanceMeters>4883.4</DistanceMeters><Position><LatitudeDegrees>50.856266</LatitudeDegrees><LongitudeDegrees>4.276645</LongitudeDegrees></Position><AltitudeMeters>46.4</AltitudeMeters><Extensions><TPX xmlns="http://www.garmin.com/xmlschemas/ActivityExtension/v2"><Speed>2.533</Speed></TPX></Extensions></Trackpoint><Trackpoint><Time>2026-03-05T10:59:22+00:00</Time><DistanceMeters>4885.0</DistanceMeters><Position><LatitudeDegrees>50.856288</LatitudeDegrees><LongitudeDegrees>4.27665</LongitudeDegrees></Position><AltitudeMeters>46.3</AltitudeMeters><Extensions><TPX xmlns="http://www.garmin.com/xmlschemas/ActivityExtension/v2"><Speed>2.83</Speed></TPX></Extensions></Trackpoint><Trackpoint><Time>2026-03-05T10:59:24+00:00</Time><DistanceMeters>4886.6</DistanceMeters><Position><LatitudeDegrees>50.856298</LatitudeDegrees><LongitudeDegrees>4.276651</LongitudeDegrees></Position><AltitudeMeters>46.3</AltitudeMeters><Extensions><TPX xmlns="http://www.garmin.com/xmlschemas/ActivityExtension/v2"><Speed>2.17</Speed></TPX></Extensions></Trackpoint><Trackpoint><Time>2026-03-05T10:59:25+00:00</Time><DistanceMeters>4888.2</DistanceMeters><Position><LatitudeDegrees>50.856309</LatitudeDegrees><LongitudeDegrees>4.276653</LongitudeDegrees></Position><AltitudeMeters>46.2</AltitudeMeters><Extensions><TPX xmlns="http://www.garmin.com/xmlschemas/ActivityExtension/v2"><Speed>2.04</Speed></TPX></Extensions></Trackpoint><Trackpoint><Time>2026-03-05T10:59:26+00:00</Time><DistanceMeters>4890.8</DistanceMeters><Position><LatitudeDegrees>50.856354</LatitudeDegrees><LongitudeDegrees>4.276673</LongitudeDegrees></Position><AltitudeMeters>46.1</AltitudeMeters><Extensions><TPX xmlns="http://www.garmin.com/xmlschemas/ActivityExtension/v2"><Speed>1.48</Speed></TPX></Extensions></Trackpoint><Trackpoint><Time>2026-03-05T10:59:27+00:00</Time><DistanceMeters>4893.4</DistanceMeters><Position><LatitudeDegrees>50.856376</LatitudeDegrees><LongitudeDegrees>4.276686</LongitudeDegrees></Position><AltitudeMeters>46.0</AltitudeMeters><Extensions><TPX xmlns="http://www.garmin.com/xmlschemas/ActivityExtension/v2"><Speed>1.68</Speed></TPX></Extensions></Trackpoint><Trackpoint><Time>2026-03-05T10:59:29+00:00</Time><DistanceMeters>4899.2</DistanceMeters><Position><LatitudeDegrees>50.856402</LatitudeDegrees><LongitudeDegrees>4.276707</LongitudeDegrees></Position><AltitudeMeters>45.9</AltitudeMeters><Extensions><TPX xmlns="http://www.garmin.com/xmlschemas/ActivityExtension/v2"><Speed>2.52</Speed></TPX></Extensions></Trackpoint><Trackpoint><Time>2026-03-05T10:59:30+00:00</Time><DistanceMeters>4902.6</DistanceMeters><Position><LatitudeDegrees>50.856428</LatitudeDegrees><LongitudeDegrees>4.27673</LongitudeDegrees></Position><AltitudeMeters>45.8</AltitudeMeters><Extensions><TPX xmlns="http://www.garmin.com/xmlschemas/ActivityExtension/v2"><Speed>2.88</Speed></TPX></Extensions></Trackpoint><Trackpoint><Time>2026-03-05T10:59:31+00:00</Time><DistanceMeters>4906.0</DistanceMeters><Position><LatitudeDegrees>50.856453</LatitudeDegrees><LongitudeDegrees>4.27676</LongitudeDegrees></Position><AltitudeMeters>45.7</AltitudeMeters><Extensions><TPX xmlns="http://www.garmin.com/xmlschemas/ActivityExtension/v2"><Speed>3.04</Speed></TPX></Extensions></Trackpoint><Trackpoint><Time>2026-03-05T10:59:32+00:00</Time><DistanceMeters>4909.3</DistanceMeters><Position><LatitudeDegrees>50.856477</LatitudeDegrees><LongitudeDegrees>4.276784</LongitudeDegrees></Position><AltitudeMeters>45.6</AltitudeMeters><Extensions><TPX xmlns="http://www.garmin.com/xmlschemas/ActivityExtension/v2"><Speed>3.18</Speed></TPX></Extensions></Trackpoint><Trackpoint><Time>2026-03-05T10:59:33+00:00</Time><DistanceMeters>4914.8</DistanceMeters><Position><LatitudeDegrees>50.856522</LatitudeDegrees><LongitudeDegrees>4.27682</LongitudeDegrees></Position><AltitudeMeters>45.5</AltitudeMeters><Extensions><TPX xmlns="http://www.garmin.com/xmlschemas/ActivityExtension/v2"><Speed>3.567</Speed></TPX></Extensions></Trackpoint><Trackpoint><Time>2026-03-05T10:59:35+00:00</Time><DistanceMeters>4917.9</DistanceMeters><Position><LatitudeDegrees>50.856546</LatitudeDegrees><LongitudeDegrees>4.276839</LongitudeDegrees></Position><AltitudeMeters>45.4</AltitudeMeters><Extensions><TPX xmlns="http://www.garmin.com/xmlschemas/ActivityExtension/v2"><Speed>3.06</Speed></TPX></Extensions></Trackpoint><Trackpoint><Time>2026-03-05T10:59:36+00:00</Time><DistanceMeters>4920.9</DistanceMeters><Position><LatitudeDegrees>50.856571</LatitudeDegrees><LongitudeDegrees>4.276856</LongitudeDegrees></Position><AltitudeMeters>45.4</AltitudeMeters><Extensions><TPX xmlns="http://www.garmin.com/xmlschemas/ActivityExtension/v2"><Speed>2.98</Speed></TPX></Extensions></Trackpoint><Trackpoint><Time>2026-03-05T10:59:37+00:00</Time><DistanceMeters>4923.8</DistanceMeters><Position><LatitudeDegrees>50.856607</LatitudeDegrees><LongitudeDegrees>4.27688</LongitudeDegrees></Position><AltitudeMeters>45.3</AltitudeMeters><Extensions><TPX xmlns="http://www.garmin.com/xmlschemas/ActivityExtension/v2"><Speed>2.89</Speed></TPX></Extensions></Trackpoint><Trackpoint><Time>2026-03-05T10:59:38+00:00</Time><DistanceMeters>4926.6</DistanceMeters><Position><LatitudeDegrees>50.856618</LatitudeDegrees><LongitudeDegrees>4.276888</LongitudeDegrees></Position><AltitudeMeters>45.3</AltitudeMeters><Extensions><TPX xmlns="http://www.garmin.com/xmlschemas/ActivityExtension/v2"><Speed>2.36</Speed></TPX></Extensions></Trackpoint><Trackpoint><Time>2026-03-05T10:59:39+00:00</Time><DistanceMeters>4929.6</DistanceMeters><Position><LatitudeDegrees>50.856655</LatitudeDegrees><LongitudeDegrees>4.276911</LongitudeDegrees></Position><AltitudeMeters>45.2</AltitudeMeters><Extensions><TPX xmlns="http://www.garmin.com/xmlschemas/ActivityExtension/v2"><Speed>2.458</Speed></TPX></Extensions></Trackpoint><Trackpoint><Time>2026-03-05T10:59:40+00:00</Time><DistanceMeters>4932.5</DistanceMeters><Position><LatitudeDegrees>50.856668</LatitudeDegrees><LongitudeDegrees>4.276917</LongitudeDegrees></Position><AltitudeMeters>45.2</AltitudeMeters><Extensions><TPX xmlns="http://www.garmin.com/xmlschemas/ActivityExtension/v2"><Speed>2.92</Speed></TPX></Extensions></Trackpoint><Trackpoint><Time>2026-03-05T10:59:41+00:00</Time><DistanceMeters>4935.5</DistanceMeters><Position><LatitudeDegrees>50.856695</LatitudeDegrees><LongitudeDegrees>4.276921</LongitudeDegrees></Position><AltitudeMeters>45.1</AltitudeMeters><Extensions><TPX xmlns="http://www.garmin.com/xmlschemas/ActivityExtension/v2"><Speed>2.92</Speed></TPX></Extensions></Trackpoint><Trackpoint><Time>2026-03-05T10:59:42+00:00</Time><DistanceMeters>4938.3</DistanceMeters><Position><LatitudeDegrees>50.856733</LatitudeDegrees><LongitudeDegrees>4.276929</LongitudeDegrees></Position><AltitudeMeters>45.1</AltitudeMeters><Extensions><TPX xmlns="http://www.garmin.com/xmlschemas/ActivityExtension/v2"><Speed>2.9</Speed></TPX></Extensions></Trackpoint><Trackpoint><Time>2026-03-05T10:59:43+00:00</Time><DistanceMeters>4941.0</DistanceMeters><Position><LatitudeDegrees>50.856744</LatitudeDegrees><LongitudeDegrees>4.276932</LongitudeDegrees></Position><AltitudeMeters>45.1</AltitudeMeters><Extensions><TPX xmlns="http://www.garmin.com/xmlschemas/ActivityExtension/v2"><Speed>2.88</Speed></TPX></Extensions></Trackpoint><Trackpoint><Time>2026-03-05T10:59:44+00:00</Time><DistanceMeters>4943.6</DistanceMeters><Position><LatitudeDegrees>50.856778</LatitudeDegrees><LongitudeDegrees>4.276944</LongitudeDegrees></Position><AltitudeMeters>45.0</AltitudeMeters><Extensions><TPX xmlns="http://www.garmin.com/xmlschemas/ActivityExtension/v2"><Speed>2.8</Speed></TPX></Extensions></Trackpoint><Trackpoint><Time>2026-03-05T10:59:45+00:00</Time><DistanceMeters>4946.1</DistanceMeters><Position><LatitudeDegrees>50.856789</LatitudeDegrees><LongitudeDegrees>4.276948</LongitudeDegrees></Position><AltitudeMeters>45.0</AltitudeMeters><Extensions><TPX xmlns="http://www.garmin.com/xmlschemas/ActivityExtension/v2"><Speed>2.72</Speed></TPX></Extensions></Trackpoint><Trackpoint><Time>2026-03-05T10:59:46+00:00</Time><DistanceMeters>4951.4</DistanceMeters><Position><LatitudeDegrees>50.856835</LatitudeDegrees><LongitudeDegrees>4.276966</LongitudeDegrees></Position><AltitudeMeters>45.0</AltitudeMeters><Extensions><TPX xmlns="http://www.garmin.com/xmlschemas/ActivityExtension/v2"><Speed>3.18</Speed></TPX></Extensions></Trackpoint><Trackpoint><Time>2026-03-05T10:59:47+00:00</Time><DistanceMeters>4951.4</DistanceMeters><Position><LatitudeDegrees>50.856861</LatitudeDegrees><LongitudeDegrees>4.276974</LongitudeDegrees></Position><AltitudeMeters>44.9</AltitudeMeters><Extensions><TPX xmlns="http://www.garmin.com/xmlschemas/ActivityExtension/v2"><Speed>2.63</Speed></TPX></Extensions></Trackpoint><Trackpoint><Time>2026-03-05T10:59:49+00:00</Time><DistanceMeters>4957.4</DistanceMeters><Position><LatitudeDegrees>50.856889</LatitudeDegrees><LongitudeDegrees>4.276974</LongitudeDegrees></Position><AltitudeMeters>44.9</AltitudeMeters><Extensions><TPX xmlns="http://www.garmin.com/xmlschemas/ActivityExtension/v2"><Speed>2.77</Speed></TPX></Extensions></Trackpoint><Trackpoint><Time>2026-03-05T10:59:50+00:00</Time><DistanceMeters>4960.2</DistanceMeters><Position><LatitudeDegrees>50.856923</LatitudeDegrees><LongitudeDegrees>4.27695</LongitudeDegrees></Position><AltitudeMeters>44.9</AltitudeMeters><Extensions><TPX xmlns="http://www.garmin.com/xmlschemas/ActivityExtension/v2"><Speed>2.81</Speed></TPX></Extensions></Trackpoint><Trackpoint><Time>2026-03-05T10:59:51+00:00</Time><DistanceMeters>4962.9</DistanceMeters><Position><LatitudeDegrees>50.856934</LatitudeDegrees><LongitudeDegrees>4.276939</LongitudeDegrees></Position><AltitudeMeters>44.9</AltitudeMeters><Extensions><TPX xmlns="http://www.garmin.com/xmlschemas/ActivityExtension/v2"><Speed>2.3</Speed></TPX></Extensions></Trackpoint><Trackpoint><Time>2026-03-05T10:59:52+00:00</Time><DistanceMeters>4968.3</DistanceMeters><Position><LatitudeDegrees>50.856971</LatitudeDegrees><LongitudeDegrees>4.276892</LongitudeDegrees></Position><AltitudeMeters>44.8</AltitudeMeters><Extensions><TPX xmlns="http://www.garmin.com/xmlschemas/ActivityExtension/v2"><Speed>3.38</Speed></TPX></Extensions></Trackpoint><Trackpoint><Time>2026-03-05T10:59:54+00:00</Time><DistanceMeters>4973.2</DistanceMeters><Position><LatitudeDegrees>50.857003</LatitudeDegrees><LongitudeDegrees>4.276845</LongitudeDegrees></Position><AltitudeMeters>44.8</AltitudeMeters><Extensions><TPX xmlns="http://www.garmin.com/xmlschemas/ActivityExtension/v2"><Speed>3.153</Speed></TPX></Extensions></Trackpoint><Trackpoint><Time>2026-03-05T10:59:55+00:00</Time><DistanceMeters>4975.0</DistanceMeters><Position><LatitudeDegrees>50.857016</LatitudeDegrees><LongitudeDegrees>4.276826</LongitudeDegrees></Position><AltitudeMeters>44.7</AltitudeMeters><Extensions><TPX xmlns="http://www.garmin.com/xmlschemas/ActivityExtension/v2"><Speed>2.977</Speed></TPX></Extensions></Trackpoint><Trackpoint><Time>2026-03-05T10:59:56+00:00</Time><DistanceMeters>4976.9</DistanceMeters><Position><LatitudeDegrees>50.857028</LatitudeDegrees><LongitudeDegrees>4.276808</LongitudeDegrees></Position><AltitudeMeters>44.7</AltitudeMeters><Extensions><TPX xmlns="http://www.garmin.com/xmlschemas/ActivityExtension/v2"><Speed>2.8</Speed></TPX></Extensions></Trackpoint><Trackpoint><Time>2026-03-05T10:59:57+00:00</Time><DistanceMeters>4979.6</DistanceMeters><Position><LatitudeDegrees>50.85706</LatitudeDegrees><LongitudeDegrees>4.276781</LongitudeDegrees></Position><AltitudeMeters>44.7</AltitudeMeters><Extensions><TPX xmlns="http://www.garmin.com/xmlschemas/ActivityExtension/v2"><Speed>2.26</Speed></TPX></Extensions></Trackpoint><Trackpoint><Time>2026-03-05T10:59:58+00:00</Time><DistanceMeters>4982.3</DistanceMeters><Position><LatitudeDegrees>50.857071</LatitudeDegrees><LongitudeDegrees>4.276774</LongitudeDegrees></Position><AltitudeMeters>44.7</AltitudeMeters><Extensions><TPX xmlns="http://www.garmin.com/xmlschemas/ActivityExtension/v2"><Speed>2.333</Speed></TPX></Extensions></Trackpoint><Trackpoint><Time>2026-03-05T10:59:59+00:00</Time><DistanceMeters>4984.8</DistanceMeters><Position><LatitudeDegrees>50.857103</LatitudeDegrees><LongitudeDegrees>4.276754</LongitudeDegrees></Position><AltitudeMeters>44.6</AltitudeMeters><Extensions><TPX xmlns="http://www.garmin.com/xmlschemas/ActivityExtension/v2"><Speed>2.327</Speed></TPX></Extensions></Trackpoint><Trackpoint><Time>2026-03-05T11:00:00+00:00</Time><DistanceMeters>4987.3</DistanceMeters><Position><LatitudeDegrees>50.857113</LatitudeDegrees><LongitudeDegrees>4.276749</LongitudeDegrees></Position><AltitudeMeters>44.6</AltitudeMeters><Extensions><TPX xmlns="http://www.garmin.com/xmlschemas/ActivityExtension/v2"><Speed>2.453</Speed></TPX></Extensions></Trackpoint><Trackpoint><Time>2026-03-05T11:00:01+00:00</Time><DistanceMeters>4990.0</DistanceMeters><Position><LatitudeDegrees>50.857149</LatitudeDegrees><LongitudeDegrees>4.276741</LongitudeDegrees></Position><AltitudeMeters>44.6</AltitudeMeters><Extensions><TPX xmlns="http://www.garmin.com/xmlschemas/ActivityExtension/v2"><Speed>2.61</Speed></TPX></Extensions></Trackpoint><Trackpoint><Time>2026-03-05T11:00:02+00:00</Time><DistanceMeters>4992.6</DistanceMeters><Position><LatitudeDegrees>50.857161</LatitudeDegrees><LongitudeDegrees>4.276739</LongitudeDegrees></Position><AltitudeMeters>44.5</AltitudeMeters><Extensions><TPX xmlns="http://www.garmin.com/xmlschemas/ActivityExtension/v2"><Speed>2.6</Speed></TPX></Extensions></Trackpoint><Trackpoint><Time>2026-03-05T11:00:03+00:00</Time><DistanceMeters>4997.7</DistanceMeters><Position><LatitudeDegrees>50.857203</LatitudeDegrees><LongitudeDegrees>4.276767</LongitudeDegrees></Position><AltitudeMeters>44.5</AltitudeMeters><Extensions><TPX xmlns="http://www.garmin.com/xmlschemas/ActivityExtension/v2"><Speed>3.08</Speed></TPX></Extensions></Trackpoint><Trackpoint><Time>2026-03-05T11:00:05+00:00</Time><DistanceMeters>5002.7</DistanceMeters><Position><LatitudeDegrees>50.857237</LatitudeDegrees><LongitudeDegrees>4.276814</LongitudeDegrees></Position><AltitudeMeters>44.4</AltitudeMeters><Extensions><TPX xmlns="http://www.garmin.com/xmlschemas/ActivityExtension/v2"><Speed>3.08</Speed></TPX></Extensions></Trackpoint><Trackpoint><Time>2026-03-05T11:00:06+00:00</Time><DistanceMeters>5004.5</DistanceMeters><Position><LatitudeDegrees>50.857249</LatitudeDegrees><LongitudeDegrees>4.276831</LongitudeDegrees></Position><AltitudeMeters>44.4</AltitudeMeters><Extensions><TPX xmlns="http://www.garmin.com/xmlschemas/ActivityExtension/v2"><Speed>2.91</Speed></TPX></Extensions></Trackpoint><Trackpoint><Time>2026-03-05T11:00:07+00:00</Time><DistanceMeters>5006.3</DistanceMeters><Position><LatitudeDegrees>50.857261</LatitudeDegrees><LongitudeDegrees>4.276849</LongitudeDegrees></Position><AltitudeMeters>44.4</AltitudeMeters><Extensions><TPX xmlns="http://www.garmin.com/xmlschemas/ActivityExtension/v2"><Speed>2.74</Speed></TPX></Extensions></Trackpoint><Trackpoint><Time>2026-03-05T11:00:08+00:00</Time><DistanceMeters>5008.9</DistanceMeters><Position><LatitudeDegrees>50.857285</LatitudeDegrees><LongitudeDegrees>4.276888</LongitudeDegrees></Position><AltitudeMeters>44.4</AltitudeMeters><Extensions><TPX xmlns="http://www.garmin.com/xmlschemas/ActivityExtension/v2"><Speed>2.24</Speed></TPX></Extensions></Trackpoint><Trackpoint><Time>2026-03-05T11:00:09+00:00</Time><DistanceMeters>5011.5</DistanceMeters><Position><LatitudeDegrees>50.857294</LatitudeDegrees><LongitudeDegrees>4.2769</LongitudeDegrees></Position><AltitudeMeters>44.4</AltitudeMeters><Extensions><TPX xmlns="http://www.garmin.com/xmlschemas/ActivityExtension/v2"><Speed>2.3</Speed></TPX></Extensions></Trackpoint><Trackpoint><Time>2026-03-05T11:00:10+00:00</Time><DistanceMeters>5013.9</DistanceMeters><Position><LatitudeDegrees>50.857319</LatitudeDegrees><LongitudeDegrees>4.276936</LongitudeDegrees></Position><AltitudeMeters>44.4</AltitudeMeters><Extensions><TPX xmlns="http://www.garmin.com/xmlschemas/ActivityExtension/v2"><Speed>2.24</Speed></TPX></Extensions></Trackpoint><Trackpoint><Time>2026-03-05T11:00:11+00:00</Time><DistanceMeters>5016.3</DistanceMeters><Position><LatitudeDegrees>50.857326</LatitudeDegrees><LongitudeDegrees>4.276947</LongitudeDegrees></Position><AltitudeMeters>44.4</AltitudeMeters><Extensions><TPX xmlns="http://www.garmin.com/xmlschemas/ActivityExtension/v2"><Speed>2.36</Speed></TPX></Extensions></Trackpoint><Trackpoint><Time>2026-03-05T11:00:12+00:00</Time><DistanceMeters>5018.7</DistanceMeters><Position><LatitudeDegrees>50.857361</LatitudeDegrees><LongitudeDegrees>4.276987</LongitudeDegrees></Position><AltitudeMeters>44.3</AltitudeMeters><Extensions><TPX xmlns="http://www.garmin.com/xmlschemas/ActivityExtension/v2"><Speed>2.48</Speed></TPX></Extensions></Trackpoint><Trackpoint><Time>2026-03-05T11:00:13+00:00</Time><DistanceMeters>5021.1</DistanceMeters><Position><LatitudeDegrees>50.857378</LatitudeDegrees><LongitudeDegrees>4.277007</LongitudeDegrees></Position><AltitudeMeters>44.3</AltitudeMeters><Extensions><TPX xmlns="http://www.garmin.com/xmlschemas/ActivityExtension/v2"><Speed>2.44</Speed></TPX></Extensions></Trackpoint><Trackpoint><Time>2026-03-05T11:00:15+00:00</Time><DistanceMeters>5026.0</DistanceMeters><Position><LatitudeDegrees>50.857396</LatitudeDegrees><LongitudeDegrees>4.277029</LongitudeDegrees></Position><AltitudeMeters>44.3</AltitudeMeters><Extensions><TPX xmlns="http://www.garmin.com/xmlschemas/ActivityExtension/v2"><Speed>2.42</Speed></TPX></Extensions></Trackpoint><Trackpoint><Time>2026-03-05T11:00:16+00:00</Time><DistanceMeters>5028.4</DistanceMeters><Position><LatitudeDegrees>50.857422</LatitudeDegrees><LongitudeDegrees>4.277059</LongitudeDegrees></Position><AltitudeMeters>44.2</AltitudeMeters><Extensions><TPX xmlns="http://www.garmin.com/xmlschemas/ActivityExtension/v2"><Speed>2.42</Speed></TPX></Extensions></Trackpoint><Trackpoint><Time>2026-03-05T11:00:17+00:00</Time><DistanceMeters>5030.8</DistanceMeters><Position><LatitudeDegrees>50.857431</LatitudeDegrees><LongitudeDegrees>4.277068</LongitudeDegrees></Position><AltitudeMeters>44.2</AltitudeMeters><Extensions><TPX xmlns="http://www.garmin.com/xmlschemas/ActivityExtension/v2"><Speed>2.42</Speed></TPX></Extensions></Trackpoint><Trackpoint><Time>2026-03-05T11:00:18+00:00</Time><DistanceMeters>5035.9</DistanceMeters><Position><LatitudeDegrees>50.857471</LatitudeDegrees><LongitudeDegrees>4.277106</LongitudeDegrees></Position><AltitudeMeters>44.2</AltitudeMeters><Extensions><TPX xmlns="http://www.garmin.com/xmlschemas/ActivityExtension/v2"><Speed>2.96</Speed></TPX></Extensions></Trackpoint><Trackpoint><Time>2026-03-05T11:00:19+00:00</Time><DistanceMeters>5035.9</DistanceMeters><Position><LatitudeDegrees>50.857493</LatitudeDegrees><LongitudeDegrees>4.277124</LongitudeDegrees></Position><AltitudeMeters>44.2</AltitudeMeters><Extensions><TPX xmlns="http://www.garmin.com/xmlschemas/ActivityExtension/v2"><Speed>2.467</Speed></TPX></Extensions></Trackpoint><Trackpoint><Time>2026-03-05T11:00:21+00:00</Time><DistanceMeters>5041.4</DistanceMeters><Position><LatitudeDegrees>50.857515</LatitudeDegrees><LongitudeDegrees>4.27714</LongitudeDegrees></Position><AltitudeMeters>44.2</AltitudeMeters><Extensions><TPX xmlns="http://www.garmin.com/xmlschemas/ActivityExtension/v2"><Speed>2.6</Speed></TPX></Extensions></Trackpoint><Trackpoint><Time>2026-03-05T11:00:22+00:00</Time><DistanceMeters>5044.3</DistanceMeters><Position><LatitudeDegrees>50.85755</LatitudeDegrees><LongitudeDegrees>4.277167</LongitudeDegrees></Position><AltitudeMeters>44.1</AltitudeMeters><Extensions><TPX xmlns="http://www.garmin.com/xmlschemas/ActivityExtension/v2"><Speed>2.69</Speed></TPX></Extensions></Trackpoint><Trackpoint><Time>2026-03-05T11:00:23+00:00</Time><DistanceMeters>5047.1</DistanceMeters><Position><LatitudeDegrees>50.857561</LatitudeDegrees><LongitudeDegrees>4.277177</LongitudeDegrees></Position><AltitudeMeters>44.1</AltitudeMeters><Extensions><TPX xmlns="http://www.garmin.com/xmlschemas/ActivityExtension/v2"><Speed>2.24</Speed></TPX></Extensions></Trackpoint><Trackpoint><Time>2026-03-05T11:00:24+00:00</Time><DistanceMeters>5052.6</DistanceMeters><Position><LatitudeDegrees>50.857605</LatitudeDegrees><LongitudeDegrees>4.277212</LongitudeDegrees></Position><AltitudeMeters>44.1</AltitudeMeters><Extensions><TPX xmlns="http://www.garmin.com/xmlschemas/ActivityExtension/v2"><Speed>3.34</Speed></TPX></Extensions></Trackpoint><Trackpoint><Time>2026-03-05T11:00:26+00:00</Time><DistanceMeters>5057.7</DistanceMeters><Position><LatitudeDegrees>50.857646</LatitudeDegrees><LongitudeDegrees>4.277244</LongitudeDegrees></Position><AltitudeMeters>44.1</AltitudeMeters><Extensions><TPX xmlns="http://www.garmin.com/xmlschemas/ActivityExtension/v2"><Speed>3.267</Speed></TPX></Extensions></Trackpoint><Trackpoint><Time>2026-03-05T11:00:27+00:00</Time><DistanceMeters>5059.7</DistanceMeters><Position><LatitudeDegrees>50.857662</LatitudeDegrees><LongitudeDegrees>4.277257</LongitudeDegrees></Position><AltitudeMeters>44.0</AltitudeMeters><Extensions><TPX xmlns="http://www.garmin.com/xmlschemas/ActivityExtension/v2"><Speed>3.083</Speed></TPX></Extensions></Trackpoint><Trackpoint><Time>2026-03-05T11:00:28+00:00</Time><DistanceMeters>5061.6</DistanceMeters><Position><LatitudeDegrees>50.857677</LatitudeDegrees><LongitudeDegrees>4.277269</LongitudeDegrees></Position><AltitudeMeters>44.0</AltitudeMeters><Extensions><TPX xmlns="http://www.garmin.com/xmlschemas/ActivityExtension/v2"><Speed>2.9</Speed></TPX></Extensions></Trackpoint><Trackpoint><Time>2026-03-05T11:00:29+00:00</Time><DistanceMeters>5064.8</DistanceMeters><Position><LatitudeDegrees>50.857701</LatitudeDegrees><LongitudeDegrees>4.277296</LongitudeDegrees></Position><AltitudeMeters>44.0</AltitudeMeters><Extensions><TPX xmlns="http://www.garmin.com/xmlschemas/ActivityExtension/v2"><Speed>2.44</Speed></TPX></Extensions></Trackpoint><Trackpoint><Time>2026-03-05T11:00:30+00:00</Time><DistanceMeters>5068.1</DistanceMeters><Position><LatitudeDegrees>50.85775</LatitudeDegrees><LongitudeDegrees>4.27734</LongitudeDegrees></Position><AltitudeMeters>43.9</AltitudeMeters><Extensions><TPX xmlns="http://www.garmin.com/xmlschemas/ActivityExtension/v2"><Speed>2.583</Speed></TPX></Extensions></Trackpoint><Trackpoint><Time>2026-03-05T11:00:32+00:00</Time><DistanceMeters>5074.4</DistanceMeters><Position><LatitudeDegrees>50.857777</LatitudeDegrees><LongitudeDegrees>4.27736</LongitudeDegrees></Position><AltitudeMeters>43.9</AltitudeMeters><Extensions><TPX xmlns="http://www.garmin.com/xmlschemas/ActivityExtension/v2"><Speed>2.947</Speed></TPX></Extensions></Trackpoint><Trackpoint><Time>2026-03-05T11:00:33+00:00</Time><DistanceMeters>5077.5</DistanceMeters><Position><LatitudeDegrees>50.857802</LatitudeDegrees><LongitudeDegrees>4.277379</LongitudeDegrees></Position><AltitudeMeters>43.9</AltitudeMeters><Extensions><TPX xmlns="http://www.garmin.com/xmlschemas/ActivityExtension/v2"><Speed>3.18</Speed></TPX></Extensions></Trackpoint><Trackpoint><Time>2026-03-05T11:00:34+00:00</Time><DistanceMeters>5080.5</DistanceMeters><Position><LatitudeDegrees>50.857828</LatitudeDegrees><LongitudeDegrees>4.27739</LongitudeDegrees></Position><AltitudeMeters>43.8</AltitudeMeters><Extensions><TPX xmlns="http://www.garmin.com/xmlschemas/ActivityExtension/v2"><Speed>3.14</Speed></TPX></Extensions></Trackpoint><Trackpoint><Time>2026-03-05T11:00:35+00:00</Time><DistanceMeters>5083.5</DistanceMeters><Position><LatitudeDegrees>50.857855</LatitudeDegrees><LongitudeDegrees>4.277396</LongitudeDegrees></Position><AltitudeMeters>43.8</AltitudeMeters><Extensions><TPX xmlns="http://www.garmin.com/xmlschemas/ActivityExtension/v2"><Speed>3.08</Speed></TPX></Extensions></Trackpoint><Trackpoint><Time>2026-03-05T11:00:36+00:00</Time><DistanceMeters>5086.4</DistanceMeters><Position><LatitudeDegrees>50.857893</LatitudeDegrees><LongitudeDegrees>4.277401</LongitudeDegrees></Position><AltitudeMeters>43.7</AltitudeMeters><Extensions><TPX xmlns="http://www.garmin.com/xmlschemas/ActivityExtension/v2"><Speed>3.05</Speed></TPX></Extensions></Trackpoint><Trackpoint><Time>2026-03-05T11:00:37+00:00</Time><DistanceMeters>5089.3</DistanceMeters><Position><LatitudeDegrees>50.857907</LatitudeDegrees><LongitudeDegrees>4.277402</LongitudeDegrees></Position><AltitudeMeters>43.7</AltitudeMeters><Extensions><TPX xmlns="http://www.garmin.com/xmlschemas/ActivityExtension/v2"><Speed>2.98</Speed></TPX></Extensions></Trackpoint><Trackpoint><Time>2026-03-05T11:00:38+00:00</Time><DistanceMeters>5092.0</DistanceMeters><Position><LatitudeDegrees>50.857955</LatitudeDegrees><LongitudeDegrees>4.277405</LongitudeDegrees></Position><AltitudeMeters>43.7</AltitudeMeters><Extensions><TPX xmlns="http://www.garmin.com/xmlschemas/ActivityExtension/v2"><Speed>2.89</Speed></TPX></Extensions></Trackpoint><Trackpoint><Time>2026-03-05T11:00:39+00:00</Time><DistanceMeters>5094.6</DistanceMeters><Position><LatitudeDegrees>50.857978</LatitudeDegrees><LongitudeDegrees>4.277405</LongitudeDegrees></Position><AltitudeMeters>43.6</AltitudeMeters><Extensions><TPX xmlns="http://www.garmin.com/xmlschemas/ActivityExtension/v2"><Speed>2.82</Speed></TPX></Extensions></Trackpoint><Trackpoint><Time>2026-03-05T11:00:41+00:00</Time><DistanceMeters>5100.0</DistanceMeters><Position><LatitudeDegrees>50.858003</LatitudeDegrees><LongitudeDegrees>4.277412</LongitudeDegrees></Position><AltitudeMeters>43.6</AltitudeMeters><Extensions><TPX xmlns="http://www.garmin.com/xmlschemas/ActivityExtension/v2"><Speed>2.72</Speed></TPX></Extensions></Trackpoint><Trackpoint><Time>2026-03-05T11:00:42+00:00</Time><DistanceMeters>5102.6</DistanceMeters><Position><LatitudeDegrees>50.858046</LatitudeDegrees><LongitudeDegrees>4.277439</LongitudeDegrees></Position><AltitudeMeters>43.5</AltitudeMeters><Extensions><TPX xmlns="http://www.garmin.com/xmlschemas/ActivityExtension/v2"><Speed>2.66</Speed></TPX></Extensions></Trackpoint><Trackpoint><Time>2026-03-05T11:00:43+00:00</Time><DistanceMeters>5105.2</DistanceMeters><Position><LatitudeDegrees>50.858066</LatitudeDegrees><LongitudeDegrees>4.277457</LongitudeDegrees></Position><AltitudeMeters>43.5</AltitudeMeters><Extensions><TPX xmlns="http://www.garmin.com/xmlschemas/ActivityExtension/v2"><Speed>2.65</Speed></TPX></Extensions></Trackpoint><Trackpoint><Time>2026-03-05T11:00:44+00:00</Time><DistanceMeters>5110.4</DistanceMeters><Position><LatitudeDegrees>50.858086</LatitudeDegrees><LongitudeDegrees>4.277481</LongitudeDegrees></Position><AltitudeMeters>43.5</AltitudeMeters><Extensions><TPX xmlns="http://www.garmin.com/xmlschemas/ActivityExtension/v2"><Speed>3.16</Speed></TPX></Extensions></Trackpoint><Trackpoint><Time>2026-03-05T11:00:46+00:00</Time><DistanceMeters>5113.3</DistanceMeters><Position><LatitudeDegrees>50.858111</LatitudeDegrees><LongitudeDegrees>4.277528</LongitudeDegrees></Position><AltitudeMeters>43.4</AltitudeMeters><Extensions><TPX xmlns="http://www.garmin.com/xmlschemas/ActivityExtension/v2"><Speed>2.66</Speed></TPX></Extensions></Trackpoint><Trackpoint><Time>2026-03-05T11:00:47+00:00</Time><DistanceMeters>5116.2</DistanceMeters><Position><LatitudeDegrees>50.85812</LatitudeDegrees><LongitudeDegrees>4.277542</LongitudeDegrees></Position><AltitudeMeters>43.4</AltitudeMeters><Extensions><TPX xmlns="http://www.garmin.com/xmlschemas/ActivityExtension/v2"><Speed>2.72</Speed></TPX></Extensions></Trackpoint><Trackpoint><Time>2026-03-05T11:00:48+00:00</Time><DistanceMeters>5119.0</DistanceMeters><Position><LatitudeDegrees>50.858148</LatitudeDegrees><LongitudeDegrees>4.277586</LongitudeDegrees></Position><AltitudeMeters>43.3</AltitudeMeters><Extensions><TPX xmlns="http://www.garmin.com/xmlschemas/ActivityExtension/v2"><Speed>2.77</Speed></TPX></Extensions></Trackpoint><Trackpoint><Time>2026-03-05T11:00:49+00:00</Time><DistanceMeters>5121.9</DistanceMeters><Position><LatitudeDegrees>50.858157</LatitudeDegrees><LongitudeDegrees>4.277599</LongitudeDegrees></Position><AltitudeMeters>43.3</AltitudeMeters><Extensions><TPX xmlns="http://www.garmin.com/xmlschemas/ActivityExtension/v2"><Speed>2.3</Speed></TPX></Extensions></Trackpoint><Trackpoint><Time>2026-03-05T11:00:50+00:00</Time><DistanceMeters>5124.8</DistanceMeters><Position><LatitudeDegrees>50.858184</LatitudeDegrees><LongitudeDegrees>4.277645</LongitudeDegrees></Position><AltitudeMeters>43.3</AltitudeMeters><Extensions><TPX xmlns="http://www.garmin.com/xmlschemas/ActivityExtension/v2"><Speed>2.4</Speed></TPX></Extensions></Trackpoint><Trackpoint><Time>2026-03-05T11:00:51+00:00</Time><DistanceMeters>5127.7</DistanceMeters><Position><LatitudeDegrees>50.858193</LatitudeDegrees><LongitudeDegrees>4.277659</LongitudeDegrees></Position><AltitudeMeters>43.2</AltitudeMeters><Extensions><TPX xmlns="http://www.garmin.com/xmlschemas/ActivityExtension/v2"><Speed>2.88</Speed></TPX></Extensions></Trackpoint><Trackpoint><Time>2026-03-05T11:00:52+00:00</Time><DistanceMeters>5133.0</DistanceMeters><Position><LatitudeDegrees>50.858231</LatitudeDegrees><LongitudeDegrees>4.277703</LongitudeDegrees></Position><AltitudeMeters>43.2</AltitudeMeters><Extensions><TPX xmlns="http://www.garmin.com/xmlschemas/ActivityExtension/v2"><Speed>3.36</Speed></TPX></Extensions></Trackpoint><Trackpoint><Time>2026-03-05T11:00:54+00:00</Time><DistanceMeters>5135.8</DistanceMeters><Position><LatitudeDegrees>50.858265</LatitudeDegrees><LongitudeDegrees>4.277734</LongitudeDegrees></Position><AltitudeMeters>43.1</AltitudeMeters><Extensions><TPX xmlns="http://www.garmin.com/xmlschemas/ActivityExtension/v2"><Speed>2.78</Speed></TPX></Extensions></Trackpoint><Trackpoint><Time>2026-03-05T11:00:55+00:00</Time><DistanceMeters>5138.6</DistanceMeters><Position><LatitudeDegrees>50.858275</LatitudeDegrees><LongitudeDegrees>4.277745</LongitudeDegrees></Position><AltitudeMeters>43.1</AltitudeMeters><Extensions><TPX xmlns="http://www.garmin.com/xmlschemas/ActivityExtension/v2"><Speed>2.76</Speed></TPX></Extensions></Trackpoint><Trackpoint><Time>2026-03-05T11:00:56+00:00</Time><DistanceMeters>5143.8</DistanceMeters><Position><LatitudeDegrees>50.858316</LatitudeDegrees><LongitudeDegrees>4.277779</LongitudeDegrees></Position><AltitudeMeters>43.1</AltitudeMeters><Extensions><TPX xmlns="http://www.garmin.com/xmlschemas/ActivityExtension/v2"><Speed>3.22</Speed></TPX></Extensions></Trackpoint><Trackpoint><Time>2026-03-05T11:00:57+00:00</Time><DistanceMeters>5143.8</DistanceMeters><Position><LatitudeDegrees>50.858339</LatitudeDegrees><LongitudeDegrees>4.277796</LongitudeDegrees></Position><AltitudeMeters>43.0</AltitudeMeters><Extensions><TPX xmlns="http://www.garmin.com/xmlschemas/ActivityExtension/v2"><Speed>2.16</Speed></TPX></Extensions></Trackpoint><Trackpoint><Time>2026-03-05T11:00:59+00:00</Time><DistanceMeters>5149.4</DistanceMeters><Position><LatitudeDegrees>50.858363</LatitudeDegrees><LongitudeDegrees>4.277809</LongitudeDegrees></Position><AltitudeMeters>43.0</AltitudeMeters><Extensions><TPX xmlns="http://www.garmin.com/xmlschemas/ActivityExtension/v2"><Speed>2.72</Speed></TPX></Extensions></Trackpoint><Trackpoint><Time>2026-03-05T11:01:00+00:00</Time><DistanceMeters>5152.2</DistanceMeters><Position><LatitudeDegrees>50.858407</LatitudeDegrees><LongitudeDegrees>4.277843</LongitudeDegrees></Position><AltitudeMeters>43.0</AltitudeMeters><Extensions><TPX xmlns="http://www.garmin.com/xmlschemas/ActivityExtension/v2"><Speed>2.71</Speed></TPX></Extensions></Trackpoint><Trackpoint><Time>2026-03-05T11:01:01+00:00</Time><DistanceMeters>5154.9</DistanceMeters><Position><LatitudeDegrees>50.858428</LatitudeDegrees><LongitudeDegrees>4.27786</LongitudeDegrees></Position><AltitudeMeters>43.0</AltitudeMeters><Extensions><TPX xmlns="http://www.garmin.com/xmlschemas/ActivityExtension/v2"><Speed>2.22</Speed></TPX></Extensions></Trackpoint><Trackpoint><Time>2026-03-05T11:01:02+00:00</Time><DistanceMeters>5160.3</DistanceMeters><Position><LatitudeDegrees>50.858451</LatitudeDegrees><LongitudeDegrees>4.277878</LongitudeDegrees></Position><AltitudeMeters>42.9</AltitudeMeters><Extensions><TPX xmlns="http://www.garmin.com/xmlschemas/ActivityExtension/v2"><Speed>3.3</Speed></TPX></Extensions></Trackpoint><Trackpoint><Time>2026-03-05T11:01:04+00:00</Time><DistanceMeters>5165.4</DistanceMeters><Position><LatitudeDegrees>50.858497</LatitudeDegrees><LongitudeDegrees>4.277919</LongitudeDegrees></Position><AltitudeMeters>42.9</AltitudeMeters><Extensions><TPX xmlns="http://www.garmin.com/xmlschemas/ActivityExtension/v2"><Speed>3.193</Speed></TPX></Extensions></Trackpoint><Trackpoint><Time>2026-03-05T11:01:05+00:00</Time><DistanceMeters>5167.3</DistanceMeters><Position><LatitudeDegrees>50.85852</LatitudeDegrees><LongitudeDegrees>4.27794</LongitudeDegrees></Position><AltitudeMeters>42.9</AltitudeMeters><Extensions><TPX xmlns="http://www.garmin.com/xmlschemas/ActivityExtension/v2"><Speed>3.037</Speed></TPX></Extensions></Trackpoint><Trackpoint><Time>2026-03-05T11:01:06+00:00</Time><DistanceMeters>5169.3</DistanceMeters><Position><LatitudeDegrees>50.858542</LatitudeDegrees><LongitudeDegrees>4.27796</LongitudeDegrees></Position><AltitudeMeters>42.8</AltitudeMeters><Extensions><TPX xmlns="http://www.garmin.com/xmlschemas/ActivityExtension/v2"><Speed>2.88</Speed></TPX></Extensions></Trackpoint><Trackpoint><Time>2026-03-05T11:01:08+00:00</Time><DistanceMeters>5174.9</DistanceMeters><Position><LatitudeDegrees>50.858565</LatitudeDegrees><LongitudeDegrees>4.27798</LongitudeDegrees></Position><AltitudeMeters>42.8</AltitudeMeters><Extensions><TPX xmlns="http://www.garmin.com/xmlschemas/ActivityExtension/v2"><Speed>2.433</Speed></TPX></Extensions></Trackpoint><Trackpoint><Time>2026-03-05T11:01:09+00:00</Time><DistanceMeters>5177.7</DistanceMeters><Position><LatitudeDegrees>50.858599</LatitudeDegrees><LongitudeDegrees>4.278007</LongitudeDegrees></Position><AltitudeMeters>42.8</AltitudeMeters><Extensions><TPX xmlns="http://www.garmin.com/xmlschemas/ActivityExtension/v2"><Speed>2.457</Speed></TPX></Extensions></Trackpoint><Trackpoint><Time>2026-03-05T11:01:10+00:00</Time><DistanceMeters>5180.4</DistanceMeters><Position><LatitudeDegrees>50.858609</LatitudeDegrees><LongitudeDegrees>4.278017</LongitudeDegrees></Position><AltitudeMeters>42.8</AltitudeMeters><Extensions><TPX xmlns="http://www.garmin.com/xmlschemas/ActivityExtension/v2"><Speed>2.613</Speed></TPX></Extensions></Trackpoint><Trackpoint><Time>2026-03-05T11:01:11+00:00</Time><DistanceMeters>5185.5</DistanceMeters><Position><LatitudeDegrees>50.858649</LatitudeDegrees><LongitudeDegrees>4.278051</LongitudeDegrees></Position><AltitudeMeters>42.7</AltitudeMeters><Extensions><TPX xmlns="http://www.garmin.com/xmlschemas/ActivityExtension/v2"><Speed>3.24</Speed></TPX></Extensions></Trackpoint><Trackpoint><Time>2026-03-05T11:01:13+00:00</Time><DistanceMeters>5188.1</DistanceMeters><Position><LatitudeDegrees>50.858679</LatitudeDegrees><LongitudeDegrees>4.27808</LongitudeDegrees></Position><AltitudeMeters>42.7</AltitudeMeters><Extensions><TPX xmlns="http://www.garmin.com/xmlschemas/ActivityExtension/v2"><Speed>2.63</Speed></TPX></Extensions></Trackpoint><Trackpoint><Time>2026-03-05T11:01:14+00:00</Time><DistanceMeters>5190.6</DistanceMeters><Position><LatitudeDegrees>50.858689</LatitudeDegrees><LongitudeDegrees>4.278089</LongitudeDegrees></Position><AltitudeMeters>42.7</AltitudeMeters><Extensions><TPX xmlns="http://www.garmin.com/xmlschemas/ActivityExtension/v2"><Speed>2.59</Speed></TPX></Extensions></Trackpoint><Trackpoint><Time>2026-03-05T11:01:15+00:00</Time><DistanceMeters>5195.6</DistanceMeters><Position><LatitudeDegrees>50.858728</LatitudeDegrees><LongitudeDegrees>4.278122</LongitudeDegrees></Position><AltitudeMeters>42.7</AltitudeMeters><Extensions><TPX xmlns="http://www.garmin.com/xmlschemas/ActivityExtension/v2"><Speed>3.04</Speed></TPX></Extensions></Trackpoint><Trackpoint><Time>2026-03-05T11:01:17+00:00</Time><DistanceMeters>5198.2</DistanceMeters><Position><LatitudeDegrees>50.858761</LatitudeDegrees><LongitudeDegrees>4.278147</LongitudeDegrees></Position><AltitudeMeters>42.6</AltitudeMeters><Extensions><TPX xmlns="http://www.garmin.com/xmlschemas/ActivityExtension/v2"><Speed>2.117</Speed></TPX></Extensions></Trackpoint><Trackpoint><Time>2026-03-05T11:01:18+00:00</Time><DistanceMeters>5200.8</DistanceMeters><Position><LatitudeDegrees>50.85877</LatitudeDegrees><LongitudeDegrees>4.278156</LongitudeDegrees></Position><AltitudeMeters>42.6</AltitudeMeters><Extensions><TPX xmlns="http://www.garmin.com/xmlschemas/ActivityExtension/v2"><Speed>2.55</Speed></TPX></Extensions></Trackpoint><Trackpoint><Time>2026-03-05T11:01:19+00:00</Time><DistanceMeters>5205.6</DistanceMeters><Position><LatitudeDegrees>50.858806</LatitudeDegrees><LongitudeDegrees>4.278193</LongitudeDegrees></Position><AltitudeMeters>42.6</AltitudeMeters><Extensions><TPX xmlns="http://www.garmin.com/xmlschemas/ActivityExtension/v2"><Speed>3.0</Speed></TPX></Extensions></Trackpoint><Trackpoint><Time>2026-03-05T11:01:20+00:00</Time><DistanceMeters>5205.6</DistanceMeters><Position><LatitudeDegrees>50.858822</LatitudeDegrees><LongitudeDegrees>4.278211</LongitudeDegrees></Position><AltitudeMeters>42.6</AltitudeMeters><Extensions><TPX xmlns="http://www.garmin.com/xmlschemas/ActivityExtension/v2"><Speed>2.0</Speed></TPX></Extensions></Trackpoint><Trackpoint><Time>2026-03-05T11:01:22+00:00</Time><DistanceMeters>5209.9</DistanceMeters><Position><LatitudeDegrees>50.858837</LatitudeDegrees><LongitudeDegrees>4.278229</LongitudeDegrees></Position><AltitudeMeters>42.6</AltitudeMeters><Extensions><TPX xmlns="http://www.garmin.com/xmlschemas/ActivityExtension/v2"><Speed>2.34</Speed></TPX></Extensions></Trackpoint><Trackpoint><Time>2026-03-05T11:01:23+00:00</Time><DistanceMeters>5212.6</DistanceMeters><Position><LatitudeDegrees>50.858878</LatitudeDegrees><LongitudeDegrees>4.278261</LongitudeDegrees></Position><AltitudeMeters>42.5</AltitudeMeters><Extensions><TPX xmlns="http://www.garmin.com/xmlschemas/ActivityExtension/v2"><Speed>2.36</Speed></TPX></Extensions></Trackpoint><Trackpoint><Time>2026-03-05T11:01:24+00:00</Time><DistanceMeters>5215.3</DistanceMeters><Position><LatitudeDegrees>50.858898</LatitudeDegrees><LongitudeDegrees>4.278275</LongitudeDegrees></Position><AltitudeMeters>42.5</AltitudeMeters><Extensions><TPX xmlns="http://www.garmin.com/xmlschemas/ActivityExtension/v2"><Speed>1.94</Speed></TPX></Extensions></Trackpoint><Trackpoint><Time>2026-03-05T11:01:25+00:00</Time><DistanceMeters>5219.6</DistanceMeters><Position><LatitudeDegrees>50.858916</LatitudeDegrees><LongitudeDegrees>4.27829</LongitudeDegrees></Position><AltitudeMeters>42.5</AltitudeMeters><Extensions><TPX xmlns="http://www.garmin.com/xmlschemas/ActivityExtension/v2"><Speed>2.8</Speed></TPX></Extensions></Trackpoint><Trackpoint><Time>2026-03-05T11:01:27+00:00</Time><DistanceMeters>5221.9</DistanceMeters><Position><LatitudeDegrees>50.858941</LatitudeDegrees><LongitudeDegrees>4.278318</LongitudeDegrees></Position><AltitudeMeters>42.5</AltitudeMeters><Extensions><TPX xmlns="http://www.garmin.com/xmlschemas/ActivityExtension/v2"><Speed>2.4</Speed></TPX></Extensions></Trackpoint><Trackpoint><Time>2026-03-05T11:01:28+00:00</Time><DistanceMeters>5224.2</DistanceMeters><Position><LatitudeDegrees>50.85895</LatitudeDegrees><LongitudeDegrees>4.278327</LongitudeDegrees></Position><AltitudeMeters>42.5</AltitudeMeters><Extensions><TPX xmlns="http://www.garmin.com/xmlschemas/ActivityExtension/v2"><Speed>2.32</Speed></TPX></Extensions></Trackpoint><Trackpoint><Time>2026-03-05T11:01:29+00:00</Time><DistanceMeters>5228.6</DistanceMeters><Position><LatitudeDegrees>50.858984</LatitudeDegrees><LongitudeDegrees>4.278358</LongitudeDegrees></Position><AltitudeMeters>42.4</AltitudeMeters><Extensions><TPX xmlns="http://www.garmin.com/xmlschemas/ActivityExtension/v2"><Speed>2.66</Speed></TPX></Extensions></Trackpoint><Trackpoint><Time>2026-03-05T11:01:31+00:00</Time><DistanceMeters>5230.8</DistanceMeters><Position><LatitudeDegrees>50.85901</LatitudeDegrees><LongitudeDegrees>4.278382</LongitudeDegrees></Position><AltitudeMeters>42.4</AltitudeMeters><Extensions><TPX xmlns="http://www.garmin.com/xmlschemas/ActivityExtension/v2"><Speed>1.867</Speed></TPX></Extensions></Trackpoint><Trackpoint><Time>2026-03-05T11:01:32+00:00</Time><DistanceMeters>5233.0</DistanceMeters><Position><LatitudeDegrees>50.859018</LatitudeDegrees><LongitudeDegrees>4.278389</LongitudeDegrees></Position><AltitudeMeters>42.4</AltitudeMeters><Extensions><TPX xmlns="http://www.garmin.com/xmlschemas/ActivityExtension/v2"><Speed>2.22</Speed></TPX></Extensions></Trackpoint><Trackpoint><Time>2026-03-05T11:01:33+00:00</Time><DistanceMeters>5233.0</DistanceMeters><Position><LatitudeDegrees>50.859036</LatitudeDegrees><LongitudeDegrees>4.278405</LongitudeDegrees></Position><AltitudeMeters>42.4</AltitudeMeters><Extensions><TPX xmlns="http://www.garmin.com/xmlschemas/ActivityExtension/v2"><Speed>1.76</Speed></TPX></Extensions></Trackpoint><Trackpoint><Time>2026-03-05T11:01:34+00:00</Time><DistanceMeters>5237.0</DistanceMeters><Position><LatitudeDegrees>50.85905</LatitudeDegrees><LongitudeDegrees>4.278414</LongitudeDegrees></Position><AltitudeMeters>42.4</AltitudeMeters><Extensions><TPX xmlns="http://www.garmin.com/xmlschemas/ActivityExtension/v2"><Speed>1.68</Speed></TPX></Extensions></Trackpoint><Trackpoint><Time>2026-03-05T11:01:35+00:00</Time><DistanceMeters>5237.0</DistanceMeters><Position><LatitudeDegrees>50.859063</LatitudeDegrees><LongitudeDegrees>4.278422</LongitudeDegrees></Position><AltitudeMeters>42.4</AltitudeMeters><Extensions><TPX xmlns="http://www.garmin.com/xmlschemas/ActivityExtension/v2"><Speed>1.4</Speed></TPX></Extensions></Trackpoint><Trackpoint><Time>2026-03-05T11:01:36+00:00</Time><DistanceMeters>5237.0</DistanceMeters><Position><LatitudeDegrees>50.859069</LatitudeDegrees><LongitudeDegrees>4.278433</LongitudeDegrees></Position><AltitudeMeters>42.4</AltitudeMeters><Extensions><TPX xmlns="http://www.garmin.com/xmlschemas/ActivityExtension/v2"><Speed>1.24</Speed></TPX></Extensions></Trackpoint><Trackpoint><Time>2026-03-05T11:01:37+00:00</Time><DistanceMeters>5241.0</DistanceMeters><Position><LatitudeDegrees>50.859078</LatitudeDegrees><LongitudeDegrees>4.27845</LongitudeDegrees></Position><AltitudeMeters>42.4</AltitudeMeters><Extensions><TPX xmlns="http://www.garmin.com/xmlschemas/ActivityExtension/v2"><Speed>1.6</Speed></TPX></Extensions></Trackpoint><Trackpoint><Time>2026-03-05T11:01:38+00:00</Time><DistanceMeters>5245.1</DistanceMeters><Position><LatitudeDegrees>50.859111</LatitudeDegrees><LongitudeDegrees>4.278479</LongitudeDegrees></Position><AltitudeMeters>42.4</AltitudeMeters><Extensions><TPX xmlns="http://www.garmin.com/xmlschemas/ActivityExtension/v2"><Speed>2.42</Speed></TPX></Extensions></Trackpoint><Trackpoint><Time>2026-03-05T11:01:40+00:00</Time><DistanceMeters>5247.5</DistanceMeters><Position><LatitudeDegrees>50.859142</LatitudeDegrees><LongitudeDegrees>4.27849</LongitudeDegrees></Position><AltitudeMeters>42.4</AltitudeMeters><Extensions><TPX xmlns="http://www.garmin.com/xmlschemas/ActivityExtension/v2"><Speed>2.1</Speed></TPX></Extensions></Trackpoint><Trackpoint><Time>2026-03-05T11:01:41+00:00</Time><DistanceMeters>5249.9</DistanceMeters><Position><LatitudeDegrees>50.859152</LatitudeDegrees><LongitudeDegrees>4.278495</LongitudeDegrees></Position><AltitudeMeters>42.4</AltitudeMeters><Extensions><TPX xmlns="http://www.garmin.com/xmlschemas/ActivityExtension/v2"><Speed>2.58</Speed></TPX></Extensions></Trackpoint><Trackpoint><Time>2026-03-05T11:01:42+00:00</Time><DistanceMeters>5252.3</DistanceMeters><Position><LatitudeDegrees>50.859185</LatitudeDegrees><LongitudeDegrees>4.278497</LongitudeDegrees></Position><AltitudeMeters>42.4</AltitudeMeters><Extensions><TPX xmlns="http://www.garmin.com/xmlschemas/ActivityExtension/v2"><Speed>2.26</Speed></TPX></Extensions></Trackpoint><Trackpoint><Time>2026-03-05T11:01:43+00:00</Time><DistanceMeters>5254.7</DistanceMeters><Position><LatitudeDegrees>50.859196</LatitudeDegrees><LongitudeDegrees>4.2785</LongitudeDegrees></Position><AltitudeMeters>42.4</AltitudeMeters><Extensions><TPX xmlns="http://www.garmin.com/xmlschemas/ActivityExtension/v2"><Speed>1.92</Speed></TPX></Extensions></Trackpoint><Trackpoint><Time>2026-03-05T11:01:44+00:00</Time><DistanceMeters>5257.2</DistanceMeters><Position><LatitudeDegrees>50.85923</LatitudeDegrees><LongitudeDegrees>4.278499</LongitudeDegrees></Position><AltitudeMeters>42.4</AltitudeMeters><Extensions><TPX xmlns="http://www.garmin.com/xmlschemas/ActivityExtension/v2"><Speed>2.017</Speed></TPX></Extensions></Trackpoint><Trackpoint><Time>2026-03-05T11:01:45+00:00</Time><DistanceMeters>5259.7</DistanceMeters><Position><LatitudeDegrees>50.859241</LatitudeDegrees><LongitudeDegrees>4.278501</LongitudeDegrees></Position><AltitudeMeters>42.4</AltitudeMeters><Extensions><TPX xmlns="http://www.garmin.com/xmlschemas/ActivityExtension/v2"><Speed>2.44</Speed></TPX></Extensions></Trackpoint><Trackpoint><Time>2026-03-05T11:01:46+00:00</Time><DistanceMeters>5264.8</DistanceMeters><Position><LatitudeDegrees>50.859286</LatitudeDegrees><LongitudeDegrees>4.278509</LongitudeDegrees></Position><AltitudeMeters>42.4</AltitudeMeters><Extensions><TPX xmlns="http://www.garmin.com/xmlschemas/ActivityExtension/v2"><Speed>2.98</Speed></TPX></Extensions></Trackpoint><Trackpoint><Time>2026-03-05T11:01:48+00:00</Time><DistanceMeters>5267.6</DistanceMeters><Position><LatitudeDegrees>50.859324</LatitudeDegrees><LongitudeDegrees>4.278512</LongitudeDegrees></Position><AltitudeMeters>42.3</AltitudeMeters><Extensions><TPX xmlns="http://www.garmin.com/xmlschemas/ActivityExtension/v2"><Speed>2.57</Speed></TPX></Extensions></Trackpoint><Trackpoint><Time>2026-03-05T11:01:49+00:00</Time><DistanceMeters>5270.3</DistanceMeters><Position><LatitudeDegrees>50.859335</LatitudeDegrees><LongitudeDegrees>4.278515</LongitudeDegrees></Position><AltitudeMeters>42.3</AltitudeMeters><Extensions><TPX xmlns="http://www.garmin.com/xmlschemas/ActivityExtension/v2"><Speed>2.62</Speed></TPX></Extensions></Trackpoint><Trackpoint><Time>2026-03-05T11:01:50+00:00</Time><DistanceMeters>5272.7</DistanceMeters><Position><LatitudeDegrees>50.859368</LatitudeDegrees><LongitudeDegrees>4.278521</LongitudeDegrees></Position><AltitudeMeters>42.3</AltitudeMeters><Extensions><TPX xmlns="http://www.garmin.com/xmlschemas/ActivityExtension/v2"><Speed>2.6</Speed></TPX></Extensions></Trackpoint><Trackpoint><Time>2026-03-05T11:01:51+00:00</Time><DistanceMeters>5275.1</DistanceMeters><Position><LatitudeDegrees>50.859378</LatitudeDegrees><LongitudeDegrees>4.278524</LongitudeDegrees></Position><AltitudeMeters>42.3</AltitudeMeters><Extensions><TPX xmlns="http://www.garmin.com/xmlschemas/ActivityExtension/v2"><Speed>2.06</Speed></TPX></Extensions></Trackpoint><Trackpoint><Time>2026-03-05T11:01:52+00:00</Time><DistanceMeters>5279.3</DistanceMeters><Position><LatitudeDegrees>50.859414</LatitudeDegrees><LongitudeDegrees>4.278543</LongitudeDegrees></Position><AltitudeMeters>42.3</AltitudeMeters><Extensions><TPX xmlns="http://www.garmin.com/xmlschemas/ActivityExtension/v2"><Speed>2.417</Speed></TPX></Extensions></Trackpoint><Trackpoint><Time>2026-03-05T11:01:54+00:00</Time><DistanceMeters>5282.7</DistanceMeters><Position><LatitudeDegrees>50.859443</LatitudeDegrees><LongitudeDegrees>4.278561</LongitudeDegrees></Position><AltitudeMeters>42.3</AltitudeMeters><Extensions><TPX xmlns="http://www.garmin.com/xmlschemas/ActivityExtension/v2"><Speed>2.48</Speed></TPX></Extensions></Trackpoint><Trackpoint><Time>2026-03-05T11:01:55+00:00</Time><DistanceMeters>5282.7</DistanceMeters><Position><LatitudeDegrees>50.85945</LatitudeDegrees><LongitudeDegrees>4.278563</LongitudeDegrees></Position><AltitudeMeters>42.3</AltitudeMeters><Extensions><TPX xmlns="http://www.garmin.com/xmlschemas/ActivityExtension/v2"><Speed>2.0</Speed></TPX></Extensions></Trackpoint><Trackpoint><Time>2026-03-05T11:01:56+00:00</Time><DistanceMeters>5282.7</DistanceMeters><Position><LatitudeDegrees>50.859463</LatitudeDegrees><LongitudeDegrees>4.278571</LongitudeDegrees></Position><AltitudeMeters>42.3</AltitudeMeters><Extensions><TPX xmlns="http://www.garmin.com/xmlschemas/ActivityExtension/v2"><Speed>1.52</Speed></TPX></Extensions></Trackpoint><Trackpoint><Time>2026-03-05T11:01:57+00:00</Time><DistanceMeters>5286.6</DistanceMeters><Position><LatitudeDegrees>50.859473</LatitudeDegrees><LongitudeDegrees>4.278588</LongitudeDegrees></Position><AltitudeMeters>42.3</AltitudeMeters><Extensions><TPX xmlns="http://www.garmin.com/xmlschemas/ActivityExtension/v2"><Speed>1.46</Speed></TPX></Extensions></Trackpoint><Trackpoint><Time>2026-03-05T11:01:58+00:00</Time><DistanceMeters>5288.0</DistanceMeters><Position><LatitudeDegrees>50.859492</LatitudeDegrees><LongitudeDegrees>4.278606</LongitudeDegrees></Position><AltitudeMeters>42.2</AltitudeMeters><Extensions><TPX xmlns="http://www.garmin.com/xmlschemas/ActivityExtension/v2"><Speed>1.45</Speed></TPX></Extensions></Trackpoint><Trackpoint><Time>2026-03-05T11:01:59+00:00</Time><DistanceMeters>5289.4</DistanceMeters><Position><LatitudeDegrees>50.8595</LatitudeDegrees><LongitudeDegrees>4.278608</LongitudeDegrees></Position><AltitudeMeters>42.2</AltitudeMeters><Extensions><TPX xmlns="http://www.garmin.com/xmlschemas/ActivityExtension/v2"><Speed>1.34</Speed></TPX></Extensions></Trackpoint><Trackpoint><Time>2026-03-05T11:02:00+00:00</Time><DistanceMeters>5290.8</DistanceMeters><Position><LatitudeDegrees>50.859508</LatitudeDegrees><LongitudeDegrees>4.278611</LongitudeDegrees></Position><AltitudeMeters>42.2</AltitudeMeters><Extensions><TPX xmlns="http://www.garmin.com/xmlschemas/ActivityExtension/v2"><Speed>1.62</Speed></TPX></Extensions></Trackpoint><Trackpoint><Time>2026-03-05T11:02:01+00:00</Time><DistanceMeters>5290.8</DistanceMeters><Position><LatitudeDegrees>50.859519</LatitudeDegrees><LongitudeDegrees>4.278619</LongitudeDegrees></Position><AltitudeMeters>42.2</AltitudeMeters><Extensions><TPX xmlns="http://www.garmin.com/xmlschemas/ActivityExtension/v2"><Speed>1.62</Speed></TPX></Extensions></Trackpoint><Trackpoint><Time>2026-03-05T11:02:02+00:00</Time><DistanceMeters>5290.8</DistanceMeters><Position><LatitudeDegrees>50.859524</LatitudeDegrees><LongitudeDegrees>4.278637</LongitudeDegrees></Position><AltitudeMeters>42.2</AltitudeMeters><Extensions><TPX xmlns="http://www.garmin.com/xmlschemas/ActivityExtension/v2"><Speed>0.84</Speed></TPX></Extensions></Trackpoint><Trackpoint><Time>2026-03-05T11:02:03+00:00</Time><DistanceMeters>5294.4</DistanceMeters><Position><LatitudeDegrees>50.859527</LatitudeDegrees><LongitudeDegrees>4.278652</LongitudeDegrees></Position><AltitudeMeters>42.2</AltitudeMeters><Extensions><TPX xmlns="http://www.garmin.com/xmlschemas/ActivityExtension/v2"><Speed>1.28</Speed></TPX></Extensions></Trackpoint><Trackpoint><Time>2026-03-05T11:02:04+00:00</Time><DistanceMeters>5296.7</DistanceMeters><Position><LatitudeDegrees>50.859557</LatitudeDegrees><LongitudeDegrees>4.27866</LongitudeDegrees></Position><AltitudeMeters>42.2</AltitudeMeters><Extensions><TPX xmlns="http://www.garmin.com/xmlschemas/ActivityExtension/v2"><Speed>1.46</Speed></TPX></Extensions></Trackpoint><Trackpoint><Time>2026-03-05T11:02:05+00:00</Time><DistanceMeters>5299.0</DistanceMeters><Position><LatitudeDegrees>50.859568</LatitudeDegrees><LongitudeDegrees>4.278661</LongitudeDegrees></Position><AltitudeMeters>42.2</AltitudeMeters><Extensions><TPX xmlns="http://www.garmin.com/xmlschemas/ActivityExtension/v2"><Speed>1.64</Speed></TPX></Extensions></Trackpoint><Trackpoint><Time>2026-03-05T11:02:06+00:00</Time><DistanceMeters>5301.1</DistanceMeters><Position><LatitudeDegrees>50.859596</LatitudeDegrees><LongitudeDegrees>4.27867</LongitudeDegrees></Position><AltitudeMeters>42.2</AltitudeMeters><Extensions><TPX xmlns="http://www.garmin.com/xmlschemas/ActivityExtension/v2"><Speed>2.06</Speed></TPX></Extensions></Trackpoint><Trackpoint><Time>2026-03-05T11:02:07+00:00</Time><DistanceMeters>5303.2</DistanceMeters><Position><LatitudeDegrees>50.859605</LatitudeDegrees><LongitudeDegrees>4.278675</LongitudeDegrees></Position><AltitudeMeters>42.2</AltitudeMeters><Extensions><TPX xmlns="http://www.garmin.com/xmlschemas/ActivityExtension/v2"><Speed>2.48</Speed></TPX></Extensions></Trackpoint><Trackpoint><Time>2026-03-05T11:02:08+00:00</Time><DistanceMeters>5303.2</DistanceMeters><Position><LatitudeDegrees>50.859621</LatitudeDegrees><LongitudeDegrees>4.278684</LongitudeDegrees></Position><AltitudeMeters>42.2</AltitudeMeters><Extensions><TPX xmlns="http://www.garmin.com/xmlschemas/ActivityExtension/v2"><Speed>1.76</Speed></TPX></Extensions></Trackpoint><Trackpoint><Time>2026-03-05T11:02:09+00:00</Time><DistanceMeters>5307.1</DistanceMeters><Position><LatitudeDegrees>50.859638</LatitudeDegrees><LongitudeDegrees>4.278694</LongitudeDegrees></Position><AltitudeMeters>42.2</AltitudeMeters><Extensions><TPX xmlns="http://www.garmin.com/xmlschemas/ActivityExtension/v2"><Speed>2.08</Speed></TPX></Extensions></Trackpoint><Trackpoint><Time>2026-03-05T11:02:10+00:00</Time><DistanceMeters>5307.1</DistanceMeters><Position><LatitudeDegrees>50.859654</LatitudeDegrees><LongitudeDegrees>4.278706</LongitudeDegrees></Position><AltitudeMeters>42.1</AltitudeMeters><Extensions><TPX xmlns="http://www.garmin.com/xmlschemas/ActivityExtension/v2"><Speed>1.62</Speed></TPX></Extensions></Trackpoint><Trackpoint><Time>2026-03-05T11:02:11+00:00</Time><DistanceMeters>5310.8</DistanceMeters><Position><LatitudeDegrees>50.859668</LatitudeDegrees><LongitudeDegrees>4.278716</LongitudeDegrees></Position><AltitudeMeters>42.1</AltitudeMeters><Extensions><TPX xmlns="http://www.garmin.com/xmlschemas/ActivityExtension/v2"><Speed>1.94</Speed></TPX></Extensions></Trackpoint><Trackpoint><Time>2026-03-05T11:02:12+00:00</Time><DistanceMeters>5310.8</DistanceMeters><Position><LatitudeDegrees>50.859683</LatitudeDegrees><LongitudeDegrees>4.27873</LongitudeDegrees></Position><AltitudeMeters>42.1</AltitudeMeters><Extensions><TPX xmlns="http://www.garmin.com/xmlschemas/ActivityExtension/v2"><Speed>1.52</Speed></TPX></Extensions></Trackpoint><Trackpoint><Time>2026-03-05T11:02:13+00:00</Time><DistanceMeters>5314.4</DistanceMeters><Position><LatitudeDegrees>50.859696</LatitudeDegrees><LongitudeDegrees>4.278742</LongitudeDegrees></Position><AltitudeMeters>42.1</AltitudeMeters><Extensions><TPX xmlns="http://www.garmin.com/xmlschemas/ActivityExtension/v2"><Speed>2.24</Speed></TPX></Extensions></Trackpoint><Trackpoint><Time>2026-03-05T11:02:14+00:00</Time><DistanceMeters>5314.4</DistanceMeters><Position><LatitudeDegrees>50.85971</LatitudeDegrees><LongitudeDegrees>4.278755</LongitudeDegrees></Position><AltitudeMeters>42.1</AltitudeMeters><Extensions><TPX xmlns="http://www.garmin.com/xmlschemas/ActivityExtension/v2"><Speed>1.46</Speed></TPX></Extensions></Trackpoint><Trackpoint><Time>2026-03-05T11:02:15+00:00</Time><DistanceMeters>5318.1</DistanceMeters><Position><LatitudeDegrees>50.859724</LatitudeDegrees><LongitudeDegrees>4.27877</LongitudeDegrees></Position><AltitudeMeters>42.1</AltitudeMeters><Extensions><TPX xmlns="http://www.garmin.com/xmlschemas/ActivityExtension/v2"><Speed>2.2</Speed></TPX></Extensions></Trackpoint><Trackpoint><Time>2026-03-05T11:02:16+00:00</Time><DistanceMeters>5318.1</DistanceMeters><Position><LatitudeDegrees>50.859738</LatitudeDegrees><LongitudeDegrees>4.278785</LongitudeDegrees></Position><AltitudeMeters>42.1</AltitudeMeters><Extensions><TPX xmlns="http://www.garmin.com/xmlschemas/ActivityExtension/v2"><Speed>1.46</Speed></TPX></Extensions></Trackpoint><Trackpoint><Time>2026-03-05T11:02:17+00:00</Time><DistanceMeters>5321.7</DistanceMeters><Position><LatitudeDegrees>50.859753</LatitudeDegrees><LongitudeDegrees>4.278794</LongitudeDegrees></Position><AltitudeMeters>42.1</AltitudeMeters><Extensions><TPX xmlns="http://www.garmin.com/xmlschemas/ActivityExtension/v2"><Speed>2.18</Speed></TPX></Extensions></Trackpoint><Trackpoint><Time>2026-03-05T11:02:18+00:00</Time><DistanceMeters>5321.7</DistanceMeters><Position><LatitudeDegrees>50.859768</LatitudeDegrees><LongitudeDegrees>4.278807</LongitudeDegrees></Position><AltitudeMeters>42.1</AltitudeMeters><Extensions><TPX xmlns="http://www.garmin.com/xmlschemas/ActivityExtension/v2"><Speed>1.46</Speed></TPX></Extensions></Trackpoint><Trackpoint><Time>2026-03-05T11:02:19+00:00</Time><DistanceMeters>5325.3</DistanceMeters><Position><LatitudeDegrees>50.859784</LatitudeDegrees><LongitudeDegrees>4.278808</LongitudeDegrees></Position><AltitudeMeters>42.1</AltitudeMeters><Extensions><TPX xmlns="http://www.garmin.com/xmlschemas/ActivityExtension/v2"><Speed>2.18</Speed></TPX></Extensions></Trackpoint><Trackpoint><Time>2026-03-05T11:02:20+00:00</Time><DistanceMeters>5325.3</DistanceMeters><Position><LatitudeDegrees>50.859799</LatitudeDegrees><LongitudeDegrees>4.278805</LongitudeDegrees></Position><AltitudeMeters>42.1</AltitudeMeters><Extensions><TPX xmlns="http://www.garmin.com/xmlschemas/ActivityExtension/v2"><Speed>1.44</Speed></TPX></Extensions></Trackpoint><Trackpoint><Time>2026-03-05T11:02:21+00:00</Time><DistanceMeters>5328.5</DistanceMeters><Position><LatitudeDegrees>50.859811</LatitudeDegrees><LongitudeDegrees>4.278823</LongitudeDegrees></Position><AltitudeMeters>42.0</AltitudeMeters><Extensions><TPX xmlns="http://www.garmin.com/xmlschemas/ActivityExtension/v2"><Speed>2.08</Speed></TPX></Extensions></Trackpoint><Trackpoint><Time>2026-03-05T11:02:22+00:00</Time><DistanceMeters>5330.5</DistanceMeters><Position><LatitudeDegrees>50.859839</LatitudeDegrees><LongitudeDegrees>4.278814</LongitudeDegrees></Position><AltitudeMeters>42.0</AltitudeMeters><Extensions><TPX xmlns="http://www.garmin.com/xmlschemas/ActivityExtension/v2"><Speed>1.767</Speed></TPX></Extensions></Trackpoint><Trackpoint><Time>2026-03-05T11:02:23+00:00</Time><DistanceMeters>5332.6</DistanceMeters><Position><LatitudeDegrees>50.859851</LatitudeDegrees><LongitudeDegrees>4.278801</LongitudeDegrees></Position><AltitudeMeters>42.0</AltitudeMeters><Extensions><TPX xmlns="http://www.garmin.com/xmlschemas/ActivityExtension/v2"><Speed>2.173</Speed></TPX></Extensions></Trackpoint><Trackpoint><Time>2026-03-05T11:02:24+00:00</Time><DistanceMeters>5334.6</DistanceMeters><Position><LatitudeDegrees>50.859862</LatitudeDegrees><LongitudeDegrees>4.278789</LongitudeDegrees></Position><AltitudeMeters>42.0</AltitudeMeters><Extensions><TPX xmlns="http://www.garmin.com/xmlschemas/ActivityExtension/v2"><Speed>1.86</Speed></TPX></Extensions></Trackpoint><Trackpoint><Time>2026-03-05T11:02:25+00:00</Time><DistanceMeters>5336.7</DistanceMeters><Position><LatitudeDegrees>50.859887</LatitudeDegrees><LongitudeDegrees>4.278801</LongitudeDegrees></Position><AltitudeMeters>42.0</AltitudeMeters><Extensions><TPX xmlns="http://www.garmin.com/xmlschemas/ActivityExtension/v2"><Speed>2.28</Speed></TPX></Extensions></Trackpoint><Trackpoint><Time>2026-03-05T11:02:26+00:00</Time><DistanceMeters>5338.8</DistanceMeters><Position><LatitudeDegrees>50.859896</LatitudeDegrees><LongitudeDegrees>4.278814</LongitudeDegrees></Position><AltitudeMeters>42.0</AltitudeMeters><Extensions><TPX xmlns="http://www.garmin.com/xmlschemas/ActivityExtension/v2"><Speed>2.06</Speed></TPX></Extensions></Trackpoint><Trackpoint><Time>2026-03-05T11:02:27+00:00</Time><DistanceMeters>5344.0</DistanceMeters><Position><LatitudeDegrees>50.859929</LatitudeDegrees><LongitudeDegrees>4.278865</LongitudeDegrees></Position><AltitudeMeters>42.0</AltitudeMeters><Extensions><TPX xmlns="http://www.garmin.com/xmlschemas/ActivityExtension/v2"><Speed>2.693</Speed></TPX></Extensions></Trackpoint><Trackpoint><Time>2026-03-05T11:02:28+00:00</Time><DistanceMeters>5347.1</DistanceMeters><Position><LatitudeDegrees>50.859953</LatitudeDegrees><LongitudeDegrees>4.278892</LongitudeDegrees></Position><AltitudeMeters>42.0</AltitudeMeters><Extensions><TPX xmlns="http://www.garmin.com/xmlschemas/ActivityExtension/v2"><Speed>2.907</Speed></TPX></Extensions></Trackpoint><Trackpoint><Time>2026-03-05T11:02:30+00:00</Time><DistanceMeters>5350.2</DistanceMeters><Position><LatitudeDegrees>50.859978</LatitudeDegrees><LongitudeDegrees>4.27891</LongitudeDegrees></Position><AltitudeMeters>41.9</AltitudeMeters><Extensions><TPX xmlns="http://www.garmin.com/xmlschemas/ActivityExtension/v2"><Speed>2.7</Speed></TPX></Extensions></Trackpoint><Trackpoint><Time>2026-03-05T11:02:31+00:00</Time><DistanceMeters>5353.4</DistanceMeters><Position><LatitudeDegrees>50.860005</LatitudeDegrees><LongitudeDegrees>4.278926</LongitudeDegrees></Position><AltitudeMeters>41.9</AltitudeMeters><Extensions><TPX xmlns="http://www.garmin.com/xmlschemas/ActivityExtension/v2"><Speed>2.92</Speed></TPX></Extensions></Trackpoint><Trackpoint><Time>2026-03-05T11:02:32+00:00</Time><DistanceMeters>5356.5</DistanceMeters><Position><LatitudeDegrees>50.860029</LatitudeDegrees><LongitudeDegrees>4.278949</LongitudeDegrees></Position><AltitudeMeters>41.9</AltitudeMeters><Extensions><TPX xmlns="http://www.garmin.com/xmlschemas/ActivityExtension/v2"><Speed>2.5</Speed></TPX></Extensions></Trackpoint><Trackpoint><Time>2026-03-05T11:02:33+00:00</Time><DistanceMeters>5361.9</DistanceMeters><Position><LatitudeDegrees>50.860067</LatitudeDegrees><LongitudeDegrees>4.278996</LongitudeDegrees></Position><AltitudeMeters>41.9</AltitudeMeters><Extensions><TPX xmlns="http://www.garmin.com/xmlschemas/ActivityExtension/v2"><Speed>2.96</Speed></TPX></Extensions></Trackpoint><Trackpoint><Time>2026-03-05T11:02:35+00:00</Time><DistanceMeters>5365.2</DistanceMeters><Position><LatitudeDegrees>50.860093</LatitudeDegrees><LongitudeDegrees>4.279016</LongitudeDegrees></Position><AltitudeMeters>41.9</AltitudeMeters><Extensions><TPX xmlns="http://www.garmin.com/xmlschemas/ActivityExtension/v2"><Speed>3.0</Speed></TPX></Extensions></Trackpoint><Trackpoint><Time>2026-03-05T11:02:36+00:00</Time><DistanceMeters>5368.6</DistanceMeters><Position><LatitudeDegrees>50.860122</LatitudeDegrees><LongitudeDegrees>4.279033</LongitudeDegrees></Position><AltitudeMeters>41.9</AltitudeMeters><Extensions><TPX xmlns="http://www.garmin.com/xmlschemas/ActivityExtension/v2"><Speed>3.04</Speed></TPX></Extensions></Trackpoint><Trackpoint><Time>2026-03-05T11:02:37+00:00</Time><DistanceMeters>5372.3</DistanceMeters><Position><LatitudeDegrees>50.860154</LatitudeDegrees><LongitudeDegrees>4.279044</LongitudeDegrees></Position><AltitudeMeters>41.9</AltitudeMeters><Extensions><TPX xmlns="http://www.garmin.com/xmlschemas/ActivityExtension/v2"><Speed>3.16</Speed></TPX></Extensions></Trackpoint><Trackpoint><Time>2026-03-05T11:02:38+00:00</Time><DistanceMeters>5376.0</DistanceMeters><Position><LatitudeDegrees>50.860188</LatitudeDegrees><LongitudeDegrees>4.279054</LongitudeDegrees></Position><AltitudeMeters>41.8</AltitudeMeters><Extensions><TPX xmlns="http://www.garmin.com/xmlschemas/ActivityExtension/v2"><Speed>2.82</Speed></TPX></Extensions></Trackpoint><Trackpoint><Time>2026-03-05T11:02:39+00:00</Time><DistanceMeters>5379.7</DistanceMeters><Position><LatitudeDegrees>50.860219</LatitudeDegrees><LongitudeDegrees>4.27907</LongitudeDegrees></Position><AltitudeMeters>41.8</AltitudeMeters><Extensions><TPX xmlns="http://www.garmin.com/xmlschemas/ActivityExtension/v2"><Speed>2.967</Speed></TPX></Extensions></Trackpoint><Trackpoint><Time>2026-03-05T11:02:40+00:00</Time><DistanceMeters>5383.0</DistanceMeters><Position><LatitudeDegrees>50.860248</LatitudeDegrees><LongitudeDegrees>4.279082</LongitudeDegrees></Position><AltitudeMeters>41.8</AltitudeMeters><Extensions><TPX xmlns="http://www.garmin.com/xmlschemas/ActivityExtension/v2"><Speed>3.56</Speed></TPX></Extensions></Trackpoint><Trackpoint><Time>2026-03-05T11:02:41+00:00</Time><DistanceMeters>5386.7</DistanceMeters><Position><LatitudeDegrees>50.860278</LatitudeDegrees><LongitudeDegrees>4.279103</LongitudeDegrees></Position><AltitudeMeters>41.8</AltitudeMeters><Extensions><TPX xmlns="http://www.garmin.com/xmlschemas/ActivityExtension/v2"><Speed>3.62</Speed></TPX></Extensions></Trackpoint><Trackpoint><Time>2026-03-05T11:02:42+00:00</Time><DistanceMeters>5389.2</DistanceMeters><Position><LatitudeDegrees>50.860306</LatitudeDegrees><LongitudeDegrees>4.279135</LongitudeDegrees></Position><AltitudeMeters>41.7</AltitudeMeters><Extensions><TPX xmlns="http://www.garmin.com/xmlschemas/ActivityExtension/v2"><Speed>3.37</Speed></TPX></Extensions></Trackpoint><Trackpoint><Time>2026-03-05T11:02:43+00:00</Time><DistanceMeters>5391.6</DistanceMeters><Position><LatitudeDegrees>50.860314</LatitudeDegrees><LongitudeDegrees>4.279143</LongitudeDegrees></Position><AltitudeMeters>41.7</AltitudeMeters><Extensions><TPX xmlns="http://www.garmin.com/xmlschemas/ActivityExtension/v2"><Speed>3.12</Speed></TPX></Extensions></Trackpoint><Trackpoint><Time>2026-03-05T11:02:44+00:00</Time><DistanceMeters>5393.8</DistanceMeters><Position><LatitudeDegrees>50.860341</LatitudeDegrees><LongitudeDegrees>4.279162</LongitudeDegrees></Position><AltitudeMeters>41.7</AltitudeMeters><Extensions><TPX xmlns="http://www.garmin.com/xmlschemas/ActivityExtension/v2"><Speed>2.82</Speed></TPX></Extensions></Trackpoint><Trackpoint><Time>2026-03-05T11:02:45+00:00</Time><DistanceMeters>5396.0</DistanceMeters><Position><LatitudeDegrees>50.860349</LatitudeDegrees><LongitudeDegrees>4.279175</LongitudeDegrees></Position><AltitudeMeters>41.7</AltitudeMeters><Extensions><TPX xmlns="http://www.garmin.com/xmlschemas/ActivityExtension/v2"><Speed>2.6</Speed></TPX></Extensions></Trackpoint><Trackpoint><Time>2026-03-05T11:02:46+00:00</Time><DistanceMeters>5396.0</DistanceMeters><Position><LatitudeDegrees>50.860365</LatitudeDegrees><LongitudeDegrees>4.279187</LongitudeDegrees></Position><AltitudeMeters>41.7</AltitudeMeters><Extensions><TPX xmlns="http://www.garmin.com/xmlschemas/ActivityExtension/v2"><Speed>1.86</Speed></TPX></Extensions></Trackpoint><Trackpoint><Time>2026-03-05T11:02:47+00:00</Time><DistanceMeters>5400.0</DistanceMeters><Position><LatitudeDegrees>50.860383</LatitudeDegrees><LongitudeDegrees>4.27919</LongitudeDegrees></Position><AltitudeMeters>41.7</AltitudeMeters><Extensions><TPX xmlns="http://www.garmin.com/xmlschemas/ActivityExtension/v2"><Speed>2.17</Speed></TPX></Extensions></Trackpoint><Trackpoint><Time>2026-03-05T11:02:48+00:00</Time><DistanceMeters>5403.8</DistanceMeters><Position><LatitudeDegrees>50.860401</LatitudeDegrees><LongitudeDegrees>4.279239</LongitudeDegrees></Position><AltitudeMeters>41.7</AltitudeMeters><Extensions><TPX xmlns="http://www.garmin.com/xmlschemas/ActivityExtension/v2"><Speed>2.44</Speed></TPX></Extensions></Trackpoint><Trackpoint><Time>2026-03-05T11:02:49+00:00</Time><DistanceMeters>5407.6</DistanceMeters><Position><LatitudeDegrees>50.860396</LatitudeDegrees><LongitudeDegrees>4.279296</LongitudeDegrees></Position><AltitudeMeters>41.6</AltitudeMeters><Extensions><TPX xmlns="http://www.garmin.com/xmlschemas/ActivityExtension/v2"><Speed>2.76</Speed></TPX></Extensions></Trackpoint><Trackpoint><Time>2026-03-05T11:02:50+00:00</Time><DistanceMeters>5417.5</DistanceMeters><Position><LatitudeDegrees>50.860373</LatitudeDegrees><LongitudeDegrees>4.279432</LongitudeDegrees></Position><AltitudeMeters>41.6</AltitudeMeters><Extensions><TPX xmlns="http://www.garmin.com/xmlschemas/ActivityExtension/v2"><Speed>4.3</Speed></TPX></Extensions></Trackpoint><Trackpoint><Time>2026-03-05T11:02:51+00:00</Time><DistanceMeters>5421.9</DistanceMeters><Position><LatitudeDegrees>50.860378</LatitudeDegrees><LongitudeDegrees>4.279494</LongitudeDegrees></Position><AltitudeMeters>41.6</AltitudeMeters><Extensions><TPX xmlns="http://www.garmin.com/xmlschemas/ActivityExtension/v2"><Speed>5.18</Speed></TPX></Extensions></Trackpoint><Trackpoint><Time>2026-03-05T11:02:52+00:00</Time><DistanceMeters>5425.1</DistanceMeters><Position><LatitudeDegrees>50.860388</LatitudeDegrees><LongitudeDegrees>4.279538</LongitudeDegrees></Position><AltitudeMeters>41.6</AltitudeMeters><Extensions><TPX xmlns="http://www.garmin.com/xmlschemas/ActivityExtension/v2"><Speed>5.02</Speed></TPX></Extensions></Trackpoint><Trackpoint><Time>2026-03-05T11:02:53+00:00</Time><DistanceMeters>5427.8</DistanceMeters><Position><LatitudeDegrees>50.860402</LatitudeDegrees><LongitudeDegrees>4.27961</LongitudeDegrees></Position><AltitudeMeters>41.5</AltitudeMeters><Extensions><TPX xmlns="http://www.garmin.com/xmlschemas/ActivityExtension/v2"><Speed>4.8</Speed></TPX></Extensions></Trackpoint><Trackpoint><Time>2026-03-05T11:02:54+00:00</Time><DistanceMeters>5430.5</DistanceMeters><Position><LatitudeDegrees>50.860407</LatitudeDegrees><LongitudeDegrees>4.279646</LongitudeDegrees></Position><AltitudeMeters>41.5</AltitudeMeters><Extensions><TPX xmlns="http://www.garmin.com/xmlschemas/ActivityExtension/v2"><Speed>4.58</Speed></TPX></Extensions></Trackpoint><Trackpoint><Time>2026-03-05T11:02:55+00:00</Time><DistanceMeters>5436.1</DistanceMeters><Position><LatitudeDegrees>50.860414</LatitudeDegrees><LongitudeDegrees>4.279689</LongitudeDegrees></Position><AltitudeMeters>41.5</AltitudeMeters><Extensions><TPX xmlns="http://www.garmin.com/xmlschemas/ActivityExtension/v2"><Speed>3.72</Speed></TPX></Extensions></Trackpoint><Trackpoint><Time>2026-03-05T11:02:57+00:00</Time><DistanceMeters>5439.5</DistanceMeters><Position><LatitudeDegrees>50.860433</LatitudeDegrees><LongitudeDegrees>4.279727</LongitudeDegrees></Position><AltitudeMeters>41.5</AltitudeMeters><Extensions><TPX xmlns="http://www.garmin.com/xmlschemas/ActivityExtension/v2"><Speed>2.88</Speed></TPX></Extensions></Trackpoint><Trackpoint><Time>2026-03-05T11:02:58+00:00</Time><DistanceMeters>5442.8</DistanceMeters><Position><LatitudeDegrees>50.860453</LatitudeDegrees><LongitudeDegrees>4.279762</LongitudeDegrees></Position><AltitudeMeters>41.5</AltitudeMeters><Extensions><TPX xmlns="http://www.garmin.com/xmlschemas/ActivityExtension/v2"><Speed>3.0</Speed></TPX></Extensions></Trackpoint><Trackpoint><Time>2026-03-05T11:02:59+00:00</Time><DistanceMeters>5446.0</DistanceMeters><Position><LatitudeDegrees>50.860469</LatitudeDegrees><LongitudeDegrees>4.2798</LongitudeDegrees></Position><AltitudeMeters>41.4</AltitudeMeters><Extensions><TPX xmlns="http://www.garmin.com/xmlschemas/ActivityExtension/v2"><Speed>3.1</Speed></TPX></Extensions></Trackpoint><Trackpoint><Time>2026-03-05T11:03:00+00:00</Time><DistanceMeters>5448.9</DistanceMeters><Position><LatitudeDegrees>50.860491</LatitudeDegrees><LongitudeDegrees>4.279852</LongitudeDegrees></Position><AltitudeMeters>41.4</AltitudeMeters><Extensions><TPX xmlns="http://www.garmin.com/xmlschemas/ActivityExtension/v2"><Speed>2.56</Speed></TPX></Extensions></Trackpoint><Trackpoint><Time>2026-03-05T11:03:01+00:00</Time><DistanceMeters>5451.8</DistanceMeters><Position><LatitudeDegrees>50.860497</LatitudeDegrees><LongitudeDegrees>4.27987</LongitudeDegrees></Position><AltitudeMeters>41.4</AltitudeMeters><Extensions><TPX xmlns="http://www.garmin.com/xmlschemas/ActivityExtension/v2"><Speed>2.617</Speed></TPX></Extensions></Trackpoint><Trackpoint><Time>2026-03-05T11:03:02+00:00</Time><DistanceMeters>5455.0</DistanceMeters><Position><LatitudeDegrees>50.860497</LatitudeDegrees><LongitudeDegrees>4.279915</LongitudeDegrees></Position><AltitudeMeters>41.4</AltitudeMeters><Extensions><TPX xmlns="http://www.garmin.com/xmlschemas/ActivityExtension/v2"><Speed>3.1</Speed></TPX></Extensions></Trackpoint><Trackpoint><Time>2026-03-05T11:03:03+00:00</Time><DistanceMeters>5458.5</DistanceMeters><Position><LatitudeDegrees>50.86049</LatitudeDegrees><LongitudeDegrees>4.279964</LongitudeDegrees></Position><AltitudeMeters>41.4</AltitudeMeters><Extensions><TPX xmlns="http://www.garmin.com/xmlschemas/ActivityExtension/v2"><Speed>3.14</Speed></TPX></Extensions></Trackpoint><Trackpoint><Time>2026-03-05T11:03:04+00:00</Time><DistanceMeters>5461.3</DistanceMeters><Position><LatitudeDegrees>50.860506</LatitudeDegrees><LongitudeDegrees>4.280016</LongitudeDegrees></Position><AltitudeMeters>41.4</AltitudeMeters><Extensions><TPX xmlns="http://www.garmin.com/xmlschemas/ActivityExtension/v2"><Speed>3.06</Speed></TPX></Extensions></Trackpoint><Trackpoint><Time>2026-03-05T11:03:05+00:00</Time><DistanceMeters>5464.1</DistanceMeters><Position><LatitudeDegrees>50.860509</LatitudeDegrees><LongitudeDegrees>4.280037</LongitudeDegrees></Position><AltitudeMeters>41.4</AltitudeMeters><Extensions><TPX xmlns="http://www.garmin.com/xmlschemas/ActivityExtension/v2"><Speed>3.04</Speed></TPX></Extensions></Trackpoint><Trackpoint><Time>2026-03-05T11:03:06+00:00</Time><DistanceMeters>5467.6</DistanceMeters><Position><LatitudeDegrees>50.860514</LatitudeDegrees><LongitudeDegrees>4.280087</LongitudeDegrees></Position><AltitudeMeters>41.4</AltitudeMeters><Extensions><TPX xmlns="http://www.garmin.com/xmlschemas/ActivityExtension/v2"><Speed>3.16</Speed></TPX></Extensions></Trackpoint><Trackpoint><Time>2026-03-05T11:03:07+00:00</Time><DistanceMeters>5471.0</DistanceMeters><Position><LatitudeDegrees>50.860519</LatitudeDegrees><LongitudeDegrees>4.280134</LongitudeDegrees></Position><AltitudeMeters>41.4</AltitudeMeters><Extensions><TPX xmlns="http://www.garmin.com/xmlschemas/ActivityExtension/v2"><Speed>3.2</Speed></TPX></Extensions></Trackpoint><Trackpoint><Time>2026-03-05T11:03:08+00:00</Time><DistanceMeters>5474.9</DistanceMeters><Position><LatitudeDegrees>50.860515</LatitudeDegrees><LongitudeDegrees>4.28019</LongitudeDegrees></Position><AltitudeMeters>41.4</AltitudeMeters><Extensions><TPX xmlns="http://www.garmin.com/xmlschemas/ActivityExtension/v2"><Speed>3.28</Speed></TPX></Extensions></Trackpoint><Trackpoint><Time>2026-03-05T11:03:09+00:00</Time><DistanceMeters>5478.0</DistanceMeters><Position><LatitudeDegrees>50.860521</LatitudeDegrees><LongitudeDegrees>4.280254</LongitudeDegrees></Position><AltitudeMeters>41.4</AltitudeMeters><Extensions><TPX xmlns="http://www.garmin.com/xmlschemas/ActivityExtension/v2"><Speed>3.35</Speed></TPX></Extensions></Trackpoint><Trackpoint><Time>2026-03-05T11:03:10+00:00</Time><DistanceMeters>5481.2</DistanceMeters><Position><LatitudeDegrees>50.860526</LatitudeDegrees><LongitudeDegrees>4.280277</LongitudeDegrees></Position><AltitudeMeters>41.4</AltitudeMeters><Extensions><TPX xmlns="http://www.garmin.com/xmlschemas/ActivityExtension/v2"><Speed>3.42</Speed></TPX></Extensions></Trackpoint><Trackpoint><Time>2026-03-05T11:03:11+00:00</Time><DistanceMeters>5484.2</DistanceMeters><Position><LatitudeDegrees>50.860537</LatitudeDegrees><LongitudeDegrees>4.280317</LongitudeDegrees></Position><AltitudeMeters>41.4</AltitudeMeters><Extensions><TPX xmlns="http://www.garmin.com/xmlschemas/ActivityExtension/v2"><Speed>3.32</Speed></TPX></Extensions></Trackpoint><Trackpoint><Time>2026-03-05T11:03:12+00:00</Time><DistanceMeters>5488.9</DistanceMeters><Position><LatitudeDegrees>50.860543</LatitudeDegrees><LongitudeDegrees>4.280383</LongitudeDegrees></Position><AltitudeMeters>41.4</AltitudeMeters><Extensions><TPX xmlns="http://www.garmin.com/xmlschemas/ActivityExtension/v2"><Speed>3.58</Speed></TPX></Extensions></Trackpoint><Trackpoint><Time>2026-03-05T11:03:13+00:00</Time><DistanceMeters>5496.4</DistanceMeters><Position><LatitudeDegrees>50.860549</LatitudeDegrees><LongitudeDegrees>4.28049</LongitudeDegrees></Position><AltitudeMeters>41.5</AltitudeMeters><Extensions><TPX xmlns="http://www.garmin.com/xmlschemas/ActivityExtension/v2"><Speed>4.3</Speed></TPX></Extensions></Trackpoint><Trackpoint><Time>2026-03-05T11:03:14+00:00</Time><DistanceMeters>5499.9</DistanceMeters><Position><LatitudeDegrees>50.860554</LatitudeDegrees><LongitudeDegrees>4.280539</LongitudeDegrees></Position><AltitudeMeters>41.6</AltitudeMeters><Extensions><TPX xmlns="http://www.garmin.com/xmlschemas/ActivityExtension/v2"><Speed>4.37</Speed></TPX></Extensions></Trackpoint><Trackpoint><Time>2026-03-05T11:03:16+00:00</Time><DistanceMeters>5503.3</DistanceMeters><Position><LatitudeDegrees>50.860557</LatitudeDegrees><LongitudeDegrees>4.280586</LongitudeDegrees></Position><AltitudeMeters>41.6</AltitudeMeters><Extensions><TPX xmlns="http://www.garmin.com/xmlschemas/ActivityExtension/v2"><Speed>3.82</Speed></TPX></Extensions></Trackpoint><Trackpoint><Time>2026-03-05T11:03:17+00:00</Time><DistanceMeters>5506.6</DistanceMeters><Position><LatitudeDegrees>50.86056</LatitudeDegrees><LongitudeDegrees>4.280633</LongitudeDegrees></Position><AltitudeMeters>41.7</AltitudeMeters><Extensions><TPX xmlns="http://www.garmin.com/xmlschemas/ActivityExtension/v2"><Speed>3.54</Speed></TPX></Extensions></Trackpoint><Trackpoint><Time>2026-03-05T11:03:18+00:00</Time><DistanceMeters>5511.1</DistanceMeters><Position><LatitudeDegrees>50.860575</LatitudeDegrees><LongitudeDegrees>4.280714</LongitudeDegrees></Position><AltitudeMeters>41.9</AltitudeMeters><Extensions><TPX xmlns="http://www.garmin.com/xmlschemas/ActivityExtension/v2"><Speed>2.94</Speed></TPX></Extensions></Trackpoint><Trackpoint><Time>2026-03-05T11:03:19+00:00</Time><DistanceMeters>5515.6</DistanceMeters><Position><LatitudeDegrees>50.860584</LatitudeDegrees><LongitudeDegrees>4.280755</LongitudeDegrees></Position><AltitudeMeters>42.0</AltitudeMeters><Extensions><TPX xmlns="http://www.garmin.com/xmlschemas/ActivityExtension/v2"><Speed>3.14</Speed></TPX></Extensions></Trackpoint><Trackpoint><Time>2026-03-05T11:03:21+00:00</Time><DistanceMeters>5518.7</DistanceMeters><Position><LatitudeDegrees>50.860601</LatitudeDegrees><LongitudeDegrees>4.280813</LongitudeDegrees></Position><AltitudeMeters>42.1</AltitudeMeters><Extensions><TPX xmlns="http://www.garmin.com/xmlschemas/ActivityExtension/v2"><Speed>3.07</Speed></TPX></Extensions></Trackpoint><Trackpoint><Time>2026-03-05T11:03:22+00:00</Time><DistanceMeters>5521.7</DistanceMeters><Position><LatitudeDegrees>50.860606</LatitudeDegrees><LongitudeDegrees>4.280835</LongitudeDegrees></Position><AltitudeMeters>42.1</AltitudeMeters><Extensions><TPX xmlns="http://www.garmin.com/xmlschemas/ActivityExtension/v2"><Speed>3.02</Speed></TPX></Extensions></Trackpoint><Trackpoint><Time>2026-03-05T11:03:23+00:00</Time><DistanceMeters>5524.7</DistanceMeters><Position><LatitudeDegrees>50.860615</LatitudeDegrees><LongitudeDegrees>4.280876</LongitudeDegrees></Position><AltitudeMeters>42.2</AltitudeMeters><Extensions><TPX xmlns="http://www.garmin.com/xmlschemas/ActivityExtension/v2"><Speed>2.72</Speed></TPX></Extensions></Trackpoint><Trackpoint><Time>2026-03-05T11:03:24+00:00</Time><DistanceMeters>5530.4</DistanceMeters><Position><LatitudeDegrees>50.860631</LatitudeDegrees><LongitudeDegrees>4.280952</LongitudeDegrees></Position><AltitudeMeters>42.4</AltitudeMeters><Extensions><TPX xmlns="http://www.garmin.com/xmlschemas/ActivityExtension/v2"><Speed>2.96</Speed></TPX></Extensions></Trackpoint><Trackpoint><Time>2026-03-05T11:03:26+00:00</Time><DistanceMeters>5535.7</DistanceMeters><Position><LatitudeDegrees>50.860642</LatitudeDegrees><LongitudeDegrees>4.281026</LongitudeDegrees></Position><AltitudeMeters>42.6</AltitudeMeters><Extensions><TPX xmlns="http://www.garmin.com/xmlschemas/ActivityExtension/v2"><Speed>3.417</Speed></TPX></Extensions></Trackpoint><Trackpoint><Time>2026-03-05T11:03:27+00:00</Time><DistanceMeters>5537.8</DistanceMeters><Position><LatitudeDegrees>50.860644</LatitudeDegrees><LongitudeDegrees>4.281055</LongitudeDegrees></Position><AltitudeMeters>42.7</AltitudeMeters><Extensions><TPX xmlns="http://www.garmin.com/xmlschemas/ActivityExtension/v2"><Speed>3.213</Speed></TPX></Extensions></Trackpoint><Trackpoint><Time>2026-03-05T11:03:28+00:00</Time><DistanceMeters>5539.8</DistanceMeters><Position><LatitudeDegrees>50.860647</LatitudeDegrees><LongitudeDegrees>4.281083</LongitudeDegrees></Position><AltitudeMeters>42.8</AltitudeMeters><Extensions><TPX xmlns="http://www.garmin.com/xmlschemas/ActivityExtension/v2"><Speed>3.02</Speed></TPX></Extensions></Trackpoint><Trackpoint><Time>2026-03-05T11:03:29+00:00</Time><DistanceMeters>5543.0</DistanceMeters><Position><LatitudeDegrees>50.860645</LatitudeDegrees><LongitudeDegrees>4.281129</LongitudeDegrees></Position><AltitudeMeters>43.0</AltitudeMeters><Extensions><TPX xmlns="http://www.garmin.com/xmlschemas/ActivityExtension/v2"><Speed>2.52</Speed></TPX></Extensions></Trackpoint><Trackpoint><Time>2026-03-05T11:03:30+00:00</Time><DistanceMeters>5546.1</DistanceMeters><Position><LatitudeDegrees>50.860639</LatitudeDegrees><LongitudeDegrees>4.281173</LongitudeDegrees></Position><AltitudeMeters>43.1</AltitudeMeters><Extensions><TPX xmlns="http://www.garmin.com/xmlschemas/ActivityExtension/v2"><Speed>2.617</Speed></TPX></Extensions></Trackpoint><Trackpoint><Time>2026-03-05T11:03:31+00:00</Time><DistanceMeters>5549.5</DistanceMeters><Position><LatitudeDegrees>50.860632</LatitudeDegrees><LongitudeDegrees>4.28122</LongitudeDegrees></Position><AltitudeMeters>43.3</AltitudeMeters><Extensions><TPX xmlns="http://www.garmin.com/xmlschemas/ActivityExtension/v2"><Speed>2.753</Speed></TPX></Extensions></Trackpoint><Trackpoint><Time>2026-03-05T11:03:32+00:00</Time><DistanceMeters>5552.6</DistanceMeters><Position><LatitudeDegrees>50.860626</LatitudeDegrees><LongitudeDegrees>4.281263</LongitudeDegrees></Position><AltitudeMeters>43.5</AltitudeMeters><Extensions><TPX xmlns="http://www.garmin.com/xmlschemas/ActivityExtension/v2"><Speed>2.967</Speed></TPX></Extensions></Trackpoint><Trackpoint><Time>2026-03-05T11:03:33+00:00</Time><DistanceMeters>5555.6</DistanceMeters><Position><LatitudeDegrees>50.860619</LatitudeDegrees><LongitudeDegrees>4.281326</LongitudeDegrees></Position><AltitudeMeters>43.7</AltitudeMeters><Extensions><TPX xmlns="http://www.garmin.com/xmlschemas/ActivityExtension/v2"><Speed>3.16</Speed></TPX></Extensions></Trackpoint><Trackpoint><Time>2026-03-05T11:03:34+00:00</Time><DistanceMeters>5558.6</DistanceMeters><Position><LatitudeDegrees>50.860616</LatitudeDegrees><LongitudeDegrees>4.281347</LongitudeDegrees></Position><AltitudeMeters>43.7</AltitudeMeters><Extensions><TPX xmlns="http://www.garmin.com/xmlschemas/ActivityExtension/v2"><Speed>3.12</Speed></TPX></Extensions></Trackpoint><Trackpoint><Time>2026-03-05T11:03:35+00:00</Time><DistanceMeters>5561.6</DistanceMeters><Position><LatitudeDegrees>50.860612</LatitudeDegrees><LongitudeDegrees>4.281389</LongitudeDegrees></Position><AltitudeMeters>43.9</AltitudeMeters><Extensions><TPX xmlns="http://www.garmin.com/xmlschemas/ActivityExtension/v2"><Speed>3.1</Speed></TPX></Extensions></Trackpoint><Trackpoint><Time>2026-03-05T11:03:36+00:00</Time><DistanceMeters>5564.7</DistanceMeters><Position><LatitudeDegrees>50.860608</LatitudeDegrees><LongitudeDegrees>4.281474</LongitudeDegrees></Position><AltitudeMeters>44.2</AltitudeMeters><Extensions><TPX xmlns="http://www.garmin.com/xmlschemas/ActivityExtension/v2"><Speed>3.04</Speed></TPX></Extensions></Trackpoint><Trackpoint><Time>2026-03-05T11:03:38+00:00</Time><DistanceMeters>5570.5</DistanceMeters><Position><LatitudeDegrees>50.860606</LatitudeDegrees><LongitudeDegrees>4.281516</LongitudeDegrees></Position><AltitudeMeters>44.4</AltitudeMeters><Extensions><TPX xmlns="http://www.garmin.com/xmlschemas/ActivityExtension/v2"><Speed>2.98</Speed></TPX></Extensions></Trackpoint><Trackpoint><Time>2026-03-05T11:03:39+00:00</Time><DistanceMeters>5573.3</DistanceMeters><Position><LatitudeDegrees>50.860599</LatitudeDegrees><LongitudeDegrees>4.281592</LongitudeDegrees></Position><AltitudeMeters>44.7</AltitudeMeters><Extensions><TPX xmlns="http://www.garmin.com/xmlschemas/ActivityExtension/v2"><Speed>2.93</Speed></TPX></Extensions></Trackpoint><Trackpoint><Time>2026-03-05T11:03:40+00:00</Time><DistanceMeters>5576.0</DistanceMeters><Position><LatitudeDegrees>50.860594</LatitudeDegrees><LongitudeDegrees>4.281629</LongitudeDegrees></Position><AltitudeMeters>44.8</AltitudeMeters><Extensions><TPX xmlns="http://www.garmin.com/xmlschemas/ActivityExtension/v2"><Speed>2.88</Speed></TPX></Extensions></Trackpoint><Trackpoint><Time>2026-03-05T11:03:42+00:00</Time><DistanceMeters>5581.0</DistanceMeters><Position><LatitudeDegrees>50.86059</LatitudeDegrees><LongitudeDegrees>4.281663</LongitudeDegrees></Position><AltitudeMeters>45.0</AltitudeMeters><Extensions><TPX xmlns="http://www.garmin.com/xmlschemas/ActivityExtension/v2"><Speed>2.717</Speed></TPX></Extensions></Trackpoint><Trackpoint><Time>2026-03-05T11:03:43+00:00</Time><DistanceMeters>5583.5</DistanceMeters><Position><LatitudeDegrees>50.860587</LatitudeDegrees><LongitudeDegrees>4.281717</LongitudeDegrees></Position><AltitudeMeters>45.2</AltitudeMeters><Extensions><TPX xmlns="http://www.garmin.com/xmlschemas/ActivityExtension/v2"><Speed>2.6</Speed></TPX></Extensions></Trackpoint><Trackpoint><Time>2026-03-05T11:03:44+00:00</Time><DistanceMeters>5586.0</DistanceMeters><Position><LatitudeDegrees>50.860586</LatitudeDegrees><LongitudeDegrees>4.281735</LongitudeDegrees></Position><AltitudeMeters>45.3</AltitudeMeters><Extensions><TPX xmlns="http://www.garmin.com/xmlschemas/ActivityExtension/v2"><Speed>2.55</Speed></TPX></Extensions></Trackpoint><Trackpoint><Time>2026-03-05T11:03:45+00:00</Time><DistanceMeters>5588.7</DistanceMeters><Position><LatitudeDegrees>50.860581</LatitudeDegrees><LongitudeDegrees>4.281791</LongitudeDegrees></Position><AltitudeMeters>45.5</AltitudeMeters><Extensions><TPX xmlns="http://www.garmin.com/xmlschemas/ActivityExtension/v2"><Speed>2.53</Speed></TPX></Extensions></Trackpoint><Trackpoint><Time>2026-03-05T11:03:46+00:00</Time><DistanceMeters>5591.3</DistanceMeters><Position><LatitudeDegrees>50.86058</LatitudeDegrees><LongitudeDegrees>4.281809</LongitudeDegrees></Position><AltitudeMeters>45.6</AltitudeMeters><Extensions><TPX xmlns="http://www.garmin.com/xmlschemas/ActivityExtension/v2"><Speed>2.55</Speed></TPX></Extensions></Trackpoint><Trackpoint><Time>2026-03-05T11:03:47+00:00</Time><DistanceMeters>5596.1</DistanceMeters><Position><LatitudeDegrees>50.860572</LatitudeDegrees><LongitudeDegrees>4.281876</LongitudeDegrees></Position><AltitudeMeters>45.9</AltitudeMeters><Extensions><TPX xmlns="http://www.garmin.com/xmlschemas/ActivityExtension/v2"><Speed>3.02</Speed></TPX></Extensions></Trackpoint><Trackpoint><Time>2026-03-05T11:03:49+00:00</Time><DistanceMeters>5598.6</DistanceMeters><Position><LatitudeDegrees>50.860561</LatitudeDegrees><LongitudeDegrees>4.281945</LongitudeDegrees></Position><AltitudeMeters>46.2</AltitudeMeters><Extensions><TPX xmlns="http://www.garmin.com/xmlschemas/ActivityExtension/v2"><Speed>2.51</Speed></TPX></Extensions></Trackpoint><Trackpoint><Time>2026-03-05T11:03:50+00:00</Time><DistanceMeters>5601.0</DistanceMeters><Position><LatitudeDegrees>50.860556</LatitudeDegrees><LongitudeDegrees>4.281977</LongitudeDegrees></Position><AltitudeMeters>46.4</AltitudeMeters><Extensions><TPX xmlns="http://www.garmin.com/xmlschemas/ActivityExtension/v2"><Speed>2.47</Speed></TPX></Extensions></Trackpoint><Trackpoint><Time>2026-03-05T11:03:52+00:00</Time><DistanceMeters>5605.9</DistanceMeters><Position><LatitudeDegrees>50.860551</LatitudeDegrees><LongitudeDegrees>4.282012</LongitudeDegrees></Position><AltitudeMeters>46.6</AltitudeMeters><Extensions><TPX xmlns="http://www.garmin.com/xmlschemas/ActivityExtension/v2"><Speed>1.96</Speed></TPX></Extensions></Trackpoint><Trackpoint><Time>2026-03-05T11:03:53+00:00</Time><DistanceMeters>5610.3</DistanceMeters><Position><LatitudeDegrees>50.860542</LatitudeDegrees><LongitudeDegrees>4.282073</LongitudeDegrees></Position><AltitudeMeters>46.8</AltitudeMeters><Extensions><TPX xmlns="http://www.garmin.com/xmlschemas/ActivityExtension/v2"><Speed>2.367</Speed></TPX></Extensions></Trackpoint><Trackpoint><Time>2026-03-05T11:03:55+00:00</Time><DistanceMeters>5612.6</DistanceMeters><Position><LatitudeDegrees>50.860536</LatitudeDegrees><LongitudeDegrees>4.282123</LongitudeDegrees></Position><AltitudeMeters>47.1</AltitudeMeters><Extensions><TPX xmlns="http://www.garmin.com/xmlschemas/ActivityExtension/v2"><Speed>2.32</Speed></TPX></Extensions></Trackpoint><Trackpoint><Time>2026-03-05T11:03:56+00:00</Time><DistanceMeters>5614.9</DistanceMeters><Position><LatitudeDegrees>50.860534</LatitudeDegrees><LongitudeDegrees>4.282137</LongitudeDegrees></Position><AltitudeMeters>47.1</AltitudeMeters><Extensions><TPX xmlns="http://www.garmin.com/xmlschemas/ActivityExtension/v2"><Speed>2.317</Speed></TPX></Extensions></Trackpoint><Trackpoint><Time>2026-03-05T11:03:57+00:00</Time><DistanceMeters>5617.0</DistanceMeters><Position><LatitudeDegrees>50.860529</LatitudeDegrees><LongitudeDegrees>4.282183</LongitudeDegrees></Position><AltitudeMeters>47.4</AltitudeMeters><Extensions><TPX xmlns="http://www.garmin.com/xmlschemas/ActivityExtension/v2"><Speed>2.23</Speed></TPX></Extensions></Trackpoint><Trackpoint><Time>2026-03-05T11:03:58+00:00</Time><DistanceMeters>5619.2</DistanceMeters><Position><LatitudeDegrees>50.860527</LatitudeDegrees><LongitudeDegrees>4.282197</LongitudeDegrees></Position><AltitudeMeters>47.4</AltitudeMeters><Extensions><TPX xmlns="http://www.garmin.com/xmlschemas/ActivityExtension/v2"><Speed>1.78</Speed></TPX></Extensions></Trackpoint><Trackpoint><Time>2026-03-05T11:03:59+00:00</Time><DistanceMeters>5621.5</DistanceMeters><Position><LatitudeDegrees>50.860521</LatitudeDegrees><LongitudeDegrees>4.282246</LongitudeDegrees></Position><AltitudeMeters>47.7</AltitudeMeters><Extensions><TPX xmlns="http://www.garmin.com/xmlschemas/ActivityExtension/v2"><Speed>1.858</Speed></TPX></Extensions></Trackpoint><Trackpoint><Time>2026-03-05T11:04:00+00:00</Time><DistanceMeters>5623.7</DistanceMeters><Position><LatitudeDegrees>50.860519</LatitudeDegrees><LongitudeDegrees>4.282261</LongitudeDegrees></Position><AltitudeMeters>47.8</AltitudeMeters><Extensions><TPX xmlns="http://www.garmin.com/xmlschemas/ActivityExtension/v2"><Speed>2.22</Speed></TPX></Extensions></Trackpoint><Trackpoint><Time>2026-03-05T11:04:01+00:00</Time><DistanceMeters>5626.2</DistanceMeters><Position><LatitudeDegrees>50.860515</LatitudeDegrees><LongitudeDegrees>4.282312</LongitudeDegrees></Position><AltitudeMeters>48.0</AltitudeMeters><Extensions><TPX xmlns="http://www.garmin.com/xmlschemas/ActivityExtension/v2"><Speed>2.25</Speed></TPX></Extensions></Trackpoint><Trackpoint><Time>2026-03-05T11:04:02+00:00</Time><DistanceMeters>5628.6</DistanceMeters><Position><LatitudeDegrees>50.860513</LatitudeDegrees><LongitudeDegrees>4.282329</LongitudeDegrees></Position><AltitudeMeters>48.1</AltitudeMeters><Extensions><TPX xmlns="http://www.garmin.com/xmlschemas/ActivityExtension/v2"><Speed>2.31</Speed></TPX></Extensions></Trackpoint><Trackpoint><Time>2026-03-05T11:04:03+00:00</Time><DistanceMeters>5631.1</DistanceMeters><Position><LatitudeDegrees>50.860508</LatitudeDegrees><LongitudeDegrees>4.282382</LongitudeDegrees></Position><AltitudeMeters>48.4</AltitudeMeters><Extensions><TPX xmlns="http://www.garmin.com/xmlschemas/ActivityExtension/v2"><Speed>2.37</Speed></TPX></Extensions></Trackpoint><Trackpoint><Time>2026-03-05T11:04:04+00:00</Time><DistanceMeters>5633.5</DistanceMeters><Position><LatitudeDegrees>50.860506</LatitudeDegrees><LongitudeDegrees>4.282398</LongitudeDegrees></Position><AltitudeMeters>48.5</AltitudeMeters><Extensions><TPX xmlns="http://www.garmin.com/xmlschemas/ActivityExtension/v2"><Speed>2.41</Speed></TPX></Extensions></Trackpoint><Trackpoint><Time>2026-03-05T11:04:05+00:00</Time><DistanceMeters>5635.9</DistanceMeters><Position><LatitudeDegrees>50.860501</LatitudeDegrees><LongitudeDegrees>4.282449</LongitudeDegrees></Position><AltitudeMeters>48.8</AltitudeMeters><Extensions><TPX xmlns="http://www.garmin.com/xmlschemas/ActivityExtension/v2"><Speed>2.44</Speed></TPX></Extensions></Trackpoint><Trackpoint><Time>2026-03-05T11:04:06+00:00</Time><DistanceMeters>5638.3</DistanceMeters><Position><LatitudeDegrees>50.860499</LatitudeDegrees><LongitudeDegrees>4.282466</LongitudeDegrees></Position><AltitudeMeters>48.9</AltitudeMeters><Extensions><TPX xmlns="http://www.garmin.com/xmlschemas/ActivityExtension/v2"><Speed>2.43</Speed></TPX></Extensions></Trackpoint><Trackpoint><Time>2026-03-05T11:04:07+00:00</Time><DistanceMeters>5640.8</DistanceMeters><Position><LatitudeDegrees>50.860494</LatitudeDegrees><LongitudeDegrees>4.282518</LongitudeDegrees></Position><AltitudeMeters>49.1</AltitudeMeters><Extensions><TPX xmlns="http://www.garmin.com/xmlschemas/ActivityExtension/v2"><Speed>2.43</Speed></TPX></Extensions></Trackpoint><Trackpoint><Time>2026-03-05T11:04:08+00:00</Time><DistanceMeters>5643.2</DistanceMeters><Position><LatitudeDegrees>50.860492</LatitudeDegrees><LongitudeDegrees>4.282535</LongitudeDegrees></Position><AltitudeMeters>49.2</AltitudeMeters><Extensions><TPX xmlns="http://www.garmin.com/xmlschemas/ActivityExtension/v2"><Speed>2.43</Speed></TPX></Extensions></Trackpoint><Trackpoint><Time>2026-03-05T11:04:09+00:00</Time><DistanceMeters>5645.7</DistanceMeters><Position><LatitudeDegrees>50.860487</LatitudeDegrees><LongitudeDegrees>4.282587</LongitudeDegrees></Position><AltitudeMeters>49.5</AltitudeMeters><Extensions><TPX xmlns="http://www.garmin.com/xmlschemas/ActivityExtension/v2"><Speed>2.43</Speed></TPX></Extensions></Trackpoint><Trackpoint><Time>2026-03-05T11:04:10+00:00</Time><DistanceMeters>5648.1</DistanceMeters><Position><LatitudeDegrees>50.860484</LatitudeDegrees><LongitudeDegrees>4.282603</LongitudeDegrees></Position><AltitudeMeters>49.6</AltitudeMeters><Extensions><TPX xmlns="http://www.garmin.com/xmlschemas/ActivityExtension/v2"><Speed>2.44</Speed></TPX></Extensions></Trackpoint><Trackpoint><Time>2026-03-05T11:04:11+00:00</Time><DistanceMeters>5650.6</DistanceMeters><Position><LatitudeDegrees>50.860476</LatitudeDegrees><LongitudeDegrees>4.282656</LongitudeDegrees></Position><AltitudeMeters>49.9</AltitudeMeters><Extensions><TPX xmlns="http://www.garmin.com/xmlschemas/ActivityExtension/v2"><Speed>2.46</Speed></TPX></Extensions></Trackpoint><Trackpoint><Time>2026-03-05T11:04:12+00:00</Time><DistanceMeters>5653.1</DistanceMeters><Position><LatitudeDegrees>50.860473</LatitudeDegrees><LongitudeDegrees>4.282673</LongitudeDegrees></Position><AltitudeMeters>50.0</AltitudeMeters><Extensions><TPX xmlns="http://www.garmin.com/xmlschemas/ActivityExtension/v2"><Speed>2.47</Speed></TPX></Extensions></Trackpoint><Trackpoint><Time>2026-03-05T11:04:13+00:00</Time><DistanceMeters>5655.2</DistanceMeters><Position><LatitudeDegrees>50.860464</LatitudeDegrees><LongitudeDegrees>4.282717</LongitudeDegrees></Position><AltitudeMeters>50.2</AltitudeMeters><Extensions><TPX xmlns="http://www.garmin.com/xmlschemas/ActivityExtension/v2"><Speed>2.39</Speed></TPX></Extensions></Trackpoint><Trackpoint><Time>2026-03-05T11:04:14+00:00</Time><DistanceMeters>5657.2</DistanceMeters><Position><LatitudeDegrees>50.860461</LatitudeDegrees><LongitudeDegrees>4.282727</LongitudeDegrees></Position><AltitudeMeters>50.3</AltitudeMeters><Extensions><TPX xmlns="http://www.garmin.com/xmlschemas/ActivityExtension/v2"><Speed>2.31</Speed></TPX></Extensions></Trackpoint><Trackpoint><Time>2026-03-05T11:04:15+00:00</Time><DistanceMeters>5657.2</DistanceMeters><Position><LatitudeDegrees>50.860458</LatitudeDegrees><LongitudeDegrees>4.282742</LongitudeDegrees></Position><AltitudeMeters>50.4</AltitudeMeters><Extensions><TPX xmlns="http://www.garmin.com/xmlschemas/ActivityExtension/v2"><Speed>1.82</Speed></TPX></Extensions></Trackpoint><Trackpoint><Time>2026-03-05T11:04:16+00:00</Time><DistanceMeters>5657.2</DistanceMeters><Position><LatitudeDegrees>50.860458</LatitudeDegrees><LongitudeDegrees>4.282756</LongitudeDegrees></Position><AltitudeMeters>50.4</AltitudeMeters><Extensions><TPX xmlns="http://www.garmin.com/xmlschemas/ActivityExtension/v2"><Speed>1.32</Speed></TPX></Extensions></Trackpoint><Trackpoint><Time>2026-03-05T11:04:17+00:00</Time><DistanceMeters>5660.3</DistanceMeters><Position><LatitudeDegrees>50.860456</LatitudeDegrees><LongitudeDegrees>4.282771</LongitudeDegrees></Position><AltitudeMeters>50.5</AltitudeMeters><Extensions><TPX xmlns="http://www.garmin.com/xmlschemas/ActivityExtension/v2"><Speed>1.44</Speed></TPX></Extensions></Trackpoint><Trackpoint><Time>2026-03-05T11:04:18+00:00</Time><DistanceMeters>5661.8</DistanceMeters><Position><LatitudeDegrees>50.860449</LatitudeDegrees><LongitudeDegrees>4.282802</LongitudeDegrees></Position><AltitudeMeters>50.7</AltitudeMeters><Extensions><TPX xmlns="http://www.garmin.com/xmlschemas/ActivityExtension/v2"><Speed>1.33</Speed></TPX></Extensions></Trackpoint><Trackpoint><Time>2026-03-05T11:04:19+00:00</Time><DistanceMeters>5663.3</DistanceMeters><Position><LatitudeDegrees>50.860447</LatitudeDegrees><LongitudeDegrees>4.282817</LongitudeDegrees></Position><AltitudeMeters>50.8</AltitudeMeters><Extensions><TPX xmlns="http://www.garmin.com/xmlschemas/ActivityExtension/v2"><Speed>1.22</Speed></TPX></Extensions></Trackpoint><Trackpoint><Time>2026-03-05T11:04:20+00:00</Time><DistanceMeters>5664.8</DistanceMeters><Position><LatitudeDegrees>50.860444</LatitudeDegrees><LongitudeDegrees>4.282832</LongitudeDegrees></Position><AltitudeMeters>50.8</AltitudeMeters><Extensions><TPX xmlns="http://www.garmin.com/xmlschemas/ActivityExtension/v2"><Speed>1.52</Speed></TPX></Extensions></Trackpoint><Trackpoint><Time>2026-03-05T11:04:21+00:00</Time><DistanceMeters>5664.8</DistanceMeters><Position><LatitudeDegrees>50.86044</LatitudeDegrees><LongitudeDegrees>4.282848</LongitudeDegrees></Position><AltitudeMeters>50.9</AltitudeMeters><Extensions><TPX xmlns="http://www.garmin.com/xmlschemas/ActivityExtension/v2"><Speed>1.52</Speed></TPX></Extensions></Trackpoint><Trackpoint><Time>2026-03-05T11:04:22+00:00</Time><DistanceMeters>5664.8</DistanceMeters><Position><LatitudeDegrees>50.860437</LatitudeDegrees><LongitudeDegrees>4.282864</LongitudeDegrees></Position><AltitudeMeters>51.0</AltitudeMeters><Extensions><TPX xmlns="http://www.garmin.com/xmlschemas/ActivityExtension/v2"><Speed>0.9</Speed></TPX></Extensions></Trackpoint><Trackpoint><Time>2026-03-05T11:04:23+00:00</Time><DistanceMeters>5668.2</DistanceMeters><Position><LatitudeDegrees>50.860437</LatitudeDegrees><LongitudeDegrees>4.28288</LongitudeDegrees></Position><AltitudeMeters>51.1</AltitudeMeters><Extensions><TPX xmlns="http://www.garmin.com/xmlschemas/ActivityExtension/v2"><Speed>1.28</Speed></TPX></Extensions></Trackpoint><Trackpoint><Time>2026-03-05T11:04:24+00:00</Time><DistanceMeters>5668.2</DistanceMeters><Position><LatitudeDegrees>50.860437</LatitudeDegrees><LongitudeDegrees>4.282895</LongitudeDegrees></Position><AltitudeMeters>51.1</AltitudeMeters><Extensions><TPX xmlns="http://www.garmin.com/xmlschemas/ActivityExtension/v2"><Speed>0.98</Speed></TPX></Extensions></Trackpoint><Trackpoint><Time>2026-03-05T11:04:25+00:00</Time><DistanceMeters>5668.2</DistanceMeters><Position><LatitudeDegrees>50.860436</LatitudeDegrees><LongitudeDegrees>4.28291</LongitudeDegrees></Position><AltitudeMeters>51.1</AltitudeMeters><Extensions><TPX xmlns="http://www.garmin.com/xmlschemas/ActivityExtension/v2"><Speed>0.68</Speed></TPX></Extensions></Trackpoint><Trackpoint><Time>2026-03-05T11:04:26+00:00</Time><DistanceMeters>5671.8</DistanceMeters><Position><LatitudeDegrees>50.860433</LatitudeDegrees><LongitudeDegrees>4.28293</LongitudeDegrees></Position><AltitudeMeters>51.2</AltitudeMeters><Extensions><TPX xmlns="http://www.garmin.com/xmlschemas/ActivityExtension/v2"><Speed>1.4</Speed></TPX></Extensions></Trackpoint><Trackpoint><Time>2026-03-05T11:04:27+00:00</Time><DistanceMeters>5671.8</DistanceMeters><Position><LatitudeDegrees>50.860431</LatitudeDegrees><LongitudeDegrees>4.282937</LongitudeDegrees></Position><AltitudeMeters>51.2</AltitudeMeters><Extensions><TPX xmlns="http://www.garmin.com/xmlschemas/ActivityExtension/v2"><Speed>1.4</Speed></TPX></Extensions></Trackpoint><Trackpoint><Time>2026-03-05T11:04:29+00:00</Time><DistanceMeters>5671.8</DistanceMeters><Position><LatitudeDegrees>50.860414</LatitudeDegrees><LongitudeDegrees>4.28294</LongitudeDegrees></Position><AltitudeMeters>51.2</AltitudeMeters><Extensions><TPX xmlns="http://www.garmin.com/xmlschemas/ActivityExtension/v2"><Speed>0.72</Speed></TPX></Extensions></Trackpoint><Trackpoint><Time>2026-03-05T11:04:30+00:00</Time><DistanceMeters>5675.1</DistanceMeters><Position><LatitudeDegrees>50.860403</LatitudeDegrees><LongitudeDegrees>4.282932</LongitudeDegrees></Position><AltitudeMeters>51.2</AltitudeMeters><Extensions><TPX xmlns="http://www.garmin.com/xmlschemas/ActivityExtension/v2"><Speed>1.38</Speed></TPX></Extensions></Trackpoint></Track></Lap></Activity></Activities></TrainingCenterDatabase>