<?xml version="1.0" encoding="UTF-8"?><TrainingCenterDatabase xsi:schemaLocation="http://www.garmin.com/xmlschemas/TrainingCenterDatabase/v2 http://www.garmin.com/xmlschemas/TrainingCenterDatabasev2.xsd" xmlns:ns5="http://www.garmin.com/xmlschemas/ActivityGoals/v1" xmlns:ns3="http://www.garmin.com/xmlschemas/ActivityExtension/v2" xmlns:ns2="http://www.garmin.com/xmlschemas/UserProfile/v2" xmlns="http://www.garmin.com/xmlschemas/TrainingCenterDatabase/v2" xmlns:xsi="http://www.w3.org/2001/XMLSchema-instance"><Activities><Activity Sport="Biking"><Id>2026-03-03T15:58:36+00:00</Id><Lap StartTime="2026-03-03T15:58:36+00:00"><TotalTimeSeconds>771</TotalTimeSeconds><DistanceMeters>1000.0</DistanceMeters><Track><Trackpoint><Time>2026-03-03T15:58:36+00:00</Time><DistanceMeters>2.6</DistanceMeters><Position><LatitudeDegrees>50.857716</LatitudeDegrees><LongitudeDegrees>4.417194</LongitudeDegrees></Position><AltitudeMeters>80.0</AltitudeMeters><Cadence>80</Cadence><Extensions><TPX xmlns="http://www.garmin.com/xmlschemas/ActivityExtension/v2"><Speed>0.0</Speed></TPX></Extensions></Trackpoint><Trackpoint><Time>2026-03-03T15:58:37+00:00</Time><DistanceMeters>5.7</DistanceMeters><Position><LatitudeDegrees>50.857694</LatitudeDegrees><LongitudeDegrees>4.417223</LongitudeDegrees></Position><AltitudeMeters>80.0</AltitudeMeters><Extensions><TPX xmlns="http://www.garmin.com/xmlschemas/ActivityExtension/v2"><Speed>0.0</Speed></TPX></Extensions></Trackpoint><Trackpoint><Time>2026-03-03T15:58:38+00:00</Time><DistanceMeters>5.7</DistanceMeters><Position><LatitudeDegrees>50.857729</LatitudeDegrees><LongitudeDegrees>4.417224</LongitudeDegrees></Position><AltitudeMeters>80.0</AltitudeMeters><Extensions><TPX xmlns="http://www.garmin.com/xmlschemas/ActivityExtension/v2"><Speed>1.55</Speed></TPX></Extensions></Trackpoint><Trackpoint><Time>2026-03-03T15:58:39+00:00</Time><DistanceMeters>9.5</DistanceMeters><Position><LatitudeDegrees>50.8577</LatitudeDegrees><LongitudeDegrees>4.417262</LongitudeDegrees></Position><AltitudeMeters>80.0</AltitudeMeters><Extensions><TPX xmlns="http://www.garmin.com/xmlschemas/ActivityExtension/v2"><Speed>2.3</Speed></TPX></Extensions></Trackpoint><Trackpoint><Time>2026-03-03T15:58:40+00:00</Time><DistanceMeters>13.2</DistanceMeters><Position><LatitudeDegrees>50.857673</LatitudeDegrees><LongitudeDegrees>4.417303</LongitudeDegrees></Position><AltitudeMeters>80.0</AltitudeMeters><Extensions><TPX xmlns="http://www.garmin.com/xmlschemas/ActivityExtension/v2"><Speed>2.65</Speed></TPX></Extensions></Trackpoint><Trackpoint><Time>2026-03-03T15:58:41+00:00</Time><DistanceMeters>13.2</DistanceMeters><Position><LatitudeDegrees>50.857678</LatitudeDegrees><LongitudeDegrees>4.417249</LongitudeDegrees></Position><AltitudeMeters>80.0</AltitudeMeters><Extensions><TPX xmlns="http://www.garmin.com/xmlschemas/ActivityExtension/v2"><Speed>2.12</Speed></TPX></Extensions></Trackpoint><Trackpoint><Time>2026-03-03T15:58:42+00:00</Time><DistanceMeters>13.2</DistanceMeters><Position><LatitudeDegrees>50.857688</LatitudeDegrees><LongitudeDegrees>4.417239</LongitudeDegrees></Position><AltitudeMeters>80.0</AltitudeMeters><Extensions><TPX xmlns="http://www.garmin.com/xmlschemas/ActivityExtension/v2"><Speed>1.5</Speed></TPX></Extensions></Trackpoint><Trackpoint><Time>2026-03-03T15:58:43+00:00</Time><DistanceMeters>13.2</DistanceMeters><Position><LatitudeDegrees>50.857679</LatitudeDegrees><LongitudeDegrees>4.417217</LongitudeDegrees></Position><AltitudeMeters>80.0</AltitudeMeters><Extensions><TPX xmlns="http://www.garmin.com/xmlschemas/ActivityExtension/v2"><Speed>1.5</Speed></TPX></Extensions></Trackpoint><Trackpoint><Time>2026-03-03T15:58:44+00:00</Time><DistanceMeters>14.8</DistanceMeters><Position><LatitudeDegrees>50.85769</LatitudeDegrees><LongitudeDegrees>4.417241</LongitudeDegrees></Position><AltitudeMeters>80.0</AltitudeMeters><Cadence>80</Cadence><Extensions><TPX xmlns="http://www.garmin.com/xmlschemas/ActivityExtension/v2"><Speed>1.06</Speed></TPX></Extensions></Trackpoint><Trackpoint><Time>2026-03-03T15:58:45+00:00</Time><DistanceMeters>18.3</DistanceMeters><Position><LatitudeDegrees>50.857711</LatitudeDegrees><LongitudeDegrees>4.417278</LongitudeDegrees></Position><AltitudeMeters>80.0</AltitudeMeters><Cadence>58</Cadence><Extensions><TPX xmlns="http://www.garmin.com/xmlschemas/ActivityExtension/v2"><Speed>1.02</Speed></TPX></Extensions></Trackpoint><Trackpoint><Time>2026-03-03T15:58:46+00:00</Time><DistanceMeters>18.3</DistanceMeters><Position><LatitudeDegrees>50.857735</LatitudeDegrees><LongitudeDegrees>4.417273</LongitudeDegrees></Position><AltitudeMeters>80.0</AltitudeMeters><Cadence>58</Cadence><Extensions><TPX xmlns="http://www.garmin.com/xmlschemas/ActivityExtension/v2"><Speed>1.02</Speed></TPX></Extensions></Trackpoint><Trackpoint><Time>2026-03-03T15:58:47+00:00</Time><DistanceMeters>21.4</DistanceMeters><Position><LatitudeDegrees>50.857722</LatitudeDegrees><LongitudeDegrees>4.417323</LongitudeDegrees></Position><AltitudeMeters>80.0</AltitudeMeters><Cadence>58</Cadence><Extensions><TPX xmlns="http://www.garmin.com/xmlschemas/ActivityExtension/v2"><Speed>1.64</Speed></TPX></Extensions></Trackpoint><Trackpoint><Time>2026-03-03T15:58:48+00:00</Time><DistanceMeters>21.4</DistanceMeters><Position><LatitudeDegrees>50.857714</LatitudeDegrees><LongitudeDegrees>4.417315</LongitudeDegrees></Position><AltitudeMeters>80.0</AltitudeMeters><Cadence>58</Cadence><Extensions><TPX xmlns="http://www.garmin.com/xmlschemas/ActivityExtension/v2"><Speed>1.64</Speed></TPX></Extensions></Trackpoint><Trackpoint><Time>2026-03-03T15:58:49+00:00</Time><DistanceMeters>21.4</DistanceMeters><Position><LatitudeDegrees>50.857862</LatitudeDegrees><LongitudeDegrees>4.417349</LongitudeDegrees></Position><AltitudeMeters>80.0</AltitudeMeters><Cadence>55</Cadence><Extensions><TPX xmlns="http://www.garmin.com/xmlschemas/ActivityExtension/v2"><Speed>1.32</Speed></TPX></Extensions></Trackpoint><Trackpoint><Time>2026-03-03T15:58:50+00:00</Time><DistanceMeters>24.9</DistanceMeters><Position><LatitudeDegrees>50.857769</LatitudeDegrees><LongitudeDegrees>4.417339</LongitudeDegrees></Position><AltitudeMeters>80.0</AltitudeMeters><Cadence>54</Cadence><Extensions><TPX xmlns="http://www.garmin.com/xmlschemas/ActivityExtension/v2"><Speed>1.32</Speed></TPX></Extensions></Trackpoint><Trackpoint><Time>2026-03-03T15:58:51+00:00</Time><DistanceMeters>27.6</DistanceMeters><Position><LatitudeDegrees>50.857753</LatitudeDegrees><LongitudeDegrees>4.417368</LongitudeDegrees></Position><AltitudeMeters>80.0</AltitudeMeters><Cadence>52</Cadence><Extensions><TPX xmlns="http://www.garmin.com/xmlschemas/ActivityExtension/v2"><Speed>1.86</Speed></TPX></Extensions></Trackpoint><Trackpoint><Time>2026-03-03T15:58:52+00:00</Time><DistanceMeters>31.1</DistanceMeters><Position><LatitudeDegrees>50.85771</LatitudeDegrees><LongitudeDegrees>4.417385</LongitudeDegrees></Position><AltitudeMeters>80.0</AltitudeMeters><Cadence>52</Cadence><Extensions><TPX xmlns="http://www.garmin.com/xmlschemas/ActivityExtension/v2"><Speed>1.94</Speed></TPX></Extensions></Trackpoint><Trackpoint><Time>2026-03-03T15:58:53+00:00</Time><DistanceMeters>33.0</DistanceMeters><Position><LatitudeDegrees>50.857704</LatitudeDegrees><LongitudeDegrees>4.417414</LongitudeDegrees></Position><AltitudeMeters>80.0</AltitudeMeters><Cadence>52</Cadence><Extensions><TPX xmlns="http://www.garmin.com/xmlschemas/ActivityExtension/v2"><Speed>2.32</Speed></TPX></Extensions></Trackpoint><Trackpoint><Time>2026-03-03T15:58:54+00:00</Time><DistanceMeters>34.0</DistanceMeters><Position><LatitudeDegrees>50.857703</LatitudeDegrees><LongitudeDegrees>4.417431</LongitudeDegrees></Position><AltitudeMeters>80.0</AltitudeMeters><Cadence>52</Cadence><Extensions><TPX xmlns="http://www.garmin.com/xmlschemas/ActivityExtension/v2"><Speed>2.52</Speed></TPX></Extensions></Trackpoint><Trackpoint><Time>2026-03-03T15:58:55+00:00</Time><DistanceMeters>36.3</DistanceMeters><Position><LatitudeDegrees>50.857716</LatitudeDegrees><LongitudeDegrees>4.417459</LongitudeDegrees></Position><AltitudeMeters>80.0</AltitudeMeters><Cadence>55</Cadence><Extensions><TPX xmlns="http://www.garmin.com/xmlschemas/ActivityExtension/v2"><Speed>2.28</Speed></TPX></Extensions></Trackpoint><Trackpoint><Time>2026-03-03T15:58:56+00:00</Time><DistanceMeters>38.0</DistanceMeters><Position><LatitudeDegrees>50.857716</LatitudeDegrees><LongitudeDegrees>4.417485</LongitudeDegrees></Position><AltitudeMeters>80.0</AltitudeMeters><Cadence>55</Cadence><Extensions><TPX xmlns="http://www.garmin.com/xmlschemas/ActivityExtension/v2"><Speed>2.08</Speed></TPX></Extensions></Trackpoint><Trackpoint><Time>2026-03-03T15:58:57+00:00</Time><DistanceMeters>39.4</DistanceMeters><Position><LatitudeDegrees>50.857713</LatitudeDegrees><LongitudeDegrees>4.417505</LongitudeDegrees></Position><AltitudeMeters>80.0</AltitudeMeters><Cadence>55</Cadence><Extensions><TPX xmlns="http://www.garmin.com/xmlschemas/ActivityExtension/v2"><Speed>1.66</Speed></TPX></Extensions></Trackpoint><Trackpoint><Time>2026-03-03T15:58:58+00:00</Time><DistanceMeters>40.4</DistanceMeters><Position><LatitudeDegrees>50.857712</LatitudeDegrees><LongitudeDegrees>4.417519</LongitudeDegrees></Position><AltitudeMeters>80.0</AltitudeMeters><Cadence>55</Cadence><Extensions><TPX xmlns="http://www.garmin.com/xmlschemas/ActivityExtension/v2"><Speed>1.48</Speed></TPX></Extensions></Trackpoint><Trackpoint><Time>2026-03-03T15:58:59+00:00</Time><DistanceMeters>41.5</DistanceMeters><Position><LatitudeDegrees>50.85771</LatitudeDegrees><LongitudeDegrees>4.417535</LongitudeDegrees></Position><AltitudeMeters>80.0</AltitudeMeters><Cadence>55</Cadence><Extensions><TPX xmlns="http://www.garmin.com/xmlschemas/ActivityExtension/v2"><Speed>1.5</Speed></TPX></Extensions></Trackpoint><Trackpoint><Time>2026-03-03T15:59:00+00:00</Time><DistanceMeters>42.5</DistanceMeters><Position><LatitudeDegrees>50.857713</LatitudeDegrees><LongitudeDegrees>4.41755</LongitudeDegrees></Position><AltitudeMeters>80.0</AltitudeMeters><Cadence>57</Cadence><Extensions><TPX xmlns="http://www.garmin.com/xmlschemas/ActivityExtension/v2"><Speed>1.24</Speed></TPX></Extensions></Trackpoint><Trackpoint><Time>2026-03-03T15:59:01+00:00</Time><DistanceMeters>43.7</DistanceMeters><Position><LatitudeDegrees>50.85772</LatitudeDegrees><LongitudeDegrees>4.417564</LongitudeDegrees></Position><AltitudeMeters>80.0</AltitudeMeters><Cadence>57</Cadence><Extensions><TPX xmlns="http://www.garmin.com/xmlschemas/ActivityExtension/v2"><Speed>1.14</Speed></TPX></Extensions></Trackpoint><Trackpoint><Time>2026-03-03T15:59:02+00:00</Time><DistanceMeters>45.2</DistanceMeters><Position><LatitudeDegrees>50.857731</LatitudeDegrees><LongitudeDegrees>4.417578</LongitudeDegrees></Position><AltitudeMeters>80.0</AltitudeMeters><Cadence>54</Cadence><Extensions><TPX xmlns="http://www.garmin.com/xmlschemas/ActivityExtension/v2"><Speed>1.16</Speed></TPX></Extensions></Trackpoint><Trackpoint><Time>2026-03-03T15:59:03+00:00</Time><DistanceMeters>46.8</DistanceMeters><Position><LatitudeDegrees>50.857744</LatitudeDegrees><LongitudeDegrees>4.417592</LongitudeDegrees></Position><AltitudeMeters>80.0</AltitudeMeters><Cadence>54</Cadence><Extensions><TPX xmlns="http://www.garmin.com/xmlschemas/ActivityExtension/v2"><Speed>1.28</Speed></TPX></Extensions></Trackpoint><Trackpoint><Time>2026-03-03T15:59:04+00:00</Time><DistanceMeters>47.5</DistanceMeters><Position><LatitudeDegrees>50.857746</LatitudeDegrees><LongitudeDegrees>4.417603</LongitudeDegrees></Position><AltitudeMeters>80.0</AltitudeMeters><Cadence>55</Cadence><Extensions><TPX xmlns="http://www.garmin.com/xmlschemas/ActivityExtension/v2"><Speed>1.2</Speed></TPX></Extensions></Trackpoint><Trackpoint><Time>2026-03-03T15:59:05+00:00</Time><DistanceMeters>47.9</DistanceMeters><Position><LatitudeDegrees>50.857749</LatitudeDegrees><LongitudeDegrees>4.41761</LongitudeDegrees></Position><AltitudeMeters>80.0</AltitudeMeters><Cadence>55</Cadence><Extensions><TPX xmlns="http://www.garmin.com/xmlschemas/ActivityExtension/v2"><Speed>1.08</Speed></TPX></Extensions></Trackpoint><Trackpoint><Time>2026-03-03T15:59:06+00:00</Time><DistanceMeters>48.7</DistanceMeters><Position><LatitudeDegrees>50.857746</LatitudeDegrees><LongitudeDegrees>4.417621</LongitudeDegrees></Position><AltitudeMeters>80.0</AltitudeMeters><Cadence>55</Cadence><Extensions><TPX xmlns="http://www.garmin.com/xmlschemas/ActivityExtension/v2"><Speed>1.0</Speed></TPX></Extensions></Trackpoint><Trackpoint><Time>2026-03-03T15:59:07+00:00</Time><DistanceMeters>49.3</DistanceMeters><Position><LatitudeDegrees>50.857749</LatitudeDegrees><LongitudeDegrees>4.417632</LongitudeDegrees></Position><AltitudeMeters>80.0</AltitudeMeters><Cadence>55</Cadence><Extensions><TPX xmlns="http://www.garmin.com/xmlschemas/ActivityExtension/v2"><Speed>0.82</Speed></TPX></Extensions></Trackpoint><Trackpoint><Time>2026-03-03T15:59:08+00:00</Time><DistanceMeters>50.4</DistanceMeters><Position><LatitudeDegrees>50.857748</LatitudeDegrees><LongitudeDegrees>4.417648</LongitudeDegrees></Position><AltitudeMeters>80.0</AltitudeMeters><Cadence>55</Cadence><Extensions><TPX xmlns="http://www.garmin.com/xmlschemas/ActivityExtension/v2"><Speed>0.72</Speed></TPX></Extensions></Trackpoint><Trackpoint><Time>2026-03-03T15:59:09+00:00</Time><DistanceMeters>51.4</DistanceMeters><Position><LatitudeDegrees>50.857746</LatitudeDegrees><LongitudeDegrees>4.417661</LongitudeDegrees></Position><AltitudeMeters>80.0</AltitudeMeters><Cadence>55</Cadence><Extensions><TPX xmlns="http://www.garmin.com/xmlschemas/ActivityExtension/v2"><Speed>0.78</Speed></TPX></Extensions></Trackpoint><Trackpoint><Time>2026-03-03T15:59:10+00:00</Time><DistanceMeters>52.3</DistanceMeters><Position><LatitudeDegrees>50.857744</LatitudeDegrees><LongitudeDegrees>4.417674</LongitudeDegrees></Position><AltitudeMeters>80.0</AltitudeMeters><Cadence>55</Cadence><Extensions><TPX xmlns="http://www.garmin.com/xmlschemas/ActivityExtension/v2"><Speed>0.88</Speed></TPX></Extensions></Trackpoint><Trackpoint><Time>2026-03-03T15:59:11+00:00</Time><DistanceMeters>53.8</DistanceMeters><Position><LatitudeDegrees>50.857739</LatitudeDegrees><LongitudeDegrees>4.417694</LongitudeDegrees></Position><AltitudeMeters>80.0</AltitudeMeters><Cadence>55</Cadence><Extensions><TPX xmlns="http://www.garmin.com/xmlschemas/ActivityExtension/v2"><Speed>1.02</Speed></TPX></Extensions></Trackpoint><Trackpoint><Time>2026-03-03T15:59:12+00:00</Time><DistanceMeters>55.4</DistanceMeters><Position><LatitudeDegrees>50.857727</LatitudeDegrees><LongitudeDegrees>4.417717</LongitudeDegrees></Position><AltitudeMeters>80.0</AltitudeMeters><Cadence>55</Cadence><Extensions><TPX xmlns="http://www.garmin.com/xmlschemas/ActivityExtension/v2"><Speed>1.22</Speed></TPX></Extensions></Trackpoint><Trackpoint><Time>2026-03-03T15:59:13+00:00</Time><DistanceMeters>57.1</DistanceMeters><Position><LatitudeDegrees>50.857714</LatitudeDegrees><LongitudeDegrees>4.417738</LongitudeDegrees></Position><AltitudeMeters>80.0</AltitudeMeters><Cadence>56</Cadence><Extensions><TPX xmlns="http://www.garmin.com/xmlschemas/ActivityExtension/v2"><Speed>1.34</Speed></TPX></Extensions></Trackpoint><Trackpoint><Time>2026-03-03T15:59:14+00:00</Time><DistanceMeters>58.6</DistanceMeters><Position><LatitudeDegrees>50.857709</LatitudeDegrees><LongitudeDegrees>4.417758</LongitudeDegrees></Position><AltitudeMeters>80.0</AltitudeMeters><Cadence>57</Cadence><Extensions><TPX xmlns="http://www.garmin.com/xmlschemas/ActivityExtension/v2"><Speed>1.44</Speed></TPX></Extensions></Trackpoint><Trackpoint><Time>2026-03-03T15:59:15+00:00</Time><DistanceMeters>59.9</DistanceMeters><Position><LatitudeDegrees>50.857705</LatitudeDegrees><LongitudeDegrees>4.417775</LongitudeDegrees></Position><AltitudeMeters>80.0</AltitudeMeters><Cadence>57</Cadence><Extensions><TPX xmlns="http://www.garmin.com/xmlschemas/ActivityExtension/v2"><Speed>1.52</Speed></TPX></Extensions></Trackpoint><Trackpoint><Time>2026-03-03T15:59:16+00:00</Time><DistanceMeters>61.2</DistanceMeters><Position><LatitudeDegrees>50.857702</LatitudeDegrees><LongitudeDegrees>4.417793</LongitudeDegrees></Position><AltitudeMeters>80.0</AltitudeMeters><Cadence>55</Cadence><Extensions><TPX xmlns="http://www.garmin.com/xmlschemas/ActivityExtension/v2"><Speed>1.48</Speed></TPX></Extensions></Trackpoint><Trackpoint><Time>2026-03-03T15:59:17+00:00</Time><DistanceMeters>63.0</DistanceMeters><Position><LatitudeDegrees>50.857699</LatitudeDegrees><LongitudeDegrees>4.417818</LongitudeDegrees></Position><AltitudeMeters>80.0</AltitudeMeters><Cadence>55</Cadence><Extensions><TPX xmlns="http://www.garmin.com/xmlschemas/ActivityExtension/v2"><Speed>1.52</Speed></TPX></Extensions></Trackpoint><Trackpoint><Time>2026-03-03T15:59:18+00:00</Time><DistanceMeters>64.9</DistanceMeters><Position><LatitudeDegrees>50.857696</LatitudeDegrees><LongitudeDegrees>4.417845</LongitudeDegrees></Position><AltitudeMeters>80.0</AltitudeMeters><Cadence>55</Cadence><Extensions><TPX xmlns="http://www.garmin.com/xmlschemas/ActivityExtension/v2"><Speed>1.56</Speed></TPX></Extensions></Trackpoint><Trackpoint><Time>2026-03-03T15:59:19+00:00</Time><DistanceMeters>66.8</DistanceMeters><Position><LatitudeDegrees>50.857693</LatitudeDegrees><LongitudeDegrees>4.417872</LongitudeDegrees></Position><AltitudeMeters>80.0</AltitudeMeters><Cadence>55</Cadence><Extensions><TPX xmlns="http://www.garmin.com/xmlschemas/ActivityExtension/v2"><Speed>1.64</Speed></TPX></Extensions></Trackpoint><Trackpoint><Time>2026-03-03T15:59:20+00:00</Time><DistanceMeters>68.3</DistanceMeters><Position><LatitudeDegrees>50.857692</LatitudeDegrees><LongitudeDegrees>4.417893</LongitudeDegrees></Position><AltitudeMeters>80.0</AltitudeMeters><Cadence>56</Cadence><Extensions><TPX xmlns="http://www.garmin.com/xmlschemas/ActivityExtension/v2"><Speed>1.68</Speed></TPX></Extensions></Trackpoint><Trackpoint><Time>2026-03-03T15:59:21+00:00</Time><DistanceMeters>69.5</DistanceMeters><Position><LatitudeDegrees>50.857692</LatitudeDegrees><LongitudeDegrees>4.41791</LongitudeDegrees></Position><AltitudeMeters>80.0</AltitudeMeters><Cadence>56</Cadence><Extensions><TPX xmlns="http://www.garmin.com/xmlschemas/ActivityExtension/v2"><Speed>1.66</Speed></TPX></Extensions></Trackpoint><Trackpoint><Time>2026-03-03T15:59:22+00:00</Time><DistanceMeters>70.9</DistanceMeters><Position><LatitudeDegrees>50.857688</LatitudeDegrees><LongitudeDegrees>4.41793</LongitudeDegrees></Position><AltitudeMeters>80.0</AltitudeMeters><Cadence>55</Cadence><Extensions><TPX xmlns="http://www.garmin.com/xmlschemas/ActivityExtension/v2"><Speed>1.58</Speed></TPX></Extensions></Trackpoint><Trackpoint><Time>2026-03-03T15:59:23+00:00</Time><DistanceMeters>72.3</DistanceMeters><Position><LatitudeDegrees>50.857683</LatitudeDegrees><LongitudeDegrees>4.417947</LongitudeDegrees></Position><AltitudeMeters>80.0</AltitudeMeters><Cadence>55</Cadence><Extensions><TPX xmlns="http://www.garmin.com/xmlschemas/ActivityExtension/v2"><Speed>1.48</Speed></TPX></Extensions></Trackpoint><Trackpoint><Time>2026-03-03T15:59:24+00:00</Time><DistanceMeters>73.3</DistanceMeters><Position><LatitudeDegrees>50.857679</LatitudeDegrees><LongitudeDegrees>4.417963</LongitudeDegrees></Position><AltitudeMeters>80.0</AltitudeMeters><Cadence>55</Cadence><Extensions><TPX xmlns="http://www.garmin.com/xmlschemas/ActivityExtension/v2"><Speed>1.3</Speed></TPX></Extensions></Trackpoint><Trackpoint><Time>2026-03-03T15:59:25+00:00</Time><DistanceMeters>74.5</DistanceMeters><Position><LatitudeDegrees>50.857671</LatitudeDegrees><LongitudeDegrees>4.417975</LongitudeDegrees></Position><AltitudeMeters>80.0</AltitudeMeters><Cadence>56</Cadence><Extensions><TPX xmlns="http://www.garmin.com/xmlschemas/ActivityExtension/v2"><Speed>1.24</Speed></TPX></Extensions></Trackpoint><Trackpoint><Time>2026-03-03T15:59:26+00:00</Time><DistanceMeters>75.7</DistanceMeters><Position><LatitudeDegrees>50.857663</LatitudeDegrees><LongitudeDegrees>4.417985</LongitudeDegrees></Position><AltitudeMeters>80.0</AltitudeMeters><Cadence>56</Cadence><Extensions><TPX xmlns="http://www.garmin.com/xmlschemas/ActivityExtension/v2"><Speed>1.24</Speed></TPX></Extensions></Trackpoint><Trackpoint><Time>2026-03-03T15:59:27+00:00</Time><DistanceMeters>76.8</DistanceMeters><Position><LatitudeDegrees>50.857656</LatitudeDegrees><LongitudeDegrees>4.417996</LongitudeDegrees></Position><AltitudeMeters>80.0</AltitudeMeters><Cadence>56</Cadence><Extensions><TPX xmlns="http://www.garmin.com/xmlschemas/ActivityExtension/v2"><Speed>1.18</Speed></TPX></Extensions></Trackpoint><Trackpoint><Time>2026-03-03T15:59:28+00:00</Time><DistanceMeters>77.8</DistanceMeters><Position><LatitudeDegrees>50.857649</LatitudeDegrees><LongitudeDegrees>4.418006</LongitudeDegrees></Position><AltitudeMeters>80.0</AltitudeMeters><Cadence>56</Cadence><Extensions><TPX xmlns="http://www.garmin.com/xmlschemas/ActivityExtension/v2"><Speed>1.1</Speed></TPX></Extensions></Trackpoint><Trackpoint><Time>2026-03-03T15:59:29+00:00</Time><DistanceMeters>79.2</DistanceMeters><Position><LatitudeDegrees>50.857642</LatitudeDegrees><LongitudeDegrees>4.418022</LongitudeDegrees></Position><AltitudeMeters>80.0</AltitudeMeters><Cadence>55</Cadence><Extensions><TPX xmlns="http://www.garmin.com/xmlschemas/ActivityExtension/v2"><Speed>1.18</Speed></TPX></Extensions></Trackpoint><Trackpoint><Time>2026-03-03T15:59:30+00:00</Time><DistanceMeters>80.6</DistanceMeters><Position><LatitudeDegrees>50.857637</LatitudeDegrees><LongitudeDegrees>4.418041</LongitudeDegrees></Position><AltitudeMeters>80.0</AltitudeMeters><Cadence>54</Cadence><Extensions><TPX xmlns="http://www.garmin.com/xmlschemas/ActivityExtension/v2"><Speed>1.22</Speed></TPX></Extensions></Trackpoint><Trackpoint><Time>2026-03-03T15:59:31+00:00</Time><DistanceMeters>81.7</DistanceMeters><Position><LatitudeDegrees>50.857634</LatitudeDegrees><LongitudeDegrees>4.418056</LongitudeDegrees></Position><AltitudeMeters>80.1</AltitudeMeters><Cadence>53</Cadence><Extensions><TPX xmlns="http://www.garmin.com/xmlschemas/ActivityExtension/v2"><Speed>1.2</Speed></TPX></Extensions></Trackpoint><Trackpoint><Time>2026-03-03T15:59:32+00:00</Time><DistanceMeters>83.2</DistanceMeters><Position><LatitudeDegrees>50.857632</LatitudeDegrees><LongitudeDegrees>4.418077</LongitudeDegrees></Position><AltitudeMeters>80.1</AltitudeMeters><Cadence>53</Cadence><Extensions><TPX xmlns="http://www.garmin.com/xmlschemas/ActivityExtension/v2"><Speed>1.28</Speed></TPX></Extensions></Trackpoint><Trackpoint><Time>2026-03-03T15:59:33+00:00</Time><DistanceMeters>84.4</DistanceMeters><Position><LatitudeDegrees>50.85763</LatitudeDegrees><LongitudeDegrees>4.418094</LongitudeDegrees></Position><AltitudeMeters>80.1</AltitudeMeters><Cadence>55</Cadence><Extensions><TPX xmlns="http://www.garmin.com/xmlschemas/ActivityExtension/v2"><Speed>1.32</Speed></TPX></Extensions></Trackpoint><Trackpoint><Time>2026-03-03T15:59:34+00:00</Time><DistanceMeters>85.7</DistanceMeters><Position><LatitudeDegrees>50.857627</LatitudeDegrees><LongitudeDegrees>4.418111</LongitudeDegrees></Position><AltitudeMeters>80.1</AltitudeMeters><Cadence>56</Cadence><Extensions><TPX xmlns="http://www.garmin.com/xmlschemas/ActivityExtension/v2"><Speed>1.3</Speed></TPX></Extensions></Trackpoint><Trackpoint><Time>2026-03-03T15:59:35+00:00</Time><DistanceMeters>87.6</DistanceMeters><Position><LatitudeDegrees>50.85762</LatitudeDegrees><LongitudeDegrees>4.418136</LongitudeDegrees></Position><AltitudeMeters>80.1</AltitudeMeters><Cadence>56</Cadence><Extensions><TPX xmlns="http://www.garmin.com/xmlschemas/ActivityExtension/v2"><Speed>1.4</Speed></TPX></Extensions></Trackpoint><Trackpoint><Time>2026-03-03T15:59:36+00:00</Time><DistanceMeters>89.3</DistanceMeters><Position><LatitudeDegrees>50.857611</LatitudeDegrees><LongitudeDegrees>4.418156</LongitudeDegrees></Position><AltitudeMeters>80.0</AltitudeMeters><Cadence>56</Cadence><Extensions><TPX xmlns="http://www.garmin.com/xmlschemas/ActivityExtension/v2"><Speed>1.52</Speed></TPX></Extensions></Trackpoint><Trackpoint><Time>2026-03-03T15:59:37+00:00</Time><DistanceMeters>90.9</DistanceMeters><Position><LatitudeDegrees>50.857604</LatitudeDegrees><LongitudeDegrees>4.418175</LongitudeDegrees></Position><AltitudeMeters>80.0</AltitudeMeters><Cadence>56</Cadence><Extensions><TPX xmlns="http://www.garmin.com/xmlschemas/ActivityExtension/v2"><Speed>1.54</Speed></TPX></Extensions></Trackpoint><Trackpoint><Time>2026-03-03T15:59:38+00:00</Time><DistanceMeters>92.6</DistanceMeters><Position><LatitudeDegrees>50.857593</LatitudeDegrees><LongitudeDegrees>4.418193</LongitudeDegrees></Position><AltitudeMeters>80.0</AltitudeMeters><Cadence>56</Cadence><Extensions><TPX xmlns="http://www.garmin.com/xmlschemas/ActivityExtension/v2"><Speed>1.64</Speed></TPX></Extensions></Trackpoint><Trackpoint><Time>2026-03-03T15:59:39+00:00</Time><DistanceMeters>94.2</DistanceMeters><Position><LatitudeDegrees>50.857581</LatitudeDegrees><LongitudeDegrees>4.418205</LongitudeDegrees></Position><AltitudeMeters>80.0</AltitudeMeters><Cadence>60</Cadence><Extensions><TPX xmlns="http://www.garmin.com/xmlschemas/ActivityExtension/v2"><Speed>1.7</Speed></TPX></Extensions></Trackpoint><Trackpoint><Time>2026-03-03T15:59:40+00:00</Time><DistanceMeters>94.2</DistanceMeters><Position><LatitudeDegrees>50.857568</LatitudeDegrees><LongitudeDegrees>4.418208</LongitudeDegrees></Position><AltitudeMeters>80.0</AltitudeMeters><Cadence>60</Cadence><Extensions><TPX xmlns="http://www.garmin.com/xmlschemas/ActivityExtension/v2"><Speed>1.32</Speed></TPX></Extensions></Trackpoint><Trackpoint><Time>2026-03-03T15:59:41+00:00</Time><DistanceMeters>94.2</DistanceMeters><Position><LatitudeDegrees>50.857566</LatitudeDegrees><LongitudeDegrees>4.418211</LongitudeDegrees></Position><AltitudeMeters>80.0</AltitudeMeters><Extensions><TPX xmlns="http://www.garmin.com/xmlschemas/ActivityExtension/v2"><Speed>0.98</Speed></TPX></Extensions></Trackpoint><Trackpoint><Time>2026-03-03T15:59:42+00:00</Time><DistanceMeters>94.4</DistanceMeters><Position><LatitudeDegrees>50.857567</LatitudeDegrees><LongitudeDegrees>4.418215</LongitudeDegrees></Position><AltitudeMeters>80.0</AltitudeMeters><Extensions><TPX xmlns="http://www.garmin.com/xmlschemas/ActivityExtension/v2"><Speed>0.7</Speed></TPX></Extensions></Trackpoint><Trackpoint><Time>2026-03-03T15:59:43+00:00</Time><DistanceMeters>94.5</DistanceMeters><Position><LatitudeDegrees>50.857564</LatitudeDegrees><LongitudeDegrees>4.418222</LongitudeDegrees></Position><AltitudeMeters>80.0</AltitudeMeters><Extensions><TPX xmlns="http://www.garmin.com/xmlschemas/ActivityExtension/v2"><Speed>0.38</Speed></TPX></Extensions></Trackpoint><Trackpoint><Time>2026-03-03T15:59:44+00:00</Time><DistanceMeters>95.1</DistanceMeters><Position><LatitudeDegrees>50.857559</LatitudeDegrees><LongitudeDegrees>4.418225</LongitudeDegrees></Position><AltitudeMeters>80.0</AltitudeMeters><Extensions><TPX xmlns="http://www.garmin.com/xmlschemas/ActivityExtension/v2"><Speed>0.18</Speed></TPX></Extensions></Trackpoint><Trackpoint><Time>2026-03-03T15:59:45+00:00</Time><DistanceMeters>95.1</DistanceMeters><Position><LatitudeDegrees>50.857557</LatitudeDegrees><LongitudeDegrees>4.41823</LongitudeDegrees></Position><AltitudeMeters>80.0</AltitudeMeters><Extensions><TPX xmlns="http://www.garmin.com/xmlschemas/ActivityExtension/v2"><Speed>0.18</Speed></TPX></Extensions></Trackpoint><Trackpoint><Time>2026-03-03T15:59:46+00:00</Time><DistanceMeters>95.1</DistanceMeters><Position><LatitudeDegrees>50.85755</LatitudeDegrees><LongitudeDegrees>4.418236</LongitudeDegrees></Position><AltitudeMeters>80.0</AltitudeMeters><Extensions><TPX xmlns="http://www.garmin.com/xmlschemas/ActivityExtension/v2"><Speed>0.18</Speed></TPX></Extensions></Trackpoint><Trackpoint><Time>2026-03-03T15:59:47+00:00</Time><DistanceMeters>95.1</DistanceMeters><Position><LatitudeDegrees>50.857544</LatitudeDegrees><LongitudeDegrees>4.41824</LongitudeDegrees></Position><AltitudeMeters>80.0</AltitudeMeters><Extensions><TPX xmlns="http://www.garmin.com/xmlschemas/ActivityExtension/v2"><Speed>0.14</Speed></TPX></Extensions></Trackpoint><Trackpoint><Time>2026-03-03T15:59:48+00:00</Time><DistanceMeters>95.9</DistanceMeters><Position><LatitudeDegrees>50.857536</LatitudeDegrees><LongitudeDegrees>4.418245</LongitudeDegrees></Position><AltitudeMeters>80.0</AltitudeMeters><Extensions><TPX xmlns="http://www.garmin.com/xmlschemas/ActivityExtension/v2"><Speed>0.28</Speed></TPX></Extensions></Trackpoint><Trackpoint><Time>2026-03-03T15:59:49+00:00</Time><DistanceMeters>96.3</DistanceMeters><Position><LatitudeDegrees>50.857534</LatitudeDegrees><LongitudeDegrees>4.418248</LongitudeDegrees></Position><AltitudeMeters>80.0</AltitudeMeters><Extensions><TPX xmlns="http://www.garmin.com/xmlschemas/ActivityExtension/v2"><Speed>0.24</Speed></TPX></Extensions></Trackpoint><Trackpoint><Time>2026-03-03T15:59:50+00:00</Time><DistanceMeters>96.9</DistanceMeters><Position><LatitudeDegrees>50.857528</LatitudeDegrees><LongitudeDegrees>4.418248</LongitudeDegrees></Position><AltitudeMeters>80.0</AltitudeMeters><Extensions><TPX xmlns="http://www.garmin.com/xmlschemas/ActivityExtension/v2"><Speed>0.36</Speed></TPX></Extensions></Trackpoint><Trackpoint><Time>2026-03-03T15:59:51+00:00</Time><DistanceMeters>96.9</DistanceMeters><Position><LatitudeDegrees>50.857528</LatitudeDegrees><LongitudeDegrees>4.418251</LongitudeDegrees></Position><AltitudeMeters>80.0</AltitudeMeters><Extensions><TPX xmlns="http://www.garmin.com/xmlschemas/ActivityExtension/v2"><Speed>0.36</Speed></TPX></Extensions></Trackpoint><Trackpoint><Time>2026-03-03T15:59:52+00:00</Time><DistanceMeters>96.9</DistanceMeters><Position><LatitudeDegrees>50.857527</LatitudeDegrees><LongitudeDegrees>4.418252</LongitudeDegrees></Position><AltitudeMeters>80.0</AltitudeMeters><Extensions><TPX xmlns="http://www.garmin.com/xmlschemas/ActivityExtension/v2"><Speed>0.36</Speed></TPX></Extensions></Trackpoint><Trackpoint><Time>2026-03-03T15:59:53+00:00</Time><DistanceMeters>97.1</DistanceMeters><Position><LatitudeDegrees>50.857528</LatitudeDegrees><LongitudeDegrees>4.418255</LongitudeDegrees></Position><AltitudeMeters>80.0</AltitudeMeters><Extensions><TPX xmlns="http://www.garmin.com/xmlschemas/ActivityExtension/v2"><Speed>0.24</Speed></TPX></Extensions></Trackpoint><Trackpoint><Time>2026-03-03T15:59:54+00:00</Time><DistanceMeters>97.3</DistanceMeters><Position><LatitudeDegrees>50.85753</LatitudeDegrees><LongitudeDegrees>4.418256</LongitudeDegrees></Position><AltitudeMeters>80.0</AltitudeMeters><Extensions><TPX xmlns="http://www.garmin.com/xmlschemas/ActivityExtension/v2"><Speed>0.2</Speed></TPX></Extensions></Trackpoint><Trackpoint><Time>2026-03-03T15:59:55+00:00</Time><DistanceMeters>97.6</DistanceMeters><Position><LatitudeDegrees>50.857532</LatitudeDegrees><LongitudeDegrees>4.418252</LongitudeDegrees></Position><AltitudeMeters>80.0</AltitudeMeters><Extensions><TPX xmlns="http://www.garmin.com/xmlschemas/ActivityExtension/v2"><Speed>0.14</Speed></TPX></Extensions></Trackpoint><Trackpoint><Time>2026-03-03T15:59:56+00:00</Time><DistanceMeters>97.9</DistanceMeters><Position><LatitudeDegrees>50.857534</LatitudeDegrees><LongitudeDegrees>4.418247</LongitudeDegrees></Position><AltitudeMeters>80.0</AltitudeMeters><Extensions><TPX xmlns="http://www.garmin.com/xmlschemas/ActivityExtension/v2"><Speed>0.2</Speed></TPX></Extensions></Trackpoint><Trackpoint><Time>2026-03-03T15:59:57+00:00</Time><DistanceMeters>97.9</DistanceMeters><Position><LatitudeDegrees>50.857531</LatitudeDegrees><LongitudeDegrees>4.418242</LongitudeDegrees></Position><AltitudeMeters>80.0</AltitudeMeters><Extensions><TPX xmlns="http://www.garmin.com/xmlschemas/ActivityExtension/v2"><Speed>0.2</Speed></TPX></Extensions></Trackpoint><Trackpoint><Time>2026-03-03T15:59:58+00:00</Time><DistanceMeters>97.9</DistanceMeters><Position><LatitudeDegrees>50.857532</LatitudeDegrees><LongitudeDegrees>4.418237</LongitudeDegrees></Position><AltitudeMeters>80.0</AltitudeMeters><Extensions><TPX xmlns="http://www.garmin.com/xmlschemas/ActivityExtension/v2"><Speed>0.16</Speed></TPX></Extensions></Trackpoint><Trackpoint><Time>2026-03-03T15:59:59+00:00</Time><DistanceMeters>97.9</DistanceMeters><Position><LatitudeDegrees>50.857532</LatitudeDegrees><LongitudeDegrees>4.418231</LongitudeDegrees></Position><AltitudeMeters>80.0</AltitudeMeters><Extensions><TPX xmlns="http://www.garmin.com/xmlschemas/ActivityExtension/v2"><Speed>0.12</Speed></TPX></Extensions></Trackpoint><Trackpoint><Time>2026-03-03T16:00:00+00:00</Time><DistanceMeters>97.9</DistanceMeters><Position><LatitudeDegrees>50.857533</LatitudeDegrees><LongitudeDegrees>4.418225</LongitudeDegrees></Position><AltitudeMeters>80.0</AltitudeMeters><Extensions><TPX xmlns="http://www.garmin.com/xmlschemas/ActivityExtension/v2"><Speed>0.06</Speed></TPX></Extensions></Trackpoint><Trackpoint><Time>2026-03-03T16:00:01+00:00</Time><DistanceMeters>98.1</DistanceMeters><Position><LatitudeDegrees>50.857535</LatitudeDegrees><LongitudeDegrees>4.418216</LongitudeDegrees></Position><AltitudeMeters>80.0</AltitudeMeters><Extensions><TPX xmlns="http://www.garmin.com/xmlschemas/ActivityExtension/v2"><Speed>0.04</Speed></TPX></Extensions></Trackpoint><Trackpoint><Time>2026-03-03T16:00:02+00:00</Time><DistanceMeters>98.3</DistanceMeters><Position><LatitudeDegrees>50.85754</LatitudeDegrees><LongitudeDegrees>4.418214</LongitudeDegrees></Position><AltitudeMeters>80.0</AltitudeMeters><Extensions><TPX xmlns="http://www.garmin.com/xmlschemas/ActivityExtension/v2"><Speed>0.08</Speed></TPX></Extensions></Trackpoint><Trackpoint><Time>2026-03-03T16:00:03+00:00</Time><DistanceMeters>98.7</DistanceMeters><Position><LatitudeDegrees>50.857537</LatitudeDegrees><LongitudeDegrees>4.418212</LongitudeDegrees></Position><AltitudeMeters>80.0</AltitudeMeters><Extensions><TPX xmlns="http://www.garmin.com/xmlschemas/ActivityExtension/v2"><Speed>0.16</Speed></TPX></Extensions></Trackpoint><Trackpoint><Time>2026-03-03T16:00:04+00:00</Time><DistanceMeters>99.0</DistanceMeters><Position><LatitudeDegrees>50.857537</LatitudeDegrees><LongitudeDegrees>4.418217</LongitudeDegrees></Position><AltitudeMeters>80.0</AltitudeMeters><Extensions><TPX xmlns="http://www.garmin.com/xmlschemas/ActivityExtension/v2"><Speed>0.22</Speed></TPX></Extensions></Trackpoint><Trackpoint><Time>2026-03-03T16:00:05+00:00</Time><DistanceMeters>99.0</DistanceMeters><Position><LatitudeDegrees>50.857538</LatitudeDegrees><LongitudeDegrees>4.418214</LongitudeDegrees></Position><AltitudeMeters>80.0</AltitudeMeters><Extensions><TPX xmlns="http://www.garmin.com/xmlschemas/ActivityExtension/v2"><Speed>0.22</Speed></TPX></Extensions></Trackpoint><Trackpoint><Time>2026-03-03T16:00:06+00:00</Time><DistanceMeters>99.1</DistanceMeters><Position><LatitudeDegrees>50.857536</LatitudeDegrees><LongitudeDegrees>4.418212</LongitudeDegrees></Position><AltitudeMeters>80.0</AltitudeMeters><Extensions><TPX xmlns="http://www.garmin.com/xmlschemas/ActivityExtension/v2"><Speed>0.2</Speed></TPX></Extensions></Trackpoint><Trackpoint><Time>2026-03-03T16:00:07+00:00</Time><DistanceMeters>100.3</DistanceMeters><Position><LatitudeDegrees>50.857525</LatitudeDegrees><LongitudeDegrees>4.418215</LongitudeDegrees></Position><AltitudeMeters>80.0</AltitudeMeters><Extensions><TPX xmlns="http://www.garmin.com/xmlschemas/ActivityExtension/v2"><Speed>0.4</Speed></TPX></Extensions></Trackpoint><Trackpoint><Time>2026-03-03T16:00:08+00:00</Time><DistanceMeters>104.1</DistanceMeters><Position><LatitudeDegrees>50.857491</LatitudeDegrees><LongitudeDegrees>4.418218</LongitudeDegrees></Position><AltitudeMeters>79.9</AltitudeMeters><Cadence>60</Cadence><Extensions><TPX xmlns="http://www.garmin.com/xmlschemas/ActivityExtension/v2"><Speed>1.08</Speed></TPX></Extensions></Trackpoint><Trackpoint><Time>2026-03-03T16:00:09+00:00</Time><DistanceMeters>106.0</DistanceMeters><Position><LatitudeDegrees>50.857474</LatitudeDegrees><LongitudeDegrees>4.418218</LongitudeDegrees></Position><AltitudeMeters>79.9</AltitudeMeters><Cadence>60</Cadence><Extensions><TPX xmlns="http://www.garmin.com/xmlschemas/ActivityExtension/v2"><Speed>1.4</Speed></TPX></Extensions></Trackpoint><Trackpoint><Time>2026-03-03T16:00:10+00:00</Time><DistanceMeters>107.7</DistanceMeters><Position><LatitudeDegrees>50.857459</LatitudeDegrees><LongitudeDegrees>4.41822</LongitudeDegrees></Position><AltitudeMeters>79.9</AltitudeMeters><Cadence>60</Cadence><Extensions><TPX xmlns="http://www.garmin.com/xmlschemas/ActivityExtension/v2"><Speed>1.74</Speed></TPX></Extensions></Trackpoint><Trackpoint><Time>2026-03-03T16:00:11+00:00</Time><DistanceMeters>109.1</DistanceMeters><Position><LatitudeDegrees>50.857446</LatitudeDegrees><LongitudeDegrees>4.418222</LongitudeDegrees></Position><AltitudeMeters>79.9</AltitudeMeters><Cadence>60</Cadence><Extensions><TPX xmlns="http://www.garmin.com/xmlschemas/ActivityExtension/v2"><Speed>2.0</Speed></TPX></Extensions></Trackpoint><Trackpoint><Time>2026-03-03T16:00:12+00:00</Time><DistanceMeters>110.4</DistanceMeters><Position><LatitudeDegrees>50.857435</LatitudeDegrees><LongitudeDegrees>4.418218</LongitudeDegrees></Position><AltitudeMeters>79.9</AltitudeMeters><Cadence>60</Cadence><Extensions><TPX xmlns="http://www.garmin.com/xmlschemas/ActivityExtension/v2"><Speed>2.02</Speed></TPX></Extensions></Trackpoint><Trackpoint><Time>2026-03-03T16:00:13+00:00</Time><DistanceMeters>111.6</DistanceMeters><Position><LatitudeDegrees>50.857424</LatitudeDegrees><LongitudeDegrees>4.418216</LongitudeDegrees></Position><AltitudeMeters>79.9</AltitudeMeters><Cadence>60</Cadence><Extensions><TPX xmlns="http://www.garmin.com/xmlschemas/ActivityExtension/v2"><Speed>1.5</Speed></TPX></Extensions></Trackpoint><Trackpoint><Time>2026-03-03T16:00:14+00:00</Time><DistanceMeters>112.8</DistanceMeters><Position><LatitudeDegrees>50.857413</LatitudeDegrees><LongitudeDegrees>4.418221</LongitudeDegrees></Position><AltitudeMeters>79.8</AltitudeMeters><Cadence>60</Cadence><Extensions><TPX xmlns="http://www.garmin.com/xmlschemas/ActivityExtension/v2"><Speed>1.36</Speed></TPX></Extensions></Trackpoint><Trackpoint><Time>2026-03-03T16:00:15+00:00</Time><DistanceMeters>114.2</DistanceMeters><Position><LatitudeDegrees>50.857401</LatitudeDegrees><LongitudeDegrees>4.418231</LongitudeDegrees></Position><AltitudeMeters>79.8</AltitudeMeters><Cadence>60</Cadence><Extensions><TPX xmlns="http://www.garmin.com/xmlschemas/ActivityExtension/v2"><Speed>1.3</Speed></TPX></Extensions></Trackpoint><Trackpoint><Time>2026-03-03T16:00:16+00:00</Time><DistanceMeters>115.5</DistanceMeters><Position><LatitudeDegrees>50.85739</LatitudeDegrees><LongitudeDegrees>4.418232</LongitudeDegrees></Position><AltitudeMeters>79.8</AltitudeMeters><Cadence>55</Cadence><Extensions><TPX xmlns="http://www.garmin.com/xmlschemas/ActivityExtension/v2"><Speed>1.28</Speed></TPX></Extensions></Trackpoint><Trackpoint><Time>2026-03-03T16:00:17+00:00</Time><DistanceMeters>116.7</DistanceMeters><Position><LatitudeDegrees>50.857379</LatitudeDegrees><LongitudeDegrees>4.418232</LongitudeDegrees></Position><AltitudeMeters>79.8</AltitudeMeters><Cadence>55</Cadence><Extensions><TPX xmlns="http://www.garmin.com/xmlschemas/ActivityExtension/v2"><Speed>1.26</Speed></TPX></Extensions></Trackpoint><Trackpoint><Time>2026-03-03T16:00:18+00:00</Time><DistanceMeters>118.1</DistanceMeters><Position><LatitudeDegrees>50.857367</LatitudeDegrees><LongitudeDegrees>4.418235</LongitudeDegrees></Position><AltitudeMeters>79.8</AltitudeMeters><Cadence>56</Cadence><Extensions><TPX xmlns="http://www.garmin.com/xmlschemas/ActivityExtension/v2"><Speed>1.3</Speed></TPX></Extensions></Trackpoint><Trackpoint><Time>2026-03-03T16:00:19+00:00</Time><DistanceMeters>119.5</DistanceMeters><Position><LatitudeDegrees>50.857354</LatitudeDegrees><LongitudeDegrees>4.41824</LongitudeDegrees></Position><AltitudeMeters>79.8</AltitudeMeters><Cadence>56</Cadence><Extensions><TPX xmlns="http://www.garmin.com/xmlschemas/ActivityExtension/v2"><Speed>1.34</Speed></TPX></Extensions></Trackpoint><Trackpoint><Time>2026-03-03T16:00:20+00:00</Time><DistanceMeters>120.9</DistanceMeters><Position><LatitudeDegrees>50.857341</LatitudeDegrees><LongitudeDegrees>4.418238</LongitudeDegrees></Position><AltitudeMeters>79.7</AltitudeMeters><Cadence>56</Cadence><Extensions><TPX xmlns="http://www.garmin.com/xmlschemas/ActivityExtension/v2"><Speed>1.34</Speed></TPX></Extensions></Trackpoint><Trackpoint><Time>2026-03-03T16:00:21+00:00</Time><DistanceMeters>122.5</DistanceMeters><Position><LatitudeDegrees>50.857328</LatitudeDegrees><LongitudeDegrees>4.418243</LongitudeDegrees></Position><AltitudeMeters>79.7</AltitudeMeters><Cadence>55</Cadence><Extensions><TPX xmlns="http://www.garmin.com/xmlschemas/ActivityExtension/v2"><Speed>1.4</Speed></TPX></Extensions></Trackpoint><Trackpoint><Time>2026-03-03T16:00:22+00:00</Time><DistanceMeters>123.8</DistanceMeters><Position><LatitudeDegrees>50.857316</LatitudeDegrees><LongitudeDegrees>4.418248</LongitudeDegrees></Position><AltitudeMeters>79.7</AltitudeMeters><Cadence>55</Cadence><Extensions><TPX xmlns="http://www.garmin.com/xmlschemas/ActivityExtension/v2"><Speed>1.42</Speed></TPX></Extensions></Trackpoint><Trackpoint><Time>2026-03-03T16:00:23+00:00</Time><DistanceMeters>124.9</DistanceMeters><Position><LatitudeDegrees>50.857306</LatitudeDegrees><LongitudeDegrees>4.418251</LongitudeDegrees></Position><AltitudeMeters>79.7</AltitudeMeters><Cadence>54</Cadence><Extensions><TPX xmlns="http://www.garmin.com/xmlschemas/ActivityExtension/v2"><Speed>1.36</Speed></TPX></Extensions></Trackpoint><Trackpoint><Time>2026-03-03T16:00:24+00:00</Time><DistanceMeters>126.6</DistanceMeters><Position><LatitudeDegrees>50.857291</LatitudeDegrees><LongitudeDegrees>4.418256</LongitudeDegrees></Position><AltitudeMeters>79.6</AltitudeMeters><Cadence>54</Cadence><Extensions><TPX xmlns="http://www.garmin.com/xmlschemas/ActivityExtension/v2"><Speed>1.42</Speed></TPX></Extensions></Trackpoint><Trackpoint><Time>2026-03-03T16:00:25+00:00</Time><DistanceMeters>128.3</DistanceMeters><Position><LatitudeDegrees>50.857276</LatitudeDegrees><LongitudeDegrees>4.418257</LongitudeDegrees></Position><AltitudeMeters>79.6</AltitudeMeters><Cadence>55</Cadence><Extensions><TPX xmlns="http://www.garmin.com/xmlschemas/ActivityExtension/v2"><Speed>1.48</Speed></TPX></Extensions></Trackpoint><Trackpoint><Time>2026-03-03T16:00:26+00:00</Time><DistanceMeters>129.7</DistanceMeters><Position><LatitudeDegrees>50.857263</LatitudeDegrees><LongitudeDegrees>4.418258</LongitudeDegrees></Position><AltitudeMeters>79.6</AltitudeMeters><Cadence>55</Cadence><Extensions><TPX xmlns="http://www.garmin.com/xmlschemas/ActivityExtension/v2"><Speed>1.44</Speed></TPX></Extensions></Trackpoint><Trackpoint><Time>2026-03-03T16:00:27+00:00</Time><DistanceMeters>131.4</DistanceMeters><Position><LatitudeDegrees>50.857248</LatitudeDegrees><LongitudeDegrees>4.418261</LongitudeDegrees></Position><AltitudeMeters>79.6</AltitudeMeters><Cadence>54</Cadence><Extensions><TPX xmlns="http://www.garmin.com/xmlschemas/ActivityExtension/v2"><Speed>1.52</Speed></TPX></Extensions></Trackpoint><Trackpoint><Time>2026-03-03T16:00:28+00:00</Time><DistanceMeters>132.7</DistanceMeters><Position><LatitudeDegrees>50.857237</LatitudeDegrees><LongitudeDegrees>4.418262</LongitudeDegrees></Position><AltitudeMeters>79.6</AltitudeMeters><Cadence>54</Cadence><Extensions><TPX xmlns="http://www.garmin.com/xmlschemas/ActivityExtension/v2"><Speed>1.56</Speed></TPX></Extensions></Trackpoint><Trackpoint><Time>2026-03-03T16:00:29+00:00</Time><DistanceMeters>134.1</DistanceMeters><Position><LatitudeDegrees>50.857225</LatitudeDegrees><LongitudeDegrees>4.418255</LongitudeDegrees></Position><AltitudeMeters>79.5</AltitudeMeters><Cadence>54</Cadence><Extensions><TPX xmlns="http://www.garmin.com/xmlschemas/ActivityExtension/v2"><Speed>1.5</Speed></TPX></Extensions></Trackpoint><Trackpoint><Time>2026-03-03T16:00:30+00:00</Time><DistanceMeters>135.5</DistanceMeters><Position><LatitudeDegrees>50.857213</LatitudeDegrees><LongitudeDegrees>4.418247</LongitudeDegrees></Position><AltitudeMeters>79.5</AltitudeMeters><Cadence>55</Cadence><Extensions><TPX xmlns="http://www.garmin.com/xmlschemas/ActivityExtension/v2"><Speed>1.44</Speed></TPX></Extensions></Trackpoint><Trackpoint><Time>2026-03-03T16:00:31+00:00</Time><DistanceMeters>136.9</DistanceMeters><Position><LatitudeDegrees>50.857202</LatitudeDegrees><LongitudeDegrees>4.418235</LongitudeDegrees></Position><AltitudeMeters>79.5</AltitudeMeters><Cadence>55</Cadence><Extensions><TPX xmlns="http://www.garmin.com/xmlschemas/ActivityExtension/v2"><Speed>1.44</Speed></TPX></Extensions></Trackpoint><Trackpoint><Time>2026-03-03T16:00:32+00:00</Time><DistanceMeters>138.4</DistanceMeters><Position><LatitudeDegrees>50.857192</LatitudeDegrees><LongitudeDegrees>4.41822</LongitudeDegrees></Position><AltitudeMeters>79.5</AltitudeMeters><Cadence>56</Cadence><Extensions><TPX xmlns="http://www.garmin.com/xmlschemas/ActivityExtension/v2"><Speed>1.4</Speed></TPX></Extensions></Trackpoint><Trackpoint><Time>2026-03-03T16:00:33+00:00</Time><DistanceMeters>139.6</DistanceMeters><Position><LatitudeDegrees>50.85719</LatitudeDegrees><LongitudeDegrees>4.418201</LongitudeDegrees></Position><AltitudeMeters>79.5</AltitudeMeters><Cadence>56</Cadence><Extensions><TPX xmlns="http://www.garmin.com/xmlschemas/ActivityExtension/v2"><Speed>1.38</Speed></TPX></Extensions></Trackpoint><Trackpoint><Time>2026-03-03T16:00:34+00:00</Time><DistanceMeters>140.8</DistanceMeters><Position><LatitudeDegrees>50.857186</LatitudeDegrees><LongitudeDegrees>4.418185</LongitudeDegrees></Position><AltitudeMeters>79.5</AltitudeMeters><Cadence>55</Cadence><Extensions><TPX xmlns="http://www.garmin.com/xmlschemas/ActivityExtension/v2"><Speed>1.34</Speed></TPX></Extensions></Trackpoint><Trackpoint><Time>2026-03-03T16:00:35+00:00</Time><DistanceMeters>142.5</DistanceMeters><Position><LatitudeDegrees>50.857182</LatitudeDegrees><LongitudeDegrees>4.418161</LongitudeDegrees></Position><AltitudeMeters>79.5</AltitudeMeters><Cadence>55</Cadence><Extensions><TPX xmlns="http://www.garmin.com/xmlschemas/ActivityExtension/v2"><Speed>1.4</Speed></TPX></Extensions></Trackpoint><Trackpoint><Time>2026-03-03T16:00:36+00:00</Time><DistanceMeters>144.1</DistanceMeters><Position><LatitudeDegrees>50.857179</LatitudeDegrees><LongitudeDegrees>4.418138</LongitudeDegrees></Position><AltitudeMeters>79.5</AltitudeMeters><Cadence>56</Cadence><Extensions><TPX xmlns="http://www.garmin.com/xmlschemas/ActivityExtension/v2"><Speed>1.44</Speed></TPX></Extensions></Trackpoint><Trackpoint><Time>2026-03-03T16:00:37+00:00</Time><DistanceMeters>146.1</DistanceMeters><Position><LatitudeDegrees>50.857169</LatitudeDegrees><LongitudeDegrees>4.418114</LongitudeDegrees></Position><AltitudeMeters>79.5</AltitudeMeters><Cadence>56</Cadence><Extensions><TPX xmlns="http://www.garmin.com/xmlschemas/ActivityExtension/v2"><Speed>1.54</Speed></TPX></Extensions></Trackpoint><Trackpoint><Time>2026-03-03T16:00:38+00:00</Time><DistanceMeters>147.8</DistanceMeters><Position><LatitudeDegrees>50.857163</LatitudeDegrees><LongitudeDegrees>4.418093</LongitudeDegrees></Position><AltitudeMeters>79.4</AltitudeMeters><Cadence>56</Cadence><Extensions><TPX xmlns="http://www.garmin.com/xmlschemas/ActivityExtension/v2"><Speed>1.64</Speed></TPX></Extensions></Trackpoint><Trackpoint><Time>2026-03-03T16:00:39+00:00</Time><DistanceMeters>149.0</DistanceMeters><Position><LatitudeDegrees>50.857157</LatitudeDegrees><LongitudeDegrees>4.418077</LongitudeDegrees></Position><AltitudeMeters>79.4</AltitudeMeters><Cadence>55</Cadence><Extensions><TPX xmlns="http://www.garmin.com/xmlschemas/ActivityExtension/v2"><Speed>1.64</Speed></TPX></Extensions></Trackpoint><Trackpoint><Time>2026-03-03T16:00:40+00:00</Time><DistanceMeters>150.4</DistanceMeters><Position><LatitudeDegrees>50.85715</LatitudeDegrees><LongitudeDegrees>4.41806</LongitudeDegrees></Position><AltitudeMeters>79.4</AltitudeMeters><Cadence>55</Cadence><Extensions><TPX xmlns="http://www.garmin.com/xmlschemas/ActivityExtension/v2"><Speed>1.58</Speed></TPX></Extensions></Trackpoint><Trackpoint><Time>2026-03-03T16:00:41+00:00</Time><DistanceMeters>151.6</DistanceMeters><Position><LatitudeDegrees>50.857144</LatitudeDegrees><LongitudeDegrees>4.418046</LongitudeDegrees></Position><AltitudeMeters>79.4</AltitudeMeters><Cadence>55</Cadence><Extensions><TPX xmlns="http://www.garmin.com/xmlschemas/ActivityExtension/v2"><Speed>1.5</Speed></TPX></Extensions></Trackpoint><Trackpoint><Time>2026-03-03T16:00:42+00:00</Time><DistanceMeters>152.8</DistanceMeters><Position><LatitudeDegrees>50.857137</LatitudeDegrees><LongitudeDegrees>4.418033</LongitudeDegrees></Position><AltitudeMeters>79.4</AltitudeMeters><Cadence>55</Cadence><Extensions><TPX xmlns="http://www.garmin.com/xmlschemas/ActivityExtension/v2"><Speed>1.34</Speed></TPX></Extensions></Trackpoint><Trackpoint><Time>2026-03-03T16:00:43+00:00</Time><DistanceMeters>154.0</DistanceMeters><Position><LatitudeDegrees>50.857132</LatitudeDegrees><LongitudeDegrees>4.418019</LongitudeDegrees></Position><AltitudeMeters>79.4</AltitudeMeters><Cadence>55</Cadence><Extensions><TPX xmlns="http://www.garmin.com/xmlschemas/ActivityExtension/v2"><Speed>1.24</Speed></TPX></Extensions></Trackpoint><Trackpoint><Time>2026-03-03T16:00:44+00:00</Time><DistanceMeters>155.4</DistanceMeters><Position><LatitudeDegrees>50.857126</LatitudeDegrees><LongitudeDegrees>4.418</LongitudeDegrees></Position><AltitudeMeters>79.3</AltitudeMeters><Cadence>55</Cadence><Extensions><TPX xmlns="http://www.garmin.com/xmlschemas/ActivityExtension/v2"><Speed>1.28</Speed></TPX></Extensions></Trackpoint><Trackpoint><Time>2026-03-03T16:00:45+00:00</Time><DistanceMeters>156.6</DistanceMeters><Position><LatitudeDegrees>50.857122</LatitudeDegrees><LongitudeDegrees>4.417985</LongitudeDegrees></Position><AltitudeMeters>79.3</AltitudeMeters><Cadence>55</Cadence><Extensions><TPX xmlns="http://www.garmin.com/xmlschemas/ActivityExtension/v2"><Speed>1.24</Speed></TPX></Extensions></Trackpoint><Trackpoint><Time>2026-03-03T16:00:46+00:00</Time><DistanceMeters>157.8</DistanceMeters><Position><LatitudeDegrees>50.857113</LatitudeDegrees><LongitudeDegrees>4.417973</LongitudeDegrees></Position><AltitudeMeters>79.3</AltitudeMeters><Cadence>55</Cadence><Extensions><TPX xmlns="http://www.garmin.com/xmlschemas/ActivityExtension/v2"><Speed>1.24</Speed></TPX></Extensions></Trackpoint><Trackpoint><Time>2026-03-03T16:00:47+00:00</Time><DistanceMeters>159.4</DistanceMeters><Position><LatitudeDegrees>50.857107</LatitudeDegrees><LongitudeDegrees>4.417954</LongitudeDegrees></Position><AltitudeMeters>79.3</AltitudeMeters><Cadence>55</Cadence><Extensions><TPX xmlns="http://www.garmin.com/xmlschemas/ActivityExtension/v2"><Speed>1.32</Speed></TPX></Extensions></Trackpoint><Trackpoint><Time>2026-03-03T16:00:48+00:00</Time><DistanceMeters>160.6</DistanceMeters><Position><LatitudeDegrees>50.857102</LatitudeDegrees><LongitudeDegrees>4.417938</LongitudeDegrees></Position><AltitudeMeters>79.3</AltitudeMeters><Cadence>55</Cadence><Extensions><TPX xmlns="http://www.garmin.com/xmlschemas/ActivityExtension/v2"><Speed>1.32</Speed></TPX></Extensions></Trackpoint><Trackpoint><Time>2026-03-03T16:00:49+00:00</Time><DistanceMeters>161.8</DistanceMeters><Position><LatitudeDegrees>50.857097</LatitudeDegrees><LongitudeDegrees>4.417923</LongitudeDegrees></Position><AltitudeMeters>79.3</AltitudeMeters><Cadence>56</Cadence><Extensions><TPX xmlns="http://www.garmin.com/xmlschemas/ActivityExtension/v2"><Speed>1.28</Speed></TPX></Extensions></Trackpoint><Trackpoint><Time>2026-03-03T16:00:50+00:00</Time><DistanceMeters>163.1</DistanceMeters><Position><LatitudeDegrees>50.85709</LatitudeDegrees><LongitudeDegrees>4.417908</LongitudeDegrees></Position><AltitudeMeters>79.3</AltitudeMeters><Cadence>56</Cadence><Extensions><TPX xmlns="http://www.garmin.com/xmlschemas/ActivityExtension/v2"><Speed>1.3</Speed></TPX></Extensions></Trackpoint><Trackpoint><Time>2026-03-03T16:00:51+00:00</Time><DistanceMeters>164.4</DistanceMeters><Position><LatitudeDegrees>50.857083</LatitudeDegrees><LongitudeDegrees>4.417892</LongitudeDegrees></Position><AltitudeMeters>79.2</AltitudeMeters><Cadence>56</Cadence><Extensions><TPX xmlns="http://www.garmin.com/xmlschemas/ActivityExtension/v2"><Speed>1.32</Speed></TPX></Extensions></Trackpoint><Trackpoint><Time>2026-03-03T16:00:52+00:00</Time><DistanceMeters>165.5</DistanceMeters><Position><LatitudeDegrees>50.85708</LatitudeDegrees><LongitudeDegrees>4.417878</LongitudeDegrees></Position><AltitudeMeters>79.2</AltitudeMeters><Cadence>56</Cadence><Extensions><TPX xmlns="http://www.garmin.com/xmlschemas/ActivityExtension/v2"><Speed>1.22</Speed></TPX></Extensions></Trackpoint><Trackpoint><Time>2026-03-03T16:00:53+00:00</Time><DistanceMeters>166.7</DistanceMeters><Position><LatitudeDegrees>50.857074</LatitudeDegrees><LongitudeDegrees>4.417864</LongitudeDegrees></Position><AltitudeMeters>79.2</AltitudeMeters><Cadence>55</Cadence><Extensions><TPX xmlns="http://www.garmin.com/xmlschemas/ActivityExtension/v2"><Speed>1.22</Speed></TPX></Extensions></Trackpoint><Trackpoint><Time>2026-03-03T16:00:54+00:00</Time><DistanceMeters>168.1</DistanceMeters><Position><LatitudeDegrees>50.857063</LatitudeDegrees><LongitudeDegrees>4.417852</LongitudeDegrees></Position><AltitudeMeters>79.2</AltitudeMeters><Cadence>55</Cadence><Extensions><TPX xmlns="http://www.garmin.com/xmlschemas/ActivityExtension/v2"><Speed>1.26</Speed></TPX></Extensions></Trackpoint><Trackpoint><Time>2026-03-03T16:00:55+00:00</Time><DistanceMeters>169.7</DistanceMeters><Position><LatitudeDegrees>50.857057</LatitudeDegrees><LongitudeDegrees>4.417832</LongitudeDegrees></Position><AltitudeMeters>79.2</AltitudeMeters><Cadence>55</Cadence><Extensions><TPX xmlns="http://www.garmin.com/xmlschemas/ActivityExtension/v2"><Speed>1.32</Speed></TPX></Extensions></Trackpoint><Trackpoint><Time>2026-03-03T16:00:56+00:00</Time><DistanceMeters>170.9</DistanceMeters><Position><LatitudeDegrees>50.857048</LatitudeDegrees><LongitudeDegrees>4.417819</LongitudeDegrees></Position><AltitudeMeters>79.2</AltitudeMeters><Cadence>55</Cadence><Extensions><TPX xmlns="http://www.garmin.com/xmlschemas/ActivityExtension/v2"><Speed>1.3</Speed></TPX></Extensions></Trackpoint><Trackpoint><Time>2026-03-03T16:00:57+00:00</Time><DistanceMeters>172.2</DistanceMeters><Position><LatitudeDegrees>50.857039</LatitudeDegrees><LongitudeDegrees>4.417808</LongitudeDegrees></Position><AltitudeMeters>79.1</AltitudeMeters><Cadence>54</Cadence><Extensions><TPX xmlns="http://www.garmin.com/xmlschemas/ActivityExtension/v2"><Speed>1.34</Speed></TPX></Extensions></Trackpoint><Trackpoint><Time>2026-03-03T16:00:58+00:00</Time><DistanceMeters>173.4</DistanceMeters><Position><LatitudeDegrees>50.85703</LatitudeDegrees><LongitudeDegrees>4.417798</LongitudeDegrees></Position><AltitudeMeters>79.1</AltitudeMeters><Cadence>54</Cadence><Extensions><TPX xmlns="http://www.garmin.com/xmlschemas/ActivityExtension/v2"><Speed>1.34</Speed></TPX></Extensions></Trackpoint><Trackpoint><Time>2026-03-03T16:00:59+00:00</Time><DistanceMeters>174.8</DistanceMeters><Position><LatitudeDegrees>50.85702</LatitudeDegrees><LongitudeDegrees>4.417786</LongitudeDegrees></Position><AltitudeMeters>79.1</AltitudeMeters><Cadence>56</Cadence><Extensions><TPX xmlns="http://www.garmin.com/xmlschemas/ActivityExtension/v2"><Speed>1.34</Speed></TPX></Extensions></Trackpoint><Trackpoint><Time>2026-03-03T16:01:00+00:00</Time><DistanceMeters>176.2</DistanceMeters><Position><LatitudeDegrees>50.85701</LatitudeDegrees><LongitudeDegrees>4.417774</LongitudeDegrees></Position><AltitudeMeters>79.1</AltitudeMeters><Cadence>56</Cadence><Extensions><TPX xmlns="http://www.garmin.com/xmlschemas/ActivityExtension/v2"><Speed>1.3</Speed></TPX></Extensions></Trackpoint><Trackpoint><Time>2026-03-03T16:01:01+00:00</Time><DistanceMeters>177.4</DistanceMeters><Position><LatitudeDegrees>50.857</LatitudeDegrees><LongitudeDegrees>4.417768</LongitudeDegrees></Position><AltitudeMeters>79.1</AltitudeMeters><Cadence>55</Cadence><Extensions><TPX xmlns="http://www.garmin.com/xmlschemas/ActivityExtension/v2"><Speed>1.3</Speed></TPX></Extensions></Trackpoint><Trackpoint><Time>2026-03-03T16:01:02+00:00</Time><DistanceMeters>178.7</DistanceMeters><Position><LatitudeDegrees>50.856989</LatitudeDegrees><LongitudeDegrees>4.41776</LongitudeDegrees></Position><AltitudeMeters>79.1</AltitudeMeters><Cadence>55</Cadence><Extensions><TPX xmlns="http://www.garmin.com/xmlschemas/ActivityExtension/v2"><Speed>1.3</Speed></TPX></Extensions></Trackpoint><Trackpoint><Time>2026-03-03T16:01:03+00:00</Time><DistanceMeters>179.9</DistanceMeters><Position><LatitudeDegrees>50.856979</LatitudeDegrees><LongitudeDegrees>4.417751</LongitudeDegrees></Position><AltitudeMeters>79.1</AltitudeMeters><Cadence>55</Cadence><Extensions><TPX xmlns="http://www.garmin.com/xmlschemas/ActivityExtension/v2"><Speed>1.3</Speed></TPX></Extensions></Trackpoint><Trackpoint><Time>2026-03-03T16:01:04+00:00</Time><DistanceMeters>181.2</DistanceMeters><Position><LatitudeDegrees>50.856969</LatitudeDegrees><LongitudeDegrees>4.417744</LongitudeDegrees></Position><AltitudeMeters>79.1</AltitudeMeters><Cadence>55</Cadence><Extensions><TPX xmlns="http://www.garmin.com/xmlschemas/ActivityExtension/v2"><Speed>1.28</Speed></TPX></Extensions></Trackpoint><Trackpoint><Time>2026-03-03T16:01:05+00:00</Time><DistanceMeters>182.2</DistanceMeters><Position><LatitudeDegrees>50.856959</LatitudeDegrees><LongitudeDegrees>4.417741</LongitudeDegrees></Position><AltitudeMeters>79.1</AltitudeMeters><Cadence>55</Cadence><Extensions><TPX xmlns="http://www.garmin.com/xmlschemas/ActivityExtension/v2"><Speed>1.2</Speed></TPX></Extensions></Trackpoint><Trackpoint><Time>2026-03-03T16:01:06+00:00</Time><DistanceMeters>183.7</DistanceMeters><Position><LatitudeDegrees>50.856945</LatitudeDegrees><LongitudeDegrees>4.417743</LongitudeDegrees></Position><AltitudeMeters>79.0</AltitudeMeters><Cadence>55</Cadence><Extensions><TPX xmlns="http://www.garmin.com/xmlschemas/ActivityExtension/v2"><Speed>1.26</Speed></TPX></Extensions></Trackpoint><Trackpoint><Time>2026-03-03T16:01:07+00:00</Time><DistanceMeters>184.9</DistanceMeters><Position><LatitudeDegrees>50.856933</LatitudeDegrees><LongitudeDegrees>4.417745</LongitudeDegrees></Position><AltitudeMeters>79.0</AltitudeMeters><Cadence>55</Cadence><Extensions><TPX xmlns="http://www.garmin.com/xmlschemas/ActivityExtension/v2"><Speed>1.24</Speed></TPX></Extensions></Trackpoint><Trackpoint><Time>2026-03-03T16:01:08+00:00</Time><DistanceMeters>186.3</DistanceMeters><Position><LatitudeDegrees>50.856921</LatitudeDegrees><LongitudeDegrees>4.417746</LongitudeDegrees></Position><AltitudeMeters>79.0</AltitudeMeters><Cadence>54</Cadence><Extensions><TPX xmlns="http://www.garmin.com/xmlschemas/ActivityExtension/v2"><Speed>1.28</Speed></TPX></Extensions></Trackpoint><Trackpoint><Time>2026-03-03T16:01:09+00:00</Time><DistanceMeters>187.8</DistanceMeters><Position><LatitudeDegrees>50.856907</LatitudeDegrees><LongitudeDegrees>4.417743</LongitudeDegrees></Position><AltitudeMeters>79.0</AltitudeMeters><Cadence>54</Cadence><Extensions><TPX xmlns="http://www.garmin.com/xmlschemas/ActivityExtension/v2"><Speed>1.32</Speed></TPX></Extensions></Trackpoint><Trackpoint><Time>2026-03-03T16:01:10+00:00</Time><DistanceMeters>189.1</DistanceMeters><Position><LatitudeDegrees>50.856895</LatitudeDegrees><LongitudeDegrees>4.417741</LongitudeDegrees></Position><AltitudeMeters>79.0</AltitudeMeters><Cadence>54</Cadence><Extensions><TPX xmlns="http://www.garmin.com/xmlschemas/ActivityExtension/v2"><Speed>1.38</Speed></TPX></Extensions></Trackpoint><Trackpoint><Time>2026-03-03T16:01:11+00:00</Time><DistanceMeters>190.6</DistanceMeters><Position><LatitudeDegrees>50.856882</LatitudeDegrees><LongitudeDegrees>4.417743</LongitudeDegrees></Position><AltitudeMeters>79.0</AltitudeMeters><Cadence>54</Cadence><Extensions><TPX xmlns="http://www.garmin.com/xmlschemas/ActivityExtension/v2"><Speed>1.38</Speed></TPX></Extensions></Trackpoint><Trackpoint><Time>2026-03-03T16:01:12+00:00</Time><DistanceMeters>191.9</DistanceMeters><Position><LatitudeDegrees>50.85687</LatitudeDegrees><LongitudeDegrees>4.41774</LongitudeDegrees></Position><AltitudeMeters>79.0</AltitudeMeters><Cadence>54</Cadence><Extensions><TPX xmlns="http://www.garmin.com/xmlschemas/ActivityExtension/v2"><Speed>1.4</Speed></TPX></Extensions></Trackpoint><Trackpoint><Time>2026-03-03T16:01:13+00:00</Time><DistanceMeters>193.3</DistanceMeters><Position><LatitudeDegrees>50.856857</LatitudeDegrees><LongitudeDegrees>4.417738</LongitudeDegrees></Position><AltitudeMeters>79.0</AltitudeMeters><Cadence>54</Cadence><Extensions><TPX xmlns="http://www.garmin.com/xmlschemas/ActivityExtension/v2"><Speed>1.4</Speed></TPX></Extensions></Trackpoint><Trackpoint><Time>2026-03-03T16:01:14+00:00</Time><DistanceMeters>194.6</DistanceMeters><Position><LatitudeDegrees>50.856845</LatitudeDegrees><LongitudeDegrees>4.417737</LongitudeDegrees></Position><AltitudeMeters>79.0</AltitudeMeters><Cadence>54</Cadence><Extensions><TPX xmlns="http://www.garmin.com/xmlschemas/ActivityExtension/v2"><Speed>1.36</Speed></TPX></Extensions></Trackpoint><Trackpoint><Time>2026-03-03T16:01:15+00:00</Time><DistanceMeters>196.2</DistanceMeters><Position><LatitudeDegrees>50.856831</LatitudeDegrees><LongitudeDegrees>4.417743</LongitudeDegrees></Position><AltitudeMeters>79.0</AltitudeMeters><Cadence>54</Cadence><Extensions><TPX xmlns="http://www.garmin.com/xmlschemas/ActivityExtension/v2"><Speed>1.42</Speed></TPX></Extensions></Trackpoint><Trackpoint><Time>2026-03-03T16:01:16+00:00</Time><DistanceMeters>197.6</DistanceMeters><Position><LatitudeDegrees>50.856819</LatitudeDegrees><LongitudeDegrees>4.417737</LongitudeDegrees></Position><AltitudeMeters>79.0</AltitudeMeters><Cadence>54</Cadence><Extensions><TPX xmlns="http://www.garmin.com/xmlschemas/ActivityExtension/v2"><Speed>1.4</Speed></TPX></Extensions></Trackpoint><Trackpoint><Time>2026-03-03T16:01:17+00:00</Time><DistanceMeters>198.9</DistanceMeters><Position><LatitudeDegrees>50.856806</LatitudeDegrees><LongitudeDegrees>4.417736</LongitudeDegrees></Position><AltitudeMeters>79.0</AltitudeMeters><Cadence>54</Cadence><Extensions><TPX xmlns="http://www.garmin.com/xmlschemas/ActivityExtension/v2"><Speed>1.4</Speed></TPX></Extensions></Trackpoint><Trackpoint><Time>2026-03-03T16:01:18+00:00</Time><DistanceMeters>200.2</DistanceMeters><Position><LatitudeDegrees>50.856795</LatitudeDegrees><LongitudeDegrees>4.417734</LongitudeDegrees></Position><AltitudeMeters>79.0</AltitudeMeters><Cadence>54</Cadence><Extensions><TPX xmlns="http://www.garmin.com/xmlschemas/ActivityExtension/v2"><Speed>1.38</Speed></TPX></Extensions></Trackpoint><Trackpoint><Time>2026-03-03T16:01:19+00:00</Time><DistanceMeters>201.6</DistanceMeters><Position><LatitudeDegrees>50.856783</LatitudeDegrees><LongitudeDegrees>4.417735</LongitudeDegrees></Position><AltitudeMeters>79.0</AltitudeMeters><Cadence>55</Cadence><Extensions><TPX xmlns="http://www.garmin.com/xmlschemas/ActivityExtension/v2"><Speed>1.4</Speed></TPX></Extensions></Trackpoint><Trackpoint><Time>2026-03-03T16:01:20+00:00</Time><DistanceMeters>203.2</DistanceMeters><Position><LatitudeDegrees>50.856767</LatitudeDegrees><LongitudeDegrees>4.417735</LongitudeDegrees></Position><AltitudeMeters>79.0</AltitudeMeters><Cadence>55</Cadence><Extensions><TPX xmlns="http://www.garmin.com/xmlschemas/ActivityExtension/v2"><Speed>1.4</Speed></TPX></Extensions></Trackpoint><Trackpoint><Time>2026-03-03T16:01:21+00:00</Time><DistanceMeters>204.7</DistanceMeters><Position><LatitudeDegrees>50.856755</LatitudeDegrees><LongitudeDegrees>4.417732</LongitudeDegrees></Position><AltitudeMeters>79.0</AltitudeMeters><Cadence>55</Cadence><Extensions><TPX xmlns="http://www.garmin.com/xmlschemas/ActivityExtension/v2"><Speed>1.42</Speed></TPX></Extensions></Trackpoint><Trackpoint><Time>2026-03-03T16:01:22+00:00</Time><DistanceMeters>205.9</DistanceMeters><Position><LatitudeDegrees>50.856743</LatitudeDegrees><LongitudeDegrees>4.41773</LongitudeDegrees></Position><AltitudeMeters>79.0</AltitudeMeters><Cadence>55</Cadence><Extensions><TPX xmlns="http://www.garmin.com/xmlschemas/ActivityExtension/v2"><Speed>1.4</Speed></TPX></Extensions></Trackpoint><Trackpoint><Time>2026-03-03T16:01:23+00:00</Time><DistanceMeters>207.2</DistanceMeters><Position><LatitudeDegrees>50.856732</LatitudeDegrees><LongitudeDegrees>4.417729</LongitudeDegrees></Position><AltitudeMeters>79.0</AltitudeMeters><Cadence>55</Cadence><Extensions><TPX xmlns="http://www.garmin.com/xmlschemas/ActivityExtension/v2"><Speed>1.4</Speed></TPX></Extensions></Trackpoint><Trackpoint><Time>2026-03-03T16:01:24+00:00</Time><DistanceMeters>208.5</DistanceMeters><Position><LatitudeDegrees>50.856721</LatitudeDegrees><LongitudeDegrees>4.417724</LongitudeDegrees></Position><AltitudeMeters>78.9</AltitudeMeters><Cadence>55</Cadence><Extensions><TPX xmlns="http://www.garmin.com/xmlschemas/ActivityExtension/v2"><Speed>1.38</Speed></TPX></Extensions></Trackpoint><Trackpoint><Time>2026-03-03T16:01:25+00:00</Time><DistanceMeters>209.7</DistanceMeters><Position><LatitudeDegrees>50.856709</LatitudeDegrees><LongitudeDegrees>4.417723</LongitudeDegrees></Position><AltitudeMeters>78.9</AltitudeMeters><Cadence>55</Cadence><Extensions><TPX xmlns="http://www.garmin.com/xmlschemas/ActivityExtension/v2"><Speed>1.3</Speed></TPX></Extensions></Trackpoint><Trackpoint><Time>2026-03-03T16:01:26+00:00</Time><DistanceMeters>211.1</DistanceMeters><Position><LatitudeDegrees>50.856697</LatitudeDegrees><LongitudeDegrees>4.417723</LongitudeDegrees></Position><AltitudeMeters>78.9</AltitudeMeters><Cadence>55</Cadence><Extensions><TPX xmlns="http://www.garmin.com/xmlschemas/ActivityExtension/v2"><Speed>1.28</Speed></TPX></Extensions></Trackpoint><Trackpoint><Time>2026-03-03T16:01:27+00:00</Time><DistanceMeters>212.5</DistanceMeters><Position><LatitudeDegrees>50.856684</LatitudeDegrees><LongitudeDegrees>4.417723</LongitudeDegrees></Position><AltitudeMeters>78.9</AltitudeMeters><Cadence>55</Cadence><Extensions><TPX xmlns="http://www.garmin.com/xmlschemas/ActivityExtension/v2"><Speed>1.32</Speed></TPX></Extensions></Trackpoint><Trackpoint><Time>2026-03-03T16:01:28+00:00</Time><DistanceMeters>214.0</DistanceMeters><Position><LatitudeDegrees>50.85667</LatitudeDegrees><LongitudeDegrees>4.417722</LongitudeDegrees></Position><AltitudeMeters>78.9</AltitudeMeters><Cadence>55</Cadence><Extensions><TPX xmlns="http://www.garmin.com/xmlschemas/ActivityExtension/v2"><Speed>1.36</Speed></TPX></Extensions></Trackpoint><Trackpoint><Time>2026-03-03T16:01:29+00:00</Time><DistanceMeters>215.4</DistanceMeters><Position><LatitudeDegrees>50.856659</LatitudeDegrees><LongitudeDegrees>4.417712</LongitudeDegrees></Position><AltitudeMeters>78.9</AltitudeMeters><Cadence>54</Cadence><Extensions><TPX xmlns="http://www.garmin.com/xmlschemas/ActivityExtension/v2"><Speed>1.38</Speed></TPX></Extensions></Trackpoint><Trackpoint><Time>2026-03-03T16:01:30+00:00</Time><DistanceMeters>216.9</DistanceMeters><Position><LatitudeDegrees>50.856647</LatitudeDegrees><LongitudeDegrees>4.417703</LongitudeDegrees></Position><AltitudeMeters>78.9</AltitudeMeters><Cadence>54</Cadence><Extensions><TPX xmlns="http://www.garmin.com/xmlschemas/ActivityExtension/v2"><Speed>1.44</Speed></TPX></Extensions></Trackpoint><Trackpoint><Time>2026-03-03T16:01:31+00:00</Time><DistanceMeters>218.2</DistanceMeters><Position><LatitudeDegrees>50.856636</LatitudeDegrees><LongitudeDegrees>4.417698</LongitudeDegrees></Position><AltitudeMeters>78.9</AltitudeMeters><Cadence>56</Cadence><Extensions><TPX xmlns="http://www.garmin.com/xmlschemas/ActivityExtension/v2"><Speed>1.42</Speed></TPX></Extensions></Trackpoint><Trackpoint><Time>2026-03-03T16:01:32+00:00</Time><DistanceMeters>219.4</DistanceMeters><Position><LatitudeDegrees>50.856628</LatitudeDegrees><LongitudeDegrees>4.417685</LongitudeDegrees></Position><AltitudeMeters>78.9</AltitudeMeters><Cadence>56</Cadence><Extensions><TPX xmlns="http://www.garmin.com/xmlschemas/ActivityExtension/v2"><Speed>1.38</Speed></TPX></Extensions></Trackpoint><Trackpoint><Time>2026-03-03T16:01:33+00:00</Time><DistanceMeters>220.7</DistanceMeters><Position><LatitudeDegrees>50.856618</LatitudeDegrees><LongitudeDegrees>4.417673</LongitudeDegrees></Position><AltitudeMeters>78.9</AltitudeMeters><Cadence>55</Cadence><Extensions><TPX xmlns="http://www.garmin.com/xmlschemas/ActivityExtension/v2"><Speed>1.34</Speed></TPX></Extensions></Trackpoint><Trackpoint><Time>2026-03-03T16:01:34+00:00</Time><DistanceMeters>222.1</DistanceMeters><Position><LatitudeDegrees>50.856607</LatitudeDegrees><LongitudeDegrees>4.417664</LongitudeDegrees></Position><AltitudeMeters>78.9</AltitudeMeters><Cadence>55</Cadence><Extensions><TPX xmlns="http://www.garmin.com/xmlschemas/ActivityExtension/v2"><Speed>1.34</Speed></TPX></Extensions></Trackpoint><Trackpoint><Time>2026-03-03T16:01:35+00:00</Time><DistanceMeters>223.8</DistanceMeters><Position><LatitudeDegrees>50.8566</LatitudeDegrees><LongitudeDegrees>4.41764</LongitudeDegrees></Position><AltitudeMeters>78.9</AltitudeMeters><Cadence>55</Cadence><Extensions><TPX xmlns="http://www.garmin.com/xmlschemas/ActivityExtension/v2"><Speed>1.38</Speed></TPX></Extensions></Trackpoint><Trackpoint><Time>2026-03-03T16:01:36+00:00</Time><DistanceMeters>225.2</DistanceMeters><Position><LatitudeDegrees>50.856593</LatitudeDegrees><LongitudeDegrees>4.417622</LongitudeDegrees></Position><AltitudeMeters>78.9</AltitudeMeters><Cadence>55</Cadence><Extensions><TPX xmlns="http://www.garmin.com/xmlschemas/ActivityExtension/v2"><Speed>1.4</Speed></TPX></Extensions></Trackpoint><Trackpoint><Time>2026-03-03T16:01:37+00:00</Time><DistanceMeters>226.5</DistanceMeters><Position><LatitudeDegrees>50.856586</LatitudeDegrees><LongitudeDegrees>4.417606</LongitudeDegrees></Position><AltitudeMeters>78.9</AltitudeMeters><Cadence>55</Cadence><Extensions><TPX xmlns="http://www.garmin.com/xmlschemas/ActivityExtension/v2"><Speed>1.42</Speed></TPX></Extensions></Trackpoint><Trackpoint><Time>2026-03-03T16:01:38+00:00</Time><DistanceMeters>227.7</DistanceMeters><Position><LatitudeDegrees>50.85658</LatitudeDegrees><LongitudeDegrees>4.417591</LongitudeDegrees></Position><AltitudeMeters>78.9</AltitudeMeters><Cadence>56</Cadence><Extensions><TPX xmlns="http://www.garmin.com/xmlschemas/ActivityExtension/v2"><Speed>1.4</Speed></TPX></Extensions></Trackpoint><Trackpoint><Time>2026-03-03T16:01:39+00:00</Time><DistanceMeters>229.1</DistanceMeters><Position><LatitudeDegrees>50.856574</LatitudeDegrees><LongitudeDegrees>4.417573</LongitudeDegrees></Position><AltitudeMeters>78.9</AltitudeMeters><Cadence>56</Cadence><Extensions><TPX xmlns="http://www.garmin.com/xmlschemas/ActivityExtension/v2"><Speed>1.4</Speed></TPX></Extensions></Trackpoint><Trackpoint><Time>2026-03-03T16:01:40+00:00</Time><DistanceMeters>230.6</DistanceMeters><Position><LatitudeDegrees>50.856567</LatitudeDegrees><LongitudeDegrees>4.417555</LongitudeDegrees></Position><AltitudeMeters>78.9</AltitudeMeters><Cadence>55</Cadence><Extensions><TPX xmlns="http://www.garmin.com/xmlschemas/ActivityExtension/v2"><Speed>1.36</Speed></TPX></Extensions></Trackpoint><Trackpoint><Time>2026-03-03T16:01:41+00:00</Time><DistanceMeters>231.9</DistanceMeters><Position><LatitudeDegrees>50.856561</LatitudeDegrees><LongitudeDegrees>4.417539</LongitudeDegrees></Position><AltitudeMeters>78.9</AltitudeMeters><Cadence>54</Cadence><Extensions><TPX xmlns="http://www.garmin.com/xmlschemas/ActivityExtension/v2"><Speed>1.34</Speed></TPX></Extensions></Trackpoint><Trackpoint><Time>2026-03-03T16:01:42+00:00</Time><DistanceMeters>233.0</DistanceMeters><Position><LatitudeDegrees>50.856561</LatitudeDegrees><LongitudeDegrees>4.41752</LongitudeDegrees></Position><AltitudeMeters>78.8</AltitudeMeters><Cadence>54</Cadence><Extensions><TPX xmlns="http://www.garmin.com/xmlschemas/ActivityExtension/v2"><Speed>1.3</Speed></TPX></Extensions></Trackpoint><Trackpoint><Time>2026-03-03T16:01:43+00:00</Time><DistanceMeters>234.1</DistanceMeters><Position><LatitudeDegrees>50.856559</LatitudeDegrees><LongitudeDegrees>4.417505</LongitudeDegrees></Position><AltitudeMeters>78.8</AltitudeMeters><Cadence>54</Cadence><Extensions><TPX xmlns="http://www.garmin.com/xmlschemas/ActivityExtension/v2"><Speed>1.28</Speed></TPX></Extensions></Trackpoint><Trackpoint><Time>2026-03-03T16:01:44+00:00</Time><DistanceMeters>235.3</DistanceMeters><Position><LatitudeDegrees>50.856555</LatitudeDegrees><LongitudeDegrees>4.417489</LongitudeDegrees></Position><AltitudeMeters>78.8</AltitudeMeters><Cadence>56</Cadence><Extensions><TPX xmlns="http://www.garmin.com/xmlschemas/ActivityExtension/v2"><Speed>1.24</Speed></TPX></Extensions></Trackpoint><Trackpoint><Time>2026-03-03T16:01:45+00:00</Time><DistanceMeters>236.8</DistanceMeters><Position><LatitudeDegrees>50.856552</LatitudeDegrees><LongitudeDegrees>4.417467</LongitudeDegrees></Position><AltitudeMeters>78.8</AltitudeMeters><Cadence>56</Cadence><Extensions><TPX xmlns="http://www.garmin.com/xmlschemas/ActivityExtension/v2"><Speed>1.24</Speed></TPX></Extensions></Trackpoint><Trackpoint><Time>2026-03-03T16:01:46+00:00</Time><DistanceMeters>237.9</DistanceMeters><Position><LatitudeDegrees>50.856552</LatitudeDegrees><LongitudeDegrees>4.417451</LongitudeDegrees></Position><AltitudeMeters>78.8</AltitudeMeters><Cadence>55</Cadence><Extensions><TPX xmlns="http://www.garmin.com/xmlschemas/ActivityExtension/v2"><Speed>1.2</Speed></TPX></Extensions></Trackpoint><Trackpoint><Time>2026-03-03T16:01:47+00:00</Time><DistanceMeters>239.2</DistanceMeters><Position><LatitudeDegrees>50.856551</LatitudeDegrees><LongitudeDegrees>4.417433</LongitudeDegrees></Position><AltitudeMeters>78.8</AltitudeMeters><Cadence>55</Cadence><Extensions><TPX xmlns="http://www.garmin.com/xmlschemas/ActivityExtension/v2"><Speed>1.24</Speed></TPX></Extensions></Trackpoint><Trackpoint><Time>2026-03-03T16:01:48+00:00</Time><DistanceMeters>240.6</DistanceMeters><Position><LatitudeDegrees>50.856548</LatitudeDegrees><LongitudeDegrees>4.417414</LongitudeDegrees></Position><AltitudeMeters>78.8</AltitudeMeters><Cadence>55</Cadence><Extensions><TPX xmlns="http://www.garmin.com/xmlschemas/ActivityExtension/v2"><Speed>1.3</Speed></TPX></Extensions></Trackpoint><Trackpoint><Time>2026-03-03T16:01:49+00:00</Time><DistanceMeters>241.5</DistanceMeters><Position><LatitudeDegrees>50.856549</LatitudeDegrees><LongitudeDegrees>4.4174</LongitudeDegrees></Position><AltitudeMeters>78.8</AltitudeMeters><Cadence>55</Cadence><Extensions><TPX xmlns="http://www.garmin.com/xmlschemas/ActivityExtension/v2"><Speed>1.24</Speed></TPX></Extensions></Trackpoint><Trackpoint><Time>2026-03-03T16:01:50+00:00</Time><DistanceMeters>242.9</DistanceMeters><Position><LatitudeDegrees>50.856542</LatitudeDegrees><LongitudeDegrees>4.417382</LongitudeDegrees></Position><AltitudeMeters>78.8</AltitudeMeters><Cadence>55</Cadence><Extensions><TPX xmlns="http://www.garmin.com/xmlschemas/ActivityExtension/v2"><Speed>1.22</Speed></TPX></Extensions></Trackpoint><Trackpoint><Time>2026-03-03T16:01:51+00:00</Time><DistanceMeters>244.5</DistanceMeters><Position><LatitudeDegrees>50.856539</LatitudeDegrees><LongitudeDegrees>4.41736</LongitudeDegrees></Position><AltitudeMeters>78.8</AltitudeMeters><Cadence>55</Cadence><Extensions><TPX xmlns="http://www.garmin.com/xmlschemas/ActivityExtension/v2"><Speed>1.32</Speed></TPX></Extensions></Trackpoint><Trackpoint><Time>2026-03-03T16:01:52+00:00</Time><DistanceMeters>246.1</DistanceMeters><Position><LatitudeDegrees>50.856536</LatitudeDegrees><LongitudeDegrees>4.417338</LongitudeDegrees></Position><AltitudeMeters>78.8</AltitudeMeters><Cadence>55</Cadence><Extensions><TPX xmlns="http://www.garmin.com/xmlschemas/ActivityExtension/v2"><Speed>1.38</Speed></TPX></Extensions></Trackpoint><Trackpoint><Time>2026-03-03T16:01:53+00:00</Time><DistanceMeters>247.5</DistanceMeters><Position><LatitudeDegrees>50.856532</LatitudeDegrees><LongitudeDegrees>4.417319</LongitudeDegrees></Position><AltitudeMeters>78.7</AltitudeMeters><Cadence>54</Cadence><Extensions><TPX xmlns="http://www.garmin.com/xmlschemas/ActivityExtension/v2"><Speed>1.38</Speed></TPX></Extensions></Trackpoint><Trackpoint><Time>2026-03-03T16:01:54+00:00</Time><DistanceMeters>248.9</DistanceMeters><Position><LatitudeDegrees>50.856528</LatitudeDegrees><LongitudeDegrees>4.4173</LongitudeDegrees></Position><AltitudeMeters>78.7</AltitudeMeters><Cadence>54</Cadence><Extensions><TPX xmlns="http://www.garmin.com/xmlschemas/ActivityExtension/v2"><Speed>1.48</Speed></TPX></Extensions></Trackpoint><Trackpoint><Time>2026-03-03T16:01:55+00:00</Time><DistanceMeters>250.2</DistanceMeters><Position><LatitudeDegrees>50.856524</LatitudeDegrees><LongitudeDegrees>4.417283</LongitudeDegrees></Position><AltitudeMeters>78.7</AltitudeMeters><Cadence>54</Cadence><Extensions><TPX xmlns="http://www.garmin.com/xmlschemas/ActivityExtension/v2"><Speed>1.46</Speed></TPX></Extensions></Trackpoint><Trackpoint><Time>2026-03-03T16:01:56+00:00</Time><DistanceMeters>251.7</DistanceMeters><Position><LatitudeDegrees>50.856519</LatitudeDegrees><LongitudeDegrees>4.417263</LongitudeDegrees></Position><AltitudeMeters>78.7</AltitudeMeters><Cadence>54</Cadence><Extensions><TPX xmlns="http://www.garmin.com/xmlschemas/ActivityExtension/v2"><Speed>1.44</Speed></TPX></Extensions></Trackpoint><Trackpoint><Time>2026-03-03T16:01:57+00:00</Time><DistanceMeters>253.1</DistanceMeters><Position><LatitudeDegrees>50.856516</LatitudeDegrees><LongitudeDegrees>4.417244</LongitudeDegrees></Position><AltitudeMeters>78.7</AltitudeMeters><Cadence>54</Cadence><Extensions><TPX xmlns="http://www.garmin.com/xmlschemas/ActivityExtension/v2"><Speed>1.4</Speed></TPX></Extensions></Trackpoint><Trackpoint><Time>2026-03-03T16:01:58+00:00</Time><DistanceMeters>254.4</DistanceMeters><Position><LatitudeDegrees>50.856511</LatitudeDegrees><LongitudeDegrees>4.417227</LongitudeDegrees></Position><AltitudeMeters>78.7</AltitudeMeters><Cadence>54</Cadence><Extensions><TPX xmlns="http://www.garmin.com/xmlschemas/ActivityExtension/v2"><Speed>1.38</Speed></TPX></Extensions></Trackpoint><Trackpoint><Time>2026-03-03T16:01:59+00:00</Time><DistanceMeters>255.7</DistanceMeters><Position><LatitudeDegrees>50.856507</LatitudeDegrees><LongitudeDegrees>4.417209</LongitudeDegrees></Position><AltitudeMeters>78.7</AltitudeMeters><Cadence>54</Cadence><Extensions><TPX xmlns="http://www.garmin.com/xmlschemas/ActivityExtension/v2"><Speed>1.36</Speed></TPX></Extensions></Trackpoint><Trackpoint><Time>2026-03-03T16:02:00+00:00</Time><DistanceMeters>256.7</DistanceMeters><Position><LatitudeDegrees>50.856505</LatitudeDegrees><LongitudeDegrees>4.417195</LongitudeDegrees></Position><AltitudeMeters>78.7</AltitudeMeters><Cadence>54</Cadence><Extensions><TPX xmlns="http://www.garmin.com/xmlschemas/ActivityExtension/v2"><Speed>1.3</Speed></TPX></Extensions></Trackpoint><Trackpoint><Time>2026-03-03T16:02:01+00:00</Time><DistanceMeters>258.0</DistanceMeters><Position><LatitudeDegrees>50.856501</LatitudeDegrees><LongitudeDegrees>4.417177</LongitudeDegrees></Position><AltitudeMeters>78.7</AltitudeMeters><Cadence>54</Cadence><Extensions><TPX xmlns="http://www.garmin.com/xmlschemas/ActivityExtension/v2"><Speed>1.26</Speed></TPX></Extensions></Trackpoint><Trackpoint><Time>2026-03-03T16:02:02+00:00</Time><DistanceMeters>259.6</DistanceMeters><Position><LatitudeDegrees>50.856498</LatitudeDegrees><LongitudeDegrees>4.417155</LongitudeDegrees></Position><AltitudeMeters>78.7</AltitudeMeters><Cadence>54</Cadence><Extensions><TPX xmlns="http://www.garmin.com/xmlschemas/ActivityExtension/v2"><Speed>1.3</Speed></TPX></Extensions></Trackpoint><Trackpoint><Time>2026-03-03T16:02:03+00:00</Time><DistanceMeters>260.8</DistanceMeters><Position><LatitudeDegrees>50.856495</LatitudeDegrees><LongitudeDegrees>4.41714</LongitudeDegrees></Position><AltitudeMeters>78.7</AltitudeMeters><Cadence>56</Cadence><Extensions><TPX xmlns="http://www.garmin.com/xmlschemas/ActivityExtension/v2"><Speed>1.28</Speed></TPX></Extensions></Trackpoint><Trackpoint><Time>2026-03-03T16:02:04+00:00</Time><DistanceMeters>262.2</DistanceMeters><Position><LatitudeDegrees>50.856488</LatitudeDegrees><LongitudeDegrees>4.417123</LongitudeDegrees></Position><AltitudeMeters>78.6</AltitudeMeters><Cadence>56</Cadence><Extensions><TPX xmlns="http://www.garmin.com/xmlschemas/ActivityExtension/v2"><Speed>1.3</Speed></TPX></Extensions></Trackpoint><Trackpoint><Time>2026-03-03T16:02:05+00:00</Time><DistanceMeters>263.4</DistanceMeters><Position><LatitudeDegrees>50.856482</LatitudeDegrees><LongitudeDegrees>4.417107</LongitudeDegrees></Position><AltitudeMeters>78.6</AltitudeMeters><Cadence>56</Cadence><Extensions><TPX xmlns="http://www.garmin.com/xmlschemas/ActivityExtension/v2"><Speed>1.34</Speed></TPX></Extensions></Trackpoint><Trackpoint><Time>2026-03-03T16:02:06+00:00</Time><DistanceMeters>264.9</DistanceMeters><Position><LatitudeDegrees>50.856476</LatitudeDegrees><LongitudeDegrees>4.417088</LongitudeDegrees></Position><AltitudeMeters>78.6</AltitudeMeters><Cadence>55</Cadence><Extensions><TPX xmlns="http://www.garmin.com/xmlschemas/ActivityExtension/v2"><Speed>1.38</Speed></TPX></Extensions></Trackpoint><Trackpoint><Time>2026-03-03T16:02:07+00:00</Time><DistanceMeters>266.4</DistanceMeters><Position><LatitudeDegrees>50.856472</LatitudeDegrees><LongitudeDegrees>4.417069</LongitudeDegrees></Position><AltitudeMeters>78.6</AltitudeMeters><Cadence>55</Cadence><Extensions><TPX xmlns="http://www.garmin.com/xmlschemas/ActivityExtension/v2"><Speed>1.36</Speed></TPX></Extensions></Trackpoint><Trackpoint><Time>2026-03-03T16:02:08+00:00</Time><DistanceMeters>267.9</DistanceMeters><Position><LatitudeDegrees>50.856467</LatitudeDegrees><LongitudeDegrees>4.417048</LongitudeDegrees></Position><AltitudeMeters>78.6</AltitudeMeters><Cadence>56</Cadence><Extensions><TPX xmlns="http://www.garmin.com/xmlschemas/ActivityExtension/v2"><Speed>1.42</Speed></TPX></Extensions></Trackpoint><Trackpoint><Time>2026-03-03T16:02:09+00:00</Time><DistanceMeters>269.3</DistanceMeters><Position><LatitudeDegrees>50.856464</LatitudeDegrees><LongitudeDegrees>4.417029</LongitudeDegrees></Position><AltitudeMeters>78.6</AltitudeMeters><Cadence>56</Cadence><Extensions><TPX xmlns="http://www.garmin.com/xmlschemas/ActivityExtension/v2"><Speed>1.42</Speed></TPX></Extensions></Trackpoint><Trackpoint><Time>2026-03-03T16:02:10+00:00</Time><DistanceMeters>270.6</DistanceMeters><Position><LatitudeDegrees>50.856458</LatitudeDegrees><LongitudeDegrees>4.417013</LongitudeDegrees></Position><AltitudeMeters>78.6</AltitudeMeters><Cadence>56</Cadence><Extensions><TPX xmlns="http://www.garmin.com/xmlschemas/ActivityExtension/v2"><Speed>1.44</Speed></TPX></Extensions></Trackpoint><Trackpoint><Time>2026-03-03T16:02:11+00:00</Time><DistanceMeters>272.0</DistanceMeters><Position><LatitudeDegrees>50.856452</LatitudeDegrees><LongitudeDegrees>4.416994</LongitudeDegrees></Position><AltitudeMeters>78.6</AltitudeMeters><Cadence>56</Cadence><Extensions><TPX xmlns="http://www.garmin.com/xmlschemas/ActivityExtension/v2"><Speed>1.42</Speed></TPX></Extensions></Trackpoint><Trackpoint><Time>2026-03-03T16:02:12+00:00</Time><DistanceMeters>273.3</DistanceMeters><Position><LatitudeDegrees>50.856449</LatitudeDegrees><LongitudeDegrees>4.416977</LongitudeDegrees></Position><AltitudeMeters>78.6</AltitudeMeters><Cadence>55</Cadence><Extensions><TPX xmlns="http://www.garmin.com/xmlschemas/ActivityExtension/v2"><Speed>1.38</Speed></TPX></Extensions></Trackpoint><Trackpoint><Time>2026-03-03T16:02:13+00:00</Time><DistanceMeters>274.7</DistanceMeters><Position><LatitudeDegrees>50.856448</LatitudeDegrees><LongitudeDegrees>4.416957</LongitudeDegrees></Position><AltitudeMeters>78.6</AltitudeMeters><Cadence>55</Cadence><Extensions><TPX xmlns="http://www.garmin.com/xmlschemas/ActivityExtension/v2"><Speed>1.36</Speed></TPX></Extensions></Trackpoint><Trackpoint><Time>2026-03-03T16:02:14+00:00</Time><DistanceMeters>276.0</DistanceMeters><Position><LatitudeDegrees>50.856443</LatitudeDegrees><LongitudeDegrees>4.41694</LongitudeDegrees></Position><AltitudeMeters>78.6</AltitudeMeters><Cadence>55</Cadence><Extensions><TPX xmlns="http://www.garmin.com/xmlschemas/ActivityExtension/v2"><Speed>1.34</Speed></TPX></Extensions></Trackpoint><Trackpoint><Time>2026-03-03T16:02:15+00:00</Time><DistanceMeters>277.6</DistanceMeters><Position><LatitudeDegrees>50.85644</LatitudeDegrees><LongitudeDegrees>4.416917</LongitudeDegrees></Position><AltitudeMeters>78.6</AltitudeMeters><Cadence>55</Cadence><Extensions><TPX xmlns="http://www.garmin.com/xmlschemas/ActivityExtension/v2"><Speed>1.4</Speed></TPX></Extensions></Trackpoint><Trackpoint><Time>2026-03-03T16:02:16+00:00</Time><DistanceMeters>279.0</DistanceMeters><Position><LatitudeDegrees>50.856436</LatitudeDegrees><LongitudeDegrees>4.416899</LongitudeDegrees></Position><AltitudeMeters>78.6</AltitudeMeters><Cadence>55</Cadence><Extensions><TPX xmlns="http://www.garmin.com/xmlschemas/ActivityExtension/v2"><Speed>1.4</Speed></TPX></Extensions></Trackpoint><Trackpoint><Time>2026-03-03T16:02:17+00:00</Time><DistanceMeters>280.4</DistanceMeters><Position><LatitudeDegrees>50.856431</LatitudeDegrees><LongitudeDegrees>4.416881</LongitudeDegrees></Position><AltitudeMeters>78.6</AltitudeMeters><Cadence>55</Cadence><Extensions><TPX xmlns="http://www.garmin.com/xmlschemas/ActivityExtension/v2"><Speed>1.42</Speed></TPX></Extensions></Trackpoint><Trackpoint><Time>2026-03-03T16:02:18+00:00</Time><DistanceMeters>281.8</DistanceMeters><Position><LatitudeDegrees>50.856425</LatitudeDegrees><LongitudeDegrees>4.416863</LongitudeDegrees></Position><AltitudeMeters>78.6</AltitudeMeters><Cadence>55</Cadence><Extensions><TPX xmlns="http://www.garmin.com/xmlschemas/ActivityExtension/v2"><Speed>1.42</Speed></TPX></Extensions></Trackpoint><Trackpoint><Time>2026-03-03T16:02:19+00:00</Time><DistanceMeters>283.1</DistanceMeters><Position><LatitudeDegrees>50.856419</LatitudeDegrees><LongitudeDegrees>4.416846</LongitudeDegrees></Position><AltitudeMeters>78.6</AltitudeMeters><Cadence>54</Cadence><Extensions><TPX xmlns="http://www.garmin.com/xmlschemas/ActivityExtension/v2"><Speed>1.42</Speed></TPX></Extensions></Trackpoint><Trackpoint><Time>2026-03-03T16:02:20+00:00</Time><DistanceMeters>284.6</DistanceMeters><Position><LatitudeDegrees>50.856412</LatitudeDegrees><LongitudeDegrees>4.416829</LongitudeDegrees></Position><AltitudeMeters>78.6</AltitudeMeters><Cadence>54</Cadence><Extensions><TPX xmlns="http://www.garmin.com/xmlschemas/ActivityExtension/v2"><Speed>1.4</Speed></TPX></Extensions></Trackpoint><Trackpoint><Time>2026-03-03T16:02:21+00:00</Time><DistanceMeters>286.1</DistanceMeters><Position><LatitudeDegrees>50.856404</LatitudeDegrees><LongitudeDegrees>4.416812</LongitudeDegrees></Position><AltitudeMeters>78.6</AltitudeMeters><Cadence>55</Cadence><Extensions><TPX xmlns="http://www.garmin.com/xmlschemas/ActivityExtension/v2"><Speed>1.42</Speed></TPX></Extensions></Trackpoint><Trackpoint><Time>2026-03-03T16:02:22+00:00</Time><DistanceMeters>287.5</DistanceMeters><Position><LatitudeDegrees>50.856397</LatitudeDegrees><LongitudeDegrees>4.416794</LongitudeDegrees></Position><AltitudeMeters>78.6</AltitudeMeters><Cadence>55</Cadence><Extensions><TPX xmlns="http://www.garmin.com/xmlschemas/ActivityExtension/v2"><Speed>1.42</Speed></TPX></Extensions></Trackpoint><Trackpoint><Time>2026-03-03T16:02:23+00:00</Time><DistanceMeters>288.9</DistanceMeters><Position><LatitudeDegrees>50.85639</LatitudeDegrees><LongitudeDegrees>4.416777</LongitudeDegrees></Position><AltitudeMeters>78.6</AltitudeMeters><Cadence>56</Cadence><Extensions><TPX xmlns="http://www.garmin.com/xmlschemas/ActivityExtension/v2"><Speed>1.42</Speed></TPX></Extensions></Trackpoint><Trackpoint><Time>2026-03-03T16:02:24+00:00</Time><DistanceMeters>290.4</DistanceMeters><Position><LatitudeDegrees>50.856383</LatitudeDegrees><LongitudeDegrees>4.416759</LongitudeDegrees></Position><AltitudeMeters>78.6</AltitudeMeters><Cadence>57</Cadence><Extensions><TPX xmlns="http://www.garmin.com/xmlschemas/ActivityExtension/v2"><Speed>1.46</Speed></TPX></Extensions></Trackpoint><Trackpoint><Time>2026-03-03T16:02:25+00:00</Time><DistanceMeters>291.9</DistanceMeters><Position><LatitudeDegrees>50.856377</LatitudeDegrees><LongitudeDegrees>4.416741</LongitudeDegrees></Position><AltitudeMeters>78.6</AltitudeMeters><Cadence>57</Cadence><Extensions><TPX xmlns="http://www.garmin.com/xmlschemas/ActivityExtension/v2"><Speed>1.46</Speed></TPX></Extensions></Trackpoint><Trackpoint><Time>2026-03-03T16:02:26+00:00</Time><DistanceMeters>293.1</DistanceMeters><Position><LatitudeDegrees>50.856372</LatitudeDegrees><LongitudeDegrees>4.416725</LongitudeDegrees></Position><AltitudeMeters>78.5</AltitudeMeters><Cadence>56</Cadence><Extensions><TPX xmlns="http://www.garmin.com/xmlschemas/ActivityExtension/v2"><Speed>1.4</Speed></TPX></Extensions></Trackpoint><Trackpoint><Time>2026-03-03T16:02:27+00:00</Time><DistanceMeters>294.3</DistanceMeters><Position><LatitudeDegrees>50.85637</LatitudeDegrees><LongitudeDegrees>4.416708</LongitudeDegrees></Position><AltitudeMeters>78.5</AltitudeMeters><Cadence>55</Cadence><Extensions><TPX xmlns="http://www.garmin.com/xmlschemas/ActivityExtension/v2"><Speed>1.36</Speed></TPX></Extensions></Trackpoint><Trackpoint><Time>2026-03-03T16:02:28+00:00</Time><DistanceMeters>295.5</DistanceMeters><Position><LatitudeDegrees>50.856371</LatitudeDegrees><LongitudeDegrees>4.416691</LongitudeDegrees></Position><AltitudeMeters>78.5</AltitudeMeters><Cadence>54</Cadence><Extensions><TPX xmlns="http://www.garmin.com/xmlschemas/ActivityExtension/v2"><Speed>1.32</Speed></TPX></Extensions></Trackpoint><Trackpoint><Time>2026-03-03T16:02:29+00:00</Time><DistanceMeters>296.4</DistanceMeters><Position><LatitudeDegrees>50.856372</LatitudeDegrees><LongitudeDegrees>4.416679</LongitudeDegrees></Position><AltitudeMeters>78.5</AltitudeMeters><Extensions><TPX xmlns="http://www.garmin.com/xmlschemas/ActivityExtension/v2"><Speed>1.2</Speed></TPX></Extensions></Trackpoint><Trackpoint><Time>2026-03-03T16:02:30+00:00</Time><DistanceMeters>297.3</DistanceMeters><Position><LatitudeDegrees>50.856374</LatitudeDegrees><LongitudeDegrees>4.416666</LongitudeDegrees></Position><AltitudeMeters>78.5</AltitudeMeters><Extensions><TPX xmlns="http://www.garmin.com/xmlschemas/ActivityExtension/v2"><Speed>1.08</Speed></TPX></Extensions></Trackpoint><Trackpoint><Time>2026-03-03T16:02:31+00:00</Time><DistanceMeters>298.7</DistanceMeters><Position><LatitudeDegrees>50.856384</LatitudeDegrees><LongitudeDegrees>4.416654</LongitudeDegrees></Position><AltitudeMeters>78.5</AltitudeMeters><Extensions><TPX xmlns="http://www.garmin.com/xmlschemas/ActivityExtension/v2"><Speed>1.12</Speed></TPX></Extensions></Trackpoint><Trackpoint><Time>2026-03-03T16:02:32+00:00</Time><DistanceMeters>299.8</DistanceMeters><Position><LatitudeDegrees>50.856391</LatitudeDegrees><LongitudeDegrees>4.416642</LongitudeDegrees></Position><AltitudeMeters>78.5</AltitudeMeters><Extensions><TPX xmlns="http://www.garmin.com/xmlschemas/ActivityExtension/v2"><Speed>1.1</Speed></TPX></Extensions></Trackpoint><Trackpoint><Time>2026-03-03T16:02:33+00:00</Time><DistanceMeters>300.8</DistanceMeters><Position><LatitudeDegrees>50.8564</LatitudeDegrees><LongitudeDegrees>4.416637</LongitudeDegrees></Position><AltitudeMeters>78.6</AltitudeMeters><Extensions><TPX xmlns="http://www.garmin.com/xmlschemas/ActivityExtension/v2"><Speed>1.06</Speed></TPX></Extensions></Trackpoint><Trackpoint><Time>2026-03-03T16:02:34+00:00</Time><DistanceMeters>301.3</DistanceMeters><Position><LatitudeDegrees>50.856404</LatitudeDegrees><LongitudeDegrees>4.416638</LongitudeDegrees></Position><AltitudeMeters>78.6</AltitudeMeters><Extensions><TPX xmlns="http://www.garmin.com/xmlschemas/ActivityExtension/v2"><Speed>0.98</Speed></TPX></Extensions></Trackpoint><Trackpoint><Time>2026-03-03T16:02:35+00:00</Time><DistanceMeters>302.1</DistanceMeters><Position><LatitudeDegrees>50.856411</LatitudeDegrees><LongitudeDegrees>4.416639</LongitudeDegrees></Position><AltitudeMeters>78.6</AltitudeMeters><Cadence>60</Cadence><Extensions><TPX xmlns="http://www.garmin.com/xmlschemas/ActivityExtension/v2"><Speed>0.96</Speed></TPX></Extensions></Trackpoint><Trackpoint><Time>2026-03-03T16:02:36+00:00</Time><DistanceMeters>303.1</DistanceMeters><Position><LatitudeDegrees>50.85642</LatitudeDegrees><LongitudeDegrees>4.416635</LongitudeDegrees></Position><AltitudeMeters>78.6</AltitudeMeters><Cadence>60</Cadence><Extensions><TPX xmlns="http://www.garmin.com/xmlschemas/ActivityExtension/v2"><Speed>0.88</Speed></TPX></Extensions></Trackpoint><Trackpoint><Time>2026-03-03T16:02:37+00:00</Time><DistanceMeters>304.1</DistanceMeters><Position><LatitudeDegrees>50.856427</LatitudeDegrees><LongitudeDegrees>4.416626</LongitudeDegrees></Position><AltitudeMeters>78.7</AltitudeMeters><Cadence>60</Cadence><Extensions><TPX xmlns="http://www.garmin.com/xmlschemas/ActivityExtension/v2"><Speed>0.86</Speed></TPX></Extensions></Trackpoint><Trackpoint><Time>2026-03-03T16:02:38+00:00</Time><DistanceMeters>305.2</DistanceMeters><Position><LatitudeDegrees>50.856435</LatitudeDegrees><LongitudeDegrees>4.416616</LongitudeDegrees></Position><AltitudeMeters>78.7</AltitudeMeters><Cadence>60</Cadence><Extensions><TPX xmlns="http://www.garmin.com/xmlschemas/ActivityExtension/v2"><Speed>0.88</Speed></TPX></Extensions></Trackpoint><Trackpoint><Time>2026-03-03T16:02:39+00:00</Time><DistanceMeters>306.1</DistanceMeters><Position><LatitudeDegrees>50.85644</LatitudeDegrees><LongitudeDegrees>4.416607</LongitudeDegrees></Position><AltitudeMeters>78.7</AltitudeMeters><Cadence>60</Cadence><Extensions><TPX xmlns="http://www.garmin.com/xmlschemas/ActivityExtension/v2"><Speed>0.96</Speed></TPX></Extensions></Trackpoint><Trackpoint><Time>2026-03-03T16:02:40+00:00</Time><DistanceMeters>307.0</DistanceMeters><Position><LatitudeDegrees>50.856444</LatitudeDegrees><LongitudeDegrees>4.416596</LongitudeDegrees></Position><AltitudeMeters>78.7</AltitudeMeters><Cadence>60</Cadence><Extensions><TPX xmlns="http://www.garmin.com/xmlschemas/ActivityExtension/v2"><Speed>0.98</Speed></TPX></Extensions></Trackpoint><Trackpoint><Time>2026-03-03T16:02:41+00:00</Time><DistanceMeters>308.1</DistanceMeters><Position><LatitudeDegrees>50.856446</LatitudeDegrees><LongitudeDegrees>4.41658</LongitudeDegrees></Position><AltitudeMeters>78.8</AltitudeMeters><Cadence>60</Cadence><Extensions><TPX xmlns="http://www.garmin.com/xmlschemas/ActivityExtension/v2"><Speed>1.0</Speed></TPX></Extensions></Trackpoint><Trackpoint><Time>2026-03-03T16:02:42+00:00</Time><DistanceMeters>309.4</DistanceMeters><Position><LatitudeDegrees>50.856443</LatitudeDegrees><LongitudeDegrees>4.416562</LongitudeDegrees></Position><AltitudeMeters>78.7</AltitudeMeters><Cadence>60</Cadence><Extensions><TPX xmlns="http://www.garmin.com/xmlschemas/ActivityExtension/v2"><Speed>1.06</Speed></TPX></Extensions></Trackpoint><Trackpoint><Time>2026-03-03T16:02:43+00:00</Time><DistanceMeters>310.9</DistanceMeters><Position><LatitudeDegrees>50.85644</LatitudeDegrees><LongitudeDegrees>4.416542</LongitudeDegrees></Position><AltitudeMeters>78.7</AltitudeMeters><Cadence>60</Cadence><Extensions><TPX xmlns="http://www.garmin.com/xmlschemas/ActivityExtension/v2"><Speed>1.14</Speed></TPX></Extensions></Trackpoint><Trackpoint><Time>2026-03-03T16:02:44+00:00</Time><DistanceMeters>312.5</DistanceMeters><Position><LatitudeDegrees>50.856436</LatitudeDegrees><LongitudeDegrees>4.416519</LongitudeDegrees></Position><AltitudeMeters>78.7</AltitudeMeters><Cadence>60</Cadence><Extensions><TPX xmlns="http://www.garmin.com/xmlschemas/ActivityExtension/v2"><Speed>1.28</Speed></TPX></Extensions></Trackpoint><Trackpoint><Time>2026-03-03T16:02:45+00:00</Time><DistanceMeters>313.9</DistanceMeters><Position><LatitudeDegrees>50.856433</LatitudeDegrees><LongitudeDegrees>4.4165</LongitudeDegrees></Position><AltitudeMeters>78.6</AltitudeMeters><Cadence>60</Cadence><Extensions><TPX xmlns="http://www.garmin.com/xmlschemas/ActivityExtension/v2"><Speed>1.38</Speed></TPX></Extensions></Trackpoint><Trackpoint><Time>2026-03-03T16:02:46+00:00</Time><DistanceMeters>315.5</DistanceMeters><Position><LatitudeDegrees>50.856423</LatitudeDegrees><LongitudeDegrees>4.416484</LongitudeDegrees></Position><AltitudeMeters>78.6</AltitudeMeters><Cadence>60</Cadence><Extensions><TPX xmlns="http://www.garmin.com/xmlschemas/ActivityExtension/v2"><Speed>1.48</Speed></TPX></Extensions></Trackpoint><Trackpoint><Time>2026-03-03T16:02:47+00:00</Time><DistanceMeters>316.9</DistanceMeters><Position><LatitudeDegrees>50.856417</LatitudeDegrees><LongitudeDegrees>4.416466</LongitudeDegrees></Position><AltitudeMeters>78.6</AltitudeMeters><Cadence>60</Cadence><Extensions><TPX xmlns="http://www.garmin.com/xmlschemas/ActivityExtension/v2"><Speed>1.5</Speed></TPX></Extensions></Trackpoint><Trackpoint><Time>2026-03-03T16:02:48+00:00</Time><DistanceMeters>318.4</DistanceMeters><Position><LatitudeDegrees>50.85641</LatitudeDegrees><LongitudeDegrees>4.416447</LongitudeDegrees></Position><AltitudeMeters>78.5</AltitudeMeters><Cadence>60</Cadence><Extensions><TPX xmlns="http://www.garmin.com/xmlschemas/ActivityExtension/v2"><Speed>1.5</Speed></TPX></Extensions></Trackpoint><Trackpoint><Time>2026-03-03T16:02:49+00:00</Time><DistanceMeters>319.8</DistanceMeters><Position><LatitudeDegrees>50.856406</LatitudeDegrees><LongitudeDegrees>4.416428</LongitudeDegrees></Position><AltitudeMeters>78.5</AltitudeMeters><Cadence>60</Cadence><Extensions><TPX xmlns="http://www.garmin.com/xmlschemas/ActivityExtension/v2"><Speed>1.46</Speed></TPX></Extensions></Trackpoint><Trackpoint><Time>2026-03-03T16:02:50+00:00</Time><DistanceMeters>321.1</DistanceMeters><Position><LatitudeDegrees>50.856405</LatitudeDegrees><LongitudeDegrees>4.416409</LongitudeDegrees></Position><AltitudeMeters>78.5</AltitudeMeters><Cadence>60</Cadence><Extensions><TPX xmlns="http://www.garmin.com/xmlschemas/ActivityExtension/v2"><Speed>1.44</Speed></TPX></Extensions></Trackpoint><Trackpoint><Time>2026-03-03T16:02:51+00:00</Time><DistanceMeters>322.4</DistanceMeters><Position><LatitudeDegrees>50.856403</LatitudeDegrees><LongitudeDegrees>4.41639</LongitudeDegrees></Position><AltitudeMeters>78.5</AltitudeMeters><Cadence>60</Cadence><Extensions><TPX xmlns="http://www.garmin.com/xmlschemas/ActivityExtension/v2"><Speed>1.38</Speed></TPX></Extensions></Trackpoint><Trackpoint><Time>2026-03-03T16:02:52+00:00</Time><DistanceMeters>323.7</DistanceMeters><Position><LatitudeDegrees>50.8564</LatitudeDegrees><LongitudeDegrees>4.416373</LongitudeDegrees></Position><AltitudeMeters>78.5</AltitudeMeters><Cadence>60</Cadence><Extensions><TPX xmlns="http://www.garmin.com/xmlschemas/ActivityExtension/v2"><Speed>1.36</Speed></TPX></Extensions></Trackpoint><Trackpoint><Time>2026-03-03T16:02:53+00:00</Time><DistanceMeters>325.0</DistanceMeters><Position><LatitudeDegrees>50.856397</LatitudeDegrees><LongitudeDegrees>4.416355</LongitudeDegrees></Position><AltitudeMeters>78.5</AltitudeMeters><Cadence>57</Cadence><Extensions><TPX xmlns="http://www.garmin.com/xmlschemas/ActivityExtension/v2"><Speed>1.32</Speed></TPX></Extensions></Trackpoint><Trackpoint><Time>2026-03-03T16:02:54+00:00</Time><DistanceMeters>326.3</DistanceMeters><Position><LatitudeDegrees>50.856393</LatitudeDegrees><LongitudeDegrees>4.416338</LongitudeDegrees></Position><AltitudeMeters>78.4</AltitudeMeters><Cadence>56</Cadence><Extensions><TPX xmlns="http://www.garmin.com/xmlschemas/ActivityExtension/v2"><Speed>1.3</Speed></TPX></Extensions></Trackpoint><Trackpoint><Time>2026-03-03T16:02:55+00:00</Time><DistanceMeters>327.5</DistanceMeters><Position><LatitudeDegrees>50.85639</LatitudeDegrees><LongitudeDegrees>4.416321</LongitudeDegrees></Position><AltitudeMeters>78.4</AltitudeMeters><Cadence>55</Cadence><Extensions><TPX xmlns="http://www.garmin.com/xmlschemas/ActivityExtension/v2"><Speed>1.28</Speed></TPX></Extensions></Trackpoint><Trackpoint><Time>2026-03-03T16:02:56+00:00</Time><DistanceMeters>328.7</DistanceMeters><Position><LatitudeDegrees>50.856381</LatitudeDegrees><LongitudeDegrees>4.41631</LongitudeDegrees></Position><AltitudeMeters>78.4</AltitudeMeters><Cadence>55</Cadence><Extensions><TPX xmlns="http://www.garmin.com/xmlschemas/ActivityExtension/v2"><Speed>1.26</Speed></TPX></Extensions></Trackpoint><Trackpoint><Time>2026-03-03T16:02:57+00:00</Time><DistanceMeters>329.6</DistanceMeters><Position><LatitudeDegrees>50.856378</LatitudeDegrees><LongitudeDegrees>4.416299</LongitudeDegrees></Position><AltitudeMeters>78.4</AltitudeMeters><Extensions><TPX xmlns="http://www.garmin.com/xmlschemas/ActivityExtension/v2"><Speed>1.18</Speed></TPX></Extensions></Trackpoint><Trackpoint><Time>2026-03-03T16:02:58+00:00</Time><DistanceMeters>330.7</DistanceMeters><Position><LatitudeDegrees>50.856375</LatitudeDegrees><LongitudeDegrees>4.416283</LongitudeDegrees></Position><AltitudeMeters>78.4</AltitudeMeters><Extensions><TPX xmlns="http://www.garmin.com/xmlschemas/ActivityExtension/v2"><Speed>1.14</Speed></TPX></Extensions></Trackpoint><Trackpoint><Time>2026-03-03T16:02:59+00:00</Time><DistanceMeters>332.0</DistanceMeters><Position><LatitudeDegrees>50.85637</LatitudeDegrees><LongitudeDegrees>4.416267</LongitudeDegrees></Position><AltitudeMeters>78.4</AltitudeMeters><Extensions><TPX xmlns="http://www.garmin.com/xmlschemas/ActivityExtension/v2"><Speed>1.14</Speed></TPX></Extensions></Trackpoint><Trackpoint><Time>2026-03-03T16:03:00+00:00</Time><DistanceMeters>333.2</DistanceMeters><Position><LatitudeDegrees>50.856366</LatitudeDegrees><LongitudeDegrees>4.416252</LongitudeDegrees></Position><AltitudeMeters>78.4</AltitudeMeters><Extensions><TPX xmlns="http://www.garmin.com/xmlschemas/ActivityExtension/v2"><Speed>1.14</Speed></TPX></Extensions></Trackpoint><Trackpoint><Time>2026-03-03T16:03:01+00:00</Time><DistanceMeters>334.3</DistanceMeters><Position><LatitudeDegrees>50.856363</LatitudeDegrees><LongitudeDegrees>4.416237</LongitudeDegrees></Position><AltitudeMeters>78.4</AltitudeMeters><Extensions><TPX xmlns="http://www.garmin.com/xmlschemas/ActivityExtension/v2"><Speed>1.12</Speed></TPX></Extensions></Trackpoint><Trackpoint><Time>2026-03-03T16:03:02+00:00</Time><DistanceMeters>335.6</DistanceMeters><Position><LatitudeDegrees>50.85636</LatitudeDegrees><LongitudeDegrees>4.416219</LongitudeDegrees></Position><AltitudeMeters>78.4</AltitudeMeters><Extensions><TPX xmlns="http://www.garmin.com/xmlschemas/ActivityExtension/v2"><Speed>1.2</Speed></TPX></Extensions></Trackpoint><Trackpoint><Time>2026-03-03T16:03:03+00:00</Time><DistanceMeters>336.7</DistanceMeters><Position><LatitudeDegrees>50.856359</LatitudeDegrees><LongitudeDegrees>4.416203</LongitudeDegrees></Position><AltitudeMeters>78.4</AltitudeMeters><Extensions><TPX xmlns="http://www.garmin.com/xmlschemas/ActivityExtension/v2"><Speed>1.2</Speed></TPX></Extensions></Trackpoint><Trackpoint><Time>2026-03-03T16:03:04+00:00</Time><DistanceMeters>337.7</DistanceMeters><Position><LatitudeDegrees>50.856357</LatitudeDegrees><LongitudeDegrees>4.41619</LongitudeDegrees></Position><AltitudeMeters>78.4</AltitudeMeters><Cadence>56</Cadence><Extensions><TPX xmlns="http://www.garmin.com/xmlschemas/ActivityExtension/v2"><Speed>1.14</Speed></TPX></Extensions></Trackpoint><Trackpoint><Time>2026-03-03T16:03:05+00:00</Time><DistanceMeters>338.7</DistanceMeters><Position><LatitudeDegrees>50.856354</LatitudeDegrees><LongitudeDegrees>4.416175</LongitudeDegrees></Position><AltitudeMeters>78.4</AltitudeMeters><Cadence>56</Cadence><Extensions><TPX xmlns="http://www.garmin.com/xmlschemas/ActivityExtension/v2"><Speed>1.1</Speed></TPX></Extensions></Trackpoint><Trackpoint><Time>2026-03-03T16:03:06+00:00</Time><DistanceMeters>339.7</DistanceMeters><Position><LatitudeDegrees>50.856352</LatitudeDegrees><LongitudeDegrees>4.416162</LongitudeDegrees></Position><AltitudeMeters>78.4</AltitudeMeters><Cadence>56</Cadence><Extensions><TPX xmlns="http://www.garmin.com/xmlschemas/ActivityExtension/v2"><Speed>1.08</Speed></TPX></Extensions></Trackpoint><Trackpoint><Time>2026-03-03T16:03:07+00:00</Time><DistanceMeters>340.9</DistanceMeters><Position><LatitudeDegrees>50.856348</LatitudeDegrees><LongitudeDegrees>4.416146</LongitudeDegrees></Position><AltitudeMeters>78.4</AltitudeMeters><Cadence>56</Cadence><Extensions><TPX xmlns="http://www.garmin.com/xmlschemas/ActivityExtension/v2"><Speed>1.06</Speed></TPX></Extensions></Trackpoint><Trackpoint><Time>2026-03-03T16:03:08+00:00</Time><DistanceMeters>342.2</DistanceMeters><Position><LatitudeDegrees>50.856343</LatitudeDegrees><LongitudeDegrees>4.416129</LongitudeDegrees></Position><AltitudeMeters>78.4</AltitudeMeters><Cadence>56</Cadence><Extensions><TPX xmlns="http://www.garmin.com/xmlschemas/ActivityExtension/v2"><Speed>1.1</Speed></TPX></Extensions></Trackpoint><Trackpoint><Time>2026-03-03T16:03:09+00:00</Time><DistanceMeters>343.2</DistanceMeters><Position><LatitudeDegrees>50.85634</LatitudeDegrees><LongitudeDegrees>4.416115</LongitudeDegrees></Position><AltitudeMeters>78.4</AltitudeMeters><Cadence>56</Cadence><Extensions><TPX xmlns="http://www.garmin.com/xmlschemas/ActivityExtension/v2"><Speed>1.1</Speed></TPX></Extensions></Trackpoint><Trackpoint><Time>2026-03-03T16:03:10+00:00</Time><DistanceMeters>344.1</DistanceMeters><Position><LatitudeDegrees>50.856336</LatitudeDegrees><LongitudeDegrees>4.416103</LongitudeDegrees></Position><AltitudeMeters>78.4</AltitudeMeters><Cadence>56</Cadence><Extensions><TPX xmlns="http://www.garmin.com/xmlschemas/ActivityExtension/v2"><Speed>1.08</Speed></TPX></Extensions></Trackpoint><Trackpoint><Time>2026-03-03T16:03:11+00:00</Time><DistanceMeters>345.2</DistanceMeters><Position><LatitudeDegrees>50.856332</LatitudeDegrees><LongitudeDegrees>4.416089</LongitudeDegrees></Position><AltitudeMeters>78.4</AltitudeMeters><Cadence>56</Cadence><Extensions><TPX xmlns="http://www.garmin.com/xmlschemas/ActivityExtension/v2"><Speed>1.1</Speed></TPX></Extensions></Trackpoint><Trackpoint><Time>2026-03-03T16:03:12+00:00</Time><DistanceMeters>346.3</DistanceMeters><Position><LatitudeDegrees>50.856326</LatitudeDegrees><LongitudeDegrees>4.416076</LongitudeDegrees></Position><AltitudeMeters>78.4</AltitudeMeters><Cadence>56</Cadence><Extensions><TPX xmlns="http://www.garmin.com/xmlschemas/ActivityExtension/v2"><Speed>1.08</Speed></TPX></Extensions></Trackpoint><Trackpoint><Time>2026-03-03T16:03:13+00:00</Time><DistanceMeters>347.7</DistanceMeters><Position><LatitudeDegrees>50.85632</LatitudeDegrees><LongitudeDegrees>4.41606</LongitudeDegrees></Position><AltitudeMeters>78.5</AltitudeMeters><Cadence>52</Cadence><Extensions><TPX xmlns="http://www.garmin.com/xmlschemas/ActivityExtension/v2"><Speed>1.1</Speed></TPX></Extensions></Trackpoint><Trackpoint><Time>2026-03-03T16:03:14+00:00</Time><DistanceMeters>348.9</DistanceMeters><Position><LatitudeDegrees>50.856317</LatitudeDegrees><LongitudeDegrees>4.416043</LongitudeDegrees></Position><AltitudeMeters>78.5</AltitudeMeters><Cadence>52</Cadence><Extensions><TPX xmlns="http://www.garmin.com/xmlschemas/ActivityExtension/v2"><Speed>1.14</Speed></TPX></Extensions></Trackpoint><Trackpoint><Time>2026-03-03T16:03:15+00:00</Time><DistanceMeters>350.2</DistanceMeters><Position><LatitudeDegrees>50.856313</LatitudeDegrees><LongitudeDegrees>4.416026</LongitudeDegrees></Position><AltitudeMeters>78.5</AltitudeMeters><Cadence>52</Cadence><Extensions><TPX xmlns="http://www.garmin.com/xmlschemas/ActivityExtension/v2"><Speed>1.22</Speed></TPX></Extensions></Trackpoint><Trackpoint><Time>2026-03-03T16:03:16+00:00</Time><DistanceMeters>351.5</DistanceMeters><Position><LatitudeDegrees>50.856306</LatitudeDegrees><LongitudeDegrees>4.41601</LongitudeDegrees></Position><AltitudeMeters>78.5</AltitudeMeters><Cadence>52</Cadence><Extensions><TPX xmlns="http://www.garmin.com/xmlschemas/ActivityExtension/v2"><Speed>1.26</Speed></TPX></Extensions></Trackpoint><Trackpoint><Time>2026-03-03T16:03:17+00:00</Time><DistanceMeters>352.6</DistanceMeters><Position><LatitudeDegrees>50.856304</LatitudeDegrees><LongitudeDegrees>4.415995</LongitudeDegrees></Position><AltitudeMeters>78.5</AltitudeMeters><Cadence>52</Cadence><Extensions><TPX xmlns="http://www.garmin.com/xmlschemas/ActivityExtension/v2"><Speed>1.26</Speed></TPX></Extensions></Trackpoint><Trackpoint><Time>2026-03-03T16:03:18+00:00</Time><DistanceMeters>353.8</DistanceMeters><Position><LatitudeDegrees>50.856299</LatitudeDegrees><LongitudeDegrees>4.41598</LongitudeDegrees></Position><AltitudeMeters>78.5</AltitudeMeters><Cadence>52</Cadence><Extensions><TPX xmlns="http://www.garmin.com/xmlschemas/ActivityExtension/v2"><Speed>1.22</Speed></TPX></Extensions></Trackpoint><Trackpoint><Time>2026-03-03T16:03:19+00:00</Time><DistanceMeters>354.6</DistanceMeters><Position><LatitudeDegrees>50.856297</LatitudeDegrees><LongitudeDegrees>4.415968</LongitudeDegrees></Position><AltitudeMeters>78.5</AltitudeMeters><Cadence>52</Cadence><Extensions><TPX xmlns="http://www.garmin.com/xmlschemas/ActivityExtension/v2"><Speed>1.14</Speed></TPX></Extensions></Trackpoint><Trackpoint><Time>2026-03-03T16:03:20+00:00</Time><DistanceMeters>355.8</DistanceMeters><Position><LatitudeDegrees>50.856296</LatitudeDegrees><LongitudeDegrees>4.415952</LongitudeDegrees></Position><AltitudeMeters>78.5</AltitudeMeters><Cadence>52</Cadence><Extensions><TPX xmlns="http://www.garmin.com/xmlschemas/ActivityExtension/v2"><Speed>1.12</Speed></TPX></Extensions></Trackpoint><Trackpoint><Time>2026-03-03T16:03:21+00:00</Time><DistanceMeters>356.9</DistanceMeters><Position><LatitudeDegrees>50.856295</LatitudeDegrees><LongitudeDegrees>4.415936</LongitudeDegrees></Position><AltitudeMeters>78.6</AltitudeMeters><Cadence>52</Cadence><Extensions><TPX xmlns="http://www.garmin.com/xmlschemas/ActivityExtension/v2"><Speed>1.08</Speed></TPX></Extensions></Trackpoint><Trackpoint><Time>2026-03-03T16:03:22+00:00</Time><DistanceMeters>358.0</DistanceMeters><Position><LatitudeDegrees>50.856295</LatitudeDegrees><LongitudeDegrees>4.415919</LongitudeDegrees></Position><AltitudeMeters>78.6</AltitudeMeters><Cadence>52</Cadence><Extensions><TPX xmlns="http://www.garmin.com/xmlschemas/ActivityExtension/v2"><Speed>1.08</Speed></TPX></Extensions></Trackpoint><Trackpoint><Time>2026-03-03T16:03:23+00:00</Time><DistanceMeters>359.1</DistanceMeters><Position><LatitudeDegrees>50.856292</LatitudeDegrees><LongitudeDegrees>4.415904</LongitudeDegrees></Position><AltitudeMeters>78.6</AltitudeMeters><Cadence>53</Cadence><Extensions><TPX xmlns="http://www.garmin.com/xmlschemas/ActivityExtension/v2"><Speed>1.06</Speed></TPX></Extensions></Trackpoint><Trackpoint><Time>2026-03-03T16:03:24+00:00</Time><DistanceMeters>360.4</DistanceMeters><Position><LatitudeDegrees>50.85629</LatitudeDegrees><LongitudeDegrees>4.415887</LongitudeDegrees></Position><AltitudeMeters>78.6</AltitudeMeters><Cadence>53</Cadence><Extensions><TPX xmlns="http://www.garmin.com/xmlschemas/ActivityExtension/v2"><Speed>1.16</Speed></TPX></Extensions></Trackpoint><Trackpoint><Time>2026-03-03T16:03:25+00:00</Time><DistanceMeters>361.6</DistanceMeters><Position><LatitudeDegrees>50.85629</LatitudeDegrees><LongitudeDegrees>4.41587</LongitudeDegrees></Position><AltitudeMeters>78.6</AltitudeMeters><Cadence>53</Cadence><Extensions><TPX xmlns="http://www.garmin.com/xmlschemas/ActivityExtension/v2"><Speed>1.16</Speed></TPX></Extensions></Trackpoint><Trackpoint><Time>2026-03-03T16:03:26+00:00</Time><DistanceMeters>362.8</DistanceMeters><Position><LatitudeDegrees>50.856285</LatitudeDegrees><LongitudeDegrees>4.415854</LongitudeDegrees></Position><AltitudeMeters>78.6</AltitudeMeters><Cadence>53</Cadence><Extensions><TPX xmlns="http://www.garmin.com/xmlschemas/ActivityExtension/v2"><Speed>1.18</Speed></TPX></Extensions></Trackpoint><Trackpoint><Time>2026-03-03T16:03:27+00:00</Time><DistanceMeters>364.2</DistanceMeters><Position><LatitudeDegrees>50.856276</LatitudeDegrees><LongitudeDegrees>4.415838</LongitudeDegrees></Position><AltitudeMeters>78.7</AltitudeMeters><Cadence>54</Cadence><Extensions><TPX xmlns="http://www.garmin.com/xmlschemas/ActivityExtension/v2"><Speed>1.24</Speed></TPX></Extensions></Trackpoint><Trackpoint><Time>2026-03-03T16:03:28+00:00</Time><DistanceMeters>365.3</DistanceMeters><Position><LatitudeDegrees>50.856272</LatitudeDegrees><LongitudeDegrees>4.415823</LongitudeDegrees></Position><AltitudeMeters>78.7</AltitudeMeters><Cadence>54</Cadence><Extensions><TPX xmlns="http://www.garmin.com/xmlschemas/ActivityExtension/v2"><Speed>1.24</Speed></TPX></Extensions></Trackpoint><Trackpoint><Time>2026-03-03T16:03:29+00:00</Time><DistanceMeters>366.5</DistanceMeters><Position><LatitudeDegrees>50.856269</LatitudeDegrees><LongitudeDegrees>4.415808</LongitudeDegrees></Position><AltitudeMeters>78.7</AltitudeMeters><Cadence>54</Cadence><Extensions><TPX xmlns="http://www.garmin.com/xmlschemas/ActivityExtension/v2"><Speed>1.22</Speed></TPX></Extensions></Trackpoint><Trackpoint><Time>2026-03-03T16:03:30+00:00</Time><DistanceMeters>367.5</DistanceMeters><Position><LatitudeDegrees>50.856268</LatitudeDegrees><LongitudeDegrees>4.415793</LongitudeDegrees></Position><AltitudeMeters>78.7</AltitudeMeters><Cadence>54</Cadence><Extensions><TPX xmlns="http://www.garmin.com/xmlschemas/ActivityExtension/v2"><Speed>1.18</Speed></TPX></Extensions></Trackpoint><Trackpoint><Time>2026-03-03T16:03:31+00:00</Time><DistanceMeters>368.5</DistanceMeters><Position><LatitudeDegrees>50.856261</LatitudeDegrees><LongitudeDegrees>4.415782</LongitudeDegrees></Position><AltitudeMeters>78.7</AltitudeMeters><Cadence>54</Cadence><Extensions><TPX xmlns="http://www.garmin.com/xmlschemas/ActivityExtension/v2"><Speed>1.14</Speed></TPX></Extensions></Trackpoint><Trackpoint><Time>2026-03-03T16:03:32+00:00</Time><DistanceMeters>370.0</DistanceMeters><Position><LatitudeDegrees>50.856258</LatitudeDegrees><LongitudeDegrees>4.415761</LongitudeDegrees></Position><AltitudeMeters>78.8</AltitudeMeters><Cadence>55</Cadence><Extensions><TPX xmlns="http://www.garmin.com/xmlschemas/ActivityExtension/v2"><Speed>1.16</Speed></TPX></Extensions></Trackpoint><Trackpoint><Time>2026-03-03T16:03:33+00:00</Time><DistanceMeters>371.4</DistanceMeters><Position><LatitudeDegrees>50.856253</LatitudeDegrees><LongitudeDegrees>4.415743</LongitudeDegrees></Position><AltitudeMeters>78.8</AltitudeMeters><Cadence>55</Cadence><Extensions><TPX xmlns="http://www.garmin.com/xmlschemas/ActivityExtension/v2"><Speed>1.22</Speed></TPX></Extensions></Trackpoint><Trackpoint><Time>2026-03-03T16:03:34+00:00</Time><DistanceMeters>372.8</DistanceMeters><Position><LatitudeDegrees>50.856248</LatitudeDegrees><LongitudeDegrees>4.415725</LongitudeDegrees></Position><AltitudeMeters>78.8</AltitudeMeters><Cadence>54</Cadence><Extensions><TPX xmlns="http://www.garmin.com/xmlschemas/ActivityExtension/v2"><Speed>1.26</Speed></TPX></Extensions></Trackpoint><Trackpoint><Time>2026-03-03T16:03:35+00:00</Time><DistanceMeters>374.1</DistanceMeters><Position><LatitudeDegrees>50.856245</LatitudeDegrees><LongitudeDegrees>4.415707</LongitudeDegrees></Position><AltitudeMeters>78.8</AltitudeMeters><Cadence>54</Cadence><Extensions><TPX xmlns="http://www.garmin.com/xmlschemas/ActivityExtension/v2"><Speed>1.32</Speed></TPX></Extensions></Trackpoint><Trackpoint><Time>2026-03-03T16:03:36+00:00</Time><DistanceMeters>375.2</DistanceMeters><Position><LatitudeDegrees>50.856243</LatitudeDegrees><LongitudeDegrees>4.415691</LongitudeDegrees></Position><AltitudeMeters>78.8</AltitudeMeters><Cadence>54</Cadence><Extensions><TPX xmlns="http://www.garmin.com/xmlschemas/ActivityExtension/v2"><Speed>1.34</Speed></TPX></Extensions></Trackpoint><Trackpoint><Time>2026-03-03T16:03:37+00:00</Time><DistanceMeters>376.2</DistanceMeters><Position><LatitudeDegrees>50.856243</LatitudeDegrees><LongitudeDegrees>4.415677</LongitudeDegrees></Position><AltitudeMeters>78.8</AltitudeMeters><Cadence>54</Cadence><Extensions><TPX xmlns="http://www.garmin.com/xmlschemas/ActivityExtension/v2"><Speed>1.24</Speed></TPX></Extensions></Trackpoint><Trackpoint><Time>2026-03-03T16:03:38+00:00</Time><DistanceMeters>377.3</DistanceMeters><Position><LatitudeDegrees>50.856237</LatitudeDegrees><LongitudeDegrees>4.415663</LongitudeDegrees></Position><AltitudeMeters>78.9</AltitudeMeters><Cadence>54</Cadence><Extensions><TPX xmlns="http://www.garmin.com/xmlschemas/ActivityExtension/v2"><Speed>1.18</Speed></TPX></Extensions></Trackpoint><Trackpoint><Time>2026-03-03T16:03:39+00:00</Time><DistanceMeters>378.4</DistanceMeters><Position><LatitudeDegrees>50.856235</LatitudeDegrees><LongitudeDegrees>4.415647</LongitudeDegrees></Position><AltitudeMeters>78.9</AltitudeMeters><Cadence>54</Cadence><Extensions><TPX xmlns="http://www.garmin.com/xmlschemas/ActivityExtension/v2"><Speed>1.12</Speed></TPX></Extensions></Trackpoint><Trackpoint><Time>2026-03-03T16:03:40+00:00</Time><DistanceMeters>379.8</DistanceMeters><Position><LatitudeDegrees>50.856243</LatitudeDegrees><LongitudeDegrees>4.415626</LongitudeDegrees></Position><AltitudeMeters>78.9</AltitudeMeters><Cadence>54</Cadence><Extensions><TPX xmlns="http://www.garmin.com/xmlschemas/ActivityExtension/v2"><Speed>1.14</Speed></TPX></Extensions></Trackpoint><Trackpoint><Time>2026-03-03T16:03:41+00:00</Time><DistanceMeters>380.9</DistanceMeters><Position><LatitudeDegrees>50.856236</LatitudeDegrees><LongitudeDegrees>4.415612</LongitudeDegrees></Position><AltitudeMeters>78.9</AltitudeMeters><Cadence>54</Cadence><Extensions><TPX xmlns="http://www.garmin.com/xmlschemas/ActivityExtension/v2"><Speed>1.14</Speed></TPX></Extensions></Trackpoint><Trackpoint><Time>2026-03-03T16:03:42+00:00</Time><DistanceMeters>382.2</DistanceMeters><Position><LatitudeDegrees>50.856229</LatitudeDegrees><LongitudeDegrees>4.415595</LongitudeDegrees></Position><AltitudeMeters>78.9</AltitudeMeters><Cadence>54</Cadence><Extensions><TPX xmlns="http://www.garmin.com/xmlschemas/ActivityExtension/v2"><Speed>1.2</Speed></TPX></Extensions></Trackpoint><Trackpoint><Time>2026-03-03T16:03:43+00:00</Time><DistanceMeters>383.4</DistanceMeters><Position><LatitudeDegrees>50.856224</LatitudeDegrees><LongitudeDegrees>4.41558</LongitudeDegrees></Position><AltitudeMeters>78.9</AltitudeMeters><Cadence>54</Cadence><Extensions><TPX xmlns="http://www.garmin.com/xmlschemas/ActivityExtension/v2"><Speed>1.22</Speed></TPX></Extensions></Trackpoint><Trackpoint><Time>2026-03-03T16:03:44+00:00</Time><DistanceMeters>384.8</DistanceMeters><Position><LatitudeDegrees>50.856216</LatitudeDegrees><LongitudeDegrees>4.415563</LongitudeDegrees></Position><AltitudeMeters>79.0</AltitudeMeters><Cadence>54</Cadence><Extensions><TPX xmlns="http://www.garmin.com/xmlschemas/ActivityExtension/v2"><Speed>1.28</Speed></TPX></Extensions></Trackpoint><Trackpoint><Time>2026-03-03T16:03:45+00:00</Time><DistanceMeters>386.2</DistanceMeters><Position><LatitudeDegrees>50.856204</LatitudeDegrees><LongitudeDegrees>4.415549</LongitudeDegrees></Position><AltitudeMeters>79.0</AltitudeMeters><Cadence>53</Cadence><Extensions><TPX xmlns="http://www.garmin.com/xmlschemas/ActivityExtension/v2"><Speed>1.28</Speed></TPX></Extensions></Trackpoint><Trackpoint><Time>2026-03-03T16:03:46+00:00</Time><DistanceMeters>387.4</DistanceMeters><Position><LatitudeDegrees>50.856196</LatitudeDegrees><LongitudeDegrees>4.415536</LongitudeDegrees></Position><AltitudeMeters>79.0</AltitudeMeters><Cadence>53</Cadence><Extensions><TPX xmlns="http://www.garmin.com/xmlschemas/ActivityExtension/v2"><Speed>1.3</Speed></TPX></Extensions></Trackpoint><Trackpoint><Time>2026-03-03T16:03:47+00:00</Time><DistanceMeters>388.6</DistanceMeters><Position><LatitudeDegrees>50.856189</LatitudeDegrees><LongitudeDegrees>4.415522</LongitudeDegrees></Position><AltitudeMeters>79.0</AltitudeMeters><Cadence>53</Cadence><Extensions><TPX xmlns="http://www.garmin.com/xmlschemas/ActivityExtension/v2"><Speed>1.28</Speed></TPX></Extensions></Trackpoint><Trackpoint><Time>2026-03-03T16:03:48+00:00</Time><DistanceMeters>389.7</DistanceMeters><Position><LatitudeDegrees>50.856183</LatitudeDegrees><LongitudeDegrees>4.415509</LongitudeDegrees></Position><AltitudeMeters>79.0</AltitudeMeters><Cadence>54</Cadence><Extensions><TPX xmlns="http://www.garmin.com/xmlschemas/ActivityExtension/v2"><Speed>1.26</Speed></TPX></Extensions></Trackpoint><Trackpoint><Time>2026-03-03T16:03:49+00:00</Time><DistanceMeters>390.7</DistanceMeters><Position><LatitudeDegrees>50.856177</LatitudeDegrees><LongitudeDegrees>4.415497</LongitudeDegrees></Position><AltitudeMeters>79.0</AltitudeMeters><Cadence>55</Cadence><Extensions><TPX xmlns="http://www.garmin.com/xmlschemas/ActivityExtension/v2"><Speed>1.18</Speed></TPX></Extensions></Trackpoint><Trackpoint><Time>2026-03-03T16:03:50+00:00</Time><DistanceMeters>391.5</DistanceMeters><Position><LatitudeDegrees>50.856175</LatitudeDegrees><LongitudeDegrees>4.415487</LongitudeDegrees></Position><AltitudeMeters>79.0</AltitudeMeters><Cadence>55</Cadence><Extensions><TPX xmlns="http://www.garmin.com/xmlschemas/ActivityExtension/v2"><Speed>1.06</Speed></TPX></Extensions></Trackpoint><Trackpoint><Time>2026-03-03T16:03:51+00:00</Time><DistanceMeters>393.0</DistanceMeters><Position><LatitudeDegrees>50.856165</LatitudeDegrees><LongitudeDegrees>4.415469</LongitudeDegrees></Position><AltitudeMeters>79.1</AltitudeMeters><Cadence>55</Cadence><Extensions><TPX xmlns="http://www.garmin.com/xmlschemas/ActivityExtension/v2"><Speed>1.12</Speed></TPX></Extensions></Trackpoint><Trackpoint><Time>2026-03-03T16:03:52+00:00</Time><DistanceMeters>394.6</DistanceMeters><Position><LatitudeDegrees>50.856162</LatitudeDegrees><LongitudeDegrees>4.415448</LongitudeDegrees></Position><AltitudeMeters>79.1</AltitudeMeters><Cadence>55</Cadence><Extensions><TPX xmlns="http://www.garmin.com/xmlschemas/ActivityExtension/v2"><Speed>1.2</Speed></TPX></Extensions></Trackpoint><Trackpoint><Time>2026-03-03T16:03:53+00:00</Time><DistanceMeters>395.6</DistanceMeters><Position><LatitudeDegrees>50.856157</LatitudeDegrees><LongitudeDegrees>4.415435</LongitudeDegrees></Position><AltitudeMeters>79.1</AltitudeMeters><Cadence>55</Cadence><Extensions><TPX xmlns="http://www.garmin.com/xmlschemas/ActivityExtension/v2"><Speed>1.18</Speed></TPX></Extensions></Trackpoint><Trackpoint><Time>2026-03-03T16:03:54+00:00</Time><DistanceMeters>396.7</DistanceMeters><Position><LatitudeDegrees>50.856154</LatitudeDegrees><LongitudeDegrees>4.415421</LongitudeDegrees></Position><AltitudeMeters>79.1</AltitudeMeters><Cadence>54</Cadence><Extensions><TPX xmlns="http://www.garmin.com/xmlschemas/ActivityExtension/v2"><Speed>1.2</Speed></TPX></Extensions></Trackpoint><Trackpoint><Time>2026-03-03T16:03:55+00:00</Time><DistanceMeters>397.3</DistanceMeters><Position><LatitudeDegrees>50.856152</LatitudeDegrees><LongitudeDegrees>4.415413</LongitudeDegrees></Position><AltitudeMeters>79.1</AltitudeMeters><Cadence>53</Cadence><Extensions><TPX xmlns="http://www.garmin.com/xmlschemas/ActivityExtension/v2"><Speed>1.16</Speed></TPX></Extensions></Trackpoint><Trackpoint><Time>2026-03-03T16:03:56+00:00</Time><DistanceMeters>398.8</DistanceMeters><Position><LatitudeDegrees>50.856147</LatitudeDegrees><LongitudeDegrees>4.415393</LongitudeDegrees></Position><AltitudeMeters>79.2</AltitudeMeters><Cadence>53</Cadence><Extensions><TPX xmlns="http://www.garmin.com/xmlschemas/ActivityExtension/v2"><Speed>1.16</Speed></TPX></Extensions></Trackpoint><Trackpoint><Time>2026-03-03T16:03:57+00:00</Time><DistanceMeters>399.8</DistanceMeters><Position><LatitudeDegrees>50.856142</LatitudeDegrees><LongitudeDegrees>4.41538</LongitudeDegrees></Position><AltitudeMeters>79.2</AltitudeMeters><Cadence>52</Cadence><Extensions><TPX xmlns="http://www.garmin.com/xmlschemas/ActivityExtension/v2"><Speed>1.04</Speed></TPX></Extensions></Trackpoint><Trackpoint><Time>2026-03-03T16:03:58+00:00</Time><DistanceMeters>400.8</DistanceMeters><Position><LatitudeDegrees>50.856139</LatitudeDegrees><LongitudeDegrees>4.415367</LongitudeDegrees></Position><AltitudeMeters>79.2</AltitudeMeters><Cadence>53</Cadence><Extensions><TPX xmlns="http://www.garmin.com/xmlschemas/ActivityExtension/v2"><Speed>1.04</Speed></TPX></Extensions></Trackpoint><Trackpoint><Time>2026-03-03T16:03:59+00:00</Time><DistanceMeters>402.0</DistanceMeters><Position><LatitudeDegrees>50.856134</LatitudeDegrees><LongitudeDegrees>4.415352</LongitudeDegrees></Position><AltitudeMeters>79.2</AltitudeMeters><Cadence>52</Cadence><Extensions><TPX xmlns="http://www.garmin.com/xmlschemas/ActivityExtension/v2"><Speed>1.06</Speed></TPX></Extensions></Trackpoint><Trackpoint><Time>2026-03-03T16:04:00+00:00</Time><DistanceMeters>403.1</DistanceMeters><Position><LatitudeDegrees>50.856128</LatitudeDegrees><LongitudeDegrees>4.415339</LongitudeDegrees></Position><AltitudeMeters>79.2</AltitudeMeters><Cadence>53</Cadence><Extensions><TPX xmlns="http://www.garmin.com/xmlschemas/ActivityExtension/v2"><Speed>1.16</Speed></TPX></Extensions></Trackpoint><Trackpoint><Time>2026-03-03T16:04:01+00:00</Time><DistanceMeters>404.2</DistanceMeters><Position><LatitudeDegrees>50.856122</LatitudeDegrees><LongitudeDegrees>4.415328</LongitudeDegrees></Position><AltitudeMeters>79.2</AltitudeMeters><Cadence>53</Cadence><Extensions><TPX xmlns="http://www.garmin.com/xmlschemas/ActivityExtension/v2"><Speed>1.08</Speed></TPX></Extensions></Trackpoint><Trackpoint><Time>2026-03-03T16:04:02+00:00</Time><DistanceMeters>405.3</DistanceMeters><Position><LatitudeDegrees>50.856115</LatitudeDegrees><LongitudeDegrees>4.415315</LongitudeDegrees></Position><AltitudeMeters>79.2</AltitudeMeters><Cadence>53</Cadence><Extensions><TPX xmlns="http://www.garmin.com/xmlschemas/ActivityExtension/v2"><Speed>1.1</Speed></TPX></Extensions></Trackpoint><Trackpoint><Time>2026-03-03T16:04:03+00:00</Time><DistanceMeters>407.1</DistanceMeters><Position><LatitudeDegrees>50.856108</LatitudeDegrees><LongitudeDegrees>4.415291</LongitudeDegrees></Position><AltitudeMeters>79.3</AltitudeMeters><Cadence>53</Cadence><Extensions><TPX xmlns="http://www.garmin.com/xmlschemas/ActivityExtension/v2"><Speed>1.26</Speed></TPX></Extensions></Trackpoint><Trackpoint><Time>2026-03-03T16:04:04+00:00</Time><DistanceMeters>408.3</DistanceMeters><Position><LatitudeDegrees>50.856106</LatitudeDegrees><LongitudeDegrees>4.415275</LongitudeDegrees></Position><AltitudeMeters>79.3</AltitudeMeters><Cadence>53</Cadence><Extensions><TPX xmlns="http://www.garmin.com/xmlschemas/ActivityExtension/v2"><Speed>1.26</Speed></TPX></Extensions></Trackpoint><Trackpoint><Time>2026-03-03T16:04:05+00:00</Time><DistanceMeters>409.4</DistanceMeters><Position><LatitudeDegrees>50.856102</LatitudeDegrees><LongitudeDegrees>4.415261</LongitudeDegrees></Position><AltitudeMeters>79.3</AltitudeMeters><Cadence>53</Cadence><Extensions><TPX xmlns="http://www.garmin.com/xmlschemas/ActivityExtension/v2"><Speed>1.26</Speed></TPX></Extensions></Trackpoint><Trackpoint><Time>2026-03-03T16:04:06+00:00</Time><DistanceMeters>410.5</DistanceMeters><Position><LatitudeDegrees>50.856098</LatitudeDegrees><LongitudeDegrees>4.415246</LongitudeDegrees></Position><AltitudeMeters>79.3</AltitudeMeters><Cadence>53</Cadence><Extensions><TPX xmlns="http://www.garmin.com/xmlschemas/ActivityExtension/v2"><Speed>1.26</Speed></TPX></Extensions></Trackpoint><Trackpoint><Time>2026-03-03T16:04:07+00:00</Time><DistanceMeters>411.6</DistanceMeters><Position><LatitudeDegrees>50.856093</LatitudeDegrees><LongitudeDegrees>4.415232</LongitudeDegrees></Position><AltitudeMeters>79.3</AltitudeMeters><Cadence>53</Cadence><Extensions><TPX xmlns="http://www.garmin.com/xmlschemas/ActivityExtension/v2"><Speed>1.26</Speed></TPX></Extensions></Trackpoint><Trackpoint><Time>2026-03-03T16:04:08+00:00</Time><DistanceMeters>413.1</DistanceMeters><Position><LatitudeDegrees>50.856084</LatitudeDegrees><LongitudeDegrees>4.415215</LongitudeDegrees></Position><AltitudeMeters>79.4</AltitudeMeters><Cadence>54</Cadence><Extensions><TPX xmlns="http://www.garmin.com/xmlschemas/ActivityExtension/v2"><Speed>1.2</Speed></TPX></Extensions></Trackpoint><Trackpoint><Time>2026-03-03T16:04:09+00:00</Time><DistanceMeters>414.3</DistanceMeters><Position><LatitudeDegrees>50.856081</LatitudeDegrees><LongitudeDegrees>4.415199</LongitudeDegrees></Position><AltitudeMeters>79.4</AltitudeMeters><Cadence>54</Cadence><Extensions><TPX xmlns="http://www.garmin.com/xmlschemas/ActivityExtension/v2"><Speed>1.2</Speed></TPX></Extensions></Trackpoint><Trackpoint><Time>2026-03-03T16:04:10+00:00</Time><DistanceMeters>415.3</DistanceMeters><Position><LatitudeDegrees>50.856075</LatitudeDegrees><LongitudeDegrees>4.415189</LongitudeDegrees></Position><AltitudeMeters>79.4</AltitudeMeters><Cadence>54</Cadence><Extensions><TPX xmlns="http://www.garmin.com/xmlschemas/ActivityExtension/v2"><Speed>1.18</Speed></TPX></Extensions></Trackpoint><Trackpoint><Time>2026-03-03T16:04:11+00:00</Time><DistanceMeters>417.8</DistanceMeters><Position><LatitudeDegrees>50.856101</LatitudeDegrees><LongitudeDegrees>4.415141</LongitudeDegrees></Position><AltitudeMeters>79.5</AltitudeMeters><Cadence>54</Cadence><Extensions><TPX xmlns="http://www.garmin.com/xmlschemas/ActivityExtension/v2"><Speed>1.46</Speed></TPX></Extensions></Trackpoint><Trackpoint><Time>2026-03-03T16:04:12+00:00</Time><DistanceMeters>419.9</DistanceMeters><Position><LatitudeDegrees>50.85611</LatitudeDegrees><LongitudeDegrees>4.415107</LongitudeDegrees></Position><AltitudeMeters>79.5</AltitudeMeters><Cadence>54</Cadence><Extensions><TPX xmlns="http://www.garmin.com/xmlschemas/ActivityExtension/v2"><Speed>1.66</Speed></TPX></Extensions></Trackpoint><Trackpoint><Time>2026-03-03T16:04:13+00:00</Time><DistanceMeters>421.4</DistanceMeters><Position><LatitudeDegrees>50.8561</LatitudeDegrees><LongitudeDegrees>4.41509</LongitudeDegrees></Position><AltitudeMeters>79.5</AltitudeMeters><Cadence>54</Cadence><Extensions><TPX xmlns="http://www.garmin.com/xmlschemas/ActivityExtension/v2"><Speed>1.66</Speed></TPX></Extensions></Trackpoint><Trackpoint><Time>2026-03-03T16:04:14+00:00</Time><DistanceMeters>422.8</DistanceMeters><Position><LatitudeDegrees>50.856093</LatitudeDegrees><LongitudeDegrees>4.415073</LongitudeDegrees></Position><AltitudeMeters>79.5</AltitudeMeters><Cadence>54</Cadence><Extensions><TPX xmlns="http://www.garmin.com/xmlschemas/ActivityExtension/v2"><Speed>1.7</Speed></TPX></Extensions></Trackpoint><Trackpoint><Time>2026-03-03T16:04:15+00:00</Time><DistanceMeters>424.2</DistanceMeters><Position><LatitudeDegrees>50.856086</LatitudeDegrees><LongitudeDegrees>4.415055</LongitudeDegrees></Position><AltitudeMeters>79.6</AltitudeMeters><Cadence>54</Cadence><Extensions><TPX xmlns="http://www.garmin.com/xmlschemas/ActivityExtension/v2"><Speed>1.78</Speed></TPX></Extensions></Trackpoint><Trackpoint><Time>2026-03-03T16:04:16+00:00</Time><DistanceMeters>425.5</DistanceMeters><Position><LatitudeDegrees>50.856081</LatitudeDegrees><LongitudeDegrees>4.415038</LongitudeDegrees></Position><AltitudeMeters>79.6</AltitudeMeters><Cadence>54</Cadence><Extensions><TPX xmlns="http://www.garmin.com/xmlschemas/ActivityExtension/v2"><Speed>1.54</Speed></TPX></Extensions></Trackpoint><Trackpoint><Time>2026-03-03T16:04:17+00:00</Time><DistanceMeters>426.8</DistanceMeters><Position><LatitudeDegrees>50.856072</LatitudeDegrees><LongitudeDegrees>4.415025</LongitudeDegrees></Position><AltitudeMeters>79.6</AltitudeMeters><Cadence>54</Cadence><Extensions><TPX xmlns="http://www.garmin.com/xmlschemas/ActivityExtension/v2"><Speed>1.38</Speed></TPX></Extensions></Trackpoint><Trackpoint><Time>2026-03-03T16:04:18+00:00</Time><DistanceMeters>428.8</DistanceMeters><Position><LatitudeDegrees>50.856062</LatitudeDegrees><LongitudeDegrees>4.415002</LongitudeDegrees></Position><AltitudeMeters>79.6</AltitudeMeters><Cadence>55</Cadence><Extensions><TPX xmlns="http://www.garmin.com/xmlschemas/ActivityExtension/v2"><Speed>1.48</Speed></TPX></Extensions></Trackpoint><Trackpoint><Time>2026-03-03T16:04:19+00:00</Time><DistanceMeters>429.9</DistanceMeters><Position><LatitudeDegrees>50.856059</LatitudeDegrees><LongitudeDegrees>4.414986</LongitudeDegrees></Position><AltitudeMeters>79.6</AltitudeMeters><Cadence>55</Cadence><Extensions><TPX xmlns="http://www.garmin.com/xmlschemas/ActivityExtension/v2"><Speed>1.42</Speed></TPX></Extensions></Trackpoint><Trackpoint><Time>2026-03-03T16:04:20+00:00</Time><DistanceMeters>431.1</DistanceMeters><Position><LatitudeDegrees>50.856054</LatitudeDegrees><LongitudeDegrees>4.414971</LongitudeDegrees></Position><AltitudeMeters>79.6</AltitudeMeters><Cadence>55</Cadence><Extensions><TPX xmlns="http://www.garmin.com/xmlschemas/ActivityExtension/v2"><Speed>1.38</Speed></TPX></Extensions></Trackpoint><Trackpoint><Time>2026-03-03T16:04:21+00:00</Time><DistanceMeters>432.9</DistanceMeters><Position><LatitudeDegrees>50.856044</LatitudeDegrees><LongitudeDegrees>4.41495</LongitudeDegrees></Position><AltitudeMeters>79.7</AltitudeMeters><Cadence>55</Cadence><Extensions><TPX xmlns="http://www.garmin.com/xmlschemas/ActivityExtension/v2"><Speed>1.48</Speed></TPX></Extensions></Trackpoint><Trackpoint><Time>2026-03-03T16:04:22+00:00</Time><DistanceMeters>434.6</DistanceMeters><Position><LatitudeDegrees>50.856035</LatitudeDegrees><LongitudeDegrees>4.41493</LongitudeDegrees></Position><AltitudeMeters>79.7</AltitudeMeters><Cadence>54</Cadence><Extensions><TPX xmlns="http://www.garmin.com/xmlschemas/ActivityExtension/v2"><Speed>1.56</Speed></TPX></Extensions></Trackpoint><Trackpoint><Time>2026-03-03T16:04:23+00:00</Time><DistanceMeters>436.4</DistanceMeters><Position><LatitudeDegrees>50.856028</LatitudeDegrees><LongitudeDegrees>4.414908</LongitudeDegrees></Position><AltitudeMeters>79.7</AltitudeMeters><Cadence>54</Cadence><Extensions><TPX xmlns="http://www.garmin.com/xmlschemas/ActivityExtension/v2"><Speed>1.52</Speed></TPX></Extensions></Trackpoint><Trackpoint><Time>2026-03-03T16:04:24+00:00</Time><DistanceMeters>438.0</DistanceMeters><Position><LatitudeDegrees>50.85602</LatitudeDegrees><LongitudeDegrees>4.414889</LongitudeDegrees></Position><AltitudeMeters>79.7</AltitudeMeters><Cadence>54</Cadence><Extensions><TPX xmlns="http://www.garmin.com/xmlschemas/ActivityExtension/v2"><Speed>1.62</Speed></TPX></Extensions></Trackpoint><Trackpoint><Time>2026-03-03T16:04:25+00:00</Time><DistanceMeters>439.6</DistanceMeters><Position><LatitudeDegrees>50.856011</LatitudeDegrees><LongitudeDegrees>4.41487</LongitudeDegrees></Position><AltitudeMeters>79.7</AltitudeMeters><Cadence>54</Cadence><Extensions><TPX xmlns="http://www.garmin.com/xmlschemas/ActivityExtension/v2"><Speed>1.7</Speed></TPX></Extensions></Trackpoint><Trackpoint><Time>2026-03-03T16:04:26+00:00</Time><DistanceMeters>441.5</DistanceMeters><Position><LatitudeDegrees>50.855998</LatitudeDegrees><LongitudeDegrees>4.414854</LongitudeDegrees></Position><AltitudeMeters>79.8</AltitudeMeters><Cadence>53</Cadence><Extensions><TPX xmlns="http://www.garmin.com/xmlschemas/ActivityExtension/v2"><Speed>1.72</Speed></TPX></Extensions></Trackpoint><Trackpoint><Time>2026-03-03T16:04:27+00:00</Time><DistanceMeters>443.3</DistanceMeters><Position><LatitudeDegrees>50.855986</LatitudeDegrees><LongitudeDegrees>4.414834</LongitudeDegrees></Position><AltitudeMeters>79.8</AltitudeMeters><Cadence>53</Cadence><Extensions><TPX xmlns="http://www.garmin.com/xmlschemas/ActivityExtension/v2"><Speed>1.74</Speed></TPX></Extensions></Trackpoint><Trackpoint><Time>2026-03-03T16:04:28+00:00</Time><DistanceMeters>445.2</DistanceMeters><Position><LatitudeDegrees>50.855977</LatitudeDegrees><LongitudeDegrees>4.414811</LongitudeDegrees></Position><AltitudeMeters>79.8</AltitudeMeters><Cadence>54</Cadence><Extensions><TPX xmlns="http://www.garmin.com/xmlschemas/ActivityExtension/v2"><Speed>1.76</Speed></TPX></Extensions></Trackpoint><Trackpoint><Time>2026-03-03T16:04:29+00:00</Time><DistanceMeters>447.0</DistanceMeters><Position><LatitudeDegrees>50.855965</LatitudeDegrees><LongitudeDegrees>4.414792</LongitudeDegrees></Position><AltitudeMeters>79.8</AltitudeMeters><Cadence>55</Cadence><Extensions><TPX xmlns="http://www.garmin.com/xmlschemas/ActivityExtension/v2"><Speed>1.8</Speed></TPX></Extensions></Trackpoint><Trackpoint><Time>2026-03-03T16:04:30+00:00</Time><DistanceMeters>448.9</DistanceMeters><Position><LatitudeDegrees>50.855953</LatitudeDegrees><LongitudeDegrees>4.414773</LongitudeDegrees></Position><AltitudeMeters>79.8</AltitudeMeters><Cadence>55</Cadence><Extensions><TPX xmlns="http://www.garmin.com/xmlschemas/ActivityExtension/v2"><Speed>1.86</Speed></TPX></Extensions></Trackpoint><Trackpoint><Time>2026-03-03T16:04:31+00:00</Time><DistanceMeters>450.9</DistanceMeters><Position><LatitudeDegrees>50.855936</LatitudeDegrees><LongitudeDegrees>4.414754</LongitudeDegrees></Position><AltitudeMeters>79.9</AltitudeMeters><Cadence>55</Cadence><Extensions><TPX xmlns="http://www.garmin.com/xmlschemas/ActivityExtension/v2"><Speed>1.88</Speed></TPX></Extensions></Trackpoint><Trackpoint><Time>2026-03-03T16:04:32+00:00</Time><DistanceMeters>453.6</DistanceMeters><Position><LatitudeDegrees>50.855912</LatitudeDegrees><LongitudeDegrees>4.414735</LongitudeDegrees></Position><AltitudeMeters>79.9</AltitudeMeters><Cadence>54</Cadence><Extensions><TPX xmlns="http://www.garmin.com/xmlschemas/ActivityExtension/v2"><Speed>2.06</Speed></TPX></Extensions></Trackpoint><Trackpoint><Time>2026-03-03T16:04:33+00:00</Time><DistanceMeters>455.1</DistanceMeters><Position><LatitudeDegrees>50.855901</LatitudeDegrees><LongitudeDegrees>4.414721</LongitudeDegrees></Position><AltitudeMeters>79.9</AltitudeMeters><Cadence>54</Cadence><Extensions><TPX xmlns="http://www.garmin.com/xmlschemas/ActivityExtension/v2"><Speed>1.98</Speed></TPX></Extensions></Trackpoint><Trackpoint><Time>2026-03-03T16:04:34+00:00</Time><DistanceMeters>456.5</DistanceMeters><Position><LatitudeDegrees>50.855889</LatitudeDegrees><LongitudeDegrees>4.414715</LongitudeDegrees></Position><AltitudeMeters>79.9</AltitudeMeters><Cadence>55</Cadence><Extensions><TPX xmlns="http://www.garmin.com/xmlschemas/ActivityExtension/v2"><Speed>1.9</Speed></TPX></Extensions></Trackpoint><Trackpoint><Time>2026-03-03T16:04:35+00:00</Time><DistanceMeters>458.1</DistanceMeters><Position><LatitudeDegrees>50.855875</LatitudeDegrees><LongitudeDegrees>4.414714</LongitudeDegrees></Position><AltitudeMeters>79.9</AltitudeMeters><Cadence>55</Cadence><Extensions><TPX xmlns="http://www.garmin.com/xmlschemas/ActivityExtension/v2"><Speed>1.84</Speed></TPX></Extensions></Trackpoint><Trackpoint><Time>2026-03-03T16:04:36+00:00</Time><DistanceMeters>460.0</DistanceMeters><Position><LatitudeDegrees>50.855857</LatitudeDegrees><LongitudeDegrees>4.414713</LongitudeDegrees></Position><AltitudeMeters>79.9</AltitudeMeters><Cadence>54</Cadence><Extensions><TPX xmlns="http://www.garmin.com/xmlschemas/ActivityExtension/v2"><Speed>1.82</Speed></TPX></Extensions></Trackpoint><Trackpoint><Time>2026-03-03T16:04:37+00:00</Time><DistanceMeters>461.5</DistanceMeters><Position><LatitudeDegrees>50.855844</LatitudeDegrees><LongitudeDegrees>4.414718</LongitudeDegrees></Position><AltitudeMeters>79.9</AltitudeMeters><Cadence>53</Cadence><Extensions><TPX xmlns="http://www.garmin.com/xmlschemas/ActivityExtension/v2"><Speed>1.58</Speed></TPX></Extensions></Trackpoint><Trackpoint><Time>2026-03-03T16:04:38+00:00</Time><DistanceMeters>463.1</DistanceMeters><Position><LatitudeDegrees>50.85583</LatitudeDegrees><LongitudeDegrees>4.414724</LongitudeDegrees></Position><AltitudeMeters>79.9</AltitudeMeters><Cadence>53</Cadence><Extensions><TPX xmlns="http://www.garmin.com/xmlschemas/ActivityExtension/v2"><Speed>1.6</Speed></TPX></Extensions></Trackpoint><Trackpoint><Time>2026-03-03T16:04:39+00:00</Time><DistanceMeters>464.5</DistanceMeters><Position><LatitudeDegrees>50.855818</LatitudeDegrees><LongitudeDegrees>4.41473</LongitudeDegrees></Position><AltitudeMeters>79.9</AltitudeMeters><Cadence>53</Cadence><Extensions><TPX xmlns="http://www.garmin.com/xmlschemas/ActivityExtension/v2"><Speed>1.6</Speed></TPX></Extensions></Trackpoint><Trackpoint><Time>2026-03-03T16:04:40+00:00</Time><DistanceMeters>465.8</DistanceMeters><Position><LatitudeDegrees>50.855806</LatitudeDegrees><LongitudeDegrees>4.414733</LongitudeDegrees></Position><AltitudeMeters>79.8</AltitudeMeters><Cadence>55</Cadence><Extensions><TPX xmlns="http://www.garmin.com/xmlschemas/ActivityExtension/v2"><Speed>1.54</Speed></TPX></Extensions></Trackpoint><Trackpoint><Time>2026-03-03T16:04:41+00:00</Time><DistanceMeters>467.0</DistanceMeters><Position><LatitudeDegrees>50.855796</LatitudeDegrees><LongitudeDegrees>4.41474</LongitudeDegrees></Position><AltitudeMeters>79.8</AltitudeMeters><Cadence>55</Cadence><Extensions><TPX xmlns="http://www.garmin.com/xmlschemas/ActivityExtension/v2"><Speed>1.4</Speed></TPX></Extensions></Trackpoint><Trackpoint><Time>2026-03-03T16:04:42+00:00</Time><DistanceMeters>468.4</DistanceMeters><Position><LatitudeDegrees>50.855785</LatitudeDegrees><LongitudeDegrees>4.414746</LongitudeDegrees></Position><AltitudeMeters>79.8</AltitudeMeters><Cadence>55</Cadence><Extensions><TPX xmlns="http://www.garmin.com/xmlschemas/ActivityExtension/v2"><Speed>1.38</Speed></TPX></Extensions></Trackpoint><Trackpoint><Time>2026-03-03T16:04:43+00:00</Time><DistanceMeters>469.7</DistanceMeters><Position><LatitudeDegrees>50.855774</LatitudeDegrees><LongitudeDegrees>4.414753</LongitudeDegrees></Position><AltitudeMeters>79.8</AltitudeMeters><Cadence>55</Cadence><Extensions><TPX xmlns="http://www.garmin.com/xmlschemas/ActivityExtension/v2"><Speed>1.32</Speed></TPX></Extensions></Trackpoint><Trackpoint><Time>2026-03-03T16:04:44+00:00</Time><DistanceMeters>471.0</DistanceMeters><Position><LatitudeDegrees>50.855763</LatitudeDegrees><LongitudeDegrees>4.414764</LongitudeDegrees></Position><AltitudeMeters>79.8</AltitudeMeters><Cadence>55</Cadence><Extensions><TPX xmlns="http://www.garmin.com/xmlschemas/ActivityExtension/v2"><Speed>1.3</Speed></TPX></Extensions></Trackpoint><Trackpoint><Time>2026-03-03T16:04:45+00:00</Time><DistanceMeters>472.4</DistanceMeters><Position><LatitudeDegrees>50.855753</LatitudeDegrees><LongitudeDegrees>4.414773</LongitudeDegrees></Position><AltitudeMeters>79.8</AltitudeMeters><Cadence>55</Cadence><Extensions><TPX xmlns="http://www.garmin.com/xmlschemas/ActivityExtension/v2"><Speed>1.32</Speed></TPX></Extensions></Trackpoint><Trackpoint><Time>2026-03-03T16:04:46+00:00</Time><DistanceMeters>473.7</DistanceMeters><Position><LatitudeDegrees>50.855743</LatitudeDegrees><LongitudeDegrees>4.414784</LongitudeDegrees></Position><AltitudeMeters>79.8</AltitudeMeters><Cadence>55</Cadence><Extensions><TPX xmlns="http://www.garmin.com/xmlschemas/ActivityExtension/v2"><Speed>1.34</Speed></TPX></Extensions></Trackpoint><Trackpoint><Time>2026-03-03T16:04:47+00:00</Time><DistanceMeters>474.9</DistanceMeters><Position><LatitudeDegrees>50.855733</LatitudeDegrees><LongitudeDegrees>4.414791</LongitudeDegrees></Position><AltitudeMeters>79.7</AltitudeMeters><Cadence>55</Cadence><Extensions><TPX xmlns="http://www.garmin.com/xmlschemas/ActivityExtension/v2"><Speed>1.3</Speed></TPX></Extensions></Trackpoint><Trackpoint><Time>2026-03-03T16:04:48+00:00</Time><DistanceMeters>476.2</DistanceMeters><Position><LatitudeDegrees>50.855724</LatitudeDegrees><LongitudeDegrees>4.414804</LongitudeDegrees></Position><AltitudeMeters>79.7</AltitudeMeters><Cadence>55</Cadence><Extensions><TPX xmlns="http://www.garmin.com/xmlschemas/ActivityExtension/v2"><Speed>1.3</Speed></TPX></Extensions></Trackpoint><Trackpoint><Time>2026-03-03T16:04:49+00:00</Time><DistanceMeters>477.4</DistanceMeters><Position><LatitudeDegrees>50.855715</LatitudeDegrees><LongitudeDegrees>4.414814</LongitudeDegrees></Position><AltitudeMeters>79.7</AltitudeMeters><Cadence>55</Cadence><Extensions><TPX xmlns="http://www.garmin.com/xmlschemas/ActivityExtension/v2"><Speed>1.28</Speed></TPX></Extensions></Trackpoint><Trackpoint><Time>2026-03-03T16:04:50+00:00</Time><DistanceMeters>478.5</DistanceMeters><Position><LatitudeDegrees>50.855708</LatitudeDegrees><LongitudeDegrees>4.414826</LongitudeDegrees></Position><AltitudeMeters>79.7</AltitudeMeters><Cadence>55</Cadence><Extensions><TPX xmlns="http://www.garmin.com/xmlschemas/ActivityExtension/v2"><Speed>1.22</Speed></TPX></Extensions></Trackpoint><Trackpoint><Time>2026-03-03T16:04:51+00:00</Time><DistanceMeters>479.5</DistanceMeters><Position><LatitudeDegrees>50.855701</LatitudeDegrees><LongitudeDegrees>4.414836</LongitudeDegrees></Position><AltitudeMeters>79.7</AltitudeMeters><Cadence>55</Cadence><Extensions><TPX xmlns="http://www.garmin.com/xmlschemas/ActivityExtension/v2"><Speed>1.16</Speed></TPX></Extensions></Trackpoint><Trackpoint><Time>2026-03-03T16:04:52+00:00</Time><DistanceMeters>481.0</DistanceMeters><Position><LatitudeDegrees>50.855692</LatitudeDegrees><LongitudeDegrees>4.414853</LongitudeDegrees></Position><AltitudeMeters>79.7</AltitudeMeters><Cadence>55</Cadence><Extensions><TPX xmlns="http://www.garmin.com/xmlschemas/ActivityExtension/v2"><Speed>1.22</Speed></TPX></Extensions></Trackpoint><Trackpoint><Time>2026-03-03T16:04:53+00:00</Time><DistanceMeters>482.8</DistanceMeters><Position><LatitudeDegrees>50.855681</LatitudeDegrees><LongitudeDegrees>4.414874</LongitudeDegrees></Position><AltitudeMeters>79.7</AltitudeMeters><Cadence>55</Cadence><Extensions><TPX xmlns="http://www.garmin.com/xmlschemas/ActivityExtension/v2"><Speed>1.32</Speed></TPX></Extensions></Trackpoint><Trackpoint><Time>2026-03-03T16:04:54+00:00</Time><DistanceMeters>484.5</DistanceMeters><Position><LatitudeDegrees>50.85567</LatitudeDegrees><LongitudeDegrees>4.414891</LongitudeDegrees></Position><AltitudeMeters>79.6</AltitudeMeters><Cadence>55</Cadence><Extensions><TPX xmlns="http://www.garmin.com/xmlschemas/ActivityExtension/v2"><Speed>1.42</Speed></TPX></Extensions></Trackpoint><Trackpoint><Time>2026-03-03T16:04:55+00:00</Time><DistanceMeters>486.2</DistanceMeters><Position><LatitudeDegrees>50.855657</LatitudeDegrees><LongitudeDegrees>4.414903</LongitudeDegrees></Position><AltitudeMeters>79.6</AltitudeMeters><Cadence>55</Cadence><Extensions><TPX xmlns="http://www.garmin.com/xmlschemas/ActivityExtension/v2"><Speed>1.54</Speed></TPX></Extensions></Trackpoint><Trackpoint><Time>2026-03-03T16:04:56+00:00</Time><DistanceMeters>487.8</DistanceMeters><Position><LatitudeDegrees>50.855647</LatitudeDegrees><LongitudeDegrees>4.41492</LongitudeDegrees></Position><AltitudeMeters>79.6</AltitudeMeters><Cadence>55</Cadence><Extensions><TPX xmlns="http://www.garmin.com/xmlschemas/ActivityExtension/v2"><Speed>1.66</Speed></TPX></Extensions></Trackpoint><Trackpoint><Time>2026-03-03T16:04:57+00:00</Time><DistanceMeters>490.0</DistanceMeters><Position><LatitudeDegrees>50.855635</LatitudeDegrees><LongitudeDegrees>4.414947</LongitudeDegrees></Position><AltitudeMeters>79.6</AltitudeMeters><Cadence>55</Cadence><Extensions><TPX xmlns="http://www.garmin.com/xmlschemas/ActivityExtension/v2"><Speed>1.8</Speed></TPX></Extensions></Trackpoint><Trackpoint><Time>2026-03-03T16:04:58+00:00</Time><DistanceMeters>491.9</DistanceMeters><Position><LatitudeDegrees>50.855624</LatitudeDegrees><LongitudeDegrees>4.414967</LongitudeDegrees></Position><AltitudeMeters>79.6</AltitudeMeters><Cadence>55</Cadence><Extensions><TPX xmlns="http://www.garmin.com/xmlschemas/ActivityExtension/v2"><Speed>1.82</Speed></TPX></Extensions></Trackpoint><Trackpoint><Time>2026-03-03T16:04:59+00:00</Time><DistanceMeters>492.8</DistanceMeters><Position><LatitudeDegrees>50.85562</LatitudeDegrees><LongitudeDegrees>4.41498</LongitudeDegrees></Position><AltitudeMeters>79.5</AltitudeMeters><Cadence>55</Cadence><Extensions><TPX xmlns="http://www.garmin.com/xmlschemas/ActivityExtension/v2"><Speed>1.66</Speed></TPX></Extensions></Trackpoint><Trackpoint><Time>2026-03-03T16:05:00+00:00</Time><DistanceMeters>494.4</DistanceMeters><Position><LatitudeDegrees>50.85561</LatitudeDegrees><LongitudeDegrees>4.414997</LongitudeDegrees></Position><AltitudeMeters>79.5</AltitudeMeters><Cadence>53</Cadence><Extensions><TPX xmlns="http://www.garmin.com/xmlschemas/ActivityExtension/v2"><Speed>1.64</Speed></TPX></Extensions></Trackpoint><Trackpoint><Time>2026-03-03T16:05:01+00:00</Time><DistanceMeters>495.9</DistanceMeters><Position><LatitudeDegrees>50.855603</LatitudeDegrees><LongitudeDegrees>4.415013</LongitudeDegrees></Position><AltitudeMeters>79.5</AltitudeMeters><Cadence>53</Cadence><Extensions><TPX xmlns="http://www.garmin.com/xmlschemas/ActivityExtension/v2"><Speed>1.62</Speed></TPX></Extensions></Trackpoint><Trackpoint><Time>2026-03-03T16:05:02+00:00</Time><DistanceMeters>497.0</DistanceMeters><Position><LatitudeDegrees>50.855598</LatitudeDegrees><LongitudeDegrees>4.415028</LongitudeDegrees></Position><AltitudeMeters>79.5</AltitudeMeters><Cadence>53</Cadence><Extensions><TPX xmlns="http://www.garmin.com/xmlschemas/ActivityExtension/v2"><Speed>1.4</Speed></TPX></Extensions></Trackpoint><Trackpoint><Time>2026-03-03T16:05:03+00:00</Time><DistanceMeters>498.4</DistanceMeters><Position><LatitudeDegrees>50.855589</LatitudeDegrees><LongitudeDegrees>4.415043</LongitudeDegrees></Position><AltitudeMeters>79.5</AltitudeMeters><Cadence>53</Cadence><Extensions><TPX xmlns="http://www.garmin.com/xmlschemas/ActivityExtension/v2"><Speed>1.3</Speed></TPX></Extensions></Trackpoint><Trackpoint><Time>2026-03-03T16:05:04+00:00</Time><DistanceMeters>499.7</DistanceMeters><Position><LatitudeDegrees>50.85558</LatitudeDegrees><LongitudeDegrees>4.415054</LongitudeDegrees></Position><AltitudeMeters>79.5</AltitudeMeters><Cadence>55</Cadence><Extensions><TPX xmlns="http://www.garmin.com/xmlschemas/ActivityExtension/v2"><Speed>1.38</Speed></TPX></Extensions></Trackpoint><Trackpoint><Time>2026-03-03T16:05:05+00:00</Time><DistanceMeters>500.9</DistanceMeters><Position><LatitudeDegrees>50.855572</LatitudeDegrees><LongitudeDegrees>4.415065</LongitudeDegrees></Position><AltitudeMeters>79.4</AltitudeMeters><Cadence>55</Cadence><Extensions><TPX xmlns="http://www.garmin.com/xmlschemas/ActivityExtension/v2"><Speed>1.3</Speed></TPX></Extensions></Trackpoint><Trackpoint><Time>2026-03-03T16:05:06+00:00</Time><DistanceMeters>502.1</DistanceMeters><Position><LatitudeDegrees>50.855563</LatitudeDegrees><LongitudeDegrees>4.415076</LongitudeDegrees></Position><AltitudeMeters>79.4</AltitudeMeters><Cadence>55</Cadence><Extensions><TPX xmlns="http://www.garmin.com/xmlschemas/ActivityExtension/v2"><Speed>1.24</Speed></TPX></Extensions></Trackpoint><Trackpoint><Time>2026-03-03T16:05:07+00:00</Time><DistanceMeters>503.0</DistanceMeters><Position><LatitudeDegrees>50.855556</LatitudeDegrees><LongitudeDegrees>4.415084</LongitudeDegrees></Position><AltitudeMeters>79.4</AltitudeMeters><Cadence>55</Cadence><Extensions><TPX xmlns="http://www.garmin.com/xmlschemas/ActivityExtension/v2"><Speed>1.2</Speed></TPX></Extensions></Trackpoint><Trackpoint><Time>2026-03-03T16:05:08+00:00</Time><DistanceMeters>504.2</DistanceMeters><Position><LatitudeDegrees>50.855548</LatitudeDegrees><LongitudeDegrees>4.415095</LongitudeDegrees></Position><AltitudeMeters>79.4</AltitudeMeters><Cadence>55</Cadence><Extensions><TPX xmlns="http://www.garmin.com/xmlschemas/ActivityExtension/v2"><Speed>1.16</Speed></TPX></Extensions></Trackpoint><Trackpoint><Time>2026-03-03T16:05:09+00:00</Time><DistanceMeters>505.0</DistanceMeters><Position><LatitudeDegrees>50.855547</LatitudeDegrees><LongitudeDegrees>4.415108</LongitudeDegrees></Position><AltitudeMeters>79.4</AltitudeMeters><Cadence>55</Cadence><Extensions><TPX xmlns="http://www.garmin.com/xmlschemas/ActivityExtension/v2"><Speed>1.06</Speed></TPX></Extensions></Trackpoint><Trackpoint><Time>2026-03-03T16:05:10+00:00</Time><DistanceMeters>506.0</DistanceMeters><Position><LatitudeDegrees>50.855538</LatitudeDegrees><LongitudeDegrees>4.415115</LongitudeDegrees></Position><AltitudeMeters>79.4</AltitudeMeters><Cadence>55</Cadence><Extensions><TPX xmlns="http://www.garmin.com/xmlschemas/ActivityExtension/v2"><Speed>1.02</Speed></TPX></Extensions></Trackpoint><Trackpoint><Time>2026-03-03T16:05:11+00:00</Time><DistanceMeters>507.3</DistanceMeters><Position><LatitudeDegrees>50.855527</LatitudeDegrees><LongitudeDegrees>4.415124</LongitudeDegrees></Position><AltitudeMeters>79.4</AltitudeMeters><Cadence>54</Cadence><Extensions><TPX xmlns="http://www.garmin.com/xmlschemas/ActivityExtension/v2"><Speed>1.04</Speed></TPX></Extensions></Trackpoint><Trackpoint><Time>2026-03-03T16:05:12+00:00</Time><DistanceMeters>508.4</DistanceMeters><Position><LatitudeDegrees>50.855518</LatitudeDegrees><LongitudeDegrees>4.415131</LongitudeDegrees></Position><AltitudeMeters>79.4</AltitudeMeters><Cadence>54</Cadence><Extensions><TPX xmlns="http://www.garmin.com/xmlschemas/ActivityExtension/v2"><Speed>1.08</Speed></TPX></Extensions></Trackpoint><Trackpoint><Time>2026-03-03T16:05:13+00:00</Time><DistanceMeters>509.2</DistanceMeters><Position><LatitudeDegrees>50.855511</LatitudeDegrees><LongitudeDegrees>4.415139</LongitudeDegrees></Position><AltitudeMeters>79.3</AltitudeMeters><Cadence>54</Cadence><Extensions><TPX xmlns="http://www.garmin.com/xmlschemas/ActivityExtension/v2"><Speed>1.0</Speed></TPX></Extensions></Trackpoint><Trackpoint><Time>2026-03-03T16:05:14+00:00</Time><DistanceMeters>509.7</DistanceMeters><Position><LatitudeDegrees>50.855511</LatitudeDegrees><LongitudeDegrees>4.415146</LongitudeDegrees></Position><AltitudeMeters>79.3</AltitudeMeters><Cadence>55</Cadence><Extensions><TPX xmlns="http://www.garmin.com/xmlschemas/ActivityExtension/v2"><Speed>0.94</Speed></TPX></Extensions></Trackpoint><Trackpoint><Time>2026-03-03T16:05:15+00:00</Time><DistanceMeters>510.4</DistanceMeters><Position><LatitudeDegrees>50.855501</LatitudeDegrees><LongitudeDegrees>4.415148</LongitudeDegrees></Position><AltitudeMeters>79.3</AltitudeMeters><Cadence>55</Cadence><Extensions><TPX xmlns="http://www.garmin.com/xmlschemas/ActivityExtension/v2"><Speed>0.88</Speed></TPX></Extensions></Trackpoint><Trackpoint><Time>2026-03-03T16:05:16+00:00</Time><DistanceMeters>511.6</DistanceMeters><Position><LatitudeDegrees>50.855491</LatitudeDegrees><LongitudeDegrees>4.415157</LongitudeDegrees></Position><AltitudeMeters>79.3</AltitudeMeters><Cadence>55</Cadence><Extensions><TPX xmlns="http://www.garmin.com/xmlschemas/ActivityExtension/v2"><Speed>0.86</Speed></TPX></Extensions></Trackpoint><Trackpoint><Time>2026-03-03T16:05:17+00:00</Time><DistanceMeters>512.1</DistanceMeters><Position><LatitudeDegrees>50.85549</LatitudeDegrees><LongitudeDegrees>4.415165</LongitudeDegrees></Position><AltitudeMeters>79.3</AltitudeMeters><Cadence>54</Cadence><Extensions><TPX xmlns="http://www.garmin.com/xmlschemas/ActivityExtension/v2"><Speed>0.74</Speed></TPX></Extensions></Trackpoint><Trackpoint><Time>2026-03-03T16:05:18+00:00</Time><DistanceMeters>512.7</DistanceMeters><Position><LatitudeDegrees>50.855491</LatitudeDegrees><LongitudeDegrees>4.415173</LongitudeDegrees></Position><AltitudeMeters>79.3</AltitudeMeters><Cadence>54</Cadence><Extensions><TPX xmlns="http://www.garmin.com/xmlschemas/ActivityExtension/v2"><Speed>0.7</Speed></TPX></Extensions></Trackpoint><Trackpoint><Time>2026-03-03T16:05:19+00:00</Time><DistanceMeters>513.7</DistanceMeters><Position><LatitudeDegrees>50.855476</LatitudeDegrees><LongitudeDegrees>4.415178</LongitudeDegrees></Position><AltitudeMeters>79.3</AltitudeMeters><Cadence>54</Cadence><Extensions><TPX xmlns="http://www.garmin.com/xmlschemas/ActivityExtension/v2"><Speed>0.8</Speed></TPX></Extensions></Trackpoint><Trackpoint><Time>2026-03-03T16:05:20+00:00</Time><DistanceMeters>514.4</DistanceMeters><Position><LatitudeDegrees>50.855472</LatitudeDegrees><LongitudeDegrees>4.415187</LongitudeDegrees></Position><AltitudeMeters>79.3</AltitudeMeters><Cadence>54</Cadence><Extensions><TPX xmlns="http://www.garmin.com/xmlschemas/ActivityExtension/v2"><Speed>0.8</Speed></TPX></Extensions></Trackpoint><Trackpoint><Time>2026-03-03T16:05:21+00:00</Time><DistanceMeters>515.6</DistanceMeters><Position><LatitudeDegrees>50.855456</LatitudeDegrees><LongitudeDegrees>4.415188</LongitudeDegrees></Position><AltitudeMeters>79.2</AltitudeMeters><Cadence>56</Cadence><Extensions><TPX xmlns="http://www.garmin.com/xmlschemas/ActivityExtension/v2"><Speed>0.8</Speed></TPX></Extensions></Trackpoint><Trackpoint><Time>2026-03-03T16:05:22+00:00</Time><DistanceMeters>516.8</DistanceMeters><Position><LatitudeDegrees>50.855443</LatitudeDegrees><LongitudeDegrees>4.415189</LongitudeDegrees></Position><AltitudeMeters>79.2</AltitudeMeters><Cadence>57</Cadence><Extensions><TPX xmlns="http://www.garmin.com/xmlschemas/ActivityExtension/v2"><Speed>0.94</Speed></TPX></Extensions></Trackpoint><Trackpoint><Time>2026-03-03T16:05:23+00:00</Time><DistanceMeters>518.5</DistanceMeters><Position><LatitudeDegrees>50.855425</LatitudeDegrees><LongitudeDegrees>4.415189</LongitudeDegrees></Position><AltitudeMeters>79.2</AltitudeMeters><Cadence>57</Cadence><Extensions><TPX xmlns="http://www.garmin.com/xmlschemas/ActivityExtension/v2"><Speed>1.16</Speed></TPX></Extensions></Trackpoint><Trackpoint><Time>2026-03-03T16:05:24+00:00</Time><DistanceMeters>519.9</DistanceMeters><Position><LatitudeDegrees>50.855411</LatitudeDegrees><LongitudeDegrees>4.41519</LongitudeDegrees></Position><AltitudeMeters>79.2</AltitudeMeters><Cadence>57</Cadence><Extensions><TPX xmlns="http://www.garmin.com/xmlschemas/ActivityExtension/v2"><Speed>1.24</Speed></TPX></Extensions></Trackpoint><Trackpoint><Time>2026-03-03T16:05:25+00:00</Time><DistanceMeters>521.7</DistanceMeters><Position><LatitudeDegrees>50.855394</LatitudeDegrees><LongitudeDegrees>4.415189</LongitudeDegrees></Position><AltitudeMeters>79.2</AltitudeMeters><Cadence>56</Cadence><Extensions><TPX xmlns="http://www.garmin.com/xmlschemas/ActivityExtension/v2"><Speed>1.46</Speed></TPX></Extensions></Trackpoint><Trackpoint><Time>2026-03-03T16:05:26+00:00</Time><DistanceMeters>523.4</DistanceMeters><Position><LatitudeDegrees>50.855377</LatitudeDegrees><LongitudeDegrees>4.41519</LongitudeDegrees></Position><AltitudeMeters>79.1</AltitudeMeters><Cadence>56</Cadence><Extensions><TPX xmlns="http://www.garmin.com/xmlschemas/ActivityExtension/v2"><Speed>1.56</Speed></TPX></Extensions></Trackpoint><Trackpoint><Time>2026-03-03T16:05:27+00:00</Time><DistanceMeters>524.8</DistanceMeters><Position><LatitudeDegrees>50.855366</LatitudeDegrees><LongitudeDegrees>4.415197</LongitudeDegrees></Position><AltitudeMeters>79.1</AltitudeMeters><Cadence>56</Cadence><Extensions><TPX xmlns="http://www.garmin.com/xmlschemas/ActivityExtension/v2"><Speed>1.6</Speed></TPX></Extensions></Trackpoint><Trackpoint><Time>2026-03-03T16:05:28+00:00</Time><DistanceMeters>526.2</DistanceMeters><Position><LatitudeDegrees>50.855356</LatitudeDegrees><LongitudeDegrees>4.415211</LongitudeDegrees></Position><AltitudeMeters>79.1</AltitudeMeters><Cadence>56</Cadence><Extensions><TPX xmlns="http://www.garmin.com/xmlschemas/ActivityExtension/v2"><Speed>1.54</Speed></TPX></Extensions></Trackpoint><Trackpoint><Time>2026-03-03T16:05:29+00:00</Time><DistanceMeters>527.9</DistanceMeters><Position><LatitudeDegrees>50.85534</LatitudeDegrees><LongitudeDegrees>4.415214</LongitudeDegrees></Position><AltitudeMeters>79.1</AltitudeMeters><Cadence>56</Cadence><Extensions><TPX xmlns="http://www.garmin.com/xmlschemas/ActivityExtension/v2"><Speed>1.6</Speed></TPX></Extensions></Trackpoint><Trackpoint><Time>2026-03-03T16:05:30+00:00</Time><DistanceMeters>528.9</DistanceMeters><Position><LatitudeDegrees>50.855332</LatitudeDegrees><LongitudeDegrees>4.41522</LongitudeDegrees></Position><AltitudeMeters>79.1</AltitudeMeters><Cadence>54</Cadence><Extensions><TPX xmlns="http://www.garmin.com/xmlschemas/ActivityExtension/v2"><Speed>1.44</Speed></TPX></Extensions></Trackpoint><Trackpoint><Time>2026-03-03T16:05:31+00:00</Time><DistanceMeters>530.4</DistanceMeters><Position><LatitudeDegrees>50.855315</LatitudeDegrees><LongitudeDegrees>4.41522</LongitudeDegrees></Position><AltitudeMeters>79.0</AltitudeMeters><Cadence>54</Cadence><Extensions><TPX xmlns="http://www.garmin.com/xmlschemas/ActivityExtension/v2"><Speed>1.4</Speed></TPX></Extensions></Trackpoint><Trackpoint><Time>2026-03-03T16:05:32+00:00</Time><DistanceMeters>532.5</DistanceMeters><Position><LatitudeDegrees>50.855293</LatitudeDegrees><LongitudeDegrees>4.415218</LongitudeDegrees></Position><AltitudeMeters>79.0</AltitudeMeters><Cadence>54</Cadence><Extensions><TPX xmlns="http://www.garmin.com/xmlschemas/ActivityExtension/v2"><Speed>1.54</Speed></TPX></Extensions></Trackpoint><Trackpoint><Time>2026-03-03T16:05:33+00:00</Time><DistanceMeters>534.1</DistanceMeters><Position><LatitudeDegrees>50.855278</LatitudeDegrees><LongitudeDegrees>4.415224</LongitudeDegrees></Position><AltitudeMeters>79.0</AltitudeMeters><Cadence>54</Cadence><Extensions><TPX xmlns="http://www.garmin.com/xmlschemas/ActivityExtension/v2"><Speed>1.58</Speed></TPX></Extensions></Trackpoint><Trackpoint><Time>2026-03-03T16:05:34+00:00</Time><DistanceMeters>535.8</DistanceMeters><Position><LatitudeDegrees>50.855262</LatitudeDegrees><LongitudeDegrees>4.415229</LongitudeDegrees></Position><AltitudeMeters>79.0</AltitudeMeters><Cadence>54</Cadence><Extensions><TPX xmlns="http://www.garmin.com/xmlschemas/ActivityExtension/v2"><Speed>1.58</Speed></TPX></Extensions></Trackpoint><Trackpoint><Time>2026-03-03T16:05:35+00:00</Time><DistanceMeters>537.0</DistanceMeters><Position><LatitudeDegrees>50.85525</LatitudeDegrees><LongitudeDegrees>4.415233</LongitudeDegrees></Position><AltitudeMeters>79.0</AltitudeMeters><Cadence>54</Cadence><Extensions><TPX xmlns="http://www.garmin.com/xmlschemas/ActivityExtension/v2"><Speed>1.62</Speed></TPX></Extensions></Trackpoint><Trackpoint><Time>2026-03-03T16:05:36+00:00</Time><DistanceMeters>538.0</DistanceMeters><Position><LatitudeDegrees>50.85524</LatitudeDegrees><LongitudeDegrees>4.415236</LongitudeDegrees></Position><AltitudeMeters>78.9</AltitudeMeters><Cadence>54</Cadence><Extensions><TPX xmlns="http://www.garmin.com/xmlschemas/ActivityExtension/v2"><Speed>1.52</Speed></TPX></Extensions></Trackpoint><Trackpoint><Time>2026-03-03T16:05:37+00:00</Time><DistanceMeters>539.5</DistanceMeters><Position><LatitudeDegrees>50.855224</LatitudeDegrees><LongitudeDegrees>4.415239</LongitudeDegrees></Position><AltitudeMeters>78.9</AltitudeMeters><Cadence>54</Cadence><Extensions><TPX xmlns="http://www.garmin.com/xmlschemas/ActivityExtension/v2"><Speed>1.4</Speed></TPX></Extensions></Trackpoint><Trackpoint><Time>2026-03-03T16:05:38+00:00</Time><DistanceMeters>541.3</DistanceMeters><Position><LatitudeDegrees>50.855207</LatitudeDegrees><LongitudeDegrees>4.415247</LongitudeDegrees></Position><AltitudeMeters>78.9</AltitudeMeters><Cadence>54</Cadence><Extensions><TPX xmlns="http://www.garmin.com/xmlschemas/ActivityExtension/v2"><Speed>1.44</Speed></TPX></Extensions></Trackpoint><Trackpoint><Time>2026-03-03T16:05:39+00:00</Time><DistanceMeters>542.9</DistanceMeters><Position><LatitudeDegrees>50.855191</LatitudeDegrees><LongitudeDegrees>4.415252</LongitudeDegrees></Position><AltitudeMeters>78.8</AltitudeMeters><Cadence>54</Cadence><Extensions><TPX xmlns="http://www.garmin.com/xmlschemas/ActivityExtension/v2"><Speed>1.42</Speed></TPX></Extensions></Trackpoint><Trackpoint><Time>2026-03-03T16:05:40+00:00</Time><DistanceMeters>544.5</DistanceMeters><Position><LatitudeDegrees>50.855182</LatitudeDegrees><LongitudeDegrees>4.415269</LongitudeDegrees></Position><AltitudeMeters>78.8</AltitudeMeters><Cadence>54</Cadence><Extensions><TPX xmlns="http://www.garmin.com/xmlschemas/ActivityExtension/v2"><Speed>1.5</Speed></TPX></Extensions></Trackpoint><Trackpoint><Time>2026-03-03T16:05:41+00:00</Time><DistanceMeters>546.3</DistanceMeters><Position><LatitudeDegrees>50.855169</LatitudeDegrees><LongitudeDegrees>4.415285</LongitudeDegrees></Position><AltitudeMeters>78.8</AltitudeMeters><Cadence>54</Cadence><Extensions><TPX xmlns="http://www.garmin.com/xmlschemas/ActivityExtension/v2"><Speed>1.66</Speed></TPX></Extensions></Trackpoint><Trackpoint><Time>2026-03-03T16:05:42+00:00</Time><DistanceMeters>547.8</DistanceMeters><Position><LatitudeDegrees>50.855157</LatitudeDegrees><LongitudeDegrees>4.415296</LongitudeDegrees></Position><AltitudeMeters>78.8</AltitudeMeters><Cadence>54</Cadence><Extensions><TPX xmlns="http://www.garmin.com/xmlschemas/ActivityExtension/v2"><Speed>1.66</Speed></TPX></Extensions></Trackpoint><Trackpoint><Time>2026-03-03T16:05:43+00:00</Time><DistanceMeters>550.6</DistanceMeters><Position><LatitudeDegrees>50.855126</LatitudeDegrees><LongitudeDegrees>4.415299</LongitudeDegrees></Position><AltitudeMeters>78.7</AltitudeMeters><Cadence>54</Cadence><Extensions><TPX xmlns="http://www.garmin.com/xmlschemas/ActivityExtension/v2"><Speed>1.86</Speed></TPX></Extensions></Trackpoint><Trackpoint><Time>2026-03-03T16:05:44+00:00</Time><DistanceMeters>553.7</DistanceMeters><Position><LatitudeDegrees>50.855085</LatitudeDegrees><LongitudeDegrees>4.415288</LongitudeDegrees></Position><AltitudeMeters>78.6</AltitudeMeters><Cadence>54</Cadence><Extensions><TPX xmlns="http://www.garmin.com/xmlschemas/ActivityExtension/v2"><Speed>2.16</Speed></TPX></Extensions></Trackpoint><Trackpoint><Time>2026-03-03T16:05:45+00:00</Time><DistanceMeters>555.1</DistanceMeters><Position><LatitudeDegrees>50.855073</LatitudeDegrees><LongitudeDegrees>4.415298</LongitudeDegrees></Position><AltitudeMeters>78.5</AltitudeMeters><Cadence>54</Cadence><Extensions><TPX xmlns="http://www.garmin.com/xmlschemas/ActivityExtension/v2"><Speed>2.12</Speed></TPX></Extensions></Trackpoint><Trackpoint><Time>2026-03-03T16:05:46+00:00</Time><DistanceMeters>557.0</DistanceMeters><Position><LatitudeDegrees>50.855057</LatitudeDegrees><LongitudeDegrees>4.415308</LongitudeDegrees></Position><AltitudeMeters>78.5</AltitudeMeters><Cadence>54</Cadence><Extensions><TPX xmlns="http://www.garmin.com/xmlschemas/ActivityExtension/v2"><Speed>2.14</Speed></TPX></Extensions></Trackpoint><Trackpoint><Time>2026-03-03T16:05:47+00:00</Time><DistanceMeters>558.4</DistanceMeters><Position><LatitudeDegrees>50.855047</LatitudeDegrees><LongitudeDegrees>4.415321</LongitudeDegrees></Position><AltitudeMeters>78.5</AltitudeMeters><Cadence>53</Cadence><Extensions><TPX xmlns="http://www.garmin.com/xmlschemas/ActivityExtension/v2"><Speed>2.12</Speed></TPX></Extensions></Trackpoint><Trackpoint><Time>2026-03-03T16:05:48+00:00</Time><DistanceMeters>558.9</DistanceMeters><Position><LatitudeDegrees>50.855046</LatitudeDegrees><LongitudeDegrees>4.41533</LongitudeDegrees></Position><AltitudeMeters>78.4</AltitudeMeters><Cadence>53</Cadence><Extensions><TPX xmlns="http://www.garmin.com/xmlschemas/ActivityExtension/v2"><Speed>1.66</Speed></TPX></Extensions></Trackpoint><Trackpoint><Time>2026-03-03T16:05:49+00:00</Time><DistanceMeters>560.0</DistanceMeters><Position><LatitudeDegrees>50.855042</LatitudeDegrees><LongitudeDegrees>4.41535</LongitudeDegrees></Position><AltitudeMeters>78.4</AltitudeMeters><Cadence>53</Cadence><Extensions><TPX xmlns="http://www.garmin.com/xmlschemas/ActivityExtension/v2"><Speed>1.26</Speed></TPX></Extensions></Trackpoint><Trackpoint><Time>2026-03-03T16:05:50+00:00</Time><DistanceMeters>560.7</DistanceMeters><Position><LatitudeDegrees>50.855046</LatitudeDegrees><LongitudeDegrees>4.415369</LongitudeDegrees></Position><AltitudeMeters>78.4</AltitudeMeters><Cadence>53</Cadence><Extensions><TPX xmlns="http://www.garmin.com/xmlschemas/ActivityExtension/v2"><Speed>1.12</Speed></TPX></Extensions></Trackpoint><Trackpoint><Time>2026-03-03T16:05:51+00:00</Time><DistanceMeters>561.7</DistanceMeters><Position><LatitudeDegrees>50.85504</LatitudeDegrees><LongitudeDegrees>4.415379</LongitudeDegrees></Position><AltitudeMeters>78.3</AltitudeMeters><Cadence>53</Cadence><Extensions><TPX xmlns="http://www.garmin.com/xmlschemas/ActivityExtension/v2"><Speed>0.94</Speed></TPX></Extensions></Trackpoint><Trackpoint><Time>2026-03-03T16:05:52+00:00</Time><DistanceMeters>562.7</DistanceMeters><Position><LatitudeDegrees>50.855034</LatitudeDegrees><LongitudeDegrees>4.415391</LongitudeDegrees></Position><AltitudeMeters>78.3</AltitudeMeters><Extensions><TPX xmlns="http://www.garmin.com/xmlschemas/ActivityExtension/v2"><Speed>0.86</Speed></TPX></Extensions></Trackpoint><Trackpoint><Time>2026-03-03T16:05:53+00:00</Time><DistanceMeters>563.5</DistanceMeters><Position><LatitudeDegrees>50.855038</LatitudeDegrees><LongitudeDegrees>4.415409</LongitudeDegrees></Position><AltitudeMeters>78.3</AltitudeMeters><Extensions><TPX xmlns="http://www.garmin.com/xmlschemas/ActivityExtension/v2"><Speed>0.92</Speed></TPX></Extensions></Trackpoint><Trackpoint><Time>2026-03-03T16:05:54+00:00</Time><DistanceMeters>564.3</DistanceMeters><Position><LatitudeDegrees>50.855036</LatitudeDegrees><LongitudeDegrees>4.415422</LongitudeDegrees></Position><AltitudeMeters>78.3</AltitudeMeters><Extensions><TPX xmlns="http://www.garmin.com/xmlschemas/ActivityExtension/v2"><Speed>0.86</Speed></TPX></Extensions></Trackpoint><Trackpoint><Time>2026-03-03T16:05:55+00:00</Time><DistanceMeters>565.4</DistanceMeters><Position><LatitudeDegrees>50.855034</LatitudeDegrees><LongitudeDegrees>4.415438</LongitudeDegrees></Position><AltitudeMeters>78.2</AltitudeMeters><Extensions><TPX xmlns="http://www.garmin.com/xmlschemas/ActivityExtension/v2"><Speed>0.94</Speed></TPX></Extensions></Trackpoint><Trackpoint><Time>2026-03-03T16:05:56+00:00</Time><DistanceMeters>565.9</DistanceMeters><Position><LatitudeDegrees>50.85504</LatitudeDegrees><LongitudeDegrees>4.415453</LongitudeDegrees></Position><AltitudeMeters>78.3</AltitudeMeters><Extensions><TPX xmlns="http://www.garmin.com/xmlschemas/ActivityExtension/v2"><Speed>0.84</Speed></TPX></Extensions></Trackpoint><Trackpoint><Time>2026-03-03T16:05:57+00:00</Time><DistanceMeters>565.9</DistanceMeters><Position><LatitudeDegrees>50.855047</LatitudeDegrees><LongitudeDegrees>4.415461</LongitudeDegrees></Position><AltitudeMeters>78.3</AltitudeMeters><Extensions><TPX xmlns="http://www.garmin.com/xmlschemas/ActivityExtension/v2"><Speed>0.64</Speed></TPX></Extensions></Trackpoint><Trackpoint><Time>2026-03-03T16:05:58+00:00</Time><DistanceMeters>565.9</DistanceMeters><Position><LatitudeDegrees>50.855064</LatitudeDegrees><LongitudeDegrees>4.415475</LongitudeDegrees></Position><AltitudeMeters>78.3</AltitudeMeters><Extensions><TPX xmlns="http://www.garmin.com/xmlschemas/ActivityExtension/v2"><Speed>0.48</Speed></TPX></Extensions></Trackpoint><Trackpoint><Time>2026-03-03T16:05:59+00:00</Time><DistanceMeters>566.3</DistanceMeters><Position><LatitudeDegrees>50.855073</LatitudeDegrees><LongitudeDegrees>4.415492</LongitudeDegrees></Position><AltitudeMeters>78.4</AltitudeMeters><Extensions><TPX xmlns="http://www.garmin.com/xmlschemas/ActivityExtension/v2"><Speed>0.4</Speed></TPX></Extensions></Trackpoint><Trackpoint><Time>2026-03-03T16:06:00+00:00</Time><DistanceMeters>566.8</DistanceMeters><Position><LatitudeDegrees>50.855073</LatitudeDegrees><LongitudeDegrees>4.415504</LongitudeDegrees></Position><AltitudeMeters>78.4</AltitudeMeters><Cadence>53</Cadence><Extensions><TPX xmlns="http://www.garmin.com/xmlschemas/ActivityExtension/v2"><Speed>0.28</Speed></TPX></Extensions></Trackpoint><Trackpoint><Time>2026-03-03T16:06:01+00:00</Time><DistanceMeters>567.9</DistanceMeters><Position><LatitudeDegrees>50.855066</LatitudeDegrees><LongitudeDegrees>4.415516</LongitudeDegrees></Position><AltitudeMeters>78.3</AltitudeMeters><Cadence>54</Cadence><Extensions><TPX xmlns="http://www.garmin.com/xmlschemas/ActivityExtension/v2"><Speed>0.4</Speed></TPX></Extensions></Trackpoint><Trackpoint><Time>2026-03-03T16:06:02+00:00</Time><DistanceMeters>568.7</DistanceMeters><Position><LatitudeDegrees>50.855062</LatitudeDegrees><LongitudeDegrees>4.415529</LongitudeDegrees></Position><AltitudeMeters>78.3</AltitudeMeters><Cadence>54</Cadence><Extensions><TPX xmlns="http://www.garmin.com/xmlschemas/ActivityExtension/v2"><Speed>0.56</Speed></TPX></Extensions></Trackpoint><Trackpoint><Time>2026-03-03T16:06:03+00:00</Time><DistanceMeters>569.5</DistanceMeters><Position><LatitudeDegrees>50.855058</LatitudeDegrees><LongitudeDegrees>4.415542</LongitudeDegrees></Position><AltitudeMeters>78.3</AltitudeMeters><Cadence>54</Cadence><Extensions><TPX xmlns="http://www.garmin.com/xmlschemas/ActivityExtension/v2"><Speed>0.72</Speed></TPX></Extensions></Trackpoint><Trackpoint><Time>2026-03-03T16:06:04+00:00</Time><DistanceMeters>571.2</DistanceMeters><Position><LatitudeDegrees>50.855047</LatitudeDegrees><LongitudeDegrees>4.41556</LongitudeDegrees></Position><AltitudeMeters>78.3</AltitudeMeters><Cadence>53</Cadence><Extensions><TPX xmlns="http://www.garmin.com/xmlschemas/ActivityExtension/v2"><Speed>0.98</Speed></TPX></Extensions></Trackpoint><Trackpoint><Time>2026-03-03T16:06:05+00:00</Time><DistanceMeters>572.8</DistanceMeters><Position><LatitudeDegrees>50.855035</LatitudeDegrees><LongitudeDegrees>4.415579</LongitudeDegrees></Position><AltitudeMeters>78.2</AltitudeMeters><Cadence>53</Cadence><Extensions><TPX xmlns="http://www.garmin.com/xmlschemas/ActivityExtension/v2"><Speed>1.2</Speed></TPX></Extensions></Trackpoint><Trackpoint><Time>2026-03-03T16:06:06+00:00</Time><DistanceMeters>574.2</DistanceMeters><Position><LatitudeDegrees>50.855025</LatitudeDegrees><LongitudeDegrees>4.415589</LongitudeDegrees></Position><AltitudeMeters>78.2</AltitudeMeters><Cadence>54</Cadence><Extensions><TPX xmlns="http://www.garmin.com/xmlschemas/ActivityExtension/v2"><Speed>1.26</Speed></TPX></Extensions></Trackpoint><Trackpoint><Time>2026-03-03T16:06:07+00:00</Time><DistanceMeters>575.5</DistanceMeters><Position><LatitudeDegrees>50.855015</LatitudeDegrees><LongitudeDegrees>4.415601</LongitudeDegrees></Position><AltitudeMeters>78.1</AltitudeMeters><Cadence>54</Cadence><Extensions><TPX xmlns="http://www.garmin.com/xmlschemas/ActivityExtension/v2"><Speed>1.36</Speed></TPX></Extensions></Trackpoint><Trackpoint><Time>2026-03-03T16:06:08+00:00</Time><DistanceMeters>577.3</DistanceMeters><Position><LatitudeDegrees>50.855001</LatitudeDegrees><LongitudeDegrees>4.415616</LongitudeDegrees></Position><AltitudeMeters>78.0</AltitudeMeters><Cadence>54</Cadence><Extensions><TPX xmlns="http://www.garmin.com/xmlschemas/ActivityExtension/v2"><Speed>1.56</Speed></TPX></Extensions></Trackpoint><Trackpoint><Time>2026-03-03T16:06:09+00:00</Time><DistanceMeters>578.7</DistanceMeters><Position><LatitudeDegrees>50.85499</LatitudeDegrees><LongitudeDegrees>4.415632</LongitudeDegrees></Position><AltitudeMeters>78.0</AltitudeMeters><Cadence>55</Cadence><Extensions><TPX xmlns="http://www.garmin.com/xmlschemas/ActivityExtension/v2"><Speed>1.5</Speed></TPX></Extensions></Trackpoint><Trackpoint><Time>2026-03-03T16:06:10+00:00</Time><DistanceMeters>580.0</DistanceMeters><Position><LatitudeDegrees>50.854981</LatitudeDegrees><LongitudeDegrees>4.415646</LongitudeDegrees></Position><AltitudeMeters>78.0</AltitudeMeters><Cadence>55</Cadence><Extensions><TPX xmlns="http://www.garmin.com/xmlschemas/ActivityExtension/v2"><Speed>1.44</Speed></TPX></Extensions></Trackpoint><Trackpoint><Time>2026-03-03T16:06:11+00:00</Time><DistanceMeters>581.5</DistanceMeters><Position><LatitudeDegrees>50.85497</LatitudeDegrees><LongitudeDegrees>4.415658</LongitudeDegrees></Position><AltitudeMeters>77.9</AltitudeMeters><Cadence>55</Cadence><Extensions><TPX xmlns="http://www.garmin.com/xmlschemas/ActivityExtension/v2"><Speed>1.46</Speed></TPX></Extensions></Trackpoint><Trackpoint><Time>2026-03-03T16:06:12+00:00</Time><DistanceMeters>583.5</DistanceMeters><Position><LatitudeDegrees>50.854952</LatitudeDegrees><LongitudeDegrees>4.415671</LongitudeDegrees></Position><AltitudeMeters>77.9</AltitudeMeters><Cadence>55</Cadence><Extensions><TPX xmlns="http://www.garmin.com/xmlschemas/ActivityExtension/v2"><Speed>1.6</Speed></TPX></Extensions></Trackpoint><Trackpoint><Time>2026-03-03T16:06:13+00:00</Time><DistanceMeters>585.4</DistanceMeters><Position><LatitudeDegrees>50.854936</LatitudeDegrees><LongitudeDegrees>4.415682</LongitudeDegrees></Position><AltitudeMeters>77.9</AltitudeMeters><Cadence>54</Cadence><Extensions><TPX xmlns="http://www.garmin.com/xmlschemas/ActivityExtension/v2"><Speed>1.62</Speed></TPX></Extensions></Trackpoint><Trackpoint><Time>2026-03-03T16:06:14+00:00</Time><DistanceMeters>587.2</DistanceMeters><Position><LatitudeDegrees>50.854921</LatitudeDegrees><LongitudeDegrees>4.415691</LongitudeDegrees></Position><AltitudeMeters>77.9</AltitudeMeters><Cadence>54</Cadence><Extensions><TPX xmlns="http://www.garmin.com/xmlschemas/ActivityExtension/v2"><Speed>1.7</Speed></TPX></Extensions></Trackpoint><Trackpoint><Time>2026-03-03T16:06:15+00:00</Time><DistanceMeters>588.5</DistanceMeters><Position><LatitudeDegrees>50.854908</LatitudeDegrees><LongitudeDegrees>4.415698</LongitudeDegrees></Position><AltitudeMeters>77.9</AltitudeMeters><Cadence>54</Cadence><Extensions><TPX xmlns="http://www.garmin.com/xmlschemas/ActivityExtension/v2"><Speed>1.7</Speed></TPX></Extensions></Trackpoint><Trackpoint><Time>2026-03-03T16:06:16+00:00</Time><DistanceMeters>589.7</DistanceMeters><Position><LatitudeDegrees>50.854897</LatitudeDegrees><LongitudeDegrees>4.415701</LongitudeDegrees></Position><AltitudeMeters>77.8</AltitudeMeters><Cadence>54</Cadence><Extensions><TPX xmlns="http://www.garmin.com/xmlschemas/ActivityExtension/v2"><Speed>1.64</Speed></TPX></Extensions></Trackpoint><Trackpoint><Time>2026-03-03T16:06:17+00:00</Time><DistanceMeters>591.2</DistanceMeters><Position><LatitudeDegrees>50.854882</LatitudeDegrees><LongitudeDegrees>4.415703</LongitudeDegrees></Position><AltitudeMeters>77.8</AltitudeMeters><Cadence>55</Cadence><Extensions><TPX xmlns="http://www.garmin.com/xmlschemas/ActivityExtension/v2"><Speed>1.54</Speed></TPX></Extensions></Trackpoint><Trackpoint><Time>2026-03-03T16:06:18+00:00</Time><DistanceMeters>593.2</DistanceMeters><Position><LatitudeDegrees>50.854864</LatitudeDegrees><LongitudeDegrees>4.41571</LongitudeDegrees></Position><AltitudeMeters>77.7</AltitudeMeters><Cadence>55</Cadence><Extensions><TPX xmlns="http://www.garmin.com/xmlschemas/ActivityExtension/v2"><Speed>1.56</Speed></TPX></Extensions></Trackpoint><Trackpoint><Time>2026-03-03T16:06:19+00:00</Time><DistanceMeters>595.6</DistanceMeters><Position><LatitudeDegrees>50.854843</LatitudeDegrees><LongitudeDegrees>4.415719</LongitudeDegrees></Position><AltitudeMeters>77.6</AltitudeMeters><Cadence>55</Cadence><Extensions><TPX xmlns="http://www.garmin.com/xmlschemas/ActivityExtension/v2"><Speed>1.68</Speed></TPX></Extensions></Trackpoint><Trackpoint><Time>2026-03-03T16:06:20+00:00</Time><DistanceMeters>597.5</DistanceMeters><Position><LatitudeDegrees>50.854827</LatitudeDegrees><LongitudeDegrees>4.415725</LongitudeDegrees></Position><AltitudeMeters>77.5</AltitudeMeters><Cadence>54</Cadence><Extensions><TPX xmlns="http://www.garmin.com/xmlschemas/ActivityExtension/v2"><Speed>1.8</Speed></TPX></Extensions></Trackpoint><Trackpoint><Time>2026-03-03T16:06:21+00:00</Time><DistanceMeters>599.3</DistanceMeters><Position><LatitudeDegrees>50.85481</LatitudeDegrees><LongitudeDegrees>4.415733</LongitudeDegrees></Position><AltitudeMeters>77.4</AltitudeMeters><Cadence>54</Cadence><Extensions><TPX xmlns="http://www.garmin.com/xmlschemas/ActivityExtension/v2"><Speed>1.92</Speed></TPX></Extensions></Trackpoint><Trackpoint><Time>2026-03-03T16:06:22+00:00</Time><DistanceMeters>601.1</DistanceMeters><Position><LatitudeDegrees>50.854794</LatitudeDegrees><LongitudeDegrees>4.415738</LongitudeDegrees></Position><AltitudeMeters>77.3</AltitudeMeters><Cadence>55</Cadence><Extensions><TPX xmlns="http://www.garmin.com/xmlschemas/ActivityExtension/v2"><Speed>1.98</Speed></TPX></Extensions></Trackpoint><Trackpoint><Time>2026-03-03T16:06:23+00:00</Time><DistanceMeters>602.5</DistanceMeters><Position><LatitudeDegrees>50.854782</LatitudeDegrees><LongitudeDegrees>4.415743</LongitudeDegrees></Position><AltitudeMeters>77.3</AltitudeMeters><Cadence>55</Cadence><Extensions><TPX xmlns="http://www.garmin.com/xmlschemas/ActivityExtension/v2"><Speed>1.86</Speed></TPX></Extensions></Trackpoint><Trackpoint><Time>2026-03-03T16:06:24+00:00</Time><DistanceMeters>603.8</DistanceMeters><Position><LatitudeDegrees>50.854772</LatitudeDegrees><LongitudeDegrees>4.415749</LongitudeDegrees></Position><AltitudeMeters>77.2</AltitudeMeters><Cadence>55</Cadence><Extensions><TPX xmlns="http://www.garmin.com/xmlschemas/ActivityExtension/v2"><Speed>1.64</Speed></TPX></Extensions></Trackpoint><Trackpoint><Time>2026-03-03T16:06:25+00:00</Time><DistanceMeters>605.1</DistanceMeters><Position><LatitudeDegrees>50.85476</LatitudeDegrees><LongitudeDegrees>4.415755</LongitudeDegrees></Position><AltitudeMeters>77.2</AltitudeMeters><Cadence>55</Cadence><Extensions><TPX xmlns="http://www.garmin.com/xmlschemas/ActivityExtension/v2"><Speed>1.52</Speed></TPX></Extensions></Trackpoint><Trackpoint><Time>2026-03-03T16:06:26+00:00</Time><DistanceMeters>606.7</DistanceMeters><Position><LatitudeDegrees>50.854747</LatitudeDegrees><LongitudeDegrees>4.415764</LongitudeDegrees></Position><AltitudeMeters>77.2</AltitudeMeters><Cadence>55</Cadence><Extensions><TPX xmlns="http://www.garmin.com/xmlschemas/ActivityExtension/v2"><Speed>1.48</Speed></TPX></Extensions></Trackpoint><Trackpoint><Time>2026-03-03T16:06:27+00:00</Time><DistanceMeters>608.0</DistanceMeters><Position><LatitudeDegrees>50.854737</LatitudeDegrees><LongitudeDegrees>4.415773</LongitudeDegrees></Position><AltitudeMeters>77.1</AltitudeMeters><Cadence>56</Cadence><Extensions><TPX xmlns="http://www.garmin.com/xmlschemas/ActivityExtension/v2"><Speed>1.38</Speed></TPX></Extensions></Trackpoint><Trackpoint><Time>2026-03-03T16:06:28+00:00</Time><DistanceMeters>609.3</DistanceMeters><Position><LatitudeDegrees>50.854727</LatitudeDegrees><LongitudeDegrees>4.415783</LongitudeDegrees></Position><AltitudeMeters>77.1</AltitudeMeters><Cadence>56</Cadence><Extensions><TPX xmlns="http://www.garmin.com/xmlschemas/ActivityExtension/v2"><Speed>1.36</Speed></TPX></Extensions></Trackpoint><Trackpoint><Time>2026-03-03T16:06:29+00:00</Time><DistanceMeters>611.0</DistanceMeters><Position><LatitudeDegrees>50.854714</LatitudeDegrees><LongitudeDegrees>4.415797</LongitudeDegrees></Position><AltitudeMeters>77.1</AltitudeMeters><Cadence>55</Cadence><Extensions><TPX xmlns="http://www.garmin.com/xmlschemas/ActivityExtension/v2"><Speed>1.44</Speed></TPX></Extensions></Trackpoint><Trackpoint><Time>2026-03-03T16:06:30+00:00</Time><DistanceMeters>612.4</DistanceMeters><Position><LatitudeDegrees>50.854704</LatitudeDegrees><LongitudeDegrees>4.415808</LongitudeDegrees></Position><AltitudeMeters>77.0</AltitudeMeters><Cadence>55</Cadence><Extensions><TPX xmlns="http://www.garmin.com/xmlschemas/ActivityExtension/v2"><Speed>1.46</Speed></TPX></Extensions></Trackpoint><Trackpoint><Time>2026-03-03T16:06:31+00:00</Time><DistanceMeters>613.8</DistanceMeters><Position><LatitudeDegrees>50.854694</LatitudeDegrees><LongitudeDegrees>4.415819</LongitudeDegrees></Position><AltitudeMeters>77.0</AltitudeMeters><Cadence>54</Cadence><Extensions><TPX xmlns="http://www.garmin.com/xmlschemas/ActivityExtension/v2"><Speed>1.42</Speed></TPX></Extensions></Trackpoint><Trackpoint><Time>2026-03-03T16:06:32+00:00</Time><DistanceMeters>614.5</DistanceMeters><Position><LatitudeDegrees>50.854691</LatitudeDegrees><LongitudeDegrees>4.415829</LongitudeDegrees></Position><AltitudeMeters>77.0</AltitudeMeters><Cadence>54</Cadence><Extensions><TPX xmlns="http://www.garmin.com/xmlschemas/ActivityExtension/v2"><Speed>1.3</Speed></TPX></Extensions></Trackpoint><Trackpoint><Time>2026-03-03T16:06:33+00:00</Time><DistanceMeters>614.5</DistanceMeters><Position><LatitudeDegrees>50.854696</LatitudeDegrees><LongitudeDegrees>4.415815</LongitudeDegrees></Position><AltitudeMeters>76.9</AltitudeMeters><Cadence>54</Cadence><Extensions><TPX xmlns="http://www.garmin.com/xmlschemas/ActivityExtension/v2"><Speed>1.04</Speed></TPX></Extensions></Trackpoint><Trackpoint><Time>2026-03-03T16:06:34+00:00</Time><DistanceMeters>614.8</DistanceMeters><Position><LatitudeDegrees>50.854691</LatitudeDegrees><LongitudeDegrees>4.415811</LongitudeDegrees></Position><AltitudeMeters>76.9</AltitudeMeters><Cadence>55</Cadence><Extensions><TPX xmlns="http://www.garmin.com/xmlschemas/ActivityExtension/v2"><Speed>0.76</Speed></TPX></Extensions></Trackpoint><Trackpoint><Time>2026-03-03T16:06:35+00:00</Time><DistanceMeters>615.7</DistanceMeters><Position><LatitudeDegrees>50.854683</LatitudeDegrees><LongitudeDegrees>4.415819</LongitudeDegrees></Position><AltitudeMeters>76.9</AltitudeMeters><Cadence>55</Cadence><Extensions><TPX xmlns="http://www.garmin.com/xmlschemas/ActivityExtension/v2"><Speed>0.66</Speed></TPX></Extensions></Trackpoint><Trackpoint><Time>2026-03-03T16:06:36+00:00</Time><DistanceMeters>616.1</DistanceMeters><Position><LatitudeDegrees>50.854679</LatitudeDegrees><LongitudeDegrees>4.415816</LongitudeDegrees></Position><AltitudeMeters>76.9</AltitudeMeters><Cadence>55</Cadence><Extensions><TPX xmlns="http://www.garmin.com/xmlschemas/ActivityExtension/v2"><Speed>0.46</Speed></TPX></Extensions></Trackpoint><Trackpoint><Time>2026-03-03T16:06:37+00:00</Time><DistanceMeters>616.6</DistanceMeters><Position><LatitudeDegrees>50.854674</LatitudeDegrees><LongitudeDegrees>4.415815</LongitudeDegrees></Position><AltitudeMeters>76.9</AltitudeMeters><Cadence>55</Cadence><Extensions><TPX xmlns="http://www.garmin.com/xmlschemas/ActivityExtension/v2"><Speed>0.42</Speed></TPX></Extensions></Trackpoint><Trackpoint><Time>2026-03-03T16:06:38+00:00</Time><DistanceMeters>616.9</DistanceMeters><Position><LatitudeDegrees>50.85467</LatitudeDegrees><LongitudeDegrees>4.41581</LongitudeDegrees></Position><AltitudeMeters>76.8</AltitudeMeters><Cadence>55</Cadence><Extensions><TPX xmlns="http://www.garmin.com/xmlschemas/ActivityExtension/v2"><Speed>0.48</Speed></TPX></Extensions></Trackpoint><Trackpoint><Time>2026-03-03T16:06:39+00:00</Time><DistanceMeters>618.1</DistanceMeters><Position><LatitudeDegrees>50.854656</LatitudeDegrees><LongitudeDegrees>4.415812</LongitudeDegrees></Position><AltitudeMeters>76.8</AltitudeMeters><Cadence>54</Cadence><Extensions><TPX xmlns="http://www.garmin.com/xmlschemas/ActivityExtension/v2"><Speed>0.66</Speed></TPX></Extensions></Trackpoint><Trackpoint><Time>2026-03-03T16:06:40+00:00</Time><DistanceMeters>619.9</DistanceMeters><Position><LatitudeDegrees>50.854637</LatitudeDegrees><LongitudeDegrees>4.415816</LongitudeDegrees></Position><AltitudeMeters>76.8</AltitudeMeters><Cadence>54</Cadence><Extensions><TPX xmlns="http://www.garmin.com/xmlschemas/ActivityExtension/v2"><Speed>0.84</Speed></TPX></Extensions></Trackpoint><Trackpoint><Time>2026-03-03T16:06:41+00:00</Time><DistanceMeters>621.5</DistanceMeters><Position><LatitudeDegrees>50.854621</LatitudeDegrees><LongitudeDegrees>4.415823</LongitudeDegrees></Position><AltitudeMeters>76.7</AltitudeMeters><Cadence>56</Cadence><Extensions><TPX xmlns="http://www.garmin.com/xmlschemas/ActivityExtension/v2"><Speed>1.08</Speed></TPX></Extensions></Trackpoint><Trackpoint><Time>2026-03-03T16:06:42+00:00</Time><DistanceMeters>623.0</DistanceMeters><Position><LatitudeDegrees>50.854608</LatitudeDegrees><LongitudeDegrees>4.415827</LongitudeDegrees></Position><AltitudeMeters>76.6</AltitudeMeters><Cadence>56</Cadence><Extensions><TPX xmlns="http://www.garmin.com/xmlschemas/ActivityExtension/v2"><Speed>1.28</Speed></TPX></Extensions></Trackpoint><Trackpoint><Time>2026-03-03T16:06:43+00:00</Time><DistanceMeters>624.7</DistanceMeters><Position><LatitudeDegrees>50.85459</LatitudeDegrees><LongitudeDegrees>4.415829</LongitudeDegrees></Position><AltitudeMeters>76.6</AltitudeMeters><Cadence>56</Cadence><Extensions><TPX xmlns="http://www.garmin.com/xmlschemas/ActivityExtension/v2"><Speed>1.56</Speed></TPX></Extensions></Trackpoint><Trackpoint><Time>2026-03-03T16:06:44+00:00</Time><DistanceMeters>626.0</DistanceMeters><Position><LatitudeDegrees>50.854576</LatitudeDegrees><LongitudeDegrees>4.415836</LongitudeDegrees></Position><AltitudeMeters>76.5</AltitudeMeters><Cadence>56</Cadence><Extensions><TPX xmlns="http://www.garmin.com/xmlschemas/ActivityExtension/v2"><Speed>1.58</Speed></TPX></Extensions></Trackpoint><Trackpoint><Time>2026-03-03T16:06:45+00:00</Time><DistanceMeters>627.6</DistanceMeters><Position><LatitudeDegrees>50.854559</LatitudeDegrees><LongitudeDegrees>4.415841</LongitudeDegrees></Position><AltitudeMeters>76.5</AltitudeMeters><Cadence>56</Cadence><Extensions><TPX xmlns="http://www.garmin.com/xmlschemas/ActivityExtension/v2"><Speed>1.54</Speed></TPX></Extensions></Trackpoint><Trackpoint><Time>2026-03-03T16:06:46+00:00</Time><DistanceMeters>629.0</DistanceMeters><Position><LatitudeDegrees>50.854548</LatitudeDegrees><LongitudeDegrees>4.415852</LongitudeDegrees></Position><AltitudeMeters>76.4</AltitudeMeters><Cadence>56</Cadence><Extensions><TPX xmlns="http://www.garmin.com/xmlschemas/ActivityExtension/v2"><Speed>1.5</Speed></TPX></Extensions></Trackpoint><Trackpoint><Time>2026-03-03T16:06:47+00:00</Time><DistanceMeters>630.1</DistanceMeters><Position><LatitudeDegrees>50.85454</LatitudeDegrees><LongitudeDegrees>4.41586</LongitudeDegrees></Position><AltitudeMeters>76.4</AltitudeMeters><Cadence>56</Cadence><Extensions><TPX xmlns="http://www.garmin.com/xmlschemas/ActivityExtension/v2"><Speed>1.42</Speed></TPX></Extensions></Trackpoint><Trackpoint><Time>2026-03-03T16:06:48+00:00</Time><DistanceMeters>631.5</DistanceMeters><Position><LatitudeDegrees>50.854529</LatitudeDegrees><LongitudeDegrees>4.41587</LongitudeDegrees></Position><AltitudeMeters>76.3</AltitudeMeters><Cadence>56</Cadence><Extensions><TPX xmlns="http://www.garmin.com/xmlschemas/ActivityExtension/v2"><Speed>1.36</Speed></TPX></Extensions></Trackpoint><Trackpoint><Time>2026-03-03T16:06:49+00:00</Time><DistanceMeters>635.4</DistanceMeters><Position><LatitudeDegrees>50.854475</LatitudeDegrees><LongitudeDegrees>4.415858</LongitudeDegrees></Position><AltitudeMeters>76.1</AltitudeMeters><Cadence>55</Cadence><Extensions><TPX xmlns="http://www.garmin.com/xmlschemas/ActivityExtension/v2"><Speed>1.88</Speed></TPX></Extensions></Trackpoint><Trackpoint><Time>2026-03-03T16:06:50+00:00</Time><DistanceMeters>635.8</DistanceMeters><Position><LatitudeDegrees>50.854487</LatitudeDegrees><LongitudeDegrees>4.415885</LongitudeDegrees></Position><AltitudeMeters>76.1</AltitudeMeters><Cadence>55</Cadence><Extensions><TPX xmlns="http://www.garmin.com/xmlschemas/ActivityExtension/v2"><Speed>1.64</Speed></TPX></Extensions></Trackpoint><Trackpoint><Time>2026-03-03T16:06:51+00:00</Time><DistanceMeters>636.7</DistanceMeters><Position><LatitudeDegrees>50.854492</LatitudeDegrees><LongitudeDegrees>4.415908</LongitudeDegrees></Position><AltitudeMeters>76.1</AltitudeMeters><Cadence>55</Cadence><Extensions><TPX xmlns="http://www.garmin.com/xmlschemas/ActivityExtension/v2"><Speed>1.54</Speed></TPX></Extensions></Trackpoint><Trackpoint><Time>2026-03-03T16:06:52+00:00</Time><DistanceMeters>637.3</DistanceMeters><Position><LatitudeDegrees>50.854497</LatitudeDegrees><LongitudeDegrees>4.415927</LongitudeDegrees></Position><AltitudeMeters>76.1</AltitudeMeters><Cadence>55</Cadence><Extensions><TPX xmlns="http://www.garmin.com/xmlschemas/ActivityExtension/v2"><Speed>1.44</Speed></TPX></Extensions></Trackpoint><Trackpoint><Time>2026-03-03T16:06:53+00:00</Time><DistanceMeters>637.8</DistanceMeters><Position><LatitudeDegrees>50.854501</LatitudeDegrees><LongitudeDegrees>4.415941</LongitudeDegrees></Position><AltitudeMeters>76.0</AltitudeMeters><Cadence>55</Cadence><Extensions><TPX xmlns="http://www.garmin.com/xmlschemas/ActivityExtension/v2"><Speed>1.26</Speed></TPX></Extensions></Trackpoint><Trackpoint><Time>2026-03-03T16:06:54+00:00</Time><DistanceMeters>638.7</DistanceMeters><Position><LatitudeDegrees>50.854498</LatitudeDegrees><LongitudeDegrees>4.415953</LongitudeDegrees></Position><AltitudeMeters>76.0</AltitudeMeters><Cadence>55</Cadence><Extensions><TPX xmlns="http://www.garmin.com/xmlschemas/ActivityExtension/v2"><Speed>0.66</Speed></TPX></Extensions></Trackpoint><Trackpoint><Time>2026-03-03T16:06:55+00:00</Time><DistanceMeters>639.6</DistanceMeters><Position><LatitudeDegrees>50.854493</LatitudeDegrees><LongitudeDegrees>4.415964</LongitudeDegrees></Position><AltitudeMeters>76.0</AltitudeMeters><Cadence>55</Cadence><Extensions><TPX xmlns="http://www.garmin.com/xmlschemas/ActivityExtension/v2"><Speed>0.76</Speed></TPX></Extensions></Trackpoint><Trackpoint><Time>2026-03-03T16:06:56+00:00</Time><DistanceMeters>640.7</DistanceMeters><Position><LatitudeDegrees>50.854486</LatitudeDegrees><LongitudeDegrees>4.415975</LongitudeDegrees></Position><AltitudeMeters>76.0</AltitudeMeters><Cadence>55</Cadence><Extensions><TPX xmlns="http://www.garmin.com/xmlschemas/ActivityExtension/v2"><Speed>0.8</Speed></TPX></Extensions></Trackpoint><Trackpoint><Time>2026-03-03T16:06:57+00:00</Time><DistanceMeters>641.9</DistanceMeters><Position><LatitudeDegrees>50.854485</LatitudeDegrees><LongitudeDegrees>4.415992</LongitudeDegrees></Position><AltitudeMeters>76.0</AltitudeMeters><Cadence>55</Cadence><Extensions><TPX xmlns="http://www.garmin.com/xmlschemas/ActivityExtension/v2"><Speed>0.92</Speed></TPX></Extensions></Trackpoint><Trackpoint><Time>2026-03-03T16:06:58+00:00</Time><DistanceMeters>642.6</DistanceMeters><Position><LatitudeDegrees>50.854485</LatitudeDegrees><LongitudeDegrees>4.416004</LongitudeDegrees></Position><AltitudeMeters>76.0</AltitudeMeters><Cadence>55</Cadence><Extensions><TPX xmlns="http://www.garmin.com/xmlschemas/ActivityExtension/v2"><Speed>0.96</Speed></TPX></Extensions></Trackpoint><Trackpoint><Time>2026-03-03T16:06:59+00:00</Time><DistanceMeters>643.3</DistanceMeters><Position><LatitudeDegrees>50.854484</LatitudeDegrees><LongitudeDegrees>4.416014</LongitudeDegrees></Position><AltitudeMeters>76.0</AltitudeMeters><Cadence>54</Cadence><Extensions><TPX xmlns="http://www.garmin.com/xmlschemas/ActivityExtension/v2"><Speed>0.92</Speed></TPX></Extensions></Trackpoint><Trackpoint><Time>2026-03-03T16:07:00+00:00</Time><DistanceMeters>643.9</DistanceMeters><Position><LatitudeDegrees>50.854485</LatitudeDegrees><LongitudeDegrees>4.416023</LongitudeDegrees></Position><AltitudeMeters>76.0</AltitudeMeters><Cadence>54</Cadence><Extensions><TPX xmlns="http://www.garmin.com/xmlschemas/ActivityExtension/v2"><Speed>0.86</Speed></TPX></Extensions></Trackpoint><Trackpoint><Time>2026-03-03T16:07:01+00:00</Time><DistanceMeters>645.3</DistanceMeters><Position><LatitudeDegrees>50.854478</LatitudeDegrees><LongitudeDegrees>4.41604</LongitudeDegrees></Position><AltitudeMeters>75.9</AltitudeMeters><Cadence>54</Cadence><Extensions><TPX xmlns="http://www.garmin.com/xmlschemas/ActivityExtension/v2"><Speed>0.92</Speed></TPX></Extensions></Trackpoint><Trackpoint><Time>2026-03-03T16:07:02+00:00</Time><DistanceMeters>646.8</DistanceMeters><Position><LatitudeDegrees>50.854472</LatitudeDegrees><LongitudeDegrees>4.416059</LongitudeDegrees></Position><AltitudeMeters>75.9</AltitudeMeters><Cadence>54</Cadence><Extensions><TPX xmlns="http://www.garmin.com/xmlschemas/ActivityExtension/v2"><Speed>0.98</Speed></TPX></Extensions></Trackpoint><Trackpoint><Time>2026-03-03T16:07:03+00:00</Time><DistanceMeters>647.8</DistanceMeters><Position><LatitudeDegrees>50.854469</LatitudeDegrees><LongitudeDegrees>4.416071</LongitudeDegrees></Position><AltitudeMeters>75.9</AltitudeMeters><Cadence>54</Cadence><Extensions><TPX xmlns="http://www.garmin.com/xmlschemas/ActivityExtension/v2"><Speed>1.04</Speed></TPX></Extensions></Trackpoint><Trackpoint><Time>2026-03-03T16:07:04+00:00</Time><DistanceMeters>648.6</DistanceMeters><Position><LatitudeDegrees>50.854465</LatitudeDegrees><LongitudeDegrees>4.416082</LongitudeDegrees></Position><AltitudeMeters>75.9</AltitudeMeters><Cadence>55</Cadence><Extensions><TPX xmlns="http://www.garmin.com/xmlschemas/ActivityExtension/v2"><Speed>1.06</Speed></TPX></Extensions></Trackpoint><Trackpoint><Time>2026-03-03T16:07:05+00:00</Time><DistanceMeters>649.6</DistanceMeters><Position><LatitudeDegrees>50.854459</LatitudeDegrees><LongitudeDegrees>4.416093</LongitudeDegrees></Position><AltitudeMeters>75.9</AltitudeMeters><Cadence>55</Cadence><Extensions><TPX xmlns="http://www.garmin.com/xmlschemas/ActivityExtension/v2"><Speed>1.14</Speed></TPX></Extensions></Trackpoint><Trackpoint><Time>2026-03-03T16:07:06+00:00</Time><DistanceMeters>650.4</DistanceMeters><Position><LatitudeDegrees>50.854454</LatitudeDegrees><LongitudeDegrees>4.416099</LongitudeDegrees></Position><AltitudeMeters>75.9</AltitudeMeters><Cadence>55</Cadence><Extensions><TPX xmlns="http://www.garmin.com/xmlschemas/ActivityExtension/v2"><Speed>1.02</Speed></TPX></Extensions></Trackpoint><Trackpoint><Time>2026-03-03T16:07:07+00:00</Time><DistanceMeters>651.1</DistanceMeters><Position><LatitudeDegrees>50.854448</LatitudeDegrees><LongitudeDegrees>4.416103</LongitudeDegrees></Position><AltitudeMeters>75.9</AltitudeMeters><Cadence>55</Cadence><Extensions><TPX xmlns="http://www.garmin.com/xmlschemas/ActivityExtension/v2"><Speed>0.86</Speed></TPX></Extensions></Trackpoint><Trackpoint><Time>2026-03-03T16:07:08+00:00</Time><DistanceMeters>651.8</DistanceMeters><Position><LatitudeDegrees>50.854441</LatitudeDegrees><LongitudeDegrees>4.416105</LongitudeDegrees></Position><AltitudeMeters>75.8</AltitudeMeters><Cadence>55</Cadence><Extensions><TPX xmlns="http://www.garmin.com/xmlschemas/ActivityExtension/v2"><Speed>0.8</Speed></TPX></Extensions></Trackpoint><Trackpoint><Time>2026-03-03T16:07:09+00:00</Time><DistanceMeters>652.8</DistanceMeters><Position><LatitudeDegrees>50.854433</LatitudeDegrees><LongitudeDegrees>4.416109</LongitudeDegrees></Position><AltitudeMeters>75.8</AltitudeMeters><Cadence>54</Cadence><Extensions><TPX xmlns="http://www.garmin.com/xmlschemas/ActivityExtension/v2"><Speed>0.84</Speed></TPX></Extensions></Trackpoint><Trackpoint><Time>2026-03-03T16:07:10+00:00</Time><DistanceMeters>653.2</DistanceMeters><Position><LatitudeDegrees>50.854429</LatitudeDegrees><LongitudeDegrees>4.416111</LongitudeDegrees></Position><AltitudeMeters>75.8</AltitudeMeters><Cadence>54</Cadence><Extensions><TPX xmlns="http://www.garmin.com/xmlschemas/ActivityExtension/v2"><Speed>0.72</Speed></TPX></Extensions></Trackpoint><Trackpoint><Time>2026-03-03T16:07:11+00:00</Time><DistanceMeters>653.7</DistanceMeters><Position><LatitudeDegrees>50.854424</LatitudeDegrees><LongitudeDegrees>4.416109</LongitudeDegrees></Position><AltitudeMeters>75.8</AltitudeMeters><Cadence>54</Cadence><Extensions><TPX xmlns="http://www.garmin.com/xmlschemas/ActivityExtension/v2"><Speed>0.66</Speed></TPX></Extensions></Trackpoint><Trackpoint><Time>2026-03-03T16:07:12+00:00</Time><DistanceMeters>653.9</DistanceMeters><Position><LatitudeDegrees>50.854422</LatitudeDegrees><LongitudeDegrees>4.416107</LongitudeDegrees></Position><AltitudeMeters>75.8</AltitudeMeters><Cadence>54</Cadence><Extensions><TPX xmlns="http://www.garmin.com/xmlschemas/ActivityExtension/v2"><Speed>0.56</Speed></TPX></Extensions></Trackpoint><Trackpoint><Time>2026-03-03T16:07:13+00:00</Time><DistanceMeters>654.7</DistanceMeters><Position><LatitudeDegrees>50.854416</LatitudeDegrees><LongitudeDegrees>4.416117</LongitudeDegrees></Position><AltitudeMeters>75.8</AltitudeMeters><Cadence>54</Cadence><Extensions><TPX xmlns="http://www.garmin.com/xmlschemas/ActivityExtension/v2"><Speed>0.58</Speed></TPX></Extensions></Trackpoint><Trackpoint><Time>2026-03-03T16:07:14+00:00</Time><DistanceMeters>655.6</DistanceMeters><Position><LatitudeDegrees>50.854413</LatitudeDegrees><LongitudeDegrees>4.416129</LongitudeDegrees></Position><AltitudeMeters>75.8</AltitudeMeters><Cadence>54</Cadence><Extensions><TPX xmlns="http://www.garmin.com/xmlschemas/ActivityExtension/v2"><Speed>0.56</Speed></TPX></Extensions></Trackpoint><Trackpoint><Time>2026-03-03T16:07:15+00:00</Time><DistanceMeters>656.5</DistanceMeters><Position><LatitudeDegrees>50.854405</LatitudeDegrees><LongitudeDegrees>4.416135</LongitudeDegrees></Position><AltitudeMeters>75.8</AltitudeMeters><Cadence>54</Cadence><Extensions><TPX xmlns="http://www.garmin.com/xmlschemas/ActivityExtension/v2"><Speed>0.66</Speed></TPX></Extensions></Trackpoint><Trackpoint><Time>2026-03-03T16:07:16+00:00</Time><DistanceMeters>657.5</DistanceMeters><Position><LatitudeDegrees>50.854397</LatitudeDegrees><LongitudeDegrees>4.416142</LongitudeDegrees></Position><AltitudeMeters>75.8</AltitudeMeters><Cadence>54</Cadence><Extensions><TPX xmlns="http://www.garmin.com/xmlschemas/ActivityExtension/v2"><Speed>0.76</Speed></TPX></Extensions></Trackpoint><Trackpoint><Time>2026-03-03T16:07:17+00:00</Time><DistanceMeters>658.1</DistanceMeters><Position><LatitudeDegrees>50.854391</LatitudeDegrees><LongitudeDegrees>4.416142</LongitudeDegrees></Position><AltitudeMeters>75.7</AltitudeMeters><Cadence>54</Cadence><Extensions><TPX xmlns="http://www.garmin.com/xmlschemas/ActivityExtension/v2"><Speed>0.84</Speed></TPX></Extensions></Trackpoint><Trackpoint><Time>2026-03-03T16:07:18+00:00</Time><DistanceMeters>659.9</DistanceMeters><Position><LatitudeDegrees>50.854379</LatitudeDegrees><LongitudeDegrees>4.41616</LongitudeDegrees></Position><AltitudeMeters>75.7</AltitudeMeters><Cadence>54</Cadence><Extensions><TPX xmlns="http://www.garmin.com/xmlschemas/ActivityExtension/v2"><Speed>1.04</Speed></TPX></Extensions></Trackpoint><Trackpoint><Time>2026-03-03T16:07:19+00:00</Time><DistanceMeters>661.5</DistanceMeters><Position><LatitudeDegrees>50.854369</LatitudeDegrees><LongitudeDegrees>4.416175</LongitudeDegrees></Position><AltitudeMeters>75.7</AltitudeMeters><Cadence>54</Cadence><Extensions><TPX xmlns="http://www.garmin.com/xmlschemas/ActivityExtension/v2"><Speed>1.18</Speed></TPX></Extensions></Trackpoint><Trackpoint><Time>2026-03-03T16:07:20+00:00</Time><DistanceMeters>663.6</DistanceMeters><Position><LatitudeDegrees>50.854348</LatitudeDegrees><LongitudeDegrees>4.416181</LongitudeDegrees></Position><AltitudeMeters>75.7</AltitudeMeters><Cadence>54</Cadence><Extensions><TPX xmlns="http://www.garmin.com/xmlschemas/ActivityExtension/v2"><Speed>1.42</Speed></TPX></Extensions></Trackpoint><Trackpoint><Time>2026-03-03T16:07:21+00:00</Time><DistanceMeters>666.4</DistanceMeters><Position><LatitudeDegrees>50.854323</LatitudeDegrees><LongitudeDegrees>4.416194</LongitudeDegrees></Position><AltitudeMeters>75.6</AltitudeMeters><Cadence>54</Cadence><Extensions><TPX xmlns="http://www.garmin.com/xmlschemas/ActivityExtension/v2"><Speed>1.78</Speed></TPX></Extensions></Trackpoint><Trackpoint><Time>2026-03-03T16:07:22+00:00</Time><DistanceMeters>668.7</DistanceMeters><Position><LatitudeDegrees>50.854315</LatitudeDegrees><LongitudeDegrees>4.416231</LongitudeDegrees></Position><AltitudeMeters>75.6</AltitudeMeters><Cadence>54</Cadence><Extensions><TPX xmlns="http://www.garmin.com/xmlschemas/ActivityExtension/v2"><Speed>2.12</Speed></TPX></Extensions></Trackpoint><Trackpoint><Time>2026-03-03T16:07:23+00:00</Time><DistanceMeters>671.2</DistanceMeters><Position><LatitudeDegrees>50.854305</LatitudeDegrees><LongitudeDegrees>4.416266</LongitudeDegrees></Position><AltitudeMeters>75.6</AltitudeMeters><Cadence>54</Cadence><Extensions><TPX xmlns="http://www.garmin.com/xmlschemas/ActivityExtension/v2"><Speed>2.26</Speed></TPX></Extensions></Trackpoint><Trackpoint><Time>2026-03-03T16:07:24+00:00</Time><DistanceMeters>674.0</DistanceMeters><Position><LatitudeDegrees>50.854281</LatitudeDegrees><LongitudeDegrees>4.416281</LongitudeDegrees></Position><AltitudeMeters>75.5</AltitudeMeters><Cadence>54</Cadence><Extensions><TPX xmlns="http://www.garmin.com/xmlschemas/ActivityExtension/v2"><Speed>2.5</Speed></TPX></Extensions></Trackpoint><Trackpoint><Time>2026-03-03T16:07:25+00:00</Time><DistanceMeters>676.3</DistanceMeters><Position><LatitudeDegrees>50.854262</LatitudeDegrees><LongitudeDegrees>4.416298</LongitudeDegrees></Position><AltitudeMeters>75.5</AltitudeMeters><Cadence>54</Cadence><Extensions><TPX xmlns="http://www.garmin.com/xmlschemas/ActivityExtension/v2"><Speed>2.54</Speed></TPX></Extensions></Trackpoint><Trackpoint><Time>2026-03-03T16:07:26+00:00</Time><DistanceMeters>679.7</DistanceMeters><Position><LatitudeDegrees>50.854243</LatitudeDegrees><LongitudeDegrees>4.416335</LongitudeDegrees></Position><AltitudeMeters>75.5</AltitudeMeters><Cadence>54</Cadence><Extensions><TPX xmlns="http://www.garmin.com/xmlschemas/ActivityExtension/v2"><Speed>2.66</Speed></TPX></Extensions></Trackpoint><Trackpoint><Time>2026-03-03T16:07:27+00:00</Time><DistanceMeters>682.6</DistanceMeters><Position><LatitudeDegrees>50.854229</LatitudeDegrees><LongitudeDegrees>4.416369</LongitudeDegrees></Position><AltitudeMeters>75.4</AltitudeMeters><Cadence>54</Cadence><Extensions><TPX xmlns="http://www.garmin.com/xmlschemas/ActivityExtension/v2"><Speed>2.78</Speed></TPX></Extensions></Trackpoint><Trackpoint><Time>2026-03-03T16:07:28+00:00</Time><DistanceMeters>685.0</DistanceMeters><Position><LatitudeDegrees>50.854214</LatitudeDegrees><LongitudeDegrees>4.416394</LongitudeDegrees></Position><AltitudeMeters>75.4</AltitudeMeters><Cadence>53</Cadence><Extensions><TPX xmlns="http://www.garmin.com/xmlschemas/ActivityExtension/v2"><Speed>2.76</Speed></TPX></Extensions></Trackpoint><Trackpoint><Time>2026-03-03T16:07:29+00:00</Time><DistanceMeters>687.1</DistanceMeters><Position><LatitudeDegrees>50.854205</LatitudeDegrees><LongitudeDegrees>4.416422</LongitudeDegrees></Position><AltitudeMeters>75.4</AltitudeMeters><Cadence>53</Cadence><Extensions><TPX xmlns="http://www.garmin.com/xmlschemas/ActivityExtension/v2"><Speed>2.62</Speed></TPX></Extensions></Trackpoint><Trackpoint><Time>2026-03-03T16:07:30+00:00</Time><DistanceMeters>688.8</DistanceMeters><Position><LatitudeDegrees>50.854191</LatitudeDegrees><LongitudeDegrees>4.416435</LongitudeDegrees></Position><AltitudeMeters>75.4</AltitudeMeters><Cadence>54</Cadence><Extensions><TPX xmlns="http://www.garmin.com/xmlschemas/ActivityExtension/v2"><Speed>2.5</Speed></TPX></Extensions></Trackpoint><Trackpoint><Time>2026-03-03T16:07:31+00:00</Time><DistanceMeters>691.2</DistanceMeters><Position><LatitudeDegrees>50.854168</LatitudeDegrees><LongitudeDegrees>4.416447</LongitudeDegrees></Position><AltitudeMeters>75.4</AltitudeMeters><Cadence>55</Cadence><Extensions><TPX xmlns="http://www.garmin.com/xmlschemas/ActivityExtension/v2"><Speed>2.3</Speed></TPX></Extensions></Trackpoint><Trackpoint><Time>2026-03-03T16:07:32+00:00</Time><DistanceMeters>693.8</DistanceMeters><Position><LatitudeDegrees>50.854145</LatitudeDegrees><LongitudeDegrees>4.41646</LongitudeDegrees></Position><AltitudeMeters>75.3</AltitudeMeters><Cadence>55</Cadence><Extensions><TPX xmlns="http://www.garmin.com/xmlschemas/ActivityExtension/v2"><Speed>2.24</Speed></TPX></Extensions></Trackpoint><Trackpoint><Time>2026-03-03T16:07:33+00:00</Time><DistanceMeters>695.8</DistanceMeters><Position><LatitudeDegrees>50.854128</LatitudeDegrees><LongitudeDegrees>4.416474</LongitudeDegrees></Position><AltitudeMeters>75.3</AltitudeMeters><Cadence>55</Cadence><Extensions><TPX xmlns="http://www.garmin.com/xmlschemas/ActivityExtension/v2"><Speed>2.16</Speed></TPX></Extensions></Trackpoint><Trackpoint><Time>2026-03-03T16:07:34+00:00</Time><DistanceMeters>698.2</DistanceMeters><Position><LatitudeDegrees>50.854106</LatitudeDegrees><LongitudeDegrees>4.416485</LongitudeDegrees></Position><AltitudeMeters>75.3</AltitudeMeters><Cadence>54</Cadence><Extensions><TPX xmlns="http://www.garmin.com/xmlschemas/ActivityExtension/v2"><Speed>2.22</Speed></TPX></Extensions></Trackpoint><Trackpoint><Time>2026-03-03T16:07:35+00:00</Time><DistanceMeters>700.6</DistanceMeters><Position><LatitudeDegrees>50.854084</LatitudeDegrees><LongitudeDegrees>4.416494</LongitudeDegrees></Position><AltitudeMeters>75.3</AltitudeMeters><Cadence>54</Cadence><Extensions><TPX xmlns="http://www.garmin.com/xmlschemas/ActivityExtension/v2"><Speed>2.36</Speed></TPX></Extensions></Trackpoint><Trackpoint><Time>2026-03-03T16:07:36+00:00</Time><DistanceMeters>703.2</DistanceMeters><Position><LatitudeDegrees>50.85406</LatitudeDegrees><LongitudeDegrees>4.416507</LongitudeDegrees></Position><AltitudeMeters>75.3</AltitudeMeters><Cadence>54</Cadence><Extensions><TPX xmlns="http://www.garmin.com/xmlschemas/ActivityExtension/v2"><Speed>2.4</Speed></TPX></Extensions></Trackpoint><Trackpoint><Time>2026-03-03T16:07:37+00:00</Time><DistanceMeters>705.7</DistanceMeters><Position><LatitudeDegrees>50.854038</LatitudeDegrees><LongitudeDegrees>4.416519</LongitudeDegrees></Position><AltitudeMeters>75.3</AltitudeMeters><Cadence>56</Cadence><Extensions><TPX xmlns="http://www.garmin.com/xmlschemas/ActivityExtension/v2"><Speed>2.38</Speed></TPX></Extensions></Trackpoint><Trackpoint><Time>2026-03-03T16:07:38+00:00</Time><DistanceMeters>708.1</DistanceMeters><Position><LatitudeDegrees>50.85402</LatitudeDegrees><LongitudeDegrees>4.416537</LongitudeDegrees></Position><AltitudeMeters>75.2</AltitudeMeters><Cadence>56</Cadence><Extensions><TPX xmlns="http://www.garmin.com/xmlschemas/ActivityExtension/v2"><Speed>2.46</Speed></TPX></Extensions></Trackpoint><Trackpoint><Time>2026-03-03T16:07:39+00:00</Time><DistanceMeters>710.4</DistanceMeters><Position><LatitudeDegrees>50.853993</LatitudeDegrees><LongitudeDegrees>4.416534</LongitudeDegrees></Position><AltitudeMeters>75.2</AltitudeMeters><Cadence>56</Cadence><Extensions><TPX xmlns="http://www.garmin.com/xmlschemas/ActivityExtension/v2"><Speed>2.44</Speed></TPX></Extensions></Trackpoint><Trackpoint><Time>2026-03-03T16:07:40+00:00</Time><DistanceMeters>711.3</DistanceMeters><Position><LatitudeDegrees>50.853988</LatitudeDegrees><LongitudeDegrees>4.416547</LongitudeDegrees></Position><AltitudeMeters>75.2</AltitudeMeters><Cadence>56</Cadence><Extensions><TPX xmlns="http://www.garmin.com/xmlschemas/ActivityExtension/v2"><Speed>2.14</Speed></TPX></Extensions></Trackpoint><Trackpoint><Time>2026-03-03T16:07:41+00:00</Time><DistanceMeters>713.5</DistanceMeters><Position><LatitudeDegrees>50.853984</LatitudeDegrees><LongitudeDegrees>4.416578</LongitudeDegrees></Position><AltitudeMeters>75.2</AltitudeMeters><Cadence>55</Cadence><Extensions><TPX xmlns="http://www.garmin.com/xmlschemas/ActivityExtension/v2"><Speed>2.06</Speed></TPX></Extensions></Trackpoint><Trackpoint><Time>2026-03-03T16:07:42+00:00</Time><DistanceMeters>716.8</DistanceMeters><Position><LatitudeDegrees>50.853972</LatitudeDegrees><LongitudeDegrees>4.416623</LongitudeDegrees></Position><AltitudeMeters>75.2</AltitudeMeters><Cadence>55</Cadence><Extensions><TPX xmlns="http://www.garmin.com/xmlschemas/ActivityExtension/v2"><Speed>2.22</Speed></TPX></Extensions></Trackpoint><Trackpoint><Time>2026-03-03T16:07:43+00:00</Time><DistanceMeters>720.0</DistanceMeters><Position><LatitudeDegrees>50.853962</LatitudeDegrees><LongitudeDegrees>4.416665</LongitudeDegrees></Position><AltitudeMeters>75.2</AltitudeMeters><Cadence>55</Cadence><Extensions><TPX xmlns="http://www.garmin.com/xmlschemas/ActivityExtension/v2"><Speed>2.38</Speed></TPX></Extensions></Trackpoint><Trackpoint><Time>2026-03-03T16:07:44+00:00</Time><DistanceMeters>722.7</DistanceMeters><Position><LatitudeDegrees>50.853933</LatitudeDegrees><LongitudeDegrees>4.416674</LongitudeDegrees></Position><AltitudeMeters>75.2</AltitudeMeters><Cadence>54</Cadence><Extensions><TPX xmlns="http://www.garmin.com/xmlschemas/ActivityExtension/v2"><Speed>2.46</Speed></TPX></Extensions></Trackpoint><Trackpoint><Time>2026-03-03T16:07:45+00:00</Time><DistanceMeters>725.8</DistanceMeters><Position><LatitudeDegrees>50.853904</LatitudeDegrees><LongitudeDegrees>4.416679</LongitudeDegrees></Position><AltitudeMeters>75.2</AltitudeMeters><Cadence>54</Cadence><Extensions><TPX xmlns="http://www.garmin.com/xmlschemas/ActivityExtension/v2"><Speed>2.9</Speed></TPX></Extensions></Trackpoint><Trackpoint><Time>2026-03-03T16:07:46+00:00</Time><DistanceMeters>729.3</DistanceMeters><Position><LatitudeDegrees>50.853882</LatitudeDegrees><LongitudeDegrees>4.416717</LongitudeDegrees></Position><AltitudeMeters>75.1</AltitudeMeters><Cadence>54</Cadence><Extensions><TPX xmlns="http://www.garmin.com/xmlschemas/ActivityExtension/v2"><Speed>3.16</Speed></TPX></Extensions></Trackpoint><Trackpoint><Time>2026-03-03T16:07:47+00:00</Time><DistanceMeters>731.9</DistanceMeters><Position><LatitudeDegrees>50.853862</LatitudeDegrees><LongitudeDegrees>4.416737</LongitudeDegrees></Position><AltitudeMeters>75.1</AltitudeMeters><Cadence>54</Cadence><Extensions><TPX xmlns="http://www.garmin.com/xmlschemas/ActivityExtension/v2"><Speed>3.02</Speed></TPX></Extensions></Trackpoint><Trackpoint><Time>2026-03-03T16:07:48+00:00</Time><DistanceMeters>734.0</DistanceMeters><Position><LatitudeDegrees>50.853849</LatitudeDegrees><LongitudeDegrees>4.41676</LongitudeDegrees></Position><AltitudeMeters>75.1</AltitudeMeters><Cadence>54</Cadence><Extensions><TPX xmlns="http://www.garmin.com/xmlschemas/ActivityExtension/v2"><Speed>2.8</Speed></TPX></Extensions></Trackpoint><Trackpoint><Time>2026-03-03T16:07:49+00:00</Time><DistanceMeters>738.0</DistanceMeters><Position><LatitudeDegrees>50.853814</LatitudeDegrees><LongitudeDegrees>4.416776</LongitudeDegrees></Position><AltitudeMeters>75.2</AltitudeMeters><Cadence>54</Cadence><Extensions><TPX xmlns="http://www.garmin.com/xmlschemas/ActivityExtension/v2"><Speed>3.06</Speed></TPX></Extensions></Trackpoint><Trackpoint><Time>2026-03-03T16:07:50+00:00</Time><DistanceMeters>741.6</DistanceMeters><Position><LatitudeDegrees>50.853785</LatitudeDegrees><LongitudeDegrees>4.416798</LongitudeDegrees></Position><AltitudeMeters>75.2</AltitudeMeters><Cadence>53</Cadence><Extensions><TPX xmlns="http://www.garmin.com/xmlschemas/ActivityExtension/v2"><Speed>3.16</Speed></TPX></Extensions></Trackpoint><Trackpoint><Time>2026-03-03T16:07:51+00:00</Time><DistanceMeters>745.3</DistanceMeters><Position><LatitudeDegrees>50.853762</LatitudeDegrees><LongitudeDegrees>4.416836</LongitudeDegrees></Position><AltitudeMeters>75.2</AltitudeMeters><Cadence>53</Cadence><Extensions><TPX xmlns="http://www.garmin.com/xmlschemas/ActivityExtension/v2"><Speed>3.2</Speed></TPX></Extensions></Trackpoint><Trackpoint><Time>2026-03-03T16:07:52+00:00</Time><DistanceMeters>748.3</DistanceMeters><Position><LatitudeDegrees>50.853742</LatitudeDegrees><LongitudeDegrees>4.416868</LongitudeDegrees></Position><AltitudeMeters>75.2</AltitudeMeters><Cadence>54</Cadence><Extensions><TPX xmlns="http://www.garmin.com/xmlschemas/ActivityExtension/v2"><Speed>3.28</Speed></TPX></Extensions></Trackpoint><Trackpoint><Time>2026-03-03T16:07:53+00:00</Time><DistanceMeters>749.8</DistanceMeters><Position><LatitudeDegrees>50.853724</LatitudeDegrees><LongitudeDegrees>4.416881</LongitudeDegrees></Position><AltitudeMeters>75.2</AltitudeMeters><Cadence>54</Cadence><Extensions><TPX xmlns="http://www.garmin.com/xmlschemas/ActivityExtension/v2"><Speed>3.16</Speed></TPX></Extensions></Trackpoint><Trackpoint><Time>2026-03-03T16:07:54+00:00</Time><DistanceMeters>752.4</DistanceMeters><Position><LatitudeDegrees>50.853701</LatitudeDegrees><LongitudeDegrees>4.416903</LongitudeDegrees></Position><AltitudeMeters>75.2</AltitudeMeters><Cadence>54</Cadence><Extensions><TPX xmlns="http://www.garmin.com/xmlschemas/ActivityExtension/v2"><Speed>2.88</Speed></TPX></Extensions></Trackpoint><Trackpoint><Time>2026-03-03T16:07:55+00:00</Time><DistanceMeters>753.1</DistanceMeters><Position><LatitudeDegrees>50.853692</LatitudeDegrees><LongitudeDegrees>4.416903</LongitudeDegrees></Position><AltitudeMeters>75.2</AltitudeMeters><Cadence>54</Cadence><Extensions><TPX xmlns="http://www.garmin.com/xmlschemas/ActivityExtension/v2"><Speed>2.3</Speed></TPX></Extensions></Trackpoint><Trackpoint><Time>2026-03-03T16:07:56+00:00</Time><DistanceMeters>756.2</DistanceMeters><Position><LatitudeDegrees>50.853675</LatitudeDegrees><LongitudeDegrees>4.416938</LongitudeDegrees></Position><AltitudeMeters>75.1</AltitudeMeters><Cadence>54</Cadence><Extensions><TPX xmlns="http://www.garmin.com/xmlschemas/ActivityExtension/v2"><Speed>2.18</Speed></TPX></Extensions></Trackpoint><Trackpoint><Time>2026-03-03T16:07:57+00:00</Time><DistanceMeters>757.1</DistanceMeters><Position><LatitudeDegrees>50.853669</LatitudeDegrees><LongitudeDegrees>4.416947</LongitudeDegrees></Position><AltitudeMeters>75.1</AltitudeMeters><Cadence>54</Cadence><Extensions><TPX xmlns="http://www.garmin.com/xmlschemas/ActivityExtension/v2"><Speed>1.76</Speed></TPX></Extensions></Trackpoint><Trackpoint><Time>2026-03-03T16:07:58+00:00</Time><DistanceMeters>759.0</DistanceMeters><Position><LatitudeDegrees>50.853671</LatitudeDegrees><LongitudeDegrees>4.416976</LongitudeDegrees></Position><AltitudeMeters>75.1</AltitudeMeters><Cadence>54</Cadence><Extensions><TPX xmlns="http://www.garmin.com/xmlschemas/ActivityExtension/v2"><Speed>1.84</Speed></TPX></Extensions></Trackpoint><Trackpoint><Time>2026-03-03T16:07:59+00:00</Time><DistanceMeters>759.0</DistanceMeters><Position><LatitudeDegrees>50.853687</LatitudeDegrees><LongitudeDegrees>4.416981</LongitudeDegrees></Position><AltitudeMeters>75.1</AltitudeMeters><Cadence>55</Cadence><Extensions><TPX xmlns="http://www.garmin.com/xmlschemas/ActivityExtension/v2"><Speed>1.32</Speed></TPX></Extensions></Trackpoint><Trackpoint><Time>2026-03-03T16:08:00+00:00</Time><DistanceMeters>759.8</DistanceMeters><Position><LatitudeDegrees>50.853701</LatitudeDegrees><LongitudeDegrees>4.416967</LongitudeDegrees></Position><AltitudeMeters>75.1</AltitudeMeters><Cadence>57</Cadence><Extensions><TPX xmlns="http://www.garmin.com/xmlschemas/ActivityExtension/v2"><Speed>1.34</Speed></TPX></Extensions></Trackpoint><Trackpoint><Time>2026-03-03T16:08:01+00:00</Time><DistanceMeters>759.8</DistanceMeters><Position><LatitudeDegrees>50.853707</LatitudeDegrees><LongitudeDegrees>4.416949</LongitudeDegrees></Position><AltitudeMeters>75.1</AltitudeMeters><Cadence>57</Cadence><Extensions><TPX xmlns="http://www.garmin.com/xmlschemas/ActivityExtension/v2"><Speed>0.72</Speed></TPX></Extensions></Trackpoint><Trackpoint><Time>2026-03-03T16:08:02+00:00</Time><DistanceMeters>759.8</DistanceMeters><Position><LatitudeDegrees>50.853712</LatitudeDegrees><LongitudeDegrees>4.416938</LongitudeDegrees></Position><AltitudeMeters>75.1</AltitudeMeters><Cadence>57</Cadence><Extensions><TPX xmlns="http://www.garmin.com/xmlschemas/ActivityExtension/v2"><Speed>0.54</Speed></TPX></Extensions></Trackpoint><Trackpoint><Time>2026-03-03T16:08:03+00:00</Time><DistanceMeters>759.8</DistanceMeters><Position><LatitudeDegrees>50.853724</LatitudeDegrees><LongitudeDegrees>4.416935</LongitudeDegrees></Position><AltitudeMeters>75.1</AltitudeMeters><Cadence>54</Cadence><Extensions><TPX xmlns="http://www.garmin.com/xmlschemas/ActivityExtension/v2"><Speed>0.16</Speed></TPX></Extensions></Trackpoint><Trackpoint><Time>2026-03-03T16:08:04+00:00</Time><DistanceMeters>759.8</DistanceMeters><Position><LatitudeDegrees>50.853736</LatitudeDegrees><LongitudeDegrees>4.416928</LongitudeDegrees></Position><AltitudeMeters>75.1</AltitudeMeters><Cadence>54</Cadence><Extensions><TPX xmlns="http://www.garmin.com/xmlschemas/ActivityExtension/v2"><Speed>0.16</Speed></TPX></Extensions></Trackpoint><Trackpoint><Time>2026-03-03T16:08:05+00:00</Time><DistanceMeters>759.8</DistanceMeters><Position><LatitudeDegrees>50.853742</LatitudeDegrees><LongitudeDegrees>4.416924</LongitudeDegrees></Position><AltitudeMeters>75.1</AltitudeMeters><Cadence>54</Cadence><Extensions><TPX xmlns="http://www.garmin.com/xmlschemas/ActivityExtension/v2"><Speed>0.0</Speed></TPX></Extensions></Trackpoint><Trackpoint><Time>2026-03-03T16:08:06+00:00</Time><DistanceMeters>759.8</DistanceMeters><Position><LatitudeDegrees>50.853756</LatitudeDegrees><LongitudeDegrees>4.416929</LongitudeDegrees></Position><AltitudeMeters>75.1</AltitudeMeters><Cadence>54</Cadence><Extensions><TPX xmlns="http://www.garmin.com/xmlschemas/ActivityExtension/v2"><Speed>0.0</Speed></TPX></Extensions></Trackpoint><Trackpoint><Time>2026-03-03T16:08:07+00:00</Time><DistanceMeters>759.8</DistanceMeters><Position><LatitudeDegrees>50.853759</LatitudeDegrees><LongitudeDegrees>4.416926</LongitudeDegrees></Position><AltitudeMeters>75.1</AltitudeMeters><Cadence>54</Cadence><Extensions><TPX xmlns="http://www.garmin.com/xmlschemas/ActivityExtension/v2"><Speed>0.0</Speed></TPX></Extensions></Trackpoint><Trackpoint><Time>2026-03-03T16:08:08+00:00</Time><DistanceMeters>760.7</DistanceMeters><Position><LatitudeDegrees>50.853765</LatitudeDegrees><LongitudeDegrees>4.416943</LongitudeDegrees></Position><AltitudeMeters>75.1</AltitudeMeters><Cadence>55</Cadence><Extensions><TPX xmlns="http://www.garmin.com/xmlschemas/ActivityExtension/v2"><Speed>0.18</Speed></TPX></Extensions></Trackpoint><Trackpoint><Time>2026-03-03T16:08:09+00:00</Time><DistanceMeters>760.8</DistanceMeters><Position><LatitudeDegrees>50.853765</LatitudeDegrees><LongitudeDegrees>4.416945</LongitudeDegrees></Position><AltitudeMeters>75.1</AltitudeMeters><Cadence>55</Cadence><Extensions><TPX xmlns="http://www.garmin.com/xmlschemas/ActivityExtension/v2"><Speed>0.2</Speed></TPX></Extensions></Trackpoint><Trackpoint><Time>2026-03-03T16:08:10+00:00</Time><DistanceMeters>761.6</DistanceMeters><Position><LatitudeDegrees>50.853758</LatitudeDegrees><LongitudeDegrees>4.416951</LongitudeDegrees></Position><AltitudeMeters>75.1</AltitudeMeters><Cadence>55</Cadence><Extensions><TPX xmlns="http://www.garmin.com/xmlschemas/ActivityExtension/v2"><Speed>0.36</Speed></TPX></Extensions></Trackpoint><Trackpoint><Time>2026-03-03T16:08:11+00:00</Time><DistanceMeters>762.5</DistanceMeters><Position><LatitudeDegrees>50.853751</LatitudeDegrees><LongitudeDegrees>4.416958</LongitudeDegrees></Position><AltitudeMeters>75.1</AltitudeMeters><Cadence>55</Cadence><Extensions><TPX xmlns="http://www.garmin.com/xmlschemas/ActivityExtension/v2"><Speed>0.54</Speed></TPX></Extensions></Trackpoint><Trackpoint><Time>2026-03-03T16:08:12+00:00</Time><DistanceMeters>763.8</DistanceMeters><Position><LatitudeDegrees>50.853739</LatitudeDegrees><LongitudeDegrees>4.416958</LongitudeDegrees></Position><AltitudeMeters>75.1</AltitudeMeters><Cadence>55</Cadence><Extensions><TPX xmlns="http://www.garmin.com/xmlschemas/ActivityExtension/v2"><Speed>0.8</Speed></TPX></Extensions></Trackpoint><Trackpoint><Time>2026-03-03T16:08:13+00:00</Time><DistanceMeters>765.0</DistanceMeters><Position><LatitudeDegrees>50.853728</LatitudeDegrees><LongitudeDegrees>4.41696</LongitudeDegrees></Position><AltitudeMeters>75.1</AltitudeMeters><Cadence>54</Cadence><Extensions><TPX xmlns="http://www.garmin.com/xmlschemas/ActivityExtension/v2"><Speed>0.86</Speed></TPX></Extensions></Trackpoint><Trackpoint><Time>2026-03-03T16:08:14+00:00</Time><DistanceMeters>765.7</DistanceMeters><Position><LatitudeDegrees>50.853722</LatitudeDegrees><LongitudeDegrees>4.416957</LongitudeDegrees></Position><AltitudeMeters>75.1</AltitudeMeters><Cadence>54</Cadence><Extensions><TPX xmlns="http://www.garmin.com/xmlschemas/ActivityExtension/v2"><Speed>0.98</Speed></TPX></Extensions></Trackpoint><Trackpoint><Time>2026-03-03T16:08:15+00:00</Time><DistanceMeters>766.7</DistanceMeters><Position><LatitudeDegrees>50.853712</LatitudeDegrees><LongitudeDegrees>4.416957</LongitudeDegrees></Position><AltitudeMeters>75.1</AltitudeMeters><Cadence>53</Cadence><Extensions><TPX xmlns="http://www.garmin.com/xmlschemas/ActivityExtension/v2"><Speed>1.02</Speed></TPX></Extensions></Trackpoint><Trackpoint><Time>2026-03-03T16:08:16+00:00</Time><DistanceMeters>767.5</DistanceMeters><Position><LatitudeDegrees>50.853704</LatitudeDegrees><LongitudeDegrees>4.416955</LongitudeDegrees></Position><AltitudeMeters>75.1</AltitudeMeters><Cadence>53</Cadence><Extensions><TPX xmlns="http://www.garmin.com/xmlschemas/ActivityExtension/v2"><Speed>1.0</Speed></TPX></Extensions></Trackpoint><Trackpoint><Time>2026-03-03T16:08:17+00:00</Time><DistanceMeters>768.2</DistanceMeters><Position><LatitudeDegrees>50.8537</LatitudeDegrees><LongitudeDegrees>4.41695</LongitudeDegrees></Position><AltitudeMeters>75.1</AltitudeMeters><Cadence>53</Cadence><Extensions><TPX xmlns="http://www.garmin.com/xmlschemas/ActivityExtension/v2"><Speed>0.88</Speed></TPX></Extensions></Trackpoint><Trackpoint><Time>2026-03-03T16:08:18+00:00</Time><DistanceMeters>768.5</DistanceMeters><Position><LatitudeDegrees>50.853698</LatitudeDegrees><LongitudeDegrees>4.416947</LongitudeDegrees></Position><AltitudeMeters>75.1</AltitudeMeters><Cadence>53</Cadence><Extensions><TPX xmlns="http://www.garmin.com/xmlschemas/ActivityExtension/v2"><Speed>0.7</Speed></TPX></Extensions></Trackpoint><Trackpoint><Time>2026-03-03T16:08:19+00:00</Time><DistanceMeters>768.9</DistanceMeters><Position><LatitudeDegrees>50.853694</LatitudeDegrees><LongitudeDegrees>4.416945</LongitudeDegrees></Position><AltitudeMeters>75.1</AltitudeMeters><Cadence>53</Cadence><Extensions><TPX xmlns="http://www.garmin.com/xmlschemas/ActivityExtension/v2"><Speed>0.64</Speed></TPX></Extensions></Trackpoint><Trackpoint><Time>2026-03-03T16:08:20+00:00</Time><DistanceMeters>769.3</DistanceMeters><Position><LatitudeDegrees>50.853691</LatitudeDegrees><LongitudeDegrees>4.416945</LongitudeDegrees></Position><AltitudeMeters>75.1</AltitudeMeters><Cadence>53</Cadence><Extensions><TPX xmlns="http://www.garmin.com/xmlschemas/ActivityExtension/v2"><Speed>0.52</Speed></TPX></Extensions></Trackpoint><Trackpoint><Time>2026-03-03T16:08:21+00:00</Time><DistanceMeters>769.3</DistanceMeters><Position><LatitudeDegrees>50.853691</LatitudeDegrees><LongitudeDegrees>4.416942</LongitudeDegrees></Position><AltitudeMeters>75.1</AltitudeMeters><Cadence>55</Cadence><Extensions><TPX xmlns="http://www.garmin.com/xmlschemas/ActivityExtension/v2"><Speed>0.36</Speed></TPX></Extensions></Trackpoint><Trackpoint><Time>2026-03-03T16:08:22+00:00</Time><DistanceMeters>769.8</DistanceMeters><Position><LatitudeDegrees>50.853687</LatitudeDegrees><LongitudeDegrees>4.41694</LongitudeDegrees></Position><AltitudeMeters>75.1</AltitudeMeters><Cadence>55</Cadence><Extensions><TPX xmlns="http://www.garmin.com/xmlschemas/ActivityExtension/v2"><Speed>0.32</Speed></TPX></Extensions></Trackpoint><Trackpoint><Time>2026-03-03T16:08:23+00:00</Time><DistanceMeters>770.5</DistanceMeters><Position><LatitudeDegrees>50.853682</LatitudeDegrees><LongitudeDegrees>4.41693</LongitudeDegrees></Position><AltitudeMeters>75.1</AltitudeMeters><Cadence>55</Cadence><Extensions><TPX xmlns="http://www.garmin.com/xmlschemas/ActivityExtension/v2"><Speed>0.4</Speed></TPX></Extensions></Trackpoint><Trackpoint><Time>2026-03-03T16:08:24+00:00</Time><DistanceMeters>771.9</DistanceMeters><Position><LatitudeDegrees>50.85367</LatitudeDegrees><LongitudeDegrees>4.416925</LongitudeDegrees></Position><AltitudeMeters>75.0</AltitudeMeters><Cadence>55</Cadence><Extensions><TPX xmlns="http://www.garmin.com/xmlschemas/ActivityExtension/v2"><Speed>0.6</Speed></TPX></Extensions></Trackpoint><Trackpoint><Time>2026-03-03T16:08:25+00:00</Time><DistanceMeters>773.2</DistanceMeters><Position><LatitudeDegrees>50.853658</LatitudeDegrees><LongitudeDegrees>4.416922</LongitudeDegrees></Position><AltitudeMeters>75.0</AltitudeMeters><Cadence>56</Cadence><Extensions><TPX xmlns="http://www.garmin.com/xmlschemas/ActivityExtension/v2"><Speed>0.78</Speed></TPX></Extensions></Trackpoint><Trackpoint><Time>2026-03-03T16:08:26+00:00</Time><DistanceMeters>773.5</DistanceMeters><Position><LatitudeDegrees>50.853655</LatitudeDegrees><LongitudeDegrees>4.416927</LongitudeDegrees></Position><AltitudeMeters>75.0</AltitudeMeters><Cadence>56</Cadence><Extensions><TPX xmlns="http://www.garmin.com/xmlschemas/ActivityExtension/v2"><Speed>0.84</Speed></TPX></Extensions></Trackpoint><Trackpoint><Time>2026-03-03T16:08:27+00:00</Time><DistanceMeters>774.3</DistanceMeters><Position><LatitudeDegrees>50.853649</LatitudeDegrees><LongitudeDegrees>4.416934</LongitudeDegrees></Position><AltitudeMeters>75.0</AltitudeMeters><Cadence>55</Cadence><Extensions><TPX xmlns="http://www.garmin.com/xmlschemas/ActivityExtension/v2"><Speed>0.9</Speed></TPX></Extensions></Trackpoint><Trackpoint><Time>2026-03-03T16:08:28+00:00</Time><DistanceMeters>775.2</DistanceMeters><Position><LatitudeDegrees>50.853642</LatitudeDegrees><LongitudeDegrees>4.41694</LongitudeDegrees></Position><AltitudeMeters>75.0</AltitudeMeters><Cadence>55</Cadence><Extensions><TPX xmlns="http://www.garmin.com/xmlschemas/ActivityExtension/v2"><Speed>0.94</Speed></TPX></Extensions></Trackpoint><Trackpoint><Time>2026-03-03T16:08:29+00:00</Time><DistanceMeters>775.9</DistanceMeters><Position><LatitudeDegrees>50.853636</LatitudeDegrees><LongitudeDegrees>4.416945</LongitudeDegrees></Position><AltitudeMeters>75.0</AltitudeMeters><Cadence>55</Cadence><Extensions><TPX xmlns="http://www.garmin.com/xmlschemas/ActivityExtension/v2"><Speed>0.8</Speed></TPX></Extensions></Trackpoint><Trackpoint><Time>2026-03-03T16:08:30+00:00</Time><DistanceMeters>776.1</DistanceMeters><Position><LatitudeDegrees>50.853636</LatitudeDegrees><LongitudeDegrees>4.416953</LongitudeDegrees></Position><AltitudeMeters>75.0</AltitudeMeters><Cadence>55</Cadence><Extensions><TPX xmlns="http://www.garmin.com/xmlschemas/ActivityExtension/v2"><Speed>0.58</Speed></TPX></Extensions></Trackpoint><Trackpoint><Time>2026-03-03T16:08:31+00:00</Time><DistanceMeters>776.8</DistanceMeters><Position><LatitudeDegrees>50.853632</LatitudeDegrees><LongitudeDegrees>4.416962</LongitudeDegrees></Position><AltitudeMeters>75.0</AltitudeMeters><Cadence>54</Cadence><Extensions><TPX xmlns="http://www.garmin.com/xmlschemas/ActivityExtension/v2"><Speed>0.66</Speed></TPX></Extensions></Trackpoint><Trackpoint><Time>2026-03-03T16:08:32+00:00</Time><DistanceMeters>778.6</DistanceMeters><Position><LatitudeDegrees>50.853617</LatitudeDegrees><LongitudeDegrees>4.416971</LongitudeDegrees></Position><AltitudeMeters>75.0</AltitudeMeters><Cadence>54</Cadence><Extensions><TPX xmlns="http://www.garmin.com/xmlschemas/ActivityExtension/v2"><Speed>0.86</Speed></TPX></Extensions></Trackpoint><Trackpoint><Time>2026-03-03T16:08:33+00:00</Time><DistanceMeters>779.3</DistanceMeters><Position><LatitudeDegrees>50.853627</LatitudeDegrees><LongitudeDegrees>4.416987</LongitudeDegrees></Position><AltitudeMeters>74.9</AltitudeMeters><Cadence>54</Cadence><Extensions><TPX xmlns="http://www.garmin.com/xmlschemas/ActivityExtension/v2"><Speed>0.82</Speed></TPX></Extensions></Trackpoint><Trackpoint><Time>2026-03-03T16:08:34+00:00</Time><DistanceMeters>780.0</DistanceMeters><Position><LatitudeDegrees>50.853631</LatitudeDegrees><LongitudeDegrees>4.417005</LongitudeDegrees></Position><AltitudeMeters>74.9</AltitudeMeters><Cadence>55</Cadence><Extensions><TPX xmlns="http://www.garmin.com/xmlschemas/ActivityExtension/v2"><Speed>0.82</Speed></TPX></Extensions></Trackpoint><Trackpoint><Time>2026-03-03T16:08:35+00:00</Time><DistanceMeters>780.6</DistanceMeters><Position><LatitudeDegrees>50.853637</LatitudeDegrees><LongitudeDegrees>4.41702</LongitudeDegrees></Position><AltitudeMeters>74.9</AltitudeMeters><Cadence>55</Cadence><Extensions><TPX xmlns="http://www.garmin.com/xmlschemas/ActivityExtension/v2"><Speed>0.9</Speed></TPX></Extensions></Trackpoint><Trackpoint><Time>2026-03-03T16:08:36+00:00</Time><DistanceMeters>781.3</DistanceMeters><Position><LatitudeDegrees>50.853638</LatitudeDegrees><LongitudeDegrees>4.417034</LongitudeDegrees></Position><AltitudeMeters>74.9</AltitudeMeters><Cadence>55</Cadence><Extensions><TPX xmlns="http://www.garmin.com/xmlschemas/ActivityExtension/v2"><Speed>0.9</Speed></TPX></Extensions></Trackpoint><Trackpoint><Time>2026-03-03T16:08:37+00:00</Time><DistanceMeters>781.9</DistanceMeters><Position><LatitudeDegrees>50.853634</LatitudeDegrees><LongitudeDegrees>4.417041</LongitudeDegrees></Position><AltitudeMeters>74.9</AltitudeMeters><Cadence>55</Cadence><Extensions><TPX xmlns="http://www.garmin.com/xmlschemas/ActivityExtension/v2"><Speed>0.66</Speed></TPX></Extensions></Trackpoint><Trackpoint><Time>2026-03-03T16:08:38+00:00</Time><DistanceMeters>782.0</DistanceMeters><Position><LatitudeDegrees>50.853634</LatitudeDegrees><LongitudeDegrees>4.417046</LongitudeDegrees></Position><AltitudeMeters>74.9</AltitudeMeters><Cadence>55</Cadence><Extensions><TPX xmlns="http://www.garmin.com/xmlschemas/ActivityExtension/v2"><Speed>0.54</Speed></TPX></Extensions></Trackpoint><Trackpoint><Time>2026-03-03T16:08:39+00:00</Time><DistanceMeters>782.0</DistanceMeters><Position><LatitudeDegrees>50.853639</LatitudeDegrees><LongitudeDegrees>4.417046</LongitudeDegrees></Position><AltitudeMeters>74.9</AltitudeMeters><Cadence>54</Cadence><Extensions><TPX xmlns="http://www.garmin.com/xmlschemas/ActivityExtension/v2"><Speed>0.4</Speed></TPX></Extensions></Trackpoint><Trackpoint><Time>2026-03-03T16:08:40+00:00</Time><DistanceMeters>782.0</DistanceMeters><Position><LatitudeDegrees>50.853643</LatitudeDegrees><LongitudeDegrees>4.417052</LongitudeDegrees></Position><AltitudeMeters>74.9</AltitudeMeters><Cadence>54</Cadence><Extensions><TPX xmlns="http://www.garmin.com/xmlschemas/ActivityExtension/v2"><Speed>0.28</Speed></TPX></Extensions></Trackpoint><Trackpoint><Time>2026-03-03T16:08:41+00:00</Time><DistanceMeters>782.6</DistanceMeters><Position><LatitudeDegrees>50.85364</LatitudeDegrees><LongitudeDegrees>4.417062</LongitudeDegrees></Position><AltitudeMeters>74.9</AltitudeMeters><Cadence>55</Cadence><Extensions><TPX xmlns="http://www.garmin.com/xmlschemas/ActivityExtension/v2"><Speed>0.26</Speed></TPX></Extensions></Trackpoint><Trackpoint><Time>2026-03-03T16:08:42+00:00</Time><DistanceMeters>783.4</DistanceMeters><Position><LatitudeDegrees>50.853638</LatitudeDegrees><LongitudeDegrees>4.417074</LongitudeDegrees></Position><AltitudeMeters>74.9</AltitudeMeters><Cadence>55</Cadence><Extensions><TPX xmlns="http://www.garmin.com/xmlschemas/ActivityExtension/v2"><Speed>0.3</Speed></TPX></Extensions></Trackpoint><Trackpoint><Time>2026-03-03T16:08:43+00:00</Time><DistanceMeters>784.2</DistanceMeters><Position><LatitudeDegrees>50.853634</LatitudeDegrees><LongitudeDegrees>4.417087</LongitudeDegrees></Position><AltitudeMeters>74.9</AltitudeMeters><Cadence>54</Cadence><Extensions><TPX xmlns="http://www.garmin.com/xmlschemas/ActivityExtension/v2"><Speed>0.44</Speed></TPX></Extensions></Trackpoint><Trackpoint><Time>2026-03-03T16:08:44+00:00</Time><DistanceMeters>785.1</DistanceMeters><Position><LatitudeDegrees>50.85363</LatitudeDegrees><LongitudeDegrees>4.417098</LongitudeDegrees></Position><AltitudeMeters>74.8</AltitudeMeters><Cadence>53</Cadence><Extensions><TPX xmlns="http://www.garmin.com/xmlschemas/ActivityExtension/v2"><Speed>0.62</Speed></TPX></Extensions></Trackpoint><Trackpoint><Time>2026-03-03T16:08:45+00:00</Time><DistanceMeters>786.3</DistanceMeters><Position><LatitudeDegrees>50.853624</LatitudeDegrees><LongitudeDegrees>4.417115</LongitudeDegrees></Position><AltitudeMeters>74.8</AltitudeMeters><Cadence>53</Cadence><Extensions><TPX xmlns="http://www.garmin.com/xmlschemas/ActivityExtension/v2"><Speed>0.86</Speed></TPX></Extensions></Trackpoint><Trackpoint><Time>2026-03-03T16:08:46+00:00</Time><DistanceMeters>786.9</DistanceMeters><Position><LatitudeDegrees>50.85362</LatitudeDegrees><LongitudeDegrees>4.417127</LongitudeDegrees></Position><AltitudeMeters>74.8</AltitudeMeters><Cadence>53</Cadence><Extensions><TPX xmlns="http://www.garmin.com/xmlschemas/ActivityExtension/v2"><Speed>0.86</Speed></TPX></Extensions></Trackpoint><Trackpoint><Time>2026-03-03T16:08:47+00:00</Time><DistanceMeters>788.0</DistanceMeters><Position><LatitudeDegrees>50.853618</LatitudeDegrees><LongitudeDegrees>4.417144</LongitudeDegrees></Position><AltitudeMeters>74.8</AltitudeMeters><Cadence>53</Cadence><Extensions><TPX xmlns="http://www.garmin.com/xmlschemas/ActivityExtension/v2"><Speed>0.92</Speed></TPX></Extensions></Trackpoint><Trackpoint><Time>2026-03-03T16:08:48+00:00</Time><DistanceMeters>789.2</DistanceMeters><Position><LatitudeDegrees>50.853617</LatitudeDegrees><LongitudeDegrees>4.41716</LongitudeDegrees></Position><AltitudeMeters>74.8</AltitudeMeters><Cadence>55</Cadence><Extensions><TPX xmlns="http://www.garmin.com/xmlschemas/ActivityExtension/v2"><Speed>1.0</Speed></TPX></Extensions></Trackpoint><Trackpoint><Time>2026-03-03T16:08:49+00:00</Time><DistanceMeters>790.6</DistanceMeters><Position><LatitudeDegrees>50.853612</LatitudeDegrees><LongitudeDegrees>4.41718</LongitudeDegrees></Position><AltitudeMeters>74.8</AltitudeMeters><Cadence>55</Cadence><Extensions><TPX xmlns="http://www.garmin.com/xmlschemas/ActivityExtension/v2"><Speed>1.1</Speed></TPX></Extensions></Trackpoint><Trackpoint><Time>2026-03-03T16:08:50+00:00</Time><DistanceMeters>792.6</DistanceMeters><Position><LatitudeDegrees>50.853604</LatitudeDegrees><LongitudeDegrees>4.417204</LongitudeDegrees></Position><AltitudeMeters>74.8</AltitudeMeters><Cadence>55</Cadence><Extensions><TPX xmlns="http://www.garmin.com/xmlschemas/ActivityExtension/v2"><Speed>1.26</Speed></TPX></Extensions></Trackpoint><Trackpoint><Time>2026-03-03T16:08:51+00:00</Time><DistanceMeters>793.9</DistanceMeters><Position><LatitudeDegrees>50.853598</LatitudeDegrees><LongitudeDegrees>4.41722</LongitudeDegrees></Position><AltitudeMeters>74.8</AltitudeMeters><Cadence>55</Cadence><Extensions><TPX xmlns="http://www.garmin.com/xmlschemas/ActivityExtension/v2"><Speed>1.4</Speed></TPX></Extensions></Trackpoint><Trackpoint><Time>2026-03-03T16:08:52+00:00</Time><DistanceMeters>795.1</DistanceMeters><Position><LatitudeDegrees>50.853594</LatitudeDegrees><LongitudeDegrees>4.417236</LongitudeDegrees></Position><AltitudeMeters>74.7</AltitudeMeters><Cadence>55</Cadence><Extensions><TPX xmlns="http://www.garmin.com/xmlschemas/ActivityExtension/v2"><Speed>1.42</Speed></TPX></Extensions></Trackpoint><Trackpoint><Time>2026-03-03T16:08:53+00:00</Time><DistanceMeters>796.5</DistanceMeters><Position><LatitudeDegrees>50.853588</LatitudeDegrees><LongitudeDegrees>4.417254</LongitudeDegrees></Position><AltitudeMeters>74.7</AltitudeMeters><Cadence>55</Cadence><Extensions><TPX xmlns="http://www.garmin.com/xmlschemas/ActivityExtension/v2"><Speed>1.46</Speed></TPX></Extensions></Trackpoint><Trackpoint><Time>2026-03-03T16:08:54+00:00</Time><DistanceMeters>797.3</DistanceMeters><Position><LatitudeDegrees>50.85359</LatitudeDegrees><LongitudeDegrees>4.417271</LongitudeDegrees></Position><AltitudeMeters>74.7</AltitudeMeters><Cadence>55</Cadence><Extensions><TPX xmlns="http://www.garmin.com/xmlschemas/ActivityExtension/v2"><Speed>1.34</Speed></TPX></Extensions></Trackpoint><Trackpoint><Time>2026-03-03T16:08:55+00:00</Time><DistanceMeters>798.2</DistanceMeters><Position><LatitudeDegrees>50.853588</LatitudeDegrees><LongitudeDegrees>4.417285</LongitudeDegrees></Position><AltitudeMeters>74.7</AltitudeMeters><Cadence>55</Cadence><Extensions><TPX xmlns="http://www.garmin.com/xmlschemas/ActivityExtension/v2"><Speed>1.12</Speed></TPX></Extensions></Trackpoint><Trackpoint><Time>2026-03-03T16:08:56+00:00</Time><DistanceMeters>798.9</DistanceMeters><Position><LatitudeDegrees>50.853586</LatitudeDegrees><LongitudeDegrees>4.417296</LongitudeDegrees></Position><AltitudeMeters>74.7</AltitudeMeters><Cadence>56</Cadence><Extensions><TPX xmlns="http://www.garmin.com/xmlschemas/ActivityExtension/v2"><Speed>1.0</Speed></TPX></Extensions></Trackpoint><Trackpoint><Time>2026-03-03T16:08:57+00:00</Time><DistanceMeters>799.8</DistanceMeters><Position><LatitudeDegrees>50.85358</LatitudeDegrees><LongitudeDegrees>4.417308</LongitudeDegrees></Position><AltitudeMeters>74.7</AltitudeMeters><Cadence>56</Cadence><Extensions><TPX xmlns="http://www.garmin.com/xmlschemas/ActivityExtension/v2"><Speed>0.94</Speed></TPX></Extensions></Trackpoint><Trackpoint><Time>2026-03-03T16:08:58+00:00</Time><DistanceMeters>801.5</DistanceMeters><Position><LatitudeDegrees>50.853574</LatitudeDegrees><LongitudeDegrees>4.41733</LongitudeDegrees></Position><AltitudeMeters>74.6</AltitudeMeters><Cadence>56</Cadence><Extensions><TPX xmlns="http://www.garmin.com/xmlschemas/ActivityExtension/v2"><Speed>1.0</Speed></TPX></Extensions></Trackpoint><Trackpoint><Time>2026-03-03T16:08:59+00:00</Time><DistanceMeters>802.9</DistanceMeters><Position><LatitudeDegrees>50.853567</LatitudeDegrees><LongitudeDegrees>4.417345</LongitudeDegrees></Position><AltitudeMeters>74.6</AltitudeMeters><Cadence>56</Cadence><Extensions><TPX xmlns="http://www.garmin.com/xmlschemas/ActivityExtension/v2"><Speed>1.12</Speed></TPX></Extensions></Trackpoint><Trackpoint><Time>2026-03-03T16:09:00+00:00</Time><DistanceMeters>803.8</DistanceMeters><Position><LatitudeDegrees>50.853561</LatitudeDegrees><LongitudeDegrees>4.417354</LongitudeDegrees></Position><AltitudeMeters>74.6</AltitudeMeters><Cadence>56</Cadence><Extensions><TPX xmlns="http://www.garmin.com/xmlschemas/ActivityExtension/v2"><Speed>1.12</Speed></TPX></Extensions></Trackpoint><Trackpoint><Time>2026-03-03T16:09:01+00:00</Time><DistanceMeters>804.6</DistanceMeters><Position><LatitudeDegrees>50.853555</LatitudeDegrees><LongitudeDegrees>4.417361</LongitudeDegrees></Position><AltitudeMeters>74.6</AltitudeMeters><Cadence>54</Cadence><Extensions><TPX xmlns="http://www.garmin.com/xmlschemas/ActivityExtension/v2"><Speed>1.14</Speed></TPX></Extensions></Trackpoint><Trackpoint><Time>2026-03-03T16:09:02+00:00</Time><DistanceMeters>805.4</DistanceMeters><Position><LatitudeDegrees>50.853548</LatitudeDegrees><LongitudeDegrees>4.417367</LongitudeDegrees></Position><AltitudeMeters>74.6</AltitudeMeters><Cadence>53</Cadence><Extensions><TPX xmlns="http://www.garmin.com/xmlschemas/ActivityExtension/v2"><Speed>1.12</Speed></TPX></Extensions></Trackpoint><Trackpoint><Time>2026-03-03T16:09:03+00:00</Time><DistanceMeters>806.4</DistanceMeters><Position><LatitudeDegrees>50.85354</LatitudeDegrees><LongitudeDegrees>4.417373</LongitudeDegrees></Position><AltitudeMeters>74.6</AltitudeMeters><Cadence>53</Cadence><Extensions><TPX xmlns="http://www.garmin.com/xmlschemas/ActivityExtension/v2"><Speed>0.98</Speed></TPX></Extensions></Trackpoint><Trackpoint><Time>2026-03-03T16:09:04+00:00</Time><DistanceMeters>807.5</DistanceMeters><Position><LatitudeDegrees>50.853531</LatitudeDegrees><LongitudeDegrees>4.417378</LongitudeDegrees></Position><AltitudeMeters>74.5</AltitudeMeters><Cadence>53</Cadence><Extensions><TPX xmlns="http://www.garmin.com/xmlschemas/ActivityExtension/v2"><Speed>0.92</Speed></TPX></Extensions></Trackpoint><Trackpoint><Time>2026-03-03T16:09:05+00:00</Time><DistanceMeters>808.4</DistanceMeters><Position><LatitudeDegrees>50.853524</LatitudeDegrees><LongitudeDegrees>4.417384</LongitudeDegrees></Position><AltitudeMeters>74.5</AltitudeMeters><Cadence>54</Cadence><Extensions><TPX xmlns="http://www.garmin.com/xmlschemas/ActivityExtension/v2"><Speed>0.92</Speed></TPX></Extensions></Trackpoint><Trackpoint><Time>2026-03-03T16:09:06+00:00</Time><DistanceMeters>809.5</DistanceMeters><Position><LatitudeDegrees>50.853515</LatitudeDegrees><LongitudeDegrees>4.417391</LongitudeDegrees></Position><AltitudeMeters>74.5</AltitudeMeters><Cadence>54</Cadence><Extensions><TPX xmlns="http://www.garmin.com/xmlschemas/ActivityExtension/v2"><Speed>0.98</Speed></TPX></Extensions></Trackpoint><Trackpoint><Time>2026-03-03T16:09:07+00:00</Time><DistanceMeters>810.7</DistanceMeters><Position><LatitudeDegrees>50.853504</LatitudeDegrees><LongitudeDegrees>4.417398</LongitudeDegrees></Position><AltitudeMeters>74.5</AltitudeMeters><Cadence>55</Cadence><Extensions><TPX xmlns="http://www.garmin.com/xmlschemas/ActivityExtension/v2"><Speed>1.06</Speed></TPX></Extensions></Trackpoint><Trackpoint><Time>2026-03-03T16:09:08+00:00</Time><DistanceMeters>812.5</DistanceMeters><Position><LatitudeDegrees>50.853489</LatitudeDegrees><LongitudeDegrees>4.417406</LongitudeDegrees></Position><AltitudeMeters>74.4</AltitudeMeters><Cadence>53</Cadence><Extensions><TPX xmlns="http://www.garmin.com/xmlschemas/ActivityExtension/v2"><Speed>1.22</Speed></TPX></Extensions></Trackpoint><Trackpoint><Time>2026-03-03T16:09:09+00:00</Time><DistanceMeters>813.9</DistanceMeters><Position><LatitudeDegrees>50.853477</LatitudeDegrees><LongitudeDegrees>4.417417</LongitudeDegrees></Position><AltitudeMeters>74.4</AltitudeMeters><Cadence>53</Cadence><Extensions><TPX xmlns="http://www.garmin.com/xmlschemas/ActivityExtension/v2"><Speed>1.28</Speed></TPX></Extensions></Trackpoint><Trackpoint><Time>2026-03-03T16:09:10+00:00</Time><DistanceMeters>815.6</DistanceMeters><Position><LatitudeDegrees>50.853464</LatitudeDegrees><LongitudeDegrees>4.417429</LongitudeDegrees></Position><AltitudeMeters>74.4</AltitudeMeters><Cadence>53</Cadence><Extensions><TPX xmlns="http://www.garmin.com/xmlschemas/ActivityExtension/v2"><Speed>1.44</Speed></TPX></Extensions></Trackpoint><Trackpoint><Time>2026-03-03T16:09:11+00:00</Time><DistanceMeters>817.5</DistanceMeters><Position><LatitudeDegrees>50.853452</LatitudeDegrees><LongitudeDegrees>4.417449</LongitudeDegrees></Position><AltitudeMeters>74.3</AltitudeMeters><Cadence>55</Cadence><Extensions><TPX xmlns="http://www.garmin.com/xmlschemas/ActivityExtension/v2"><Speed>1.6</Speed></TPX></Extensions></Trackpoint><Trackpoint><Time>2026-03-03T16:09:12+00:00</Time><DistanceMeters>819.0</DistanceMeters><Position><LatitudeDegrees>50.85344</LatitudeDegrees><LongitudeDegrees>4.417461</LongitudeDegrees></Position><AltitudeMeters>74.3</AltitudeMeters><Cadence>55</Cadence><Extensions><TPX xmlns="http://www.garmin.com/xmlschemas/ActivityExtension/v2"><Speed>1.66</Speed></TPX></Extensions></Trackpoint><Trackpoint><Time>2026-03-03T16:09:13+00:00</Time><DistanceMeters>821.6</DistanceMeters><Position><LatitudeDegrees>50.853418</LatitudeDegrees><LongitudeDegrees>4.417475</LongitudeDegrees></Position><AltitudeMeters>74.2</AltitudeMeters><Cadence>55</Cadence><Extensions><TPX xmlns="http://www.garmin.com/xmlschemas/ActivityExtension/v2"><Speed>1.82</Speed></TPX></Extensions></Trackpoint><Trackpoint><Time>2026-03-03T16:09:14+00:00</Time><DistanceMeters>823.5</DistanceMeters><Position><LatitudeDegrees>50.853404</LatitudeDegrees><LongitudeDegrees>4.417492</LongitudeDegrees></Position><AltitudeMeters>74.2</AltitudeMeters><Cadence>55</Cadence><Extensions><TPX xmlns="http://www.garmin.com/xmlschemas/ActivityExtension/v2"><Speed>1.92</Speed></TPX></Extensions></Trackpoint><Trackpoint><Time>2026-03-03T16:09:15+00:00</Time><DistanceMeters>825.8</DistanceMeters><Position><LatitudeDegrees>50.853385</LatitudeDegrees><LongitudeDegrees>4.417507</LongitudeDegrees></Position><AltitudeMeters>74.2</AltitudeMeters><Cadence>55</Cadence><Extensions><TPX xmlns="http://www.garmin.com/xmlschemas/ActivityExtension/v2"><Speed>2.04</Speed></TPX></Extensions></Trackpoint><Trackpoint><Time>2026-03-03T16:09:16+00:00</Time><DistanceMeters>828.6</DistanceMeters><Position><LatitudeDegrees>50.853363</LatitudeDegrees><LongitudeDegrees>4.417528</LongitudeDegrees></Position><AltitudeMeters>74.1</AltitudeMeters><Cadence>55</Cadence><Extensions><TPX xmlns="http://www.garmin.com/xmlschemas/ActivityExtension/v2"><Speed>2.22</Speed></TPX></Extensions></Trackpoint><Trackpoint><Time>2026-03-03T16:09:17+00:00</Time><DistanceMeters>831.1</DistanceMeters><Position><LatitudeDegrees>50.853343</LatitudeDegrees><LongitudeDegrees>4.417542</LongitudeDegrees></Position><AltitudeMeters>74.1</AltitudeMeters><Cadence>55</Cadence><Extensions><TPX xmlns="http://www.garmin.com/xmlschemas/ActivityExtension/v2"><Speed>2.42</Speed></TPX></Extensions></Trackpoint><Trackpoint><Time>2026-03-03T16:09:18+00:00</Time><DistanceMeters>833.3</DistanceMeters><Position><LatitudeDegrees>50.853325</LatitudeDegrees><LongitudeDegrees>4.417558</LongitudeDegrees></Position><AltitudeMeters>74.0</AltitudeMeters><Cadence>55</Cadence><Extensions><TPX xmlns="http://www.garmin.com/xmlschemas/ActivityExtension/v2"><Speed>2.34</Speed></TPX></Extensions></Trackpoint><Trackpoint><Time>2026-03-03T16:09:19+00:00</Time><DistanceMeters>834.8</DistanceMeters><Position><LatitudeDegrees>50.853311</LatitudeDegrees><LongitudeDegrees>4.417563</LongitudeDegrees></Position><AltitudeMeters>74.0</AltitudeMeters><Cadence>54</Cadence><Extensions><TPX xmlns="http://www.garmin.com/xmlschemas/ActivityExtension/v2"><Speed>2.26</Speed></TPX></Extensions></Trackpoint><Trackpoint><Time>2026-03-03T16:09:20+00:00</Time><DistanceMeters>836.6</DistanceMeters><Position><LatitudeDegrees>50.853296</LatitudeDegrees><LongitudeDegrees>4.41757</LongitudeDegrees></Position><AltitudeMeters>73.9</AltitudeMeters><Cadence>54</Cadence><Extensions><TPX xmlns="http://www.garmin.com/xmlschemas/ActivityExtension/v2"><Speed>2.16</Speed></TPX></Extensions></Trackpoint><Trackpoint><Time>2026-03-03T16:09:21+00:00</Time><DistanceMeters>838.1</DistanceMeters><Position><LatitudeDegrees>50.853283</LatitudeDegrees><LongitudeDegrees>4.417578</LongitudeDegrees></Position><AltitudeMeters>73.9</AltitudeMeters><Cadence>54</Cadence><Extensions><TPX xmlns="http://www.garmin.com/xmlschemas/ActivityExtension/v2"><Speed>1.9</Speed></TPX></Extensions></Trackpoint><Trackpoint><Time>2026-03-03T16:09:22+00:00</Time><DistanceMeters>839.4</DistanceMeters><Position><LatitudeDegrees>50.853272</LatitudeDegrees><LongitudeDegrees>4.417582</LongitudeDegrees></Position><AltitudeMeters>73.9</AltitudeMeters><Cadence>54</Cadence><Extensions><TPX xmlns="http://www.garmin.com/xmlschemas/ActivityExtension/v2"><Speed>1.66</Speed></TPX></Extensions></Trackpoint><Trackpoint><Time>2026-03-03T16:09:23+00:00</Time><DistanceMeters>840.8</DistanceMeters><Position><LatitudeDegrees>50.853261</LatitudeDegrees><LongitudeDegrees>4.41759</LongitudeDegrees></Position><AltitudeMeters>73.9</AltitudeMeters><Cadence>53</Cadence><Extensions><TPX xmlns="http://www.garmin.com/xmlschemas/ActivityExtension/v2"><Speed>1.5</Speed></TPX></Extensions></Trackpoint><Trackpoint><Time>2026-03-03T16:09:24+00:00</Time><DistanceMeters>842.8</DistanceMeters><Position><LatitudeDegrees>50.853246</LatitudeDegrees><LongitudeDegrees>4.417607</LongitudeDegrees></Position><AltitudeMeters>73.8</AltitudeMeters><Cadence>53</Cadence><Extensions><TPX xmlns="http://www.garmin.com/xmlschemas/ActivityExtension/v2"><Speed>1.6</Speed></TPX></Extensions></Trackpoint><Trackpoint><Time>2026-03-03T16:09:25+00:00</Time><DistanceMeters>844.5</DistanceMeters><Position><LatitudeDegrees>50.853232</LatitudeDegrees><LongitudeDegrees>4.41762</LongitudeDegrees></Position><AltitudeMeters>73.8</AltitudeMeters><Cadence>53</Cadence><Extensions><TPX xmlns="http://www.garmin.com/xmlschemas/ActivityExtension/v2"><Speed>1.58</Speed></TPX></Extensions></Trackpoint><Trackpoint><Time>2026-03-03T16:09:26+00:00</Time><DistanceMeters>846.0</DistanceMeters><Position><LatitudeDegrees>50.85322</LatitudeDegrees><LongitudeDegrees>4.417629</LongitudeDegrees></Position><AltitudeMeters>73.7</AltitudeMeters><Cadence>54</Cadence><Extensions><TPX xmlns="http://www.garmin.com/xmlschemas/ActivityExtension/v2"><Speed>1.58</Speed></TPX></Extensions></Trackpoint><Trackpoint><Time>2026-03-03T16:09:27+00:00</Time><DistanceMeters>847.3</DistanceMeters><Position><LatitudeDegrees>50.853212</LatitudeDegrees><LongitudeDegrees>4.417642</LongitudeDegrees></Position><AltitudeMeters>73.7</AltitudeMeters><Cadence>54</Cadence><Extensions><TPX xmlns="http://www.garmin.com/xmlschemas/ActivityExtension/v2"><Speed>1.58</Speed></TPX></Extensions></Trackpoint><Trackpoint><Time>2026-03-03T16:09:28+00:00</Time><DistanceMeters>848.4</DistanceMeters><Position><LatitudeDegrees>50.853202</LatitudeDegrees><LongitudeDegrees>4.417648</LongitudeDegrees></Position><AltitudeMeters>73.7</AltitudeMeters><Cadence>54</Cadence><Extensions><TPX xmlns="http://www.garmin.com/xmlschemas/ActivityExtension/v2"><Speed>1.52</Speed></TPX></Extensions></Trackpoint><Trackpoint><Time>2026-03-03T16:09:29+00:00</Time><DistanceMeters>849.8</DistanceMeters><Position><LatitudeDegrees>50.85319</LatitudeDegrees><LongitudeDegrees>4.41765</LongitudeDegrees></Position><AltitudeMeters>73.7</AltitudeMeters><Cadence>53</Cadence><Extensions><TPX xmlns="http://www.garmin.com/xmlschemas/ActivityExtension/v2"><Speed>1.4</Speed></TPX></Extensions></Trackpoint><Trackpoint><Time>2026-03-03T16:09:30+00:00</Time><DistanceMeters>850.8</DistanceMeters><Position><LatitudeDegrees>50.853181</LatitudeDegrees><LongitudeDegrees>4.417655</LongitudeDegrees></Position><AltitudeMeters>73.7</AltitudeMeters><Cadence>53</Cadence><Extensions><TPX xmlns="http://www.garmin.com/xmlschemas/ActivityExtension/v2"><Speed>1.26</Speed></TPX></Extensions></Trackpoint><Trackpoint><Time>2026-03-03T16:09:31+00:00</Time><DistanceMeters>852.7</DistanceMeters><Position><LatitudeDegrees>50.853165</LatitudeDegrees><LongitudeDegrees>4.417671</LongitudeDegrees></Position><AltitudeMeters>73.6</AltitudeMeters><Cadence>53</Cadence><Extensions><TPX xmlns="http://www.garmin.com/xmlschemas/ActivityExtension/v2"><Speed>1.34</Speed></TPX></Extensions></Trackpoint><Trackpoint><Time>2026-03-03T16:09:32+00:00</Time><DistanceMeters>853.9</DistanceMeters><Position><LatitudeDegrees>50.853156</LatitudeDegrees><LongitudeDegrees>4.417677</LongitudeDegrees></Position><AltitudeMeters>73.6</AltitudeMeters><Cadence>53</Cadence><Extensions><TPX xmlns="http://www.garmin.com/xmlschemas/ActivityExtension/v2"><Speed>1.32</Speed></TPX></Extensions></Trackpoint><Trackpoint><Time>2026-03-03T16:09:33+00:00</Time><DistanceMeters>855.4</DistanceMeters><Position><LatitudeDegrees>50.853143</LatitudeDegrees><LongitudeDegrees>4.417688</LongitudeDegrees></Position><AltitudeMeters>73.6</AltitudeMeters><Cadence>53</Cadence><Extensions><TPX xmlns="http://www.garmin.com/xmlschemas/ActivityExtension/v2"><Speed>1.4</Speed></TPX></Extensions></Trackpoint><Trackpoint><Time>2026-03-03T16:09:34+00:00</Time><DistanceMeters>857.0</DistanceMeters><Position><LatitudeDegrees>50.85313</LatitudeDegrees><LongitudeDegrees>4.4177</LongitudeDegrees></Position><AltitudeMeters>73.5</AltitudeMeters><Cadence>53</Cadence><Extensions><TPX xmlns="http://www.garmin.com/xmlschemas/ActivityExtension/v2"><Speed>1.44</Speed></TPX></Extensions></Trackpoint><Trackpoint><Time>2026-03-03T16:09:35+00:00</Time><DistanceMeters>858.4</DistanceMeters><Position><LatitudeDegrees>50.853119</LatitudeDegrees><LongitudeDegrees>4.417709</LongitudeDegrees></Position><AltitudeMeters>73.5</AltitudeMeters><Cadence>53</Cadence><Extensions><TPX xmlns="http://www.garmin.com/xmlschemas/ActivityExtension/v2"><Speed>1.52</Speed></TPX></Extensions></Trackpoint><Trackpoint><Time>2026-03-03T16:09:36+00:00</Time><DistanceMeters>859.7</DistanceMeters><Position><LatitudeDegrees>50.853109</LatitudeDegrees><LongitudeDegrees>4.417718</LongitudeDegrees></Position><AltitudeMeters>73.5</AltitudeMeters><Cadence>54</Cadence><Extensions><TPX xmlns="http://www.garmin.com/xmlschemas/ActivityExtension/v2"><Speed>1.4</Speed></TPX></Extensions></Trackpoint><Trackpoint><Time>2026-03-03T16:09:37+00:00</Time><DistanceMeters>861.0</DistanceMeters><Position><LatitudeDegrees>50.853098</LatitudeDegrees><LongitudeDegrees>4.417726</LongitudeDegrees></Position><AltitudeMeters>73.5</AltitudeMeters><Cadence>54</Cadence><Extensions><TPX xmlns="http://www.garmin.com/xmlschemas/ActivityExtension/v2"><Speed>1.42</Speed></TPX></Extensions></Trackpoint><Trackpoint><Time>2026-03-03T16:09:38+00:00</Time><DistanceMeters>862.1</DistanceMeters><Position><LatitudeDegrees>50.853089</LatitudeDegrees><LongitudeDegrees>4.417732</LongitudeDegrees></Position><AltitudeMeters>73.4</AltitudeMeters><Cadence>54</Cadence><Extensions><TPX xmlns="http://www.garmin.com/xmlschemas/ActivityExtension/v2"><Speed>1.34</Speed></TPX></Extensions></Trackpoint><Trackpoint><Time>2026-03-03T16:09:39+00:00</Time><DistanceMeters>863.2</DistanceMeters><Position><LatitudeDegrees>50.853079</LatitudeDegrees><LongitudeDegrees>4.417735</LongitudeDegrees></Position><AltitudeMeters>73.4</AltitudeMeters><Cadence>54</Cadence><Extensions><TPX xmlns="http://www.garmin.com/xmlschemas/ActivityExtension/v2"><Speed>1.24</Speed></TPX></Extensions></Trackpoint><Trackpoint><Time>2026-03-03T16:09:40+00:00</Time><DistanceMeters>864.2</DistanceMeters><Position><LatitudeDegrees>50.85307</LatitudeDegrees><LongitudeDegrees>4.417738</LongitudeDegrees></Position><AltitudeMeters>73.4</AltitudeMeters><Cadence>54</Cadence><Extensions><TPX xmlns="http://www.garmin.com/xmlschemas/ActivityExtension/v2"><Speed>1.16</Speed></TPX></Extensions></Trackpoint><Trackpoint><Time>2026-03-03T16:09:41+00:00</Time><DistanceMeters>865.3</DistanceMeters><Position><LatitudeDegrees>50.853061</LatitudeDegrees><LongitudeDegrees>4.417745</LongitudeDegrees></Position><AltitudeMeters>73.4</AltitudeMeters><Cadence>54</Cadence><Extensions><TPX xmlns="http://www.garmin.com/xmlschemas/ActivityExtension/v2"><Speed>1.12</Speed></TPX></Extensions></Trackpoint><Trackpoint><Time>2026-03-03T16:09:42+00:00</Time><DistanceMeters>866.6</DistanceMeters><Position><LatitudeDegrees>50.85305</LatitudeDegrees><LongitudeDegrees>4.417752</LongitudeDegrees></Position><AltitudeMeters>73.3</AltitudeMeters><Cadence>55</Cadence><Extensions><TPX xmlns="http://www.garmin.com/xmlschemas/ActivityExtension/v2"><Speed>1.12</Speed></TPX></Extensions></Trackpoint><Trackpoint><Time>2026-03-03T16:09:43+00:00</Time><DistanceMeters>867.9</DistanceMeters><Position><LatitudeDegrees>50.853039</LatitudeDegrees><LongitudeDegrees>4.417757</LongitudeDegrees></Position><AltitudeMeters>73.3</AltitudeMeters><Cadence>55</Cadence><Extensions><TPX xmlns="http://www.garmin.com/xmlschemas/ActivityExtension/v2"><Speed>1.16</Speed></TPX></Extensions></Trackpoint><Trackpoint><Time>2026-03-03T16:09:44+00:00</Time><DistanceMeters>869.1</DistanceMeters><Position><LatitudeDegrees>50.853029</LatitudeDegrees><LongitudeDegrees>4.417762</LongitudeDegrees></Position><AltitudeMeters>73.3</AltitudeMeters><Cadence>53</Cadence><Extensions><TPX xmlns="http://www.garmin.com/xmlschemas/ActivityExtension/v2"><Speed>1.18</Speed></TPX></Extensions></Trackpoint><Trackpoint><Time>2026-03-03T16:09:45+00:00</Time><DistanceMeters>870.4</DistanceMeters><Position><LatitudeDegrees>50.853018</LatitudeDegrees><LongitudeDegrees>4.417769</LongitudeDegrees></Position><AltitudeMeters>73.3</AltitudeMeters><Cadence>53</Cadence><Extensions><TPX xmlns="http://www.garmin.com/xmlschemas/ActivityExtension/v2"><Speed>1.24</Speed></TPX></Extensions></Trackpoint><Trackpoint><Time>2026-03-03T16:09:46+00:00</Time><DistanceMeters>871.5</DistanceMeters><Position><LatitudeDegrees>50.853009</LatitudeDegrees><LongitudeDegrees>4.417775</LongitudeDegrees></Position><AltitudeMeters>73.3</AltitudeMeters><Cadence>55</Cadence><Extensions><TPX xmlns="http://www.garmin.com/xmlschemas/ActivityExtension/v2"><Speed>1.24</Speed></TPX></Extensions></Trackpoint><Trackpoint><Time>2026-03-03T16:09:47+00:00</Time><DistanceMeters>872.4</DistanceMeters><Position><LatitudeDegrees>50.853002</LatitudeDegrees><LongitudeDegrees>4.417784</LongitudeDegrees></Position><AltitudeMeters>73.2</AltitudeMeters><Cadence>55</Cadence><Extensions><TPX xmlns="http://www.garmin.com/xmlschemas/ActivityExtension/v2"><Speed>1.16</Speed></TPX></Extensions></Trackpoint><Trackpoint><Time>2026-03-03T16:09:48+00:00</Time><DistanceMeters>873.7</DistanceMeters><Position><LatitudeDegrees>50.852993</LatitudeDegrees><LongitudeDegrees>4.417793</LongitudeDegrees></Position><AltitudeMeters>73.2</AltitudeMeters><Cadence>55</Cadence><Extensions><TPX xmlns="http://www.garmin.com/xmlschemas/ActivityExtension/v2"><Speed>1.16</Speed></TPX></Extensions></Trackpoint><Trackpoint><Time>2026-03-03T16:09:49+00:00</Time><DistanceMeters>875.2</DistanceMeters><Position><LatitudeDegrees>50.852979</LatitudeDegrees><LongitudeDegrees>4.417799</LongitudeDegrees></Position><AltitudeMeters>73.2</AltitudeMeters><Cadence>54</Cadence><Extensions><TPX xmlns="http://www.garmin.com/xmlschemas/ActivityExtension/v2"><Speed>1.22</Speed></TPX></Extensions></Trackpoint><Trackpoint><Time>2026-03-03T16:09:50+00:00</Time><DistanceMeters>876.7</DistanceMeters><Position><LatitudeDegrees>50.852967</LatitudeDegrees><LongitudeDegrees>4.417803</LongitudeDegrees></Position><AltitudeMeters>73.2</AltitudeMeters><Cadence>54</Cadence><Extensions><TPX xmlns="http://www.garmin.com/xmlschemas/ActivityExtension/v2"><Speed>1.26</Speed></TPX></Extensions></Trackpoint><Trackpoint><Time>2026-03-03T16:09:51+00:00</Time><DistanceMeters>878.2</DistanceMeters><Position><LatitudeDegrees>50.852953</LatitudeDegrees><LongitudeDegrees>4.417809</LongitudeDegrees></Position><AltitudeMeters>73.1</AltitudeMeters><Cadence>54</Cadence><Extensions><TPX xmlns="http://www.garmin.com/xmlschemas/ActivityExtension/v2"><Speed>1.34</Speed></TPX></Extensions></Trackpoint><Trackpoint><Time>2026-03-03T16:09:52+00:00</Time><DistanceMeters>879.8</DistanceMeters><Position><LatitudeDegrees>50.852939</LatitudeDegrees><LongitudeDegrees>4.417813</LongitudeDegrees></Position><AltitudeMeters>73.1</AltitudeMeters><Cadence>55</Cadence><Extensions><TPX xmlns="http://www.garmin.com/xmlschemas/ActivityExtension/v2"><Speed>1.48</Speed></TPX></Extensions></Trackpoint><Trackpoint><Time>2026-03-03T16:09:53+00:00</Time><DistanceMeters>881.3</DistanceMeters><Position><LatitudeDegrees>50.852926</LatitudeDegrees><LongitudeDegrees>4.417817</LongitudeDegrees></Position><AltitudeMeters>73.1</AltitudeMeters><Cadence>55</Cadence><Extensions><TPX xmlns="http://www.garmin.com/xmlschemas/ActivityExtension/v2"><Speed>1.52</Speed></TPX></Extensions></Trackpoint><Trackpoint><Time>2026-03-03T16:09:54+00:00</Time><DistanceMeters>882.9</DistanceMeters><Position><LatitudeDegrees>50.852911</LatitudeDegrees><LongitudeDegrees>4.417816</LongitudeDegrees></Position><AltitudeMeters>73.1</AltitudeMeters><Cadence>55</Cadence><Extensions><TPX xmlns="http://www.garmin.com/xmlschemas/ActivityExtension/v2"><Speed>1.54</Speed></TPX></Extensions></Trackpoint><Trackpoint><Time>2026-03-03T16:09:55+00:00</Time><DistanceMeters>883.9</DistanceMeters><Position><LatitudeDegrees>50.852901</LatitudeDegrees><LongitudeDegrees>4.417816</LongitudeDegrees></Position><AltitudeMeters>73.0</AltitudeMeters><Cadence>53</Cadence><Extensions><TPX xmlns="http://www.garmin.com/xmlschemas/ActivityExtension/v2"><Speed>1.44</Speed></TPX></Extensions></Trackpoint><Trackpoint><Time>2026-03-03T16:09:56+00:00</Time><DistanceMeters>885.3</DistanceMeters><Position><LatitudeDegrees>50.85289</LatitudeDegrees><LongitudeDegrees>4.41782</LongitudeDegrees></Position><AltitudeMeters>73.0</AltitudeMeters><Cadence>53</Cadence><Extensions><TPX xmlns="http://www.garmin.com/xmlschemas/ActivityExtension/v2"><Speed>1.42</Speed></TPX></Extensions></Trackpoint><Trackpoint><Time>2026-03-03T16:09:57+00:00</Time><DistanceMeters>886.5</DistanceMeters><Position><LatitudeDegrees>50.852879</LatitudeDegrees><LongitudeDegrees>4.417814</LongitudeDegrees></Position><AltitudeMeters>73.0</AltitudeMeters><Cadence>53</Cadence><Extensions><TPX xmlns="http://www.garmin.com/xmlschemas/ActivityExtension/v2"><Speed>1.34</Speed></TPX></Extensions></Trackpoint><Trackpoint><Time>2026-03-03T16:09:58+00:00</Time><DistanceMeters>887.8</DistanceMeters><Position><LatitudeDegrees>50.852867</LatitudeDegrees><LongitudeDegrees>4.417811</LongitudeDegrees></Position><AltitudeMeters>73.0</AltitudeMeters><Cadence>54</Cadence><Extensions><TPX xmlns="http://www.garmin.com/xmlschemas/ActivityExtension/v2"><Speed>1.3</Speed></TPX></Extensions></Trackpoint><Trackpoint><Time>2026-03-03T16:09:59+00:00</Time><DistanceMeters>888.8</DistanceMeters><Position><LatitudeDegrees>50.852857</LatitudeDegrees><LongitudeDegrees>4.417809</LongitudeDegrees></Position><AltitudeMeters>72.9</AltitudeMeters><Cadence>54</Cadence><Extensions><TPX xmlns="http://www.garmin.com/xmlschemas/ActivityExtension/v2"><Speed>1.18</Speed></TPX></Extensions></Trackpoint><Trackpoint><Time>2026-03-03T16:10:00+00:00</Time><DistanceMeters>889.8</DistanceMeters><Position><LatitudeDegrees>50.852849</LatitudeDegrees><LongitudeDegrees>4.417803</LongitudeDegrees></Position><AltitudeMeters>72.9</AltitudeMeters><Cadence>54</Cadence><Extensions><TPX xmlns="http://www.garmin.com/xmlschemas/ActivityExtension/v2"><Speed>1.18</Speed></TPX></Extensions></Trackpoint><Trackpoint><Time>2026-03-03T16:10:01+00:00</Time><DistanceMeters>890.8</DistanceMeters><Position><LatitudeDegrees>50.852841</LatitudeDegrees><LongitudeDegrees>4.417795</LongitudeDegrees></Position><AltitudeMeters>72.9</AltitudeMeters><Cadence>54</Cadence><Extensions><TPX xmlns="http://www.garmin.com/xmlschemas/ActivityExtension/v2"><Speed>1.1</Speed></TPX></Extensions></Trackpoint><Trackpoint><Time>2026-03-03T16:10:02+00:00</Time><DistanceMeters>892.0</DistanceMeters><Position><LatitudeDegrees>50.852833</LatitudeDegrees><LongitudeDegrees>4.417785</LongitudeDegrees></Position><AltitudeMeters>72.9</AltitudeMeters><Cadence>55</Cadence><Extensions><TPX xmlns="http://www.garmin.com/xmlschemas/ActivityExtension/v2"><Speed>1.1</Speed></TPX></Extensions></Trackpoint><Trackpoint><Time>2026-03-03T16:10:03+00:00</Time><DistanceMeters>893.3</DistanceMeters><Position><LatitudeDegrees>50.852824</LatitudeDegrees><LongitudeDegrees>4.417772</LongitudeDegrees></Position><AltitudeMeters>72.8</AltitudeMeters><Cadence>55</Cadence><Extensions><TPX xmlns="http://www.garmin.com/xmlschemas/ActivityExtension/v2"><Speed>1.1</Speed></TPX></Extensions></Trackpoint><Trackpoint><Time>2026-03-03T16:10:04+00:00</Time><DistanceMeters>894.4</DistanceMeters><Position><LatitudeDegrees>50.852817</LatitudeDegrees><LongitudeDegrees>4.41776</LongitudeDegrees></Position><AltitudeMeters>72.8</AltitudeMeters><Cadence>54</Cadence><Extensions><TPX xmlns="http://www.garmin.com/xmlschemas/ActivityExtension/v2"><Speed>1.12</Speed></TPX></Extensions></Trackpoint><Trackpoint><Time>2026-03-03T16:10:05+00:00</Time><DistanceMeters>895.3</DistanceMeters><Position><LatitudeDegrees>50.852814</LatitudeDegrees><LongitudeDegrees>4.417748</LongitudeDegrees></Position><AltitudeMeters>72.8</AltitudeMeters><Cadence>54</Cadence><Extensions><TPX xmlns="http://www.garmin.com/xmlschemas/ActivityExtension/v2"><Speed>1.1</Speed></TPX></Extensions></Trackpoint><Trackpoint><Time>2026-03-03T16:10:06+00:00</Time><DistanceMeters>896.3</DistanceMeters><Position><LatitudeDegrees>50.852809</LatitudeDegrees><LongitudeDegrees>4.417735</LongitudeDegrees></Position><AltitudeMeters>72.8</AltitudeMeters><Cadence>54</Cadence><Extensions><TPX xmlns="http://www.garmin.com/xmlschemas/ActivityExtension/v2"><Speed>1.1</Speed></TPX></Extensions></Trackpoint><Trackpoint><Time>2026-03-03T16:10:07+00:00</Time><DistanceMeters>897.6</DistanceMeters><Position><LatitudeDegrees>50.852802</LatitudeDegrees><LongitudeDegrees>4.41772</LongitudeDegrees></Position><AltitudeMeters>72.7</AltitudeMeters><Cadence>55</Cadence><Extensions><TPX xmlns="http://www.garmin.com/xmlschemas/ActivityExtension/v2"><Speed>1.12</Speed></TPX></Extensions></Trackpoint><Trackpoint><Time>2026-03-03T16:10:08+00:00</Time><DistanceMeters>899.1</DistanceMeters><Position><LatitudeDegrees>50.852794</LatitudeDegrees><LongitudeDegrees>4.417702</LongitudeDegrees></Position><AltitudeMeters>72.7</AltitudeMeters><Cadence>55</Cadence><Extensions><TPX xmlns="http://www.garmin.com/xmlschemas/ActivityExtension/v2"><Speed>1.16</Speed></TPX></Extensions></Trackpoint><Trackpoint><Time>2026-03-03T16:10:09+00:00</Time><DistanceMeters>900.6</DistanceMeters><Position><LatitudeDegrees>50.852788</LatitudeDegrees><LongitudeDegrees>4.417684</LongitudeDegrees></Position><AltitudeMeters>72.7</AltitudeMeters><Cadence>54</Cadence><Extensions><TPX xmlns="http://www.garmin.com/xmlschemas/ActivityExtension/v2"><Speed>1.24</Speed></TPX></Extensions></Trackpoint><Trackpoint><Time>2026-03-03T16:10:10+00:00</Time><DistanceMeters>901.8</DistanceMeters><Position><LatitudeDegrees>50.852784</LatitudeDegrees><LongitudeDegrees>4.417667</LongitudeDegrees></Position><AltitudeMeters>72.7</AltitudeMeters><Cadence>53</Cadence><Extensions><TPX xmlns="http://www.garmin.com/xmlschemas/ActivityExtension/v2"><Speed>1.3</Speed></TPX></Extensions></Trackpoint><Trackpoint><Time>2026-03-03T16:10:11+00:00</Time><DistanceMeters>902.9</DistanceMeters><Position><LatitudeDegrees>50.85278</LatitudeDegrees><LongitudeDegrees>4.417653</LongitudeDegrees></Position><AltitudeMeters>72.6</AltitudeMeters><Cadence>53</Cadence><Extensions><TPX xmlns="http://www.garmin.com/xmlschemas/ActivityExtension/v2"><Speed>1.32</Speed></TPX></Extensions></Trackpoint><Trackpoint><Time>2026-03-03T16:10:12+00:00</Time><DistanceMeters>903.8</DistanceMeters><Position><LatitudeDegrees>50.852776</LatitudeDegrees><LongitudeDegrees>4.417641</LongitudeDegrees></Position><AltitudeMeters>72.6</AltitudeMeters><Cadence>54</Cadence><Extensions><TPX xmlns="http://www.garmin.com/xmlschemas/ActivityExtension/v2"><Speed>1.24</Speed></TPX></Extensions></Trackpoint><Trackpoint><Time>2026-03-03T16:10:13+00:00</Time><DistanceMeters>904.8</DistanceMeters><Position><LatitudeDegrees>50.852775</LatitudeDegrees><LongitudeDegrees>4.417628</LongitudeDegrees></Position><AltitudeMeters>72.6</AltitudeMeters><Cadence>54</Cadence><Extensions><TPX xmlns="http://www.garmin.com/xmlschemas/ActivityExtension/v2"><Speed>1.14</Speed></TPX></Extensions></Trackpoint><Trackpoint><Time>2026-03-03T16:10:14+00:00</Time><DistanceMeters>906.0</DistanceMeters><Position><LatitudeDegrees>50.852771</LatitudeDegrees><LongitudeDegrees>4.417612</LongitudeDegrees></Position><AltitudeMeters>72.6</AltitudeMeters><Cadence>54</Cadence><Extensions><TPX xmlns="http://www.garmin.com/xmlschemas/ActivityExtension/v2"><Speed>1.08</Speed></TPX></Extensions></Trackpoint><Trackpoint><Time>2026-03-03T16:10:15+00:00</Time><DistanceMeters>907.1</DistanceMeters><Position><LatitudeDegrees>50.852767</LatitudeDegrees><LongitudeDegrees>4.417597</LongitudeDegrees></Position><AltitudeMeters>72.6</AltitudeMeters><Cadence>54</Cadence><Extensions><TPX xmlns="http://www.garmin.com/xmlschemas/ActivityExtension/v2"><Speed>1.06</Speed></TPX></Extensions></Trackpoint><Trackpoint><Time>2026-03-03T16:10:16+00:00</Time><DistanceMeters>908.7</DistanceMeters><Position><LatitudeDegrees>50.852758</LatitudeDegrees><LongitudeDegrees>4.417579</LongitudeDegrees></Position><AltitudeMeters>72.6</AltitudeMeters><Cadence>54</Cadence><Extensions><TPX xmlns="http://www.garmin.com/xmlschemas/ActivityExtension/v2"><Speed>1.16</Speed></TPX></Extensions></Trackpoint><Trackpoint><Time>2026-03-03T16:10:17+00:00</Time><DistanceMeters>909.9</DistanceMeters><Position><LatitudeDegrees>50.852752</LatitudeDegrees><LongitudeDegrees>4.417565</LongitudeDegrees></Position><AltitudeMeters>72.6</AltitudeMeters><Cadence>54</Cadence><Extensions><TPX xmlns="http://www.garmin.com/xmlschemas/ActivityExtension/v2"><Speed>1.22</Speed></TPX></Extensions></Trackpoint><Trackpoint><Time>2026-03-03T16:10:18+00:00</Time><DistanceMeters>911.6</DistanceMeters><Position><LatitudeDegrees>50.85274</LatitudeDegrees><LongitudeDegrees>4.41755</LongitudeDegrees></Position><AltitudeMeters>72.6</AltitudeMeters><Cadence>54</Cadence><Extensions><TPX xmlns="http://www.garmin.com/xmlschemas/ActivityExtension/v2"><Speed>1.36</Speed></TPX></Extensions></Trackpoint><Trackpoint><Time>2026-03-03T16:10:19+00:00</Time><DistanceMeters>912.7</DistanceMeters><Position><LatitudeDegrees>50.852734</LatitudeDegrees><LongitudeDegrees>4.417538</LongitudeDegrees></Position><AltitudeMeters>72.5</AltitudeMeters><Cadence>54</Cadence><Extensions><TPX xmlns="http://www.garmin.com/xmlschemas/ActivityExtension/v2"><Speed>1.34</Speed></TPX></Extensions></Trackpoint><Trackpoint><Time>2026-03-03T16:10:20+00:00</Time><DistanceMeters>913.9</DistanceMeters><Position><LatitudeDegrees>50.852727</LatitudeDegrees><LongitudeDegrees>4.417524</LongitudeDegrees></Position><AltitudeMeters>72.5</AltitudeMeters><Cadence>54</Cadence><Extensions><TPX xmlns="http://www.garmin.com/xmlschemas/ActivityExtension/v2"><Speed>1.36</Speed></TPX></Extensions></Trackpoint><Trackpoint><Time>2026-03-03T16:10:21+00:00</Time><DistanceMeters>915.3</DistanceMeters><Position><LatitudeDegrees>50.852719</LatitudeDegrees><LongitudeDegrees>4.417508</LongitudeDegrees></Position><AltitudeMeters>72.5</AltitudeMeters><Cadence>54</Cadence><Extensions><TPX xmlns="http://www.garmin.com/xmlschemas/ActivityExtension/v2"><Speed>1.32</Speed></TPX></Extensions></Trackpoint><Trackpoint><Time>2026-03-03T16:10:22+00:00</Time><DistanceMeters>916.3</DistanceMeters><Position><LatitudeDegrees>50.852713</LatitudeDegrees><LongitudeDegrees>4.417496</LongitudeDegrees></Position><AltitudeMeters>72.5</AltitudeMeters><Cadence>54</Cadence><Extensions><TPX xmlns="http://www.garmin.com/xmlschemas/ActivityExtension/v2"><Speed>1.28</Speed></TPX></Extensions></Trackpoint><Trackpoint><Time>2026-03-03T16:10:23+00:00</Time><DistanceMeters>917.9</DistanceMeters><Position><LatitudeDegrees>50.852702</LatitudeDegrees><LongitudeDegrees>4.417479</LongitudeDegrees></Position><AltitudeMeters>72.5</AltitudeMeters><Cadence>55</Cadence><Extensions><TPX xmlns="http://www.garmin.com/xmlschemas/ActivityExtension/v2"><Speed>1.26</Speed></TPX></Extensions></Trackpoint><Trackpoint><Time>2026-03-03T16:10:24+00:00</Time><DistanceMeters>921.3</DistanceMeters><Position><LatitudeDegrees>50.852676</LatitudeDegrees><LongitudeDegrees>4.417452</LongitudeDegrees></Position><AltitudeMeters>72.5</AltitudeMeters><Cadence>55</Cadence><Extensions><TPX xmlns="http://www.garmin.com/xmlschemas/ActivityExtension/v2"><Speed>1.72</Speed></TPX></Extensions></Trackpoint><Trackpoint><Time>2026-03-03T16:10:25+00:00</Time><DistanceMeters>923.5</DistanceMeters><Position><LatitudeDegrees>50.852661</LatitudeDegrees><LongitudeDegrees>4.417431</LongitudeDegrees></Position><AltitudeMeters>72.5</AltitudeMeters><Cadence>55</Cadence><Extensions><TPX xmlns="http://www.garmin.com/xmlschemas/ActivityExtension/v2"><Speed>1.92</Speed></TPX></Extensions></Trackpoint><Trackpoint><Time>2026-03-03T16:10:26+00:00</Time><DistanceMeters>925.4</DistanceMeters><Position><LatitudeDegrees>50.852647</LatitudeDegrees><LongitudeDegrees>4.417413</LongitudeDegrees></Position><AltitudeMeters>72.5</AltitudeMeters><Cadence>53</Cadence><Extensions><TPX xmlns="http://www.garmin.com/xmlschemas/ActivityExtension/v2"><Speed>2.02</Speed></TPX></Extensions></Trackpoint><Trackpoint><Time>2026-03-03T16:10:27+00:00</Time><DistanceMeters>927.2</DistanceMeters><Position><LatitudeDegrees>50.852634</LatitudeDegrees><LongitudeDegrees>4.417398</LongitudeDegrees></Position><AltitudeMeters>72.5</AltitudeMeters><Cadence>53</Cadence><Extensions><TPX xmlns="http://www.garmin.com/xmlschemas/ActivityExtension/v2"><Speed>2.18</Speed></TPX></Extensions></Trackpoint><Trackpoint><Time>2026-03-03T16:10:28+00:00</Time><DistanceMeters>929.0</DistanceMeters><Position><LatitudeDegrees>50.852623</LatitudeDegrees><LongitudeDegrees>4.41738</LongitudeDegrees></Position><AltitudeMeters>72.5</AltitudeMeters><Cadence>54</Cadence><Extensions><TPX xmlns="http://www.garmin.com/xmlschemas/ActivityExtension/v2"><Speed>2.22</Speed></TPX></Extensions></Trackpoint><Trackpoint><Time>2026-03-03T16:10:29+00:00</Time><DistanceMeters>930.4</DistanceMeters><Position><LatitudeDegrees>50.852616</LatitudeDegrees><LongitudeDegrees>4.417362</LongitudeDegrees></Position><AltitudeMeters>72.5</AltitudeMeters><Cadence>54</Cadence><Extensions><TPX xmlns="http://www.garmin.com/xmlschemas/ActivityExtension/v2"><Speed>1.82</Speed></TPX></Extensions></Trackpoint><Trackpoint><Time>2026-03-03T16:10:30+00:00</Time><DistanceMeters>931.7</DistanceMeters><Position><LatitudeDegrees>50.852611</LatitudeDegrees><LongitudeDegrees>4.417346</LongitudeDegrees></Position><AltitudeMeters>72.5</AltitudeMeters><Cadence>54</Cadence><Extensions><TPX xmlns="http://www.garmin.com/xmlschemas/ActivityExtension/v2"><Speed>1.64</Speed></TPX></Extensions></Trackpoint><Trackpoint><Time>2026-03-03T16:10:31+00:00</Time><DistanceMeters>933.0</DistanceMeters><Position><LatitudeDegrees>50.852604</LatitudeDegrees><LongitudeDegrees>4.417331</LongitudeDegrees></Position><AltitudeMeters>72.5</AltitudeMeters><Cadence>51</Cadence><Extensions><TPX xmlns="http://www.garmin.com/xmlschemas/ActivityExtension/v2"><Speed>1.52</Speed></TPX></Extensions></Trackpoint><Trackpoint><Time>2026-03-03T16:10:32+00:00</Time><DistanceMeters>934.1</DistanceMeters><Position><LatitudeDegrees>50.852597</LatitudeDegrees><LongitudeDegrees>4.417319</LongitudeDegrees></Position><AltitudeMeters>72.5</AltitudeMeters><Cadence>51</Cadence><Extensions><TPX xmlns="http://www.garmin.com/xmlschemas/ActivityExtension/v2"><Speed>1.38</Speed></TPX></Extensions></Trackpoint><Trackpoint><Time>2026-03-03T16:10:33+00:00</Time><DistanceMeters>935.3</DistanceMeters><Position><LatitudeDegrees>50.852591</LatitudeDegrees><LongitudeDegrees>4.417305</LongitudeDegrees></Position><AltitudeMeters>72.5</AltitudeMeters><Cadence>51</Cadence><Extensions><TPX xmlns="http://www.garmin.com/xmlschemas/ActivityExtension/v2"><Speed>1.26</Speed></TPX></Extensions></Trackpoint><Trackpoint><Time>2026-03-03T16:10:34+00:00</Time><DistanceMeters>936.6</DistanceMeters><Position><LatitudeDegrees>50.852584</LatitudeDegrees><LongitudeDegrees>4.417291</LongitudeDegrees></Position><AltitudeMeters>72.5</AltitudeMeters><Cadence>54</Cadence><Extensions><TPX xmlns="http://www.garmin.com/xmlschemas/ActivityExtension/v2"><Speed>1.24</Speed></TPX></Extensions></Trackpoint><Trackpoint><Time>2026-03-03T16:10:35+00:00</Time><DistanceMeters>938.0</DistanceMeters><Position><LatitudeDegrees>50.852575</LatitudeDegrees><LongitudeDegrees>4.417277</LongitudeDegrees></Position><AltitudeMeters>72.5</AltitudeMeters><Cadence>54</Cadence><Extensions><TPX xmlns="http://www.garmin.com/xmlschemas/ActivityExtension/v2"><Speed>1.26</Speed></TPX></Extensions></Trackpoint><Trackpoint><Time>2026-03-03T16:10:36+00:00</Time><DistanceMeters>939.3</DistanceMeters><Position><LatitudeDegrees>50.852568</LatitudeDegrees><LongitudeDegrees>4.417263</LongitudeDegrees></Position><AltitudeMeters>72.5</AltitudeMeters><Cadence>54</Cadence><Extensions><TPX xmlns="http://www.garmin.com/xmlschemas/ActivityExtension/v2"><Speed>1.26</Speed></TPX></Extensions></Trackpoint><Trackpoint><Time>2026-03-03T16:10:37+00:00</Time><DistanceMeters>940.5</DistanceMeters><Position><LatitudeDegrees>50.852561</LatitudeDegrees><LongitudeDegrees>4.41725</LongitudeDegrees></Position><AltitudeMeters>72.5</AltitudeMeters><Cadence>54</Cadence><Extensions><TPX xmlns="http://www.garmin.com/xmlschemas/ActivityExtension/v2"><Speed>1.28</Speed></TPX></Extensions></Trackpoint><Trackpoint><Time>2026-03-03T16:10:38+00:00</Time><DistanceMeters>941.7</DistanceMeters><Position><LatitudeDegrees>50.852553</LatitudeDegrees><LongitudeDegrees>4.417238</LongitudeDegrees></Position><AltitudeMeters>72.5</AltitudeMeters><Cadence>54</Cadence><Extensions><TPX xmlns="http://www.garmin.com/xmlschemas/ActivityExtension/v2"><Speed>1.28</Speed></TPX></Extensions></Trackpoint><Trackpoint><Time>2026-03-03T16:10:39+00:00</Time><DistanceMeters>942.9</DistanceMeters><Position><LatitudeDegrees>50.852546</LatitudeDegrees><LongitudeDegrees>4.417225</LongitudeDegrees></Position><AltitudeMeters>72.5</AltitudeMeters><Cadence>55</Cadence><Extensions><TPX xmlns="http://www.garmin.com/xmlschemas/ActivityExtension/v2"><Speed>1.26</Speed></TPX></Extensions></Trackpoint><Trackpoint><Time>2026-03-03T16:10:40+00:00</Time><DistanceMeters>944.0</DistanceMeters><Position><LatitudeDegrees>50.852543</LatitudeDegrees><LongitudeDegrees>4.41721</LongitudeDegrees></Position><AltitudeMeters>72.6</AltitudeMeters><Cadence>55</Cadence><Extensions><TPX xmlns="http://www.garmin.com/xmlschemas/ActivityExtension/v2"><Speed>1.2</Speed></TPX></Extensions></Trackpoint><Trackpoint><Time>2026-03-03T16:10:41+00:00</Time><DistanceMeters>944.9</DistanceMeters><Position><LatitudeDegrees>50.852542</LatitudeDegrees><LongitudeDegrees>4.417197</LongitudeDegrees></Position><AltitudeMeters>72.6</AltitudeMeters><Cadence>55</Cadence><Extensions><TPX xmlns="http://www.garmin.com/xmlschemas/ActivityExtension/v2"><Speed>1.12</Speed></TPX></Extensions></Trackpoint><Trackpoint><Time>2026-03-03T16:10:42+00:00</Time><DistanceMeters>945.9</DistanceMeters><Position><LatitudeDegrees>50.852538</LatitudeDegrees><LongitudeDegrees>4.417184</LongitudeDegrees></Position><AltitudeMeters>72.6</AltitudeMeters><Cadence>54</Cadence><Extensions><TPX xmlns="http://www.garmin.com/xmlschemas/ActivityExtension/v2"><Speed>1.08</Speed></TPX></Extensions></Trackpoint><Trackpoint><Time>2026-03-03T16:10:43+00:00</Time><DistanceMeters>946.9</DistanceMeters><Position><LatitudeDegrees>50.852536</LatitudeDegrees><LongitudeDegrees>4.41717</LongitudeDegrees></Position><AltitudeMeters>72.6</AltitudeMeters><Cadence>54</Cadence><Extensions><TPX xmlns="http://www.garmin.com/xmlschemas/ActivityExtension/v2"><Speed>1.04</Speed></TPX></Extensions></Trackpoint><Trackpoint><Time>2026-03-03T16:10:44+00:00</Time><DistanceMeters>948.0</DistanceMeters><Position><LatitudeDegrees>50.852533</LatitudeDegrees><LongitudeDegrees>4.417155</LongitudeDegrees></Position><AltitudeMeters>72.6</AltitudeMeters><Cadence>55</Cadence><Extensions><TPX xmlns="http://www.garmin.com/xmlschemas/ActivityExtension/v2"><Speed>1.02</Speed></TPX></Extensions></Trackpoint><Trackpoint><Time>2026-03-03T16:10:45+00:00</Time><DistanceMeters>948.8</DistanceMeters><Position><LatitudeDegrees>50.852529</LatitudeDegrees><LongitudeDegrees>4.417145</LongitudeDegrees></Position><AltitudeMeters>72.6</AltitudeMeters><Cadence>55</Cadence><Extensions><TPX xmlns="http://www.garmin.com/xmlschemas/ActivityExtension/v2"><Speed>0.96</Speed></TPX></Extensions></Trackpoint><Trackpoint><Time>2026-03-03T16:10:46+00:00</Time><DistanceMeters>949.9</DistanceMeters><Position><LatitudeDegrees>50.852527</LatitudeDegrees><LongitudeDegrees>4.41713</LongitudeDegrees></Position><AltitudeMeters>72.6</AltitudeMeters><Cadence>54</Cadence><Extensions><TPX xmlns="http://www.garmin.com/xmlschemas/ActivityExtension/v2"><Speed>1.0</Speed></TPX></Extensions></Trackpoint><Trackpoint><Time>2026-03-03T16:10:47+00:00</Time><DistanceMeters>951.1</DistanceMeters><Position><LatitudeDegrees>50.852523</LatitudeDegrees><LongitudeDegrees>4.417114</LongitudeDegrees></Position><AltitudeMeters>72.6</AltitudeMeters><Cadence>53</Cadence><Extensions><TPX xmlns="http://www.garmin.com/xmlschemas/ActivityExtension/v2"><Speed>1.04</Speed></TPX></Extensions></Trackpoint><Trackpoint><Time>2026-03-03T16:10:48+00:00</Time><DistanceMeters>952.7</DistanceMeters><Position><LatitudeDegrees>50.852514</LatitudeDegrees><LongitudeDegrees>4.417096</LongitudeDegrees></Position><AltitudeMeters>72.6</AltitudeMeters><Cadence>53</Cadence><Extensions><TPX xmlns="http://www.garmin.com/xmlschemas/ActivityExtension/v2"><Speed>1.16</Speed></TPX></Extensions></Trackpoint><Trackpoint><Time>2026-03-03T16:10:49+00:00</Time><DistanceMeters>954.3</DistanceMeters><Position><LatitudeDegrees>50.852505</LatitudeDegrees><LongitudeDegrees>4.417079</LongitudeDegrees></Position><AltitudeMeters>72.6</AltitudeMeters><Cadence>53</Cadence><Extensions><TPX xmlns="http://www.garmin.com/xmlschemas/ActivityExtension/v2"><Speed>1.26</Speed></TPX></Extensions></Trackpoint><Trackpoint><Time>2026-03-03T16:10:50+00:00</Time><DistanceMeters>955.9</DistanceMeters><Position><LatitudeDegrees>50.852494</LatitudeDegrees><LongitudeDegrees>4.417063</LongitudeDegrees></Position><AltitudeMeters>72.6</AltitudeMeters><Cadence>54</Cadence><Extensions><TPX xmlns="http://www.garmin.com/xmlschemas/ActivityExtension/v2"><Speed>1.42</Speed></TPX></Extensions></Trackpoint><Trackpoint><Time>2026-03-03T16:10:51+00:00</Time><DistanceMeters>957.4</DistanceMeters><Position><LatitudeDegrees>50.852484</LatitudeDegrees><LongitudeDegrees>4.417048</LongitudeDegrees></Position><AltitudeMeters>72.6</AltitudeMeters><Cadence>54</Cadence><Extensions><TPX xmlns="http://www.garmin.com/xmlschemas/ActivityExtension/v2"><Speed>1.5</Speed></TPX></Extensions></Trackpoint><Trackpoint><Time>2026-03-03T16:10:52+00:00</Time><DistanceMeters>958.9</DistanceMeters><Position><LatitudeDegrees>50.852475</LatitudeDegrees><LongitudeDegrees>4.417034</LongitudeDegrees></Position><AltitudeMeters>72.6</AltitudeMeters><Cadence>54</Cadence><Extensions><TPX xmlns="http://www.garmin.com/xmlschemas/ActivityExtension/v2"><Speed>1.56</Speed></TPX></Extensions></Trackpoint><Trackpoint><Time>2026-03-03T16:10:53+00:00</Time><DistanceMeters>960.4</DistanceMeters><Position><LatitudeDegrees>50.852465</LatitudeDegrees><LongitudeDegrees>4.417019</LongitudeDegrees></Position><AltitudeMeters>72.6</AltitudeMeters><Cadence>54</Cadence><Extensions><TPX xmlns="http://www.garmin.com/xmlschemas/ActivityExtension/v2"><Speed>1.54</Speed></TPX></Extensions></Trackpoint><Trackpoint><Time>2026-03-03T16:10:54+00:00</Time><DistanceMeters>961.6</DistanceMeters><Position><LatitudeDegrees>50.852457</LatitudeDegrees><LongitudeDegrees>4.417007</LongitudeDegrees></Position><AltitudeMeters>72.6</AltitudeMeters><Cadence>54</Cadence><Extensions><TPX xmlns="http://www.garmin.com/xmlschemas/ActivityExtension/v2"><Speed>1.46</Speed></TPX></Extensions></Trackpoint><Trackpoint><Time>2026-03-03T16:10:55+00:00</Time><DistanceMeters>962.7</DistanceMeters><Position><LatitudeDegrees>50.852449</LatitudeDegrees><LongitudeDegrees>4.416998</LongitudeDegrees></Position><AltitudeMeters>72.6</AltitudeMeters><Cadence>54</Cadence><Extensions><TPX xmlns="http://www.garmin.com/xmlschemas/ActivityExtension/v2"><Speed>1.36</Speed></TPX></Extensions></Trackpoint><Trackpoint><Time>2026-03-03T16:10:56+00:00</Time><DistanceMeters>964.0</DistanceMeters><Position><LatitudeDegrees>50.852439</LatitudeDegrees><LongitudeDegrees>4.41699</LongitudeDegrees></Position><AltitudeMeters>72.6</AltitudeMeters><Cadence>53</Cadence><Extensions><TPX xmlns="http://www.garmin.com/xmlschemas/ActivityExtension/v2"><Speed>1.32</Speed></TPX></Extensions></Trackpoint><Trackpoint><Time>2026-03-03T16:10:57+00:00</Time><DistanceMeters>965.0</DistanceMeters><Position><LatitudeDegrees>50.852431</LatitudeDegrees><LongitudeDegrees>4.416982</LongitudeDegrees></Position><AltitudeMeters>72.6</AltitudeMeters><Cadence>53</Cadence><Extensions><TPX xmlns="http://www.garmin.com/xmlschemas/ActivityExtension/v2"><Speed>1.22</Speed></TPX></Extensions></Trackpoint><Trackpoint><Time>2026-03-03T16:10:58+00:00</Time><DistanceMeters>966.3</DistanceMeters><Position><LatitudeDegrees>50.85242</LatitudeDegrees><LongitudeDegrees>4.416978</LongitudeDegrees></Position><AltitudeMeters>72.6</AltitudeMeters><Cadence>53</Cadence><Extensions><TPX xmlns="http://www.garmin.com/xmlschemas/ActivityExtension/v2"><Speed>1.18</Speed></TPX></Extensions></Trackpoint><Trackpoint><Time>2026-03-03T16:10:59+00:00</Time><DistanceMeters>967.4</DistanceMeters><Position><LatitudeDegrees>50.852409</LatitudeDegrees><LongitudeDegrees>4.416977</LongitudeDegrees></Position><AltitudeMeters>72.6</AltitudeMeters><Cadence>53</Cadence><Extensions><TPX xmlns="http://www.garmin.com/xmlschemas/ActivityExtension/v2"><Speed>1.16</Speed></TPX></Extensions></Trackpoint><Trackpoint><Time>2026-03-03T16:11:00+00:00</Time><DistanceMeters>968.5</DistanceMeters><Position><LatitudeDegrees>50.852399</LatitudeDegrees><LongitudeDegrees>4.416981</LongitudeDegrees></Position><AltitudeMeters>72.6</AltitudeMeters><Cadence>53</Cadence><Extensions><TPX xmlns="http://www.garmin.com/xmlschemas/ActivityExtension/v2"><Speed>1.16</Speed></TPX></Extensions></Trackpoint><Trackpoint><Time>2026-03-03T16:11:01+00:00</Time><DistanceMeters>969.9</DistanceMeters><Position><LatitudeDegrees>50.852388</LatitudeDegrees><LongitudeDegrees>4.416988</LongitudeDegrees></Position><AltitudeMeters>72.6</AltitudeMeters><Cadence>53</Cadence><Extensions><TPX xmlns="http://www.garmin.com/xmlschemas/ActivityExtension/v2"><Speed>1.18</Speed></TPX></Extensions></Trackpoint><Trackpoint><Time>2026-03-03T16:11:02+00:00</Time><DistanceMeters>971.5</DistanceMeters><Position><LatitudeDegrees>50.852374</LatitudeDegrees><LongitudeDegrees>4.416994</LongitudeDegrees></Position><AltitudeMeters>72.6</AltitudeMeters><Cadence>53</Cadence><Extensions><TPX xmlns="http://www.garmin.com/xmlschemas/ActivityExtension/v2"><Speed>1.3</Speed></TPX></Extensions></Trackpoint><Trackpoint><Time>2026-03-03T16:11:03+00:00</Time><DistanceMeters>973.0</DistanceMeters><Position><LatitudeDegrees>50.852361</LatitudeDegrees><LongitudeDegrees>4.417</LongitudeDegrees></Position><AltitudeMeters>72.6</AltitudeMeters><Cadence>53</Cadence><Extensions><TPX xmlns="http://www.garmin.com/xmlschemas/ActivityExtension/v2"><Speed>1.34</Speed></TPX></Extensions></Trackpoint><Trackpoint><Time>2026-03-03T16:11:04+00:00</Time><DistanceMeters>974.5</DistanceMeters><Position><LatitudeDegrees>50.852348</LatitudeDegrees><LongitudeDegrees>4.417007</LongitudeDegrees></Position><AltitudeMeters>72.6</AltitudeMeters><Cadence>54</Cadence><Extensions><TPX xmlns="http://www.garmin.com/xmlschemas/ActivityExtension/v2"><Speed>1.42</Speed></TPX></Extensions></Trackpoint><Trackpoint><Time>2026-03-03T16:11:05+00:00</Time><DistanceMeters>975.8</DistanceMeters><Position><LatitudeDegrees>50.852337</LatitudeDegrees><LongitudeDegrees>4.41701</LongitudeDegrees></Position><AltitudeMeters>72.6</AltitudeMeters><Cadence>55</Cadence><Extensions><TPX xmlns="http://www.garmin.com/xmlschemas/ActivityExtension/v2"><Speed>1.46</Speed></TPX></Extensions></Trackpoint><Trackpoint><Time>2026-03-03T16:11:06+00:00</Time><DistanceMeters>977.2</DistanceMeters><Position><LatitudeDegrees>50.852325</LatitudeDegrees><LongitudeDegrees>4.417018</LongitudeDegrees></Position><AltitudeMeters>72.7</AltitudeMeters><Cadence>55</Cadence><Extensions><TPX xmlns="http://www.garmin.com/xmlschemas/ActivityExtension/v2"><Speed>1.46</Speed></TPX></Extensions></Trackpoint><Trackpoint><Time>2026-03-03T16:11:07+00:00</Time><DistanceMeters>978.4</DistanceMeters><Position><LatitudeDegrees>50.852315</LatitudeDegrees><LongitudeDegrees>4.417025</LongitudeDegrees></Position><AltitudeMeters>72.7</AltitudeMeters><Cadence>55</Cadence><Extensions><TPX xmlns="http://www.garmin.com/xmlschemas/ActivityExtension/v2"><Speed>1.38</Speed></TPX></Extensions></Trackpoint><Trackpoint><Time>2026-03-03T16:11:08+00:00</Time><DistanceMeters>979.9</DistanceMeters><Position><LatitudeDegrees>50.852301</LatitudeDegrees><LongitudeDegrees>4.417028</LongitudeDegrees></Position><AltitudeMeters>72.7</AltitudeMeters><Cadence>55</Cadence><Extensions><TPX xmlns="http://www.garmin.com/xmlschemas/ActivityExtension/v2"><Speed>1.38</Speed></TPX></Extensions></Trackpoint><Trackpoint><Time>2026-03-03T16:11:09+00:00</Time><DistanceMeters>981.2</DistanceMeters><Position><LatitudeDegrees>50.852289</LatitudeDegrees><LongitudeDegrees>4.417023</LongitudeDegrees></Position><AltitudeMeters>72.7</AltitudeMeters><Cadence>56</Cadence><Extensions><TPX xmlns="http://www.garmin.com/xmlschemas/ActivityExtension/v2"><Speed>1.34</Speed></TPX></Extensions></Trackpoint><Trackpoint><Time>2026-03-03T16:11:10+00:00</Time><DistanceMeters>982.5</DistanceMeters><Position><LatitudeDegrees>50.852277</LatitudeDegrees><LongitudeDegrees>4.417018</LongitudeDegrees></Position><AltitudeMeters>72.7</AltitudeMeters><Cadence>56</Cadence><Extensions><TPX xmlns="http://www.garmin.com/xmlschemas/ActivityExtension/v2"><Speed>1.34</Speed></TPX></Extensions></Trackpoint><Trackpoint><Time>2026-03-03T16:11:11+00:00</Time><DistanceMeters>983.3</DistanceMeters><Position><LatitudeDegrees>50.852272</LatitudeDegrees><LongitudeDegrees>4.417011</LongitudeDegrees></Position><AltitudeMeters>72.7</AltitudeMeters><Cadence>56</Cadence><Extensions><TPX xmlns="http://www.garmin.com/xmlschemas/ActivityExtension/v2"><Speed>1.22</Speed></TPX></Extensions></Trackpoint><Trackpoint><Time>2026-03-03T16:11:12+00:00</Time><DistanceMeters>983.8</DistanceMeters><Position><LatitudeDegrees>50.85227</LatitudeDegrees><LongitudeDegrees>4.417005</LongitudeDegrees></Position><AltitudeMeters>72.7</AltitudeMeters><Cadence>56</Cadence><Extensions><TPX xmlns="http://www.garmin.com/xmlschemas/ActivityExtension/v2"><Speed>1.08</Speed></TPX></Extensions></Trackpoint><Trackpoint><Time>2026-03-03T16:11:13+00:00</Time><DistanceMeters>984.5</DistanceMeters><Position><LatitudeDegrees>50.852268</LatitudeDegrees><LongitudeDegrees>4.416996</LongitudeDegrees></Position><AltitudeMeters>72.7</AltitudeMeters><Cadence>56</Cadence><Extensions><TPX xmlns="http://www.garmin.com/xmlschemas/ActivityExtension/v2"><Speed>0.92</Speed></TPX></Extensions></Trackpoint><Trackpoint><Time>2026-03-03T16:11:14+00:00</Time><DistanceMeters>985.3</DistanceMeters><Position><LatitudeDegrees>50.852265</LatitudeDegrees><LongitudeDegrees>4.416986</LongitudeDegrees></Position><AltitudeMeters>72.7</AltitudeMeters><Cadence>56</Cadence><Extensions><TPX xmlns="http://www.garmin.com/xmlschemas/ActivityExtension/v2"><Speed>0.82</Speed></TPX></Extensions></Trackpoint><Trackpoint><Time>2026-03-03T16:11:15+00:00</Time><DistanceMeters>986.3</DistanceMeters><Position><LatitudeDegrees>50.852261</LatitudeDegrees><LongitudeDegrees>4.416974</LongitudeDegrees></Position><AltitudeMeters>72.7</AltitudeMeters><Cadence>55</Cadence><Extensions><TPX xmlns="http://www.garmin.com/xmlschemas/ActivityExtension/v2"><Speed>0.76</Speed></TPX></Extensions></Trackpoint><Trackpoint><Time>2026-03-03T16:11:16+00:00</Time><DistanceMeters>987.2</DistanceMeters><Position><LatitudeDegrees>50.852257</LatitudeDegrees><LongitudeDegrees>4.416961</LongitudeDegrees></Position><AltitudeMeters>72.7</AltitudeMeters><Cadence>55</Cadence><Extensions><TPX xmlns="http://www.garmin.com/xmlschemas/ActivityExtension/v2"><Speed>0.78</Speed></TPX></Extensions></Trackpoint><Trackpoint><Time>2026-03-03T16:11:17+00:00</Time><DistanceMeters>988.0</DistanceMeters><Position><LatitudeDegrees>50.852254</LatitudeDegrees><LongitudeDegrees>4.416951</LongitudeDegrees></Position><AltitudeMeters>72.7</AltitudeMeters><Cadence>55</Cadence><Extensions><TPX xmlns="http://www.garmin.com/xmlschemas/ActivityExtension/v2"><Speed>0.84</Speed></TPX></Extensions></Trackpoint><Trackpoint><Time>2026-03-03T16:11:18+00:00</Time><DistanceMeters>988.8</DistanceMeters><Position><LatitudeDegrees>50.852253</LatitudeDegrees><LongitudeDegrees>4.41694</LongitudeDegrees></Position><AltitudeMeters>72.7</AltitudeMeters><Cadence>55</Cadence><Extensions><TPX xmlns="http://www.garmin.com/xmlschemas/ActivityExtension/v2"><Speed>0.86</Speed></TPX></Extensions></Trackpoint><Trackpoint><Time>2026-03-03T16:11:19+00:00</Time><DistanceMeters>990.0</DistanceMeters><Position><LatitudeDegrees>50.852243</LatitudeDegrees><LongitudeDegrees>4.416928</LongitudeDegrees></Position><AltitudeMeters>72.7</AltitudeMeters><Cadence>53</Cadence><Extensions><TPX xmlns="http://www.garmin.com/xmlschemas/ActivityExtension/v2"><Speed>0.94</Speed></TPX></Extensions></Trackpoint><Trackpoint><Time>2026-03-03T16:11:20+00:00</Time><DistanceMeters>990.5</DistanceMeters><Position><LatitudeDegrees>50.852243</LatitudeDegrees><LongitudeDegrees>4.416921</LongitudeDegrees></Position><AltitudeMeters>72.7</AltitudeMeters><Cadence>53</Cadence><Extensions><TPX xmlns="http://www.garmin.com/xmlschemas/ActivityExtension/v2"><Speed>0.84</Speed></TPX></Extensions></Trackpoint><Trackpoint><Time>2026-03-03T16:11:21+00:00</Time><DistanceMeters>992.0</DistanceMeters><Position><LatitudeDegrees>50.852232</LatitudeDegrees><LongitudeDegrees>4.416907</LongitudeDegrees></Position><AltitudeMeters>72.7</AltitudeMeters><Cadence>52</Cadence><Extensions><TPX xmlns="http://www.garmin.com/xmlschemas/ActivityExtension/v2"><Speed>0.96</Speed></TPX></Extensions></Trackpoint><Trackpoint><Time>2026-03-03T16:11:22+00:00</Time><DistanceMeters>993.5</DistanceMeters><Position><LatitudeDegrees>50.85222</LatitudeDegrees><LongitudeDegrees>4.416892</LongitudeDegrees></Position><AltitudeMeters>72.7</AltitudeMeters><Cadence>52</Cadence><Extensions><TPX xmlns="http://www.garmin.com/xmlschemas/ActivityExtension/v2"><Speed>1.1</Speed></TPX></Extensions></Trackpoint><Trackpoint><Time>2026-03-03T16:11:23+00:00</Time><DistanceMeters>994.8</DistanceMeters><Position><LatitudeDegrees>50.852212</LatitudeDegrees><LongitudeDegrees>4.416878</LongitudeDegrees></Position><AltitudeMeters>72.7</AltitudeMeters><Cadence>52</Cadence><Extensions><TPX xmlns="http://www.garmin.com/xmlschemas/ActivityExtension/v2"><Speed>1.2</Speed></TPX></Extensions></Trackpoint><Trackpoint><Time>2026-03-03T16:11:24+00:00</Time><DistanceMeters>996.5</DistanceMeters><Position><LatitudeDegrees>50.8522</LatitudeDegrees><LongitudeDegrees>4.416865</LongitudeDegrees></Position><AltitudeMeters>72.7</AltitudeMeters><Cadence>52</Cadence><Extensions><TPX xmlns="http://www.garmin.com/xmlschemas/ActivityExtension/v2"><Speed>1.3</Speed></TPX></Extensions></Trackpoint><Trackpoint><Time>2026-03-03T16:11:25+00:00</Time><DistanceMeters>997.9</DistanceMeters><Position><LatitudeDegrees>50.852189</LatitudeDegrees><LongitudeDegrees>4.416851</LongitudeDegrees></Position><AltitudeMeters>72.7</AltitudeMeters><Cadence>52</Cadence><Extensions><TPX xmlns="http://www.garmin.com/xmlschemas/ActivityExtension/v2"><Speed>1.48</Speed></TPX></Extensions></Trackpoint><Trackpoint><Time>2026-03-03T16:11:26+00:00</Time><DistanceMeters>999.2</DistanceMeters><Position><LatitudeDegrees>50.852179</LatitudeDegrees><LongitudeDegrees>4.416841</LongitudeDegrees></Position><AltitudeMeters>72.7</AltitudeMeters><Cadence>52</Cadence><Extensions><TPX xmlns="http://www.garmin.com/xmlschemas/ActivityExtension/v2"><Speed>1.44</Speed></TPX></Extensions></Trackpoint><Trackpoint><Time>2026-03-03T16:11:27+00:00</Time><DistanceMeters>1000.4</DistanceMeters><Position><LatitudeDegrees>50.852172</LatitudeDegrees><LongitudeDegrees>4.416829</LongitudeDegrees></Position><AltitudeMeters>72.7</AltitudeMeters><Cadence>53</Cadence><Extensions><TPX xmlns="http://www.garmin.com/xmlschemas/ActivityExtension/v2"><Speed>1.38</Speed></TPX></Extensions></Trackpoint><Trackpoint><Time>2026-03-03T16:11:28+00:00</Time><DistanceMeters>1001.8</DistanceMeters><Position><LatitudeDegrees>50.852162</LatitudeDegrees><LongitudeDegrees>4.416815</LongitudeDegrees></Position><AltitudeMeters>72.7</AltitudeMeters><Cadence>53</Cadence><Extensions><TPX xmlns="http://www.garmin.com/xmlschemas/ActivityExtension/v2"><Speed>1.4</Speed></TPX></Extensions></Trackpoint></Track></Lap><Lap StartTime="2026-03-03 16:11:29+00:00"><TotalTimeSeconds>657</TotalTimeSeconds><DistanceMeters>639.71</DistanceMeters><Track><Trackpoint><Time>2026-03-03T16:11:29+00:00</Time><DistanceMeters>1003.2</DistanceMeters><Position><LatitudeDegrees>50.852153</LatitudeDegrees><LongitudeDegrees>4.416802</LongitudeDegrees></Position><AltitudeMeters>72.7</AltitudeMeters><Cadence>53</Cadence><Extensions><TPX xmlns="http://www.garmin.com/xmlschemas/ActivityExtension/v2"><Speed>1.34</Speed></TPX></Extensions></Trackpoint><Trackpoint><Time>2026-03-03T16:11:30+00:00</Time><DistanceMeters>1004.8</DistanceMeters><Position><LatitudeDegrees>50.852142</LatitudeDegrees><LongitudeDegrees>4.416788</LongitudeDegrees></Position><AltitudeMeters>72.7</AltitudeMeters><Cadence>53</Cadence><Extensions><TPX xmlns="http://www.garmin.com/xmlschemas/ActivityExtension/v2"><Speed>1.38</Speed></TPX></Extensions></Trackpoint><Trackpoint><Time>2026-03-03T16:11:31+00:00</Time><DistanceMeters>1006.3</DistanceMeters><Position><LatitudeDegrees>50.85213</LatitudeDegrees><LongitudeDegrees>4.416777</LongitudeDegrees></Position><AltitudeMeters>72.7</AltitudeMeters><Cadence>53</Cadence><Extensions><TPX xmlns="http://www.garmin.com/xmlschemas/ActivityExtension/v2"><Speed>1.42</Speed></TPX></Extensions></Trackpoint><Trackpoint><Time>2026-03-03T16:11:32+00:00</Time><DistanceMeters>1007.4</DistanceMeters><Position><LatitudeDegrees>50.852125</LatitudeDegrees><LongitudeDegrees>4.416761</LongitudeDegrees></Position><AltitudeMeters>72.7</AltitudeMeters><Cadence>53</Cadence><Extensions><TPX xmlns="http://www.garmin.com/xmlschemas/ActivityExtension/v2"><Speed>1.4</Speed></TPX></Extensions></Trackpoint><Trackpoint><Time>2026-03-03T16:11:33+00:00</Time><DistanceMeters>1008.6</DistanceMeters><Position><LatitudeDegrees>50.852118</LatitudeDegrees><LongitudeDegrees>4.416749</LongitudeDegrees></Position><AltitudeMeters>72.7</AltitudeMeters><Cadence>53</Cadence><Extensions><TPX xmlns="http://www.garmin.com/xmlschemas/ActivityExtension/v2"><Speed>1.36</Speed></TPX></Extensions></Trackpoint><Trackpoint><Time>2026-03-03T16:11:34+00:00</Time><DistanceMeters>1010.4</DistanceMeters><Position><LatitudeDegrees>50.852105</LatitudeDegrees><LongitudeDegrees>4.416733</LongitudeDegrees></Position><AltitudeMeters>72.8</AltitudeMeters><Cadence>53</Cadence><Extensions><TPX xmlns="http://www.garmin.com/xmlschemas/ActivityExtension/v2"><Speed>1.44</Speed></TPX></Extensions></Trackpoint><Trackpoint><Time>2026-03-03T16:11:35+00:00</Time><DistanceMeters>1011.9</DistanceMeters><Position><LatitudeDegrees>50.852097</LatitudeDegrees><LongitudeDegrees>4.416718</LongitudeDegrees></Position><AltitudeMeters>72.8</AltitudeMeters><Cadence>54</Cadence><Extensions><TPX xmlns="http://www.garmin.com/xmlschemas/ActivityExtension/v2"><Speed>1.42</Speed></TPX></Extensions></Trackpoint><Trackpoint><Time>2026-03-03T16:11:36+00:00</Time><DistanceMeters>1013.1</DistanceMeters><Position><LatitudeDegrees>50.852094</LatitudeDegrees><LongitudeDegrees>4.416699</LongitudeDegrees></Position><AltitudeMeters>72.8</AltitudeMeters><Cadence>54</Cadence><Extensions><TPX xmlns="http://www.garmin.com/xmlschemas/ActivityExtension/v2"><Speed>1.36</Speed></TPX></Extensions></Trackpoint><Trackpoint><Time>2026-03-03T16:11:37+00:00</Time><DistanceMeters>1014.3</DistanceMeters><Position><LatitudeDegrees>50.852089</LatitudeDegrees><LongitudeDegrees>4.416683</LongitudeDegrees></Position><AltitudeMeters>72.8</AltitudeMeters><Cadence>53</Cadence><Extensions><TPX xmlns="http://www.garmin.com/xmlschemas/ActivityExtension/v2"><Speed>1.38</Speed></TPX></Extensions></Trackpoint><Trackpoint><Time>2026-03-03T16:11:38+00:00</Time><DistanceMeters>1015.6</DistanceMeters><Position><LatitudeDegrees>50.852085</LatitudeDegrees><LongitudeDegrees>4.416665</LongitudeDegrees></Position><AltitudeMeters>72.8</AltitudeMeters><Cadence>53</Cadence><Extensions><TPX xmlns="http://www.garmin.com/xmlschemas/ActivityExtension/v2"><Speed>1.4</Speed></TPX></Extensions></Trackpoint><Trackpoint><Time>2026-03-03T16:11:39+00:00</Time><DistanceMeters>1017.2</DistanceMeters><Position><LatitudeDegrees>50.85208</LatitudeDegrees><LongitudeDegrees>4.416643</LongitudeDegrees></Position><AltitudeMeters>72.8</AltitudeMeters><Cadence>53</Cadence><Extensions><TPX xmlns="http://www.garmin.com/xmlschemas/ActivityExtension/v2"><Speed>1.36</Speed></TPX></Extensions></Trackpoint><Trackpoint><Time>2026-03-03T16:11:40+00:00</Time><DistanceMeters>1018.3</DistanceMeters><Position><LatitudeDegrees>50.852078</LatitudeDegrees><LongitudeDegrees>4.416628</LongitudeDegrees></Position><AltitudeMeters>72.8</AltitudeMeters><Cadence>55</Cadence><Extensions><TPX xmlns="http://www.garmin.com/xmlschemas/ActivityExtension/v2"><Speed>1.28</Speed></TPX></Extensions></Trackpoint><Trackpoint><Time>2026-03-03T16:11:41+00:00</Time><DistanceMeters>1019.5</DistanceMeters><Position><LatitudeDegrees>50.852073</LatitudeDegrees><LongitudeDegrees>4.416613</LongitudeDegrees></Position><AltitudeMeters>72.8</AltitudeMeters><Cadence>55</Cadence><Extensions><TPX xmlns="http://www.garmin.com/xmlschemas/ActivityExtension/v2"><Speed>1.28</Speed></TPX></Extensions></Trackpoint><Trackpoint><Time>2026-03-03T16:11:42+00:00</Time><DistanceMeters>1020.8</DistanceMeters><Position><LatitudeDegrees>50.852065</LatitudeDegrees><LongitudeDegrees>4.4166</LongitudeDegrees></Position><AltitudeMeters>72.8</AltitudeMeters><Cadence>53</Cadence><Extensions><TPX xmlns="http://www.garmin.com/xmlschemas/ActivityExtension/v2"><Speed>1.3</Speed></TPX></Extensions></Trackpoint><Trackpoint><Time>2026-03-03T16:11:43+00:00</Time><DistanceMeters>1022.0</DistanceMeters><Position><LatitudeDegrees>50.852058</LatitudeDegrees><LongitudeDegrees>4.416585</LongitudeDegrees></Position><AltitudeMeters>72.8</AltitudeMeters><Cadence>53</Cadence><Extensions><TPX xmlns="http://www.garmin.com/xmlschemas/ActivityExtension/v2"><Speed>1.28</Speed></TPX></Extensions></Trackpoint><Trackpoint><Time>2026-03-03T16:11:44+00:00</Time><DistanceMeters>1023.4</DistanceMeters><Position><LatitudeDegrees>50.852049</LatitudeDegrees><LongitudeDegrees>4.416571</LongitudeDegrees></Position><AltitudeMeters>72.8</AltitudeMeters><Cadence>53</Cadence><Extensions><TPX xmlns="http://www.garmin.com/xmlschemas/ActivityExtension/v2"><Speed>1.24</Speed></TPX></Extensions></Trackpoint><Trackpoint><Time>2026-03-03T16:11:45+00:00</Time><DistanceMeters>1024.9</DistanceMeters><Position><LatitudeDegrees>50.852041</LatitudeDegrees><LongitudeDegrees>4.416555</LongitudeDegrees></Position><AltitudeMeters>72.8</AltitudeMeters><Cadence>55</Cadence><Extensions><TPX xmlns="http://www.garmin.com/xmlschemas/ActivityExtension/v2"><Speed>1.32</Speed></TPX></Extensions></Trackpoint><Trackpoint><Time>2026-03-03T16:11:46+00:00</Time><DistanceMeters>1025.8</DistanceMeters><Position><LatitudeDegrees>50.852037</LatitudeDegrees><LongitudeDegrees>4.416544</LongitudeDegrees></Position><AltitudeMeters>72.8</AltitudeMeters><Cadence>55</Cadence><Extensions><TPX xmlns="http://www.garmin.com/xmlschemas/ActivityExtension/v2"><Speed>1.26</Speed></TPX></Extensions></Trackpoint><Trackpoint><Time>2026-03-03T16:11:47+00:00</Time><DistanceMeters>1027.3</DistanceMeters><Position><LatitudeDegrees>50.852025</LatitudeDegrees><LongitudeDegrees>4.41653</LongitudeDegrees></Position><AltitudeMeters>72.8</AltitudeMeters><Cadence>55</Cadence><Extensions><TPX xmlns="http://www.garmin.com/xmlschemas/ActivityExtension/v2"><Speed>1.3</Speed></TPX></Extensions></Trackpoint><Trackpoint><Time>2026-03-03T16:11:48+00:00</Time><DistanceMeters>1028.6</DistanceMeters><Position><LatitudeDegrees>50.852018</LatitudeDegrees><LongitudeDegrees>4.416516</LongitudeDegrees></Position><AltitudeMeters>72.8</AltitudeMeters><Cadence>55</Cadence><Extensions><TPX xmlns="http://www.garmin.com/xmlschemas/ActivityExtension/v2"><Speed>1.32</Speed></TPX></Extensions></Trackpoint><Trackpoint><Time>2026-03-03T16:11:49+00:00</Time><DistanceMeters>1030.2</DistanceMeters><Position><LatitudeDegrees>50.852007</LatitudeDegrees><LongitudeDegrees>4.416502</LongitudeDegrees></Position><AltitudeMeters>72.8</AltitudeMeters><Cadence>55</Cadence><Extensions><TPX xmlns="http://www.garmin.com/xmlschemas/ActivityExtension/v2"><Speed>1.36</Speed></TPX></Extensions></Trackpoint><Trackpoint><Time>2026-03-03T16:11:50+00:00</Time><DistanceMeters>1031.5</DistanceMeters><Position><LatitudeDegrees>50.852001</LatitudeDegrees><LongitudeDegrees>4.416486</LongitudeDegrees></Position><AltitudeMeters>72.8</AltitudeMeters><Cadence>55</Cadence><Extensions><TPX xmlns="http://www.garmin.com/xmlschemas/ActivityExtension/v2"><Speed>1.32</Speed></TPX></Extensions></Trackpoint><Trackpoint><Time>2026-03-03T16:11:51+00:00</Time><DistanceMeters>1033.1</DistanceMeters><Position><LatitudeDegrees>50.851991</LatitudeDegrees><LongitudeDegrees>4.416469</LongitudeDegrees></Position><AltitudeMeters>72.8</AltitudeMeters><Cadence>55</Cadence><Extensions><TPX xmlns="http://www.garmin.com/xmlschemas/ActivityExtension/v2"><Speed>1.46</Speed></TPX></Extensions></Trackpoint><Trackpoint><Time>2026-03-03T16:11:52+00:00</Time><DistanceMeters>1034.4</DistanceMeters><Position><LatitudeDegrees>50.851985</LatitudeDegrees><LongitudeDegrees>4.416453</LongitudeDegrees></Position><AltitudeMeters>72.8</AltitudeMeters><Cadence>55</Cadence><Extensions><TPX xmlns="http://www.garmin.com/xmlschemas/ActivityExtension/v2"><Speed>1.42</Speed></TPX></Extensions></Trackpoint><Trackpoint><Time>2026-03-03T16:11:53+00:00</Time><DistanceMeters>1035.5</DistanceMeters><Position><LatitudeDegrees>50.85198</LatitudeDegrees><LongitudeDegrees>4.416439</LongitudeDegrees></Position><AltitudeMeters>72.8</AltitudeMeters><Cadence>55</Cadence><Extensions><TPX xmlns="http://www.garmin.com/xmlschemas/ActivityExtension/v2"><Speed>1.38</Speed></TPX></Extensions></Trackpoint><Trackpoint><Time>2026-03-03T16:11:54+00:00</Time><DistanceMeters>1036.7</DistanceMeters><Position><LatitudeDegrees>50.851976</LatitudeDegrees><LongitudeDegrees>4.416422</LongitudeDegrees></Position><AltitudeMeters>72.9</AltitudeMeters><Cadence>55</Cadence><Extensions><TPX xmlns="http://www.garmin.com/xmlschemas/ActivityExtension/v2"><Speed>1.3</Speed></TPX></Extensions></Trackpoint><Trackpoint><Time>2026-03-03T16:11:55+00:00</Time><DistanceMeters>1037.8</DistanceMeters><Position><LatitudeDegrees>50.851974</LatitudeDegrees><LongitudeDegrees>4.416406</LongitudeDegrees></Position><AltitudeMeters>72.9</AltitudeMeters><Cadence>55</Cadence><Extensions><TPX xmlns="http://www.garmin.com/xmlschemas/ActivityExtension/v2"><Speed>1.26</Speed></TPX></Extensions></Trackpoint><Trackpoint><Time>2026-03-03T16:11:56+00:00</Time><DistanceMeters>1038.8</DistanceMeters><Position><LatitudeDegrees>50.851971</LatitudeDegrees><LongitudeDegrees>4.416391</LongitudeDegrees></Position><AltitudeMeters>72.9</AltitudeMeters><Cadence>53</Cadence><Extensions><TPX xmlns="http://www.garmin.com/xmlschemas/ActivityExtension/v2"><Speed>1.14</Speed></TPX></Extensions></Trackpoint><Trackpoint><Time>2026-03-03T16:11:57+00:00</Time><DistanceMeters>1040.0</DistanceMeters><Position><LatitudeDegrees>50.851964</LatitudeDegrees><LongitudeDegrees>4.416379</LongitudeDegrees></Position><AltitudeMeters>72.9</AltitudeMeters><Cadence>53</Cadence><Extensions><TPX xmlns="http://www.garmin.com/xmlschemas/ActivityExtension/v2"><Speed>1.12</Speed></TPX></Extensions></Trackpoint><Trackpoint><Time>2026-03-03T16:11:58+00:00</Time><DistanceMeters>1040.9</DistanceMeters><Position><LatitudeDegrees>50.851959</LatitudeDegrees><LongitudeDegrees>4.416367</LongitudeDegrees></Position><AltitudeMeters>72.9</AltitudeMeters><Cadence>53</Cadence><Extensions><TPX xmlns="http://www.garmin.com/xmlschemas/ActivityExtension/v2"><Speed>1.08</Speed></TPX></Extensions></Trackpoint><Trackpoint><Time>2026-03-03T16:11:59+00:00</Time><DistanceMeters>1041.8</DistanceMeters><Position><LatitudeDegrees>50.851957</LatitudeDegrees><LongitudeDegrees>4.416355</LongitudeDegrees></Position><AltitudeMeters>72.9</AltitudeMeters><Cadence>53</Cadence><Extensions><TPX xmlns="http://www.garmin.com/xmlschemas/ActivityExtension/v2"><Speed>1.02</Speed></TPX></Extensions></Trackpoint><Trackpoint><Time>2026-03-03T16:12:00+00:00</Time><DistanceMeters>1042.4</DistanceMeters><Position><LatitudeDegrees>50.851961</LatitudeDegrees><LongitudeDegrees>4.416341</LongitudeDegrees></Position><AltitudeMeters>72.9</AltitudeMeters><Cadence>53</Cadence><Extensions><TPX xmlns="http://www.garmin.com/xmlschemas/ActivityExtension/v2"><Speed>0.92</Speed></TPX></Extensions></Trackpoint><Trackpoint><Time>2026-03-03T16:12:01+00:00</Time><DistanceMeters>1043.1</DistanceMeters><Position><LatitudeDegrees>50.851957</LatitudeDegrees><LongitudeDegrees>4.416334</LongitudeDegrees></Position><AltitudeMeters>72.9</AltitudeMeters><Cadence>53</Cadence><Extensions><TPX xmlns="http://www.garmin.com/xmlschemas/ActivityExtension/v2"><Speed>0.86</Speed></TPX></Extensions></Trackpoint><Trackpoint><Time>2026-03-03T16:12:02+00:00</Time><DistanceMeters>1043.8</DistanceMeters><Position><LatitudeDegrees>50.851954</LatitudeDegrees><LongitudeDegrees>4.416325</LongitudeDegrees></Position><AltitudeMeters>72.9</AltitudeMeters><Cadence>53</Cadence><Extensions><TPX xmlns="http://www.garmin.com/xmlschemas/ActivityExtension/v2"><Speed>0.76</Speed></TPX></Extensions></Trackpoint><Trackpoint><Time>2026-03-03T16:12:03+00:00</Time><DistanceMeters>1045.2</DistanceMeters><Position><LatitudeDegrees>50.851944</LatitudeDegrees><LongitudeDegrees>4.416311</LongitudeDegrees></Position><AltitudeMeters>72.9</AltitudeMeters><Cadence>53</Cadence><Extensions><TPX xmlns="http://www.garmin.com/xmlschemas/ActivityExtension/v2"><Speed>0.86</Speed></TPX></Extensions></Trackpoint><Trackpoint><Time>2026-03-03T16:12:04+00:00</Time><DistanceMeters>1046.3</DistanceMeters><Position><LatitudeDegrees>50.851939</LatitudeDegrees><LongitudeDegrees>4.416299</LongitudeDegrees></Position><AltitudeMeters>72.9</AltitudeMeters><Cadence>52</Cadence><Extensions><TPX xmlns="http://www.garmin.com/xmlschemas/ActivityExtension/v2"><Speed>0.9</Speed></TPX></Extensions></Trackpoint><Trackpoint><Time>2026-03-03T16:12:05+00:00</Time><DistanceMeters>1047.2</DistanceMeters><Position><LatitudeDegrees>50.851938</LatitudeDegrees><LongitudeDegrees>4.416283</LongitudeDegrees></Position><AltitudeMeters>72.9</AltitudeMeters><Cadence>52</Cadence><Extensions><TPX xmlns="http://www.garmin.com/xmlschemas/ActivityExtension/v2"><Speed>0.96</Speed></TPX></Extensions></Trackpoint><Trackpoint><Time>2026-03-03T16:12:06+00:00</Time><DistanceMeters>1048.5</DistanceMeters><Position><LatitudeDegrees>50.85193</LatitudeDegrees><LongitudeDegrees>4.416269</LongitudeDegrees></Position><AltitudeMeters>72.9</AltitudeMeters><Cadence>52</Cadence><Extensions><TPX xmlns="http://www.garmin.com/xmlschemas/ActivityExtension/v2"><Speed>1.08</Speed></TPX></Extensions></Trackpoint><Trackpoint><Time>2026-03-03T16:12:07+00:00</Time><DistanceMeters>1049.8</DistanceMeters><Position><LatitudeDegrees>50.851925</LatitudeDegrees><LongitudeDegrees>4.416252</LongitudeDegrees></Position><AltitudeMeters>72.9</AltitudeMeters><Cadence>52</Cadence><Extensions><TPX xmlns="http://www.garmin.com/xmlschemas/ActivityExtension/v2"><Speed>1.2</Speed></TPX></Extensions></Trackpoint><Trackpoint><Time>2026-03-03T16:12:08+00:00</Time><DistanceMeters>1051.1</DistanceMeters><Position><LatitudeDegrees>50.851922</LatitudeDegrees><LongitudeDegrees>4.416234</LongitudeDegrees></Position><AltitudeMeters>72.9</AltitudeMeters><Cadence>53</Cadence><Extensions><TPX xmlns="http://www.garmin.com/xmlschemas/ActivityExtension/v2"><Speed>1.18</Speed></TPX></Extensions></Trackpoint><Trackpoint><Time>2026-03-03T16:12:09+00:00</Time><DistanceMeters>1052.1</DistanceMeters><Position><LatitudeDegrees>50.85192</LatitudeDegrees><LongitudeDegrees>4.416219</LongitudeDegrees></Position><AltitudeMeters>72.9</AltitudeMeters><Cadence>53</Cadence><Extensions><TPX xmlns="http://www.garmin.com/xmlschemas/ActivityExtension/v2"><Speed>1.16</Speed></TPX></Extensions></Trackpoint><Trackpoint><Time>2026-03-03T16:12:10+00:00</Time><DistanceMeters>1053.1</DistanceMeters><Position><LatitudeDegrees>50.851917</LatitudeDegrees><LongitudeDegrees>4.416205</LongitudeDegrees></Position><AltitudeMeters>72.9</AltitudeMeters><Cadence>53</Cadence><Extensions><TPX xmlns="http://www.garmin.com/xmlschemas/ActivityExtension/v2"><Speed>1.18</Speed></TPX></Extensions></Trackpoint><Trackpoint><Time>2026-03-03T16:12:11+00:00</Time><DistanceMeters>1054.2</DistanceMeters><Position><LatitudeDegrees>50.851912</LatitudeDegrees><LongitudeDegrees>4.416192</LongitudeDegrees></Position><AltitudeMeters>72.9</AltitudeMeters><Cadence>53</Cadence><Extensions><TPX xmlns="http://www.garmin.com/xmlschemas/ActivityExtension/v2"><Speed>1.14</Speed></TPX></Extensions></Trackpoint><Trackpoint><Time>2026-03-03T16:12:12+00:00</Time><DistanceMeters>1055.4</DistanceMeters><Position><LatitudeDegrees>50.851905</LatitudeDegrees><LongitudeDegrees>4.416178</LongitudeDegrees></Position><AltitudeMeters>72.9</AltitudeMeters><Cadence>56</Cadence><Extensions><TPX xmlns="http://www.garmin.com/xmlschemas/ActivityExtension/v2"><Speed>1.12</Speed></TPX></Extensions></Trackpoint><Trackpoint><Time>2026-03-03T16:12:13+00:00</Time><DistanceMeters>1056.6</DistanceMeters><Position><LatitudeDegrees>50.8519</LatitudeDegrees><LongitudeDegrees>4.416163</LongitudeDegrees></Position><AltitudeMeters>72.9</AltitudeMeters><Cadence>56</Cadence><Extensions><TPX xmlns="http://www.garmin.com/xmlschemas/ActivityExtension/v2"><Speed>1.1</Speed></TPX></Extensions></Trackpoint><Trackpoint><Time>2026-03-03T16:12:14+00:00</Time><DistanceMeters>1057.7</DistanceMeters><Position><LatitudeDegrees>50.851896</LatitudeDegrees><LongitudeDegrees>4.416149</LongitudeDegrees></Position><AltitudeMeters>72.9</AltitudeMeters><Cadence>56</Cadence><Extensions><TPX xmlns="http://www.garmin.com/xmlschemas/ActivityExtension/v2"><Speed>1.12</Speed></TPX></Extensions></Trackpoint><Trackpoint><Time>2026-03-03T16:12:15+00:00</Time><DistanceMeters>1059.0</DistanceMeters><Position><LatitudeDegrees>50.851889</LatitudeDegrees><LongitudeDegrees>4.416133</LongitudeDegrees></Position><AltitudeMeters>72.9</AltitudeMeters><Cadence>53</Cadence><Extensions><TPX xmlns="http://www.garmin.com/xmlschemas/ActivityExtension/v2"><Speed>1.18</Speed></TPX></Extensions></Trackpoint><Trackpoint><Time>2026-03-03T16:12:16+00:00</Time><DistanceMeters>1060.3</DistanceMeters><Position><LatitudeDegrees>50.851882</LatitudeDegrees><LongitudeDegrees>4.416119</LongitudeDegrees></Position><AltitudeMeters>72.9</AltitudeMeters><Cadence>53</Cadence><Extensions><TPX xmlns="http://www.garmin.com/xmlschemas/ActivityExtension/v2"><Speed>1.22</Speed></TPX></Extensions></Trackpoint><Trackpoint><Time>2026-03-03T16:12:17+00:00</Time><DistanceMeters>1061.5</DistanceMeters><Position><LatitudeDegrees>50.851878</LatitudeDegrees><LongitudeDegrees>4.416102</LongitudeDegrees></Position><AltitudeMeters>73.0</AltitudeMeters><Cadence>53</Cadence><Extensions><TPX xmlns="http://www.garmin.com/xmlschemas/ActivityExtension/v2"><Speed>1.22</Speed></TPX></Extensions></Trackpoint><Trackpoint><Time>2026-03-03T16:12:18+00:00</Time><DistanceMeters>1062.5</DistanceMeters><Position><LatitudeDegrees>50.851874</LatitudeDegrees><LongitudeDegrees>4.416089</LongitudeDegrees></Position><AltitudeMeters>73.0</AltitudeMeters><Cadence>53</Cadence><Extensions><TPX xmlns="http://www.garmin.com/xmlschemas/ActivityExtension/v2"><Speed>1.18</Speed></TPX></Extensions></Trackpoint><Trackpoint><Time>2026-03-03T16:12:19+00:00</Time><DistanceMeters>1063.7</DistanceMeters><Position><LatitudeDegrees>50.851867</LatitudeDegrees><LongitudeDegrees>4.416077</LongitudeDegrees></Position><AltitudeMeters>73.0</AltitudeMeters><Cadence>53</Cadence><Extensions><TPX xmlns="http://www.garmin.com/xmlschemas/ActivityExtension/v2"><Speed>1.2</Speed></TPX></Extensions></Trackpoint><Trackpoint><Time>2026-03-03T16:12:20+00:00</Time><DistanceMeters>1064.8</DistanceMeters><Position><LatitudeDegrees>50.851864</LatitudeDegrees><LongitudeDegrees>4.416062</LongitudeDegrees></Position><AltitudeMeters>73.0</AltitudeMeters><Cadence>54</Cadence><Extensions><TPX xmlns="http://www.garmin.com/xmlschemas/ActivityExtension/v2"><Speed>1.16</Speed></TPX></Extensions></Trackpoint><Trackpoint><Time>2026-03-03T16:12:21+00:00</Time><DistanceMeters>1066.0</DistanceMeters><Position><LatitudeDegrees>50.851861</LatitudeDegrees><LongitudeDegrees>4.416045</LongitudeDegrees></Position><AltitudeMeters>73.0</AltitudeMeters><Cadence>54</Cadence><Extensions><TPX xmlns="http://www.garmin.com/xmlschemas/ActivityExtension/v2"><Speed>1.14</Speed></TPX></Extensions></Trackpoint><Trackpoint><Time>2026-03-03T16:12:22+00:00</Time><DistanceMeters>1067.3</DistanceMeters><Position><LatitudeDegrees>50.851855</LatitudeDegrees><LongitudeDegrees>4.41603</LongitudeDegrees></Position><AltitudeMeters>73.0</AltitudeMeters><Cadence>54</Cadence><Extensions><TPX xmlns="http://www.garmin.com/xmlschemas/ActivityExtension/v2"><Speed>1.16</Speed></TPX></Extensions></Trackpoint><Trackpoint><Time>2026-03-03T16:12:23+00:00</Time><DistanceMeters>1068.2</DistanceMeters><Position><LatitudeDegrees>50.851852</LatitudeDegrees><LongitudeDegrees>4.416016</LongitudeDegrees></Position><AltitudeMeters>73.0</AltitudeMeters><Cadence>54</Cadence><Extensions><TPX xmlns="http://www.garmin.com/xmlschemas/ActivityExtension/v2"><Speed>1.14</Speed></TPX></Extensions></Trackpoint><Trackpoint><Time>2026-03-03T16:12:24+00:00</Time><DistanceMeters>1069.3</DistanceMeters><Position><LatitudeDegrees>50.851848</LatitudeDegrees><LongitudeDegrees>4.416002</LongitudeDegrees></Position><AltitudeMeters>73.0</AltitudeMeters><Cadence>54</Cadence><Extensions><TPX xmlns="http://www.garmin.com/xmlschemas/ActivityExtension/v2"><Speed>1.12</Speed></TPX></Extensions></Trackpoint><Trackpoint><Time>2026-03-03T16:12:25+00:00</Time><DistanceMeters>1070.5</DistanceMeters><Position><LatitudeDegrees>50.851844</LatitudeDegrees><LongitudeDegrees>4.415987</LongitudeDegrees></Position><AltitudeMeters>73.0</AltitudeMeters><Cadence>54</Cadence><Extensions><TPX xmlns="http://www.garmin.com/xmlschemas/ActivityExtension/v2"><Speed>1.14</Speed></TPX></Extensions></Trackpoint><Trackpoint><Time>2026-03-03T16:12:26+00:00</Time><DistanceMeters>1071.7</DistanceMeters><Position><LatitudeDegrees>50.851839</LatitudeDegrees><LongitudeDegrees>4.415972</LongitudeDegrees></Position><AltitudeMeters>73.0</AltitudeMeters><Cadence>54</Cadence><Extensions><TPX xmlns="http://www.garmin.com/xmlschemas/ActivityExtension/v2"><Speed>1.14</Speed></TPX></Extensions></Trackpoint><Trackpoint><Time>2026-03-03T16:12:27+00:00</Time><DistanceMeters>1073.4</DistanceMeters><Position><LatitudeDegrees>50.851825</LatitudeDegrees><LongitudeDegrees>4.415958</LongitudeDegrees></Position><AltitudeMeters>73.0</AltitudeMeters><Cadence>53</Cadence><Extensions><TPX xmlns="http://www.garmin.com/xmlschemas/ActivityExtension/v2"><Speed>1.22</Speed></TPX></Extensions></Trackpoint><Trackpoint><Time>2026-03-03T16:12:28+00:00</Time><DistanceMeters>1075.0</DistanceMeters><Position><LatitudeDegrees>50.851815</LatitudeDegrees><LongitudeDegrees>4.415941</LongitudeDegrees></Position><AltitudeMeters>73.0</AltitudeMeters><Cadence>52</Cadence><Extensions><TPX xmlns="http://www.garmin.com/xmlschemas/ActivityExtension/v2"><Speed>1.36</Speed></TPX></Extensions></Trackpoint><Trackpoint><Time>2026-03-03T16:12:29+00:00</Time><DistanceMeters>1076.8</DistanceMeters><Position><LatitudeDegrees>50.851801</LatitudeDegrees><LongitudeDegrees>4.415926</LongitudeDegrees></Position><AltitudeMeters>73.0</AltitudeMeters><Cadence>52</Cadence><Extensions><TPX xmlns="http://www.garmin.com/xmlschemas/ActivityExtension/v2"><Speed>1.5</Speed></TPX></Extensions></Trackpoint><Trackpoint><Time>2026-03-03T16:12:30+00:00</Time><DistanceMeters>1078.3</DistanceMeters><Position><LatitudeDegrees>50.851793</LatitudeDegrees><LongitudeDegrees>4.41591</LongitudeDegrees></Position><AltitudeMeters>73.0</AltitudeMeters><Cadence>53</Cadence><Extensions><TPX xmlns="http://www.garmin.com/xmlschemas/ActivityExtension/v2"><Speed>1.56</Speed></TPX></Extensions></Trackpoint><Trackpoint><Time>2026-03-03T16:12:31+00:00</Time><DistanceMeters>1080.0</DistanceMeters><Position><LatitudeDegrees>50.851782</LatitudeDegrees><LongitudeDegrees>4.415893</LongitudeDegrees></Position><AltitudeMeters>73.0</AltitudeMeters><Cadence>53</Cadence><Extensions><TPX xmlns="http://www.garmin.com/xmlschemas/ActivityExtension/v2"><Speed>1.66</Speed></TPX></Extensions></Trackpoint><Trackpoint><Time>2026-03-03T16:12:32+00:00</Time><DistanceMeters>1081.7</DistanceMeters><Position><LatitudeDegrees>50.851771</LatitudeDegrees><LongitudeDegrees>4.415876</LongitudeDegrees></Position><AltitudeMeters>73.0</AltitudeMeters><Cadence>53</Cadence><Extensions><TPX xmlns="http://www.garmin.com/xmlschemas/ActivityExtension/v2"><Speed>1.66</Speed></TPX></Extensions></Trackpoint><Trackpoint><Time>2026-03-03T16:12:33+00:00</Time><DistanceMeters>1083.0</DistanceMeters><Position><LatitudeDegrees>50.851763</LatitudeDegrees><LongitudeDegrees>4.415863</LongitudeDegrees></Position><AltitudeMeters>73.0</AltitudeMeters><Cadence>53</Cadence><Extensions><TPX xmlns="http://www.garmin.com/xmlschemas/ActivityExtension/v2"><Speed>1.6</Speed></TPX></Extensions></Trackpoint><Trackpoint><Time>2026-03-03T16:12:34+00:00</Time><DistanceMeters>1084.4</DistanceMeters><Position><LatitudeDegrees>50.851757</LatitudeDegrees><LongitudeDegrees>4.415845</LongitudeDegrees></Position><AltitudeMeters>73.1</AltitudeMeters><Cadence>53</Cadence><Extensions><TPX xmlns="http://www.garmin.com/xmlschemas/ActivityExtension/v2"><Speed>1.52</Speed></TPX></Extensions></Trackpoint><Trackpoint><Time>2026-03-03T16:12:35+00:00</Time><DistanceMeters>1085.5</DistanceMeters><Position><LatitudeDegrees>50.85175</LatitudeDegrees><LongitudeDegrees>4.415832</LongitudeDegrees></Position><AltitudeMeters>73.1</AltitudeMeters><Cadence>53</Cadence><Extensions><TPX xmlns="http://www.garmin.com/xmlschemas/ActivityExtension/v2"><Speed>1.44</Speed></TPX></Extensions></Trackpoint><Trackpoint><Time>2026-03-03T16:12:36+00:00</Time><DistanceMeters>1086.8</DistanceMeters><Position><LatitudeDegrees>50.851742</LatitudeDegrees><LongitudeDegrees>4.41582</LongitudeDegrees></Position><AltitudeMeters>73.1</AltitudeMeters><Cadence>53</Cadence><Extensions><TPX xmlns="http://www.garmin.com/xmlschemas/ActivityExtension/v2"><Speed>1.36</Speed></TPX></Extensions></Trackpoint><Trackpoint><Time>2026-03-03T16:12:37+00:00</Time><DistanceMeters>1087.9</DistanceMeters><Position><LatitudeDegrees>50.851735</LatitudeDegrees><LongitudeDegrees>4.415808</LongitudeDegrees></Position><AltitudeMeters>73.1</AltitudeMeters><Cadence>53</Cadence><Extensions><TPX xmlns="http://www.garmin.com/xmlschemas/ActivityExtension/v2"><Speed>1.24</Speed></TPX></Extensions></Trackpoint><Trackpoint><Time>2026-03-03T16:12:38+00:00</Time><DistanceMeters>1089.1</DistanceMeters><Position><LatitudeDegrees>50.851728</LatitudeDegrees><LongitudeDegrees>4.415796</LongitudeDegrees></Position><AltitudeMeters>73.1</AltitudeMeters><Cadence>53</Cadence><Extensions><TPX xmlns="http://www.garmin.com/xmlschemas/ActivityExtension/v2"><Speed>1.22</Speed></TPX></Extensions></Trackpoint><Trackpoint><Time>2026-03-03T16:12:39+00:00</Time><DistanceMeters>1090.0</DistanceMeters><Position><LatitudeDegrees>50.851721</LatitudeDegrees><LongitudeDegrees>4.41579</LongitudeDegrees></Position><AltitudeMeters>73.1</AltitudeMeters><Cadence>55</Cadence><Extensions><TPX xmlns="http://www.garmin.com/xmlschemas/ActivityExtension/v2"><Speed>1.12</Speed></TPX></Extensions></Trackpoint><Trackpoint><Time>2026-03-03T16:12:40+00:00</Time><DistanceMeters>1091.8</DistanceMeters><Position><LatitudeDegrees>50.851707</LatitudeDegrees><LongitudeDegrees>4.415775</LongitudeDegrees></Position><AltitudeMeters>73.1</AltitudeMeters><Cadence>55</Cadence><Extensions><TPX xmlns="http://www.garmin.com/xmlschemas/ActivityExtension/v2"><Speed>1.26</Speed></TPX></Extensions></Trackpoint><Trackpoint><Time>2026-03-03T16:12:41+00:00</Time><DistanceMeters>1093.3</DistanceMeters><Position><LatitudeDegrees>50.851697</LatitudeDegrees><LongitudeDegrees>4.415761</LongitudeDegrees></Position><AltitudeMeters>73.1</AltitudeMeters><Cadence>53</Cadence><Extensions><TPX xmlns="http://www.garmin.com/xmlschemas/ActivityExtension/v2"><Speed>1.3</Speed></TPX></Extensions></Trackpoint><Trackpoint><Time>2026-03-03T16:12:42+00:00</Time><DistanceMeters>1095.2</DistanceMeters><Position><LatitudeDegrees>50.85168</LatitudeDegrees><LongitudeDegrees>4.415752</LongitudeDegrees></Position><AltitudeMeters>73.1</AltitudeMeters><Cadence>53</Cadence><Extensions><TPX xmlns="http://www.garmin.com/xmlschemas/ActivityExtension/v2"><Speed>1.46</Speed></TPX></Extensions></Trackpoint><Trackpoint><Time>2026-03-03T16:12:43+00:00</Time><DistanceMeters>1096.8</DistanceMeters><Position><LatitudeDegrees>50.851669</LatitudeDegrees><LongitudeDegrees>4.415737</LongitudeDegrees></Position><AltitudeMeters>73.1</AltitudeMeters><Cadence>53</Cadence><Extensions><TPX xmlns="http://www.garmin.com/xmlschemas/ActivityExtension/v2"><Speed>1.54</Speed></TPX></Extensions></Trackpoint><Trackpoint><Time>2026-03-03T16:12:44+00:00</Time><DistanceMeters>1098.4</DistanceMeters><Position><LatitudeDegrees>50.851657</LatitudeDegrees><LongitudeDegrees>4.415725</LongitudeDegrees></Position><AltitudeMeters>73.1</AltitudeMeters><Cadence>53</Cadence><Extensions><TPX xmlns="http://www.garmin.com/xmlschemas/ActivityExtension/v2"><Speed>1.68</Speed></TPX></Extensions></Trackpoint><Trackpoint><Time>2026-03-03T16:12:45+00:00</Time><DistanceMeters>1099.9</DistanceMeters><Position><LatitudeDegrees>50.851645</LatitudeDegrees><LongitudeDegrees>4.415713</LongitudeDegrees></Position><AltitudeMeters>73.1</AltitudeMeters><Cadence>53</Cadence><Extensions><TPX xmlns="http://www.garmin.com/xmlschemas/ActivityExtension/v2"><Speed>1.62</Speed></TPX></Extensions></Trackpoint><Trackpoint><Time>2026-03-03T16:12:46+00:00</Time><DistanceMeters>1101.0</DistanceMeters><Position><LatitudeDegrees>50.851639</LatitudeDegrees><LongitudeDegrees>4.415699</LongitudeDegrees></Position><AltitudeMeters>73.1</AltitudeMeters><Cadence>53</Cadence><Extensions><TPX xmlns="http://www.garmin.com/xmlschemas/ActivityExtension/v2"><Speed>1.54</Speed></TPX></Extensions></Trackpoint><Trackpoint><Time>2026-03-03T16:12:47+00:00</Time><DistanceMeters>1102.0</DistanceMeters><Position><LatitudeDegrees>50.851638</LatitudeDegrees><LongitudeDegrees>4.415681</LongitudeDegrees></Position><AltitudeMeters>73.1</AltitudeMeters><Cadence>53</Cadence><Extensions><TPX xmlns="http://www.garmin.com/xmlschemas/ActivityExtension/v2"><Speed>1.36</Speed></TPX></Extensions></Trackpoint><Trackpoint><Time>2026-03-03T16:12:48+00:00</Time><DistanceMeters>1103.0</DistanceMeters><Position><LatitudeDegrees>50.851634</LatitudeDegrees><LongitudeDegrees>4.415667</LongitudeDegrees></Position><AltitudeMeters>73.1</AltitudeMeters><Cadence>53</Cadence><Extensions><TPX xmlns="http://www.garmin.com/xmlschemas/ActivityExtension/v2"><Speed>1.24</Speed></TPX></Extensions></Trackpoint><Trackpoint><Time>2026-03-03T16:12:49+00:00</Time><DistanceMeters>1104.4</DistanceMeters><Position><LatitudeDegrees>50.851625</LatitudeDegrees><LongitudeDegrees>4.415652</LongitudeDegrees></Position><AltitudeMeters>73.1</AltitudeMeters><Cadence>53</Cadence><Extensions><TPX xmlns="http://www.garmin.com/xmlschemas/ActivityExtension/v2"><Speed>1.2</Speed></TPX></Extensions></Trackpoint><Trackpoint><Time>2026-03-03T16:12:50+00:00</Time><DistanceMeters>1105.8</DistanceMeters><Position><LatitudeDegrees>50.851615</LatitudeDegrees><LongitudeDegrees>4.415641</LongitudeDegrees></Position><AltitudeMeters>73.1</AltitudeMeters><Cadence>52</Cadence><Extensions><TPX xmlns="http://www.garmin.com/xmlschemas/ActivityExtension/v2"><Speed>1.18</Speed></TPX></Extensions></Trackpoint><Trackpoint><Time>2026-03-03T16:12:51+00:00</Time><DistanceMeters>1107.0</DistanceMeters><Position><LatitudeDegrees>50.851608</LatitudeDegrees><LongitudeDegrees>4.415627</LongitudeDegrees></Position><AltitudeMeters>73.1</AltitudeMeters><Cadence>52</Cadence><Extensions><TPX xmlns="http://www.garmin.com/xmlschemas/ActivityExtension/v2"><Speed>1.2</Speed></TPX></Extensions></Trackpoint><Trackpoint><Time>2026-03-03T16:12:52+00:00</Time><DistanceMeters>1108.3</DistanceMeters><Position><LatitudeDegrees>50.851601</LatitudeDegrees><LongitudeDegrees>4.415613</LongitudeDegrees></Position><AltitudeMeters>73.1</AltitudeMeters><Cadence>52</Cadence><Extensions><TPX xmlns="http://www.garmin.com/xmlschemas/ActivityExtension/v2"><Speed>1.26</Speed></TPX></Extensions></Trackpoint><Trackpoint><Time>2026-03-03T16:12:53+00:00</Time><DistanceMeters>1109.5</DistanceMeters><Position><LatitudeDegrees>50.851593</LatitudeDegrees><LongitudeDegrees>4.415601</LongitudeDegrees></Position><AltitudeMeters>73.1</AltitudeMeters><Cadence>53</Cadence><Extensions><TPX xmlns="http://www.garmin.com/xmlschemas/ActivityExtension/v2"><Speed>1.3</Speed></TPX></Extensions></Trackpoint><Trackpoint><Time>2026-03-03T16:12:54+00:00</Time><DistanceMeters>1110.9</DistanceMeters><Position><LatitudeDegrees>50.851585</LatitudeDegrees><LongitudeDegrees>4.415587</LongitudeDegrees></Position><AltitudeMeters>73.1</AltitudeMeters><Cadence>53</Cadence><Extensions><TPX xmlns="http://www.garmin.com/xmlschemas/ActivityExtension/v2"><Speed>1.3</Speed></TPX></Extensions></Trackpoint><Trackpoint><Time>2026-03-03T16:12:55+00:00</Time><DistanceMeters>1112.2</DistanceMeters><Position><LatitudeDegrees>50.851576</LatitudeDegrees><LongitudeDegrees>4.415575</LongitudeDegrees></Position><AltitudeMeters>73.1</AltitudeMeters><Cadence>53</Cadence><Extensions><TPX xmlns="http://www.garmin.com/xmlschemas/ActivityExtension/v2"><Speed>1.28</Speed></TPX></Extensions></Trackpoint><Trackpoint><Time>2026-03-03T16:12:56+00:00</Time><DistanceMeters>1113.8</DistanceMeters><Position><LatitudeDegrees>50.851558</LatitudeDegrees><LongitudeDegrees>4.415567</LongitudeDegrees></Position><AltitudeMeters>73.1</AltitudeMeters><Cadence>53</Cadence><Extensions><TPX xmlns="http://www.garmin.com/xmlschemas/ActivityExtension/v2"><Speed>1.36</Speed></TPX></Extensions></Trackpoint><Trackpoint><Time>2026-03-03T16:12:57+00:00</Time><DistanceMeters>1115.5</DistanceMeters><Position><LatitudeDegrees>50.851541</LatitudeDegrees><LongitudeDegrees>4.415563</LongitudeDegrees></Position><AltitudeMeters>73.1</AltitudeMeters><Cadence>53</Cadence><Extensions><TPX xmlns="http://www.garmin.com/xmlschemas/ActivityExtension/v2"><Speed>1.44</Speed></TPX></Extensions></Trackpoint><Trackpoint><Time>2026-03-03T16:12:58+00:00</Time><DistanceMeters>1116.8</DistanceMeters><Position><LatitudeDegrees>50.851529</LatitudeDegrees><LongitudeDegrees>4.415556</LongitudeDegrees></Position><AltitudeMeters>73.1</AltitudeMeters><Cadence>52</Cadence><Extensions><TPX xmlns="http://www.garmin.com/xmlschemas/ActivityExtension/v2"><Speed>1.46</Speed></TPX></Extensions></Trackpoint><Trackpoint><Time>2026-03-03T16:12:59+00:00</Time><DistanceMeters>1118.3</DistanceMeters><Position><LatitudeDegrees>50.851513</LatitudeDegrees><LongitudeDegrees>4.415557</LongitudeDegrees></Position><AltitudeMeters>73.1</AltitudeMeters><Cadence>52</Cadence><Extensions><TPX xmlns="http://www.garmin.com/xmlschemas/ActivityExtension/v2"><Speed>1.48</Speed></TPX></Extensions></Trackpoint><Trackpoint><Time>2026-03-03T16:13:00+00:00</Time><DistanceMeters>1119.8</DistanceMeters><Position><LatitudeDegrees>50.851499</LatitudeDegrees><LongitudeDegrees>4.41556</LongitudeDegrees></Position><AltitudeMeters>73.1</AltitudeMeters><Cadence>52</Cadence><Extensions><TPX xmlns="http://www.garmin.com/xmlschemas/ActivityExtension/v2"><Speed>1.52</Speed></TPX></Extensions></Trackpoint><Trackpoint><Time>2026-03-03T16:13:01+00:00</Time><DistanceMeters>1121.1</DistanceMeters><Position><LatitudeDegrees>50.851487</LatitudeDegrees><LongitudeDegrees>4.415562</LongitudeDegrees></Position><AltitudeMeters>73.1</AltitudeMeters><Cadence>51</Cadence><Extensions><TPX xmlns="http://www.garmin.com/xmlschemas/ActivityExtension/v2"><Speed>1.46</Speed></TPX></Extensions></Trackpoint><Trackpoint><Time>2026-03-03T16:13:02+00:00</Time><DistanceMeters>1122.3</DistanceMeters><Position><LatitudeDegrees>50.851477</LatitudeDegrees><LongitudeDegrees>4.415569</LongitudeDegrees></Position><AltitudeMeters>73.1</AltitudeMeters><Cadence>51</Cadence><Extensions><TPX xmlns="http://www.garmin.com/xmlschemas/ActivityExtension/v2"><Speed>1.36</Speed></TPX></Extensions></Trackpoint><Trackpoint><Time>2026-03-03T16:13:03+00:00</Time><DistanceMeters>1123.6</DistanceMeters><Position><LatitudeDegrees>50.851467</LatitudeDegrees><LongitudeDegrees>4.41558</LongitudeDegrees></Position><AltitudeMeters>73.1</AltitudeMeters><Cadence>51</Cadence><Extensions><TPX xmlns="http://www.garmin.com/xmlschemas/ActivityExtension/v2"><Speed>1.36</Speed></TPX></Extensions></Trackpoint><Trackpoint><Time>2026-03-03T16:13:04+00:00</Time><DistanceMeters>1125.2</DistanceMeters><Position><LatitudeDegrees>50.851455</LatitudeDegrees><LongitudeDegrees>4.415595</LongitudeDegrees></Position><AltitudeMeters>73.0</AltitudeMeters><Cadence>53</Cadence><Extensions><TPX xmlns="http://www.garmin.com/xmlschemas/ActivityExtension/v2"><Speed>1.38</Speed></TPX></Extensions></Trackpoint><Trackpoint><Time>2026-03-03T16:13:05+00:00</Time><DistanceMeters>1126.4</DistanceMeters><Position><LatitudeDegrees>50.851446</LatitudeDegrees><LongitudeDegrees>4.415603</LongitudeDegrees></Position><AltitudeMeters>73.0</AltitudeMeters><Cadence>55</Cadence><Extensions><TPX xmlns="http://www.garmin.com/xmlschemas/ActivityExtension/v2"><Speed>1.32</Speed></TPX></Extensions></Trackpoint><Trackpoint><Time>2026-03-03T16:13:06+00:00</Time><DistanceMeters>1127.5</DistanceMeters><Position><LatitudeDegrees>50.851437</LatitudeDegrees><LongitudeDegrees>4.415611</LongitudeDegrees></Position><AltitudeMeters>72.9</AltitudeMeters><Cadence>55</Cadence><Extensions><TPX xmlns="http://www.garmin.com/xmlschemas/ActivityExtension/v2"><Speed>1.28</Speed></TPX></Extensions></Trackpoint><Trackpoint><Time>2026-03-03T16:13:07+00:00</Time><DistanceMeters>1128.6</DistanceMeters><Position><LatitudeDegrees>50.851429</LatitudeDegrees><LongitudeDegrees>4.415619</LongitudeDegrees></Position><AltitudeMeters>72.9</AltitudeMeters><Cadence>53</Cadence><Extensions><TPX xmlns="http://www.garmin.com/xmlschemas/ActivityExtension/v2"><Speed>1.26</Speed></TPX></Extensions></Trackpoint><Trackpoint><Time>2026-03-03T16:13:08+00:00</Time><DistanceMeters>1129.7</DistanceMeters><Position><LatitudeDegrees>50.851423</LatitudeDegrees><LongitudeDegrees>4.415631</LongitudeDegrees></Position><AltitudeMeters>72.8</AltitudeMeters><Cadence>53</Cadence><Extensions><TPX xmlns="http://www.garmin.com/xmlschemas/ActivityExtension/v2"><Speed>1.22</Speed></TPX></Extensions></Trackpoint><Trackpoint><Time>2026-03-03T16:13:09+00:00</Time><DistanceMeters>1130.8</DistanceMeters><Position><LatitudeDegrees>50.851415</LatitudeDegrees><LongitudeDegrees>4.415642</LongitudeDegrees></Position><AltitudeMeters>72.8</AltitudeMeters><Cadence>54</Cadence><Extensions><TPX xmlns="http://www.garmin.com/xmlschemas/ActivityExtension/v2"><Speed>1.12</Speed></TPX></Extensions></Trackpoint><Trackpoint><Time>2026-03-03T16:13:10+00:00</Time><DistanceMeters>1132.0</DistanceMeters><Position><LatitudeDegrees>50.851408</LatitudeDegrees><LongitudeDegrees>4.415655</LongitudeDegrees></Position><AltitudeMeters>72.7</AltitudeMeters><Cadence>55</Cadence><Extensions><TPX xmlns="http://www.garmin.com/xmlschemas/ActivityExtension/v2"><Speed>1.12</Speed></TPX></Extensions></Trackpoint><Trackpoint><Time>2026-03-03T16:13:11+00:00</Time><DistanceMeters>1133.3</DistanceMeters><Position><LatitudeDegrees>50.851398</LatitudeDegrees><LongitudeDegrees>4.415666</LongitudeDegrees></Position><AltitudeMeters>72.7</AltitudeMeters><Cadence>55</Cadence><Extensions><TPX xmlns="http://www.garmin.com/xmlschemas/ActivityExtension/v2"><Speed>1.16</Speed></TPX></Extensions></Trackpoint><Trackpoint><Time>2026-03-03T16:13:12+00:00</Time><DistanceMeters>1134.7</DistanceMeters><Position><LatitudeDegrees>50.85139</LatitudeDegrees><LongitudeDegrees>4.415679</LongitudeDegrees></Position><AltitudeMeters>72.6</AltitudeMeters><Cadence>55</Cadence><Extensions><TPX xmlns="http://www.garmin.com/xmlschemas/ActivityExtension/v2"><Speed>1.22</Speed></TPX></Extensions></Trackpoint><Trackpoint><Time>2026-03-03T16:13:13+00:00</Time><DistanceMeters>1136.4</DistanceMeters><Position><LatitudeDegrees>50.851377</LatitudeDegrees><LongitudeDegrees>4.415695</LongitudeDegrees></Position><AltitudeMeters>72.5</AltitudeMeters><Cadence>54</Cadence><Extensions><TPX xmlns="http://www.garmin.com/xmlschemas/ActivityExtension/v2"><Speed>1.34</Speed></TPX></Extensions></Trackpoint><Trackpoint><Time>2026-03-03T16:13:14+00:00</Time><DistanceMeters>1138.0</DistanceMeters><Position><LatitudeDegrees>50.851365</LatitudeDegrees><LongitudeDegrees>4.415706</LongitudeDegrees></Position><AltitudeMeters>72.5</AltitudeMeters><Cadence>54</Cadence><Extensions><TPX xmlns="http://www.garmin.com/xmlschemas/ActivityExtension/v2"><Speed>1.44</Speed></TPX></Extensions></Trackpoint><Trackpoint><Time>2026-03-03T16:13:15+00:00</Time><DistanceMeters>1139.9</DistanceMeters><Position><LatitudeDegrees>50.851352</LatitudeDegrees><LongitudeDegrees>4.415724</LongitudeDegrees></Position><AltitudeMeters>72.4</AltitudeMeters><Cadence>54</Cadence><Extensions><TPX xmlns="http://www.garmin.com/xmlschemas/ActivityExtension/v2"><Speed>1.58</Speed></TPX></Extensions></Trackpoint><Trackpoint><Time>2026-03-03T16:13:16+00:00</Time><DistanceMeters>1141.5</DistanceMeters><Position><LatitudeDegrees>50.85134</LatitudeDegrees><LongitudeDegrees>4.415736</LongitudeDegrees></Position><AltitudeMeters>72.3</AltitudeMeters><Cadence>54</Cadence><Extensions><TPX xmlns="http://www.garmin.com/xmlschemas/ActivityExtension/v2"><Speed>1.64</Speed></TPX></Extensions></Trackpoint><Trackpoint><Time>2026-03-03T16:13:17+00:00</Time><DistanceMeters>1142.6</DistanceMeters><Position><LatitudeDegrees>50.851331</LatitudeDegrees><LongitudeDegrees>4.415746</LongitudeDegrees></Position><AltitudeMeters>72.3</AltitudeMeters><Cadence>54</Cadence><Extensions><TPX xmlns="http://www.garmin.com/xmlschemas/ActivityExtension/v2"><Speed>1.58</Speed></TPX></Extensions></Trackpoint><Trackpoint><Time>2026-03-03T16:13:18+00:00</Time><DistanceMeters>1143.6</DistanceMeters><Position><LatitudeDegrees>50.851323</LatitudeDegrees><LongitudeDegrees>4.415751</LongitudeDegrees></Position><AltitudeMeters>72.2</AltitudeMeters><Cadence>54</Cadence><Extensions><TPX xmlns="http://www.garmin.com/xmlschemas/ActivityExtension/v2"><Speed>1.44</Speed></TPX></Extensions></Trackpoint><Trackpoint><Time>2026-03-03T16:13:19+00:00</Time><DistanceMeters>1145.8</DistanceMeters><Position><LatitudeDegrees>50.851305</LatitudeDegrees><LongitudeDegrees>4.415764</LongitudeDegrees></Position><AltitudeMeters>72.1</AltitudeMeters><Cadence>54</Cadence><Extensions><TPX xmlns="http://www.garmin.com/xmlschemas/ActivityExtension/v2"><Speed>1.56</Speed></TPX></Extensions></Trackpoint><Trackpoint><Time>2026-03-03T16:13:20+00:00</Time><DistanceMeters>1147.3</DistanceMeters><Position><LatitudeDegrees>50.851294</LatitudeDegrees><LongitudeDegrees>4.415776</LongitudeDegrees></Position><AltitudeMeters>72.1</AltitudeMeters><Cadence>54</Cadence><Extensions><TPX xmlns="http://www.garmin.com/xmlschemas/ActivityExtension/v2"><Speed>1.48</Speed></TPX></Extensions></Trackpoint><Trackpoint><Time>2026-03-03T16:13:21+00:00</Time><DistanceMeters>1149.7</DistanceMeters><Position><LatitudeDegrees>50.851277</LatitudeDegrees><LongitudeDegrees>4.415797</LongitudeDegrees></Position><AltitudeMeters>72.0</AltitudeMeters><Cadence>55</Cadence><Extensions><TPX xmlns="http://www.garmin.com/xmlschemas/ActivityExtension/v2"><Speed>1.64</Speed></TPX></Extensions></Trackpoint><Trackpoint><Time>2026-03-03T16:13:22+00:00</Time><DistanceMeters>1152.1</DistanceMeters><Position><LatitudeDegrees>50.85126</LatitudeDegrees><LongitudeDegrees>4.415817</LongitudeDegrees></Position><AltitudeMeters>71.9</AltitudeMeters><Cadence>55</Cadence><Extensions><TPX xmlns="http://www.garmin.com/xmlschemas/ActivityExtension/v2"><Speed>1.9</Speed></TPX></Extensions></Trackpoint><Trackpoint><Time>2026-03-03T16:13:23+00:00</Time><DistanceMeters>1153.6</DistanceMeters><Position><LatitudeDegrees>50.851249</LatitudeDegrees><LongitudeDegrees>4.415832</LongitudeDegrees></Position><AltitudeMeters>71.8</AltitudeMeters><Cadence>54</Cadence><Extensions><TPX xmlns="http://www.garmin.com/xmlschemas/ActivityExtension/v2"><Speed>2.0</Speed></TPX></Extensions></Trackpoint><Trackpoint><Time>2026-03-03T16:13:24+00:00</Time><DistanceMeters>1154.9</DistanceMeters><Position><LatitudeDegrees>50.85124</LatitudeDegrees><LongitudeDegrees>4.415843</LongitudeDegrees></Position><AltitudeMeters>71.8</AltitudeMeters><Cadence>53</Cadence><Extensions><TPX xmlns="http://www.garmin.com/xmlschemas/ActivityExtension/v2"><Speed>1.82</Speed></TPX></Extensions></Trackpoint><Trackpoint><Time>2026-03-03T16:13:25+00:00</Time><DistanceMeters>1156.6</DistanceMeters><Position><LatitudeDegrees>50.851227</LatitudeDegrees><LongitudeDegrees>4.415855</LongitudeDegrees></Position><AltitudeMeters>71.7</AltitudeMeters><Cadence>53</Cadence><Extensions><TPX xmlns="http://www.garmin.com/xmlschemas/ActivityExtension/v2"><Speed>1.86</Speed></TPX></Extensions></Trackpoint><Trackpoint><Time>2026-03-03T16:13:26+00:00</Time><DistanceMeters>1157.8</DistanceMeters><Position><LatitudeDegrees>50.851218</LatitudeDegrees><LongitudeDegrees>4.415864</LongitudeDegrees></Position><AltitudeMeters>71.6</AltitudeMeters><Cadence>53</Cadence><Extensions><TPX xmlns="http://www.garmin.com/xmlschemas/ActivityExtension/v2"><Speed>1.62</Speed></TPX></Extensions></Trackpoint><Trackpoint><Time>2026-03-03T16:13:27+00:00</Time><DistanceMeters>1159.2</DistanceMeters><Position><LatitudeDegrees>50.851208</LatitudeDegrees><LongitudeDegrees>4.415876</LongitudeDegrees></Position><AltitudeMeters>71.6</AltitudeMeters><Cadence>53</Cadence><Extensions><TPX xmlns="http://www.garmin.com/xmlschemas/ActivityExtension/v2"><Speed>1.42</Speed></TPX></Extensions></Trackpoint><Trackpoint><Time>2026-03-03T16:13:28+00:00</Time><DistanceMeters>1160.3</DistanceMeters><Position><LatitudeDegrees>50.851201</LatitudeDegrees><LongitudeDegrees>4.415888</LongitudeDegrees></Position><AltitudeMeters>71.5</AltitudeMeters><Cadence>53</Cadence><Extensions><TPX xmlns="http://www.garmin.com/xmlschemas/ActivityExtension/v2"><Speed>1.34</Speed></TPX></Extensions></Trackpoint><Trackpoint><Time>2026-03-03T16:13:29+00:00</Time><DistanceMeters>1161.4</DistanceMeters><Position><LatitudeDegrees>50.851194</LatitudeDegrees><LongitudeDegrees>4.4159</LongitudeDegrees></Position><AltitudeMeters>71.5</AltitudeMeters><Cadence>53</Cadence><Extensions><TPX xmlns="http://www.garmin.com/xmlschemas/ActivityExtension/v2"><Speed>1.3</Speed></TPX></Extensions></Trackpoint><Trackpoint><Time>2026-03-03T16:13:30+00:00</Time><DistanceMeters>1162.6</DistanceMeters><Position><LatitudeDegrees>50.851186</LatitudeDegrees><LongitudeDegrees>4.415912</LongitudeDegrees></Position><AltitudeMeters>71.4</AltitudeMeters><Cadence>53</Cadence><Extensions><TPX xmlns="http://www.garmin.com/xmlschemas/ActivityExtension/v2"><Speed>1.2</Speed></TPX></Extensions></Trackpoint><Trackpoint><Time>2026-03-03T16:13:31+00:00</Time><DistanceMeters>1163.8</DistanceMeters><Position><LatitudeDegrees>50.851178</LatitudeDegrees><LongitudeDegrees>4.415924</LongitudeDegrees></Position><AltitudeMeters>71.4</AltitudeMeters><Cadence>53</Cadence><Extensions><TPX xmlns="http://www.garmin.com/xmlschemas/ActivityExtension/v2"><Speed>1.2</Speed></TPX></Extensions></Trackpoint><Trackpoint><Time>2026-03-03T16:13:32+00:00</Time><DistanceMeters>1164.9</DistanceMeters><Position><LatitudeDegrees>50.851173</LatitudeDegrees><LongitudeDegrees>4.415938</LongitudeDegrees></Position><AltitudeMeters>71.3</AltitudeMeters><Cadence>53</Cadence><Extensions><TPX xmlns="http://www.garmin.com/xmlschemas/ActivityExtension/v2"><Speed>1.14</Speed></TPX></Extensions></Trackpoint><Trackpoint><Time>2026-03-03T16:13:33+00:00</Time><DistanceMeters>1165.9</DistanceMeters><Position><LatitudeDegrees>50.851164</LatitudeDegrees><LongitudeDegrees>4.415944</LongitudeDegrees></Position><AltitudeMeters>71.3</AltitudeMeters><Cadence>53</Cadence><Extensions><TPX xmlns="http://www.garmin.com/xmlschemas/ActivityExtension/v2"><Speed>1.12</Speed></TPX></Extensions></Trackpoint><Trackpoint><Time>2026-03-03T16:13:34+00:00</Time><DistanceMeters>1167.0</DistanceMeters><Position><LatitudeDegrees>50.851156</LatitudeDegrees><LongitudeDegrees>4.415952</LongitudeDegrees></Position><AltitudeMeters>71.2</AltitudeMeters><Cadence>53</Cadence><Extensions><TPX xmlns="http://www.garmin.com/xmlschemas/ActivityExtension/v2"><Speed>1.12</Speed></TPX></Extensions></Trackpoint><Trackpoint><Time>2026-03-03T16:13:35+00:00</Time><DistanceMeters>1168.2</DistanceMeters><Position><LatitudeDegrees>50.851148</LatitudeDegrees><LongitudeDegrees>4.415962</LongitudeDegrees></Position><AltitudeMeters>71.2</AltitudeMeters><Cadence>54</Cadence><Extensions><TPX xmlns="http://www.garmin.com/xmlschemas/ActivityExtension/v2"><Speed>1.12</Speed></TPX></Extensions></Trackpoint><Trackpoint><Time>2026-03-03T16:13:36+00:00</Time><DistanceMeters>1169.5</DistanceMeters><Position><LatitudeDegrees>50.851136</LatitudeDegrees><LongitudeDegrees>4.415968</LongitudeDegrees></Position><AltitudeMeters>71.1</AltitudeMeters><Cadence>56</Cadence><Extensions><TPX xmlns="http://www.garmin.com/xmlschemas/ActivityExtension/v2"><Speed>1.14</Speed></TPX></Extensions></Trackpoint><Trackpoint><Time>2026-03-03T16:13:37+00:00</Time><DistanceMeters>1170.8</DistanceMeters><Position><LatitudeDegrees>50.851126</LatitudeDegrees><LongitudeDegrees>4.415976</LongitudeDegrees></Position><AltitudeMeters>71.1</AltitudeMeters><Cadence>56</Cadence><Extensions><TPX xmlns="http://www.garmin.com/xmlschemas/ActivityExtension/v2"><Speed>1.18</Speed></TPX></Extensions></Trackpoint><Trackpoint><Time>2026-03-03T16:13:38+00:00</Time><DistanceMeters>1172.1</DistanceMeters><Position><LatitudeDegrees>50.851115</LatitudeDegrees><LongitudeDegrees>4.415983</LongitudeDegrees></Position><AltitudeMeters>71.0</AltitudeMeters><Cadence>55</Cadence><Extensions><TPX xmlns="http://www.garmin.com/xmlschemas/ActivityExtension/v2"><Speed>1.24</Speed></TPX></Extensions></Trackpoint><Trackpoint><Time>2026-03-03T16:13:39+00:00</Time><DistanceMeters>1173.1</DistanceMeters><Position><LatitudeDegrees>50.851107</LatitudeDegrees><LongitudeDegrees>4.41599</LongitudeDegrees></Position><AltitudeMeters>71.0</AltitudeMeters><Cadence>55</Cadence><Extensions><TPX xmlns="http://www.garmin.com/xmlschemas/ActivityExtension/v2"><Speed>1.22</Speed></TPX></Extensions></Trackpoint><Trackpoint><Time>2026-03-03T16:13:40+00:00</Time><DistanceMeters>1173.8</DistanceMeters><Position><LatitudeDegrees>50.851103</LatitudeDegrees><LongitudeDegrees>4.415997</LongitudeDegrees></Position><AltitudeMeters>70.9</AltitudeMeters><Cadence>55</Cadence><Extensions><TPX xmlns="http://www.garmin.com/xmlschemas/ActivityExtension/v2"><Speed>1.12</Speed></TPX></Extensions></Trackpoint><Trackpoint><Time>2026-03-03T16:13:41+00:00</Time><DistanceMeters>1174.8</DistanceMeters><Position><LatitudeDegrees>50.851093</LatitudeDegrees><LongitudeDegrees>4.416002</LongitudeDegrees></Position><AltitudeMeters>70.9</AltitudeMeters><Cadence>55</Cadence><Extensions><TPX xmlns="http://www.garmin.com/xmlschemas/ActivityExtension/v2"><Speed>1.06</Speed></TPX></Extensions></Trackpoint><Trackpoint><Time>2026-03-03T16:13:42+00:00</Time><DistanceMeters>1175.6</DistanceMeters><Position><LatitudeDegrees>50.851088</LatitudeDegrees><LongitudeDegrees>4.416008</LongitudeDegrees></Position><AltitudeMeters>70.9</AltitudeMeters><Cadence>55</Cadence><Extensions><TPX xmlns="http://www.garmin.com/xmlschemas/ActivityExtension/v2"><Speed>0.96</Speed></TPX></Extensions></Trackpoint><Trackpoint><Time>2026-03-03T16:13:43+00:00</Time><DistanceMeters>1177.2</DistanceMeters><Position><LatitudeDegrees>50.851077</LatitudeDegrees><LongitudeDegrees>4.416026</LongitudeDegrees></Position><AltitudeMeters>70.8</AltitudeMeters><Cadence>55</Cadence><Extensions><TPX xmlns="http://www.garmin.com/xmlschemas/ActivityExtension/v2"><Speed>1.02</Speed></TPX></Extensions></Trackpoint><Trackpoint><Time>2026-03-03T16:13:44+00:00</Time><DistanceMeters>1178.8</DistanceMeters><Position><LatitudeDegrees>50.851067</LatitudeDegrees><LongitudeDegrees>4.416044</LongitudeDegrees></Position><AltitudeMeters>70.7</AltitudeMeters><Cadence>55</Cadence><Extensions><TPX xmlns="http://www.garmin.com/xmlschemas/ActivityExtension/v2"><Speed>1.14</Speed></TPX></Extensions></Trackpoint><Trackpoint><Time>2026-03-03T16:13:45+00:00</Time><DistanceMeters>1180.0</DistanceMeters><Position><LatitudeDegrees>50.851057</LatitudeDegrees><LongitudeDegrees>4.416052</LongitudeDegrees></Position><AltitudeMeters>70.7</AltitudeMeters><Cadence>55</Cadence><Extensions><TPX xmlns="http://www.garmin.com/xmlschemas/ActivityExtension/v2"><Speed>1.24</Speed></TPX></Extensions></Trackpoint><Trackpoint><Time>2026-03-03T16:13:46+00:00</Time><DistanceMeters>1181.2</DistanceMeters><Position><LatitudeDegrees>50.851048</LatitudeDegrees><LongitudeDegrees>4.41606</LongitudeDegrees></Position><AltitudeMeters>70.6</AltitudeMeters><Cadence>55</Cadence><Extensions><TPX xmlns="http://www.garmin.com/xmlschemas/ActivityExtension/v2"><Speed>1.28</Speed></TPX></Extensions></Trackpoint><Trackpoint><Time>2026-03-03T16:13:47+00:00</Time><DistanceMeters>1182.6</DistanceMeters><Position><LatitudeDegrees>50.851037</LatitudeDegrees><LongitudeDegrees>4.416069</LongitudeDegrees></Position><AltitudeMeters>70.6</AltitudeMeters><Cadence>55</Cadence><Extensions><TPX xmlns="http://www.garmin.com/xmlschemas/ActivityExtension/v2"><Speed>1.4</Speed></TPX></Extensions></Trackpoint><Trackpoint><Time>2026-03-03T16:13:48+00:00</Time><DistanceMeters>1184.1</DistanceMeters><Position><LatitudeDegrees>50.851025</LatitudeDegrees><LongitudeDegrees>4.41608</LongitudeDegrees></Position><AltitudeMeters>70.5</AltitudeMeters><Cadence>55</Cadence><Extensions><TPX xmlns="http://www.garmin.com/xmlschemas/ActivityExtension/v2"><Speed>1.38</Speed></TPX></Extensions></Trackpoint><Trackpoint><Time>2026-03-03T16:13:49+00:00</Time><DistanceMeters>1185.4</DistanceMeters><Position><LatitudeDegrees>50.851015</LatitudeDegrees><LongitudeDegrees>4.41609</LongitudeDegrees></Position><AltitudeMeters>70.5</AltitudeMeters><Cadence>54</Cadence><Extensions><TPX xmlns="http://www.garmin.com/xmlschemas/ActivityExtension/v2"><Speed>1.32</Speed></TPX></Extensions></Trackpoint><Trackpoint><Time>2026-03-03T16:13:50+00:00</Time><DistanceMeters>1186.8</DistanceMeters><Position><LatitudeDegrees>50.851003</LatitudeDegrees><LongitudeDegrees>4.416097</LongitudeDegrees></Position><AltitudeMeters>70.4</AltitudeMeters><Cadence>54</Cadence><Extensions><TPX xmlns="http://www.garmin.com/xmlschemas/ActivityExtension/v2"><Speed>1.36</Speed></TPX></Extensions></Trackpoint><Trackpoint><Time>2026-03-03T16:13:51+00:00</Time><DistanceMeters>1188.3</DistanceMeters><Position><LatitudeDegrees>50.850991</LatitudeDegrees><LongitudeDegrees>4.416105</LongitudeDegrees></Position><AltitudeMeters>70.4</AltitudeMeters><Cadence>54</Cadence><Extensions><TPX xmlns="http://www.garmin.com/xmlschemas/ActivityExtension/v2"><Speed>1.42</Speed></TPX></Extensions></Trackpoint><Trackpoint><Time>2026-03-03T16:13:52+00:00</Time><DistanceMeters>1190.0</DistanceMeters><Position><LatitudeDegrees>50.850977</LatitudeDegrees><LongitudeDegrees>4.416115</LongitudeDegrees></Position><AltitudeMeters>70.3</AltitudeMeters><Cadence>53</Cadence><Extensions><TPX xmlns="http://www.garmin.com/xmlschemas/ActivityExtension/v2"><Speed>1.48</Speed></TPX></Extensions></Trackpoint><Trackpoint><Time>2026-03-03T16:13:53+00:00</Time><DistanceMeters>1191.7</DistanceMeters><Position><LatitudeDegrees>50.850962</LatitudeDegrees><LongitudeDegrees>4.416122</LongitudeDegrees></Position><AltitudeMeters>70.2</AltitudeMeters><Cadence>53</Cadence><Extensions><TPX xmlns="http://www.garmin.com/xmlschemas/ActivityExtension/v2"><Speed>1.52</Speed></TPX></Extensions></Trackpoint><Trackpoint><Time>2026-03-03T16:13:54+00:00</Time><DistanceMeters>1193.4</DistanceMeters><Position><LatitudeDegrees>50.850948</LatitudeDegrees><LongitudeDegrees>4.416133</LongitudeDegrees></Position><AltitudeMeters>70.2</AltitudeMeters><Cadence>54</Cadence><Extensions><TPX xmlns="http://www.garmin.com/xmlschemas/ActivityExtension/v2"><Speed>1.6</Speed></TPX></Extensions></Trackpoint><Trackpoint><Time>2026-03-03T16:13:55+00:00</Time><DistanceMeters>1195.2</DistanceMeters><Position><LatitudeDegrees>50.850936</LatitudeDegrees><LongitudeDegrees>4.41615</LongitudeDegrees></Position><AltitudeMeters>70.1</AltitudeMeters><Cadence>54</Cadence><Extensions><TPX xmlns="http://www.garmin.com/xmlschemas/ActivityExtension/v2"><Speed>1.68</Speed></TPX></Extensions></Trackpoint><Trackpoint><Time>2026-03-03T16:13:56+00:00</Time><DistanceMeters>1196.9</DistanceMeters><Position><LatitudeDegrees>50.850924</LatitudeDegrees><LongitudeDegrees>4.416165</LongitudeDegrees></Position><AltitudeMeters>70.0</AltitudeMeters><Cadence>54</Cadence><Extensions><TPX xmlns="http://www.garmin.com/xmlschemas/ActivityExtension/v2"><Speed>1.72</Speed></TPX></Extensions></Trackpoint><Trackpoint><Time>2026-03-03T16:13:57+00:00</Time><DistanceMeters>1198.6</DistanceMeters><Position><LatitudeDegrees>50.850911</LatitudeDegrees><LongitudeDegrees>4.416178</LongitudeDegrees></Position><AltitudeMeters>70.0</AltitudeMeters><Cadence>54</Cadence><Extensions><TPX xmlns="http://www.garmin.com/xmlschemas/ActivityExtension/v2"><Speed>1.72</Speed></TPX></Extensions></Trackpoint><Trackpoint><Time>2026-03-03T16:13:58+00:00</Time><DistanceMeters>1199.9</DistanceMeters><Position><LatitudeDegrees>50.850901</LatitudeDegrees><LongitudeDegrees>4.416189</LongitudeDegrees></Position><AltitudeMeters>69.9</AltitudeMeters><Cadence>54</Cadence><Extensions><TPX xmlns="http://www.garmin.com/xmlschemas/ActivityExtension/v2"><Speed>1.64</Speed></TPX></Extensions></Trackpoint><Trackpoint><Time>2026-03-03T16:13:59+00:00</Time><DistanceMeters>1201.3</DistanceMeters><Position><LatitudeDegrees>50.85089</LatitudeDegrees><LongitudeDegrees>4.416198</LongitudeDegrees></Position><AltitudeMeters>69.9</AltitudeMeters><Cadence>54</Cadence><Extensions><TPX xmlns="http://www.garmin.com/xmlschemas/ActivityExtension/v2"><Speed>1.58</Speed></TPX></Extensions></Trackpoint><Trackpoint><Time>2026-03-03T16:14:00+00:00</Time><DistanceMeters>1203.0</DistanceMeters><Position><LatitudeDegrees>50.850877</LatitudeDegrees><LongitudeDegrees>4.41621</LongitudeDegrees></Position><AltitudeMeters>69.8</AltitudeMeters><Cadence>54</Cadence><Extensions><TPX xmlns="http://www.garmin.com/xmlschemas/ActivityExtension/v2"><Speed>1.56</Speed></TPX></Extensions></Trackpoint><Trackpoint><Time>2026-03-03T16:14:01+00:00</Time><DistanceMeters>1204.2</DistanceMeters><Position><LatitudeDegrees>50.850868</LatitudeDegrees><LongitudeDegrees>4.416218</LongitudeDegrees></Position><AltitudeMeters>69.8</AltitudeMeters><Cadence>54</Cadence><Extensions><TPX xmlns="http://www.garmin.com/xmlschemas/ActivityExtension/v2"><Speed>1.46</Speed></TPX></Extensions></Trackpoint><Trackpoint><Time>2026-03-03T16:14:02+00:00</Time><DistanceMeters>1205.4</DistanceMeters><Position><LatitudeDegrees>50.850858</LatitudeDegrees><LongitudeDegrees>4.416228</LongitudeDegrees></Position><AltitudeMeters>69.7</AltitudeMeters><Cadence>53</Cadence><Extensions><TPX xmlns="http://www.garmin.com/xmlschemas/ActivityExtension/v2"><Speed>1.36</Speed></TPX></Extensions></Trackpoint><Trackpoint><Time>2026-03-03T16:14:03+00:00</Time><DistanceMeters>1206.4</DistanceMeters><Position><LatitudeDegrees>50.85085</LatitudeDegrees><LongitudeDegrees>4.416234</LongitudeDegrees></Position><AltitudeMeters>69.7</AltitudeMeters><Cadence>53</Cadence><Extensions><TPX xmlns="http://www.garmin.com/xmlschemas/ActivityExtension/v2"><Speed>1.3</Speed></TPX></Extensions></Trackpoint><Trackpoint><Time>2026-03-03T16:14:04+00:00</Time><DistanceMeters>1207.8</DistanceMeters><Position><LatitudeDegrees>50.85084</LatitudeDegrees><LongitudeDegrees>4.416246</LongitudeDegrees></Position><AltitudeMeters>69.6</AltitudeMeters><Cadence>54</Cadence><Extensions><TPX xmlns="http://www.garmin.com/xmlschemas/ActivityExtension/v2"><Speed>1.3</Speed></TPX></Extensions></Trackpoint><Trackpoint><Time>2026-03-03T16:14:05+00:00</Time><DistanceMeters>1208.9</DistanceMeters><Position><LatitudeDegrees>50.850831</LatitudeDegrees><LongitudeDegrees>4.416254</LongitudeDegrees></Position><AltitudeMeters>69.6</AltitudeMeters><Cadence>54</Cadence><Extensions><TPX xmlns="http://www.garmin.com/xmlschemas/ActivityExtension/v2"><Speed>1.18</Speed></TPX></Extensions></Trackpoint><Trackpoint><Time>2026-03-03T16:14:06+00:00</Time><DistanceMeters>1210.5</DistanceMeters><Position><LatitudeDegrees>50.85082</LatitudeDegrees><LongitudeDegrees>4.416266</LongitudeDegrees></Position><AltitudeMeters>69.5</AltitudeMeters><Cadence>54</Cadence><Extensions><TPX xmlns="http://www.garmin.com/xmlschemas/ActivityExtension/v2"><Speed>1.26</Speed></TPX></Extensions></Trackpoint><Trackpoint><Time>2026-03-03T16:14:07+00:00</Time><DistanceMeters>1211.7</DistanceMeters><Position><LatitudeDegrees>50.85081</LatitudeDegrees><LongitudeDegrees>4.416273</LongitudeDegrees></Position><AltitudeMeters>69.5</AltitudeMeters><Cadence>53</Cadence><Extensions><TPX xmlns="http://www.garmin.com/xmlschemas/ActivityExtension/v2"><Speed>1.26</Speed></TPX></Extensions></Trackpoint><Trackpoint><Time>2026-03-03T16:14:08+00:00</Time><DistanceMeters>1213.1</DistanceMeters><Position><LatitudeDegrees>50.850799</LatitudeDegrees><LongitudeDegrees>4.416283</LongitudeDegrees></Position><AltitudeMeters>69.5</AltitudeMeters><Cadence>53</Cadence><Extensions><TPX xmlns="http://www.garmin.com/xmlschemas/ActivityExtension/v2"><Speed>1.34</Speed></TPX></Extensions></Trackpoint><Trackpoint><Time>2026-03-03T16:14:09+00:00</Time><DistanceMeters>1214.7</DistanceMeters><Position><LatitudeDegrees>50.850788</LatitudeDegrees><LongitudeDegrees>4.416297</LongitudeDegrees></Position><AltitudeMeters>69.4</AltitudeMeters><Cadence>54</Cadence><Extensions><TPX xmlns="http://www.garmin.com/xmlschemas/ActivityExtension/v2"><Speed>1.38</Speed></TPX></Extensions></Trackpoint><Trackpoint><Time>2026-03-03T16:14:10+00:00</Time><DistanceMeters>1216.0</DistanceMeters><Position><LatitudeDegrees>50.850778</LatitudeDegrees><LongitudeDegrees>4.416308</LongitudeDegrees></Position><AltitudeMeters>69.4</AltitudeMeters><Cadence>54</Cadence><Extensions><TPX xmlns="http://www.garmin.com/xmlschemas/ActivityExtension/v2"><Speed>1.42</Speed></TPX></Extensions></Trackpoint><Trackpoint><Time>2026-03-03T16:14:11+00:00</Time><DistanceMeters>1217.8</DistanceMeters><Position><LatitudeDegrees>50.850764</LatitudeDegrees><LongitudeDegrees>4.41632</LongitudeDegrees></Position><AltitudeMeters>69.3</AltitudeMeters><Cadence>53</Cadence><Extensions><TPX xmlns="http://www.garmin.com/xmlschemas/ActivityExtension/v2"><Speed>1.46</Speed></TPX></Extensions></Trackpoint><Trackpoint><Time>2026-03-03T16:14:12+00:00</Time><DistanceMeters>1219.1</DistanceMeters><Position><LatitudeDegrees>50.850754</LatitudeDegrees><LongitudeDegrees>4.416331</LongitudeDegrees></Position><AltitudeMeters>69.2</AltitudeMeters><Cadence>53</Cadence><Extensions><TPX xmlns="http://www.garmin.com/xmlschemas/ActivityExtension/v2"><Speed>1.48</Speed></TPX></Extensions></Trackpoint><Trackpoint><Time>2026-03-03T16:14:13+00:00</Time><DistanceMeters>1220.3</DistanceMeters><Position><LatitudeDegrees>50.850746</LatitudeDegrees><LongitudeDegrees>4.416342</LongitudeDegrees></Position><AltitudeMeters>69.2</AltitudeMeters><Cadence>53</Cadence><Extensions><TPX xmlns="http://www.garmin.com/xmlschemas/ActivityExtension/v2"><Speed>1.44</Speed></TPX></Extensions></Trackpoint><Trackpoint><Time>2026-03-03T16:14:14+00:00</Time><DistanceMeters>1221.7</DistanceMeters><Position><LatitudeDegrees>50.850736</LatitudeDegrees><LongitudeDegrees>4.416354</LongitudeDegrees></Position><AltitudeMeters>69.2</AltitudeMeters><Cadence>55</Cadence><Extensions><TPX xmlns="http://www.garmin.com/xmlschemas/ActivityExtension/v2"><Speed>1.4</Speed></TPX></Extensions></Trackpoint><Trackpoint><Time>2026-03-03T16:14:15+00:00</Time><DistanceMeters>1223.1</DistanceMeters><Position><LatitudeDegrees>50.850724</LatitudeDegrees><LongitudeDegrees>4.416362</LongitudeDegrees></Position><AltitudeMeters>69.1</AltitudeMeters><Cadence>55</Cadence><Extensions><TPX xmlns="http://www.garmin.com/xmlschemas/ActivityExtension/v2"><Speed>1.42</Speed></TPX></Extensions></Trackpoint><Trackpoint><Time>2026-03-03T16:14:16+00:00</Time><DistanceMeters>1224.3</DistanceMeters><Position><LatitudeDegrees>50.850714</LatitudeDegrees><LongitudeDegrees>4.416369</LongitudeDegrees></Position><AltitudeMeters>69.1</AltitudeMeters><Cadence>55</Cadence><Extensions><TPX xmlns="http://www.garmin.com/xmlschemas/ActivityExtension/v2"><Speed>1.3</Speed></TPX></Extensions></Trackpoint><Trackpoint><Time>2026-03-03T16:14:17+00:00</Time><DistanceMeters>1225.4</DistanceMeters><Position><LatitudeDegrees>50.850704</LatitudeDegrees><LongitudeDegrees>4.416374</LongitudeDegrees></Position><AltitudeMeters>69.0</AltitudeMeters><Cadence>54</Cadence><Extensions><TPX xmlns="http://www.garmin.com/xmlschemas/ActivityExtension/v2"><Speed>1.26</Speed></TPX></Extensions></Trackpoint><Trackpoint><Time>2026-03-03T16:14:18+00:00</Time><DistanceMeters>1226.6</DistanceMeters><Position><LatitudeDegrees>50.850694</LatitudeDegrees><LongitudeDegrees>4.416374</LongitudeDegrees></Position><AltitudeMeters>69.0</AltitudeMeters><Cadence>54</Cadence><Extensions><TPX xmlns="http://www.garmin.com/xmlschemas/ActivityExtension/v2"><Speed>1.26</Speed></TPX></Extensions></Trackpoint><Trackpoint><Time>2026-03-03T16:14:19+00:00</Time><DistanceMeters>1227.8</DistanceMeters><Position><LatitudeDegrees>50.850683</LatitudeDegrees><LongitudeDegrees>4.416379</LongitudeDegrees></Position><AltitudeMeters>69.0</AltitudeMeters><Cadence>54</Cadence><Extensions><TPX xmlns="http://www.garmin.com/xmlschemas/ActivityExtension/v2"><Speed>1.22</Speed></TPX></Extensions></Trackpoint><Trackpoint><Time>2026-03-03T16:14:20+00:00</Time><DistanceMeters>1229.0</DistanceMeters><Position><LatitudeDegrees>50.850672</LatitudeDegrees><LongitudeDegrees>4.41638</LongitudeDegrees></Position><AltitudeMeters>68.9</AltitudeMeters><Cadence>54</Cadence><Extensions><TPX xmlns="http://www.garmin.com/xmlschemas/ActivityExtension/v2"><Speed>1.18</Speed></TPX></Extensions></Trackpoint><Trackpoint><Time>2026-03-03T16:14:21+00:00</Time><DistanceMeters>1230.0</DistanceMeters><Position><LatitudeDegrees>50.850663</LatitudeDegrees><LongitudeDegrees>4.416382</LongitudeDegrees></Position><AltitudeMeters>68.9</AltitudeMeters><Cadence>54</Cadence><Extensions><TPX xmlns="http://www.garmin.com/xmlschemas/ActivityExtension/v2"><Speed>1.14</Speed></TPX></Extensions></Trackpoint><Trackpoint><Time>2026-03-03T16:14:22+00:00</Time><DistanceMeters>1231.1</DistanceMeters><Position><LatitudeDegrees>50.850653</LatitudeDegrees><LongitudeDegrees>4.416386</LongitudeDegrees></Position><AltitudeMeters>68.8</AltitudeMeters><Cadence>53</Cadence><Extensions><TPX xmlns="http://www.garmin.com/xmlschemas/ActivityExtension/v2"><Speed>1.14</Speed></TPX></Extensions></Trackpoint><Trackpoint><Time>2026-03-03T16:14:23+00:00</Time><DistanceMeters>1232.2</DistanceMeters><Position><LatitudeDegrees>50.850644</LatitudeDegrees><LongitudeDegrees>4.416389</LongitudeDegrees></Position><AltitudeMeters>68.8</AltitudeMeters><Cadence>53</Cadence><Extensions><TPX xmlns="http://www.garmin.com/xmlschemas/ActivityExtension/v2"><Speed>1.12</Speed></TPX></Extensions></Trackpoint><Trackpoint><Time>2026-03-03T16:14:24+00:00</Time><DistanceMeters>1233.0</DistanceMeters><Position><LatitudeDegrees>50.850636</LatitudeDegrees><LongitudeDegrees>4.416386</LongitudeDegrees></Position><AltitudeMeters>68.8</AltitudeMeters><Cadence>53</Cadence><Extensions><TPX xmlns="http://www.garmin.com/xmlschemas/ActivityExtension/v2"><Speed>1.04</Speed></TPX></Extensions></Trackpoint><Trackpoint><Time>2026-03-03T16:14:25+00:00</Time><DistanceMeters>1233.7</DistanceMeters><Position><LatitudeDegrees>50.850629</LatitudeDegrees><LongitudeDegrees>4.416384</LongitudeDegrees></Position><AltitudeMeters>68.8</AltitudeMeters><Cadence>53</Cadence><Extensions><TPX xmlns="http://www.garmin.com/xmlschemas/ActivityExtension/v2"><Speed>0.94</Speed></TPX></Extensions></Trackpoint><Trackpoint><Time>2026-03-03T16:14:26+00:00</Time><DistanceMeters>1234.4</DistanceMeters><Position><LatitudeDegrees>50.850623</LatitudeDegrees><LongitudeDegrees>4.416383</LongitudeDegrees></Position><AltitudeMeters>68.7</AltitudeMeters><Cadence>53</Cadence><Extensions><TPX xmlns="http://www.garmin.com/xmlschemas/ActivityExtension/v2"><Speed>0.88</Speed></TPX></Extensions></Trackpoint><Trackpoint><Time>2026-03-03T16:14:27+00:00</Time><DistanceMeters>1235.0</DistanceMeters><Position><LatitudeDegrees>50.850618</LatitudeDegrees><LongitudeDegrees>4.416382</LongitudeDegrees></Position><AltitudeMeters>68.7</AltitudeMeters><Extensions><TPX xmlns="http://www.garmin.com/xmlschemas/ActivityExtension/v2"><Speed>0.78</Speed></TPX></Extensions></Trackpoint><Trackpoint><Time>2026-03-03T16:14:28+00:00</Time><DistanceMeters>1236.0</DistanceMeters><Position><LatitudeDegrees>50.850609</LatitudeDegrees><LongitudeDegrees>4.416376</LongitudeDegrees></Position><AltitudeMeters>68.7</AltitudeMeters><Extensions><TPX xmlns="http://www.garmin.com/xmlschemas/ActivityExtension/v2"><Speed>0.76</Speed></TPX></Extensions></Trackpoint><Trackpoint><Time>2026-03-03T16:14:29+00:00</Time><DistanceMeters>1237.3</DistanceMeters><Position><LatitudeDegrees>50.850597</LatitudeDegrees><LongitudeDegrees>4.416377</LongitudeDegrees></Position><AltitudeMeters>68.7</AltitudeMeters><Extensions><TPX xmlns="http://www.garmin.com/xmlschemas/ActivityExtension/v2"><Speed>0.86</Speed></TPX></Extensions></Trackpoint><Trackpoint><Time>2026-03-03T16:14:30+00:00</Time><DistanceMeters>1238.7</DistanceMeters><Position><LatitudeDegrees>50.850585</LatitudeDegrees><LongitudeDegrees>4.41638</LongitudeDegrees></Position><AltitudeMeters>68.6</AltitudeMeters><Extensions><TPX xmlns="http://www.garmin.com/xmlschemas/ActivityExtension/v2"><Speed>1.0</Speed></TPX></Extensions></Trackpoint><Trackpoint><Time>2026-03-03T16:14:31+00:00</Time><DistanceMeters>1239.9</DistanceMeters><Position><LatitudeDegrees>50.850573</LatitudeDegrees><LongitudeDegrees>4.416383</LongitudeDegrees></Position><AltitudeMeters>68.6</AltitudeMeters><Extensions><TPX xmlns="http://www.garmin.com/xmlschemas/ActivityExtension/v2"><Speed>1.1</Speed></TPX></Extensions></Trackpoint><Trackpoint><Time>2026-03-03T16:14:32+00:00</Time><DistanceMeters>1241.4</DistanceMeters><Position><LatitudeDegrees>50.850561</LatitudeDegrees><LongitudeDegrees>4.41639</LongitudeDegrees></Position><AltitudeMeters>68.5</AltitudeMeters><Extensions><TPX xmlns="http://www.garmin.com/xmlschemas/ActivityExtension/v2"><Speed>1.28</Speed></TPX></Extensions></Trackpoint><Trackpoint><Time>2026-03-03T16:14:33+00:00</Time><DistanceMeters>1242.7</DistanceMeters><Position><LatitudeDegrees>50.85055</LatitudeDegrees><LongitudeDegrees>4.416399</LongitudeDegrees></Position><AltitudeMeters>68.5</AltitudeMeters><Cadence>53</Cadence><Extensions><TPX xmlns="http://www.garmin.com/xmlschemas/ActivityExtension/v2"><Speed>1.34</Speed></TPX></Extensions></Trackpoint><Trackpoint><Time>2026-03-03T16:14:34+00:00</Time><DistanceMeters>1243.7</DistanceMeters><Position><LatitudeDegrees>50.850541</LatitudeDegrees><LongitudeDegrees>4.416403</LongitudeDegrees></Position><AltitudeMeters>68.5</AltitudeMeters><Cadence>54</Cadence><Extensions><TPX xmlns="http://www.garmin.com/xmlschemas/ActivityExtension/v2"><Speed>1.28</Speed></TPX></Extensions></Trackpoint><Trackpoint><Time>2026-03-03T16:14:35+00:00</Time><DistanceMeters>1244.8</DistanceMeters><Position><LatitudeDegrees>50.850531</LatitudeDegrees><LongitudeDegrees>4.416406</LongitudeDegrees></Position><AltitudeMeters>68.4</AltitudeMeters><Cadence>54</Cadence><Extensions><TPX xmlns="http://www.garmin.com/xmlschemas/ActivityExtension/v2"><Speed>1.22</Speed></TPX></Extensions></Trackpoint><Trackpoint><Time>2026-03-03T16:14:36+00:00</Time><DistanceMeters>1245.7</DistanceMeters><Position><LatitudeDegrees>50.850524</LatitudeDegrees><LongitudeDegrees>4.416414</LongitudeDegrees></Position><AltitudeMeters>68.4</AltitudeMeters><Cadence>54</Cadence><Extensions><TPX xmlns="http://www.garmin.com/xmlschemas/ActivityExtension/v2"><Speed>1.16</Speed></TPX></Extensions></Trackpoint><Trackpoint><Time>2026-03-03T16:14:37+00:00</Time><DistanceMeters>1246.7</DistanceMeters><Position><LatitudeDegrees>50.850515</LatitudeDegrees><LongitudeDegrees>4.416418</LongitudeDegrees></Position><AltitudeMeters>68.4</AltitudeMeters><Cadence>55</Cadence><Extensions><TPX xmlns="http://www.garmin.com/xmlschemas/ActivityExtension/v2"><Speed>1.06</Speed></TPX></Extensions></Trackpoint><Trackpoint><Time>2026-03-03T16:14:38+00:00</Time><DistanceMeters>1248.0</DistanceMeters><Position><LatitudeDegrees>50.850506</LatitudeDegrees><LongitudeDegrees>4.416434</LongitudeDegrees></Position><AltitudeMeters>68.3</AltitudeMeters><Cadence>55</Cadence><Extensions><TPX xmlns="http://www.garmin.com/xmlschemas/ActivityExtension/v2"><Speed>1.06</Speed></TPX></Extensions></Trackpoint><Trackpoint><Time>2026-03-03T16:14:39+00:00</Time><DistanceMeters>1249.2</DistanceMeters><Position><LatitudeDegrees>50.850497</LatitudeDegrees><LongitudeDegrees>4.416442</LongitudeDegrees></Position><AltitudeMeters>68.3</AltitudeMeters><Cadence>55</Cadence><Extensions><TPX xmlns="http://www.garmin.com/xmlschemas/ActivityExtension/v2"><Speed>1.1</Speed></TPX></Extensions></Trackpoint><Trackpoint><Time>2026-03-03T16:14:40+00:00</Time><DistanceMeters>1250.6</DistanceMeters><Position><LatitudeDegrees>50.850485</LatitudeDegrees><LongitudeDegrees>4.41645</LongitudeDegrees></Position><AltitudeMeters>68.3</AltitudeMeters><Cadence>53</Cadence><Extensions><TPX xmlns="http://www.garmin.com/xmlschemas/ActivityExtension/v2"><Speed>1.16</Speed></TPX></Extensions></Trackpoint><Trackpoint><Time>2026-03-03T16:14:41+00:00</Time><DistanceMeters>1252.1</DistanceMeters><Position><LatitudeDegrees>50.850474</LatitudeDegrees><LongitudeDegrees>4.416465</LongitudeDegrees></Position><AltitudeMeters>68.2</AltitudeMeters><Cadence>53</Cadence><Extensions><TPX xmlns="http://www.garmin.com/xmlschemas/ActivityExtension/v2"><Speed>1.28</Speed></TPX></Extensions></Trackpoint><Trackpoint><Time>2026-03-03T16:14:42+00:00</Time><DistanceMeters>1253.7</DistanceMeters><Position><LatitudeDegrees>50.850463</LatitudeDegrees><LongitudeDegrees>4.416477</LongitudeDegrees></Position><AltitudeMeters>68.2</AltitudeMeters><Cadence>53</Cadence><Extensions><TPX xmlns="http://www.garmin.com/xmlschemas/ActivityExtension/v2"><Speed>1.4</Speed></TPX></Extensions></Trackpoint><Trackpoint><Time>2026-03-03T16:14:43+00:00</Time><DistanceMeters>1254.8</DistanceMeters><Position><LatitudeDegrees>50.850453</LatitudeDegrees><LongitudeDegrees>4.416484</LongitudeDegrees></Position><AltitudeMeters>68.1</AltitudeMeters><Cadence>53</Cadence><Extensions><TPX xmlns="http://www.garmin.com/xmlschemas/ActivityExtension/v2"><Speed>1.36</Speed></TPX></Extensions></Trackpoint><Trackpoint><Time>2026-03-03T16:14:44+00:00</Time><DistanceMeters>1256.3</DistanceMeters><Position><LatitudeDegrees>50.85044</LatitudeDegrees><LongitudeDegrees>4.416492</LongitudeDegrees></Position><AltitudeMeters>68.1</AltitudeMeters><Cadence>53</Cadence><Extensions><TPX xmlns="http://www.garmin.com/xmlschemas/ActivityExtension/v2"><Speed>1.42</Speed></TPX></Extensions></Trackpoint><Trackpoint><Time>2026-03-03T16:14:45+00:00</Time><DistanceMeters>1257.6</DistanceMeters><Position><LatitudeDegrees>50.850431</LatitudeDegrees><LongitudeDegrees>4.4165</LongitudeDegrees></Position><AltitudeMeters>68.1</AltitudeMeters><Cadence>53</Cadence><Extensions><TPX xmlns="http://www.garmin.com/xmlschemas/ActivityExtension/v2"><Speed>1.4</Speed></TPX></Extensions></Trackpoint><Trackpoint><Time>2026-03-03T16:14:46+00:00</Time><DistanceMeters>1258.5</DistanceMeters><Position><LatitudeDegrees>50.850424</LatitudeDegrees><LongitudeDegrees>4.416507</LongitudeDegrees></Position><AltitudeMeters>68.0</AltitudeMeters><Cadence>53</Cadence><Extensions><TPX xmlns="http://www.garmin.com/xmlschemas/ActivityExtension/v2"><Speed>1.28</Speed></TPX></Extensions></Trackpoint><Trackpoint><Time>2026-03-03T16:14:47+00:00</Time><DistanceMeters>1260.2</DistanceMeters><Position><LatitudeDegrees>50.850407</LatitudeDegrees><LongitudeDegrees>4.416507</LongitudeDegrees></Position><AltitudeMeters>68.0</AltitudeMeters><Cadence>54</Cadence><Extensions><TPX xmlns="http://www.garmin.com/xmlschemas/ActivityExtension/v2"><Speed>1.3</Speed></TPX></Extensions></Trackpoint><Trackpoint><Time>2026-03-03T16:14:48+00:00</Time><DistanceMeters>1261.0</DistanceMeters><Position><LatitudeDegrees>50.850401</LatitudeDegrees><LongitudeDegrees>4.416511</LongitudeDegrees></Position><AltitudeMeters>68.0</AltitudeMeters><Cadence>54</Cadence><Extensions><TPX xmlns="http://www.garmin.com/xmlschemas/ActivityExtension/v2"><Speed>1.24</Speed></TPX></Extensions></Trackpoint><Trackpoint><Time>2026-03-03T16:14:49+00:00</Time><DistanceMeters>1262.3</DistanceMeters><Position><LatitudeDegrees>50.850389</LatitudeDegrees><LongitudeDegrees>4.416506</LongitudeDegrees></Position><AltitudeMeters>67.9</AltitudeMeters><Cadence>53</Cadence><Extensions><TPX xmlns="http://www.garmin.com/xmlschemas/ActivityExtension/v2"><Speed>1.2</Speed></TPX></Extensions></Trackpoint><Trackpoint><Time>2026-03-03T16:14:50+00:00</Time><DistanceMeters>1263.8</DistanceMeters><Position><LatitudeDegrees>50.850375</LatitudeDegrees><LongitudeDegrees>4.416503</LongitudeDegrees></Position><AltitudeMeters>67.9</AltitudeMeters><Cadence>53</Cadence><Extensions><TPX xmlns="http://www.garmin.com/xmlschemas/ActivityExtension/v2"><Speed>1.24</Speed></TPX></Extensions></Trackpoint><Trackpoint><Time>2026-03-03T16:14:51+00:00</Time><DistanceMeters>1265.0</DistanceMeters><Position><LatitudeDegrees>50.850364</LatitudeDegrees><LongitudeDegrees>4.416502</LongitudeDegrees></Position><AltitudeMeters>67.9</AltitudeMeters><Cadence>54</Cadence><Extensions><TPX xmlns="http://www.garmin.com/xmlschemas/ActivityExtension/v2"><Speed>1.3</Speed></TPX></Extensions></Trackpoint><Trackpoint><Time>2026-03-03T16:14:52+00:00</Time><DistanceMeters>1266.0</DistanceMeters><Position><LatitudeDegrees>50.850356</LatitudeDegrees><LongitudeDegrees>4.416497</LongitudeDegrees></Position><AltitudeMeters>67.9</AltitudeMeters><Cadence>54</Cadence><Extensions><TPX xmlns="http://www.garmin.com/xmlschemas/ActivityExtension/v2"><Speed>1.16</Speed></TPX></Extensions></Trackpoint><Trackpoint><Time>2026-03-03T16:14:53+00:00</Time><DistanceMeters>1267.1</DistanceMeters><Position><LatitudeDegrees>50.850345</LatitudeDegrees><LongitudeDegrees>4.416493</LongitudeDegrees></Position><AltitudeMeters>67.8</AltitudeMeters><Cadence>54</Cadence><Extensions><TPX xmlns="http://www.garmin.com/xmlschemas/ActivityExtension/v2"><Speed>1.22</Speed></TPX></Extensions></Trackpoint><Trackpoint><Time>2026-03-03T16:14:54+00:00</Time><DistanceMeters>1268.5</DistanceMeters><Position><LatitudeDegrees>50.850334</LatitudeDegrees><LongitudeDegrees>4.416483</LongitudeDegrees></Position><AltitudeMeters>67.8</AltitudeMeters><Cadence>54</Cadence><Extensions><TPX xmlns="http://www.garmin.com/xmlschemas/ActivityExtension/v2"><Speed>1.24</Speed></TPX></Extensions></Trackpoint><Trackpoint><Time>2026-03-03T16:14:55+00:00</Time><DistanceMeters>1269.8</DistanceMeters><Position><LatitudeDegrees>50.850323</LatitudeDegrees><LongitudeDegrees>4.416477</LongitudeDegrees></Position><AltitudeMeters>67.8</AltitudeMeters><Cadence>54</Cadence><Extensions><TPX xmlns="http://www.garmin.com/xmlschemas/ActivityExtension/v2"><Speed>1.2</Speed></TPX></Extensions></Trackpoint><Trackpoint><Time>2026-03-03T16:14:56+00:00</Time><DistanceMeters>1271.2</DistanceMeters><Position><LatitudeDegrees>50.850311</LatitudeDegrees><LongitudeDegrees>4.416468</LongitudeDegrees></Position><AltitudeMeters>67.7</AltitudeMeters><Cadence>54</Cadence><Extensions><TPX xmlns="http://www.garmin.com/xmlschemas/ActivityExtension/v2"><Speed>1.24</Speed></TPX></Extensions></Trackpoint><Trackpoint><Time>2026-03-03T16:14:57+00:00</Time><DistanceMeters>1272.5</DistanceMeters><Position><LatitudeDegrees>50.8503</LatitudeDegrees><LongitudeDegrees>4.416461</LongitudeDegrees></Position><AltitudeMeters>67.7</AltitudeMeters><Cadence>55</Cadence><Extensions><TPX xmlns="http://www.garmin.com/xmlschemas/ActivityExtension/v2"><Speed>1.3</Speed></TPX></Extensions></Trackpoint><Trackpoint><Time>2026-03-03T16:14:58+00:00</Time><DistanceMeters>1274.0</DistanceMeters><Position><LatitudeDegrees>50.850288</LatitudeDegrees><LongitudeDegrees>4.416453</LongitudeDegrees></Position><AltitudeMeters>67.8</AltitudeMeters><Cadence>55</Cadence><Extensions><TPX xmlns="http://www.garmin.com/xmlschemas/ActivityExtension/v2"><Speed>1.38</Speed></TPX></Extensions></Trackpoint><Trackpoint><Time>2026-03-03T16:14:59+00:00</Time><DistanceMeters>1275.6</DistanceMeters><Position><LatitudeDegrees>50.850275</LatitudeDegrees><LongitudeDegrees>4.416441</LongitudeDegrees></Position><AltitudeMeters>67.9</AltitudeMeters><Cadence>55</Cadence><Extensions><TPX xmlns="http://www.garmin.com/xmlschemas/ActivityExtension/v2"><Speed>1.42</Speed></TPX></Extensions></Trackpoint><Trackpoint><Time>2026-03-03T16:15:00+00:00</Time><DistanceMeters>1277.3</DistanceMeters><Position><LatitudeDegrees>50.850264</LatitudeDegrees><LongitudeDegrees>4.416422</LongitudeDegrees></Position><AltitudeMeters>68.0</AltitudeMeters><Cadence>54</Cadence><Extensions><TPX xmlns="http://www.garmin.com/xmlschemas/ActivityExtension/v2"><Speed>1.5</Speed></TPX></Extensions></Trackpoint><Trackpoint><Time>2026-03-03T16:15:01+00:00</Time><DistanceMeters>1279.1</DistanceMeters><Position><LatitudeDegrees>50.850259</LatitudeDegrees><LongitudeDegrees>4.416398</LongitudeDegrees></Position><AltitudeMeters>68.1</AltitudeMeters><Cadence>54</Cadence><Extensions><TPX xmlns="http://www.garmin.com/xmlschemas/ActivityExtension/v2"><Speed>1.58</Speed></TPX></Extensions></Trackpoint><Trackpoint><Time>2026-03-03T16:15:02+00:00</Time><DistanceMeters>1280.6</DistanceMeters><Position><LatitudeDegrees>50.850256</LatitudeDegrees><LongitudeDegrees>4.416378</LongitudeDegrees></Position><AltitudeMeters>68.2</AltitudeMeters><Cadence>54</Cadence><Extensions><TPX xmlns="http://www.garmin.com/xmlschemas/ActivityExtension/v2"><Speed>1.62</Speed></TPX></Extensions></Trackpoint><Trackpoint><Time>2026-03-03T16:15:03+00:00</Time><DistanceMeters>1281.7</DistanceMeters><Position><LatitudeDegrees>50.85025</LatitudeDegrees><LongitudeDegrees>4.416364</LongitudeDegrees></Position><AltitudeMeters>68.2</AltitudeMeters><Cadence>55</Cadence><Extensions><TPX xmlns="http://www.garmin.com/xmlschemas/ActivityExtension/v2"><Speed>1.54</Speed></TPX></Extensions></Trackpoint><Trackpoint><Time>2026-03-03T16:15:04+00:00</Time><DistanceMeters>1283.0</DistanceMeters><Position><LatitudeDegrees>50.850242</LatitudeDegrees><LongitudeDegrees>4.416351</LongitudeDegrees></Position><AltitudeMeters>68.2</AltitudeMeters><Cadence>56</Cadence><Extensions><TPX xmlns="http://www.garmin.com/xmlschemas/ActivityExtension/v2"><Speed>1.48</Speed></TPX></Extensions></Trackpoint><Trackpoint><Time>2026-03-03T16:15:05+00:00</Time><DistanceMeters>1284.4</DistanceMeters><Position><LatitudeDegrees>50.85023</LatitudeDegrees><LongitudeDegrees>4.416342</LongitudeDegrees></Position><AltitudeMeters>68.2</AltitudeMeters><Cadence>56</Cadence><Extensions><TPX xmlns="http://www.garmin.com/xmlschemas/ActivityExtension/v2"><Speed>1.42</Speed></TPX></Extensions></Trackpoint><Trackpoint><Time>2026-03-03T16:15:06+00:00</Time><DistanceMeters>1285.7</DistanceMeters><Position><LatitudeDegrees>50.850219</LatitudeDegrees><LongitudeDegrees>4.416335</LongitudeDegrees></Position><AltitudeMeters>68.2</AltitudeMeters><Cadence>55</Cadence><Extensions><TPX xmlns="http://www.garmin.com/xmlschemas/ActivityExtension/v2"><Speed>1.32</Speed></TPX></Extensions></Trackpoint><Trackpoint><Time>2026-03-03T16:15:07+00:00</Time><DistanceMeters>1286.9</DistanceMeters><Position><LatitudeDegrees>50.850209</LatitudeDegrees><LongitudeDegrees>4.416332</LongitudeDegrees></Position><AltitudeMeters>68.3</AltitudeMeters><Cadence>53</Cadence><Extensions><TPX xmlns="http://www.garmin.com/xmlschemas/ActivityExtension/v2"><Speed>1.26</Speed></TPX></Extensions></Trackpoint><Trackpoint><Time>2026-03-03T16:15:08+00:00</Time><DistanceMeters>1288.4</DistanceMeters><Position><LatitudeDegrees>50.850194</LatitudeDegrees><LongitudeDegrees>4.416331</LongitudeDegrees></Position><AltitudeMeters>68.3</AltitudeMeters><Cadence>53</Cadence><Extensions><TPX xmlns="http://www.garmin.com/xmlschemas/ActivityExtension/v2"><Speed>1.34</Speed></TPX></Extensions></Trackpoint><Trackpoint><Time>2026-03-03T16:15:09+00:00</Time><DistanceMeters>1289.8</DistanceMeters><Position><LatitudeDegrees>50.850182</LatitudeDegrees><LongitudeDegrees>4.416329</LongitudeDegrees></Position><AltitudeMeters>68.3</AltitudeMeters><Cadence>53</Cadence><Extensions><TPX xmlns="http://www.garmin.com/xmlschemas/ActivityExtension/v2"><Speed>1.36</Speed></TPX></Extensions></Trackpoint><Trackpoint><Time>2026-03-03T16:15:10+00:00</Time><DistanceMeters>1291.1</DistanceMeters><Position><LatitudeDegrees>50.85017</LatitudeDegrees><LongitudeDegrees>4.416329</LongitudeDegrees></Position><AltitudeMeters>68.3</AltitudeMeters><Cadence>52</Cadence><Extensions><TPX xmlns="http://www.garmin.com/xmlschemas/ActivityExtension/v2"><Speed>1.34</Speed></TPX></Extensions></Trackpoint><Trackpoint><Time>2026-03-03T16:15:11+00:00</Time><DistanceMeters>1292.3</DistanceMeters><Position><LatitudeDegrees>50.85016</LatitudeDegrees><LongitudeDegrees>4.416333</LongitudeDegrees></Position><AltitudeMeters>68.3</AltitudeMeters><Cadence>52</Cadence><Extensions><TPX xmlns="http://www.garmin.com/xmlschemas/ActivityExtension/v2"><Speed>1.32</Speed></TPX></Extensions></Trackpoint><Trackpoint><Time>2026-03-03T16:15:12+00:00</Time><DistanceMeters>1293.5</DistanceMeters><Position><LatitudeDegrees>50.85015</LatitudeDegrees><LongitudeDegrees>4.416339</LongitudeDegrees></Position><AltitudeMeters>68.3</AltitudeMeters><Cadence>53</Cadence><Extensions><TPX xmlns="http://www.garmin.com/xmlschemas/ActivityExtension/v2"><Speed>1.32</Speed></TPX></Extensions></Trackpoint><Trackpoint><Time>2026-03-03T16:15:13+00:00</Time><DistanceMeters>1294.7</DistanceMeters><Position><LatitudeDegrees>50.85014</LatitudeDegrees><LongitudeDegrees>4.416345</LongitudeDegrees></Position><AltitudeMeters>68.3</AltitudeMeters><Cadence>55</Cadence><Extensions><TPX xmlns="http://www.garmin.com/xmlschemas/ActivityExtension/v2"><Speed>1.26</Speed></TPX></Extensions></Trackpoint><Trackpoint><Time>2026-03-03T16:15:14+00:00</Time><DistanceMeters>1295.3</DistanceMeters><Position><LatitudeDegrees>50.850134</LatitudeDegrees><LongitudeDegrees>4.416346</LongitudeDegrees></Position><AltitudeMeters>68.2</AltitudeMeters><Cadence>55</Cadence><Extensions><TPX xmlns="http://www.garmin.com/xmlschemas/ActivityExtension/v2"><Speed>1.1</Speed></TPX></Extensions></Trackpoint><Trackpoint><Time>2026-03-03T16:15:15+00:00</Time><DistanceMeters>1295.9</DistanceMeters><Position><LatitudeDegrees>50.850128</LatitudeDegrees><LongitudeDegrees>4.416347</LongitudeDegrees></Position><AltitudeMeters>68.2</AltitudeMeters><Cadence>54</Cadence><Extensions><TPX xmlns="http://www.garmin.com/xmlschemas/ActivityExtension/v2"><Speed>0.96</Speed></TPX></Extensions></Trackpoint><Trackpoint><Time>2026-03-03T16:15:16+00:00</Time><DistanceMeters>1296.1</DistanceMeters><Position><LatitudeDegrees>50.850128</LatitudeDegrees><LongitudeDegrees>4.416349</LongitudeDegrees></Position><AltitudeMeters>68.2</AltitudeMeters><Cadence>54</Cadence><Extensions><TPX xmlns="http://www.garmin.com/xmlschemas/ActivityExtension/v2"><Speed>0.76</Speed></TPX></Extensions></Trackpoint><Trackpoint><Time>2026-03-03T16:15:17+00:00</Time><DistanceMeters>1296.9</DistanceMeters><Position><LatitudeDegrees>50.850125</LatitudeDegrees><LongitudeDegrees>4.416361</LongitudeDegrees></Position><AltitudeMeters>68.2</AltitudeMeters><Cadence>55</Cadence><Extensions><TPX xmlns="http://www.garmin.com/xmlschemas/ActivityExtension/v2"><Speed>0.68</Speed></TPX></Extensions></Trackpoint><Trackpoint><Time>2026-03-03T16:15:18+00:00</Time><DistanceMeters>1297.6</DistanceMeters><Position><LatitudeDegrees>50.850125</LatitudeDegrees><LongitudeDegrees>4.416369</LongitudeDegrees></Position><AltitudeMeters>68.1</AltitudeMeters><Cadence>55</Cadence><Extensions><TPX xmlns="http://www.garmin.com/xmlschemas/ActivityExtension/v2"><Speed>0.58</Speed></TPX></Extensions></Trackpoint><Trackpoint><Time>2026-03-03T16:15:19+00:00</Time><DistanceMeters>1298.7</DistanceMeters><Position><LatitudeDegrees>50.850121</LatitudeDegrees><LongitudeDegrees>4.416385</LongitudeDegrees></Position><AltitudeMeters>68.1</AltitudeMeters><Cadence>55</Cadence><Extensions><TPX xmlns="http://www.garmin.com/xmlschemas/ActivityExtension/v2"><Speed>0.68</Speed></TPX></Extensions></Trackpoint><Trackpoint><Time>2026-03-03T16:15:20+00:00</Time><DistanceMeters>1299.8</DistanceMeters><Position><LatitudeDegrees>50.85012</LatitudeDegrees><LongitudeDegrees>4.4164</LongitudeDegrees></Position><AltitudeMeters>68.1</AltitudeMeters><Cadence>55</Cadence><Extensions><TPX xmlns="http://www.garmin.com/xmlschemas/ActivityExtension/v2"><Speed>0.78</Speed></TPX></Extensions></Trackpoint><Trackpoint><Time>2026-03-03T16:15:21+00:00</Time><DistanceMeters>1300.8</DistanceMeters><Position><LatitudeDegrees>50.850119</LatitudeDegrees><LongitudeDegrees>4.416415</LongitudeDegrees></Position><AltitudeMeters>68.0</AltitudeMeters><Cadence>55</Cadence><Extensions><TPX xmlns="http://www.garmin.com/xmlschemas/ActivityExtension/v2"><Speed>0.94</Speed></TPX></Extensions></Trackpoint><Trackpoint><Time>2026-03-03T16:15:22+00:00</Time><DistanceMeters>1302.1</DistanceMeters><Position><LatitudeDegrees>50.850119</LatitudeDegrees><LongitudeDegrees>4.416435</LongitudeDegrees></Position><AltitudeMeters>68.0</AltitudeMeters><Cadence>55</Cadence><Extensions><TPX xmlns="http://www.garmin.com/xmlschemas/ActivityExtension/v2"><Speed>1.04</Speed></TPX></Extensions></Trackpoint><Trackpoint><Time>2026-03-03T16:15:23+00:00</Time><DistanceMeters>1303.4</DistanceMeters><Position><LatitudeDegrees>50.850118</LatitudeDegrees><LongitudeDegrees>4.416453</LongitudeDegrees></Position><AltitudeMeters>68.0</AltitudeMeters><Cadence>54</Cadence><Extensions><TPX xmlns="http://www.garmin.com/xmlschemas/ActivityExtension/v2"><Speed>1.16</Speed></TPX></Extensions></Trackpoint><Trackpoint><Time>2026-03-03T16:15:24+00:00</Time><DistanceMeters>1304.8</DistanceMeters><Position><LatitudeDegrees>50.850116</LatitudeDegrees><LongitudeDegrees>4.416473</LongitudeDegrees></Position><AltitudeMeters>67.9</AltitudeMeters><Cadence>54</Cadence><Extensions><TPX xmlns="http://www.garmin.com/xmlschemas/ActivityExtension/v2"><Speed>1.22</Speed></TPX></Extensions></Trackpoint><Trackpoint><Time>2026-03-03T16:15:25+00:00</Time><DistanceMeters>1305.9</DistanceMeters><Position><LatitudeDegrees>50.850116</LatitudeDegrees><LongitudeDegrees>4.416489</LongitudeDegrees></Position><AltitudeMeters>67.9</AltitudeMeters><Cadence>55</Cadence><Extensions><TPX xmlns="http://www.garmin.com/xmlschemas/ActivityExtension/v2"><Speed>1.22</Speed></TPX></Extensions></Trackpoint><Trackpoint><Time>2026-03-03T16:15:26+00:00</Time><DistanceMeters>1307.0</DistanceMeters><Position><LatitudeDegrees>50.850114</LatitudeDegrees><LongitudeDegrees>4.416505</LongitudeDegrees></Position><AltitudeMeters>67.8</AltitudeMeters><Cadence>55</Cadence><Extensions><TPX xmlns="http://www.garmin.com/xmlschemas/ActivityExtension/v2"><Speed>1.24</Speed></TPX></Extensions></Trackpoint><Trackpoint><Time>2026-03-03T16:15:27+00:00</Time><DistanceMeters>1308.6</DistanceMeters><Position><LatitudeDegrees>50.850108</LatitudeDegrees><LongitudeDegrees>4.416526</LongitudeDegrees></Position><AltitudeMeters>67.8</AltitudeMeters><Cadence>54</Cadence><Extensions><TPX xmlns="http://www.garmin.com/xmlschemas/ActivityExtension/v2"><Speed>1.3</Speed></TPX></Extensions></Trackpoint><Trackpoint><Time>2026-03-03T16:15:28+00:00</Time><DistanceMeters>1310.7</DistanceMeters><Position><LatitudeDegrees>50.850096</LatitudeDegrees><LongitudeDegrees>4.41655</LongitudeDegrees></Position><AltitudeMeters>67.7</AltitudeMeters><Cadence>53</Cadence><Extensions><TPX xmlns="http://www.garmin.com/xmlschemas/ActivityExtension/v2"><Speed>1.46</Speed></TPX></Extensions></Trackpoint><Trackpoint><Time>2026-03-03T16:15:29+00:00</Time><DistanceMeters>1313.0</DistanceMeters><Position><LatitudeDegrees>50.850082</LatitudeDegrees><LongitudeDegrees>4.416575</LongitudeDegrees></Position><AltitudeMeters>67.6</AltitudeMeters><Cadence>53</Cadence><Extensions><TPX xmlns="http://www.garmin.com/xmlschemas/ActivityExtension/v2"><Speed>1.64</Speed></TPX></Extensions></Trackpoint><Trackpoint><Time>2026-03-03T16:15:30+00:00</Time><DistanceMeters>1314.8</DistanceMeters><Position><LatitudeDegrees>50.85007</LatitudeDegrees><LongitudeDegrees>4.416593</LongitudeDegrees></Position><AltitudeMeters>67.6</AltitudeMeters><Cadence>55</Cadence><Extensions><TPX xmlns="http://www.garmin.com/xmlschemas/ActivityExtension/v2"><Speed>1.78</Speed></TPX></Extensions></Trackpoint><Trackpoint><Time>2026-03-03T16:15:31+00:00</Time><DistanceMeters>1316.9</DistanceMeters><Position><LatitudeDegrees>50.850059</LatitudeDegrees><LongitudeDegrees>4.416617</LongitudeDegrees></Position><AltitudeMeters>67.5</AltitudeMeters><Cadence>55</Cadence><Extensions><TPX xmlns="http://www.garmin.com/xmlschemas/ActivityExtension/v2"><Speed>1.98</Speed></TPX></Extensions></Trackpoint><Trackpoint><Time>2026-03-03T16:15:32+00:00</Time><DistanceMeters>1318.9</DistanceMeters><Position><LatitudeDegrees>50.850048</LatitudeDegrees><LongitudeDegrees>4.416642</LongitudeDegrees></Position><AltitudeMeters>67.4</AltitudeMeters><Cadence>54</Cadence><Extensions><TPX xmlns="http://www.garmin.com/xmlschemas/ActivityExtension/v2"><Speed>2.06</Speed></TPX></Extensions></Trackpoint><Trackpoint><Time>2026-03-03T16:15:33+00:00</Time><DistanceMeters>1320.9</DistanceMeters><Position><LatitudeDegrees>50.850036</LatitudeDegrees><LongitudeDegrees>4.416664</LongitudeDegrees></Position><AltitudeMeters>67.4</AltitudeMeters><Cadence>53</Cadence><Extensions><TPX xmlns="http://www.garmin.com/xmlschemas/ActivityExtension/v2"><Speed>2.04</Speed></TPX></Extensions></Trackpoint><Trackpoint><Time>2026-03-03T16:15:34+00:00</Time><DistanceMeters>1322.7</DistanceMeters><Position><LatitudeDegrees>50.850022</LatitudeDegrees><LongitudeDegrees>4.416679</LongitudeDegrees></Position><AltitudeMeters>67.3</AltitudeMeters><Cadence>53</Cadence><Extensions><TPX xmlns="http://www.garmin.com/xmlschemas/ActivityExtension/v2"><Speed>1.94</Speed></TPX></Extensions></Trackpoint><Trackpoint><Time>2026-03-03T16:15:35+00:00</Time><DistanceMeters>1324.7</DistanceMeters><Position><LatitudeDegrees>50.850005</LatitudeDegrees><LongitudeDegrees>4.416693</LongitudeDegrees></Position><AltitudeMeters>67.3</AltitudeMeters><Cadence>53</Cadence><Extensions><TPX xmlns="http://www.garmin.com/xmlschemas/ActivityExtension/v2"><Speed>1.98</Speed></TPX></Extensions></Trackpoint><Trackpoint><Time>2026-03-03T16:15:36+00:00</Time><DistanceMeters>1327.5</DistanceMeters><Position><LatitudeDegrees>50.84998</LatitudeDegrees><LongitudeDegrees>4.416702</LongitudeDegrees></Position><AltitudeMeters>67.3</AltitudeMeters><Cadence>53</Cadence><Extensions><TPX xmlns="http://www.garmin.com/xmlschemas/ActivityExtension/v2"><Speed>2.12</Speed></TPX></Extensions></Trackpoint><Trackpoint><Time>2026-03-03T16:15:37+00:00</Time><DistanceMeters>1328.8</DistanceMeters><Position><LatitudeDegrees>50.84997</LatitudeDegrees><LongitudeDegrees>4.416709</LongitudeDegrees></Position><AltitudeMeters>67.3</AltitudeMeters><Cadence>53</Cadence><Extensions><TPX xmlns="http://www.garmin.com/xmlschemas/ActivityExtension/v2"><Speed>1.98</Speed></TPX></Extensions></Trackpoint><Trackpoint><Time>2026-03-03T16:15:38+00:00</Time><DistanceMeters>1330.3</DistanceMeters><Position><LatitudeDegrees>50.849957</LatitudeDegrees><LongitudeDegrees>4.416718</LongitudeDegrees></Position><AltitudeMeters>67.3</AltitudeMeters><Cadence>55</Cadence><Extensions><TPX xmlns="http://www.garmin.com/xmlschemas/ActivityExtension/v2"><Speed>1.88</Speed></TPX></Extensions></Trackpoint><Trackpoint><Time>2026-03-03T16:15:39+00:00</Time><DistanceMeters>1332.0</DistanceMeters><Position><LatitudeDegrees>50.849943</LatitudeDegrees><LongitudeDegrees>4.416724</LongitudeDegrees></Position><AltitudeMeters>67.3</AltitudeMeters><Cadence>55</Cadence><Extensions><TPX xmlns="http://www.garmin.com/xmlschemas/ActivityExtension/v2"><Speed>1.86</Speed></TPX></Extensions></Trackpoint><Trackpoint><Time>2026-03-03T16:15:40+00:00</Time><DistanceMeters>1333.2</DistanceMeters><Position><LatitudeDegrees>50.849932</LatitudeDegrees><LongitudeDegrees>4.416726</LongitudeDegrees></Position><AltitudeMeters>67.3</AltitudeMeters><Cadence>55</Cadence><Extensions><TPX xmlns="http://www.garmin.com/xmlschemas/ActivityExtension/v2"><Speed>1.7</Speed></TPX></Extensions></Trackpoint><Trackpoint><Time>2026-03-03T16:15:41+00:00</Time><DistanceMeters>1334.4</DistanceMeters><Position><LatitudeDegrees>50.849921</LatitudeDegrees><LongitudeDegrees>4.41673</LongitudeDegrees></Position><AltitudeMeters>67.3</AltitudeMeters><Cadence>55</Cadence><Extensions><TPX xmlns="http://www.garmin.com/xmlschemas/ActivityExtension/v2"><Speed>1.38</Speed></TPX></Extensions></Trackpoint><Trackpoint><Time>2026-03-03T16:15:42+00:00</Time><DistanceMeters>1335.9</DistanceMeters><Position><LatitudeDegrees>50.849908</LatitudeDegrees><LongitudeDegrees>4.416732</LongitudeDegrees></Position><AltitudeMeters>67.3</AltitudeMeters><Cadence>54</Cadence><Extensions><TPX xmlns="http://www.garmin.com/xmlschemas/ActivityExtension/v2"><Speed>1.42</Speed></TPX></Extensions></Trackpoint><Trackpoint><Time>2026-03-03T16:15:43+00:00</Time><DistanceMeters>1337.4</DistanceMeters><Position><LatitudeDegrees>50.849894</LatitudeDegrees><LongitudeDegrees>4.41673</LongitudeDegrees></Position><AltitudeMeters>67.3</AltitudeMeters><Cadence>54</Cadence><Extensions><TPX xmlns="http://www.garmin.com/xmlschemas/ActivityExtension/v2"><Speed>1.42</Speed></TPX></Extensions></Trackpoint><Trackpoint><Time>2026-03-03T16:15:44+00:00</Time><DistanceMeters>1339.0</DistanceMeters><Position><LatitudeDegrees>50.84988</LatitudeDegrees><LongitudeDegrees>4.416725</LongitudeDegrees></Position><AltitudeMeters>67.3</AltitudeMeters><Cadence>54</Cadence><Extensions><TPX xmlns="http://www.garmin.com/xmlschemas/ActivityExtension/v2"><Speed>1.4</Speed></TPX></Extensions></Trackpoint><Trackpoint><Time>2026-03-03T16:15:45+00:00</Time><DistanceMeters>1340.4</DistanceMeters><Position><LatitudeDegrees>50.849867</LatitudeDegrees><LongitudeDegrees>4.416729</LongitudeDegrees></Position><AltitudeMeters>67.3</AltitudeMeters><Cadence>53</Cadence><Extensions><TPX xmlns="http://www.garmin.com/xmlschemas/ActivityExtension/v2"><Speed>1.44</Speed></TPX></Extensions></Trackpoint><Trackpoint><Time>2026-03-03T16:15:46+00:00</Time><DistanceMeters>1341.9</DistanceMeters><Position><LatitudeDegrees>50.849855</LatitudeDegrees><LongitudeDegrees>4.416741</LongitudeDegrees></Position><AltitudeMeters>67.3</AltitudeMeters><Cadence>53</Cadence><Extensions><TPX xmlns="http://www.garmin.com/xmlschemas/ActivityExtension/v2"><Speed>1.5</Speed></TPX></Extensions></Trackpoint><Trackpoint><Time>2026-03-03T16:15:47+00:00</Time><DistanceMeters>1343.2</DistanceMeters><Position><LatitudeDegrees>50.849844</LatitudeDegrees><LongitudeDegrees>4.416747</LongitudeDegrees></Position><AltitudeMeters>67.3</AltitudeMeters><Cadence>53</Cadence><Extensions><TPX xmlns="http://www.garmin.com/xmlschemas/ActivityExtension/v2"><Speed>1.46</Speed></TPX></Extensions></Trackpoint><Trackpoint><Time>2026-03-03T16:15:48+00:00</Time><DistanceMeters>1344.4</DistanceMeters><Position><LatitudeDegrees>50.849834</LatitudeDegrees><LongitudeDegrees>4.416755</LongitudeDegrees></Position><AltitudeMeters>67.3</AltitudeMeters><Cadence>54</Cadence><Extensions><TPX xmlns="http://www.garmin.com/xmlschemas/ActivityExtension/v2"><Speed>1.4</Speed></TPX></Extensions></Trackpoint><Trackpoint><Time>2026-03-03T16:15:49+00:00</Time><DistanceMeters>1345.7</DistanceMeters><Position><LatitudeDegrees>50.849823</LatitudeDegrees><LongitudeDegrees>4.41676</LongitudeDegrees></Position><AltitudeMeters>67.3</AltitudeMeters><Cadence>54</Cadence><Extensions><TPX xmlns="http://www.garmin.com/xmlschemas/ActivityExtension/v2"><Speed>1.34</Speed></TPX></Extensions></Trackpoint><Trackpoint><Time>2026-03-03T16:15:50+00:00</Time><DistanceMeters>1346.9</DistanceMeters><Position><LatitudeDegrees>50.849812</LatitudeDegrees><LongitudeDegrees>4.416763</LongitudeDegrees></Position><AltitudeMeters>67.4</AltitudeMeters><Cadence>54</Cadence><Extensions><TPX xmlns="http://www.garmin.com/xmlschemas/ActivityExtension/v2"><Speed>1.3</Speed></TPX></Extensions></Trackpoint><Trackpoint><Time>2026-03-03T16:15:51+00:00</Time><DistanceMeters>1348.1</DistanceMeters><Position><LatitudeDegrees>50.849801</LatitudeDegrees><LongitudeDegrees>4.416764</LongitudeDegrees></Position><AltitudeMeters>67.4</AltitudeMeters><Cadence>54</Cadence><Extensions><TPX xmlns="http://www.garmin.com/xmlschemas/ActivityExtension/v2"><Speed>1.24</Speed></TPX></Extensions></Trackpoint><Trackpoint><Time>2026-03-03T16:15:52+00:00</Time><DistanceMeters>1349.3</DistanceMeters><Position><LatitudeDegrees>50.849791</LatitudeDegrees><LongitudeDegrees>4.416763</LongitudeDegrees></Position><AltitudeMeters>67.4</AltitudeMeters><Cadence>53</Cadence><Extensions><TPX xmlns="http://www.garmin.com/xmlschemas/ActivityExtension/v2"><Speed>1.22</Speed></TPX></Extensions></Trackpoint><Trackpoint><Time>2026-03-03T16:15:53+00:00</Time><DistanceMeters>1350.7</DistanceMeters><Position><LatitudeDegrees>50.849778</LatitudeDegrees><LongitudeDegrees>4.41677</LongitudeDegrees></Position><AltitudeMeters>67.4</AltitudeMeters><Cadence>53</Cadence><Extensions><TPX xmlns="http://www.garmin.com/xmlschemas/ActivityExtension/v2"><Speed>1.26</Speed></TPX></Extensions></Trackpoint><Trackpoint><Time>2026-03-03T16:15:54+00:00</Time><DistanceMeters>1352.0</DistanceMeters><Position><LatitudeDegrees>50.849767</LatitudeDegrees><LongitudeDegrees>4.416775</LongitudeDegrees></Position><AltitudeMeters>67.4</AltitudeMeters><Cadence>53</Cadence><Extensions><TPX xmlns="http://www.garmin.com/xmlschemas/ActivityExtension/v2"><Speed>1.26</Speed></TPX></Extensions></Trackpoint><Trackpoint><Time>2026-03-03T16:15:55+00:00</Time><DistanceMeters>1353.4</DistanceMeters><Position><LatitudeDegrees>50.849754</LatitudeDegrees><LongitudeDegrees>4.416783</LongitudeDegrees></Position><AltitudeMeters>67.4</AltitudeMeters><Cadence>54</Cadence><Extensions><TPX xmlns="http://www.garmin.com/xmlschemas/ActivityExtension/v2"><Speed>1.3</Speed></TPX></Extensions></Trackpoint><Trackpoint><Time>2026-03-03T16:15:56+00:00</Time><DistanceMeters>1354.7</DistanceMeters><Position><LatitudeDegrees>50.849742</LatitudeDegrees><LongitudeDegrees>4.416786</LongitudeDegrees></Position><AltitudeMeters>67.4</AltitudeMeters><Cadence>54</Cadence><Extensions><TPX xmlns="http://www.garmin.com/xmlschemas/ActivityExtension/v2"><Speed>1.32</Speed></TPX></Extensions></Trackpoint><Trackpoint><Time>2026-03-03T16:15:57+00:00</Time><DistanceMeters>1356.2</DistanceMeters><Position><LatitudeDegrees>50.84973</LatitudeDegrees><LongitudeDegrees>4.416793</LongitudeDegrees></Position><AltitudeMeters>67.5</AltitudeMeters><Cadence>54</Cadence><Extensions><TPX xmlns="http://www.garmin.com/xmlschemas/ActivityExtension/v2"><Speed>1.38</Speed></TPX></Extensions></Trackpoint><Trackpoint><Time>2026-03-03T16:15:58+00:00</Time><DistanceMeters>1357.6</DistanceMeters><Position><LatitudeDegrees>50.849717</LatitudeDegrees><LongitudeDegrees>4.416797</LongitudeDegrees></Position><AltitudeMeters>67.5</AltitudeMeters><Cadence>53</Cadence><Extensions><TPX xmlns="http://www.garmin.com/xmlschemas/ActivityExtension/v2"><Speed>1.38</Speed></TPX></Extensions></Trackpoint><Trackpoint><Time>2026-03-03T16:15:59+00:00</Time><DistanceMeters>1359.1</DistanceMeters><Position><LatitudeDegrees>50.849704</LatitudeDegrees><LongitudeDegrees>4.4168</LongitudeDegrees></Position><AltitudeMeters>67.5</AltitudeMeters><Cadence>53</Cadence><Extensions><TPX xmlns="http://www.garmin.com/xmlschemas/ActivityExtension/v2"><Speed>1.42</Speed></TPX></Extensions></Trackpoint><Trackpoint><Time>2026-03-03T16:16:00+00:00</Time><DistanceMeters>1360.8</DistanceMeters><Position><LatitudeDegrees>50.849689</LatitudeDegrees><LongitudeDegrees>4.416802</LongitudeDegrees></Position><AltitudeMeters>67.5</AltitudeMeters><Cadence>53</Cadence><Extensions><TPX xmlns="http://www.garmin.com/xmlschemas/ActivityExtension/v2"><Speed>1.48</Speed></TPX></Extensions></Trackpoint><Trackpoint><Time>2026-03-03T16:16:01+00:00</Time><DistanceMeters>1362.2</DistanceMeters><Position><LatitudeDegrees>50.849676</LatitudeDegrees><LongitudeDegrees>4.416803</LongitudeDegrees></Position><AltitudeMeters>67.5</AltitudeMeters><Cadence>53</Cadence><Extensions><TPX xmlns="http://www.garmin.com/xmlschemas/ActivityExtension/v2"><Speed>1.5</Speed></TPX></Extensions></Trackpoint><Trackpoint><Time>2026-03-03T16:16:02+00:00</Time><DistanceMeters>1363.7</DistanceMeters><Position><LatitudeDegrees>50.849661</LatitudeDegrees><LongitudeDegrees>4.416802</LongitudeDegrees></Position><AltitudeMeters>67.6</AltitudeMeters><Cadence>53</Cadence><Extensions><TPX xmlns="http://www.garmin.com/xmlschemas/ActivityExtension/v2"><Speed>1.5</Speed></TPX></Extensions></Trackpoint><Trackpoint><Time>2026-03-03T16:16:03+00:00</Time><DistanceMeters>1365.1</DistanceMeters><Position><LatitudeDegrees>50.849649</LatitudeDegrees><LongitudeDegrees>4.416805</LongitudeDegrees></Position><AltitudeMeters>67.6</AltitudeMeters><Cadence>53</Cadence><Extensions><TPX xmlns="http://www.garmin.com/xmlschemas/ActivityExtension/v2"><Speed>1.5</Speed></TPX></Extensions></Trackpoint><Trackpoint><Time>2026-03-03T16:16:04+00:00</Time><DistanceMeters>1366.3</DistanceMeters><Position><LatitudeDegrees>50.84964</LatitudeDegrees><LongitudeDegrees>4.416796</LongitudeDegrees></Position><AltitudeMeters>67.6</AltitudeMeters><Cadence>55</Cadence><Extensions><TPX xmlns="http://www.garmin.com/xmlschemas/ActivityExtension/v2"><Speed>1.44</Speed></TPX></Extensions></Trackpoint><Trackpoint><Time>2026-03-03T16:16:05+00:00</Time><DistanceMeters>1367.5</DistanceMeters><Position><LatitudeDegrees>50.849628</LatitudeDegrees><LongitudeDegrees>4.416794</LongitudeDegrees></Position><AltitudeMeters>67.6</AltitudeMeters><Cadence>55</Cadence><Extensions><TPX xmlns="http://www.garmin.com/xmlschemas/ActivityExtension/v2"><Speed>1.34</Speed></TPX></Extensions></Trackpoint><Trackpoint><Time>2026-03-03T16:16:06+00:00</Time><DistanceMeters>1368.8</DistanceMeters><Position><LatitudeDegrees>50.849617</LatitudeDegrees><LongitudeDegrees>4.416793</LongitudeDegrees></Position><AltitudeMeters>67.6</AltitudeMeters><Cadence>55</Cadence><Extensions><TPX xmlns="http://www.garmin.com/xmlschemas/ActivityExtension/v2"><Speed>1.32</Speed></TPX></Extensions></Trackpoint><Trackpoint><Time>2026-03-03T16:16:07+00:00</Time><DistanceMeters>1370.1</DistanceMeters><Position><LatitudeDegrees>50.849605</LatitudeDegrees><LongitudeDegrees>4.416788</LongitudeDegrees></Position><AltitudeMeters>67.6</AltitudeMeters><Cadence>55</Cadence><Extensions><TPX xmlns="http://www.garmin.com/xmlschemas/ActivityExtension/v2"><Speed>1.28</Speed></TPX></Extensions></Trackpoint><Trackpoint><Time>2026-03-03T16:16:08+00:00</Time><DistanceMeters>1371.3</DistanceMeters><Position><LatitudeDegrees>50.849593</LatitudeDegrees><LongitudeDegrees>4.416781</LongitudeDegrees></Position><AltitudeMeters>67.7</AltitudeMeters><Cadence>55</Cadence><Extensions><TPX xmlns="http://www.garmin.com/xmlschemas/ActivityExtension/v2"><Speed>1.24</Speed></TPX></Extensions></Trackpoint><Trackpoint><Time>2026-03-03T16:16:09+00:00</Time><DistanceMeters>1372.2</DistanceMeters><Position><LatitudeDegrees>50.849585</LatitudeDegrees><LongitudeDegrees>4.416773</LongitudeDegrees></Position><AltitudeMeters>67.7</AltitudeMeters><Cadence>54</Cadence><Extensions><TPX xmlns="http://www.garmin.com/xmlschemas/ActivityExtension/v2"><Speed>1.18</Speed></TPX></Extensions></Trackpoint><Trackpoint><Time>2026-03-03T16:16:10+00:00</Time><DistanceMeters>1373.1</DistanceMeters><Position><LatitudeDegrees>50.849577</LatitudeDegrees><LongitudeDegrees>4.41677</LongitudeDegrees></Position><AltitudeMeters>67.7</AltitudeMeters><Cadence>54</Cadence><Extensions><TPX xmlns="http://www.garmin.com/xmlschemas/ActivityExtension/v2"><Speed>1.12</Speed></TPX></Extensions></Trackpoint><Trackpoint><Time>2026-03-03T16:16:11+00:00</Time><DistanceMeters>1373.9</DistanceMeters><Position><LatitudeDegrees>50.84957</LatitudeDegrees><LongitudeDegrees>4.416763</LongitudeDegrees></Position><AltitudeMeters>67.7</AltitudeMeters><Cadence>54</Cadence><Extensions><TPX xmlns="http://www.garmin.com/xmlschemas/ActivityExtension/v2"><Speed>1.02</Speed></TPX></Extensions></Trackpoint><Trackpoint><Time>2026-03-03T16:16:12+00:00</Time><DistanceMeters>1375.0</DistanceMeters><Position><LatitudeDegrees>50.849559</LatitudeDegrees><LongitudeDegrees>4.416761</LongitudeDegrees></Position><AltitudeMeters>67.7</AltitudeMeters><Cadence>53</Cadence><Extensions><TPX xmlns="http://www.garmin.com/xmlschemas/ActivityExtension/v2"><Speed>0.98</Speed></TPX></Extensions></Trackpoint><Trackpoint><Time>2026-03-03T16:16:13+00:00</Time><DistanceMeters>1376.2</DistanceMeters><Position><LatitudeDegrees>50.849549</LatitudeDegrees><LongitudeDegrees>4.416759</LongitudeDegrees></Position><AltitudeMeters>67.7</AltitudeMeters><Cadence>53</Cadence><Extensions><TPX xmlns="http://www.garmin.com/xmlschemas/ActivityExtension/v2"><Speed>0.98</Speed></TPX></Extensions></Trackpoint><Trackpoint><Time>2026-03-03T16:16:14+00:00</Time><DistanceMeters>1377.4</DistanceMeters><Position><LatitudeDegrees>50.849538</LatitudeDegrees><LongitudeDegrees>4.416761</LongitudeDegrees></Position><AltitudeMeters>67.8</AltitudeMeters><Cadence>53</Cadence><Extensions><TPX xmlns="http://www.garmin.com/xmlschemas/ActivityExtension/v2"><Speed>1.04</Speed></TPX></Extensions></Trackpoint><Trackpoint><Time>2026-03-03T16:16:15+00:00</Time><DistanceMeters>1378.7</DistanceMeters><Position><LatitudeDegrees>50.849526</LatitudeDegrees><LongitudeDegrees>4.416763</LongitudeDegrees></Position><AltitudeMeters>67.8</AltitudeMeters><Cadence>53</Cadence><Extensions><TPX xmlns="http://www.garmin.com/xmlschemas/ActivityExtension/v2"><Speed>1.12</Speed></TPX></Extensions></Trackpoint><Trackpoint><Time>2026-03-03T16:16:16+00:00</Time><DistanceMeters>1379.9</DistanceMeters><Position><LatitudeDegrees>50.849516</LatitudeDegrees><LongitudeDegrees>4.416765</LongitudeDegrees></Position><AltitudeMeters>67.8</AltitudeMeters><Cadence>53</Cadence><Extensions><TPX xmlns="http://www.garmin.com/xmlschemas/ActivityExtension/v2"><Speed>1.2</Speed></TPX></Extensions></Trackpoint><Trackpoint><Time>2026-03-03T16:16:17+00:00</Time><DistanceMeters>1381.1</DistanceMeters><Position><LatitudeDegrees>50.849505</LatitudeDegrees><LongitudeDegrees>4.416766</LongitudeDegrees></Position><AltitudeMeters>67.8</AltitudeMeters><Cadence>53</Cadence><Extensions><TPX xmlns="http://www.garmin.com/xmlschemas/ActivityExtension/v2"><Speed>1.22</Speed></TPX></Extensions></Trackpoint><Trackpoint><Time>2026-03-03T16:16:18+00:00</Time><DistanceMeters>1382.4</DistanceMeters><Position><LatitudeDegrees>50.849493</LatitudeDegrees><LongitudeDegrees>4.416768</LongitudeDegrees></Position><AltitudeMeters>67.8</AltitudeMeters><Cadence>53</Cadence><Extensions><TPX xmlns="http://www.garmin.com/xmlschemas/ActivityExtension/v2"><Speed>1.24</Speed></TPX></Extensions></Trackpoint><Trackpoint><Time>2026-03-03T16:16:19+00:00</Time><DistanceMeters>1383.6</DistanceMeters><Position><LatitudeDegrees>50.849483</LatitudeDegrees><LongitudeDegrees>4.416771</LongitudeDegrees></Position><AltitudeMeters>67.8</AltitudeMeters><Cadence>55</Cadence><Extensions><TPX xmlns="http://www.garmin.com/xmlschemas/ActivityExtension/v2"><Speed>1.24</Speed></TPX></Extensions></Trackpoint><Trackpoint><Time>2026-03-03T16:16:20+00:00</Time><DistanceMeters>1384.9</DistanceMeters><Position><LatitudeDegrees>50.849471</LatitudeDegrees><LongitudeDegrees>4.416774</LongitudeDegrees></Position><AltitudeMeters>67.9</AltitudeMeters><Cadence>55</Cadence><Extensions><TPX xmlns="http://www.garmin.com/xmlschemas/ActivityExtension/v2"><Speed>1.24</Speed></TPX></Extensions></Trackpoint><Trackpoint><Time>2026-03-03T16:16:21+00:00</Time><DistanceMeters>1386.2</DistanceMeters><Position><LatitudeDegrees>50.84946</LatitudeDegrees><LongitudeDegrees>4.416778</LongitudeDegrees></Position><AltitudeMeters>67.9</AltitudeMeters><Cadence>53</Cadence><Extensions><TPX xmlns="http://www.garmin.com/xmlschemas/ActivityExtension/v2"><Speed>1.26</Speed></TPX></Extensions></Trackpoint><Trackpoint><Time>2026-03-03T16:16:22+00:00</Time><DistanceMeters>1387.4</DistanceMeters><Position><LatitudeDegrees>50.849449</LatitudeDegrees><LongitudeDegrees>4.416784</LongitudeDegrees></Position><AltitudeMeters>67.9</AltitudeMeters><Cadence>53</Cadence><Extensions><TPX xmlns="http://www.garmin.com/xmlschemas/ActivityExtension/v2"><Speed>1.26</Speed></TPX></Extensions></Trackpoint><Trackpoint><Time>2026-03-03T16:16:23+00:00</Time><DistanceMeters>1388.7</DistanceMeters><Position><LatitudeDegrees>50.849438</LatitudeDegrees><LongitudeDegrees>4.41679</LongitudeDegrees></Position><AltitudeMeters>67.9</AltitudeMeters><Cadence>53</Cadence><Extensions><TPX xmlns="http://www.garmin.com/xmlschemas/ActivityExtension/v2"><Speed>1.26</Speed></TPX></Extensions></Trackpoint><Trackpoint><Time>2026-03-03T16:16:24+00:00</Time><DistanceMeters>1390.1</DistanceMeters><Position><LatitudeDegrees>50.849427</LatitudeDegrees><LongitudeDegrees>4.416798</LongitudeDegrees></Position><AltitudeMeters>68.0</AltitudeMeters><Cadence>54</Cadence><Extensions><TPX xmlns="http://www.garmin.com/xmlschemas/ActivityExtension/v2"><Speed>1.3</Speed></TPX></Extensions></Trackpoint><Trackpoint><Time>2026-03-03T16:16:25+00:00</Time><DistanceMeters>1391.5</DistanceMeters><Position><LatitudeDegrees>50.849415</LatitudeDegrees><LongitudeDegrees>4.416805</LongitudeDegrees></Position><AltitudeMeters>68.0</AltitudeMeters><Cadence>54</Cadence><Extensions><TPX xmlns="http://www.garmin.com/xmlschemas/ActivityExtension/v2"><Speed>1.32</Speed></TPX></Extensions></Trackpoint><Trackpoint><Time>2026-03-03T16:16:26+00:00</Time><DistanceMeters>1392.8</DistanceMeters><Position><LatitudeDegrees>50.849403</LatitudeDegrees><LongitudeDegrees>4.416808</LongitudeDegrees></Position><AltitudeMeters>68.0</AltitudeMeters><Cadence>54</Cadence><Extensions><TPX xmlns="http://www.garmin.com/xmlschemas/ActivityExtension/v2"><Speed>1.32</Speed></TPX></Extensions></Trackpoint><Trackpoint><Time>2026-03-03T16:16:27+00:00</Time><DistanceMeters>1393.9</DistanceMeters><Position><LatitudeDegrees>50.849393</LatitudeDegrees><LongitudeDegrees>4.416808</LongitudeDegrees></Position><AltitudeMeters>68.0</AltitudeMeters><Cadence>53</Cadence><Extensions><TPX xmlns="http://www.garmin.com/xmlschemas/ActivityExtension/v2"><Speed>1.3</Speed></TPX></Extensions></Trackpoint><Trackpoint><Time>2026-03-03T16:16:28+00:00</Time><DistanceMeters>1395.1</DistanceMeters><Position><LatitudeDegrees>50.849382</LatitudeDegrees><LongitudeDegrees>4.416808</LongitudeDegrees></Position><AltitudeMeters>68.1</AltitudeMeters><Cadence>53</Cadence><Extensions><TPX xmlns="http://www.garmin.com/xmlschemas/ActivityExtension/v2"><Speed>1.28</Speed></TPX></Extensions></Trackpoint><Trackpoint><Time>2026-03-03T16:16:29+00:00</Time><DistanceMeters>1396.2</DistanceMeters><Position><LatitudeDegrees>50.849373</LatitudeDegrees><LongitudeDegrees>4.416809</LongitudeDegrees></Position><AltitudeMeters>68.1</AltitudeMeters><Cadence>53</Cadence><Extensions><TPX xmlns="http://www.garmin.com/xmlschemas/ActivityExtension/v2"><Speed>1.22</Speed></TPX></Extensions></Trackpoint><Trackpoint><Time>2026-03-03T16:16:30+00:00</Time><DistanceMeters>1397.5</DistanceMeters><Position><LatitudeDegrees>50.849361</LatitudeDegrees><LongitudeDegrees>4.416808</LongitudeDegrees></Position><AltitudeMeters>68.1</AltitudeMeters><Cadence>53</Cadence><Extensions><TPX xmlns="http://www.garmin.com/xmlschemas/ActivityExtension/v2"><Speed>1.2</Speed></TPX></Extensions></Trackpoint><Trackpoint><Time>2026-03-03T16:16:31+00:00</Time><DistanceMeters>1398.7</DistanceMeters><Position><LatitudeDegrees>50.84935</LatitudeDegrees><LongitudeDegrees>4.416809</LongitudeDegrees></Position><AltitudeMeters>68.1</AltitudeMeters><Cadence>53</Cadence><Extensions><TPX xmlns="http://www.garmin.com/xmlschemas/ActivityExtension/v2"><Speed>1.18</Speed></TPX></Extensions></Trackpoint><Trackpoint><Time>2026-03-03T16:16:32+00:00</Time><DistanceMeters>1400.1</DistanceMeters><Position><LatitudeDegrees>50.849338</LatitudeDegrees><LongitudeDegrees>4.416813</LongitudeDegrees></Position><AltitudeMeters>68.1</AltitudeMeters><Cadence>53</Cadence><Extensions><TPX xmlns="http://www.garmin.com/xmlschemas/ActivityExtension/v2"><Speed>1.24</Speed></TPX></Extensions></Trackpoint><Trackpoint><Time>2026-03-03T16:16:33+00:00</Time><DistanceMeters>1401.6</DistanceMeters><Position><LatitudeDegrees>50.849324</LatitudeDegrees><LongitudeDegrees>4.416816</LongitudeDegrees></Position><AltitudeMeters>68.2</AltitudeMeters><Cadence>53</Cadence><Extensions><TPX xmlns="http://www.garmin.com/xmlschemas/ActivityExtension/v2"><Speed>1.3</Speed></TPX></Extensions></Trackpoint><Trackpoint><Time>2026-03-03T16:16:34+00:00</Time><DistanceMeters>1403.2</DistanceMeters><Position><LatitudeDegrees>50.84931</LatitudeDegrees><LongitudeDegrees>4.416821</LongitudeDegrees></Position><AltitudeMeters>68.2</AltitudeMeters><Cadence>53</Cadence><Extensions><TPX xmlns="http://www.garmin.com/xmlschemas/ActivityExtension/v2"><Speed>1.4</Speed></TPX></Extensions></Trackpoint><Trackpoint><Time>2026-03-03T16:16:35+00:00</Time><DistanceMeters>1404.7</DistanceMeters><Position><LatitudeDegrees>50.849297</LatitudeDegrees><LongitudeDegrees>4.416823</LongitudeDegrees></Position><AltitudeMeters>68.2</AltitudeMeters><Cadence>51</Cadence><Extensions><TPX xmlns="http://www.garmin.com/xmlschemas/ActivityExtension/v2"><Speed>1.44</Speed></TPX></Extensions></Trackpoint><Trackpoint><Time>2026-03-03T16:16:36+00:00</Time><DistanceMeters>1406.0</DistanceMeters><Position><LatitudeDegrees>50.849285</LatitudeDegrees><LongitudeDegrees>4.416823</LongitudeDegrees></Position><AltitudeMeters>68.3</AltitudeMeters><Cadence>51</Cadence><Extensions><TPX xmlns="http://www.garmin.com/xmlschemas/ActivityExtension/v2"><Speed>1.46</Speed></TPX></Extensions></Trackpoint><Trackpoint><Time>2026-03-03T16:16:37+00:00</Time><DistanceMeters>1407.6</DistanceMeters><Position><LatitudeDegrees>50.849271</LatitudeDegrees><LongitudeDegrees>4.416829</LongitudeDegrees></Position><AltitudeMeters>68.3</AltitudeMeters><Cadence>52</Cadence><Extensions><TPX xmlns="http://www.garmin.com/xmlschemas/ActivityExtension/v2"><Speed>1.5</Speed></TPX></Extensions></Trackpoint><Trackpoint><Time>2026-03-03T16:16:38+00:00</Time><DistanceMeters>1409.1</DistanceMeters><Position><LatitudeDegrees>50.849258</LatitudeDegrees><LongitudeDegrees>4.416835</LongitudeDegrees></Position><AltitudeMeters>68.3</AltitudeMeters><Cadence>53</Cadence><Extensions><TPX xmlns="http://www.garmin.com/xmlschemas/ActivityExtension/v2"><Speed>1.5</Speed></TPX></Extensions></Trackpoint><Trackpoint><Time>2026-03-03T16:16:39+00:00</Time><DistanceMeters>1410.6</DistanceMeters><Position><LatitudeDegrees>50.849244</LatitudeDegrees><LongitudeDegrees>4.41684</LongitudeDegrees></Position><AltitudeMeters>68.4</AltitudeMeters><Cadence>53</Cadence><Extensions><TPX xmlns="http://www.garmin.com/xmlschemas/ActivityExtension/v2"><Speed>1.48</Speed></TPX></Extensions></Trackpoint><Trackpoint><Time>2026-03-03T16:16:40+00:00</Time><DistanceMeters>1411.8</DistanceMeters><Position><LatitudeDegrees>50.849233</LatitudeDegrees><LongitudeDegrees>4.41684</LongitudeDegrees></Position><AltitudeMeters>68.4</AltitudeMeters><Cadence>53</Cadence><Extensions><TPX xmlns="http://www.garmin.com/xmlschemas/ActivityExtension/v2"><Speed>1.42</Speed></TPX></Extensions></Trackpoint><Trackpoint><Time>2026-03-03T16:16:41+00:00</Time><DistanceMeters>1413.1</DistanceMeters><Position><LatitudeDegrees>50.849222</LatitudeDegrees><LongitudeDegrees>4.416843</LongitudeDegrees></Position><AltitudeMeters>68.4</AltitudeMeters><Cadence>53</Cadence><Extensions><TPX xmlns="http://www.garmin.com/xmlschemas/ActivityExtension/v2"><Speed>1.42</Speed></TPX></Extensions></Trackpoint><Trackpoint><Time>2026-03-03T16:16:42+00:00</Time><DistanceMeters>1414.5</DistanceMeters><Position><LatitudeDegrees>50.849209</LatitudeDegrees><LongitudeDegrees>4.416846</LongitudeDegrees></Position><AltitudeMeters>68.5</AltitudeMeters><Cadence>54</Cadence><Extensions><TPX xmlns="http://www.garmin.com/xmlschemas/ActivityExtension/v2"><Speed>1.38</Speed></TPX></Extensions></Trackpoint><Trackpoint><Time>2026-03-03T16:16:43+00:00</Time><DistanceMeters>1415.9</DistanceMeters><Position><LatitudeDegrees>50.849197</LatitudeDegrees><LongitudeDegrees>4.416852</LongitudeDegrees></Position><AltitudeMeters>68.5</AltitudeMeters><Cadence>55</Cadence><Extensions><TPX xmlns="http://www.garmin.com/xmlschemas/ActivityExtension/v2"><Speed>1.36</Speed></TPX></Extensions></Trackpoint><Trackpoint><Time>2026-03-03T16:16:44+00:00</Time><DistanceMeters>1417.2</DistanceMeters><Position><LatitudeDegrees>50.849186</LatitudeDegrees><LongitudeDegrees>4.416855</LongitudeDegrees></Position><AltitudeMeters>68.5</AltitudeMeters><Cadence>55</Cadence><Extensions><TPX xmlns="http://www.garmin.com/xmlschemas/ActivityExtension/v2"><Speed>1.32</Speed></TPX></Extensions></Trackpoint><Trackpoint><Time>2026-03-03T16:16:45+00:00</Time><DistanceMeters>1418.4</DistanceMeters><Position><LatitudeDegrees>50.849175</LatitudeDegrees><LongitudeDegrees>4.41686</LongitudeDegrees></Position><AltitudeMeters>68.6</AltitudeMeters><Cadence>54</Cadence><Extensions><TPX xmlns="http://www.garmin.com/xmlschemas/ActivityExtension/v2"><Speed>1.32</Speed></TPX></Extensions></Trackpoint><Trackpoint><Time>2026-03-03T16:16:46+00:00</Time><DistanceMeters>1419.6</DistanceMeters><Position><LatitudeDegrees>50.849165</LatitudeDegrees><LongitudeDegrees>4.416864</LongitudeDegrees></Position><AltitudeMeters>68.6</AltitudeMeters><Cadence>54</Cadence><Extensions><TPX xmlns="http://www.garmin.com/xmlschemas/ActivityExtension/v2"><Speed>1.3</Speed></TPX></Extensions></Trackpoint><Trackpoint><Time>2026-03-03T16:16:47+00:00</Time><DistanceMeters>1420.4</DistanceMeters><Position><LatitudeDegrees>50.849157</LatitudeDegrees><LongitudeDegrees>4.41686</LongitudeDegrees></Position><AltitudeMeters>68.6</AltitudeMeters><Cadence>54</Cadence><Extensions><TPX xmlns="http://www.garmin.com/xmlschemas/ActivityExtension/v2"><Speed>1.18</Speed></TPX></Extensions></Trackpoint><Trackpoint><Time>2026-03-03T16:16:48+00:00</Time><DistanceMeters>1421.6</DistanceMeters><Position><LatitudeDegrees>50.849147</LatitudeDegrees><LongitudeDegrees>4.416862</LongitudeDegrees></Position><AltitudeMeters>68.6</AltitudeMeters><Cadence>54</Cadence><Extensions><TPX xmlns="http://www.garmin.com/xmlschemas/ActivityExtension/v2"><Speed>1.14</Speed></TPX></Extensions></Trackpoint><Trackpoint><Time>2026-03-03T16:16:49+00:00</Time><DistanceMeters>1423.1</DistanceMeters><Position><LatitudeDegrees>50.849134</LatitudeDegrees><LongitudeDegrees>4.416862</LongitudeDegrees></Position><AltitudeMeters>68.7</AltitudeMeters><Cadence>53</Cadence><Extensions><TPX xmlns="http://www.garmin.com/xmlschemas/ActivityExtension/v2"><Speed>1.18</Speed></TPX></Extensions></Trackpoint><Trackpoint><Time>2026-03-03T16:16:50+00:00</Time><DistanceMeters>1424.3</DistanceMeters><Position><LatitudeDegrees>50.849122</LatitudeDegrees><LongitudeDegrees>4.416863</LongitudeDegrees></Position><AltitudeMeters>68.7</AltitudeMeters><Cadence>53</Cadence><Extensions><TPX xmlns="http://www.garmin.com/xmlschemas/ActivityExtension/v2"><Speed>1.18</Speed></TPX></Extensions></Trackpoint><Trackpoint><Time>2026-03-03T16:16:51+00:00</Time><DistanceMeters>1425.7</DistanceMeters><Position><LatitudeDegrees>50.84911</LatitudeDegrees><LongitudeDegrees>4.41687</LongitudeDegrees></Position><AltitudeMeters>68.7</AltitudeMeters><Cadence>53</Cadence><Extensions><TPX xmlns="http://www.garmin.com/xmlschemas/ActivityExtension/v2"><Speed>1.22</Speed></TPX></Extensions></Trackpoint><Trackpoint><Time>2026-03-03T16:16:52+00:00</Time><DistanceMeters>1426.9</DistanceMeters><Position><LatitudeDegrees>50.8491</LatitudeDegrees><LongitudeDegrees>4.416874</LongitudeDegrees></Position><AltitudeMeters>68.8</AltitudeMeters><Cadence>54</Cadence><Extensions><TPX xmlns="http://www.garmin.com/xmlschemas/ActivityExtension/v2"><Speed>1.3</Speed></TPX></Extensions></Trackpoint><Trackpoint><Time>2026-03-03T16:16:53+00:00</Time><DistanceMeters>1428.2</DistanceMeters><Position><LatitudeDegrees>50.849089</LatitudeDegrees><LongitudeDegrees>4.416875</LongitudeDegrees></Position><AltitudeMeters>68.8</AltitudeMeters><Cadence>54</Cadence><Extensions><TPX xmlns="http://www.garmin.com/xmlschemas/ActivityExtension/v2"><Speed>1.32</Speed></TPX></Extensions></Trackpoint><Trackpoint><Time>2026-03-03T16:16:54+00:00</Time><DistanceMeters>1429.3</DistanceMeters><Position><LatitudeDegrees>50.849078</LatitudeDegrees><LongitudeDegrees>4.416877</LongitudeDegrees></Position><AltitudeMeters>68.8</AltitudeMeters><Cadence>54</Cadence><Extensions><TPX xmlns="http://www.garmin.com/xmlschemas/ActivityExtension/v2"><Speed>1.24</Speed></TPX></Extensions></Trackpoint><Trackpoint><Time>2026-03-03T16:16:55+00:00</Time><DistanceMeters>1430.6</DistanceMeters><Position><LatitudeDegrees>50.849066</LatitudeDegrees><LongitudeDegrees>4.416878</LongitudeDegrees></Position><AltitudeMeters>68.9</AltitudeMeters><Cadence>53</Cadence><Extensions><TPX xmlns="http://www.garmin.com/xmlschemas/ActivityExtension/v2"><Speed>1.26</Speed></TPX></Extensions></Trackpoint><Trackpoint><Time>2026-03-03T16:16:56+00:00</Time><DistanceMeters>1431.6</DistanceMeters><Position><LatitudeDegrees>50.849058</LatitudeDegrees><LongitudeDegrees>4.416876</LongitudeDegrees></Position><AltitudeMeters>68.9</AltitudeMeters><Cadence>53</Cadence><Extensions><TPX xmlns="http://www.garmin.com/xmlschemas/ActivityExtension/v2"><Speed>1.18</Speed></TPX></Extensions></Trackpoint><Trackpoint><Time>2026-03-03T16:16:57+00:00</Time><DistanceMeters>1432.6</DistanceMeters><Position><LatitudeDegrees>50.849048</LatitudeDegrees><LongitudeDegrees>4.416877</LongitudeDegrees></Position><AltitudeMeters>68.9</AltitudeMeters><Cadence>53</Cadence><Extensions><TPX xmlns="http://www.garmin.com/xmlschemas/ActivityExtension/v2"><Speed>1.14</Speed></TPX></Extensions></Trackpoint><Trackpoint><Time>2026-03-03T16:16:58+00:00</Time><DistanceMeters>1433.8</DistanceMeters><Position><LatitudeDegrees>50.849038</LatitudeDegrees><LongitudeDegrees>4.416881</LongitudeDegrees></Position><AltitudeMeters>69.0</AltitudeMeters><Cadence>52</Cadence><Extensions><TPX xmlns="http://www.garmin.com/xmlschemas/ActivityExtension/v2"><Speed>1.12</Speed></TPX></Extensions></Trackpoint><Trackpoint><Time>2026-03-03T16:16:59+00:00</Time><DistanceMeters>1435.1</DistanceMeters><Position><LatitudeDegrees>50.849026</LatitudeDegrees><LongitudeDegrees>4.416883</LongitudeDegrees></Position><AltitudeMeters>69.0</AltitudeMeters><Cadence>51</Cadence><Extensions><TPX xmlns="http://www.garmin.com/xmlschemas/ActivityExtension/v2"><Speed>1.16</Speed></TPX></Extensions></Trackpoint><Trackpoint><Time>2026-03-03T16:17:00+00:00</Time><DistanceMeters>1436.3</DistanceMeters><Position><LatitudeDegrees>50.849016</LatitudeDegrees><LongitudeDegrees>4.416879</LongitudeDegrees></Position><AltitudeMeters>69.0</AltitudeMeters><Cadence>51</Cadence><Extensions><TPX xmlns="http://www.garmin.com/xmlschemas/ActivityExtension/v2"><Speed>1.14</Speed></TPX></Extensions></Trackpoint><Trackpoint><Time>2026-03-03T16:17:01+00:00</Time><DistanceMeters>1437.5</DistanceMeters><Position><LatitudeDegrees>50.849004</LatitudeDegrees><LongitudeDegrees>4.416878</LongitudeDegrees></Position><AltitudeMeters>69.1</AltitudeMeters><Cadence>51</Cadence><Extensions><TPX xmlns="http://www.garmin.com/xmlschemas/ActivityExtension/v2"><Speed>1.18</Speed></TPX></Extensions></Trackpoint><Trackpoint><Time>2026-03-03T16:17:02+00:00</Time><DistanceMeters>1438.9</DistanceMeters><Position><LatitudeDegrees>50.848992</LatitudeDegrees><LongitudeDegrees>4.416883</LongitudeDegrees></Position><AltitudeMeters>69.1</AltitudeMeters><Cadence>51</Cadence><Extensions><TPX xmlns="http://www.garmin.com/xmlschemas/ActivityExtension/v2"><Speed>1.26</Speed></TPX></Extensions></Trackpoint><Trackpoint><Time>2026-03-03T16:17:03+00:00</Time><DistanceMeters>1440.4</DistanceMeters><Position><LatitudeDegrees>50.848979</LatitudeDegrees><LongitudeDegrees>4.416885</LongitudeDegrees></Position><AltitudeMeters>69.1</AltitudeMeters><Cadence>52</Cadence><Extensions><TPX xmlns="http://www.garmin.com/xmlschemas/ActivityExtension/v2"><Speed>1.32</Speed></TPX></Extensions></Trackpoint><Trackpoint><Time>2026-03-03T16:17:04+00:00</Time><DistanceMeters>1441.6</DistanceMeters><Position><LatitudeDegrees>50.848968</LatitudeDegrees><LongitudeDegrees>4.416889</LongitudeDegrees></Position><AltitudeMeters>69.2</AltitudeMeters><Cadence>53</Cadence><Extensions><TPX xmlns="http://www.garmin.com/xmlschemas/ActivityExtension/v2"><Speed>1.3</Speed></TPX></Extensions></Trackpoint><Trackpoint><Time>2026-03-03T16:17:05+00:00</Time><DistanceMeters>1442.9</DistanceMeters><Position><LatitudeDegrees>50.848956</LatitudeDegrees><LongitudeDegrees>4.416893</LongitudeDegrees></Position><AltitudeMeters>69.2</AltitudeMeters><Cadence>53</Cadence><Extensions><TPX xmlns="http://www.garmin.com/xmlschemas/ActivityExtension/v2"><Speed>1.32</Speed></TPX></Extensions></Trackpoint><Trackpoint><Time>2026-03-03T16:17:06+00:00</Time><DistanceMeters>1444.3</DistanceMeters><Position><LatitudeDegrees>50.848943</LatitudeDegrees><LongitudeDegrees>4.416895</LongitudeDegrees></Position><AltitudeMeters>69.3</AltitudeMeters><Cadence>55</Cadence><Extensions><TPX xmlns="http://www.garmin.com/xmlschemas/ActivityExtension/v2"><Speed>1.36</Speed></TPX></Extensions></Trackpoint><Trackpoint><Time>2026-03-03T16:17:07+00:00</Time><DistanceMeters>1445.8</DistanceMeters><Position><LatitudeDegrees>50.84893</LatitudeDegrees><LongitudeDegrees>4.416895</LongitudeDegrees></Position><AltitudeMeters>69.3</AltitudeMeters><Cadence>55</Cadence><Extensions><TPX xmlns="http://www.garmin.com/xmlschemas/ActivityExtension/v2"><Speed>1.38</Speed></TPX></Extensions></Trackpoint><Trackpoint><Time>2026-03-03T16:17:08+00:00</Time><DistanceMeters>1447.1</DistanceMeters><Position><LatitudeDegrees>50.848917</LatitudeDegrees><LongitudeDegrees>4.416898</LongitudeDegrees></Position><AltitudeMeters>69.4</AltitudeMeters><Cadence>53</Cadence><Extensions><TPX xmlns="http://www.garmin.com/xmlschemas/ActivityExtension/v2"><Speed>1.34</Speed></TPX></Extensions></Trackpoint><Trackpoint><Time>2026-03-03T16:17:09+00:00</Time><DistanceMeters>1448.7</DistanceMeters><Position><LatitudeDegrees>50.848903</LatitudeDegrees><LongitudeDegrees>4.416904</LongitudeDegrees></Position><AltitudeMeters>69.4</AltitudeMeters><Cadence>53</Cadence><Extensions><TPX xmlns="http://www.garmin.com/xmlschemas/ActivityExtension/v2"><Speed>1.42</Speed></TPX></Extensions></Trackpoint><Trackpoint><Time>2026-03-03T16:17:10+00:00</Time><DistanceMeters>1450.1</DistanceMeters><Position><LatitudeDegrees>50.848891</LatitudeDegrees><LongitudeDegrees>4.416909</LongitudeDegrees></Position><AltitudeMeters>69.5</AltitudeMeters><Cadence>53</Cadence><Extensions><TPX xmlns="http://www.garmin.com/xmlschemas/ActivityExtension/v2"><Speed>1.44</Speed></TPX></Extensions></Trackpoint><Trackpoint><Time>2026-03-03T16:17:11+00:00</Time><DistanceMeters>1451.7</DistanceMeters><Position><LatitudeDegrees>50.848879</LatitudeDegrees><LongitudeDegrees>4.416921</LongitudeDegrees></Position><AltitudeMeters>69.5</AltitudeMeters><Cadence>53</Cadence><Extensions><TPX xmlns="http://www.garmin.com/xmlschemas/ActivityExtension/v2"><Speed>1.48</Speed></TPX></Extensions></Trackpoint><Trackpoint><Time>2026-03-03T16:17:12+00:00</Time><DistanceMeters>1453.0</DistanceMeters><Position><LatitudeDegrees>50.848867</LatitudeDegrees><LongitudeDegrees>4.416924</LongitudeDegrees></Position><AltitudeMeters>69.5</AltitudeMeters><Cadence>53</Cadence><Extensions><TPX xmlns="http://www.garmin.com/xmlschemas/ActivityExtension/v2"><Speed>1.44</Speed></TPX></Extensions></Trackpoint><Trackpoint><Time>2026-03-03T16:17:13+00:00</Time><DistanceMeters>1454.5</DistanceMeters><Position><LatitudeDegrees>50.848854</LatitudeDegrees><LongitudeDegrees>4.41693</LongitudeDegrees></Position><AltitudeMeters>69.6</AltitudeMeters><Cadence>53</Cadence><Extensions><TPX xmlns="http://www.garmin.com/xmlschemas/ActivityExtension/v2"><Speed>1.48</Speed></TPX></Extensions></Trackpoint><Trackpoint><Time>2026-03-03T16:17:14+00:00</Time><DistanceMeters>1455.9</DistanceMeters><Position><LatitudeDegrees>50.848842</LatitudeDegrees><LongitudeDegrees>4.416937</LongitudeDegrees></Position><AltitudeMeters>69.6</AltitudeMeters><Cadence>53</Cadence><Extensions><TPX xmlns="http://www.garmin.com/xmlschemas/ActivityExtension/v2"><Speed>1.44</Speed></TPX></Extensions></Trackpoint><Trackpoint><Time>2026-03-03T16:17:15+00:00</Time><DistanceMeters>1457.0</DistanceMeters><Position><LatitudeDegrees>50.848832</LatitudeDegrees><LongitudeDegrees>4.41694</LongitudeDegrees></Position><AltitudeMeters>69.7</AltitudeMeters><Cadence>53</Cadence><Extensions><TPX xmlns="http://www.garmin.com/xmlschemas/ActivityExtension/v2"><Speed>1.38</Speed></TPX></Extensions></Trackpoint><Trackpoint><Time>2026-03-03T16:17:16+00:00</Time><DistanceMeters>1457.8</DistanceMeters><Position><LatitudeDegrees>50.848824</LatitudeDegrees><LongitudeDegrees>4.416937</LongitudeDegrees></Position><AltitudeMeters>69.7</AltitudeMeters><Cadence>53</Cadence><Extensions><TPX xmlns="http://www.garmin.com/xmlschemas/ActivityExtension/v2"><Speed>1.22</Speed></TPX></Extensions></Trackpoint><Trackpoint><Time>2026-03-03T16:17:17+00:00</Time><DistanceMeters>1458.5</DistanceMeters><Position><LatitudeDegrees>50.848819</LatitudeDegrees><LongitudeDegrees>4.416933</LongitudeDegrees></Position><AltitudeMeters>69.7</AltitudeMeters><Cadence>53</Cadence><Extensions><TPX xmlns="http://www.garmin.com/xmlschemas/ActivityExtension/v2"><Speed>1.1</Speed></TPX></Extensions></Trackpoint><Trackpoint><Time>2026-03-03T16:17:18+00:00</Time><DistanceMeters>1459.7</DistanceMeters><Position><LatitudeDegrees>50.848812</LatitudeDegrees><LongitudeDegrees>4.416917</LongitudeDegrees></Position><AltitudeMeters>69.7</AltitudeMeters><Cadence>53</Cadence><Extensions><TPX xmlns="http://www.garmin.com/xmlschemas/ActivityExtension/v2"><Speed>1.04</Speed></TPX></Extensions></Trackpoint><Trackpoint><Time>2026-03-03T16:17:19+00:00</Time><DistanceMeters>1460.6</DistanceMeters><Position><LatitudeDegrees>50.848805</LatitudeDegrees><LongitudeDegrees>4.416908</LongitudeDegrees></Position><AltitudeMeters>69.8</AltitudeMeters><Cadence>53</Cadence><Extensions><TPX xmlns="http://www.garmin.com/xmlschemas/ActivityExtension/v2"><Speed>0.94</Speed></TPX></Extensions></Trackpoint><Trackpoint><Time>2026-03-03T16:17:20+00:00</Time><DistanceMeters>1461.8</DistanceMeters><Position><LatitudeDegrees>50.848795</LatitudeDegrees><LongitudeDegrees>4.416901</LongitudeDegrees></Position><AltitudeMeters>69.8</AltitudeMeters><Cadence>51</Cadence><Extensions><TPX xmlns="http://www.garmin.com/xmlschemas/ActivityExtension/v2"><Speed>0.96</Speed></TPX></Extensions></Trackpoint><Trackpoint><Time>2026-03-03T16:17:21+00:00</Time><DistanceMeters>1462.8</DistanceMeters><Position><LatitudeDegrees>50.848787</LatitudeDegrees><LongitudeDegrees>4.416895</LongitudeDegrees></Position><AltitudeMeters>69.8</AltitudeMeters><Cadence>51</Cadence><Extensions><TPX xmlns="http://www.garmin.com/xmlschemas/ActivityExtension/v2"><Speed>1.0</Speed></TPX></Extensions></Trackpoint><Trackpoint><Time>2026-03-03T16:17:22+00:00</Time><DistanceMeters>1464.0</DistanceMeters><Position><LatitudeDegrees>50.848776</LatitudeDegrees><LongitudeDegrees>4.41689</LongitudeDegrees></Position><AltitudeMeters>69.8</AltitudeMeters><Cadence>53</Cadence><Extensions><TPX xmlns="http://www.garmin.com/xmlschemas/ActivityExtension/v2"><Speed>1.1</Speed></TPX></Extensions></Trackpoint><Trackpoint><Time>2026-03-03T16:17:23+00:00</Time><DistanceMeters>1465.1</DistanceMeters><Position><LatitudeDegrees>50.848766</LatitudeDegrees><LongitudeDegrees>4.416889</LongitudeDegrees></Position><AltitudeMeters>69.9</AltitudeMeters><Cadence>53</Cadence><Extensions><TPX xmlns="http://www.garmin.com/xmlschemas/ActivityExtension/v2"><Speed>1.08</Speed></TPX></Extensions></Trackpoint><Trackpoint><Time>2026-03-03T16:17:24+00:00</Time><DistanceMeters>1466.5</DistanceMeters><Position><LatitudeDegrees>50.848754</LatitudeDegrees><LongitudeDegrees>4.416892</LongitudeDegrees></Position><AltitudeMeters>69.9</AltitudeMeters><Cadence>53</Cadence><Extensions><TPX xmlns="http://www.garmin.com/xmlschemas/ActivityExtension/v2"><Speed>1.18</Speed></TPX></Extensions></Trackpoint><Trackpoint><Time>2026-03-03T16:17:25+00:00</Time><DistanceMeters>1468.0</DistanceMeters><Position><LatitudeDegrees>50.848741</LatitudeDegrees><LongitudeDegrees>4.416897</LongitudeDegrees></Position><AltitudeMeters>70.0</AltitudeMeters><Cadence>53</Cadence><Extensions><TPX xmlns="http://www.garmin.com/xmlschemas/ActivityExtension/v2"><Speed>1.24</Speed></TPX></Extensions></Trackpoint><Trackpoint><Time>2026-03-03T16:17:26+00:00</Time><DistanceMeters>1469.2</DistanceMeters><Position><LatitudeDegrees>50.84873</LatitudeDegrees><LongitudeDegrees>4.416901</LongitudeDegrees></Position><AltitudeMeters>70.0</AltitudeMeters><Cadence>53</Cadence><Extensions><TPX xmlns="http://www.garmin.com/xmlschemas/ActivityExtension/v2"><Speed>1.28</Speed></TPX></Extensions></Trackpoint><Trackpoint><Time>2026-03-03T16:17:27+00:00</Time><DistanceMeters>1470.5</DistanceMeters><Position><LatitudeDegrees>50.848719</LatitudeDegrees><LongitudeDegrees>4.416906</LongitudeDegrees></Position><AltitudeMeters>70.1</AltitudeMeters><Cadence>53</Cadence><Extensions><TPX xmlns="http://www.garmin.com/xmlschemas/ActivityExtension/v2"><Speed>1.3</Speed></TPX></Extensions></Trackpoint><Trackpoint><Time>2026-03-03T16:17:28+00:00</Time><DistanceMeters>1471.8</DistanceMeters><Position><LatitudeDegrees>50.848707</LatitudeDegrees><LongitudeDegrees>4.41691</LongitudeDegrees></Position><AltitudeMeters>70.1</AltitudeMeters><Cadence>53</Cadence><Extensions><TPX xmlns="http://www.garmin.com/xmlschemas/ActivityExtension/v2"><Speed>1.34</Speed></TPX></Extensions></Trackpoint><Trackpoint><Time>2026-03-03T16:17:29+00:00</Time><DistanceMeters>1473.2</DistanceMeters><Position><LatitudeDegrees>50.848695</LatitudeDegrees><LongitudeDegrees>4.41691</LongitudeDegrees></Position><AltitudeMeters>70.2</AltitudeMeters><Cadence>53</Cadence><Extensions><TPX xmlns="http://www.garmin.com/xmlschemas/ActivityExtension/v2"><Speed>1.34</Speed></TPX></Extensions></Trackpoint><Trackpoint><Time>2026-03-03T16:17:30+00:00</Time><DistanceMeters>1474.6</DistanceMeters><Position><LatitudeDegrees>50.848682</LatitudeDegrees><LongitudeDegrees>4.416908</LongitudeDegrees></Position><AltitudeMeters>70.3</AltitudeMeters><Cadence>53</Cadence><Extensions><TPX xmlns="http://www.garmin.com/xmlschemas/ActivityExtension/v2"><Speed>1.32</Speed></TPX></Extensions></Trackpoint><Trackpoint><Time>2026-03-03T16:17:31+00:00</Time><DistanceMeters>1475.9</DistanceMeters><Position><LatitudeDegrees>50.84867</LatitudeDegrees><LongitudeDegrees>4.416907</LongitudeDegrees></Position><AltitudeMeters>70.3</AltitudeMeters><Cadence>53</Cadence><Extensions><TPX xmlns="http://www.garmin.com/xmlschemas/ActivityExtension/v2"><Speed>1.34</Speed></TPX></Extensions></Trackpoint><Trackpoint><Time>2026-03-03T16:17:32+00:00</Time><DistanceMeters>1477.2</DistanceMeters><Position><LatitudeDegrees>50.848658</LatitudeDegrees><LongitudeDegrees>4.416909</LongitudeDegrees></Position><AltitudeMeters>70.4</AltitudeMeters><Cadence>53</Cadence><Extensions><TPX xmlns="http://www.garmin.com/xmlschemas/ActivityExtension/v2"><Speed>1.34</Speed></TPX></Extensions></Trackpoint><Trackpoint><Time>2026-03-03T16:17:33+00:00</Time><DistanceMeters>1478.6</DistanceMeters><Position><LatitudeDegrees>50.848646</LatitudeDegrees><LongitudeDegrees>4.416908</LongitudeDegrees></Position><AltitudeMeters>70.4</AltitudeMeters><Cadence>53</Cadence><Extensions><TPX xmlns="http://www.garmin.com/xmlschemas/ActivityExtension/v2"><Speed>1.36</Speed></TPX></Extensions></Trackpoint><Trackpoint><Time>2026-03-03T16:17:34+00:00</Time><DistanceMeters>1479.9</DistanceMeters><Position><LatitudeDegrees>50.848634</LatitudeDegrees><LongitudeDegrees>4.41691</LongitudeDegrees></Position><AltitudeMeters>70.5</AltitudeMeters><Cadence>54</Cadence><Extensions><TPX xmlns="http://www.garmin.com/xmlschemas/ActivityExtension/v2"><Speed>1.34</Speed></TPX></Extensions></Trackpoint><Trackpoint><Time>2026-03-03T16:17:35+00:00</Time><DistanceMeters>1481.2</DistanceMeters><Position><LatitudeDegrees>50.848623</LatitudeDegrees><LongitudeDegrees>4.416917</LongitudeDegrees></Position><AltitudeMeters>70.5</AltitudeMeters><Cadence>55</Cadence><Extensions><TPX xmlns="http://www.garmin.com/xmlschemas/ActivityExtension/v2"><Speed>1.32</Speed></TPX></Extensions></Trackpoint><Trackpoint><Time>2026-03-03T16:17:36+00:00</Time><DistanceMeters>1482.6</DistanceMeters><Position><LatitudeDegrees>50.848612</LatitudeDegrees><LongitudeDegrees>4.416927</LongitudeDegrees></Position><AltitudeMeters>70.5</AltitudeMeters><Cadence>55</Cadence><Extensions><TPX xmlns="http://www.garmin.com/xmlschemas/ActivityExtension/v2"><Speed>1.34</Speed></TPX></Extensions></Trackpoint><Trackpoint><Time>2026-03-03T16:17:37+00:00</Time><DistanceMeters>1483.8</DistanceMeters><Position><LatitudeDegrees>50.848602</LatitudeDegrees><LongitudeDegrees>4.416934</LongitudeDegrees></Position><AltitudeMeters>70.5</AltitudeMeters><Cadence>54</Cadence><Extensions><TPX xmlns="http://www.garmin.com/xmlschemas/ActivityExtension/v2"><Speed>1.32</Speed></TPX></Extensions></Trackpoint><Trackpoint><Time>2026-03-03T16:17:38+00:00</Time><DistanceMeters>1485.3</DistanceMeters><Position><LatitudeDegrees>50.848591</LatitudeDegrees><LongitudeDegrees>4.416946</LongitudeDegrees></Position><AltitudeMeters>70.6</AltitudeMeters><Cadence>54</Cadence><Extensions><TPX xmlns="http://www.garmin.com/xmlschemas/ActivityExtension/v2"><Speed>1.34</Speed></TPX></Extensions></Trackpoint><Trackpoint><Time>2026-03-03T16:17:39+00:00</Time><DistanceMeters>1486.6</DistanceMeters><Position><LatitudeDegrees>50.848581</LatitudeDegrees><LongitudeDegrees>4.416957</LongitudeDegrees></Position><AltitudeMeters>70.6</AltitudeMeters><Cadence>54</Cadence><Extensions><TPX xmlns="http://www.garmin.com/xmlschemas/ActivityExtension/v2"><Speed>1.34</Speed></TPX></Extensions></Trackpoint><Trackpoint><Time>2026-03-03T16:17:40+00:00</Time><DistanceMeters>1487.8</DistanceMeters><Position><LatitudeDegrees>50.848571</LatitudeDegrees><LongitudeDegrees>4.416964</LongitudeDegrees></Position><AltitudeMeters>70.6</AltitudeMeters><Cadence>54</Cadence><Extensions><TPX xmlns="http://www.garmin.com/xmlschemas/ActivityExtension/v2"><Speed>1.32</Speed></TPX></Extensions></Trackpoint><Trackpoint><Time>2026-03-03T16:17:41+00:00</Time><DistanceMeters>1489.2</DistanceMeters><Position><LatitudeDegrees>50.84856</LatitudeDegrees><LongitudeDegrees>4.416973</LongitudeDegrees></Position><AltitudeMeters>70.6</AltitudeMeters><Cadence>55</Cadence><Extensions><TPX xmlns="http://www.garmin.com/xmlschemas/ActivityExtension/v2"><Speed>1.32</Speed></TPX></Extensions></Trackpoint><Trackpoint><Time>2026-03-03T16:17:42+00:00</Time><DistanceMeters>1490.6</DistanceMeters><Position><LatitudeDegrees>50.848548</LatitudeDegrees><LongitudeDegrees>4.41698</LongitudeDegrees></Position><AltitudeMeters>70.6</AltitudeMeters><Cadence>55</Cadence><Extensions><TPX xmlns="http://www.garmin.com/xmlschemas/ActivityExtension/v2"><Speed>1.36</Speed></TPX></Extensions></Trackpoint><Trackpoint><Time>2026-03-03T16:17:43+00:00</Time><DistanceMeters>1491.9</DistanceMeters><Position><LatitudeDegrees>50.848537</LatitudeDegrees><LongitudeDegrees>4.416987</LongitudeDegrees></Position><AltitudeMeters>70.6</AltitudeMeters><Cadence>55</Cadence><Extensions><TPX xmlns="http://www.garmin.com/xmlschemas/ActivityExtension/v2"><Speed>1.32</Speed></TPX></Extensions></Trackpoint><Trackpoint><Time>2026-03-03T16:17:44+00:00</Time><DistanceMeters>1493.1</DistanceMeters><Position><LatitudeDegrees>50.848527</LatitudeDegrees><LongitudeDegrees>4.41699</LongitudeDegrees></Position><AltitudeMeters>70.6</AltitudeMeters><Cadence>55</Cadence><Extensions><TPX xmlns="http://www.garmin.com/xmlschemas/ActivityExtension/v2"><Speed>1.3</Speed></TPX></Extensions></Trackpoint><Trackpoint><Time>2026-03-03T16:17:45+00:00</Time><DistanceMeters>1494.5</DistanceMeters><Position><LatitudeDegrees>50.848515</LatitudeDegrees><LongitudeDegrees>4.416996</LongitudeDegrees></Position><AltitudeMeters>70.7</AltitudeMeters><Cadence>55</Cadence><Extensions><TPX xmlns="http://www.garmin.com/xmlschemas/ActivityExtension/v2"><Speed>1.34</Speed></TPX></Extensions></Trackpoint><Trackpoint><Time>2026-03-03T16:17:46+00:00</Time><DistanceMeters>1496.1</DistanceMeters><Position><LatitudeDegrees>50.848502</LatitudeDegrees><LongitudeDegrees>4.417018</LongitudeDegrees></Position><AltitudeMeters>70.7</AltitudeMeters><Cadence>55</Cadence><Extensions><TPX xmlns="http://www.garmin.com/xmlschemas/ActivityExtension/v2"><Speed>1.38</Speed></TPX></Extensions></Trackpoint><Trackpoint><Time>2026-03-03T16:17:47+00:00</Time><DistanceMeters>1497.6</DistanceMeters><Position><LatitudeDegrees>50.848489</LatitudeDegrees><LongitudeDegrees>4.417024</LongitudeDegrees></Position><AltitudeMeters>70.7</AltitudeMeters><Cadence>55</Cadence><Extensions><TPX xmlns="http://www.garmin.com/xmlschemas/ActivityExtension/v2"><Speed>1.4</Speed></TPX></Extensions></Trackpoint><Trackpoint><Time>2026-03-03T16:17:48+00:00</Time><DistanceMeters>1499.1</DistanceMeters><Position><LatitudeDegrees>50.848476</LatitudeDegrees><LongitudeDegrees>4.417031</LongitudeDegrees></Position><AltitudeMeters>70.7</AltitudeMeters><Cadence>54</Cadence><Extensions><TPX xmlns="http://www.garmin.com/xmlschemas/ActivityExtension/v2"><Speed>1.44</Speed></TPX></Extensions></Trackpoint><Trackpoint><Time>2026-03-03T16:17:49+00:00</Time><DistanceMeters>1500.5</DistanceMeters><Position><LatitudeDegrees>50.848463</LatitudeDegrees><LongitudeDegrees>4.41704</LongitudeDegrees></Position><AltitudeMeters>70.7</AltitudeMeters><Cadence>54</Cadence><Extensions><TPX xmlns="http://www.garmin.com/xmlschemas/ActivityExtension/v2"><Speed>1.48</Speed></TPX></Extensions></Trackpoint><Trackpoint><Time>2026-03-03T16:17:50+00:00</Time><DistanceMeters>1502.2</DistanceMeters><Position><LatitudeDegrees>50.848453</LatitudeDegrees><LongitudeDegrees>4.417071</LongitudeDegrees></Position><AltitudeMeters>70.7</AltitudeMeters><Cadence>54</Cadence><Extensions><TPX xmlns="http://www.garmin.com/xmlschemas/ActivityExtension/v2"><Speed>1.54</Speed></TPX></Extensions></Trackpoint><Trackpoint><Time>2026-03-03T16:17:51+00:00</Time><DistanceMeters>1503.3</DistanceMeters><Position><LatitudeDegrees>50.848443</LatitudeDegrees><LongitudeDegrees>4.417076</LongitudeDegrees></Position><AltitudeMeters>70.7</AltitudeMeters><Cadence>53</Cadence><Extensions><TPX xmlns="http://www.garmin.com/xmlschemas/ActivityExtension/v2"><Speed>1.44</Speed></TPX></Extensions></Trackpoint><Trackpoint><Time>2026-03-03T16:17:52+00:00</Time><DistanceMeters>1504.6</DistanceMeters><Position><LatitudeDegrees>50.848432</LatitudeDegrees><LongitudeDegrees>4.417081</LongitudeDegrees></Position><AltitudeMeters>70.7</AltitudeMeters><Cadence>53</Cadence><Extensions><TPX xmlns="http://www.garmin.com/xmlschemas/ActivityExtension/v2"><Speed>1.4</Speed></TPX></Extensions></Trackpoint><Trackpoint><Time>2026-03-03T16:17:53+00:00</Time><DistanceMeters>1505.8</DistanceMeters><Position><LatitudeDegrees>50.848421</LatitudeDegrees><LongitudeDegrees>4.417083</LongitudeDegrees></Position><AltitudeMeters>70.7</AltitudeMeters><Cadence>53</Cadence><Extensions><TPX xmlns="http://www.garmin.com/xmlschemas/ActivityExtension/v2"><Speed>1.34</Speed></TPX></Extensions></Trackpoint><Trackpoint><Time>2026-03-03T16:17:54+00:00</Time><DistanceMeters>1507.1</DistanceMeters><Position><LatitudeDegrees>50.848409</LatitudeDegrees><LongitudeDegrees>4.417086</LongitudeDegrees></Position><AltitudeMeters>70.7</AltitudeMeters><Cadence>53</Cadence><Extensions><TPX xmlns="http://www.garmin.com/xmlschemas/ActivityExtension/v2"><Speed>1.32</Speed></TPX></Extensions></Trackpoint><Trackpoint><Time>2026-03-03T16:17:55+00:00</Time><DistanceMeters>1508.4</DistanceMeters><Position><LatitudeDegrees>50.848398</LatitudeDegrees><LongitudeDegrees>4.417093</LongitudeDegrees></Position><AltitudeMeters>70.7</AltitudeMeters><Cadence>53</Cadence><Extensions><TPX xmlns="http://www.garmin.com/xmlschemas/ActivityExtension/v2"><Speed>1.24</Speed></TPX></Extensions></Trackpoint><Trackpoint><Time>2026-03-03T16:17:56+00:00</Time><DistanceMeters>1509.8</DistanceMeters><Position><LatitudeDegrees>50.848386</LatitudeDegrees><LongitudeDegrees>4.417098</LongitudeDegrees></Position><AltitudeMeters>70.7</AltitudeMeters><Cadence>54</Cadence><Extensions><TPX xmlns="http://www.garmin.com/xmlschemas/ActivityExtension/v2"><Speed>1.3</Speed></TPX></Extensions></Trackpoint><Trackpoint><Time>2026-03-03T16:17:57+00:00</Time><DistanceMeters>1511.1</DistanceMeters><Position><LatitudeDegrees>50.848374</LatitudeDegrees><LongitudeDegrees>4.4171</LongitudeDegrees></Position><AltitudeMeters>70.7</AltitudeMeters><Cadence>54</Cadence><Extensions><TPX xmlns="http://www.garmin.com/xmlschemas/ActivityExtension/v2"><Speed>1.3</Speed></TPX></Extensions></Trackpoint><Trackpoint><Time>2026-03-03T16:17:58+00:00</Time><DistanceMeters>1512.3</DistanceMeters><Position><LatitudeDegrees>50.848364</LatitudeDegrees><LongitudeDegrees>4.417106</LongitudeDegrees></Position><AltitudeMeters>70.7</AltitudeMeters><Cadence>54</Cadence><Extensions><TPX xmlns="http://www.garmin.com/xmlschemas/ActivityExtension/v2"><Speed>1.3</Speed></TPX></Extensions></Trackpoint><Trackpoint><Time>2026-03-03T16:17:59+00:00</Time><DistanceMeters>1513.6</DistanceMeters><Position><LatitudeDegrees>50.848353</LatitudeDegrees><LongitudeDegrees>4.417108</LongitudeDegrees></Position><AltitudeMeters>70.7</AltitudeMeters><Cadence>54</Cadence><Extensions><TPX xmlns="http://www.garmin.com/xmlschemas/ActivityExtension/v2"><Speed>1.3</Speed></TPX></Extensions></Trackpoint><Trackpoint><Time>2026-03-03T16:18:00+00:00</Time><DistanceMeters>1514.5</DistanceMeters><Position><LatitudeDegrees>50.848344</LatitudeDegrees><LongitudeDegrees>4.417111</LongitudeDegrees></Position><AltitudeMeters>70.7</AltitudeMeters><Cadence>54</Cadence><Extensions><TPX xmlns="http://www.garmin.com/xmlschemas/ActivityExtension/v2"><Speed>1.22</Speed></TPX></Extensions></Trackpoint><Trackpoint><Time>2026-03-03T16:18:01+00:00</Time><DistanceMeters>1515.7</DistanceMeters><Position><LatitudeDegrees>50.848334</LatitudeDegrees><LongitudeDegrees>4.417109</LongitudeDegrees></Position><AltitudeMeters>70.8</AltitudeMeters><Cadence>54</Cadence><Extensions><TPX xmlns="http://www.garmin.com/xmlschemas/ActivityExtension/v2"><Speed>1.18</Speed></TPX></Extensions></Trackpoint><Trackpoint><Time>2026-03-03T16:18:02+00:00</Time><DistanceMeters>1517.2</DistanceMeters><Position><LatitudeDegrees>50.848321</LatitudeDegrees><LongitudeDegrees>4.417104</LongitudeDegrees></Position><AltitudeMeters>70.8</AltitudeMeters><Cadence>53</Cadence><Extensions><TPX xmlns="http://www.garmin.com/xmlschemas/ActivityExtension/v2"><Speed>1.22</Speed></TPX></Extensions></Trackpoint><Trackpoint><Time>2026-03-03T16:18:03+00:00</Time><DistanceMeters>1518.7</DistanceMeters><Position><LatitudeDegrees>50.848307</LatitudeDegrees><LongitudeDegrees>4.417095</LongitudeDegrees></Position><AltitudeMeters>70.8</AltitudeMeters><Cadence>52</Cadence><Extensions><TPX xmlns="http://www.garmin.com/xmlschemas/ActivityExtension/v2"><Speed>1.28</Speed></TPX></Extensions></Trackpoint><Trackpoint><Time>2026-03-03T16:18:04+00:00</Time><DistanceMeters>1519.4</DistanceMeters><Position><LatitudeDegrees>50.8483</LatitudeDegrees><LongitudeDegrees>4.417093</LongitudeDegrees></Position><AltitudeMeters>70.8</AltitudeMeters><Cadence>52</Cadence><Extensions><TPX xmlns="http://www.garmin.com/xmlschemas/ActivityExtension/v2"><Speed>1.16</Speed></TPX></Extensions></Trackpoint><Trackpoint><Time>2026-03-03T16:18:05+00:00</Time><DistanceMeters>1520.4</DistanceMeters><Position><LatitudeDegrees>50.848291</LatitudeDegrees><LongitudeDegrees>4.417091</LongitudeDegrees></Position><AltitudeMeters>70.8</AltitudeMeters><Cadence>52</Cadence><Extensions><TPX xmlns="http://www.garmin.com/xmlschemas/ActivityExtension/v2"><Speed>1.18</Speed></TPX></Extensions></Trackpoint><Trackpoint><Time>2026-03-03T16:18:06+00:00</Time><DistanceMeters>1521.5</DistanceMeters><Position><LatitudeDegrees>50.848281</LatitudeDegrees><LongitudeDegrees>4.41709</LongitudeDegrees></Position><AltitudeMeters>70.8</AltitudeMeters><Cadence>55</Cadence><Extensions><TPX xmlns="http://www.garmin.com/xmlschemas/ActivityExtension/v2"><Speed>1.16</Speed></TPX></Extensions></Trackpoint><Trackpoint><Time>2026-03-03T16:18:07+00:00</Time><DistanceMeters>1522.7</DistanceMeters><Position><LatitudeDegrees>50.84827</LatitudeDegrees><LongitudeDegrees>4.417093</LongitudeDegrees></Position><AltitudeMeters>70.8</AltitudeMeters><Cadence>55</Cadence><Extensions><TPX xmlns="http://www.garmin.com/xmlschemas/ActivityExtension/v2"><Speed>1.1</Speed></TPX></Extensions></Trackpoint><Trackpoint><Time>2026-03-03T16:18:08+00:00</Time><DistanceMeters>1523.9</DistanceMeters><Position><LatitudeDegrees>50.848259</LatitudeDegrees><LongitudeDegrees>4.417096</LongitudeDegrees></Position><AltitudeMeters>70.8</AltitudeMeters><Cadence>54</Cadence><Extensions><TPX xmlns="http://www.garmin.com/xmlschemas/ActivityExtension/v2"><Speed>1.04</Speed></TPX></Extensions></Trackpoint><Trackpoint><Time>2026-03-03T16:18:09+00:00</Time><DistanceMeters>1525.0</DistanceMeters><Position><LatitudeDegrees>50.84825</LatitudeDegrees><LongitudeDegrees>4.417098</LongitudeDegrees></Position><AltitudeMeters>70.8</AltitudeMeters><Cadence>54</Cadence><Extensions><TPX xmlns="http://www.garmin.com/xmlschemas/ActivityExtension/v2"><Speed>1.12</Speed></TPX></Extensions></Trackpoint><Trackpoint><Time>2026-03-03T16:18:10+00:00</Time><DistanceMeters>1525.9</DistanceMeters><Position><LatitudeDegrees>50.848241</LatitudeDegrees><LongitudeDegrees>4.417095</LongitudeDegrees></Position><AltitudeMeters>70.8</AltitudeMeters><Cadence>54</Cadence><Extensions><TPX xmlns="http://www.garmin.com/xmlschemas/ActivityExtension/v2"><Speed>1.1</Speed></TPX></Extensions></Trackpoint><Trackpoint><Time>2026-03-03T16:18:11+00:00</Time><DistanceMeters>1526.8</DistanceMeters><Position><LatitudeDegrees>50.848233</LatitudeDegrees><LongitudeDegrees>4.417094</LongitudeDegrees></Position><AltitudeMeters>70.8</AltitudeMeters><Cadence>56</Cadence><Extensions><TPX xmlns="http://www.garmin.com/xmlschemas/ActivityExtension/v2"><Speed>1.06</Speed></TPX></Extensions></Trackpoint><Trackpoint><Time>2026-03-03T16:18:12+00:00</Time><DistanceMeters>1527.7</DistanceMeters><Position><LatitudeDegrees>50.848224</LatitudeDegrees><LongitudeDegrees>4.417094</LongitudeDegrees></Position><AltitudeMeters>70.8</AltitudeMeters><Cadence>59</Cadence><Extensions><TPX xmlns="http://www.garmin.com/xmlschemas/ActivityExtension/v2"><Speed>1.0</Speed></TPX></Extensions></Trackpoint><Trackpoint><Time>2026-03-03T16:18:13+00:00</Time><DistanceMeters>1528.9</DistanceMeters><Position><LatitudeDegrees>50.848214</LatitudeDegrees><LongitudeDegrees>4.417092</LongitudeDegrees></Position><AltitudeMeters>70.8</AltitudeMeters><Cadence>59</Cadence><Extensions><TPX xmlns="http://www.garmin.com/xmlschemas/ActivityExtension/v2"><Speed>1.0</Speed></TPX></Extensions></Trackpoint><Trackpoint><Time>2026-03-03T16:18:14+00:00</Time><DistanceMeters>1529.9</DistanceMeters><Position><LatitudeDegrees>50.848205</LatitudeDegrees><LongitudeDegrees>4.41709</LongitudeDegrees></Position><AltitudeMeters>70.8</AltitudeMeters><Cadence>59</Cadence><Extensions><TPX xmlns="http://www.garmin.com/xmlschemas/ActivityExtension/v2"><Speed>0.98</Speed></TPX></Extensions></Trackpoint><Trackpoint><Time>2026-03-03T16:18:15+00:00</Time><DistanceMeters>1531.3</DistanceMeters><Position><LatitudeDegrees>50.848194</LatitudeDegrees><LongitudeDegrees>4.41708</LongitudeDegrees></Position><AltitudeMeters>70.8</AltitudeMeters><Cadence>59</Cadence><Extensions><TPX xmlns="http://www.garmin.com/xmlschemas/ActivityExtension/v2"><Speed>1.08</Speed></TPX></Extensions></Trackpoint><Trackpoint><Time>2026-03-03T16:18:16+00:00</Time><DistanceMeters>1532.5</DistanceMeters><Position><LatitudeDegrees>50.848184</LatitudeDegrees><LongitudeDegrees>4.417071</LongitudeDegrees></Position><AltitudeMeters>70.8</AltitudeMeters><Cadence>53</Cadence><Extensions><TPX xmlns="http://www.garmin.com/xmlschemas/ActivityExtension/v2"><Speed>1.14</Speed></TPX></Extensions></Trackpoint><Trackpoint><Time>2026-03-03T16:18:17+00:00</Time><DistanceMeters>1533.6</DistanceMeters><Position><LatitudeDegrees>50.848175</LatitudeDegrees><LongitudeDegrees>4.417069</LongitudeDegrees></Position><AltitudeMeters>70.8</AltitudeMeters><Cadence>53</Cadence><Extensions><TPX xmlns="http://www.garmin.com/xmlschemas/ActivityExtension/v2"><Speed>1.18</Speed></TPX></Extensions></Trackpoint><Trackpoint><Time>2026-03-03T16:18:18+00:00</Time><DistanceMeters>1534.6</DistanceMeters><Position><LatitudeDegrees>50.848166</LatitudeDegrees><LongitudeDegrees>4.417065</LongitudeDegrees></Position><AltitudeMeters>70.8</AltitudeMeters><Cadence>53</Cadence><Extensions><TPX xmlns="http://www.garmin.com/xmlschemas/ActivityExtension/v2"><Speed>1.14</Speed></TPX></Extensions></Trackpoint><Trackpoint><Time>2026-03-03T16:18:19+00:00</Time><DistanceMeters>1535.4</DistanceMeters><Position><LatitudeDegrees>50.84816</LatitudeDegrees><LongitudeDegrees>4.417056</LongitudeDegrees></Position><AltitudeMeters>70.8</AltitudeMeters><Cadence>53</Cadence><Extensions><TPX xmlns="http://www.garmin.com/xmlschemas/ActivityExtension/v2"><Speed>1.1</Speed></TPX></Extensions></Trackpoint><Trackpoint><Time>2026-03-03T16:18:20+00:00</Time><DistanceMeters>1536.2</DistanceMeters><Position><LatitudeDegrees>50.848155</LatitudeDegrees><LongitudeDegrees>4.41705</LongitudeDegrees></Position><AltitudeMeters>70.8</AltitudeMeters><Cadence>53</Cadence><Extensions><TPX xmlns="http://www.garmin.com/xmlschemas/ActivityExtension/v2"><Speed>0.98</Speed></TPX></Extensions></Trackpoint><Trackpoint><Time>2026-03-03T16:18:21+00:00</Time><DistanceMeters>1537.0</DistanceMeters><Position><LatitudeDegrees>50.848148</LatitudeDegrees><LongitudeDegrees>4.417044</LongitudeDegrees></Position><AltitudeMeters>70.8</AltitudeMeters><Cadence>53</Cadence><Extensions><TPX xmlns="http://www.garmin.com/xmlschemas/ActivityExtension/v2"><Speed>0.9</Speed></TPX></Extensions></Trackpoint><Trackpoint><Time>2026-03-03T16:18:22+00:00</Time><DistanceMeters>1537.0</DistanceMeters><Position><LatitudeDegrees>50.848149</LatitudeDegrees><LongitudeDegrees>4.417045</LongitudeDegrees></Position><AltitudeMeters>70.8</AltitudeMeters><Cadence>50</Cadence><Extensions><TPX xmlns="http://www.garmin.com/xmlschemas/ActivityExtension/v2"><Speed>0.68</Speed></TPX></Extensions></Trackpoint><Trackpoint><Time>2026-03-03T16:18:23+00:00</Time><DistanceMeters>1537.0</DistanceMeters><Position><LatitudeDegrees>50.848148</LatitudeDegrees><LongitudeDegrees>4.417048</LongitudeDegrees></Position><AltitudeMeters>70.8</AltitudeMeters><Extensions><TPX xmlns="http://www.garmin.com/xmlschemas/ActivityExtension/v2"><Speed>0.48</Speed></TPX></Extensions></Trackpoint><Trackpoint><Time>2026-03-03T16:18:24+00:00</Time><DistanceMeters>1537.2</DistanceMeters><Position><LatitudeDegrees>50.848147</LatitudeDegrees><LongitudeDegrees>4.417047</LongitudeDegrees></Position><AltitudeMeters>70.8</AltitudeMeters><Extensions><TPX xmlns="http://www.garmin.com/xmlschemas/ActivityExtension/v2"><Speed>0.36</Speed></TPX></Extensions></Trackpoint><Trackpoint><Time>2026-03-03T16:18:25+00:00</Time><DistanceMeters>1537.3</DistanceMeters><Position><LatitudeDegrees>50.848145</LatitudeDegrees><LongitudeDegrees>4.417055</LongitudeDegrees></Position><AltitudeMeters>70.8</AltitudeMeters><Extensions><TPX xmlns="http://www.garmin.com/xmlschemas/ActivityExtension/v2"><Speed>0.22</Speed></TPX></Extensions></Trackpoint><Trackpoint><Time>2026-03-03T16:18:26+00:00</Time><DistanceMeters>1537.3</DistanceMeters><Position><LatitudeDegrees>50.848145</LatitudeDegrees><LongitudeDegrees>4.417054</LongitudeDegrees></Position><AltitudeMeters>70.8</AltitudeMeters><Extensions><TPX xmlns="http://www.garmin.com/xmlschemas/ActivityExtension/v2"><Speed>0.06</Speed></TPX></Extensions></Trackpoint><Trackpoint><Time>2026-03-03T16:18:27+00:00</Time><DistanceMeters>1537.3</DistanceMeters><Position><LatitudeDegrees>50.848144</LatitudeDegrees><LongitudeDegrees>4.417058</LongitudeDegrees></Position><AltitudeMeters>70.8</AltitudeMeters><Extensions><TPX xmlns="http://www.garmin.com/xmlschemas/ActivityExtension/v2"><Speed>0.06</Speed></TPX></Extensions></Trackpoint><Trackpoint><Time>2026-03-03T16:18:28+00:00</Time><DistanceMeters>1537.6</DistanceMeters><Position><LatitudeDegrees>50.848142</LatitudeDegrees><LongitudeDegrees>4.417063</LongitudeDegrees></Position><AltitudeMeters>70.8</AltitudeMeters><Extensions><TPX xmlns="http://www.garmin.com/xmlschemas/ActivityExtension/v2"><Speed>0.12</Speed></TPX></Extensions></Trackpoint><Trackpoint><Time>2026-03-03T16:18:29+00:00</Time><DistanceMeters>1537.6</DistanceMeters><Position><LatitudeDegrees>50.848142</LatitudeDegrees><LongitudeDegrees>4.417066</LongitudeDegrees></Position><AltitudeMeters>70.8</AltitudeMeters><Extensions><TPX xmlns="http://www.garmin.com/xmlschemas/ActivityExtension/v2"><Speed>0.08</Speed></TPX></Extensions></Trackpoint><Trackpoint><Time>2026-03-03T16:18:30+00:00</Time><DistanceMeters>1537.8</DistanceMeters><Position><LatitudeDegrees>50.848141</LatitudeDegrees><LongitudeDegrees>4.41707</LongitudeDegrees></Position><AltitudeMeters>70.8</AltitudeMeters><Extensions><TPX xmlns="http://www.garmin.com/xmlschemas/ActivityExtension/v2"><Speed>0.1</Speed></TPX></Extensions></Trackpoint><Trackpoint><Time>2026-03-03T16:18:31+00:00</Time><DistanceMeters>1537.8</DistanceMeters><Position><LatitudeDegrees>50.84814</LatitudeDegrees><LongitudeDegrees>4.417073</LongitudeDegrees></Position><AltitudeMeters>70.8</AltitudeMeters><Extensions><TPX xmlns="http://www.garmin.com/xmlschemas/ActivityExtension/v2"><Speed>0.1</Speed></TPX></Extensions></Trackpoint><Trackpoint><Time>2026-03-03T16:18:32+00:00</Time><DistanceMeters>1537.9</DistanceMeters><Position><LatitudeDegrees>50.848138</LatitudeDegrees><LongitudeDegrees>4.417078</LongitudeDegrees></Position><AltitudeMeters>70.8</AltitudeMeters><Extensions><TPX xmlns="http://www.garmin.com/xmlschemas/ActivityExtension/v2"><Speed>0.12</Speed></TPX></Extensions></Trackpoint><Trackpoint><Time>2026-03-03T16:18:33+00:00</Time><DistanceMeters>1538.1</DistanceMeters><Position><LatitudeDegrees>50.848138</LatitudeDegrees><LongitudeDegrees>4.417087</LongitudeDegrees></Position><AltitudeMeters>70.9</AltitudeMeters><Extensions><TPX xmlns="http://www.garmin.com/xmlschemas/ActivityExtension/v2"><Speed>0.1</Speed></TPX></Extensions></Trackpoint><Trackpoint><Time>2026-03-03T16:18:34+00:00</Time><DistanceMeters>1538.5</DistanceMeters><Position><LatitudeDegrees>50.848135</LatitudeDegrees><LongitudeDegrees>4.41709</LongitudeDegrees></Position><AltitudeMeters>70.9</AltitudeMeters><Extensions><TPX xmlns="http://www.garmin.com/xmlschemas/ActivityExtension/v2"><Speed>0.18</Speed></TPX></Extensions></Trackpoint><Trackpoint><Time>2026-03-03T16:18:35+00:00</Time><DistanceMeters>1538.6</DistanceMeters><Position><LatitudeDegrees>50.848134</LatitudeDegrees><LongitudeDegrees>4.417093</LongitudeDegrees></Position><AltitudeMeters>70.9</AltitudeMeters><Extensions><TPX xmlns="http://www.garmin.com/xmlschemas/ActivityExtension/v2"><Speed>0.16</Speed></TPX></Extensions></Trackpoint><Trackpoint><Time>2026-03-03T16:18:36+00:00</Time><DistanceMeters>1538.8</DistanceMeters><Position><LatitudeDegrees>50.848132</LatitudeDegrees><LongitudeDegrees>4.417098</LongitudeDegrees></Position><AltitudeMeters>70.9</AltitudeMeters><Extensions><TPX xmlns="http://www.garmin.com/xmlschemas/ActivityExtension/v2"><Speed>0.2</Speed></TPX></Extensions></Trackpoint><Trackpoint><Time>2026-03-03T16:18:37+00:00</Time><DistanceMeters>1539.1</DistanceMeters><Position><LatitudeDegrees>50.848132</LatitudeDegrees><LongitudeDegrees>4.417104</LongitudeDegrees></Position><AltitudeMeters>70.9</AltitudeMeters><Extensions><TPX xmlns="http://www.garmin.com/xmlschemas/ActivityExtension/v2"><Speed>0.24</Speed></TPX></Extensions></Trackpoint><Trackpoint><Time>2026-03-03T16:18:38+00:00</Time><DistanceMeters>1539.3</DistanceMeters><Position><LatitudeDegrees>50.848133</LatitudeDegrees><LongitudeDegrees>4.417109</LongitudeDegrees></Position><AltitudeMeters>70.9</AltitudeMeters><Extensions><TPX xmlns="http://www.garmin.com/xmlschemas/ActivityExtension/v2"><Speed>0.24</Speed></TPX></Extensions></Trackpoint><Trackpoint><Time>2026-03-03T16:18:39+00:00</Time><DistanceMeters>1539.8</DistanceMeters><Position><LatitudeDegrees>50.848134</LatitudeDegrees><LongitudeDegrees>4.417118</LongitudeDegrees></Position><AltitudeMeters>70.9</AltitudeMeters><Extensions><TPX xmlns="http://www.garmin.com/xmlschemas/ActivityExtension/v2"><Speed>0.26</Speed></TPX></Extensions></Trackpoint><Trackpoint><Time>2026-03-03T16:18:40+00:00</Time><DistanceMeters>1540.6</DistanceMeters><Position><LatitudeDegrees>50.848137</LatitudeDegrees><LongitudeDegrees>4.417128</LongitudeDegrees></Position><AltitudeMeters>70.9</AltitudeMeters><Extensions><TPX xmlns="http://www.garmin.com/xmlschemas/ActivityExtension/v2"><Speed>0.4</Speed></TPX></Extensions></Trackpoint><Trackpoint><Time>2026-03-03T16:18:41+00:00</Time><DistanceMeters>1541.4</DistanceMeters><Position><LatitudeDegrees>50.848138</LatitudeDegrees><LongitudeDegrees>4.417139</LongitudeDegrees></Position><AltitudeMeters>70.9</AltitudeMeters><Extensions><TPX xmlns="http://www.garmin.com/xmlschemas/ActivityExtension/v2"><Speed>0.52</Speed></TPX></Extensions></Trackpoint><Trackpoint><Time>2026-03-03T16:18:42+00:00</Time><DistanceMeters>1542.9</DistanceMeters><Position><LatitudeDegrees>50.848141</LatitudeDegrees><LongitudeDegrees>4.41716</LongitudeDegrees></Position><AltitudeMeters>70.9</AltitudeMeters><Extensions><TPX xmlns="http://www.garmin.com/xmlschemas/ActivityExtension/v2"><Speed>0.76</Speed></TPX></Extensions></Trackpoint><Trackpoint><Time>2026-03-03T16:18:43+00:00</Time><DistanceMeters>1543.4</DistanceMeters><Position><LatitudeDegrees>50.848143</LatitudeDegrees><LongitudeDegrees>4.417167</LongitudeDegrees></Position><AltitudeMeters>70.9</AltitudeMeters><Extensions><TPX xmlns="http://www.garmin.com/xmlschemas/ActivityExtension/v2"><Speed>0.82</Speed></TPX></Extensions></Trackpoint><Trackpoint><Time>2026-03-03T16:18:44+00:00</Time><DistanceMeters>1544.0</DistanceMeters><Position><LatitudeDegrees>50.848145</LatitudeDegrees><LongitudeDegrees>4.417175</LongitudeDegrees></Position><AltitudeMeters>70.9</AltitudeMeters><Extensions><TPX xmlns="http://www.garmin.com/xmlschemas/ActivityExtension/v2"><Speed>0.84</Speed></TPX></Extensions></Trackpoint><Trackpoint><Time>2026-03-03T16:18:45+00:00</Time><DistanceMeters>1544.6</DistanceMeters><Position><LatitudeDegrees>50.848148</LatitudeDegrees><LongitudeDegrees>4.417183</LongitudeDegrees></Position><AltitudeMeters>70.9</AltitudeMeters><Extensions><TPX xmlns="http://www.garmin.com/xmlschemas/ActivityExtension/v2"><Speed>0.8</Speed></TPX></Extensions></Trackpoint><Trackpoint><Time>2026-03-03T16:18:46+00:00</Time><DistanceMeters>1545.0</DistanceMeters><Position><LatitudeDegrees>50.84815</LatitudeDegrees><LongitudeDegrees>4.417189</LongitudeDegrees></Position><AltitudeMeters>70.9</AltitudeMeters><Extensions><TPX xmlns="http://www.garmin.com/xmlschemas/ActivityExtension/v2"><Speed>0.72</Speed></TPX></Extensions></Trackpoint><Trackpoint><Time>2026-03-03T16:18:47+00:00</Time><DistanceMeters>1545.2</DistanceMeters><Position><LatitudeDegrees>50.848151</LatitudeDegrees><LongitudeDegrees>4.417192</LongitudeDegrees></Position><AltitudeMeters>70.9</AltitudeMeters><Extensions><TPX xmlns="http://www.garmin.com/xmlschemas/ActivityExtension/v2"><Speed>0.46</Speed></TPX></Extensions></Trackpoint><Trackpoint><Time>2026-03-03T16:18:48+00:00</Time><DistanceMeters>1545.5</DistanceMeters><Position><LatitudeDegrees>50.848152</LatitudeDegrees><LongitudeDegrees>4.417194</LongitudeDegrees></Position><AltitudeMeters>70.9</AltitudeMeters><Extensions><TPX xmlns="http://www.garmin.com/xmlschemas/ActivityExtension/v2"><Speed>0.42</Speed></TPX></Extensions></Trackpoint><Trackpoint><Time>2026-03-03T16:18:49+00:00</Time><DistanceMeters>1545.8</DistanceMeters><Position><LatitudeDegrees>50.848154</LatitudeDegrees><LongitudeDegrees>4.417198</LongitudeDegrees></Position><AltitudeMeters>70.9</AltitudeMeters><Extensions><TPX xmlns="http://www.garmin.com/xmlschemas/ActivityExtension/v2"><Speed>0.36</Speed></TPX></Extensions></Trackpoint><Trackpoint><Time>2026-03-03T16:18:50+00:00</Time><DistanceMeters>1546.1</DistanceMeters><Position><LatitudeDegrees>50.848156</LatitudeDegrees><LongitudeDegrees>4.4172</LongitudeDegrees></Position><AltitudeMeters>70.9</AltitudeMeters><Extensions><TPX xmlns="http://www.garmin.com/xmlschemas/ActivityExtension/v2"><Speed>0.3</Speed></TPX></Extensions></Trackpoint><Trackpoint><Time>2026-03-03T16:18:51+00:00</Time><DistanceMeters>1546.2</DistanceMeters><Position><LatitudeDegrees>50.848156</LatitudeDegrees><LongitudeDegrees>4.417202</LongitudeDegrees></Position><AltitudeMeters>70.9</AltitudeMeters><Extensions><TPX xmlns="http://www.garmin.com/xmlschemas/ActivityExtension/v2"><Speed>0.24</Speed></TPX></Extensions></Trackpoint><Trackpoint><Time>2026-03-03T16:18:52+00:00</Time><DistanceMeters>1546.6</DistanceMeters><Position><LatitudeDegrees>50.848158</LatitudeDegrees><LongitudeDegrees>4.417206</LongitudeDegrees></Position><AltitudeMeters>70.9</AltitudeMeters><Extensions><TPX xmlns="http://www.garmin.com/xmlschemas/ActivityExtension/v2"><Speed>0.28</Speed></TPX></Extensions></Trackpoint><Trackpoint><Time>2026-03-03T16:18:53+00:00</Time><DistanceMeters>1546.9</DistanceMeters><Position><LatitudeDegrees>50.84816</LatitudeDegrees><LongitudeDegrees>4.417209</LongitudeDegrees></Position><AltitudeMeters>70.9</AltitudeMeters><Extensions><TPX xmlns="http://www.garmin.com/xmlschemas/ActivityExtension/v2"><Speed>0.28</Speed></TPX></Extensions></Trackpoint><Trackpoint><Time>2026-03-03T16:18:54+00:00</Time><DistanceMeters>1547.1</DistanceMeters><Position><LatitudeDegrees>50.848161</LatitudeDegrees><LongitudeDegrees>4.417212</LongitudeDegrees></Position><AltitudeMeters>70.9</AltitudeMeters><Extensions><TPX xmlns="http://www.garmin.com/xmlschemas/ActivityExtension/v2"><Speed>0.26</Speed></TPX></Extensions></Trackpoint><Trackpoint><Time>2026-03-03T16:18:55+00:00</Time><DistanceMeters>1547.5</DistanceMeters><Position><LatitudeDegrees>50.848164</LatitudeDegrees><LongitudeDegrees>4.417216</LongitudeDegrees></Position><AltitudeMeters>70.9</AltitudeMeters><Extensions><TPX xmlns="http://www.garmin.com/xmlschemas/ActivityExtension/v2"><Speed>0.28</Speed></TPX></Extensions></Trackpoint><Trackpoint><Time>2026-03-03T16:18:56+00:00</Time><DistanceMeters>1547.6</DistanceMeters><Position><LatitudeDegrees>50.848163</LatitudeDegrees><LongitudeDegrees>4.417219</LongitudeDegrees></Position><AltitudeMeters>70.9</AltitudeMeters><Extensions><TPX xmlns="http://www.garmin.com/xmlschemas/ActivityExtension/v2"><Speed>0.28</Speed></TPX></Extensions></Trackpoint><Trackpoint><Time>2026-03-03T16:18:57+00:00</Time><DistanceMeters>1549.5</DistanceMeters><Position><LatitudeDegrees>50.848167</LatitudeDegrees><LongitudeDegrees>4.417247</LongitudeDegrees></Position><AltitudeMeters>70.9</AltitudeMeters><Extensions><TPX xmlns="http://www.garmin.com/xmlschemas/ActivityExtension/v2"><Speed>0.58</Speed></TPX></Extensions></Trackpoint><Trackpoint><Time>2026-03-03T16:18:58+00:00</Time><DistanceMeters>1551.7</DistanceMeters><Position><LatitudeDegrees>50.84817</LatitudeDegrees><LongitudeDegrees>4.417277</LongitudeDegrees></Position><AltitudeMeters>70.9</AltitudeMeters><Extensions><TPX xmlns="http://www.garmin.com/xmlschemas/ActivityExtension/v2"><Speed>0.96</Speed></TPX></Extensions></Trackpoint><Trackpoint><Time>2026-03-03T16:18:59+00:00</Time><DistanceMeters>1553.9</DistanceMeters><Position><LatitudeDegrees>50.848173</LatitudeDegrees><LongitudeDegrees>4.41731</LongitudeDegrees></Position><AltitudeMeters>70.9</AltitudeMeters><Extensions><TPX xmlns="http://www.garmin.com/xmlschemas/ActivityExtension/v2"><Speed>1.36</Speed></TPX></Extensions></Trackpoint><Trackpoint><Time>2026-03-03T16:19:00+00:00</Time><DistanceMeters>1553.9</DistanceMeters><Position><LatitudeDegrees>50.848169</LatitudeDegrees><LongitudeDegrees>4.417309</LongitudeDegrees></Position><AltitudeMeters>70.9</AltitudeMeters><Extensions><TPX xmlns="http://www.garmin.com/xmlschemas/ActivityExtension/v2"><Speed>1.28</Speed></TPX></Extensions></Trackpoint><Trackpoint><Time>2026-03-03T16:19:01+00:00</Time><DistanceMeters>1553.9</DistanceMeters><Position><LatitudeDegrees>50.848169</LatitudeDegrees><LongitudeDegrees>4.417302</LongitudeDegrees></Position><AltitudeMeters>70.9</AltitudeMeters><Extensions><TPX xmlns="http://www.garmin.com/xmlschemas/ActivityExtension/v2"><Speed>1.26</Speed></TPX></Extensions></Trackpoint><Trackpoint><Time>2026-03-03T16:19:02+00:00</Time><DistanceMeters>1553.9</DistanceMeters><Position><LatitudeDegrees>50.848167</LatitudeDegrees><LongitudeDegrees>4.417293</LongitudeDegrees></Position><AltitudeMeters>70.9</AltitudeMeters><Extensions><TPX xmlns="http://www.garmin.com/xmlschemas/ActivityExtension/v2"><Speed>0.88</Speed></TPX></Extensions></Trackpoint><Trackpoint><Time>2026-03-03T16:19:03+00:00</Time><DistanceMeters>1553.9</DistanceMeters><Position><LatitudeDegrees>50.848166</LatitudeDegrees><LongitudeDegrees>4.417283</LongitudeDegrees></Position><AltitudeMeters>70.9</AltitudeMeters><Extensions><TPX xmlns="http://www.garmin.com/xmlschemas/ActivityExtension/v2"><Speed>0.44</Speed></TPX></Extensions></Trackpoint><Trackpoint><Time>2026-03-03T16:19:04+00:00</Time><DistanceMeters>1553.9</DistanceMeters><Position><LatitudeDegrees>50.848166</LatitudeDegrees><LongitudeDegrees>4.417273</LongitudeDegrees></Position><AltitudeMeters>70.9</AltitudeMeters><Extensions><TPX xmlns="http://www.garmin.com/xmlschemas/ActivityExtension/v2"><Speed>0.0</Speed></TPX></Extensions></Trackpoint><Trackpoint><Time>2026-03-03T16:19:05+00:00</Time><DistanceMeters>1554.0</DistanceMeters><Position><LatitudeDegrees>50.848166</LatitudeDegrees><LongitudeDegrees>4.417261</LongitudeDegrees></Position><AltitudeMeters>70.9</AltitudeMeters><Extensions><TPX xmlns="http://www.garmin.com/xmlschemas/ActivityExtension/v2"><Speed>0.02</Speed></TPX></Extensions></Trackpoint><Trackpoint><Time>2026-03-03T16:19:06+00:00</Time><DistanceMeters>1554.4</DistanceMeters><Position><LatitudeDegrees>50.848165</LatitudeDegrees><LongitudeDegrees>4.417252</LongitudeDegrees></Position><AltitudeMeters>70.9</AltitudeMeters><Extensions><TPX xmlns="http://www.garmin.com/xmlschemas/ActivityExtension/v2"><Speed>0.1</Speed></TPX></Extensions></Trackpoint><Trackpoint><Time>2026-03-03T16:19:07+00:00</Time><DistanceMeters>1555.0</DistanceMeters><Position><LatitudeDegrees>50.848163</LatitudeDegrees><LongitudeDegrees>4.417242</LongitudeDegrees></Position><AltitudeMeters>70.9</AltitudeMeters><Extensions><TPX xmlns="http://www.garmin.com/xmlschemas/ActivityExtension/v2"><Speed>0.22</Speed></TPX></Extensions></Trackpoint><Trackpoint><Time>2026-03-03T16:19:08+00:00</Time><DistanceMeters>1555.2</DistanceMeters><Position><LatitudeDegrees>50.848164</LatitudeDegrees><LongitudeDegrees>4.417239</LongitudeDegrees></Position><AltitudeMeters>70.9</AltitudeMeters><Extensions><TPX xmlns="http://www.garmin.com/xmlschemas/ActivityExtension/v2"><Speed>0.26</Speed></TPX></Extensions></Trackpoint><Trackpoint><Time>2026-03-03T16:19:09+00:00</Time><DistanceMeters>1555.4</DistanceMeters><Position><LatitudeDegrees>50.848163</LatitudeDegrees><LongitudeDegrees>4.417235</LongitudeDegrees></Position><AltitudeMeters>71.0</AltitudeMeters><Extensions><TPX xmlns="http://www.garmin.com/xmlschemas/ActivityExtension/v2"><Speed>0.3</Speed></TPX></Extensions></Trackpoint><Trackpoint><Time>2026-03-03T16:19:10+00:00</Time><DistanceMeters>1556.3</DistanceMeters><Position><LatitudeDegrees>50.848161</LatitudeDegrees><LongitudeDegrees>4.417222</LongitudeDegrees></Position><AltitudeMeters>71.0</AltitudeMeters><Extensions><TPX xmlns="http://www.garmin.com/xmlschemas/ActivityExtension/v2"><Speed>0.46</Speed></TPX></Extensions></Trackpoint><Trackpoint><Time>2026-03-03T16:19:11+00:00</Time><DistanceMeters>1556.9</DistanceMeters><Position><LatitudeDegrees>50.848156</LatitudeDegrees><LongitudeDegrees>4.417213</LongitudeDegrees></Position><AltitudeMeters>71.0</AltitudeMeters><Extensions><TPX xmlns="http://www.garmin.com/xmlschemas/ActivityExtension/v2"><Speed>0.5</Speed></TPX></Extensions></Trackpoint><Trackpoint><Time>2026-03-03T16:19:12+00:00</Time><DistanceMeters>1557.6</DistanceMeters><Position><LatitudeDegrees>50.848153</LatitudeDegrees><LongitudeDegrees>4.417204</LongitudeDegrees></Position><AltitudeMeters>71.0</AltitudeMeters><Extensions><TPX xmlns="http://www.garmin.com/xmlschemas/ActivityExtension/v2"><Speed>0.52</Speed></TPX></Extensions></Trackpoint><Trackpoint><Time>2026-03-03T16:19:13+00:00</Time><DistanceMeters>1557.6</DistanceMeters><Position><LatitudeDegrees>50.84815</LatitudeDegrees><LongitudeDegrees>4.417212</LongitudeDegrees></Position><AltitudeMeters>71.0</AltitudeMeters><Extensions><TPX xmlns="http://www.garmin.com/xmlschemas/ActivityExtension/v2"><Speed>0.48</Speed></TPX></Extensions></Trackpoint><Trackpoint><Time>2026-03-03T16:19:14+00:00</Time><DistanceMeters>1557.6</DistanceMeters><Position><LatitudeDegrees>50.848147</LatitudeDegrees><LongitudeDegrees>4.417213</LongitudeDegrees></Position><AltitudeMeters>71.0</AltitudeMeters><Extensions><TPX xmlns="http://www.garmin.com/xmlschemas/ActivityExtension/v2"><Speed>0.44</Speed></TPX></Extensions></Trackpoint><Trackpoint><Time>2026-03-03T16:19:15+00:00</Time><DistanceMeters>1557.8</DistanceMeters><Position><LatitudeDegrees>50.848145</LatitudeDegrees><LongitudeDegrees>4.417212</LongitudeDegrees></Position><AltitudeMeters>71.0</AltitudeMeters><Extensions><TPX xmlns="http://www.garmin.com/xmlschemas/ActivityExtension/v2"><Speed>0.3</Speed></TPX></Extensions></Trackpoint><Trackpoint><Time>2026-03-03T16:19:16+00:00</Time><DistanceMeters>1557.8</DistanceMeters><Position><LatitudeDegrees>50.848142</LatitudeDegrees><LongitudeDegrees>4.417214</LongitudeDegrees></Position><AltitudeMeters>71.0</AltitudeMeters><Extensions><TPX xmlns="http://www.garmin.com/xmlschemas/ActivityExtension/v2"><Speed>0.18</Speed></TPX></Extensions></Trackpoint><Trackpoint><Time>2026-03-03T16:19:17+00:00</Time><DistanceMeters>1557.9</DistanceMeters><Position><LatitudeDegrees>50.848137</LatitudeDegrees><LongitudeDegrees>4.41722</LongitudeDegrees></Position><AltitudeMeters>71.0</AltitudeMeters><Extensions><TPX xmlns="http://www.garmin.com/xmlschemas/ActivityExtension/v2"><Speed>0.06</Speed></TPX></Extensions></Trackpoint><Trackpoint><Time>2026-03-03T16:19:18+00:00</Time><DistanceMeters>1558.1</DistanceMeters><Position><LatitudeDegrees>50.848134</LatitudeDegrees><LongitudeDegrees>4.417222</LongitudeDegrees></Position><AltitudeMeters>71.0</AltitudeMeters><Extensions><TPX xmlns="http://www.garmin.com/xmlschemas/ActivityExtension/v2"><Speed>0.1</Speed></TPX></Extensions></Trackpoint><Trackpoint><Time>2026-03-03T16:19:19+00:00</Time><DistanceMeters>1558.1</DistanceMeters><Position><LatitudeDegrees>50.848134</LatitudeDegrees><LongitudeDegrees>4.417223</LongitudeDegrees></Position><AltitudeMeters>71.0</AltitudeMeters><Extensions><TPX xmlns="http://www.garmin.com/xmlschemas/ActivityExtension/v2"><Speed>0.1</Speed></TPX></Extensions></Trackpoint><Trackpoint><Time>2026-03-03T16:19:20+00:00</Time><DistanceMeters>1558.1</DistanceMeters><Position><LatitudeDegrees>50.848133</LatitudeDegrees><LongitudeDegrees>4.417224</LongitudeDegrees></Position><AltitudeMeters>71.0</AltitudeMeters><Extensions><TPX xmlns="http://www.garmin.com/xmlschemas/ActivityExtension/v2"><Speed>0.06</Speed></TPX></Extensions></Trackpoint><Trackpoint><Time>2026-03-03T16:19:21+00:00</Time><DistanceMeters>1558.4</DistanceMeters><Position><LatitudeDegrees>50.848132</LatitudeDegrees><LongitudeDegrees>4.417221</LongitudeDegrees></Position><AltitudeMeters>71.0</AltitudeMeters><Extensions><TPX xmlns="http://www.garmin.com/xmlschemas/ActivityExtension/v2"><Speed>0.12</Speed></TPX></Extensions></Trackpoint><Trackpoint><Time>2026-03-03T16:19:22+00:00</Time><DistanceMeters>1558.7</DistanceMeters><Position><LatitudeDegrees>50.84813</LatitudeDegrees><LongitudeDegrees>4.417219</LongitudeDegrees></Position><AltitudeMeters>71.0</AltitudeMeters><Extensions><TPX xmlns="http://www.garmin.com/xmlschemas/ActivityExtension/v2"><Speed>0.16</Speed></TPX></Extensions></Trackpoint><Trackpoint><Time>2026-03-03T16:19:23+00:00</Time><DistanceMeters>1558.9</DistanceMeters><Position><LatitudeDegrees>50.848128</LatitudeDegrees><LongitudeDegrees>4.417217</LongitudeDegrees></Position><AltitudeMeters>71.0</AltitudeMeters><Extensions><TPX xmlns="http://www.garmin.com/xmlschemas/ActivityExtension/v2"><Speed>0.16</Speed></TPX></Extensions></Trackpoint><Trackpoint><Time>2026-03-03T16:19:24+00:00</Time><DistanceMeters>1559.2</DistanceMeters><Position><LatitudeDegrees>50.848125</LatitudeDegrees><LongitudeDegrees>4.417216</LongitudeDegrees></Position><AltitudeMeters>71.0</AltitudeMeters><Extensions><TPX xmlns="http://www.garmin.com/xmlschemas/ActivityExtension/v2"><Speed>0.22</Speed></TPX></Extensions></Trackpoint><Trackpoint><Time>2026-03-03T16:19:25+00:00</Time><DistanceMeters>1559.3</DistanceMeters><Position><LatitudeDegrees>50.848123</LatitudeDegrees><LongitudeDegrees>4.417215</LongitudeDegrees></Position><AltitudeMeters>71.0</AltitudeMeters><Extensions><TPX xmlns="http://www.garmin.com/xmlschemas/ActivityExtension/v2"><Speed>0.24</Speed></TPX></Extensions></Trackpoint><Trackpoint><Time>2026-03-03T16:19:26+00:00</Time><DistanceMeters>1559.3</DistanceMeters><Position><LatitudeDegrees>50.848124</LatitudeDegrees><LongitudeDegrees>4.417216</LongitudeDegrees></Position><AltitudeMeters>71.0</AltitudeMeters><Extensions><TPX xmlns="http://www.garmin.com/xmlschemas/ActivityExtension/v2"><Speed>0.18</Speed></TPX></Extensions></Trackpoint><Trackpoint><Time>2026-03-03T16:19:27+00:00</Time><DistanceMeters>1559.3</DistanceMeters><Position><LatitudeDegrees>50.848123</LatitudeDegrees><LongitudeDegrees>4.417217</LongitudeDegrees></Position><AltitudeMeters>71.0</AltitudeMeters><Extensions><TPX xmlns="http://www.garmin.com/xmlschemas/ActivityExtension/v2"><Speed>0.12</Speed></TPX></Extensions></Trackpoint><Trackpoint><Time>2026-03-03T16:19:28+00:00</Time><DistanceMeters>1559.4</DistanceMeters><Position><LatitudeDegrees>50.848122</LatitudeDegrees><LongitudeDegrees>4.417216</LongitudeDegrees></Position><AltitudeMeters>71.0</AltitudeMeters><Extensions><TPX xmlns="http://www.garmin.com/xmlschemas/ActivityExtension/v2"><Speed>0.1</Speed></TPX></Extensions></Trackpoint><Trackpoint><Time>2026-03-03T16:19:29+00:00</Time><DistanceMeters>1559.4</DistanceMeters><Position><LatitudeDegrees>50.848127</LatitudeDegrees><LongitudeDegrees>4.417228</LongitudeDegrees></Position><AltitudeMeters>71.0</AltitudeMeters><Extensions><TPX xmlns="http://www.garmin.com/xmlschemas/ActivityExtension/v2"><Speed>0.04</Speed></TPX></Extensions></Trackpoint><Trackpoint><Time>2026-03-03T16:19:30+00:00</Time><DistanceMeters>1560.2</DistanceMeters><Position><LatitudeDegrees>50.84812</LatitudeDegrees><LongitudeDegrees>4.417243</LongitudeDegrees></Position><AltitudeMeters>71.0</AltitudeMeters><Extensions><TPX xmlns="http://www.garmin.com/xmlschemas/ActivityExtension/v2"><Speed>0.18</Speed></TPX></Extensions></Trackpoint><Trackpoint><Time>2026-03-03T16:19:31+00:00</Time><DistanceMeters>1560.4</DistanceMeters><Position><LatitudeDegrees>50.848119</LatitudeDegrees><LongitudeDegrees>4.417246</LongitudeDegrees></Position><AltitudeMeters>71.0</AltitudeMeters><Extensions><TPX xmlns="http://www.garmin.com/xmlschemas/ActivityExtension/v2"><Speed>0.22</Speed></TPX></Extensions></Trackpoint><Trackpoint><Time>2026-03-03T16:19:32+00:00</Time><DistanceMeters>1560.5</DistanceMeters><Position><LatitudeDegrees>50.848119</LatitudeDegrees><LongitudeDegrees>4.417251</LongitudeDegrees></Position><AltitudeMeters>71.0</AltitudeMeters><Extensions><TPX xmlns="http://www.garmin.com/xmlschemas/ActivityExtension/v2"><Speed>0.24</Speed></TPX></Extensions></Trackpoint><Trackpoint><Time>2026-03-03T16:19:33+00:00</Time><DistanceMeters>1560.9</DistanceMeters><Position><LatitudeDegrees>50.848119</LatitudeDegrees><LongitudeDegrees>4.417257</LongitudeDegrees></Position><AltitudeMeters>71.0</AltitudeMeters><Extensions><TPX xmlns="http://www.garmin.com/xmlschemas/ActivityExtension/v2"><Speed>0.3</Speed></TPX></Extensions></Trackpoint><Trackpoint><Time>2026-03-03T16:19:34+00:00</Time><DistanceMeters>1561.5</DistanceMeters><Position><LatitudeDegrees>50.848116</LatitudeDegrees><LongitudeDegrees>4.417264</LongitudeDegrees></Position><AltitudeMeters>71.0</AltitudeMeters><Extensions><TPX xmlns="http://www.garmin.com/xmlschemas/ActivityExtension/v2"><Speed>0.42</Speed></TPX></Extensions></Trackpoint><Trackpoint><Time>2026-03-03T16:19:35+00:00</Time><DistanceMeters>1562.0</DistanceMeters><Position><LatitudeDegrees>50.848115</LatitudeDegrees><LongitudeDegrees>4.417273</LongitudeDegrees></Position><AltitudeMeters>71.0</AltitudeMeters><Extensions><TPX xmlns="http://www.garmin.com/xmlschemas/ActivityExtension/v2"><Speed>0.36</Speed></TPX></Extensions></Trackpoint><Trackpoint><Time>2026-03-03T16:19:36+00:00</Time><DistanceMeters>1562.2</DistanceMeters><Position><LatitudeDegrees>50.848116</LatitudeDegrees><LongitudeDegrees>4.417276</LongitudeDegrees></Position><AltitudeMeters>71.0</AltitudeMeters><Extensions><TPX xmlns="http://www.garmin.com/xmlschemas/ActivityExtension/v2"><Speed>0.36</Speed></TPX></Extensions></Trackpoint><Trackpoint><Time>2026-03-03T16:19:37+00:00</Time><DistanceMeters>1562.6</DistanceMeters><Position><LatitudeDegrees>50.848111</LatitudeDegrees><LongitudeDegrees>4.417277</LongitudeDegrees></Position><AltitudeMeters>71.0</AltitudeMeters><Extensions><TPX xmlns="http://www.garmin.com/xmlschemas/ActivityExtension/v2"><Speed>0.42</Speed></TPX></Extensions></Trackpoint><Trackpoint><Time>2026-03-03T16:19:38+00:00</Time><DistanceMeters>1562.8</DistanceMeters><Position><LatitudeDegrees>50.848113</LatitudeDegrees><LongitudeDegrees>4.417283</LongitudeDegrees></Position><AltitudeMeters>71.0</AltitudeMeters><Extensions><TPX xmlns="http://www.garmin.com/xmlschemas/ActivityExtension/v2"><Speed>0.38</Speed></TPX></Extensions></Trackpoint><Trackpoint><Time>2026-03-03T16:19:39+00:00</Time><DistanceMeters>1563.6</DistanceMeters><Position><LatitudeDegrees>50.848111</LatitudeDegrees><LongitudeDegrees>4.417293</LongitudeDegrees></Position><AltitudeMeters>71.0</AltitudeMeters><Extensions><TPX xmlns="http://www.garmin.com/xmlschemas/ActivityExtension/v2"><Speed>0.42</Speed></TPX></Extensions></Trackpoint><Trackpoint><Time>2026-03-03T16:19:40+00:00</Time><DistanceMeters>1564.7</DistanceMeters><Position><LatitudeDegrees>50.848106</LatitudeDegrees><LongitudeDegrees>4.417308</LongitudeDegrees></Position><AltitudeMeters>71.0</AltitudeMeters><Extensions><TPX xmlns="http://www.garmin.com/xmlschemas/ActivityExtension/v2"><Speed>0.54</Speed></TPX></Extensions></Trackpoint><Trackpoint><Time>2026-03-03T16:19:41+00:00</Time><DistanceMeters>1565.3</DistanceMeters><Position><LatitudeDegrees>50.848104</LatitudeDegrees><LongitudeDegrees>4.417316</LongitudeDegrees></Position><AltitudeMeters>71.0</AltitudeMeters><Extensions><TPX xmlns="http://www.garmin.com/xmlschemas/ActivityExtension/v2"><Speed>0.62</Speed></TPX></Extensions></Trackpoint><Trackpoint><Time>2026-03-03T16:19:42+00:00</Time><DistanceMeters>1565.8</DistanceMeters><Position><LatitudeDegrees>50.848099</LatitudeDegrees><LongitudeDegrees>4.41732</LongitudeDegrees></Position><AltitudeMeters>71.0</AltitudeMeters><Extensions><TPX xmlns="http://www.garmin.com/xmlschemas/ActivityExtension/v2"><Speed>0.64</Speed></TPX></Extensions></Trackpoint><Trackpoint><Time>2026-03-03T16:19:43+00:00</Time><DistanceMeters>1565.8</DistanceMeters><Position><LatitudeDegrees>50.8481</LatitudeDegrees><LongitudeDegrees>4.417317</LongitudeDegrees></Position><AltitudeMeters>71.0</AltitudeMeters><Extensions><TPX xmlns="http://www.garmin.com/xmlschemas/ActivityExtension/v2"><Speed>0.6</Speed></TPX></Extensions></Trackpoint><Trackpoint><Time>2026-03-03T16:19:44+00:00</Time><DistanceMeters>1565.8</DistanceMeters><Position><LatitudeDegrees>50.8481</LatitudeDegrees><LongitudeDegrees>4.417304</LongitudeDegrees></Position><AltitudeMeters>71.0</AltitudeMeters><Extensions><TPX xmlns="http://www.garmin.com/xmlschemas/ActivityExtension/v2"><Speed>0.44</Speed></TPX></Extensions></Trackpoint><Trackpoint><Time>2026-03-03T16:19:45+00:00</Time><DistanceMeters>1565.8</DistanceMeters><Position><LatitudeDegrees>50.848101</LatitudeDegrees><LongitudeDegrees>4.417296</LongitudeDegrees></Position><AltitudeMeters>71.0</AltitudeMeters><Extensions><TPX xmlns="http://www.garmin.com/xmlschemas/ActivityExtension/v2"><Speed>0.22</Speed></TPX></Extensions></Trackpoint><Trackpoint><Time>2026-03-03T16:19:46+00:00</Time><DistanceMeters>1565.8</DistanceMeters><Position><LatitudeDegrees>50.848109</LatitudeDegrees><LongitudeDegrees>4.417288</LongitudeDegrees></Position><AltitudeMeters>71.1</AltitudeMeters><Extensions><TPX xmlns="http://www.garmin.com/xmlschemas/ActivityExtension/v2"><Speed>0.1</Speed></TPX></Extensions></Trackpoint><Trackpoint><Time>2026-03-03T16:19:47+00:00</Time><DistanceMeters>1565.8</DistanceMeters><Position><LatitudeDegrees>50.848118</LatitudeDegrees><LongitudeDegrees>4.417286</LongitudeDegrees></Position><AltitudeMeters>71.1</AltitudeMeters><Extensions><TPX xmlns="http://www.garmin.com/xmlschemas/ActivityExtension/v2"><Speed>0.0</Speed></TPX></Extensions></Trackpoint><Trackpoint><Time>2026-03-03T16:19:48+00:00</Time><DistanceMeters>1566.3</DistanceMeters><Position><LatitudeDegrees>50.848124</LatitudeDegrees><LongitudeDegrees>4.417279</LongitudeDegrees></Position><AltitudeMeters>71.1</AltitudeMeters><Extensions><TPX xmlns="http://www.garmin.com/xmlschemas/ActivityExtension/v2"><Speed>0.1</Speed></TPX></Extensions></Trackpoint><Trackpoint><Time>2026-03-03T16:19:49+00:00</Time><DistanceMeters>1569.0</DistanceMeters><Position><LatitudeDegrees>50.848121</LatitudeDegrees><LongitudeDegrees>4.417241</LongitudeDegrees></Position><AltitudeMeters>71.1</AltitudeMeters><Extensions><TPX xmlns="http://www.garmin.com/xmlschemas/ActivityExtension/v2"><Speed>0.64</Speed></TPX></Extensions></Trackpoint><Trackpoint><Time>2026-03-03T16:19:50+00:00</Time><DistanceMeters>1569.3</DistanceMeters><Position><LatitudeDegrees>50.848121</LatitudeDegrees><LongitudeDegrees>4.417236</LongitudeDegrees></Position><AltitudeMeters>71.1</AltitudeMeters><Extensions><TPX xmlns="http://www.garmin.com/xmlschemas/ActivityExtension/v2"><Speed>0.7</Speed></TPX></Extensions></Trackpoint><Trackpoint><Time>2026-03-03T16:19:51+00:00</Time><DistanceMeters>1569.3</DistanceMeters><Position><LatitudeDegrees>50.848117</LatitudeDegrees><LongitudeDegrees>4.41724</LongitudeDegrees></Position><AltitudeMeters>71.1</AltitudeMeters><Extensions><TPX xmlns="http://www.garmin.com/xmlschemas/ActivityExtension/v2"><Speed>0.7</Speed></TPX></Extensions></Trackpoint><Trackpoint><Time>2026-03-03T16:19:52+00:00</Time><DistanceMeters>1569.4</DistanceMeters><Position><LatitudeDegrees>50.848118</LatitudeDegrees><LongitudeDegrees>4.417238</LongitudeDegrees></Position><AltitudeMeters>71.1</AltitudeMeters><Extensions><TPX xmlns="http://www.garmin.com/xmlschemas/ActivityExtension/v2"><Speed>0.72</Speed></TPX></Extensions></Trackpoint><Trackpoint><Time>2026-03-03T16:19:53+00:00</Time><DistanceMeters>1569.5</DistanceMeters><Position><LatitudeDegrees>50.848117</LatitudeDegrees><LongitudeDegrees>4.417237</LongitudeDegrees></Position><AltitudeMeters>71.1</AltitudeMeters><Extensions><TPX xmlns="http://www.garmin.com/xmlschemas/ActivityExtension/v2"><Speed>0.64</Speed></TPX></Extensions></Trackpoint><Trackpoint><Time>2026-03-03T16:19:54+00:00</Time><DistanceMeters>1569.8</DistanceMeters><Position><LatitudeDegrees>50.848116</LatitudeDegrees><LongitudeDegrees>4.417233</LongitudeDegrees></Position><AltitudeMeters>71.1</AltitudeMeters><Extensions><TPX xmlns="http://www.garmin.com/xmlschemas/ActivityExtension/v2"><Speed>0.16</Speed></TPX></Extensions></Trackpoint><Trackpoint><Time>2026-03-03T16:19:55+00:00</Time><DistanceMeters>1570.4</DistanceMeters><Position><LatitudeDegrees>50.848118</LatitudeDegrees><LongitudeDegrees>4.41722</LongitudeDegrees></Position><AltitudeMeters>71.1</AltitudeMeters><Extensions><TPX xmlns="http://www.garmin.com/xmlschemas/ActivityExtension/v2"><Speed>0.22</Speed></TPX></Extensions></Trackpoint><Trackpoint><Time>2026-03-03T16:19:56+00:00</Time><DistanceMeters>1571.1</DistanceMeters><Position><LatitudeDegrees>50.848123</LatitudeDegrees><LongitudeDegrees>4.417207</LongitudeDegrees></Position><AltitudeMeters>71.1</AltitudeMeters><Extensions><TPX xmlns="http://www.garmin.com/xmlschemas/ActivityExtension/v2"><Speed>0.36</Speed></TPX></Extensions></Trackpoint><Trackpoint><Time>2026-03-03T16:19:57+00:00</Time><DistanceMeters>1571.5</DistanceMeters><Position><LatitudeDegrees>50.848125</LatitudeDegrees><LongitudeDegrees>4.417198</LongitudeDegrees></Position><AltitudeMeters>71.1</AltitudeMeters><Extensions><TPX xmlns="http://www.garmin.com/xmlschemas/ActivityExtension/v2"><Speed>0.42</Speed></TPX></Extensions></Trackpoint><Trackpoint><Time>2026-03-03T16:19:58+00:00</Time><DistanceMeters>1572.1</DistanceMeters><Position><LatitudeDegrees>50.848126</LatitudeDegrees><LongitudeDegrees>4.417189</LongitudeDegrees></Position><AltitudeMeters>71.1</AltitudeMeters><Extensions><TPX xmlns="http://www.garmin.com/xmlschemas/ActivityExtension/v2"><Speed>0.52</Speed></TPX></Extensions></Trackpoint><Trackpoint><Time>2026-03-03T16:19:59+00:00</Time><DistanceMeters>1573.2</DistanceMeters><Position><LatitudeDegrees>50.848127</LatitudeDegrees><LongitudeDegrees>4.417171</LongitudeDegrees></Position><AltitudeMeters>71.1</AltitudeMeters><Extensions><TPX xmlns="http://www.garmin.com/xmlschemas/ActivityExtension/v2"><Speed>0.68</Speed></TPX></Extensions></Trackpoint><Trackpoint><Time>2026-03-03T16:20:00+00:00</Time><DistanceMeters>1573.9</DistanceMeters><Position><LatitudeDegrees>50.848128</LatitudeDegrees><LongitudeDegrees>4.417159</LongitudeDegrees></Position><AltitudeMeters>71.1</AltitudeMeters><Extensions><TPX xmlns="http://www.garmin.com/xmlschemas/ActivityExtension/v2"><Speed>0.7</Speed></TPX></Extensions></Trackpoint><Trackpoint><Time>2026-03-03T16:20:01+00:00</Time><DistanceMeters>1574.4</DistanceMeters><Position><LatitudeDegrees>50.84813</LatitudeDegrees><LongitudeDegrees>4.417152</LongitudeDegrees></Position><AltitudeMeters>71.1</AltitudeMeters><Extensions><TPX xmlns="http://www.garmin.com/xmlschemas/ActivityExtension/v2"><Speed>0.66</Speed></TPX></Extensions></Trackpoint><Trackpoint><Time>2026-03-03T16:20:02+00:00</Time><DistanceMeters>1574.6</DistanceMeters><Position><LatitudeDegrees>50.848128</LatitudeDegrees><LongitudeDegrees>4.417149</LongitudeDegrees></Position><AltitudeMeters>71.1</AltitudeMeters><Extensions><TPX xmlns="http://www.garmin.com/xmlschemas/ActivityExtension/v2"><Speed>0.62</Speed></TPX></Extensions></Trackpoint><Trackpoint><Time>2026-03-03T16:20:03+00:00</Time><DistanceMeters>1575.1</DistanceMeters><Position><LatitudeDegrees>50.848124</LatitudeDegrees><LongitudeDegrees>4.417145</LongitudeDegrees></Position><AltitudeMeters>71.1</AltitudeMeters><Extensions><TPX xmlns="http://www.garmin.com/xmlschemas/ActivityExtension/v2"><Speed>0.6</Speed></TPX></Extensions></Trackpoint><Trackpoint><Time>2026-03-03T16:20:04+00:00</Time><DistanceMeters>1575.6</DistanceMeters><Position><LatitudeDegrees>50.848121</LatitudeDegrees><LongitudeDegrees>4.41714</LongitudeDegrees></Position><AltitudeMeters>71.1</AltitudeMeters><Extensions><TPX xmlns="http://www.garmin.com/xmlschemas/ActivityExtension/v2"><Speed>0.48</Speed></TPX></Extensions></Trackpoint><Trackpoint><Time>2026-03-03T16:20:05+00:00</Time><DistanceMeters>1576.0</DistanceMeters><Position><LatitudeDegrees>50.848118</LatitudeDegrees><LongitudeDegrees>4.417136</LongitudeDegrees></Position><AltitudeMeters>71.1</AltitudeMeters><Extensions><TPX xmlns="http://www.garmin.com/xmlschemas/ActivityExtension/v2"><Speed>0.42</Speed></TPX></Extensions></Trackpoint><Trackpoint><Time>2026-03-03T16:20:06+00:00</Time><DistanceMeters>1576.4</DistanceMeters><Position><LatitudeDegrees>50.848115</LatitudeDegrees><LongitudeDegrees>4.417131</LongitudeDegrees></Position><AltitudeMeters>71.1</AltitudeMeters><Extensions><TPX xmlns="http://www.garmin.com/xmlschemas/ActivityExtension/v2"><Speed>0.4</Speed></TPX></Extensions></Trackpoint><Trackpoint><Time>2026-03-03T16:20:07+00:00</Time><DistanceMeters>1576.8</DistanceMeters><Position><LatitudeDegrees>50.84811</LatitudeDegrees><LongitudeDegrees>4.41713</LongitudeDegrees></Position><AltitudeMeters>71.1</AltitudeMeters><Extensions><TPX xmlns="http://www.garmin.com/xmlschemas/ActivityExtension/v2"><Speed>0.44</Speed></TPX></Extensions></Trackpoint><Trackpoint><Time>2026-03-03T16:20:08+00:00</Time><DistanceMeters>1577.2</DistanceMeters><Position><LatitudeDegrees>50.848106</LatitudeDegrees><LongitudeDegrees>4.417127</LongitudeDegrees></Position><AltitudeMeters>71.1</AltitudeMeters><Extensions><TPX xmlns="http://www.garmin.com/xmlschemas/ActivityExtension/v2"><Speed>0.42</Speed></TPX></Extensions></Trackpoint><Trackpoint><Time>2026-03-03T16:20:09+00:00</Time><DistanceMeters>1577.5</DistanceMeters><Position><LatitudeDegrees>50.848107</LatitudeDegrees><LongitudeDegrees>4.417121</LongitudeDegrees></Position><AltitudeMeters>71.1</AltitudeMeters><Extensions><TPX xmlns="http://www.garmin.com/xmlschemas/ActivityExtension/v2"><Speed>0.38</Speed></TPX></Extensions></Trackpoint><Trackpoint><Time>2026-03-03T16:20:10+00:00</Time><DistanceMeters>1577.8</DistanceMeters><Position><LatitudeDegrees>50.848107</LatitudeDegrees><LongitudeDegrees>4.417117</LongitudeDegrees></Position><AltitudeMeters>71.1</AltitudeMeters><Cadence>60</Cadence><Extensions><TPX xmlns="http://www.garmin.com/xmlschemas/ActivityExtension/v2"><Speed>0.36</Speed></TPX></Extensions></Trackpoint><Trackpoint><Time>2026-03-03T16:20:11+00:00</Time><DistanceMeters>1578.1</DistanceMeters><Position><LatitudeDegrees>50.848108</LatitudeDegrees><LongitudeDegrees>4.417112</LongitudeDegrees></Position><AltitudeMeters>71.1</AltitudeMeters><Cadence>60</Cadence><Extensions><TPX xmlns="http://www.garmin.com/xmlschemas/ActivityExtension/v2"><Speed>0.34</Speed></TPX></Extensions></Trackpoint><Trackpoint><Time>2026-03-03T16:20:12+00:00</Time><DistanceMeters>1578.3</DistanceMeters><Position><LatitudeDegrees>50.848107</LatitudeDegrees><LongitudeDegrees>4.41711</LongitudeDegrees></Position><AltitudeMeters>71.1</AltitudeMeters><Cadence>60</Cadence><Extensions><TPX xmlns="http://www.garmin.com/xmlschemas/ActivityExtension/v2"><Speed>0.3</Speed></TPX></Extensions></Trackpoint><Trackpoint><Time>2026-03-03T16:20:13+00:00</Time><DistanceMeters>1578.3</DistanceMeters><Position><LatitudeDegrees>50.848104</LatitudeDegrees><LongitudeDegrees>4.417112</LongitudeDegrees></Position><AltitudeMeters>71.1</AltitudeMeters><Cadence>60</Cadence><Extensions><TPX xmlns="http://www.garmin.com/xmlschemas/ActivityExtension/v2"><Speed>0.22</Speed></TPX></Extensions></Trackpoint><Trackpoint><Time>2026-03-03T16:20:14+00:00</Time><DistanceMeters>1578.4</DistanceMeters><Position><LatitudeDegrees>50.848099</LatitudeDegrees><LongitudeDegrees>4.417115</LongitudeDegrees></Position><AltitudeMeters>71.1</AltitudeMeters><Extensions><TPX xmlns="http://www.garmin.com/xmlschemas/ActivityExtension/v2"><Speed>0.18</Speed></TPX></Extensions></Trackpoint><Trackpoint><Time>2026-03-03T16:20:15+00:00</Time><DistanceMeters>1579.3</DistanceMeters><Position><LatitudeDegrees>50.848088</LatitudeDegrees><LongitudeDegrees>4.417114</LongitudeDegrees></Position><AltitudeMeters>71.2</AltitudeMeters><Extensions><TPX xmlns="http://www.garmin.com/xmlschemas/ActivityExtension/v2"><Speed>0.3</Speed></TPX></Extensions></Trackpoint><Trackpoint><Time>2026-03-03T16:20:16+00:00</Time><DistanceMeters>1580.0</DistanceMeters><Position><LatitudeDegrees>50.848082</LatitudeDegrees><LongitudeDegrees>4.417113</LongitudeDegrees></Position><AltitudeMeters>71.2</AltitudeMeters><Extensions><TPX xmlns="http://www.garmin.com/xmlschemas/ActivityExtension/v2"><Speed>0.38</Speed></TPX></Extensions></Trackpoint><Trackpoint><Time>2026-03-03T16:20:17+00:00</Time><DistanceMeters>1580.6</DistanceMeters><Position><LatitudeDegrees>50.848075</LatitudeDegrees><LongitudeDegrees>4.417111</LongitudeDegrees></Position><AltitudeMeters>71.2</AltitudeMeters><Extensions><TPX xmlns="http://www.garmin.com/xmlschemas/ActivityExtension/v2"><Speed>0.46</Speed></TPX></Extensions></Trackpoint><Trackpoint><Time>2026-03-03T16:20:18+00:00</Time><DistanceMeters>1581.2</DistanceMeters><Position><LatitudeDegrees>50.848068</LatitudeDegrees><LongitudeDegrees>4.417114</LongitudeDegrees></Position><AltitudeMeters>71.2</AltitudeMeters><Extensions><TPX xmlns="http://www.garmin.com/xmlschemas/ActivityExtension/v2"><Speed>0.58</Speed></TPX></Extensions></Trackpoint><Trackpoint><Time>2026-03-03T16:20:19+00:00</Time><DistanceMeters>1581.7</DistanceMeters><Position><LatitudeDegrees>50.848061</LatitudeDegrees><LongitudeDegrees>4.417117</LongitudeDegrees></Position><AltitudeMeters>71.2</AltitudeMeters><Extensions><TPX xmlns="http://www.garmin.com/xmlschemas/ActivityExtension/v2"><Speed>0.66</Speed></TPX></Extensions></Trackpoint><Trackpoint><Time>2026-03-03T16:20:20+00:00</Time><DistanceMeters>1582.0</DistanceMeters><Position><LatitudeDegrees>50.848054</LatitudeDegrees><LongitudeDegrees>4.417126</LongitudeDegrees></Position><AltitudeMeters>71.2</AltitudeMeters><Extensions><TPX xmlns="http://www.garmin.com/xmlschemas/ActivityExtension/v2"><Speed>0.54</Speed></TPX></Extensions></Trackpoint><Trackpoint><Time>2026-03-03T16:20:21+00:00</Time><DistanceMeters>1582.4</DistanceMeters><Position><LatitudeDegrees>50.848048</LatitudeDegrees><LongitudeDegrees>4.417133</LongitudeDegrees></Position><AltitudeMeters>71.2</AltitudeMeters><Extensions><TPX xmlns="http://www.garmin.com/xmlschemas/ActivityExtension/v2"><Speed>0.48</Speed></TPX></Extensions></Trackpoint><Trackpoint><Time>2026-03-03T16:20:22+00:00</Time><DistanceMeters>1582.5</DistanceMeters><Position><LatitudeDegrees>50.848046</LatitudeDegrees><LongitudeDegrees>4.417135</LongitudeDegrees></Position><AltitudeMeters>71.2</AltitudeMeters><Extensions><TPX xmlns="http://www.garmin.com/xmlschemas/ActivityExtension/v2"><Speed>0.38</Speed></TPX></Extensions></Trackpoint><Trackpoint><Time>2026-03-03T16:20:23+00:00</Time><DistanceMeters>1582.8</DistanceMeters><Position><LatitudeDegrees>50.848044</LatitudeDegrees><LongitudeDegrees>4.417132</LongitudeDegrees></Position><AltitudeMeters>71.2</AltitudeMeters><Extensions><TPX xmlns="http://www.garmin.com/xmlschemas/ActivityExtension/v2"><Speed>0.32</Speed></TPX></Extensions></Trackpoint><Trackpoint><Time>2026-03-03T16:20:24+00:00</Time><DistanceMeters>1583.3</DistanceMeters><Position><LatitudeDegrees>50.848042</LatitudeDegrees><LongitudeDegrees>4.417124</LongitudeDegrees></Position><AltitudeMeters>71.2</AltitudeMeters><Extensions><TPX xmlns="http://www.garmin.com/xmlschemas/ActivityExtension/v2"><Speed>0.32</Speed></TPX></Extensions></Trackpoint><Trackpoint><Time>2026-03-03T16:20:25+00:00</Time><DistanceMeters>1583.7</DistanceMeters><Position><LatitudeDegrees>50.848039</LatitudeDegrees><LongitudeDegrees>4.41712</LongitudeDegrees></Position><AltitudeMeters>71.2</AltitudeMeters><Extensions><TPX xmlns="http://www.garmin.com/xmlschemas/ActivityExtension/v2"><Speed>0.34</Speed></TPX></Extensions></Trackpoint><Trackpoint><Time>2026-03-03T16:20:26+00:00</Time><DistanceMeters>1584.2</DistanceMeters><Position><LatitudeDegrees>50.848035</LatitudeDegrees><LongitudeDegrees>4.417118</LongitudeDegrees></Position><AltitudeMeters>71.2</AltitudeMeters><Extensions><TPX xmlns="http://www.garmin.com/xmlschemas/ActivityExtension/v2"><Speed>0.36</Speed></TPX></Extensions></Trackpoint><Trackpoint><Time>2026-03-03T16:20:27+00:00</Time><DistanceMeters>1584.7</DistanceMeters><Position><LatitudeDegrees>50.84803</LatitudeDegrees><LongitudeDegrees>4.417116</LongitudeDegrees></Position><AltitudeMeters>71.2</AltitudeMeters><Extensions><TPX xmlns="http://www.garmin.com/xmlschemas/ActivityExtension/v2"><Speed>0.44</Speed></TPX></Extensions></Trackpoint><Trackpoint><Time>2026-03-03T16:20:28+00:00</Time><DistanceMeters>1584.8</DistanceMeters><Position><LatitudeDegrees>50.848027</LatitudeDegrees><LongitudeDegrees>4.417125</LongitudeDegrees></Position><AltitudeMeters>71.2</AltitudeMeters><Extensions><TPX xmlns="http://www.garmin.com/xmlschemas/ActivityExtension/v2"><Speed>0.4</Speed></TPX></Extensions></Trackpoint><Trackpoint><Time>2026-03-03T16:20:29+00:00</Time><DistanceMeters>1584.8</DistanceMeters><Position><LatitudeDegrees>50.848025</LatitudeDegrees><LongitudeDegrees>4.417145</LongitudeDegrees></Position><AltitudeMeters>71.2</AltitudeMeters><Extensions><TPX xmlns="http://www.garmin.com/xmlschemas/ActivityExtension/v2"><Speed>0.3</Speed></TPX></Extensions></Trackpoint><Trackpoint><Time>2026-03-03T16:20:30+00:00</Time><DistanceMeters>1584.9</DistanceMeters><Position><LatitudeDegrees>50.848022</LatitudeDegrees><LongitudeDegrees>4.417157</LongitudeDegrees></Position><AltitudeMeters>71.2</AltitudeMeters><Extensions><TPX xmlns="http://www.garmin.com/xmlschemas/ActivityExtension/v2"><Speed>0.24</Speed></TPX></Extensions></Trackpoint><Trackpoint><Time>2026-03-03T16:20:31+00:00</Time><DistanceMeters>1585.3</DistanceMeters><Position><LatitudeDegrees>50.848019</LatitudeDegrees><LongitudeDegrees>4.417163</LongitudeDegrees></Position><AltitudeMeters>71.2</AltitudeMeters><Extensions><TPX xmlns="http://www.garmin.com/xmlschemas/ActivityExtension/v2"><Speed>0.22</Speed></TPX></Extensions></Trackpoint><Trackpoint><Time>2026-03-03T16:20:32+00:00</Time><DistanceMeters>1585.3</DistanceMeters><Position><LatitudeDegrees>50.848019</LatitudeDegrees><LongitudeDegrees>4.417159</LongitudeDegrees></Position><AltitudeMeters>71.2</AltitudeMeters><Extensions><TPX xmlns="http://www.garmin.com/xmlschemas/ActivityExtension/v2"><Speed>0.12</Speed></TPX></Extensions></Trackpoint><Trackpoint><Time>2026-03-03T16:20:33+00:00</Time><DistanceMeters>1585.8</DistanceMeters><Position><LatitudeDegrees>50.848015</LatitudeDegrees><LongitudeDegrees>4.417151</LongitudeDegrees></Position><AltitudeMeters>71.2</AltitudeMeters><Extensions><TPX xmlns="http://www.garmin.com/xmlschemas/ActivityExtension/v2"><Speed>0.2</Speed></TPX></Extensions></Trackpoint><Trackpoint><Time>2026-03-03T16:20:34+00:00</Time><DistanceMeters>1585.8</DistanceMeters><Position><LatitudeDegrees>50.848017</LatitudeDegrees><LongitudeDegrees>4.417151</LongitudeDegrees></Position><AltitudeMeters>71.2</AltitudeMeters><Extensions><TPX xmlns="http://www.garmin.com/xmlschemas/ActivityExtension/v2"><Speed>0.2</Speed></TPX></Extensions></Trackpoint><Trackpoint><Time>2026-03-03T16:20:35+00:00</Time><DistanceMeters>1586.0</DistanceMeters><Position><LatitudeDegrees>50.848016</LatitudeDegrees><LongitudeDegrees>4.417154</LongitudeDegrees></Position><AltitudeMeters>71.2</AltitudeMeters><Extensions><TPX xmlns="http://www.garmin.com/xmlschemas/ActivityExtension/v2"><Speed>0.22</Speed></TPX></Extensions></Trackpoint><Trackpoint><Time>2026-03-03T16:20:36+00:00</Time><DistanceMeters>1586.0</DistanceMeters><Position><LatitudeDegrees>50.848016</LatitudeDegrees><LongitudeDegrees>4.417151</LongitudeDegrees></Position><AltitudeMeters>71.2</AltitudeMeters><Extensions><TPX xmlns="http://www.garmin.com/xmlschemas/ActivityExtension/v2"><Speed>0.14</Speed></TPX></Extensions></Trackpoint><Trackpoint><Time>2026-03-03T16:20:37+00:00</Time><DistanceMeters>1586.0</DistanceMeters><Position><LatitudeDegrees>50.848022</LatitudeDegrees><LongitudeDegrees>4.417142</LongitudeDegrees></Position><AltitudeMeters>71.2</AltitudeMeters><Extensions><TPX xmlns="http://www.garmin.com/xmlschemas/ActivityExtension/v2"><Speed>0.14</Speed></TPX></Extensions></Trackpoint><Trackpoint><Time>2026-03-03T16:20:38+00:00</Time><DistanceMeters>1586.0</DistanceMeters><Position><LatitudeDegrees>50.84803</LatitudeDegrees><LongitudeDegrees>4.417141</LongitudeDegrees></Position><AltitudeMeters>71.2</AltitudeMeters><Extensions><TPX xmlns="http://www.garmin.com/xmlschemas/ActivityExtension/v2"><Speed>0.04</Speed></TPX></Extensions></Trackpoint><Trackpoint><Time>2026-03-03T16:20:39+00:00</Time><DistanceMeters>1586.0</DistanceMeters><Position><LatitudeDegrees>50.848045</LatitudeDegrees><LongitudeDegrees>4.417132</LongitudeDegrees></Position><AltitudeMeters>71.3</AltitudeMeters><Extensions><TPX xmlns="http://www.garmin.com/xmlschemas/ActivityExtension/v2"><Speed>0.04</Speed></TPX></Extensions></Trackpoint><Trackpoint><Time>2026-03-03T16:20:40+00:00</Time><DistanceMeters>1586.0</DistanceMeters><Position><LatitudeDegrees>50.848055</LatitudeDegrees><LongitudeDegrees>4.417111</LongitudeDegrees></Position><AltitudeMeters>71.3</AltitudeMeters><Extensions><TPX xmlns="http://www.garmin.com/xmlschemas/ActivityExtension/v2"><Speed>0.0</Speed></TPX></Extensions></Trackpoint><Trackpoint><Time>2026-03-03T16:20:41+00:00</Time><DistanceMeters>1586.0</DistanceMeters><Position><LatitudeDegrees>50.848067</LatitudeDegrees><LongitudeDegrees>4.417093</LongitudeDegrees></Position><AltitudeMeters>71.3</AltitudeMeters><Extensions><TPX xmlns="http://www.garmin.com/xmlschemas/ActivityExtension/v2"><Speed>0.0</Speed></TPX></Extensions></Trackpoint><Trackpoint><Time>2026-03-03T16:20:42+00:00</Time><DistanceMeters>1588.4</DistanceMeters><Position><LatitudeDegrees>50.848087</LatitudeDegrees><LongitudeDegrees>4.41706</LongitudeDegrees></Position><AltitudeMeters>71.3</AltitudeMeters><Cadence>60</Cadence><Extensions><TPX xmlns="http://www.garmin.com/xmlschemas/ActivityExtension/v2"><Speed>0.48</Speed></TPX></Extensions></Trackpoint><Trackpoint><Time>2026-03-03T16:20:43+00:00</Time><DistanceMeters>1596.0</DistanceMeters><Position><LatitudeDegrees>50.848144</LatitudeDegrees><LongitudeDegrees>4.417004</LongitudeDegrees></Position><AltitudeMeters>71.3</AltitudeMeters><Cadence>60</Cadence><Extensions><TPX xmlns="http://www.garmin.com/xmlschemas/ActivityExtension/v2"><Speed>2.0</Speed></TPX></Extensions></Trackpoint><Trackpoint><Time>2026-03-03T16:20:44+00:00</Time><DistanceMeters>1597.3</DistanceMeters><Position><LatitudeDegrees>50.84815</LatitudeDegrees><LongitudeDegrees>4.416995</LongitudeDegrees></Position><AltitudeMeters>71.3</AltitudeMeters><Cadence>60</Cadence><Extensions><TPX xmlns="http://www.garmin.com/xmlschemas/ActivityExtension/v2"><Speed>2.26</Speed></TPX></Extensions></Trackpoint><Trackpoint><Time>2026-03-03T16:20:45+00:00</Time><DistanceMeters>1597.7</DistanceMeters><Position><LatitudeDegrees>50.848149</LatitudeDegrees><LongitudeDegrees>4.416994</LongitudeDegrees></Position><AltitudeMeters>71.3</AltitudeMeters><Cadence>60</Cadence><Extensions><TPX xmlns="http://www.garmin.com/xmlschemas/ActivityExtension/v2"><Speed>2.34</Speed></TPX></Extensions></Trackpoint><Trackpoint><Time>2026-03-03T16:20:46+00:00</Time><DistanceMeters>1598.1</DistanceMeters><Position><LatitudeDegrees>50.848149</LatitudeDegrees><LongitudeDegrees>4.416994</LongitudeDegrees></Position><AltitudeMeters>71.3</AltitudeMeters><Extensions><TPX xmlns="http://www.garmin.com/xmlschemas/ActivityExtension/v2"><Speed>2.42</Speed></TPX></Extensions></Trackpoint><Trackpoint><Time>2026-03-03T16:20:47+00:00</Time><DistanceMeters>1598.5</DistanceMeters><Position><LatitudeDegrees>50.848149</LatitudeDegrees><LongitudeDegrees>4.416993</LongitudeDegrees></Position><AltitudeMeters>71.3</AltitudeMeters><Extensions><TPX xmlns="http://www.garmin.com/xmlschemas/ActivityExtension/v2"><Speed>2.02</Speed></TPX></Extensions></Trackpoint><Trackpoint><Time>2026-03-03T16:20:48+00:00</Time><DistanceMeters>1598.9</DistanceMeters><Position><LatitudeDegrees>50.848149</LatitudeDegrees><LongitudeDegrees>4.416993</LongitudeDegrees></Position><AltitudeMeters>71.3</AltitudeMeters><Extensions><TPX xmlns="http://www.garmin.com/xmlschemas/ActivityExtension/v2"><Speed>0.58</Speed></TPX></Extensions></Trackpoint><Trackpoint><Time>2026-03-03T16:20:49+00:00</Time><DistanceMeters>1599.3</DistanceMeters><Position><LatitudeDegrees>50.848148</LatitudeDegrees><LongitudeDegrees>4.416992</LongitudeDegrees></Position><AltitudeMeters>71.3</AltitudeMeters><Extensions><TPX xmlns="http://www.garmin.com/xmlschemas/ActivityExtension/v2"><Speed>0.4</Speed></TPX></Extensions></Trackpoint><Trackpoint><Time>2026-03-03T16:20:50+00:00</Time><DistanceMeters>1599.7</DistanceMeters><Position><LatitudeDegrees>50.848148</LatitudeDegrees><LongitudeDegrees>4.416992</LongitudeDegrees></Position><AltitudeMeters>71.3</AltitudeMeters><Extensions><TPX xmlns="http://www.garmin.com/xmlschemas/ActivityExtension/v2"><Speed>0.4</Speed></TPX></Extensions></Trackpoint><Trackpoint><Time>2026-03-03T16:20:51+00:00</Time><DistanceMeters>1600.1</DistanceMeters><Position><LatitudeDegrees>50.848148</LatitudeDegrees><LongitudeDegrees>4.416991</LongitudeDegrees></Position><AltitudeMeters>71.3</AltitudeMeters><Extensions><TPX xmlns="http://www.garmin.com/xmlschemas/ActivityExtension/v2"><Speed>0.4</Speed></TPX></Extensions></Trackpoint><Trackpoint><Time>2026-03-03T16:20:52+00:00</Time><DistanceMeters>1600.5</DistanceMeters><Position><LatitudeDegrees>50.848147</LatitudeDegrees><LongitudeDegrees>4.416991</LongitudeDegrees></Position><AltitudeMeters>71.3</AltitudeMeters><Extensions><TPX xmlns="http://www.garmin.com/xmlschemas/ActivityExtension/v2"><Speed>0.4</Speed></TPX></Extensions></Trackpoint><Trackpoint><Time>2026-03-03T16:20:53+00:00</Time><DistanceMeters>1600.9</DistanceMeters><Position><LatitudeDegrees>50.848147</LatitudeDegrees><LongitudeDegrees>4.41699</LongitudeDegrees></Position><AltitudeMeters>71.3</AltitudeMeters><Extensions><TPX xmlns="http://www.garmin.com/xmlschemas/ActivityExtension/v2"><Speed>0.4</Speed></TPX></Extensions></Trackpoint><Trackpoint><Time>2026-03-03T16:20:54+00:00</Time><DistanceMeters>1601.3</DistanceMeters><Position><LatitudeDegrees>50.848147</LatitudeDegrees><LongitudeDegrees>4.41699</LongitudeDegrees></Position><AltitudeMeters>71.3</AltitudeMeters><Extensions><TPX xmlns="http://www.garmin.com/xmlschemas/ActivityExtension/v2"><Speed>0.4</Speed></TPX></Extensions></Trackpoint><Trackpoint><Time>2026-03-03T16:20:55+00:00</Time><DistanceMeters>1601.7</DistanceMeters><Position><LatitudeDegrees>50.848147</LatitudeDegrees><LongitudeDegrees>4.416989</LongitudeDegrees></Position><AltitudeMeters>71.3</AltitudeMeters><Extensions><TPX xmlns="http://www.garmin.com/xmlschemas/ActivityExtension/v2"><Speed>0.4</Speed></TPX></Extensions></Trackpoint><Trackpoint><Time>2026-03-03T16:20:56+00:00</Time><DistanceMeters>1602.1</DistanceMeters><Position><LatitudeDegrees>50.848146</LatitudeDegrees><LongitudeDegrees>4.416989</LongitudeDegrees></Position><AltitudeMeters>71.4</AltitudeMeters><Extensions><TPX xmlns="http://www.garmin.com/xmlschemas/ActivityExtension/v2"><Speed>0.4</Speed></TPX></Extensions></Trackpoint><Trackpoint><Time>2026-03-03T16:20:57+00:00</Time><DistanceMeters>1602.5</DistanceMeters><Position><LatitudeDegrees>50.848146</LatitudeDegrees><LongitudeDegrees>4.416988</LongitudeDegrees></Position><AltitudeMeters>71.4</AltitudeMeters><Extensions><TPX xmlns="http://www.garmin.com/xmlschemas/ActivityExtension/v2"><Speed>0.4</Speed></TPX></Extensions></Trackpoint><Trackpoint><Time>2026-03-03T16:20:58+00:00</Time><DistanceMeters>1602.9</DistanceMeters><Position><LatitudeDegrees>50.848146</LatitudeDegrees><LongitudeDegrees>4.416988</LongitudeDegrees></Position><AltitudeMeters>71.4</AltitudeMeters><Extensions><TPX xmlns="http://www.garmin.com/xmlschemas/ActivityExtension/v2"><Speed>0.4</Speed></TPX></Extensions></Trackpoint><Trackpoint><Time>2026-03-03T16:20:59+00:00</Time><DistanceMeters>1603.3</DistanceMeters><Position><LatitudeDegrees>50.848145</LatitudeDegrees><LongitudeDegrees>4.416987</LongitudeDegrees></Position><AltitudeMeters>71.4</AltitudeMeters><Extensions><TPX xmlns="http://www.garmin.com/xmlschemas/ActivityExtension/v2"><Speed>0.4</Speed></TPX></Extensions></Trackpoint><Trackpoint><Time>2026-03-03T16:21:00+00:00</Time><DistanceMeters>1603.7</DistanceMeters><Position><LatitudeDegrees>50.848145</LatitudeDegrees><LongitudeDegrees>4.416987</LongitudeDegrees></Position><AltitudeMeters>71.4</AltitudeMeters><Cadence>60</Cadence><Extensions><TPX xmlns="http://www.garmin.com/xmlschemas/ActivityExtension/v2"><Speed>0.4</Speed></TPX></Extensions></Trackpoint><Trackpoint><Time>2026-03-03T16:21:01+00:00</Time><DistanceMeters>1604.1</DistanceMeters><Position><LatitudeDegrees>50.848145</LatitudeDegrees><LongitudeDegrees>4.416986</LongitudeDegrees></Position><AltitudeMeters>71.4</AltitudeMeters><Cadence>60</Cadence><Extensions><TPX xmlns="http://www.garmin.com/xmlschemas/ActivityExtension/v2"><Speed>0.4</Speed></TPX></Extensions></Trackpoint><Trackpoint><Time>2026-03-03T16:21:02+00:00</Time><DistanceMeters>1604.5</DistanceMeters><Position><LatitudeDegrees>50.848145</LatitudeDegrees><LongitudeDegrees>4.416986</LongitudeDegrees></Position><AltitudeMeters>71.4</AltitudeMeters><Cadence>60</Cadence><Extensions><TPX xmlns="http://www.garmin.com/xmlschemas/ActivityExtension/v2"><Speed>0.4</Speed></TPX></Extensions></Trackpoint><Trackpoint><Time>2026-03-03T16:21:03+00:00</Time><DistanceMeters>1604.9</DistanceMeters><Position><LatitudeDegrees>50.848144</LatitudeDegrees><LongitudeDegrees>4.416985</LongitudeDegrees></Position><AltitudeMeters>71.4</AltitudeMeters><Cadence>60</Cadence><Extensions><TPX xmlns="http://www.garmin.com/xmlschemas/ActivityExtension/v2"><Speed>0.4</Speed></TPX></Extensions></Trackpoint><Trackpoint><Time>2026-03-03T16:21:04+00:00</Time><DistanceMeters>1605.3</DistanceMeters><Position><LatitudeDegrees>50.848144</LatitudeDegrees><LongitudeDegrees>4.416985</LongitudeDegrees></Position><AltitudeMeters>71.4</AltitudeMeters><Cadence>60</Cadence><Extensions><TPX xmlns="http://www.garmin.com/xmlschemas/ActivityExtension/v2"><Speed>0.4</Speed></TPX></Extensions></Trackpoint><Trackpoint><Time>2026-03-03T16:21:05+00:00</Time><DistanceMeters>1605.7</DistanceMeters><Position><LatitudeDegrees>50.848144</LatitudeDegrees><LongitudeDegrees>4.416984</LongitudeDegrees></Position><AltitudeMeters>71.4</AltitudeMeters><Cadence>60</Cadence><Extensions><TPX xmlns="http://www.garmin.com/xmlschemas/ActivityExtension/v2"><Speed>0.4</Speed></TPX></Extensions></Trackpoint><Trackpoint><Time>2026-03-03T16:21:06+00:00</Time><DistanceMeters>1606.1</DistanceMeters><Position><LatitudeDegrees>50.848143</LatitudeDegrees><LongitudeDegrees>4.416984</LongitudeDegrees></Position><AltitudeMeters>71.4</AltitudeMeters><Extensions><TPX xmlns="http://www.garmin.com/xmlschemas/ActivityExtension/v2"><Speed>0.4</Speed></TPX></Extensions></Trackpoint><Trackpoint><Time>2026-03-03T16:21:07+00:00</Time><DistanceMeters>1606.5</DistanceMeters><Position><LatitudeDegrees>50.848143</LatitudeDegrees><LongitudeDegrees>4.416983</LongitudeDegrees></Position><AltitudeMeters>71.4</AltitudeMeters><Extensions><TPX xmlns="http://www.garmin.com/xmlschemas/ActivityExtension/v2"><Speed>0.4</Speed></TPX></Extensions></Trackpoint><Trackpoint><Time>2026-03-03T16:21:08+00:00</Time><DistanceMeters>1606.9</DistanceMeters><Position><LatitudeDegrees>50.848143</LatitudeDegrees><LongitudeDegrees>4.416983</LongitudeDegrees></Position><AltitudeMeters>71.4</AltitudeMeters><Cadence>60</Cadence><Extensions><TPX xmlns="http://www.garmin.com/xmlschemas/ActivityExtension/v2"><Speed>0.4</Speed></TPX></Extensions></Trackpoint><Trackpoint><Time>2026-03-03T16:21:09+00:00</Time><DistanceMeters>1607.3</DistanceMeters><Position><LatitudeDegrees>50.848143</LatitudeDegrees><LongitudeDegrees>4.416982</LongitudeDegrees></Position><AltitudeMeters>71.4</AltitudeMeters><Cadence>60</Cadence><Extensions><TPX xmlns="http://www.garmin.com/xmlschemas/ActivityExtension/v2"><Speed>0.4</Speed></TPX></Extensions></Trackpoint><Trackpoint><Time>2026-03-03T16:21:10+00:00</Time><DistanceMeters>1607.7</DistanceMeters><Position><LatitudeDegrees>50.848142</LatitudeDegrees><LongitudeDegrees>4.416982</LongitudeDegrees></Position><AltitudeMeters>71.4</AltitudeMeters><Cadence>60</Cadence><Extensions><TPX xmlns="http://www.garmin.com/xmlschemas/ActivityExtension/v2"><Speed>0.4</Speed></TPX></Extensions></Trackpoint><Trackpoint><Time>2026-03-03T16:21:11+00:00</Time><DistanceMeters>1608.1</DistanceMeters><Position><LatitudeDegrees>50.848142</LatitudeDegrees><LongitudeDegrees>4.416981</LongitudeDegrees></Position><AltitudeMeters>71.4</AltitudeMeters><Cadence>60</Cadence><Extensions><TPX xmlns="http://www.garmin.com/xmlschemas/ActivityExtension/v2"><Speed>0.4</Speed></TPX></Extensions></Trackpoint><Trackpoint><Time>2026-03-03T16:21:12+00:00</Time><DistanceMeters>1608.5</DistanceMeters><Position><LatitudeDegrees>50.848142</LatitudeDegrees><LongitudeDegrees>4.416981</LongitudeDegrees></Position><AltitudeMeters>71.4</AltitudeMeters><Cadence>60</Cadence><Extensions><TPX xmlns="http://www.garmin.com/xmlschemas/ActivityExtension/v2"><Speed>0.4</Speed></TPX></Extensions></Trackpoint><Trackpoint><Time>2026-03-03T16:21:13+00:00</Time><DistanceMeters>1608.9</DistanceMeters><Position><LatitudeDegrees>50.848141</LatitudeDegrees><LongitudeDegrees>4.41698</LongitudeDegrees></Position><AltitudeMeters>71.4</AltitudeMeters><Extensions><TPX xmlns="http://www.garmin.com/xmlschemas/ActivityExtension/v2"><Speed>0.4</Speed></TPX></Extensions></Trackpoint><Trackpoint><Time>2026-03-03T16:21:14+00:00</Time><DistanceMeters>1609.3</DistanceMeters><Position><LatitudeDegrees>50.848141</LatitudeDegrees><LongitudeDegrees>4.41698</LongitudeDegrees></Position><AltitudeMeters>71.4</AltitudeMeters><Extensions><TPX xmlns="http://www.garmin.com/xmlschemas/ActivityExtension/v2"><Speed>0.4</Speed></TPX></Extensions></Trackpoint><Trackpoint><Time>2026-03-03T16:21:15+00:00</Time><DistanceMeters>1609.7</DistanceMeters><Position><LatitudeDegrees>50.848141</LatitudeDegrees><LongitudeDegrees>4.416979</LongitudeDegrees></Position><AltitudeMeters>71.4</AltitudeMeters><Extensions><TPX xmlns="http://www.garmin.com/xmlschemas/ActivityExtension/v2"><Speed>0.4</Speed></TPX></Extensions></Trackpoint><Trackpoint><Time>2026-03-03T16:21:16+00:00</Time><DistanceMeters>1610.1</DistanceMeters><Position><LatitudeDegrees>50.848141</LatitudeDegrees><LongitudeDegrees>4.416979</LongitudeDegrees></Position><AltitudeMeters>71.4</AltitudeMeters><Extensions><TPX xmlns="http://www.garmin.com/xmlschemas/ActivityExtension/v2"><Speed>0.4</Speed></TPX></Extensions></Trackpoint><Trackpoint><Time>2026-03-03T16:21:17+00:00</Time><DistanceMeters>1610.5</DistanceMeters><Position><LatitudeDegrees>50.84814</LatitudeDegrees><LongitudeDegrees>4.416978</LongitudeDegrees></Position><AltitudeMeters>71.4</AltitudeMeters><Extensions><TPX xmlns="http://www.garmin.com/xmlschemas/ActivityExtension/v2"><Speed>0.4</Speed></TPX></Extensions></Trackpoint><Trackpoint><Time>2026-03-03T16:21:18+00:00</Time><DistanceMeters>1610.9</DistanceMeters><Position><LatitudeDegrees>50.84814</LatitudeDegrees><LongitudeDegrees>4.416978</LongitudeDegrees></Position><AltitudeMeters>71.4</AltitudeMeters><Extensions><TPX xmlns="http://www.garmin.com/xmlschemas/ActivityExtension/v2"><Speed>0.4</Speed></TPX></Extensions></Trackpoint><Trackpoint><Time>2026-03-03T16:21:19+00:00</Time><DistanceMeters>1611.3</DistanceMeters><Position><LatitudeDegrees>50.84814</LatitudeDegrees><LongitudeDegrees>4.416977</LongitudeDegrees></Position><AltitudeMeters>71.4</AltitudeMeters><Extensions><TPX xmlns="http://www.garmin.com/xmlschemas/ActivityExtension/v2"><Speed>0.4</Speed></TPX></Extensions></Trackpoint><Trackpoint><Time>2026-03-03T16:21:20+00:00</Time><DistanceMeters>1611.7</DistanceMeters><Position><LatitudeDegrees>50.848139</LatitudeDegrees><LongitudeDegrees>4.416977</LongitudeDegrees></Position><AltitudeMeters>71.4</AltitudeMeters><Extensions><TPX xmlns="http://www.garmin.com/xmlschemas/ActivityExtension/v2"><Speed>0.4</Speed></TPX></Extensions></Trackpoint><Trackpoint><Time>2026-03-03T16:21:21+00:00</Time><DistanceMeters>1612.1</DistanceMeters><Position><LatitudeDegrees>50.848139</LatitudeDegrees><LongitudeDegrees>4.416976</LongitudeDegrees></Position><AltitudeMeters>71.4</AltitudeMeters><Extensions><TPX xmlns="http://www.garmin.com/xmlschemas/ActivityExtension/v2"><Speed>0.4</Speed></TPX></Extensions></Trackpoint><Trackpoint><Time>2026-03-03T16:21:22+00:00</Time><DistanceMeters>1612.5</DistanceMeters><Position><LatitudeDegrees>50.848139</LatitudeDegrees><LongitudeDegrees>4.416976</LongitudeDegrees></Position><AltitudeMeters>71.4</AltitudeMeters><Extensions><TPX xmlns="http://www.garmin.com/xmlschemas/ActivityExtension/v2"><Speed>0.4</Speed></TPX></Extensions></Trackpoint><Trackpoint><Time>2026-03-03T16:21:23+00:00</Time><DistanceMeters>1612.9</DistanceMeters><Position><LatitudeDegrees>50.848139</LatitudeDegrees><LongitudeDegrees>4.416975</LongitudeDegrees></Position><AltitudeMeters>71.4</AltitudeMeters><Extensions><TPX xmlns="http://www.garmin.com/xmlschemas/ActivityExtension/v2"><Speed>0.4</Speed></TPX></Extensions></Trackpoint><Trackpoint><Time>2026-03-03T16:21:24+00:00</Time><DistanceMeters>1613.3</DistanceMeters><Position><LatitudeDegrees>50.848138</LatitudeDegrees><LongitudeDegrees>4.416975</LongitudeDegrees></Position><AltitudeMeters>71.4</AltitudeMeters><Extensions><TPX xmlns="http://www.garmin.com/xmlschemas/ActivityExtension/v2"><Speed>0.4</Speed></TPX></Extensions></Trackpoint><Trackpoint><Time>2026-03-03T16:21:25+00:00</Time><DistanceMeters>1613.7</DistanceMeters><Position><LatitudeDegrees>50.848138</LatitudeDegrees><LongitudeDegrees>4.416974</LongitudeDegrees></Position><AltitudeMeters>71.4</AltitudeMeters><Extensions><TPX xmlns="http://www.garmin.com/xmlschemas/ActivityExtension/v2"><Speed>0.4</Speed></TPX></Extensions></Trackpoint><Trackpoint><Time>2026-03-03T16:21:26+00:00</Time><DistanceMeters>1614.1</DistanceMeters><Position><LatitudeDegrees>50.848138</LatitudeDegrees><LongitudeDegrees>4.416974</LongitudeDegrees></Position><AltitudeMeters>71.4</AltitudeMeters><Cadence>60</Cadence><Extensions><TPX xmlns="http://www.garmin.com/xmlschemas/ActivityExtension/v2"><Speed>0.4</Speed></TPX></Extensions></Trackpoint><Trackpoint><Time>2026-03-03T16:21:27+00:00</Time><DistanceMeters>1614.5</DistanceMeters><Position><LatitudeDegrees>50.848137</LatitudeDegrees><LongitudeDegrees>4.416973</LongitudeDegrees></Position><AltitudeMeters>71.4</AltitudeMeters><Cadence>60</Cadence><Extensions><TPX xmlns="http://www.garmin.com/xmlschemas/ActivityExtension/v2"><Speed>0.4</Speed></TPX></Extensions></Trackpoint><Trackpoint><Time>2026-03-03T16:21:28+00:00</Time><DistanceMeters>1614.9</DistanceMeters><Position><LatitudeDegrees>50.848137</LatitudeDegrees><LongitudeDegrees>4.416973</LongitudeDegrees></Position><AltitudeMeters>71.4</AltitudeMeters><Cadence>60</Cadence><Extensions><TPX xmlns="http://www.garmin.com/xmlschemas/ActivityExtension/v2"><Speed>0.4</Speed></TPX></Extensions></Trackpoint><Trackpoint><Time>2026-03-03T16:21:29+00:00</Time><DistanceMeters>1615.3</DistanceMeters><Position><LatitudeDegrees>50.848137</LatitudeDegrees><LongitudeDegrees>4.416972</LongitudeDegrees></Position><AltitudeMeters>71.4</AltitudeMeters><Extensions><TPX xmlns="http://www.garmin.com/xmlschemas/ActivityExtension/v2"><Speed>0.4</Speed></TPX></Extensions></Trackpoint><Trackpoint><Time>2026-03-03T16:21:30+00:00</Time><DistanceMeters>1615.7</DistanceMeters><Position><LatitudeDegrees>50.848137</LatitudeDegrees><LongitudeDegrees>4.416972</LongitudeDegrees></Position><AltitudeMeters>71.4</AltitudeMeters><Extensions><TPX xmlns="http://www.garmin.com/xmlschemas/ActivityExtension/v2"><Speed>0.4</Speed></TPX></Extensions></Trackpoint><Trackpoint><Time>2026-03-03T16:21:31+00:00</Time><DistanceMeters>1616.1</DistanceMeters><Position><LatitudeDegrees>50.848136</LatitudeDegrees><LongitudeDegrees>4.416971</LongitudeDegrees></Position><AltitudeMeters>71.4</AltitudeMeters><Extensions><TPX xmlns="http://www.garmin.com/xmlschemas/ActivityExtension/v2"><Speed>0.4</Speed></TPX></Extensions></Trackpoint><Trackpoint><Time>2026-03-03T16:21:32+00:00</Time><DistanceMeters>1616.5</DistanceMeters><Position><LatitudeDegrees>50.848136</LatitudeDegrees><LongitudeDegrees>4.416971</LongitudeDegrees></Position><AltitudeMeters>71.4</AltitudeMeters><Extensions><TPX xmlns="http://www.garmin.com/xmlschemas/ActivityExtension/v2"><Speed>0.4</Speed></TPX></Extensions></Trackpoint><Trackpoint><Time>2026-03-03T16:21:33+00:00</Time><DistanceMeters>1616.9</DistanceMeters><Position><LatitudeDegrees>50.848136</LatitudeDegrees><LongitudeDegrees>4.41697</LongitudeDegrees></Position><AltitudeMeters>71.4</AltitudeMeters><Extensions><TPX xmlns="http://www.garmin.com/xmlschemas/ActivityExtension/v2"><Speed>0.4</Speed></TPX></Extensions></Trackpoint><Trackpoint><Time>2026-03-03T16:21:34+00:00</Time><DistanceMeters>1617.3</DistanceMeters><Position><LatitudeDegrees>50.848135</LatitudeDegrees><LongitudeDegrees>4.41697</LongitudeDegrees></Position><AltitudeMeters>71.4</AltitudeMeters><Extensions><TPX xmlns="http://www.garmin.com/xmlschemas/ActivityExtension/v2"><Speed>0.4</Speed></TPX></Extensions></Trackpoint><Trackpoint><Time>2026-03-03T16:21:35+00:00</Time><DistanceMeters>1617.7</DistanceMeters><Position><LatitudeDegrees>50.848135</LatitudeDegrees><LongitudeDegrees>4.416969</LongitudeDegrees></Position><AltitudeMeters>71.4</AltitudeMeters><Extensions><TPX xmlns="http://www.garmin.com/xmlschemas/ActivityExtension/v2"><Speed>0.4</Speed></TPX></Extensions></Trackpoint><Trackpoint><Time>2026-03-03T16:21:36+00:00</Time><DistanceMeters>1618.1</DistanceMeters><Position><LatitudeDegrees>50.848135</LatitudeDegrees><LongitudeDegrees>4.416969</LongitudeDegrees></Position><AltitudeMeters>71.4</AltitudeMeters><Extensions><TPX xmlns="http://www.garmin.com/xmlschemas/ActivityExtension/v2"><Speed>0.4</Speed></TPX></Extensions></Trackpoint><Trackpoint><Time>2026-03-03T16:21:37+00:00</Time><DistanceMeters>1618.5</DistanceMeters><Position><LatitudeDegrees>50.848135</LatitudeDegrees><LongitudeDegrees>4.416968</LongitudeDegrees></Position><AltitudeMeters>71.4</AltitudeMeters><Extensions><TPX xmlns="http://www.garmin.com/xmlschemas/ActivityExtension/v2"><Speed>0.4</Speed></TPX></Extensions></Trackpoint><Trackpoint><Time>2026-03-03T16:21:38+00:00</Time><DistanceMeters>1618.9</DistanceMeters><Position><LatitudeDegrees>50.848134</LatitudeDegrees><LongitudeDegrees>4.416968</LongitudeDegrees></Position><AltitudeMeters>71.4</AltitudeMeters><Extensions><TPX xmlns="http://www.garmin.com/xmlschemas/ActivityExtension/v2"><Speed>0.4</Speed></TPX></Extensions></Trackpoint><Trackpoint><Time>2026-03-03T16:21:39+00:00</Time><DistanceMeters>1619.3</DistanceMeters><Position><LatitudeDegrees>50.848134</LatitudeDegrees><LongitudeDegrees>4.416967</LongitudeDegrees></Position><AltitudeMeters>71.4</AltitudeMeters><Extensions><TPX xmlns="http://www.garmin.com/xmlschemas/ActivityExtension/v2"><Speed>0.4</Speed></TPX></Extensions></Trackpoint><Trackpoint><Time>2026-03-03T16:21:40+00:00</Time><DistanceMeters>1619.7</DistanceMeters><Position><LatitudeDegrees>50.848134</LatitudeDegrees><LongitudeDegrees>4.416967</LongitudeDegrees></Position><AltitudeMeters>71.4</AltitudeMeters><Extensions><TPX xmlns="http://www.garmin.com/xmlschemas/ActivityExtension/v2"><Speed>0.4</Speed></TPX></Extensions></Trackpoint><Trackpoint><Time>2026-03-03T16:21:41+00:00</Time><DistanceMeters>1620.1</DistanceMeters><Position><LatitudeDegrees>50.848133</LatitudeDegrees><LongitudeDegrees>4.416966</LongitudeDegrees></Position><AltitudeMeters>71.4</AltitudeMeters><Extensions><TPX xmlns="http://www.garmin.com/xmlschemas/ActivityExtension/v2"><Speed>0.4</Speed></TPX></Extensions></Trackpoint><Trackpoint><Time>2026-03-03T16:21:42+00:00</Time><DistanceMeters>1620.5</DistanceMeters><Position><LatitudeDegrees>50.848133</LatitudeDegrees><LongitudeDegrees>4.416966</LongitudeDegrees></Position><AltitudeMeters>71.4</AltitudeMeters><Extensions><TPX xmlns="http://www.garmin.com/xmlschemas/ActivityExtension/v2"><Speed>0.4</Speed></TPX></Extensions></Trackpoint><Trackpoint><Time>2026-03-03T16:21:43+00:00</Time><DistanceMeters>1620.9</DistanceMeters><Position><LatitudeDegrees>50.848133</LatitudeDegrees><LongitudeDegrees>4.416965</LongitudeDegrees></Position><AltitudeMeters>71.4</AltitudeMeters><Extensions><TPX xmlns="http://www.garmin.com/xmlschemas/ActivityExtension/v2"><Speed>0.4</Speed></TPX></Extensions></Trackpoint><Trackpoint><Time>2026-03-03T16:21:44+00:00</Time><DistanceMeters>1621.3</DistanceMeters><Position><LatitudeDegrees>50.848133</LatitudeDegrees><LongitudeDegrees>4.416965</LongitudeDegrees></Position><AltitudeMeters>71.4</AltitudeMeters><Extensions><TPX xmlns="http://www.garmin.com/xmlschemas/ActivityExtension/v2"><Speed>0.4</Speed></TPX></Extensions></Trackpoint><Trackpoint><Time>2026-03-03T16:21:45+00:00</Time><DistanceMeters>1621.7</DistanceMeters><Position><LatitudeDegrees>50.848132</LatitudeDegrees><LongitudeDegrees>4.416964</LongitudeDegrees></Position><AltitudeMeters>71.4</AltitudeMeters><Extensions><TPX xmlns="http://www.garmin.com/xmlschemas/ActivityExtension/v2"><Speed>0.4</Speed></TPX></Extensions></Trackpoint><Trackpoint><Time>2026-03-03T16:21:46+00:00</Time><DistanceMeters>1622.1</DistanceMeters><Position><LatitudeDegrees>50.848132</LatitudeDegrees><LongitudeDegrees>4.416964</LongitudeDegrees></Position><AltitudeMeters>71.4</AltitudeMeters><Extensions><TPX xmlns="http://www.garmin.com/xmlschemas/ActivityExtension/v2"><Speed>0.4</Speed></TPX></Extensions></Trackpoint><Trackpoint><Time>2026-03-03T16:21:47+00:00</Time><DistanceMeters>1622.5</DistanceMeters><Position><LatitudeDegrees>50.848132</LatitudeDegrees><LongitudeDegrees>4.416963</LongitudeDegrees></Position><AltitudeMeters>71.4</AltitudeMeters><Extensions><TPX xmlns="http://www.garmin.com/xmlschemas/ActivityExtension/v2"><Speed>0.4</Speed></TPX></Extensions></Trackpoint><Trackpoint><Time>2026-03-03T16:21:48+00:00</Time><DistanceMeters>1622.9</DistanceMeters><Position><LatitudeDegrees>50.848131</LatitudeDegrees><LongitudeDegrees>4.416963</LongitudeDegrees></Position><AltitudeMeters>71.4</AltitudeMeters><Extensions><TPX xmlns="http://www.garmin.com/xmlschemas/ActivityExtension/v2"><Speed>0.4</Speed></TPX></Extensions></Trackpoint><Trackpoint><Time>2026-03-03T16:21:49+00:00</Time><DistanceMeters>1623.3</DistanceMeters><Position><LatitudeDegrees>50.848131</LatitudeDegrees><LongitudeDegrees>4.416962</LongitudeDegrees></Position><AltitudeMeters>71.4</AltitudeMeters><Extensions><TPX xmlns="http://www.garmin.com/xmlschemas/ActivityExtension/v2"><Speed>0.4</Speed></TPX></Extensions></Trackpoint><Trackpoint><Time>2026-03-03T16:21:50+00:00</Time><DistanceMeters>1623.7</DistanceMeters><Position><LatitudeDegrees>50.848131</LatitudeDegrees><LongitudeDegrees>4.416962</LongitudeDegrees></Position><AltitudeMeters>71.4</AltitudeMeters><Extensions><TPX xmlns="http://www.garmin.com/xmlschemas/ActivityExtension/v2"><Speed>0.4</Speed></TPX></Extensions></Trackpoint><Trackpoint><Time>2026-03-03T16:21:51+00:00</Time><DistanceMeters>1624.1</DistanceMeters><Position><LatitudeDegrees>50.848131</LatitudeDegrees><LongitudeDegrees>4.416961</LongitudeDegrees></Position><AltitudeMeters>71.4</AltitudeMeters><Extensions><TPX xmlns="http://www.garmin.com/xmlschemas/ActivityExtension/v2"><Speed>0.4</Speed></TPX></Extensions></Trackpoint><Trackpoint><Time>2026-03-03T16:21:52+00:00</Time><DistanceMeters>1624.5</DistanceMeters><Position><LatitudeDegrees>50.84813</LatitudeDegrees><LongitudeDegrees>4.416961</LongitudeDegrees></Position><AltitudeMeters>71.4</AltitudeMeters><Extensions><TPX xmlns="http://www.garmin.com/xmlschemas/ActivityExtension/v2"><Speed>0.4</Speed></TPX></Extensions></Trackpoint><Trackpoint><Time>2026-03-03T16:21:53+00:00</Time><DistanceMeters>1624.9</DistanceMeters><Position><LatitudeDegrees>50.84813</LatitudeDegrees><LongitudeDegrees>4.41696</LongitudeDegrees></Position><AltitudeMeters>71.4</AltitudeMeters><Extensions><TPX xmlns="http://www.garmin.com/xmlschemas/ActivityExtension/v2"><Speed>0.4</Speed></TPX></Extensions></Trackpoint><Trackpoint><Time>2026-03-03T16:21:54+00:00</Time><DistanceMeters>1625.3</DistanceMeters><Position><LatitudeDegrees>50.84813</LatitudeDegrees><LongitudeDegrees>4.41696</LongitudeDegrees></Position><AltitudeMeters>71.4</AltitudeMeters><Extensions><TPX xmlns="http://www.garmin.com/xmlschemas/ActivityExtension/v2"><Speed>0.4</Speed></TPX></Extensions></Trackpoint><Trackpoint><Time>2026-03-03T16:21:55+00:00</Time><DistanceMeters>1625.7</DistanceMeters><Position><LatitudeDegrees>50.848129</LatitudeDegrees><LongitudeDegrees>4.416959</LongitudeDegrees></Position><AltitudeMeters>71.4</AltitudeMeters><Extensions><TPX xmlns="http://www.garmin.com/xmlschemas/ActivityExtension/v2"><Speed>0.4</Speed></TPX></Extensions></Trackpoint><Trackpoint><Time>2026-03-03T16:21:56+00:00</Time><DistanceMeters>1626.1</DistanceMeters><Position><LatitudeDegrees>50.848129</LatitudeDegrees><LongitudeDegrees>4.416959</LongitudeDegrees></Position><AltitudeMeters>71.4</AltitudeMeters><Extensions><TPX xmlns="http://www.garmin.com/xmlschemas/ActivityExtension/v2"><Speed>0.4</Speed></TPX></Extensions></Trackpoint><Trackpoint><Time>2026-03-03T16:21:57+00:00</Time><DistanceMeters>1626.5</DistanceMeters><Position><LatitudeDegrees>50.848129</LatitudeDegrees><LongitudeDegrees>4.416958</LongitudeDegrees></Position><AltitudeMeters>71.4</AltitudeMeters><Extensions><TPX xmlns="http://www.garmin.com/xmlschemas/ActivityExtension/v2"><Speed>0.4</Speed></TPX></Extensions></Trackpoint><Trackpoint><Time>2026-03-03T16:21:58+00:00</Time><DistanceMeters>1626.9</DistanceMeters><Position><LatitudeDegrees>50.848129</LatitudeDegrees><LongitudeDegrees>4.416958</LongitudeDegrees></Position><AltitudeMeters>71.4</AltitudeMeters><Extensions><TPX xmlns="http://www.garmin.com/xmlschemas/ActivityExtension/v2"><Speed>0.4</Speed></TPX></Extensions></Trackpoint><Trackpoint><Time>2026-03-03T16:21:59+00:00</Time><DistanceMeters>1627.3</DistanceMeters><Position><LatitudeDegrees>50.848128</LatitudeDegrees><LongitudeDegrees>4.416957</LongitudeDegrees></Position><AltitudeMeters>71.4</AltitudeMeters><Extensions><TPX xmlns="http://www.garmin.com/xmlschemas/ActivityExtension/v2"><Speed>0.4</Speed></TPX></Extensions></Trackpoint><Trackpoint><Time>2026-03-03T16:22:00+00:00</Time><DistanceMeters>1627.7</DistanceMeters><Position><LatitudeDegrees>50.848128</LatitudeDegrees><LongitudeDegrees>4.416957</LongitudeDegrees></Position><AltitudeMeters>71.4</AltitudeMeters><Extensions><TPX xmlns="http://www.garmin.com/xmlschemas/ActivityExtension/v2"><Speed>0.4</Speed></TPX></Extensions></Trackpoint><Trackpoint><Time>2026-03-03T16:22:01+00:00</Time><DistanceMeters>1630.4</DistanceMeters><Position><LatitudeDegrees>50.848121</LatitudeDegrees><LongitudeDegrees>4.416919</LongitudeDegrees></Position><AltitudeMeters>71.4</AltitudeMeters><Extensions><TPX xmlns="http://www.garmin.com/xmlschemas/ActivityExtension/v2"><Speed>0.86</Speed></TPX></Extensions></Trackpoint><Trackpoint><Time>2026-03-03T16:22:02+00:00</Time><DistanceMeters>1631.2</DistanceMeters><Position><LatitudeDegrees>50.848121</LatitudeDegrees><LongitudeDegrees>4.416907</LongitudeDegrees></Position><AltitudeMeters>71.4</AltitudeMeters><Extensions><TPX xmlns="http://www.garmin.com/xmlschemas/ActivityExtension/v2"><Speed>0.94</Speed></TPX></Extensions></Trackpoint><Trackpoint><Time>2026-03-03T16:22:03+00:00</Time><DistanceMeters>1631.8</DistanceMeters><Position><LatitudeDegrees>50.848122</LatitudeDegrees><LongitudeDegrees>4.416897</LongitudeDegrees></Position><AltitudeMeters>71.4</AltitudeMeters><Extensions><TPX xmlns="http://www.garmin.com/xmlschemas/ActivityExtension/v2"><Speed>0.98</Speed></TPX></Extensions></Trackpoint><Trackpoint><Time>2026-03-03T16:22:04+00:00</Time><DistanceMeters>1632.4</DistanceMeters><Position><LatitudeDegrees>50.848121</LatitudeDegrees><LongitudeDegrees>4.416889</LongitudeDegrees></Position><AltitudeMeters>71.4</AltitudeMeters><Extensions><TPX xmlns="http://www.garmin.com/xmlschemas/ActivityExtension/v2"><Speed>1.02</Speed></TPX></Extensions></Trackpoint><Trackpoint><Time>2026-03-03T16:22:05+00:00</Time><DistanceMeters>1633.1</DistanceMeters><Position><LatitudeDegrees>50.848122</LatitudeDegrees><LongitudeDegrees>4.416878</LongitudeDegrees></Position><AltitudeMeters>71.4</AltitudeMeters><Extensions><TPX xmlns="http://www.garmin.com/xmlschemas/ActivityExtension/v2"><Speed>1.08</Speed></TPX></Extensions></Trackpoint><Trackpoint><Time>2026-03-03T16:22:06+00:00</Time><DistanceMeters>1633.7</DistanceMeters><Position><LatitudeDegrees>50.848121</LatitudeDegrees><LongitudeDegrees>4.416869</LongitudeDegrees></Position><AltitudeMeters>71.4</AltitudeMeters><Extensions><TPX xmlns="http://www.garmin.com/xmlschemas/ActivityExtension/v2"><Speed>0.66</Speed></TPX></Extensions></Trackpoint><Trackpoint><Time>2026-03-03T16:22:07+00:00</Time><DistanceMeters>1634.2</DistanceMeters><Position><LatitudeDegrees>50.848124</LatitudeDegrees><LongitudeDegrees>4.41686</LongitudeDegrees></Position><AltitudeMeters>71.4</AltitudeMeters><Extensions><TPX xmlns="http://www.garmin.com/xmlschemas/ActivityExtension/v2"><Speed>0.6</Speed></TPX></Extensions></Trackpoint><Trackpoint><Time>2026-03-03T16:22:08+00:00</Time><DistanceMeters>1635.0</DistanceMeters><Position><LatitudeDegrees>50.848126</LatitudeDegrees><LongitudeDegrees>4.416848</LongitudeDegrees></Position><AltitudeMeters>71.4</AltitudeMeters><Extensions><TPX xmlns="http://www.garmin.com/xmlschemas/ActivityExtension/v2"><Speed>0.64</Speed></TPX></Extensions></Trackpoint><Trackpoint><Time>2026-03-03T16:22:09+00:00</Time><DistanceMeters>1635.4</DistanceMeters><Position><LatitudeDegrees>50.848127</LatitudeDegrees><LongitudeDegrees>4.416842</LongitudeDegrees></Position><AltitudeMeters>71.4</AltitudeMeters><Cadence>60</Cadence><Extensions><TPX xmlns="http://www.garmin.com/xmlschemas/ActivityExtension/v2"><Speed>0.6</Speed></TPX></Extensions></Trackpoint><Trackpoint><Time>2026-03-03T16:22:10+00:00</Time><DistanceMeters>1635.9</DistanceMeters><Position><LatitudeDegrees>50.848128</LatitudeDegrees><LongitudeDegrees>4.416834</LongitudeDegrees></Position><AltitudeMeters>71.4</AltitudeMeters><Cadence>60</Cadence><Extensions><TPX xmlns="http://www.garmin.com/xmlschemas/ActivityExtension/v2"><Speed>0.56</Speed></TPX></Extensions></Trackpoint><Trackpoint><Time>2026-03-03T16:22:11+00:00</Time><DistanceMeters>1636.3</DistanceMeters><Position><LatitudeDegrees>50.848129</LatitudeDegrees><LongitudeDegrees>4.416829</LongitudeDegrees></Position><AltitudeMeters>71.4</AltitudeMeters><Extensions><TPX xmlns="http://www.garmin.com/xmlschemas/ActivityExtension/v2"><Speed>0.52</Speed></TPX></Extensions></Trackpoint><Trackpoint><Time>2026-03-03T16:22:12+00:00</Time><DistanceMeters>1636.4</DistanceMeters><Position><LatitudeDegrees>50.848131</LatitudeDegrees><LongitudeDegrees>4.416827</LongitudeDegrees></Position><AltitudeMeters>71.4</AltitudeMeters><Extensions><TPX xmlns="http://www.garmin.com/xmlschemas/ActivityExtension/v2"><Speed>0.44</Speed></TPX></Extensions></Trackpoint><Trackpoint><Time>2026-03-03T16:22:13+00:00</Time><DistanceMeters>1636.6</DistanceMeters><Position><LatitudeDegrees>50.848134</LatitudeDegrees><LongitudeDegrees>4.416824</LongitudeDegrees></Position><AltitudeMeters>71.4</AltitudeMeters><Extensions><TPX xmlns="http://www.garmin.com/xmlschemas/ActivityExtension/v2"><Speed>0.32</Speed></TPX></Extensions></Trackpoint><Trackpoint><Time>2026-03-03T16:22:14+00:00</Time><DistanceMeters>1636.9</DistanceMeters><Position><LatitudeDegrees>50.848142</LatitudeDegrees><LongitudeDegrees>4.41682</LongitudeDegrees></Position><AltitudeMeters>71.4</AltitudeMeters><Extensions><TPX xmlns="http://www.garmin.com/xmlschemas/ActivityExtension/v2"><Speed>0.3</Speed></TPX></Extensions></Trackpoint><Trackpoint><Time>2026-03-03T16:22:15+00:00</Time><DistanceMeters>1637.3</DistanceMeters><Position><LatitudeDegrees>50.848149</LatitudeDegrees><LongitudeDegrees>4.416816</LongitudeDegrees></Position><AltitudeMeters>71.4</AltitudeMeters><Extensions><TPX xmlns="http://www.garmin.com/xmlschemas/ActivityExtension/v2"><Speed>0.28</Speed></TPX></Extensions></Trackpoint><Trackpoint><Time>2026-03-03T16:22:16+00:00</Time><DistanceMeters>1637.4</DistanceMeters><Position><LatitudeDegrees>50.848155</LatitudeDegrees><LongitudeDegrees>4.416818</LongitudeDegrees></Position><AltitudeMeters>71.5</AltitudeMeters><Extensions><TPX xmlns="http://www.garmin.com/xmlschemas/ActivityExtension/v2"><Speed>0.22</Speed></TPX></Extensions></Trackpoint><Trackpoint><Time>2026-03-03T16:22:17+00:00</Time><DistanceMeters>1637.8</DistanceMeters><Position><LatitudeDegrees>50.84816</LatitudeDegrees><LongitudeDegrees>4.416815</LongitudeDegrees></Position><AltitudeMeters>71.5</AltitudeMeters><Extensions><TPX xmlns="http://www.garmin.com/xmlschemas/ActivityExtension/v2"><Speed>0.28</Speed></TPX></Extensions></Trackpoint><Trackpoint><Time>2026-03-03T16:22:18+00:00</Time><DistanceMeters>1638.1</DistanceMeters><Position><LatitudeDegrees>50.848162</LatitudeDegrees><LongitudeDegrees>4.416812</LongitudeDegrees></Position><AltitudeMeters>71.5</AltitudeMeters><Extensions><TPX xmlns="http://www.garmin.com/xmlschemas/ActivityExtension/v2"><Speed>0.3</Speed></TPX></Extensions></Trackpoint><Trackpoint><Time>2026-03-03T16:22:19+00:00</Time><DistanceMeters>1638.7</DistanceMeters><Position><LatitudeDegrees>50.848164</LatitudeDegrees><LongitudeDegrees>4.416805</LongitudeDegrees></Position><AltitudeMeters>71.5</AltitudeMeters><Extensions><TPX xmlns="http://www.garmin.com/xmlschemas/ActivityExtension/v2"><Speed>0.36</Speed></TPX></Extensions></Trackpoint><Trackpoint><Time>2026-03-03T16:22:20+00:00</Time><DistanceMeters>1638.9</DistanceMeters><Position><LatitudeDegrees>50.848162</LatitudeDegrees><LongitudeDegrees>4.416801</LongitudeDegrees></Position><AltitudeMeters>71.5</AltitudeMeters><Extensions><TPX xmlns="http://www.garmin.com/xmlschemas/ActivityExtension/v2"><Speed>0.32</Speed></TPX></Extensions></Trackpoint><Trackpoint><Time>2026-03-03T16:22:21+00:00</Time><DistanceMeters>1639.7</DistanceMeters><Position><LatitudeDegrees>50.848169</LatitudeDegrees><LongitudeDegrees>4.416793</LongitudeDegrees></Position><AltitudeMeters>71.5</AltitudeMeters><Extensions><TPX xmlns="http://www.garmin.com/xmlschemas/ActivityExtension/v2"><Speed>0.46</Speed></TPX></Extensions></Trackpoint><Trackpoint><Time>2026-03-03T16:22:22+00:00</Time><DistanceMeters>1639.7</DistanceMeters><Position><LatitudeDegrees>50.848165</LatitudeDegrees><LongitudeDegrees>4.41679</LongitudeDegrees></Position><AltitudeMeters>71.5</AltitudeMeters><Extensions><TPX xmlns="http://www.garmin.com/xmlschemas/ActivityExtension/v2"><Speed>0.38</Speed></TPX></Extensions></Trackpoint><Trackpoint><Time>2026-03-03T16:22:23+00:00</Time><DistanceMeters>1639.7</DistanceMeters><Position><LatitudeDegrees>50.848163</LatitudeDegrees><LongitudeDegrees>4.416794</LongitudeDegrees></Position><AltitudeMeters>71.5</AltitudeMeters><Extensions><TPX xmlns="http://www.garmin.com/xmlschemas/ActivityExtension/v2"><Speed>0.32</Speed></TPX></Extensions></Trackpoint></Track></Lap></Activity></Activities></TrainingCenterDatabase>