<?xml version="1.0" encoding="UTF-8"?><TrainingCenterDatabase xsi:schemaLocation="http://www.garmin.com/xmlschemas/TrainingCenterDatabase/v2 http://www.garmin.com/xmlschemas/TrainingCenterDatabasev2.xsd" xmlns:ns5="http://www.garmin.com/xmlschemas/ActivityGoals/v1" xmlns:ns3="http://www.garmin.com/xmlschemas/ActivityExtension/v2" xmlns:ns2="http://www.garmin.com/xmlschemas/UserProfile/v2" xmlns="http://www.garmin.com/xmlschemas/TrainingCenterDatabase/v2" xmlns:xsi="http://www.w3.org/2001/XMLSchema-instance"><Activities><Activity Sport="Biking"><Id>2026-03-31T16:39:34+00:00</Id><Lap StartTime="2026-03-31T16:39:34+00:00"><TotalTimeSeconds>2139</TotalTimeSeconds><DistanceMeters>5835.64</DistanceMeters><Track><Trackpoint><Time>2026-03-31T16:39:34+00:00</Time><Position><LatitudeDegrees>50.596867</LatitudeDegrees><LongitudeDegrees>3.057487</LongitudeDegrees></Position><AltitudeMeters>50.4</AltitudeMeters><Extensions><TPX xmlns="http://www.garmin.com/xmlschemas/ActivityExtension/v2"><Speed>0.0</Speed></TPX></Extensions></Trackpoint><Trackpoint><Time>2026-03-31T16:39:35+00:00</Time><DistanceMeters>5.9</DistanceMeters><Position><LatitudeDegrees>50.596909</LatitudeDegrees><LongitudeDegrees>3.057436</LongitudeDegrees></Position><AltitudeMeters>50.4</AltitudeMeters><Extensions><TPX xmlns="http://www.garmin.com/xmlschemas/ActivityExtension/v2"><Speed>0.0</Speed></TPX></Extensions></Trackpoint><Trackpoint><Time>2026-03-31T16:39:36+00:00</Time><DistanceMeters>10.1</DistanceMeters><Position><LatitudeDegrees>50.596947</LatitudeDegrees><LongitudeDegrees>3.057431</LongitudeDegrees></Position><AltitudeMeters>50.4</AltitudeMeters><Extensions><TPX xmlns="http://www.garmin.com/xmlschemas/ActivityExtension/v2"><Speed>0.0</Speed></TPX></Extensions></Trackpoint><Trackpoint><Time>2026-03-31T16:39:37+00:00</Time><DistanceMeters>12.6</DistanceMeters><Position><LatitudeDegrees>50.596977</LatitudeDegrees><LongitudeDegrees>3.057437</LongitudeDegrees></Position><AltitudeMeters>50.4</AltitudeMeters><Extensions><TPX xmlns="http://www.garmin.com/xmlschemas/ActivityExtension/v2"><Speed>4.2</Speed></TPX></Extensions></Trackpoint><Trackpoint><Time>2026-03-31T16:39:38+00:00</Time><DistanceMeters>15.1</DistanceMeters><Position><LatitudeDegrees>50.596991</LatitudeDegrees><LongitudeDegrees>3.057444</LongitudeDegrees></Position><AltitudeMeters>50.4</AltitudeMeters><Extensions><TPX xmlns="http://www.garmin.com/xmlschemas/ActivityExtension/v2"><Speed>3.775</Speed></TPX></Extensions></Trackpoint><Trackpoint><Time>2026-03-31T16:39:39+00:00</Time><DistanceMeters>17.5</DistanceMeters><Position><LatitudeDegrees>50.597022</LatitudeDegrees><LongitudeDegrees>3.057461</LongitudeDegrees></Position><AltitudeMeters>50.4</AltitudeMeters><Extensions><TPX xmlns="http://www.garmin.com/xmlschemas/ActivityExtension/v2"><Speed>3.5</Speed></TPX></Extensions></Trackpoint><Trackpoint><Time>2026-03-31T16:39:40+00:00</Time><DistanceMeters>19.9</DistanceMeters><Position><LatitudeDegrees>50.597032</LatitudeDegrees><LongitudeDegrees>3.05746</LongitudeDegrees></Position><AltitudeMeters>50.4</AltitudeMeters><Extensions><TPX xmlns="http://www.garmin.com/xmlschemas/ActivityExtension/v2"><Speed>2.8</Speed></TPX></Extensions></Trackpoint><Trackpoint><Time>2026-03-31T16:39:41+00:00</Time><DistanceMeters>23.7</DistanceMeters><Position><LatitudeDegrees>50.597066</LatitudeDegrees><LongitudeDegrees>3.057474</LongitudeDegrees></Position><AltitudeMeters>50.4</AltitudeMeters><Extensions><TPX xmlns="http://www.garmin.com/xmlschemas/ActivityExtension/v2"><Speed>2.72</Speed></TPX></Extensions></Trackpoint><Trackpoint><Time>2026-03-31T16:39:42+00:00</Time><DistanceMeters>27.4</DistanceMeters><Position><LatitudeDegrees>50.597099</LatitudeDegrees><LongitudeDegrees>3.057471</LongitudeDegrees></Position><AltitudeMeters>50.4</AltitudeMeters><Extensions><TPX xmlns="http://www.garmin.com/xmlschemas/ActivityExtension/v2"><Speed>2.96</Speed></TPX></Extensions></Trackpoint><Trackpoint><Time>2026-03-31T16:39:43+00:00</Time><DistanceMeters>27.4</DistanceMeters><Position><LatitudeDegrees>50.597116</LatitudeDegrees><LongitudeDegrees>3.057459</LongitudeDegrees></Position><AltitudeMeters>50.4</AltitudeMeters><Extensions><TPX xmlns="http://www.garmin.com/xmlschemas/ActivityExtension/v2"><Speed>2.46</Speed></TPX></Extensions></Trackpoint><Trackpoint><Time>2026-03-31T16:39:44+00:00</Time><DistanceMeters>30.6</DistanceMeters><Position><LatitudeDegrees>50.597127</LatitudeDegrees><LongitudeDegrees>3.05746</LongitudeDegrees></Position><AltitudeMeters>50.4</AltitudeMeters><Extensions><TPX xmlns="http://www.garmin.com/xmlschemas/ActivityExtension/v2"><Speed>2.62</Speed></TPX></Extensions></Trackpoint><Trackpoint><Time>2026-03-31T16:39:45+00:00</Time><DistanceMeters>30.6</DistanceMeters><Position><LatitudeDegrees>50.597144</LatitudeDegrees><LongitudeDegrees>3.057454</LongitudeDegrees></Position><AltitudeMeters>50.4</AltitudeMeters><Extensions><TPX xmlns="http://www.garmin.com/xmlschemas/ActivityExtension/v2"><Speed>2.14</Speed></TPX></Extensions></Trackpoint><Trackpoint><Time>2026-03-31T16:39:46+00:00</Time><DistanceMeters>34.5</DistanceMeters><Position><LatitudeDegrees>50.597162</LatitudeDegrees><LongitudeDegrees>3.057468</LongitudeDegrees></Position><AltitudeMeters>50.4</AltitudeMeters><Extensions><TPX xmlns="http://www.garmin.com/xmlschemas/ActivityExtension/v2"><Speed>2.16</Speed></TPX></Extensions></Trackpoint><Trackpoint><Time>2026-03-31T16:39:47+00:00</Time><DistanceMeters>37.4</DistanceMeters><Position><LatitudeDegrees>50.5972</LatitudeDegrees><LongitudeDegrees>3.057469</LongitudeDegrees></Position><AltitudeMeters>50.4</AltitudeMeters><Extensions><TPX xmlns="http://www.garmin.com/xmlschemas/ActivityExtension/v2"><Speed>1.99</Speed></TPX></Extensions></Trackpoint><Trackpoint><Time>2026-03-31T16:39:48+00:00</Time><DistanceMeters>40.2</DistanceMeters><Position><LatitudeDegrees>50.597212</LatitudeDegrees><LongitudeDegrees>3.057472</LongitudeDegrees></Position><AltitudeMeters>50.4</AltitudeMeters><Extensions><TPX xmlns="http://www.garmin.com/xmlschemas/ActivityExtension/v2"><Speed>2.56</Speed></TPX></Extensions></Trackpoint><Trackpoint><Time>2026-03-31T16:39:49+00:00</Time><DistanceMeters>42.8</DistanceMeters><Position><LatitudeDegrees>50.597248</LatitudeDegrees><LongitudeDegrees>3.05748</LongitudeDegrees></Position><AltitudeMeters>50.4</AltitudeMeters><Extensions><TPX xmlns="http://www.garmin.com/xmlschemas/ActivityExtension/v2"><Speed>2.44</Speed></TPX></Extensions></Trackpoint><Trackpoint><Time>2026-03-31T16:39:50+00:00</Time><DistanceMeters>45.4</DistanceMeters><Position><LatitudeDegrees>50.597258</LatitudeDegrees><LongitudeDegrees>3.057484</LongitudeDegrees></Position><AltitudeMeters>50.3</AltitudeMeters><Extensions><TPX xmlns="http://www.garmin.com/xmlschemas/ActivityExtension/v2"><Speed>2.96</Speed></TPX></Extensions></Trackpoint><Trackpoint><Time>2026-03-31T16:39:51+00:00</Time><DistanceMeters>48.5</DistanceMeters><Position><LatitudeDegrees>50.597286</LatitudeDegrees><LongitudeDegrees>3.057492</LongitudeDegrees></Position><AltitudeMeters>50.3</AltitudeMeters><Extensions><TPX xmlns="http://www.garmin.com/xmlschemas/ActivityExtension/v2"><Speed>2.8</Speed></TPX></Extensions></Trackpoint><Trackpoint><Time>2026-03-31T16:39:52+00:00</Time><DistanceMeters>51.4</DistanceMeters><Position><LatitudeDegrees>50.597325</LatitudeDegrees><LongitudeDegrees>3.057503</LongitudeDegrees></Position><AltitudeMeters>50.3</AltitudeMeters><Extensions><TPX xmlns="http://www.garmin.com/xmlschemas/ActivityExtension/v2"><Speed>2.8</Speed></TPX></Extensions></Trackpoint><Trackpoint><Time>2026-03-31T16:39:53+00:00</Time><DistanceMeters>54.2</DistanceMeters><Position><LatitudeDegrees>50.597337</LatitudeDegrees><LongitudeDegrees>3.057507</LongitudeDegrees></Position><AltitudeMeters>50.3</AltitudeMeters><Extensions><TPX xmlns="http://www.garmin.com/xmlschemas/ActivityExtension/v2"><Speed>2.8</Speed></TPX></Extensions></Trackpoint><Trackpoint><Time>2026-03-31T16:39:54+00:00</Time><DistanceMeters>57.4</DistanceMeters><Position><LatitudeDegrees>50.597365</LatitudeDegrees><LongitudeDegrees>3.057513</LongitudeDegrees></Position><AltitudeMeters>50.2</AltitudeMeters><Extensions><TPX xmlns="http://www.garmin.com/xmlschemas/ActivityExtension/v2"><Speed>2.92</Speed></TPX></Extensions></Trackpoint><Trackpoint><Time>2026-03-31T16:39:55+00:00</Time><DistanceMeters>60.0</DistanceMeters><Position><LatitudeDegrees>50.597399</LatitudeDegrees><LongitudeDegrees>3.057512</LongitudeDegrees></Position><AltitudeMeters>50.2</AltitudeMeters><Extensions><TPX xmlns="http://www.garmin.com/xmlschemas/ActivityExtension/v2"><Speed>2.91</Speed></TPX></Extensions></Trackpoint><Trackpoint><Time>2026-03-31T16:39:56+00:00</Time><DistanceMeters>62.5</DistanceMeters><Position><LatitudeDegrees>50.59741</LatitudeDegrees><LongitudeDegrees>3.057508</LongitudeDegrees></Position><AltitudeMeters>50.2</AltitudeMeters><Extensions><TPX xmlns="http://www.garmin.com/xmlschemas/ActivityExtension/v2"><Speed>2.8</Speed></TPX></Extensions></Trackpoint><Trackpoint><Time>2026-03-31T16:39:57+00:00</Time><DistanceMeters>65.5</DistanceMeters><Position><LatitudeDegrees>50.597447</LatitudeDegrees><LongitudeDegrees>3.057486</LongitudeDegrees></Position><AltitudeMeters>50.1</AltitudeMeters><Extensions><TPX xmlns="http://www.garmin.com/xmlschemas/ActivityExtension/v2"><Speed>2.83</Speed></TPX></Extensions></Trackpoint><Trackpoint><Time>2026-03-31T16:39:58+00:00</Time><DistanceMeters>68.5</DistanceMeters><Position><LatitudeDegrees>50.597461</LatitudeDegrees><LongitudeDegrees>3.057476</LongitudeDegrees></Position><AltitudeMeters>50.1</AltitudeMeters><Extensions><TPX xmlns="http://www.garmin.com/xmlschemas/ActivityExtension/v2"><Speed>2.86</Speed></TPX></Extensions></Trackpoint><Trackpoint><Time>2026-03-31T16:39:59+00:00</Time><DistanceMeters>71.1</DistanceMeters><Position><LatitudeDegrees>50.597505</LatitudeDegrees><LongitudeDegrees>3.057448</LongitudeDegrees></Position><AltitudeMeters>50.1</AltitudeMeters><Extensions><TPX xmlns="http://www.garmin.com/xmlschemas/ActivityExtension/v2"><Speed>2.73</Speed></TPX></Extensions></Trackpoint><Trackpoint><Time>2026-03-31T16:40:00+00:00</Time><DistanceMeters>73.6</DistanceMeters><Position><LatitudeDegrees>50.597524</LatitudeDegrees><LongitudeDegrees>3.057434</LongitudeDegrees></Position><AltitudeMeters>50.0</AltitudeMeters><Extensions><TPX xmlns="http://www.garmin.com/xmlschemas/ActivityExtension/v2"><Speed>2.73</Speed></TPX></Extensions></Trackpoint><Trackpoint><Time>2026-03-31T16:40:01+00:00</Time><DistanceMeters>78.5</DistanceMeters><Position><LatitudeDegrees>50.597543</LatitudeDegrees><LongitudeDegrees>3.057423</LongitudeDegrees></Position><AltitudeMeters>50.0</AltitudeMeters><Extensions><TPX xmlns="http://www.garmin.com/xmlschemas/ActivityExtension/v2"><Speed>3.2</Speed></TPX></Extensions></Trackpoint><Trackpoint><Time>2026-03-31T16:40:02+00:00</Time><DistanceMeters>80.6</DistanceMeters><Position><LatitudeDegrees>50.597564</LatitudeDegrees><LongitudeDegrees>3.057443</LongitudeDegrees></Position><AltitudeMeters>50.0</AltitudeMeters><Extensions><TPX xmlns="http://www.garmin.com/xmlschemas/ActivityExtension/v2"><Speed>3.01</Speed></TPX></Extensions></Trackpoint><Trackpoint><Time>2026-03-31T16:40:03+00:00</Time><DistanceMeters>82.6</DistanceMeters><Position><LatitudeDegrees>50.597573</LatitudeDegrees><LongitudeDegrees>3.057457</LongitudeDegrees></Position><AltitudeMeters>50.0</AltitudeMeters><Extensions><TPX xmlns="http://www.garmin.com/xmlschemas/ActivityExtension/v2"><Speed>2.82</Speed></TPX></Extensions></Trackpoint><Trackpoint><Time>2026-03-31T16:40:04+00:00</Time><DistanceMeters>86.6</DistanceMeters><Position><LatitudeDegrees>50.597575</LatitudeDegrees><LongitudeDegrees>3.057513</LongitudeDegrees></Position><AltitudeMeters>49.9</AltitudeMeters><Extensions><TPX xmlns="http://www.garmin.com/xmlschemas/ActivityExtension/v2"><Speed>3.11</Speed></TPX></Extensions></Trackpoint><Trackpoint><Time>2026-03-31T16:40:05+00:00</Time><DistanceMeters>89.0</DistanceMeters><Position><LatitudeDegrees>50.597587</LatitudeDegrees><LongitudeDegrees>3.057559</LongitudeDegrees></Position><AltitudeMeters>49.8</AltitudeMeters><Extensions><TPX xmlns="http://www.garmin.com/xmlschemas/ActivityExtension/v2"><Speed>3.08</Speed></TPX></Extensions></Trackpoint><Trackpoint><Time>2026-03-31T16:40:06+00:00</Time><DistanceMeters>91.4</DistanceMeters><Position><LatitudeDegrees>50.597594</LatitudeDegrees><LongitudeDegrees>3.057574</LongitudeDegrees></Position><AltitudeMeters>49.8</AltitudeMeters><Extensions><TPX xmlns="http://www.garmin.com/xmlschemas/ActivityExtension/v2"><Speed>2.58</Speed></TPX></Extensions></Trackpoint><Trackpoint><Time>2026-03-31T16:40:07+00:00</Time><DistanceMeters>94.9</DistanceMeters><Position><LatitudeDegrees>50.597614</LatitudeDegrees><LongitudeDegrees>3.057612</LongitudeDegrees></Position><AltitudeMeters>49.8</AltitudeMeters><Extensions><TPX xmlns="http://www.garmin.com/xmlschemas/ActivityExtension/v2"><Speed>2.87</Speed></TPX></Extensions></Trackpoint><Trackpoint><Time>2026-03-31T16:40:08+00:00</Time><DistanceMeters>97.7</DistanceMeters><Position><LatitudeDegrees>50.597632</LatitudeDegrees><LongitudeDegrees>3.057665</LongitudeDegrees></Position><AltitudeMeters>49.7</AltitudeMeters><Extensions><TPX xmlns="http://www.garmin.com/xmlschemas/ActivityExtension/v2"><Speed>3.02</Speed></TPX></Extensions></Trackpoint><Trackpoint><Time>2026-03-31T16:40:09+00:00</Time><DistanceMeters>100.5</DistanceMeters><Position><LatitudeDegrees>50.597636</LatitudeDegrees><LongitudeDegrees>3.057683</LongitudeDegrees></Position><AltitudeMeters>49.7</AltitudeMeters><Extensions><TPX xmlns="http://www.garmin.com/xmlschemas/ActivityExtension/v2"><Speed>2.78</Speed></TPX></Extensions></Trackpoint><Trackpoint><Time>2026-03-31T16:40:10+00:00</Time><DistanceMeters>103.2</DistanceMeters><Position><LatitudeDegrees>50.597656</LatitudeDegrees><LongitudeDegrees>3.05773</LongitudeDegrees></Position><AltitudeMeters>49.6</AltitudeMeters><Extensions><TPX xmlns="http://www.garmin.com/xmlschemas/ActivityExtension/v2"><Speed>2.84</Speed></TPX></Extensions></Trackpoint><Trackpoint><Time>2026-03-31T16:40:11+00:00</Time><DistanceMeters>105.9</DistanceMeters><Position><LatitudeDegrees>50.597662</LatitudeDegrees><LongitudeDegrees>3.057749</LongitudeDegrees></Position><AltitudeMeters>49.6</AltitudeMeters><Extensions><TPX xmlns="http://www.garmin.com/xmlschemas/ActivityExtension/v2"><Speed>2.9</Speed></TPX></Extensions></Trackpoint><Trackpoint><Time>2026-03-31T16:40:12+00:00</Time><DistanceMeters>108.7</DistanceMeters><Position><LatitudeDegrees>50.597683</LatitudeDegrees><LongitudeDegrees>3.057796</LongitudeDegrees></Position><AltitudeMeters>49.5</AltitudeMeters><Extensions><TPX xmlns="http://www.garmin.com/xmlschemas/ActivityExtension/v2"><Speed>2.76</Speed></TPX></Extensions></Trackpoint><Trackpoint><Time>2026-03-31T16:40:13+00:00</Time><DistanceMeters>111.5</DistanceMeters><Position><LatitudeDegrees>50.59769</LatitudeDegrees><LongitudeDegrees>3.057815</LongitudeDegrees></Position><AltitudeMeters>49.5</AltitudeMeters><Extensions><TPX xmlns="http://www.garmin.com/xmlschemas/ActivityExtension/v2"><Speed>2.76</Speed></TPX></Extensions></Trackpoint><Trackpoint><Time>2026-03-31T16:40:14+00:00</Time><DistanceMeters>114.3</DistanceMeters><Position><LatitudeDegrees>50.597708</LatitudeDegrees><LongitudeDegrees>3.057868</LongitudeDegrees></Position><AltitudeMeters>49.4</AltitudeMeters><Extensions><TPX xmlns="http://www.garmin.com/xmlschemas/ActivityExtension/v2"><Speed>2.76</Speed></TPX></Extensions></Trackpoint><Trackpoint><Time>2026-03-31T16:40:15+00:00</Time><DistanceMeters>117.1</DistanceMeters><Position><LatitudeDegrees>50.597713</LatitudeDegrees><LongitudeDegrees>3.057885</LongitudeDegrees></Position><AltitudeMeters>49.4</AltitudeMeters><Extensions><TPX xmlns="http://www.garmin.com/xmlschemas/ActivityExtension/v2"><Speed>2.78</Speed></TPX></Extensions></Trackpoint><Trackpoint><Time>2026-03-31T16:40:16+00:00</Time><DistanceMeters>119.6</DistanceMeters><Position><LatitudeDegrees>50.597727</LatitudeDegrees><LongitudeDegrees>3.057934</LongitudeDegrees></Position><AltitudeMeters>49.3</AltitudeMeters><Extensions><TPX xmlns="http://www.garmin.com/xmlschemas/ActivityExtension/v2"><Speed>2.74</Speed></TPX></Extensions></Trackpoint><Trackpoint><Time>2026-03-31T16:40:17+00:00</Time><DistanceMeters>122.1</DistanceMeters><Position><LatitudeDegrees>50.597732</LatitudeDegrees><LongitudeDegrees>3.057948</LongitudeDegrees></Position><AltitudeMeters>49.3</AltitudeMeters><Extensions><TPX xmlns="http://www.garmin.com/xmlschemas/ActivityExtension/v2"><Speed>2.68</Speed></TPX></Extensions></Trackpoint><Trackpoint><Time>2026-03-31T16:40:18+00:00</Time><DistanceMeters>124.9</DistanceMeters><Position><LatitudeDegrees>50.597752</LatitudeDegrees><LongitudeDegrees>3.057995</LongitudeDegrees></Position><AltitudeMeters>49.2</AltitudeMeters><Extensions><TPX xmlns="http://www.garmin.com/xmlschemas/ActivityExtension/v2"><Speed>2.68</Speed></TPX></Extensions></Trackpoint><Trackpoint><Time>2026-03-31T16:40:19+00:00</Time><DistanceMeters>127.7</DistanceMeters><Position><LatitudeDegrees>50.597759</LatitudeDegrees><LongitudeDegrees>3.058014</LongitudeDegrees></Position><AltitudeMeters>49.1</AltitudeMeters><Extensions><TPX xmlns="http://www.garmin.com/xmlschemas/ActivityExtension/v2"><Speed>2.68</Speed></TPX></Extensions></Trackpoint><Trackpoint><Time>2026-03-31T16:40:20+00:00</Time><DistanceMeters>130.4</DistanceMeters><Position><LatitudeDegrees>50.597774</LatitudeDegrees><LongitudeDegrees>3.058067</LongitudeDegrees></Position><AltitudeMeters>49.0</AltitudeMeters><Extensions><TPX xmlns="http://www.garmin.com/xmlschemas/ActivityExtension/v2"><Speed>2.65</Speed></TPX></Extensions></Trackpoint><Trackpoint><Time>2026-03-31T16:40:21+00:00</Time><DistanceMeters>133.0</DistanceMeters><Position><LatitudeDegrees>50.59778</LatitudeDegrees><LongitudeDegrees>3.058082</LongitudeDegrees></Position><AltitudeMeters>49.0</AltitudeMeters><Extensions><TPX xmlns="http://www.garmin.com/xmlschemas/ActivityExtension/v2"><Speed>2.68</Speed></TPX></Extensions></Trackpoint><Trackpoint><Time>2026-03-31T16:40:22+00:00</Time><DistanceMeters>136.2</DistanceMeters><Position><LatitudeDegrees>50.59779</LatitudeDegrees><LongitudeDegrees>3.058125</LongitudeDegrees></Position><AltitudeMeters>48.9</AltitudeMeters><Extensions><TPX xmlns="http://www.garmin.com/xmlschemas/ActivityExtension/v2"><Speed>2.82</Speed></TPX></Extensions></Trackpoint><Trackpoint><Time>2026-03-31T16:40:23+00:00</Time><DistanceMeters>139.1</DistanceMeters><Position><LatitudeDegrees>50.59781</LatitudeDegrees><LongitudeDegrees>3.058178</LongitudeDegrees></Position><AltitudeMeters>48.8</AltitudeMeters><Extensions><TPX xmlns="http://www.garmin.com/xmlschemas/ActivityExtension/v2"><Speed>2.85</Speed></TPX></Extensions></Trackpoint><Trackpoint><Time>2026-03-31T16:40:24+00:00</Time><DistanceMeters>142.1</DistanceMeters><Position><LatitudeDegrees>50.597817</LatitudeDegrees><LongitudeDegrees>3.058197</LongitudeDegrees></Position><AltitudeMeters>48.8</AltitudeMeters><Extensions><TPX xmlns="http://www.garmin.com/xmlschemas/ActivityExtension/v2"><Speed>2.88</Speed></TPX></Extensions></Trackpoint><Trackpoint><Time>2026-03-31T16:40:25+00:00</Time><DistanceMeters>144.7</DistanceMeters><Position><LatitudeDegrees>50.597835</LatitudeDegrees><LongitudeDegrees>3.058243</LongitudeDegrees></Position><AltitudeMeters>48.7</AltitudeMeters><Extensions><TPX xmlns="http://www.garmin.com/xmlschemas/ActivityExtension/v2"><Speed>2.87</Speed></TPX></Extensions></Trackpoint><Trackpoint><Time>2026-03-31T16:40:26+00:00</Time><DistanceMeters>147.3</DistanceMeters><Position><LatitudeDegrees>50.597841</LatitudeDegrees><LongitudeDegrees>3.058259</LongitudeDegrees></Position><AltitudeMeters>48.7</AltitudeMeters><Extensions><TPX xmlns="http://www.garmin.com/xmlschemas/ActivityExtension/v2"><Speed>2.86</Speed></TPX></Extensions></Trackpoint><Trackpoint><Time>2026-03-31T16:40:27+00:00</Time><DistanceMeters>150.3</DistanceMeters><Position><LatitudeDegrees>50.59785</LatitudeDegrees><LongitudeDegrees>3.058299</LongitudeDegrees></Position><AltitudeMeters>48.6</AltitudeMeters><Extensions><TPX xmlns="http://www.garmin.com/xmlschemas/ActivityExtension/v2"><Speed>2.82</Speed></TPX></Extensions></Trackpoint><Trackpoint><Time>2026-03-31T16:40:28+00:00</Time><DistanceMeters>153.3</DistanceMeters><Position><LatitudeDegrees>50.597856</LatitudeDegrees><LongitudeDegrees>3.058341</LongitudeDegrees></Position><AltitudeMeters>48.5</AltitudeMeters><Extensions><TPX xmlns="http://www.garmin.com/xmlschemas/ActivityExtension/v2"><Speed>2.83</Speed></TPX></Extensions></Trackpoint><Trackpoint><Time>2026-03-31T16:40:29+00:00</Time><DistanceMeters>156.2</DistanceMeters><Position><LatitudeDegrees>50.597876</LatitudeDegrees><LongitudeDegrees>3.058392</LongitudeDegrees></Position><AltitudeMeters>48.4</AltitudeMeters><Extensions><TPX xmlns="http://www.garmin.com/xmlschemas/ActivityExtension/v2"><Speed>2.81</Speed></TPX></Extensions></Trackpoint><Trackpoint><Time>2026-03-31T16:40:30+00:00</Time><DistanceMeters>159.0</DistanceMeters><Position><LatitudeDegrees>50.597883</LatitudeDegrees><LongitudeDegrees>3.05841</LongitudeDegrees></Position><AltitudeMeters>48.4</AltitudeMeters><Extensions><TPX xmlns="http://www.garmin.com/xmlschemas/ActivityExtension/v2"><Speed>2.86</Speed></TPX></Extensions></Trackpoint><Trackpoint><Time>2026-03-31T16:40:31+00:00</Time><DistanceMeters>162.4</DistanceMeters><Position><LatitudeDegrees>50.597886</LatitudeDegrees><LongitudeDegrees>3.058458</LongitudeDegrees></Position><AltitudeMeters>48.3</AltitudeMeters><Extensions><TPX xmlns="http://www.garmin.com/xmlschemas/ActivityExtension/v2"><Speed>3.02</Speed></TPX></Extensions></Trackpoint><Trackpoint><Time>2026-03-31T16:40:32+00:00</Time><DistanceMeters>165.5</DistanceMeters><Position><LatitudeDegrees>50.597908</LatitudeDegrees><LongitudeDegrees>3.058485</LongitudeDegrees></Position><AltitudeMeters>48.2</AltitudeMeters><Extensions><TPX xmlns="http://www.garmin.com/xmlschemas/ActivityExtension/v2"><Speed>3.04</Speed></TPX></Extensions></Trackpoint><Trackpoint><Time>2026-03-31T16:40:33+00:00</Time><DistanceMeters>168.6</DistanceMeters><Position><LatitudeDegrees>50.597921</LatitudeDegrees><LongitudeDegrees>3.058524</LongitudeDegrees></Position><AltitudeMeters>48.1</AltitudeMeters><Extensions><TPX xmlns="http://www.garmin.com/xmlschemas/ActivityExtension/v2"><Speed>3.06</Speed></TPX></Extensions></Trackpoint><Trackpoint><Time>2026-03-31T16:40:34+00:00</Time><DistanceMeters>171.4</DistanceMeters><Position><LatitudeDegrees>50.597948</LatitudeDegrees><LongitudeDegrees>3.058562</LongitudeDegrees></Position><AltitudeMeters>48.0</AltitudeMeters><Extensions><TPX xmlns="http://www.garmin.com/xmlschemas/ActivityExtension/v2"><Speed>3.04</Speed></TPX></Extensions></Trackpoint><Trackpoint><Time>2026-03-31T16:40:35+00:00</Time><DistanceMeters>174.1</DistanceMeters><Position><LatitudeDegrees>50.597956</LatitudeDegrees><LongitudeDegrees>3.058578</LongitudeDegrees></Position><AltitudeMeters>48.0</AltitudeMeters><Extensions><TPX xmlns="http://www.garmin.com/xmlschemas/ActivityExtension/v2"><Speed>3.02</Speed></TPX></Extensions></Trackpoint><Trackpoint><Time>2026-03-31T16:40:36+00:00</Time><DistanceMeters>177.0</DistanceMeters><Position><LatitudeDegrees>50.597975</LatitudeDegrees><LongitudeDegrees>3.058631</LongitudeDegrees></Position><AltitudeMeters>47.9</AltitudeMeters><Extensions><TPX xmlns="http://www.garmin.com/xmlschemas/ActivityExtension/v2"><Speed>2.91</Speed></TPX></Extensions></Trackpoint><Trackpoint><Time>2026-03-31T16:40:37+00:00</Time><DistanceMeters>179.8</DistanceMeters><Position><LatitudeDegrees>50.59798</LatitudeDegrees><LongitudeDegrees>3.058649</LongitudeDegrees></Position><AltitudeMeters>47.8</AltitudeMeters><Extensions><TPX xmlns="http://www.garmin.com/xmlschemas/ActivityExtension/v2"><Speed>2.86</Speed></TPX></Extensions></Trackpoint><Trackpoint><Time>2026-03-31T16:40:38+00:00</Time><DistanceMeters>182.3</DistanceMeters><Position><LatitudeDegrees>50.597994</LatitudeDegrees><LongitudeDegrees>3.058699</LongitudeDegrees></Position><AltitudeMeters>47.7</AltitudeMeters><Extensions><TPX xmlns="http://www.garmin.com/xmlschemas/ActivityExtension/v2"><Speed>2.74</Speed></TPX></Extensions></Trackpoint><Trackpoint><Time>2026-03-31T16:40:39+00:00</Time><DistanceMeters>184.8</DistanceMeters><Position><LatitudeDegrees>50.597999</LatitudeDegrees><LongitudeDegrees>3.058713</LongitudeDegrees></Position><AltitudeMeters>47.7</AltitudeMeters><Extensions><TPX xmlns="http://www.garmin.com/xmlschemas/ActivityExtension/v2"><Speed>2.69</Speed></TPX></Extensions></Trackpoint><Trackpoint><Time>2026-03-31T16:40:40+00:00</Time><DistanceMeters>188.7</DistanceMeters><Position><LatitudeDegrees>50.598014</LatitudeDegrees><LongitudeDegrees>3.058763</LongitudeDegrees></Position><AltitudeMeters>47.6</AltitudeMeters><Extensions><TPX xmlns="http://www.garmin.com/xmlschemas/ActivityExtension/v2"><Speed>2.92</Speed></TPX></Extensions></Trackpoint><Trackpoint><Time>2026-03-31T16:40:41+00:00</Time><DistanceMeters>191.5</DistanceMeters><Position><LatitudeDegrees>50.598034</LatitudeDegrees><LongitudeDegrees>3.058814</LongitudeDegrees></Position><AltitudeMeters>47.5</AltitudeMeters><Extensions><TPX xmlns="http://www.garmin.com/xmlschemas/ActivityExtension/v2"><Speed>2.9</Speed></TPX></Extensions></Trackpoint><Trackpoint><Time>2026-03-31T16:40:42+00:00</Time><DistanceMeters>194.2</DistanceMeters><Position><LatitudeDegrees>50.598041</LatitudeDegrees><LongitudeDegrees>3.058828</LongitudeDegrees></Position><AltitudeMeters>47.4</AltitudeMeters><Extensions><TPX xmlns="http://www.garmin.com/xmlschemas/ActivityExtension/v2"><Speed>2.88</Speed></TPX></Extensions></Trackpoint><Trackpoint><Time>2026-03-31T16:40:43+00:00</Time><DistanceMeters>197.1</DistanceMeters><Position><LatitudeDegrees>50.598064</LatitudeDegrees><LongitudeDegrees>3.058879</LongitudeDegrees></Position><AltitudeMeters>47.3</AltitudeMeters><Extensions><TPX xmlns="http://www.garmin.com/xmlschemas/ActivityExtension/v2"><Speed>2.96</Speed></TPX></Extensions></Trackpoint><Trackpoint><Time>2026-03-31T16:40:44+00:00</Time><DistanceMeters>200.0</DistanceMeters><Position><LatitudeDegrees>50.59807</LatitudeDegrees><LongitudeDegrees>3.058897</LongitudeDegrees></Position><AltitudeMeters>47.3</AltitudeMeters><Extensions><TPX xmlns="http://www.garmin.com/xmlschemas/ActivityExtension/v2"><Speed>3.04</Speed></TPX></Extensions></Trackpoint><Trackpoint><Time>2026-03-31T16:40:45+00:00</Time><DistanceMeters>202.6</DistanceMeters><Position><LatitudeDegrees>50.598091</LatitudeDegrees><LongitudeDegrees>3.05894</LongitudeDegrees></Position><AltitudeMeters>47.2</AltitudeMeters><Extensions><TPX xmlns="http://www.garmin.com/xmlschemas/ActivityExtension/v2"><Speed>2.77</Speed></TPX></Extensions></Trackpoint><Trackpoint><Time>2026-03-31T16:40:46+00:00</Time><DistanceMeters>205.1</DistanceMeters><Position><LatitudeDegrees>50.598097</LatitudeDegrees><LongitudeDegrees>3.058955</LongitudeDegrees></Position><AltitudeMeters>47.1</AltitudeMeters><Extensions><TPX xmlns="http://www.garmin.com/xmlschemas/ActivityExtension/v2"><Speed>2.73</Speed></TPX></Extensions></Trackpoint><Trackpoint><Time>2026-03-31T16:40:47+00:00</Time><DistanceMeters>207.6</DistanceMeters><Position><LatitudeDegrees>50.598112</LatitudeDegrees><LongitudeDegrees>3.058999</LongitudeDegrees></Position><AltitudeMeters>47.0</AltitudeMeters><Extensions><TPX xmlns="http://www.garmin.com/xmlschemas/ActivityExtension/v2"><Speed>2.67</Speed></TPX></Extensions></Trackpoint><Trackpoint><Time>2026-03-31T16:40:48+00:00</Time><DistanceMeters>210.0</DistanceMeters><Position><LatitudeDegrees>50.598119</LatitudeDegrees><LongitudeDegrees>3.059015</LongitudeDegrees></Position><AltitudeMeters>47.0</AltitudeMeters><Extensions><TPX xmlns="http://www.garmin.com/xmlschemas/ActivityExtension/v2"><Speed>2.58</Speed></TPX></Extensions></Trackpoint><Trackpoint><Time>2026-03-31T16:40:49+00:00</Time><DistanceMeters>213.1</DistanceMeters><Position><LatitudeDegrees>50.598127</LatitudeDegrees><LongitudeDegrees>3.059057</LongitudeDegrees></Position><AltitudeMeters>46.9</AltitudeMeters><Extensions><TPX xmlns="http://www.garmin.com/xmlschemas/ActivityExtension/v2"><Speed>2.62</Speed></TPX></Extensions></Trackpoint><Trackpoint><Time>2026-03-31T16:40:50+00:00</Time><DistanceMeters>216.4</DistanceMeters><Position><LatitudeDegrees>50.598136</LatitudeDegrees><LongitudeDegrees>3.059101</LongitudeDegrees></Position><AltitudeMeters>46.8</AltitudeMeters><Extensions><TPX xmlns="http://www.garmin.com/xmlschemas/ActivityExtension/v2"><Speed>2.77</Speed></TPX></Extensions></Trackpoint><Trackpoint><Time>2026-03-31T16:40:51+00:00</Time><DistanceMeters>219.2</DistanceMeters><Position><LatitudeDegrees>50.598155</LatitudeDegrees><LongitudeDegrees>3.059147</LongitudeDegrees></Position><AltitudeMeters>46.7</AltitudeMeters><Extensions><TPX xmlns="http://www.garmin.com/xmlschemas/ActivityExtension/v2"><Speed>2.81</Speed></TPX></Extensions></Trackpoint><Trackpoint><Time>2026-03-31T16:40:52+00:00</Time><DistanceMeters>221.9</DistanceMeters><Position><LatitudeDegrees>50.598161</LatitudeDegrees><LongitudeDegrees>3.059167</LongitudeDegrees></Position><AltitudeMeters>46.7</AltitudeMeters><Extensions><TPX xmlns="http://www.garmin.com/xmlschemas/ActivityExtension/v2"><Speed>2.87</Speed></TPX></Extensions></Trackpoint><Trackpoint><Time>2026-03-31T16:40:53+00:00</Time><DistanceMeters>224.8</DistanceMeters><Position><LatitudeDegrees>50.598175</LatitudeDegrees><LongitudeDegrees>3.059222</LongitudeDegrees></Position><AltitudeMeters>46.6</AltitudeMeters><Extensions><TPX xmlns="http://www.garmin.com/xmlschemas/ActivityExtension/v2"><Speed>2.95</Speed></TPX></Extensions></Trackpoint><Trackpoint><Time>2026-03-31T16:40:54+00:00</Time><DistanceMeters>227.6</DistanceMeters><Position><LatitudeDegrees>50.598182</LatitudeDegrees><LongitudeDegrees>3.059241</LongitudeDegrees></Position><AltitudeMeters>46.5</AltitudeMeters><Extensions><TPX xmlns="http://www.garmin.com/xmlschemas/ActivityExtension/v2"><Speed>2.9</Speed></TPX></Extensions></Trackpoint><Trackpoint><Time>2026-03-31T16:40:55+00:00</Time><DistanceMeters>230.4</DistanceMeters><Position><LatitudeDegrees>50.598205</LatitudeDegrees><LongitudeDegrees>3.059287</LongitudeDegrees></Position><AltitudeMeters>46.4</AltitudeMeters><Extensions><TPX xmlns="http://www.garmin.com/xmlschemas/ActivityExtension/v2"><Speed>2.79</Speed></TPX></Extensions></Trackpoint><Trackpoint><Time>2026-03-31T16:40:56+00:00</Time><DistanceMeters>233.1</DistanceMeters><Position><LatitudeDegrees>50.598213</LatitudeDegrees><LongitudeDegrees>3.059301</LongitudeDegrees></Position><AltitudeMeters>46.4</AltitudeMeters><Extensions><TPX xmlns="http://www.garmin.com/xmlschemas/ActivityExtension/v2"><Speed>2.79</Speed></TPX></Extensions></Trackpoint><Trackpoint><Time>2026-03-31T16:40:57+00:00</Time><DistanceMeters>235.9</DistanceMeters><Position><LatitudeDegrees>50.598232</LatitudeDegrees><LongitudeDegrees>3.059351</LongitudeDegrees></Position><AltitudeMeters>46.3</AltitudeMeters><Extensions><TPX xmlns="http://www.garmin.com/xmlschemas/ActivityExtension/v2"><Speed>2.8</Speed></TPX></Extensions></Trackpoint><Trackpoint><Time>2026-03-31T16:40:58+00:00</Time><DistanceMeters>238.7</DistanceMeters><Position><LatitudeDegrees>50.598237</LatitudeDegrees><LongitudeDegrees>3.059371</LongitudeDegrees></Position><AltitudeMeters>46.2</AltitudeMeters><Extensions><TPX xmlns="http://www.garmin.com/xmlschemas/ActivityExtension/v2"><Speed>2.79</Speed></TPX></Extensions></Trackpoint><Trackpoint><Time>2026-03-31T16:40:59+00:00</Time><DistanceMeters>241.4</DistanceMeters><Position><LatitudeDegrees>50.59825</LatitudeDegrees><LongitudeDegrees>3.059426</LongitudeDegrees></Position><AltitudeMeters>46.1</AltitudeMeters><Extensions><TPX xmlns="http://www.garmin.com/xmlschemas/ActivityExtension/v2"><Speed>2.76</Speed></TPX></Extensions></Trackpoint><Trackpoint><Time>2026-03-31T16:41:00+00:00</Time><DistanceMeters>244.1</DistanceMeters><Position><LatitudeDegrees>50.59825</LatitudeDegrees><LongitudeDegrees>3.059444</LongitudeDegrees></Position><AltitudeMeters>46.1</AltitudeMeters><Extensions><TPX xmlns="http://www.garmin.com/xmlschemas/ActivityExtension/v2"><Speed>2.75</Speed></TPX></Extensions></Trackpoint><Trackpoint><Time>2026-03-31T16:41:01+00:00</Time><DistanceMeters>247.2</DistanceMeters><Position><LatitudeDegrees>50.59825</LatitudeDegrees><LongitudeDegrees>3.059487</LongitudeDegrees></Position><AltitudeMeters>46.0</AltitudeMeters><Extensions><TPX xmlns="http://www.garmin.com/xmlschemas/ActivityExtension/v2"><Speed>2.82</Speed></TPX></Extensions></Trackpoint><Trackpoint><Time>2026-03-31T16:41:02+00:00</Time><DistanceMeters>250.1</DistanceMeters><Position><LatitudeDegrees>50.598241</LatitudeDegrees><LongitudeDegrees>3.059548</LongitudeDegrees></Position><AltitudeMeters>45.9</AltitudeMeters><Extensions><TPX xmlns="http://www.garmin.com/xmlschemas/ActivityExtension/v2"><Speed>2.84</Speed></TPX></Extensions></Trackpoint><Trackpoint><Time>2026-03-31T16:41:03+00:00</Time><DistanceMeters>253.0</DistanceMeters><Position><LatitudeDegrees>50.598237</LatitudeDegrees><LongitudeDegrees>3.059567</LongitudeDegrees></Position><AltitudeMeters>45.8</AltitudeMeters><Extensions><TPX xmlns="http://www.garmin.com/xmlschemas/ActivityExtension/v2"><Speed>2.86</Speed></TPX></Extensions></Trackpoint><Trackpoint><Time>2026-03-31T16:41:04+00:00</Time><DistanceMeters>255.7</DistanceMeters><Position><LatitudeDegrees>50.59822</LatitudeDegrees><LongitudeDegrees>3.059617</LongitudeDegrees></Position><AltitudeMeters>45.9</AltitudeMeters><Extensions><TPX xmlns="http://www.garmin.com/xmlschemas/ActivityExtension/v2"><Speed>2.85</Speed></TPX></Extensions></Trackpoint><Trackpoint><Time>2026-03-31T16:41:05+00:00</Time><DistanceMeters>258.3</DistanceMeters><Position><LatitudeDegrees>50.598213</LatitudeDegrees><LongitudeDegrees>3.059632</LongitudeDegrees></Position><AltitudeMeters>45.9</AltitudeMeters><Extensions><TPX xmlns="http://www.garmin.com/xmlschemas/ActivityExtension/v2"><Speed>2.84</Speed></TPX></Extensions></Trackpoint><Trackpoint><Time>2026-03-31T16:41:06+00:00</Time><DistanceMeters>262.0</DistanceMeters><Position><LatitudeDegrees>50.598198</LatitudeDegrees><LongitudeDegrees>3.059679</LongitudeDegrees></Position><AltitudeMeters>45.9</AltitudeMeters><Extensions><TPX xmlns="http://www.garmin.com/xmlschemas/ActivityExtension/v2"><Speed>2.96</Speed></TPX></Extensions></Trackpoint><Trackpoint><Time>2026-03-31T16:41:07+00:00</Time><DistanceMeters>264.4</DistanceMeters><Position><LatitudeDegrees>50.598184</LatitudeDegrees><LongitudeDegrees>3.059727</LongitudeDegrees></Position><AltitudeMeters>46.0</AltitudeMeters><Extensions><TPX xmlns="http://www.garmin.com/xmlschemas/ActivityExtension/v2"><Speed>2.86</Speed></TPX></Extensions></Trackpoint><Trackpoint><Time>2026-03-31T16:41:08+00:00</Time><DistanceMeters>266.8</DistanceMeters><Position><LatitudeDegrees>50.598177</LatitudeDegrees><LongitudeDegrees>3.059738</LongitudeDegrees></Position><AltitudeMeters>46.0</AltitudeMeters><Extensions><TPX xmlns="http://www.garmin.com/xmlschemas/ActivityExtension/v2"><Speed>2.76</Speed></TPX></Extensions></Trackpoint><Trackpoint><Time>2026-03-31T16:41:09+00:00</Time><DistanceMeters>269.2</DistanceMeters><Position><LatitudeDegrees>50.598154</LatitudeDegrees><LongitudeDegrees>3.059775</LongitudeDegrees></Position><AltitudeMeters>46.1</AltitudeMeters><Extensions><TPX xmlns="http://www.garmin.com/xmlschemas/ActivityExtension/v2"><Speed>2.7</Speed></TPX></Extensions></Trackpoint><Trackpoint><Time>2026-03-31T16:41:10+00:00</Time><DistanceMeters>271.5</DistanceMeters><Position><LatitudeDegrees>50.598146</LatitudeDegrees><LongitudeDegrees>3.059783</LongitudeDegrees></Position><AltitudeMeters>46.1</AltitudeMeters><Extensions><TPX xmlns="http://www.garmin.com/xmlschemas/ActivityExtension/v2"><Speed>2.64</Speed></TPX></Extensions></Trackpoint><Trackpoint><Time>2026-03-31T16:41:11+00:00</Time><DistanceMeters>274.3</DistanceMeters><Position><LatitudeDegrees>50.598125</LatitudeDegrees><LongitudeDegrees>3.059831</LongitudeDegrees></Position><AltitudeMeters>46.2</AltitudeMeters><Extensions><TPX xmlns="http://www.garmin.com/xmlschemas/ActivityExtension/v2"><Speed>2.45</Speed></TPX></Extensions></Trackpoint><Trackpoint><Time>2026-03-31T16:41:12+00:00</Time><DistanceMeters>277.0</DistanceMeters><Position><LatitudeDegrees>50.598118</LatitudeDegrees><LongitudeDegrees>3.059846</LongitudeDegrees></Position><AltitudeMeters>46.2</AltitudeMeters><Extensions><TPX xmlns="http://www.garmin.com/xmlschemas/ActivityExtension/v2"><Speed>2.52</Speed></TPX></Extensions></Trackpoint><Trackpoint><Time>2026-03-31T16:41:13+00:00</Time><DistanceMeters>279.5</DistanceMeters><Position><LatitudeDegrees>50.598094</LatitudeDegrees><LongitudeDegrees>3.059885</LongitudeDegrees></Position><AltitudeMeters>46.3</AltitudeMeters><Extensions><TPX xmlns="http://www.garmin.com/xmlschemas/ActivityExtension/v2"><Speed>2.53</Speed></TPX></Extensions></Trackpoint><Trackpoint><Time>2026-03-31T16:41:14+00:00</Time><DistanceMeters>281.9</DistanceMeters><Position><LatitudeDegrees>50.598087</LatitudeDegrees><LongitudeDegrees>3.059897</LongitudeDegrees></Position><AltitudeMeters>46.3</AltitudeMeters><Extensions><TPX xmlns="http://www.garmin.com/xmlschemas/ActivityExtension/v2"><Speed>2.55</Speed></TPX></Extensions></Trackpoint><Trackpoint><Time>2026-03-31T16:41:15+00:00</Time><DistanceMeters>284.8</DistanceMeters><Position><LatitudeDegrees>50.598058</LatitudeDegrees><LongitudeDegrees>3.059934</LongitudeDegrees></Position><AltitudeMeters>46.4</AltitudeMeters><Extensions><TPX xmlns="http://www.garmin.com/xmlschemas/ActivityExtension/v2"><Speed>2.65</Speed></TPX></Extensions></Trackpoint><Trackpoint><Time>2026-03-31T16:41:16+00:00</Time><DistanceMeters>287.6</DistanceMeters><Position><LatitudeDegrees>50.598049</LatitudeDegrees><LongitudeDegrees>3.05995</LongitudeDegrees></Position><AltitudeMeters>46.4</AltitudeMeters><Extensions><TPX xmlns="http://www.garmin.com/xmlschemas/ActivityExtension/v2"><Speed>2.67</Speed></TPX></Extensions></Trackpoint><Trackpoint><Time>2026-03-31T16:41:17+00:00</Time><DistanceMeters>290.1</DistanceMeters><Position><LatitudeDegrees>50.598022</LatitudeDegrees><LongitudeDegrees>3.059981</LongitudeDegrees></Position><AltitudeMeters>46.5</AltitudeMeters><Extensions><TPX xmlns="http://www.garmin.com/xmlschemas/ActivityExtension/v2"><Speed>2.62</Speed></TPX></Extensions></Trackpoint><Trackpoint><Time>2026-03-31T16:41:18+00:00</Time><DistanceMeters>292.6</DistanceMeters><Position><LatitudeDegrees>50.598012</LatitudeDegrees><LongitudeDegrees>3.05999</LongitudeDegrees></Position><AltitudeMeters>46.6</AltitudeMeters><Extensions><TPX xmlns="http://www.garmin.com/xmlschemas/ActivityExtension/v2"><Speed>2.63</Speed></TPX></Extensions></Trackpoint><Trackpoint><Time>2026-03-31T16:41:19+00:00</Time><DistanceMeters>295.0</DistanceMeters><Position><LatitudeDegrees>50.597989</LatitudeDegrees><LongitudeDegrees>3.060023</LongitudeDegrees></Position><AltitudeMeters>46.6</AltitudeMeters><Extensions><TPX xmlns="http://www.garmin.com/xmlschemas/ActivityExtension/v2"><Speed>2.61</Speed></TPX></Extensions></Trackpoint><Trackpoint><Time>2026-03-31T16:41:20+00:00</Time><DistanceMeters>297.3</DistanceMeters><Position><LatitudeDegrees>50.597982</LatitudeDegrees><LongitudeDegrees>3.060036</LongitudeDegrees></Position><AltitudeMeters>46.7</AltitudeMeters><Extensions><TPX xmlns="http://www.garmin.com/xmlschemas/ActivityExtension/v2"><Speed>2.51</Speed></TPX></Extensions></Trackpoint><Trackpoint><Time>2026-03-31T16:41:21+00:00</Time><DistanceMeters>299.7</DistanceMeters><Position><LatitudeDegrees>50.597952</LatitudeDegrees><LongitudeDegrees>3.06006</LongitudeDegrees></Position><AltitudeMeters>46.7</AltitudeMeters><Extensions><TPX xmlns="http://www.garmin.com/xmlschemas/ActivityExtension/v2"><Speed>2.42</Speed></TPX></Extensions></Trackpoint><Trackpoint><Time>2026-03-31T16:41:22+00:00</Time><DistanceMeters>302.1</DistanceMeters><Position><LatitudeDegrees>50.597945</LatitudeDegrees><LongitudeDegrees>3.060072</LongitudeDegrees></Position><AltitudeMeters>46.7</AltitudeMeters><Extensions><TPX xmlns="http://www.garmin.com/xmlschemas/ActivityExtension/v2"><Speed>2.4</Speed></TPX></Extensions></Trackpoint><Trackpoint><Time>2026-03-31T16:41:23+00:00</Time><DistanceMeters>304.6</DistanceMeters><Position><LatitudeDegrees>50.597919</LatitudeDegrees><LongitudeDegrees>3.060108</LongitudeDegrees></Position><AltitudeMeters>46.8</AltitudeMeters><Extensions><TPX xmlns="http://www.garmin.com/xmlschemas/ActivityExtension/v2"><Speed>2.39</Speed></TPX></Extensions></Trackpoint><Trackpoint><Time>2026-03-31T16:41:24+00:00</Time><DistanceMeters>307.0</DistanceMeters><Position><LatitudeDegrees>50.597911</LatitudeDegrees><LongitudeDegrees>3.060118</LongitudeDegrees></Position><AltitudeMeters>46.8</AltitudeMeters><Extensions><TPX xmlns="http://www.garmin.com/xmlschemas/ActivityExtension/v2"><Speed>2.41</Speed></TPX></Extensions></Trackpoint><Trackpoint><Time>2026-03-31T16:41:25+00:00</Time><DistanceMeters>309.7</DistanceMeters><Position><LatitudeDegrees>50.59788</LatitudeDegrees><LongitudeDegrees>3.060144</LongitudeDegrees></Position><AltitudeMeters>46.9</AltitudeMeters><Extensions><TPX xmlns="http://www.garmin.com/xmlschemas/ActivityExtension/v2"><Speed>2.48</Speed></TPX></Extensions></Trackpoint><Trackpoint><Time>2026-03-31T16:41:26+00:00</Time><DistanceMeters>312.4</DistanceMeters><Position><LatitudeDegrees>50.59787</LatitudeDegrees><LongitudeDegrees>3.060154</LongitudeDegrees></Position><AltitudeMeters>46.9</AltitudeMeters><Extensions><TPX xmlns="http://www.garmin.com/xmlschemas/ActivityExtension/v2"><Speed>2.54</Speed></TPX></Extensions></Trackpoint><Trackpoint><Time>2026-03-31T16:41:27+00:00</Time><DistanceMeters>315.2</DistanceMeters><Position><LatitudeDegrees>50.597851</LatitudeDegrees><LongitudeDegrees>3.060206</LongitudeDegrees></Position><AltitudeMeters>46.9</AltitudeMeters><Extensions><TPX xmlns="http://www.garmin.com/xmlschemas/ActivityExtension/v2"><Speed>2.62</Speed></TPX></Extensions></Trackpoint><Trackpoint><Time>2026-03-31T16:41:28+00:00</Time><DistanceMeters>318.0</DistanceMeters><Position><LatitudeDegrees>50.597849</LatitudeDegrees><LongitudeDegrees>3.060226</LongitudeDegrees></Position><AltitudeMeters>46.9</AltitudeMeters><Extensions><TPX xmlns="http://www.garmin.com/xmlschemas/ActivityExtension/v2"><Speed>2.69</Speed></TPX></Extensions></Trackpoint><Trackpoint><Time>2026-03-31T16:41:29+00:00</Time><DistanceMeters>320.6</DistanceMeters><Position><LatitudeDegrees>50.597856</LatitudeDegrees><LongitudeDegrees>3.060282</LongitudeDegrees></Position><AltitudeMeters>46.9</AltitudeMeters><Extensions><TPX xmlns="http://www.garmin.com/xmlschemas/ActivityExtension/v2"><Speed>2.72</Speed></TPX></Extensions></Trackpoint><Trackpoint><Time>2026-03-31T16:41:30+00:00</Time><DistanceMeters>323.2</DistanceMeters><Position><LatitudeDegrees>50.59786</LatitudeDegrees><LongitudeDegrees>3.060299</LongitudeDegrees></Position><AltitudeMeters>46.9</AltitudeMeters><Extensions><TPX xmlns="http://www.garmin.com/xmlschemas/ActivityExtension/v2"><Speed>2.7</Speed></TPX></Extensions></Trackpoint><Trackpoint><Time>2026-03-31T16:41:31+00:00</Time><DistanceMeters>326.3</DistanceMeters><Position><LatitudeDegrees>50.597862</LatitudeDegrees><LongitudeDegrees>3.060342</LongitudeDegrees></Position><AltitudeMeters>46.8</AltitudeMeters><Extensions><TPX xmlns="http://www.garmin.com/xmlschemas/ActivityExtension/v2"><Speed>2.78</Speed></TPX></Extensions></Trackpoint><Trackpoint><Time>2026-03-31T16:41:32+00:00</Time><DistanceMeters>329.6</DistanceMeters><Position><LatitudeDegrees>50.597879</LatitudeDegrees><LongitudeDegrees>3.06038</LongitudeDegrees></Position><AltitudeMeters>46.8</AltitudeMeters><Extensions><TPX xmlns="http://www.garmin.com/xmlschemas/ActivityExtension/v2"><Speed>2.88</Speed></TPX></Extensions></Trackpoint><Trackpoint><Time>2026-03-31T16:41:33+00:00</Time><DistanceMeters>332.5</DistanceMeters><Position><LatitudeDegrees>50.5979</LatitudeDegrees><LongitudeDegrees>3.060431</LongitudeDegrees></Position><AltitudeMeters>46.7</AltitudeMeters><Extensions><TPX xmlns="http://www.garmin.com/xmlschemas/ActivityExtension/v2"><Speed>2.89</Speed></TPX></Extensions></Trackpoint><Trackpoint><Time>2026-03-31T16:41:34+00:00</Time><DistanceMeters>335.3</DistanceMeters><Position><LatitudeDegrees>50.597904</LatitudeDegrees><LongitudeDegrees>3.06045</LongitudeDegrees></Position><AltitudeMeters>46.7</AltitudeMeters><Extensions><TPX xmlns="http://www.garmin.com/xmlschemas/ActivityExtension/v2"><Speed>2.94</Speed></TPX></Extensions></Trackpoint><Trackpoint><Time>2026-03-31T16:41:35+00:00</Time><DistanceMeters>337.9</DistanceMeters><Position><LatitudeDegrees>50.597915</LatitudeDegrees><LongitudeDegrees>3.060497</LongitudeDegrees></Position><AltitudeMeters>46.6</AltitudeMeters><Extensions><TPX xmlns="http://www.garmin.com/xmlschemas/ActivityExtension/v2"><Speed>2.94</Speed></TPX></Extensions></Trackpoint><Trackpoint><Time>2026-03-31T16:41:36+00:00</Time><DistanceMeters>340.5</DistanceMeters><Position><LatitudeDegrees>50.597919</LatitudeDegrees><LongitudeDegrees>3.060519</LongitudeDegrees></Position><AltitudeMeters>46.6</AltitudeMeters><Extensions><TPX xmlns="http://www.garmin.com/xmlschemas/ActivityExtension/v2"><Speed>2.84</Speed></TPX></Extensions></Trackpoint><Trackpoint><Time>2026-03-31T16:41:37+00:00</Time><DistanceMeters>343.0</DistanceMeters><Position><LatitudeDegrees>50.597927</LatitudeDegrees><LongitudeDegrees>3.060571</LongitudeDegrees></Position><AltitudeMeters>46.5</AltitudeMeters><Extensions><TPX xmlns="http://www.garmin.com/xmlschemas/ActivityExtension/v2"><Speed>2.68</Speed></TPX></Extensions></Trackpoint><Trackpoint><Time>2026-03-31T16:41:38+00:00</Time><DistanceMeters>345.5</DistanceMeters><Position><LatitudeDegrees>50.597929</LatitudeDegrees><LongitudeDegrees>3.060589</LongitudeDegrees></Position><AltitudeMeters>46.5</AltitudeMeters><Extensions><TPX xmlns="http://www.garmin.com/xmlschemas/ActivityExtension/v2"><Speed>2.61</Speed></TPX></Extensions></Trackpoint><Trackpoint><Time>2026-03-31T16:41:39+00:00</Time><DistanceMeters>348.7</DistanceMeters><Position><LatitudeDegrees>50.597934</LatitudeDegrees><LongitudeDegrees>3.060633</LongitudeDegrees></Position><AltitudeMeters>46.4</AltitudeMeters><Extensions><TPX xmlns="http://www.garmin.com/xmlschemas/ActivityExtension/v2"><Speed>2.68</Speed></TPX></Extensions></Trackpoint><Trackpoint><Time>2026-03-31T16:41:40+00:00</Time><DistanceMeters>351.5</DistanceMeters><Position><LatitudeDegrees>50.597948</LatitudeDegrees><LongitudeDegrees>3.060688</LongitudeDegrees></Position><AltitudeMeters>46.3</AltitudeMeters><Extensions><TPX xmlns="http://www.garmin.com/xmlschemas/ActivityExtension/v2"><Speed>2.71</Speed></TPX></Extensions></Trackpoint><Trackpoint><Time>2026-03-31T16:41:41+00:00</Time><DistanceMeters>354.2</DistanceMeters><Position><LatitudeDegrees>50.59795</LatitudeDegrees><LongitudeDegrees>3.060707</LongitudeDegrees></Position><AltitudeMeters>46.3</AltitudeMeters><Extensions><TPX xmlns="http://www.garmin.com/xmlschemas/ActivityExtension/v2"><Speed>2.74</Speed></TPX></Extensions></Trackpoint><Trackpoint><Time>2026-03-31T16:41:42+00:00</Time><DistanceMeters>357.2</DistanceMeters><Position><LatitudeDegrees>50.597963</LatitudeDegrees><LongitudeDegrees>3.060744</LongitudeDegrees></Position><AltitudeMeters>46.3</AltitudeMeters><Extensions><TPX xmlns="http://www.garmin.com/xmlschemas/ActivityExtension/v2"><Speed>2.84</Speed></TPX></Extensions></Trackpoint><Trackpoint><Time>2026-03-31T16:41:44+00:00</Time><DistanceMeters>362.4</DistanceMeters><Position><LatitudeDegrees>50.597989</LatitudeDegrees><LongitudeDegrees>3.060806</LongitudeDegrees></Position><AltitudeMeters>46.2</AltitudeMeters><Extensions><TPX xmlns="http://www.garmin.com/xmlschemas/ActivityExtension/v2"><Speed>2.74</Speed></TPX></Extensions></Trackpoint><Trackpoint><Time>2026-03-31T16:41:45+00:00</Time><DistanceMeters>364.2</DistanceMeters><Position><LatitudeDegrees>50.597997</LatitudeDegrees><LongitudeDegrees>3.060827</LongitudeDegrees></Position><AltitudeMeters>46.1</AltitudeMeters><Extensions><TPX xmlns="http://www.garmin.com/xmlschemas/ActivityExtension/v2"><Speed>2.55</Speed></TPX></Extensions></Trackpoint><Trackpoint><Time>2026-03-31T16:41:46+00:00</Time><DistanceMeters>366.0</DistanceMeters><Position><LatitudeDegrees>50.598006</LatitudeDegrees><LongitudeDegrees>3.060849</LongitudeDegrees></Position><AltitudeMeters>46.1</AltitudeMeters><Extensions><TPX xmlns="http://www.garmin.com/xmlschemas/ActivityExtension/v2"><Speed>2.36</Speed></TPX></Extensions></Trackpoint><Trackpoint><Time>2026-03-31T16:41:47+00:00</Time><DistanceMeters>368.3</DistanceMeters><Position><LatitudeDegrees>50.598024</LatitudeDegrees><LongitudeDegrees>3.060889</LongitudeDegrees></Position><AltitudeMeters>46.1</AltitudeMeters><Extensions><TPX xmlns="http://www.garmin.com/xmlschemas/ActivityExtension/v2"><Speed>2.21</Speed></TPX></Extensions></Trackpoint><Trackpoint><Time>2026-03-31T16:41:48+00:00</Time><DistanceMeters>370.5</DistanceMeters><Position><LatitudeDegrees>50.598027</LatitudeDegrees><LongitudeDegrees>3.060903</LongitudeDegrees></Position><AltitudeMeters>46.1</AltitudeMeters><Extensions><TPX xmlns="http://www.garmin.com/xmlschemas/ActivityExtension/v2"><Speed>2.217</Speed></TPX></Extensions></Trackpoint><Trackpoint><Time>2026-03-31T16:41:49+00:00</Time><DistanceMeters>373.6</DistanceMeters><Position><LatitudeDegrees>50.598036</LatitudeDegrees><LongitudeDegrees>3.060943</LongitudeDegrees></Position><AltitudeMeters>46.0</AltitudeMeters><Extensions><TPX xmlns="http://www.garmin.com/xmlschemas/ActivityExtension/v2"><Speed>2.24</Speed></TPX></Extensions></Trackpoint><Trackpoint><Time>2026-03-31T16:41:50+00:00</Time><DistanceMeters>376.2</DistanceMeters><Position><LatitudeDegrees>50.598049</LatitudeDegrees><LongitudeDegrees>3.060996</LongitudeDegrees></Position><AltitudeMeters>45.9</AltitudeMeters><Extensions><TPX xmlns="http://www.garmin.com/xmlschemas/ActivityExtension/v2"><Speed>2.39</Speed></TPX></Extensions></Trackpoint><Trackpoint><Time>2026-03-31T16:41:51+00:00</Time><DistanceMeters>378.7</DistanceMeters><Position><LatitudeDegrees>50.598053</LatitudeDegrees><LongitudeDegrees>3.06101</LongitudeDegrees></Position><AltitudeMeters>45.9</AltitudeMeters><Extensions><TPX xmlns="http://www.garmin.com/xmlschemas/ActivityExtension/v2"><Speed>2.54</Speed></TPX></Extensions></Trackpoint><Trackpoint><Time>2026-03-31T16:41:52+00:00</Time><DistanceMeters>381.3</DistanceMeters><Position><LatitudeDegrees>50.598068</LatitudeDegrees><LongitudeDegrees>3.061056</LongitudeDegrees></Position><AltitudeMeters>45.9</AltitudeMeters><Extensions><TPX xmlns="http://www.garmin.com/xmlschemas/ActivityExtension/v2"><Speed>2.6</Speed></TPX></Extensions></Trackpoint><Trackpoint><Time>2026-03-31T16:41:53+00:00</Time><DistanceMeters>383.8</DistanceMeters><Position><LatitudeDegrees>50.598072</LatitudeDegrees><LongitudeDegrees>3.061076</LongitudeDegrees></Position><AltitudeMeters>45.9</AltitudeMeters><Extensions><TPX xmlns="http://www.garmin.com/xmlschemas/ActivityExtension/v2"><Speed>2.66</Speed></TPX></Extensions></Trackpoint><Trackpoint><Time>2026-03-31T16:41:54+00:00</Time><DistanceMeters>387.0</DistanceMeters><Position><LatitudeDegrees>50.59808</LatitudeDegrees><LongitudeDegrees>3.06112</LongitudeDegrees></Position><AltitudeMeters>45.8</AltitudeMeters><Extensions><TPX xmlns="http://www.garmin.com/xmlschemas/ActivityExtension/v2"><Speed>2.68</Speed></TPX></Extensions></Trackpoint><Trackpoint><Time>2026-03-31T16:41:55+00:00</Time><DistanceMeters>389.7</DistanceMeters><Position><LatitudeDegrees>50.598092</LatitudeDegrees><LongitudeDegrees>3.061173</LongitudeDegrees></Position><AltitudeMeters>45.7</AltitudeMeters><Extensions><TPX xmlns="http://www.garmin.com/xmlschemas/ActivityExtension/v2"><Speed>2.7</Speed></TPX></Extensions></Trackpoint><Trackpoint><Time>2026-03-31T16:41:56+00:00</Time><DistanceMeters>392.3</DistanceMeters><Position><LatitudeDegrees>50.598095</LatitudeDegrees><LongitudeDegrees>3.061191</LongitudeDegrees></Position><AltitudeMeters>45.7</AltitudeMeters><Extensions><TPX xmlns="http://www.garmin.com/xmlschemas/ActivityExtension/v2"><Speed>2.72</Speed></TPX></Extensions></Trackpoint><Trackpoint><Time>2026-03-31T16:41:57+00:00</Time><DistanceMeters>395.2</DistanceMeters><Position><LatitudeDegrees>50.598121</LatitudeDegrees><LongitudeDegrees>3.061236</LongitudeDegrees></Position><AltitudeMeters>45.6</AltitudeMeters><Extensions><TPX xmlns="http://www.garmin.com/xmlschemas/ActivityExtension/v2"><Speed>2.79</Speed></TPX></Extensions></Trackpoint><Trackpoint><Time>2026-03-31T16:41:58+00:00</Time><DistanceMeters>398.1</DistanceMeters><Position><LatitudeDegrees>50.598131</LatitudeDegrees><LongitudeDegrees>3.061251</LongitudeDegrees></Position><AltitudeMeters>45.6</AltitudeMeters><Extensions><TPX xmlns="http://www.garmin.com/xmlschemas/ActivityExtension/v2"><Speed>2.86</Speed></TPX></Extensions></Trackpoint><Trackpoint><Time>2026-03-31T16:41:59+00:00</Time><DistanceMeters>404.3</DistanceMeters><Position><LatitudeDegrees>50.598181</LatitudeDegrees><LongitudeDegrees>3.061218</LongitudeDegrees></Position><AltitudeMeters>45.4</AltitudeMeters><Extensions><TPX xmlns="http://www.garmin.com/xmlschemas/ActivityExtension/v2"><Speed>3.46</Speed></TPX></Extensions></Trackpoint><Trackpoint><Time>2026-03-31T16:42:00+00:00</Time><DistanceMeters>407.1</DistanceMeters><Position><LatitudeDegrees>50.598215</LatitudeDegrees><LongitudeDegrees>3.061193</LongitudeDegrees></Position><AltitudeMeters>45.3</AltitudeMeters><Extensions><TPX xmlns="http://www.garmin.com/xmlschemas/ActivityExtension/v2"><Speed>3.49</Speed></TPX></Extensions></Trackpoint><Trackpoint><Time>2026-03-31T16:42:01+00:00</Time><DistanceMeters>409.9</DistanceMeters><Position><LatitudeDegrees>50.598226</LatitudeDegrees><LongitudeDegrees>3.061186</LongitudeDegrees></Position><AltitudeMeters>45.3</AltitudeMeters><Extensions><TPX xmlns="http://www.garmin.com/xmlschemas/ActivityExtension/v2"><Speed>3.52</Speed></TPX></Extensions></Trackpoint><Trackpoint><Time>2026-03-31T16:42:02+00:00</Time><DistanceMeters>412.8</DistanceMeters><Position><LatitudeDegrees>50.598262</LatitudeDegrees><LongitudeDegrees>3.061158</LongitudeDegrees></Position><AltitudeMeters>45.2</AltitudeMeters><Extensions><TPX xmlns="http://www.garmin.com/xmlschemas/ActivityExtension/v2"><Speed>3.52</Speed></TPX></Extensions></Trackpoint><Trackpoint><Time>2026-03-31T16:42:03+00:00</Time><DistanceMeters>415.7</DistanceMeters><Position><LatitudeDegrees>50.598274</LatitudeDegrees><LongitudeDegrees>3.06115</LongitudeDegrees></Position><AltitudeMeters>45.2</AltitudeMeters><Extensions><TPX xmlns="http://www.garmin.com/xmlschemas/ActivityExtension/v2"><Speed>3.52</Speed></TPX></Extensions></Trackpoint><Trackpoint><Time>2026-03-31T16:42:04+00:00</Time><DistanceMeters>418.3</DistanceMeters><Position><LatitudeDegrees>50.598303</LatitudeDegrees><LongitudeDegrees>3.06112</LongitudeDegrees></Position><AltitudeMeters>45.1</AltitudeMeters><Extensions><TPX xmlns="http://www.garmin.com/xmlschemas/ActivityExtension/v2"><Speed>2.8</Speed></TPX></Extensions></Trackpoint><Trackpoint><Time>2026-03-31T16:42:05+00:00</Time><DistanceMeters>420.9</DistanceMeters><Position><LatitudeDegrees>50.598312</LatitudeDegrees><LongitudeDegrees>3.06111</LongitudeDegrees></Position><AltitudeMeters>45.1</AltitudeMeters><Extensions><TPX xmlns="http://www.garmin.com/xmlschemas/ActivityExtension/v2"><Speed>2.76</Speed></TPX></Extensions></Trackpoint><Trackpoint><Time>2026-03-31T16:42:06+00:00</Time><DistanceMeters>423.6</DistanceMeters><Position><LatitudeDegrees>50.598331</LatitudeDegrees><LongitudeDegrees>3.061064</LongitudeDegrees></Position><AltitudeMeters>45.0</AltitudeMeters><Extensions><TPX xmlns="http://www.garmin.com/xmlschemas/ActivityExtension/v2"><Speed>2.73</Speed></TPX></Extensions></Trackpoint><Trackpoint><Time>2026-03-31T16:42:07+00:00</Time><DistanceMeters>426.2</DistanceMeters><Position><LatitudeDegrees>50.598336</LatitudeDegrees><LongitudeDegrees>3.061044</LongitudeDegrees></Position><AltitudeMeters>45.0</AltitudeMeters><Extensions><TPX xmlns="http://www.garmin.com/xmlschemas/ActivityExtension/v2"><Speed>2.68</Speed></TPX></Extensions></Trackpoint><Trackpoint><Time>2026-03-31T16:42:08+00:00</Time><DistanceMeters>428.7</DistanceMeters><Position><LatitudeDegrees>50.598357</LatitudeDegrees><LongitudeDegrees>3.061001</LongitudeDegrees></Position><AltitudeMeters>44.9</AltitudeMeters><Extensions><TPX xmlns="http://www.garmin.com/xmlschemas/ActivityExtension/v2"><Speed>2.6</Speed></TPX></Extensions></Trackpoint><Trackpoint><Time>2026-03-31T16:42:09+00:00</Time><DistanceMeters>431.2</DistanceMeters><Position><LatitudeDegrees>50.598363</LatitudeDegrees><LongitudeDegrees>3.060989</LongitudeDegrees></Position><AltitudeMeters>44.8</AltitudeMeters><Extensions><TPX xmlns="http://www.garmin.com/xmlschemas/ActivityExtension/v2"><Speed>2.58</Speed></TPX></Extensions></Trackpoint><Trackpoint><Time>2026-03-31T16:42:10+00:00</Time><DistanceMeters>434.5</DistanceMeters><Position><LatitudeDegrees>50.598392</LatitudeDegrees><LongitudeDegrees>3.060976</LongitudeDegrees></Position><AltitudeMeters>44.8</AltitudeMeters><Extensions><TPX xmlns="http://www.garmin.com/xmlschemas/ActivityExtension/v2"><Speed>2.72</Speed></TPX></Extensions></Trackpoint><Trackpoint><Time>2026-03-31T16:42:11+00:00</Time><DistanceMeters>437.6</DistanceMeters><Position><LatitudeDegrees>50.598413</LatitudeDegrees><LongitudeDegrees>3.060947</LongitudeDegrees></Position><AltitudeMeters>44.7</AltitudeMeters><Extensions><TPX xmlns="http://www.garmin.com/xmlschemas/ActivityExtension/v2"><Speed>2.81</Speed></TPX></Extensions></Trackpoint><Trackpoint><Time>2026-03-31T16:42:12+00:00</Time><DistanceMeters>439.8</DistanceMeters><Position><LatitudeDegrees>50.598434</LatitudeDegrees><LongitudeDegrees>3.060917</LongitudeDegrees></Position><AltitudeMeters>44.5</AltitudeMeters><Extensions><TPX xmlns="http://www.garmin.com/xmlschemas/ActivityExtension/v2"><Speed>2.71</Speed></TPX></Extensions></Trackpoint><Trackpoint><Time>2026-03-31T16:42:13+00:00</Time><DistanceMeters>441.9</DistanceMeters><Position><LatitudeDegrees>50.598441</LatitudeDegrees><LongitudeDegrees>3.060905</LongitudeDegrees></Position><AltitudeMeters>44.5</AltitudeMeters><Extensions><TPX xmlns="http://www.garmin.com/xmlschemas/ActivityExtension/v2"><Speed>2.64</Speed></TPX></Extensions></Trackpoint><Trackpoint><Time>2026-03-31T16:42:14+00:00</Time><DistanceMeters>444.8</DistanceMeters><Position><LatitudeDegrees>50.598471</LatitudeDegrees><LongitudeDegrees>3.06087</LongitudeDegrees></Position><AltitudeMeters>44.3</AltitudeMeters><Extensions><TPX xmlns="http://www.garmin.com/xmlschemas/ActivityExtension/v2"><Speed>2.72</Speed></TPX></Extensions></Trackpoint><Trackpoint><Time>2026-03-31T16:42:15+00:00</Time><DistanceMeters>447.7</DistanceMeters><Position><LatitudeDegrees>50.598483</LatitudeDegrees><LongitudeDegrees>3.060857</LongitudeDegrees></Position><AltitudeMeters>44.3</AltitudeMeters><Extensions><TPX xmlns="http://www.garmin.com/xmlschemas/ActivityExtension/v2"><Speed>2.64</Speed></TPX></Extensions></Trackpoint><Trackpoint><Time>2026-03-31T16:42:16+00:00</Time><DistanceMeters>451.6</DistanceMeters><Position><LatitudeDegrees>50.598511</LatitudeDegrees><LongitudeDegrees>3.060823</LongitudeDegrees></Position><AltitudeMeters>44.1</AltitudeMeters><Extensions><TPX xmlns="http://www.garmin.com/xmlschemas/ActivityExtension/v2"><Speed>2.8</Speed></TPX></Extensions></Trackpoint><Trackpoint><Time>2026-03-31T16:42:17+00:00</Time><DistanceMeters>454.3</DistanceMeters><Position><LatitudeDegrees>50.598545</LatitudeDegrees><LongitudeDegrees>3.060838</LongitudeDegrees></Position><AltitudeMeters>43.9</AltitudeMeters><Extensions><TPX xmlns="http://www.garmin.com/xmlschemas/ActivityExtension/v2"><Speed>2.91</Speed></TPX></Extensions></Trackpoint><Trackpoint><Time>2026-03-31T16:42:18+00:00</Time><DistanceMeters>457.0</DistanceMeters><Position><LatitudeDegrees>50.598556</LatitudeDegrees><LongitudeDegrees>3.060852</LongitudeDegrees></Position><AltitudeMeters>43.8</AltitudeMeters><Extensions><TPX xmlns="http://www.garmin.com/xmlschemas/ActivityExtension/v2"><Speed>3.02</Speed></TPX></Extensions></Trackpoint><Trackpoint><Time>2026-03-31T16:42:19+00:00</Time><DistanceMeters>459.8</DistanceMeters><Position><LatitudeDegrees>50.598584</LatitudeDegrees><LongitudeDegrees>3.060889</LongitudeDegrees></Position><AltitudeMeters>43.7</AltitudeMeters><Extensions><TPX xmlns="http://www.garmin.com/xmlschemas/ActivityExtension/v2"><Speed>2.99</Speed></TPX></Extensions></Trackpoint><Trackpoint><Time>2026-03-31T16:42:20+00:00</Time><DistanceMeters>462.5</DistanceMeters><Position><LatitudeDegrees>50.598593</LatitudeDegrees><LongitudeDegrees>3.060903</LongitudeDegrees></Position><AltitudeMeters>43.6</AltitudeMeters><Extensions><TPX xmlns="http://www.garmin.com/xmlschemas/ActivityExtension/v2"><Speed>2.96</Speed></TPX></Extensions></Trackpoint><Trackpoint><Time>2026-03-31T16:42:21+00:00</Time><DistanceMeters>465.0</DistanceMeters><Position><LatitudeDegrees>50.598611</LatitudeDegrees><LongitudeDegrees>3.06095</LongitudeDegrees></Position><AltitudeMeters>43.6</AltitudeMeters><Extensions><TPX xmlns="http://www.garmin.com/xmlschemas/ActivityExtension/v2"><Speed>2.68</Speed></TPX></Extensions></Trackpoint><Trackpoint><Time>2026-03-31T16:42:22+00:00</Time><DistanceMeters>467.5</DistanceMeters><Position><LatitudeDegrees>50.598614</LatitudeDegrees><LongitudeDegrees>3.060967</LongitudeDegrees></Position><AltitudeMeters>43.5</AltitudeMeters><Extensions><TPX xmlns="http://www.garmin.com/xmlschemas/ActivityExtension/v2"><Speed>2.64</Speed></TPX></Extensions></Trackpoint><Trackpoint><Time>2026-03-31T16:42:23+00:00</Time><DistanceMeters>470.7</DistanceMeters><Position><LatitudeDegrees>50.598617</LatitudeDegrees><LongitudeDegrees>3.061011</LongitudeDegrees></Position><AltitudeMeters>43.5</AltitudeMeters><Extensions><TPX xmlns="http://www.garmin.com/xmlschemas/ActivityExtension/v2"><Speed>2.74</Speed></TPX></Extensions></Trackpoint><Trackpoint><Time>2026-03-31T16:42:24+00:00</Time><DistanceMeters>474.1</DistanceMeters><Position><LatitudeDegrees>50.598631</LatitudeDegrees><LongitudeDegrees>3.061054</LongitudeDegrees></Position><AltitudeMeters>43.4</AltitudeMeters><Extensions><TPX xmlns="http://www.garmin.com/xmlschemas/ActivityExtension/v2"><Speed>2.87</Speed></TPX></Extensions></Trackpoint><Trackpoint><Time>2026-03-31T16:42:25+00:00</Time><DistanceMeters>476.9</DistanceMeters><Position><LatitudeDegrees>50.598644</LatitudeDegrees><LongitudeDegrees>3.061109</LongitudeDegrees></Position><AltitudeMeters>43.3</AltitudeMeters><Extensions><TPX xmlns="http://www.garmin.com/xmlschemas/ActivityExtension/v2"><Speed>2.88</Speed></TPX></Extensions></Trackpoint><Trackpoint><Time>2026-03-31T16:42:26+00:00</Time><DistanceMeters>479.7</DistanceMeters><Position><LatitudeDegrees>50.598646</LatitudeDegrees><LongitudeDegrees>3.061128</LongitudeDegrees></Position><AltitudeMeters>43.3</AltitudeMeters><Extensions><TPX xmlns="http://www.garmin.com/xmlschemas/ActivityExtension/v2"><Speed>2.94</Speed></TPX></Extensions></Trackpoint><Trackpoint><Time>2026-03-31T16:42:27+00:00</Time><DistanceMeters>482.1</DistanceMeters><Position><LatitudeDegrees>50.598651</LatitudeDegrees><LongitudeDegrees>3.061178</LongitudeDegrees></Position><AltitudeMeters>43.3</AltitudeMeters><Extensions><TPX xmlns="http://www.garmin.com/xmlschemas/ActivityExtension/v2"><Speed>2.91</Speed></TPX></Extensions></Trackpoint><Trackpoint><Time>2026-03-31T16:42:28+00:00</Time><DistanceMeters>484.4</DistanceMeters><Position><LatitudeDegrees>50.598651</LatitudeDegrees><LongitudeDegrees>3.061195</LongitudeDegrees></Position><AltitudeMeters>43.3</AltitudeMeters><Extensions><TPX xmlns="http://www.garmin.com/xmlschemas/ActivityExtension/v2"><Speed>2.74</Speed></TPX></Extensions></Trackpoint><Trackpoint><Time>2026-03-31T16:42:29+00:00</Time><DistanceMeters>487.6</DistanceMeters><Position><LatitudeDegrees>50.598654</LatitudeDegrees><LongitudeDegrees>3.061239</LongitudeDegrees></Position><AltitudeMeters>43.2</AltitudeMeters><Extensions><TPX xmlns="http://www.garmin.com/xmlschemas/ActivityExtension/v2"><Speed>2.7</Speed></TPX></Extensions></Trackpoint><Trackpoint><Time>2026-03-31T16:42:30+00:00</Time><DistanceMeters>490.4</DistanceMeters><Position><LatitudeDegrees>50.598661</LatitudeDegrees><LongitudeDegrees>3.061296</LongitudeDegrees></Position><AltitudeMeters>43.2</AltitudeMeters><Extensions><TPX xmlns="http://www.garmin.com/xmlschemas/ActivityExtension/v2"><Speed>2.69</Speed></TPX></Extensions></Trackpoint><Trackpoint><Time>2026-03-31T16:42:31+00:00</Time><DistanceMeters>493.1</DistanceMeters><Position><LatitudeDegrees>50.598658</LatitudeDegrees><LongitudeDegrees>3.061318</LongitudeDegrees></Position><AltitudeMeters>43.2</AltitudeMeters><Extensions><TPX xmlns="http://www.garmin.com/xmlschemas/ActivityExtension/v2"><Speed>2.68</Speed></TPX></Extensions></Trackpoint><Trackpoint><Time>2026-03-31T16:42:32+00:00</Time><DistanceMeters>495.6</DistanceMeters><Position><LatitudeDegrees>50.598662</LatitudeDegrees><LongitudeDegrees>3.061368</LongitudeDegrees></Position><AltitudeMeters>43.1</AltitudeMeters><Extensions><TPX xmlns="http://www.garmin.com/xmlschemas/ActivityExtension/v2"><Speed>2.71</Speed></TPX></Extensions></Trackpoint><Trackpoint><Time>2026-03-31T16:42:33+00:00</Time><DistanceMeters>498.1</DistanceMeters><Position><LatitudeDegrees>50.598661</LatitudeDegrees><LongitudeDegrees>3.061387</LongitudeDegrees></Position><AltitudeMeters>43.1</AltitudeMeters><Extensions><TPX xmlns="http://www.garmin.com/xmlschemas/ActivityExtension/v2"><Speed>2.74</Speed></TPX></Extensions></Trackpoint><Trackpoint><Time>2026-03-31T16:42:34+00:00</Time><DistanceMeters>501.3</DistanceMeters><Position><LatitudeDegrees>50.598657</LatitudeDegrees><LongitudeDegrees>3.061433</LongitudeDegrees></Position><AltitudeMeters>43.1</AltitudeMeters><Extensions><TPX xmlns="http://www.garmin.com/xmlschemas/ActivityExtension/v2"><Speed>2.74</Speed></TPX></Extensions></Trackpoint><Trackpoint><Time>2026-03-31T16:42:35+00:00</Time><DistanceMeters>504.0</DistanceMeters><Position><LatitudeDegrees>50.598659</LatitudeDegrees><LongitudeDegrees>3.061491</LongitudeDegrees></Position><AltitudeMeters>43.0</AltitudeMeters><Extensions><TPX xmlns="http://www.garmin.com/xmlschemas/ActivityExtension/v2"><Speed>2.72</Speed></TPX></Extensions></Trackpoint><Trackpoint><Time>2026-03-31T16:42:36+00:00</Time><DistanceMeters>506.6</DistanceMeters><Position><LatitudeDegrees>50.59866</LatitudeDegrees><LongitudeDegrees>3.061508</LongitudeDegrees></Position><AltitudeMeters>43.0</AltitudeMeters><Extensions><TPX xmlns="http://www.garmin.com/xmlschemas/ActivityExtension/v2"><Speed>2.7</Speed></TPX></Extensions></Trackpoint><Trackpoint><Time>2026-03-31T16:42:37+00:00</Time><DistanceMeters>509.1</DistanceMeters><Position><LatitudeDegrees>50.598662</LatitudeDegrees><LongitudeDegrees>3.061558</LongitudeDegrees></Position><AltitudeMeters>43.0</AltitudeMeters><Extensions><TPX xmlns="http://www.garmin.com/xmlschemas/ActivityExtension/v2"><Speed>2.69</Speed></TPX></Extensions></Trackpoint><Trackpoint><Time>2026-03-31T16:42:38+00:00</Time><DistanceMeters>511.5</DistanceMeters><Position><LatitudeDegrees>50.598664</LatitudeDegrees><LongitudeDegrees>3.061577</LongitudeDegrees></Position><AltitudeMeters>43.0</AltitudeMeters><Extensions><TPX xmlns="http://www.garmin.com/xmlschemas/ActivityExtension/v2"><Speed>2.68</Speed></TPX></Extensions></Trackpoint><Trackpoint><Time>2026-03-31T16:42:39+00:00</Time><DistanceMeters>514.4</DistanceMeters><Position><LatitudeDegrees>50.598669</LatitudeDegrees><LongitudeDegrees>3.061633</LongitudeDegrees></Position><AltitudeMeters>43.0</AltitudeMeters><Extensions><TPX xmlns="http://www.garmin.com/xmlschemas/ActivityExtension/v2"><Speed>2.61</Speed></TPX></Extensions></Trackpoint><Trackpoint><Time>2026-03-31T16:42:40+00:00</Time><DistanceMeters>517.2</DistanceMeters><Position><LatitudeDegrees>50.59867</LatitudeDegrees><LongitudeDegrees>3.061656</LongitudeDegrees></Position><AltitudeMeters>42.9</AltitudeMeters><Extensions><TPX xmlns="http://www.garmin.com/xmlschemas/ActivityExtension/v2"><Speed>2.65</Speed></TPX></Extensions></Trackpoint><Trackpoint><Time>2026-03-31T16:42:41+00:00</Time><DistanceMeters>519.8</DistanceMeters><Position><LatitudeDegrees>50.598677</LatitudeDegrees><LongitudeDegrees>3.061708</LongitudeDegrees></Position><AltitudeMeters>42.9</AltitudeMeters><Extensions><TPX xmlns="http://www.garmin.com/xmlschemas/ActivityExtension/v2"><Speed>2.63</Speed></TPX></Extensions></Trackpoint><Trackpoint><Time>2026-03-31T16:42:42+00:00</Time><DistanceMeters>522.3</DistanceMeters><Position><LatitudeDegrees>50.598678</LatitudeDegrees><LongitudeDegrees>3.061727</LongitudeDegrees></Position><AltitudeMeters>42.9</AltitudeMeters><Extensions><TPX xmlns="http://www.garmin.com/xmlschemas/ActivityExtension/v2"><Speed>2.65</Speed></TPX></Extensions></Trackpoint><Trackpoint><Time>2026-03-31T16:42:43+00:00</Time><DistanceMeters>524.8</DistanceMeters><Position><LatitudeDegrees>50.59868</LatitudeDegrees><LongitudeDegrees>3.061777</LongitudeDegrees></Position><AltitudeMeters>42.9</AltitudeMeters><Extensions><TPX xmlns="http://www.garmin.com/xmlschemas/ActivityExtension/v2"><Speed>2.66</Speed></TPX></Extensions></Trackpoint><Trackpoint><Time>2026-03-31T16:42:44+00:00</Time><DistanceMeters>527.3</DistanceMeters><Position><LatitudeDegrees>50.598681</LatitudeDegrees><LongitudeDegrees>3.061798</LongitudeDegrees></Position><AltitudeMeters>42.8</AltitudeMeters><Extensions><TPX xmlns="http://www.garmin.com/xmlschemas/ActivityExtension/v2"><Speed>2.59</Speed></TPX></Extensions></Trackpoint><Trackpoint><Time>2026-03-31T16:42:45+00:00</Time><DistanceMeters>529.6</DistanceMeters><Position><LatitudeDegrees>50.59868</LatitudeDegrees><LongitudeDegrees>3.061844</LongitudeDegrees></Position><AltitudeMeters>42.8</AltitudeMeters><Extensions><TPX xmlns="http://www.garmin.com/xmlschemas/ActivityExtension/v2"><Speed>2.47</Speed></TPX></Extensions></Trackpoint><Trackpoint><Time>2026-03-31T16:42:46+00:00</Time><DistanceMeters>531.8</DistanceMeters><Position><LatitudeDegrees>50.598678</LatitudeDegrees><LongitudeDegrees>3.061862</LongitudeDegrees></Position><AltitudeMeters>42.8</AltitudeMeters><Extensions><TPX xmlns="http://www.garmin.com/xmlschemas/ActivityExtension/v2"><Speed>2.41</Speed></TPX></Extensions></Trackpoint><Trackpoint><Time>2026-03-31T16:42:47+00:00</Time><DistanceMeters>534.6</DistanceMeters><Position><LatitudeDegrees>50.598685</LatitudeDegrees><LongitudeDegrees>3.06192</LongitudeDegrees></Position><AltitudeMeters>42.8</AltitudeMeters><Extensions><TPX xmlns="http://www.garmin.com/xmlschemas/ActivityExtension/v2"><Speed>2.46</Speed></TPX></Extensions></Trackpoint><Trackpoint><Time>2026-03-31T16:42:48+00:00</Time><DistanceMeters>537.4</DistanceMeters><Position><LatitudeDegrees>50.598686</LatitudeDegrees><LongitudeDegrees>3.061939</LongitudeDegrees></Position><AltitudeMeters>42.8</AltitudeMeters><Extensions><TPX xmlns="http://www.garmin.com/xmlschemas/ActivityExtension/v2"><Speed>2.52</Speed></TPX></Extensions></Trackpoint><Trackpoint><Time>2026-03-31T16:42:49+00:00</Time><DistanceMeters>539.8</DistanceMeters><Position><LatitudeDegrees>50.598687</LatitudeDegrees><LongitudeDegrees>3.061987</LongitudeDegrees></Position><AltitudeMeters>42.7</AltitudeMeters><Extensions><TPX xmlns="http://www.garmin.com/xmlschemas/ActivityExtension/v2"><Speed>2.49</Speed></TPX></Extensions></Trackpoint><Trackpoint><Time>2026-03-31T16:42:50+00:00</Time><DistanceMeters>542.1</DistanceMeters><Position><LatitudeDegrees>50.598686</LatitudeDegrees><LongitudeDegrees>3.062006</LongitudeDegrees></Position><AltitudeMeters>42.7</AltitudeMeters><Extensions><TPX xmlns="http://www.garmin.com/xmlschemas/ActivityExtension/v2"><Speed>2.51</Speed></TPX></Extensions></Trackpoint><Trackpoint><Time>2026-03-31T16:42:51+00:00</Time><DistanceMeters>544.9</DistanceMeters><Position><LatitudeDegrees>50.598693</LatitudeDegrees><LongitudeDegrees>3.062063</LongitudeDegrees></Position><AltitudeMeters>42.7</AltitudeMeters><Extensions><TPX xmlns="http://www.garmin.com/xmlschemas/ActivityExtension/v2"><Speed>2.61</Speed></TPX></Extensions></Trackpoint><Trackpoint><Time>2026-03-31T16:42:52+00:00</Time><DistanceMeters>547.6</DistanceMeters><Position><LatitudeDegrees>50.598694</LatitudeDegrees><LongitudeDegrees>3.062082</LongitudeDegrees></Position><AltitudeMeters>42.7</AltitudeMeters><Extensions><TPX xmlns="http://www.garmin.com/xmlschemas/ActivityExtension/v2"><Speed>2.6</Speed></TPX></Extensions></Trackpoint><Trackpoint><Time>2026-03-31T16:42:53+00:00</Time><DistanceMeters>550.2</DistanceMeters><Position><LatitudeDegrees>50.598694</LatitudeDegrees><LongitudeDegrees>3.062136</LongitudeDegrees></Position><AltitudeMeters>42.6</AltitudeMeters><Extensions><TPX xmlns="http://www.garmin.com/xmlschemas/ActivityExtension/v2"><Speed>2.56</Speed></TPX></Extensions></Trackpoint><Trackpoint><Time>2026-03-31T16:42:54+00:00</Time><DistanceMeters>552.8</DistanceMeters><Position><LatitudeDegrees>50.598693</LatitudeDegrees><LongitudeDegrees>3.062157</LongitudeDegrees></Position><AltitudeMeters>42.6</AltitudeMeters><Extensions><TPX xmlns="http://www.garmin.com/xmlschemas/ActivityExtension/v2"><Speed>2.61</Speed></TPX></Extensions></Trackpoint><Trackpoint><Time>2026-03-31T16:42:55+00:00</Time><DistanceMeters>556.0</DistanceMeters><Position><LatitudeDegrees>50.598694</LatitudeDegrees><LongitudeDegrees>3.062201</LongitudeDegrees></Position><AltitudeMeters>42.6</AltitudeMeters><Extensions><TPX xmlns="http://www.garmin.com/xmlschemas/ActivityExtension/v2"><Speed>2.78</Speed></TPX></Extensions></Trackpoint><Trackpoint><Time>2026-03-31T16:42:56+00:00</Time><DistanceMeters>558.4</DistanceMeters><Position><LatitudeDegrees>50.598691</LatitudeDegrees><LongitudeDegrees>3.062252</LongitudeDegrees></Position><AltitudeMeters>42.6</AltitudeMeters><Extensions><TPX xmlns="http://www.garmin.com/xmlschemas/ActivityExtension/v2"><Speed>2.7</Speed></TPX></Extensions></Trackpoint><Trackpoint><Time>2026-03-31T16:42:57+00:00</Time><DistanceMeters>560.7</DistanceMeters><Position><LatitudeDegrees>50.598693</LatitudeDegrees><LongitudeDegrees>3.062268</LongitudeDegrees></Position><AltitudeMeters>42.5</AltitudeMeters><Extensions><TPX xmlns="http://www.garmin.com/xmlschemas/ActivityExtension/v2"><Speed>2.62</Speed></TPX></Extensions></Trackpoint><Trackpoint><Time>2026-03-31T16:42:58+00:00</Time><DistanceMeters>563.8</DistanceMeters><Position><LatitudeDegrees>50.598696</LatitudeDegrees><LongitudeDegrees>3.062312</LongitudeDegrees></Position><AltitudeMeters>42.5</AltitudeMeters><Extensions><TPX xmlns="http://www.garmin.com/xmlschemas/ActivityExtension/v2"><Speed>2.72</Speed></TPX></Extensions></Trackpoint><Trackpoint><Time>2026-03-31T16:42:59+00:00</Time><DistanceMeters>566.7</DistanceMeters><Position><LatitudeDegrees>50.598702</LatitudeDegrees><LongitudeDegrees>3.062367</LongitudeDegrees></Position><AltitudeMeters>42.5</AltitudeMeters><Extensions><TPX xmlns="http://www.garmin.com/xmlschemas/ActivityExtension/v2"><Speed>2.77</Speed></TPX></Extensions></Trackpoint><Trackpoint><Time>2026-03-31T16:43:00+00:00</Time><DistanceMeters>569.5</DistanceMeters><Position><LatitudeDegrees>50.598703</LatitudeDegrees><LongitudeDegrees>3.062391</LongitudeDegrees></Position><AltitudeMeters>42.5</AltitudeMeters><Extensions><TPX xmlns="http://www.garmin.com/xmlschemas/ActivityExtension/v2"><Speed>2.7</Speed></TPX></Extensions></Trackpoint><Trackpoint><Time>2026-03-31T16:43:01+00:00</Time><DistanceMeters>573.1</DistanceMeters><Position><LatitudeDegrees>50.598711</LatitudeDegrees><LongitudeDegrees>3.06244</LongitudeDegrees></Position><AltitudeMeters>42.4</AltitudeMeters><Extensions><TPX xmlns="http://www.garmin.com/xmlschemas/ActivityExtension/v2"><Speed>2.95</Speed></TPX></Extensions></Trackpoint><Trackpoint><Time>2026-03-31T16:43:02+00:00</Time><DistanceMeters>575.8</DistanceMeters><Position><LatitudeDegrees>50.598717</LatitudeDegrees><LongitudeDegrees>3.062496</LongitudeDegrees></Position><AltitudeMeters>42.4</AltitudeMeters><Extensions><TPX xmlns="http://www.garmin.com/xmlschemas/ActivityExtension/v2"><Speed>3.02</Speed></TPX></Extensions></Trackpoint><Trackpoint><Time>2026-03-31T16:43:03+00:00</Time><DistanceMeters>578.5</DistanceMeters><Position><LatitudeDegrees>50.598717</LatitudeDegrees><LongitudeDegrees>3.062516</LongitudeDegrees></Position><AltitudeMeters>42.4</AltitudeMeters><Extensions><TPX xmlns="http://www.garmin.com/xmlschemas/ActivityExtension/v2"><Speed>2.94</Speed></TPX></Extensions></Trackpoint><Trackpoint><Time>2026-03-31T16:43:04+00:00</Time><DistanceMeters>581.3</DistanceMeters><Position><LatitudeDegrees>50.598721</LatitudeDegrees><LongitudeDegrees>3.062572</LongitudeDegrees></Position><AltitudeMeters>42.4</AltitudeMeters><Extensions><TPX xmlns="http://www.garmin.com/xmlschemas/ActivityExtension/v2"><Speed>2.92</Speed></TPX></Extensions></Trackpoint><Trackpoint><Time>2026-03-31T16:43:05+00:00</Time><DistanceMeters>584.0</DistanceMeters><Position><LatitudeDegrees>50.598721</LatitudeDegrees><LongitudeDegrees>3.062593</LongitudeDegrees></Position><AltitudeMeters>42.4</AltitudeMeters><Extensions><TPX xmlns="http://www.garmin.com/xmlschemas/ActivityExtension/v2"><Speed>2.9</Speed></TPX></Extensions></Trackpoint><Trackpoint><Time>2026-03-31T16:43:06+00:00</Time><DistanceMeters>587.0</DistanceMeters><Position><LatitudeDegrees>50.598723</LatitudeDegrees><LongitudeDegrees>3.062653</LongitudeDegrees></Position><AltitudeMeters>42.3</AltitudeMeters><Extensions><TPX xmlns="http://www.garmin.com/xmlschemas/ActivityExtension/v2"><Speed>2.78</Speed></TPX></Extensions></Trackpoint><Trackpoint><Time>2026-03-31T16:43:07+00:00</Time><DistanceMeters>590.0</DistanceMeters><Position><LatitudeDegrees>50.598722</LatitudeDegrees><LongitudeDegrees>3.062677</LongitudeDegrees></Position><AltitudeMeters>42.3</AltitudeMeters><Extensions><TPX xmlns="http://www.garmin.com/xmlschemas/ActivityExtension/v2"><Speed>2.84</Speed></TPX></Extensions></Trackpoint><Trackpoint><Time>2026-03-31T16:43:08+00:00</Time><DistanceMeters>592.8</DistanceMeters><Position><LatitudeDegrees>50.598725</LatitudeDegrees><LongitudeDegrees>3.062735</LongitudeDegrees></Position><AltitudeMeters>42.3</AltitudeMeters><Extensions><TPX xmlns="http://www.garmin.com/xmlschemas/ActivityExtension/v2"><Speed>2.86</Speed></TPX></Extensions></Trackpoint><Trackpoint><Time>2026-03-31T16:43:09+00:00</Time><DistanceMeters>595.6</DistanceMeters><Position><LatitudeDegrees>50.598725</LatitudeDegrees><LongitudeDegrees>3.062756</LongitudeDegrees></Position><AltitudeMeters>42.3</AltitudeMeters><Extensions><TPX xmlns="http://www.garmin.com/xmlschemas/ActivityExtension/v2"><Speed>2.87</Speed></TPX></Extensions></Trackpoint><Trackpoint><Time>2026-03-31T16:43:10+00:00</Time><DistanceMeters>598.7</DistanceMeters><Position><LatitudeDegrees>50.598732</LatitudeDegrees><LongitudeDegrees>3.062799</LongitudeDegrees></Position><AltitudeMeters>42.3</AltitudeMeters><Extensions><TPX xmlns="http://www.garmin.com/xmlschemas/ActivityExtension/v2"><Speed>2.94</Speed></TPX></Extensions></Trackpoint><Trackpoint><Time>2026-03-31T16:43:11+00:00</Time><DistanceMeters>601.5</DistanceMeters><Position><LatitudeDegrees>50.598738</LatitudeDegrees><LongitudeDegrees>3.062854</LongitudeDegrees></Position><AltitudeMeters>42.2</AltitudeMeters><Extensions><TPX xmlns="http://www.garmin.com/xmlschemas/ActivityExtension/v2"><Speed>2.9</Speed></TPX></Extensions></Trackpoint><Trackpoint><Time>2026-03-31T16:43:12+00:00</Time><DistanceMeters>604.3</DistanceMeters><Position><LatitudeDegrees>50.59874</LatitudeDegrees><LongitudeDegrees>3.062878</LongitudeDegrees></Position><AltitudeMeters>42.2</AltitudeMeters><Extensions><TPX xmlns="http://www.garmin.com/xmlschemas/ActivityExtension/v2"><Speed>2.86</Speed></TPX></Extensions></Trackpoint><Trackpoint><Time>2026-03-31T16:43:13+00:00</Time><DistanceMeters>606.8</DistanceMeters><Position><LatitudeDegrees>50.598746</LatitudeDegrees><LongitudeDegrees>3.062932</LongitudeDegrees></Position><AltitudeMeters>42.2</AltitudeMeters><Extensions><TPX xmlns="http://www.garmin.com/xmlschemas/ActivityExtension/v2"><Speed>2.81</Speed></TPX></Extensions></Trackpoint><Trackpoint><Time>2026-03-31T16:43:14+00:00</Time><DistanceMeters>609.4</DistanceMeters><Position><LatitudeDegrees>50.598747</LatitudeDegrees><LongitudeDegrees>3.062949</LongitudeDegrees></Position><AltitudeMeters>42.2</AltitudeMeters><Extensions><TPX xmlns="http://www.garmin.com/xmlschemas/ActivityExtension/v2"><Speed>2.76</Speed></TPX></Extensions></Trackpoint><Trackpoint><Time>2026-03-31T16:43:15+00:00</Time><DistanceMeters>612.1</DistanceMeters><Position><LatitudeDegrees>50.598743</LatitudeDegrees><LongitudeDegrees>3.063005</LongitudeDegrees></Position><AltitudeMeters>42.1</AltitudeMeters><Extensions><TPX xmlns="http://www.garmin.com/xmlschemas/ActivityExtension/v2"><Speed>2.68</Speed></TPX></Extensions></Trackpoint><Trackpoint><Time>2026-03-31T16:43:16+00:00</Time><DistanceMeters>614.8</DistanceMeters><Position><LatitudeDegrees>50.598741</LatitudeDegrees><LongitudeDegrees>3.063025</LongitudeDegrees></Position><AltitudeMeters>42.1</AltitudeMeters><Extensions><TPX xmlns="http://www.garmin.com/xmlschemas/ActivityExtension/v2"><Speed>2.66</Speed></TPX></Extensions></Trackpoint><Trackpoint><Time>2026-03-31T16:43:17+00:00</Time><DistanceMeters>617.2</DistanceMeters><Position><LatitudeDegrees>50.598736</LatitudeDegrees><LongitudeDegrees>3.063074</LongitudeDegrees></Position><AltitudeMeters>42.1</AltitudeMeters><Extensions><TPX xmlns="http://www.garmin.com/xmlschemas/ActivityExtension/v2"><Speed>2.57</Speed></TPX></Extensions></Trackpoint><Trackpoint><Time>2026-03-31T16:43:18+00:00</Time><DistanceMeters>619.5</DistanceMeters><Position><LatitudeDegrees>50.598736</LatitudeDegrees><LongitudeDegrees>3.06309</LongitudeDegrees></Position><AltitudeMeters>42.1</AltitudeMeters><Extensions><TPX xmlns="http://www.garmin.com/xmlschemas/ActivityExtension/v2"><Speed>2.53</Speed></TPX></Extensions></Trackpoint><Trackpoint><Time>2026-03-31T16:43:19+00:00</Time><DistanceMeters>622.3</DistanceMeters><Position><LatitudeDegrees>50.598743</LatitudeDegrees><LongitudeDegrees>3.063145</LongitudeDegrees></Position><AltitudeMeters>42.1</AltitudeMeters><Extensions><TPX xmlns="http://www.garmin.com/xmlschemas/ActivityExtension/v2"><Speed>2.57</Speed></TPX></Extensions></Trackpoint><Trackpoint><Time>2026-03-31T16:43:20+00:00</Time><DistanceMeters>625.0</DistanceMeters><Position><LatitudeDegrees>50.598744</LatitudeDegrees><LongitudeDegrees>3.063168</LongitudeDegrees></Position><AltitudeMeters>42.1</AltitudeMeters><Extensions><TPX xmlns="http://www.garmin.com/xmlschemas/ActivityExtension/v2"><Speed>2.58</Speed></TPX></Extensions></Trackpoint><Trackpoint><Time>2026-03-31T16:43:21+00:00</Time><DistanceMeters>627.7</DistanceMeters><Position><LatitudeDegrees>50.598748</LatitudeDegrees><LongitudeDegrees>3.063225</LongitudeDegrees></Position><AltitudeMeters>42.0</AltitudeMeters><Extensions><TPX xmlns="http://www.garmin.com/xmlschemas/ActivityExtension/v2"><Speed>2.57</Speed></TPX></Extensions></Trackpoint><Trackpoint><Time>2026-03-31T16:43:22+00:00</Time><DistanceMeters>630.3</DistanceMeters><Position><LatitudeDegrees>50.598748</LatitudeDegrees><LongitudeDegrees>3.063243</LongitudeDegrees></Position><AltitudeMeters>42.0</AltitudeMeters><Extensions><TPX xmlns="http://www.garmin.com/xmlschemas/ActivityExtension/v2"><Speed>2.63</Speed></TPX></Extensions></Trackpoint><Trackpoint><Time>2026-03-31T16:43:23+00:00</Time><DistanceMeters>632.3</DistanceMeters><Position><LatitudeDegrees>50.598751</LatitudeDegrees><LongitudeDegrees>3.063285</LongitudeDegrees></Position><AltitudeMeters>42.0</AltitudeMeters><Extensions><TPX xmlns="http://www.garmin.com/xmlschemas/ActivityExtension/v2"><Speed>2.57</Speed></TPX></Extensions></Trackpoint><Trackpoint><Time>2026-03-31T16:43:24+00:00</Time><DistanceMeters>634.4</DistanceMeters><Position><LatitudeDegrees>50.59875</LatitudeDegrees><LongitudeDegrees>3.063299</LongitudeDegrees></Position><AltitudeMeters>42.0</AltitudeMeters><Extensions><TPX xmlns="http://www.garmin.com/xmlschemas/ActivityExtension/v2"><Speed>2.43</Speed></TPX></Extensions></Trackpoint><Trackpoint><Time>2026-03-31T16:43:25+00:00</Time><DistanceMeters>637.0</DistanceMeters><Position><LatitudeDegrees>50.598733</LatitudeDegrees><LongitudeDegrees>3.063346</LongitudeDegrees></Position><AltitudeMeters>42.0</AltitudeMeters><Extensions><TPX xmlns="http://www.garmin.com/xmlschemas/ActivityExtension/v2"><Speed>2.4</Speed></TPX></Extensions></Trackpoint><Trackpoint><Time>2026-03-31T16:43:26+00:00</Time><DistanceMeters>639.6</DistanceMeters><Position><LatitudeDegrees>50.598723</LatitudeDegrees><LongitudeDegrees>3.06336</LongitudeDegrees></Position><AltitudeMeters>42.0</AltitudeMeters><Extensions><TPX xmlns="http://www.garmin.com/xmlschemas/ActivityExtension/v2"><Speed>2.39</Speed></TPX></Extensions></Trackpoint><Trackpoint><Time>2026-03-31T16:43:27+00:00</Time><DistanceMeters>642.4</DistanceMeters><Position><LatitudeDegrees>50.598689</LatitudeDegrees><LongitudeDegrees>3.063376</LongitudeDegrees></Position><AltitudeMeters>42.0</AltitudeMeters><Extensions><TPX xmlns="http://www.garmin.com/xmlschemas/ActivityExtension/v2"><Speed>2.42</Speed></TPX></Extensions></Trackpoint><Trackpoint><Time>2026-03-31T16:43:28+00:00</Time><DistanceMeters>645.2</DistanceMeters><Position><LatitudeDegrees>50.598675</LatitudeDegrees><LongitudeDegrees>3.06338</LongitudeDegrees></Position><AltitudeMeters>42.0</AltitudeMeters><Extensions><TPX xmlns="http://www.garmin.com/xmlschemas/ActivityExtension/v2"><Speed>2.57</Speed></TPX></Extensions></Trackpoint><Trackpoint><Time>2026-03-31T16:43:29+00:00</Time><DistanceMeters>647.8</DistanceMeters><Position><LatitudeDegrees>50.59864</LatitudeDegrees><LongitudeDegrees>3.063375</LongitudeDegrees></Position><AltitudeMeters>42.0</AltitudeMeters><Extensions><TPX xmlns="http://www.garmin.com/xmlschemas/ActivityExtension/v2"><Speed>2.67</Speed></TPX></Extensions></Trackpoint><Trackpoint><Time>2026-03-31T16:43:30+00:00</Time><DistanceMeters>650.3</DistanceMeters><Position><LatitudeDegrees>50.598629</LatitudeDegrees><LongitudeDegrees>3.063374</LongitudeDegrees></Position><AltitudeMeters>42.0</AltitudeMeters><Extensions><TPX xmlns="http://www.garmin.com/xmlschemas/ActivityExtension/v2"><Speed>2.66</Speed></TPX></Extensions></Trackpoint><Trackpoint><Time>2026-03-31T16:43:31+00:00</Time><DistanceMeters>652.8</DistanceMeters><Position><LatitudeDegrees>50.598595</LatitudeDegrees><LongitudeDegrees>3.063386</LongitudeDegrees></Position><AltitudeMeters>42.1</AltitudeMeters><Extensions><TPX xmlns="http://www.garmin.com/xmlschemas/ActivityExtension/v2"><Speed>2.64</Speed></TPX></Extensions></Trackpoint><Trackpoint><Time>2026-03-31T16:43:32+00:00</Time><DistanceMeters>655.3</DistanceMeters><Position><LatitudeDegrees>50.598585</LatitudeDegrees><LongitudeDegrees>3.06339</LongitudeDegrees></Position><AltitudeMeters>42.1</AltitudeMeters><Extensions><TPX xmlns="http://www.garmin.com/xmlschemas/ActivityExtension/v2"><Speed>2.58</Speed></TPX></Extensions></Trackpoint><Trackpoint><Time>2026-03-31T16:43:33+00:00</Time><DistanceMeters>657.8</DistanceMeters><Position><LatitudeDegrees>50.598553</LatitudeDegrees><LongitudeDegrees>3.063386</LongitudeDegrees></Position><AltitudeMeters>42.1</AltitudeMeters><Extensions><TPX xmlns="http://www.garmin.com/xmlschemas/ActivityExtension/v2"><Speed>2.53</Speed></TPX></Extensions></Trackpoint><Trackpoint><Time>2026-03-31T16:43:34+00:00</Time><DistanceMeters>660.4</DistanceMeters><Position><LatitudeDegrees>50.598539</LatitudeDegrees><LongitudeDegrees>3.063383</LongitudeDegrees></Position><AltitudeMeters>42.1</AltitudeMeters><Extensions><TPX xmlns="http://www.garmin.com/xmlschemas/ActivityExtension/v2"><Speed>2.53</Speed></TPX></Extensions></Trackpoint><Trackpoint><Time>2026-03-31T16:43:35+00:00</Time><DistanceMeters>663.3</DistanceMeters><Position><LatitudeDegrees>50.598502</LatitudeDegrees><LongitudeDegrees>3.063369</LongitudeDegrees></Position><AltitudeMeters>42.2</AltitudeMeters><Extensions><TPX xmlns="http://www.garmin.com/xmlschemas/ActivityExtension/v2"><Speed>2.6</Speed></TPX></Extensions></Trackpoint><Trackpoint><Time>2026-03-31T16:43:36+00:00</Time><DistanceMeters>666.2</DistanceMeters><Position><LatitudeDegrees>50.598489</LatitudeDegrees><LongitudeDegrees>3.063362</LongitudeDegrees></Position><AltitudeMeters>42.2</AltitudeMeters><Extensions><TPX xmlns="http://www.garmin.com/xmlschemas/ActivityExtension/v2"><Speed>2.68</Speed></TPX></Extensions></Trackpoint><Trackpoint><Time>2026-03-31T16:43:37+00:00</Time><DistanceMeters>668.7</DistanceMeters><Position><LatitudeDegrees>50.59846</LatitudeDegrees><LongitudeDegrees>3.063333</LongitudeDegrees></Position><AltitudeMeters>42.3</AltitudeMeters><Extensions><TPX xmlns="http://www.garmin.com/xmlschemas/ActivityExtension/v2"><Speed>2.68</Speed></TPX></Extensions></Trackpoint><Trackpoint><Time>2026-03-31T16:43:38+00:00</Time><DistanceMeters>671.2</DistanceMeters><Position><LatitudeDegrees>50.598451</LatitudeDegrees><LongitudeDegrees>3.063325</LongitudeDegrees></Position><AltitudeMeters>42.3</AltitudeMeters><Extensions><TPX xmlns="http://www.garmin.com/xmlschemas/ActivityExtension/v2"><Speed>2.67</Speed></TPX></Extensions></Trackpoint><Trackpoint><Time>2026-03-31T16:43:39+00:00</Time><DistanceMeters>673.8</DistanceMeters><Position><LatitudeDegrees>50.598422</LatitudeDegrees><LongitudeDegrees>3.063297</LongitudeDegrees></Position><AltitudeMeters>42.4</AltitudeMeters><Extensions><TPX xmlns="http://www.garmin.com/xmlschemas/ActivityExtension/v2"><Speed>2.67</Speed></TPX></Extensions></Trackpoint><Trackpoint><Time>2026-03-31T16:43:40+00:00</Time><DistanceMeters>676.3</DistanceMeters><Position><LatitudeDegrees>50.59841</LatitudeDegrees><LongitudeDegrees>3.06329</LongitudeDegrees></Position><AltitudeMeters>42.4</AltitudeMeters><Extensions><TPX xmlns="http://www.garmin.com/xmlschemas/ActivityExtension/v2"><Speed>2.6</Speed></TPX></Extensions></Trackpoint><Trackpoint><Time>2026-03-31T16:43:41+00:00</Time><DistanceMeters>679.0</DistanceMeters><Position><LatitudeDegrees>50.598377</LatitudeDegrees><LongitudeDegrees>3.06327</LongitudeDegrees></Position><AltitudeMeters>42.5</AltitudeMeters><Extensions><TPX xmlns="http://www.garmin.com/xmlschemas/ActivityExtension/v2"><Speed>2.55</Speed></TPX></Extensions></Trackpoint><Trackpoint><Time>2026-03-31T16:43:42+00:00</Time><DistanceMeters>681.6</DistanceMeters><Position><LatitudeDegrees>50.598367</LatitudeDegrees><LongitudeDegrees>3.063257</LongitudeDegrees></Position><AltitudeMeters>42.5</AltitudeMeters><Extensions><TPX xmlns="http://www.garmin.com/xmlschemas/ActivityExtension/v2"><Speed>2.58</Speed></TPX></Extensions></Trackpoint><Trackpoint><Time>2026-03-31T16:43:43+00:00</Time><DistanceMeters>684.4</DistanceMeters><Position><LatitudeDegrees>50.598334</LatitudeDegrees><LongitudeDegrees>3.06323</LongitudeDegrees></Position><AltitudeMeters>42.6</AltitudeMeters><Extensions><TPX xmlns="http://www.garmin.com/xmlschemas/ActivityExtension/v2"><Speed>2.64</Speed></TPX></Extensions></Trackpoint><Trackpoint><Time>2026-03-31T16:43:44+00:00</Time><DistanceMeters>687.2</DistanceMeters><Position><LatitudeDegrees>50.598323</LatitudeDegrees><LongitudeDegrees>3.063223</LongitudeDegrees></Position><AltitudeMeters>42.6</AltitudeMeters><Extensions><TPX xmlns="http://www.garmin.com/xmlschemas/ActivityExtension/v2"><Speed>2.69</Speed></TPX></Extensions></Trackpoint><Trackpoint><Time>2026-03-31T16:43:45+00:00</Time><DistanceMeters>689.5</DistanceMeters><Position><LatitudeDegrees>50.598295</LatitudeDegrees><LongitudeDegrees>3.0632</LongitudeDegrees></Position><AltitudeMeters>42.7</AltitudeMeters><Extensions><TPX xmlns="http://www.garmin.com/xmlschemas/ActivityExtension/v2"><Speed>2.64</Speed></TPX></Extensions></Trackpoint><Trackpoint><Time>2026-03-31T16:43:46+00:00</Time><DistanceMeters>691.8</DistanceMeters><Position><LatitudeDegrees>50.598285</LatitudeDegrees><LongitudeDegrees>3.063195</LongitudeDegrees></Position><AltitudeMeters>42.7</AltitudeMeters><Extensions><TPX xmlns="http://www.garmin.com/xmlschemas/ActivityExtension/v2"><Speed>2.57</Speed></TPX></Extensions></Trackpoint><Trackpoint><Time>2026-03-31T16:43:47+00:00</Time><DistanceMeters>694.2</DistanceMeters><Position><LatitudeDegrees>50.598258</LatitudeDegrees><LongitudeDegrees>3.063169</LongitudeDegrees></Position><AltitudeMeters>42.8</AltitudeMeters><Extensions><TPX xmlns="http://www.garmin.com/xmlschemas/ActivityExtension/v2"><Speed>2.51</Speed></TPX></Extensions></Trackpoint><Trackpoint><Time>2026-03-31T16:43:48+00:00</Time><DistanceMeters>696.5</DistanceMeters><Position><LatitudeDegrees>50.59825</LatitudeDegrees><LongitudeDegrees>3.063157</LongitudeDegrees></Position><AltitudeMeters>42.8</AltitudeMeters><Extensions><TPX xmlns="http://www.garmin.com/xmlschemas/ActivityExtension/v2"><Speed>2.42</Speed></TPX></Extensions></Trackpoint><Trackpoint><Time>2026-03-31T16:43:50+00:00</Time><DistanceMeters>699.2</DistanceMeters><Position><LatitudeDegrees>50.598219</LatitudeDegrees><LongitudeDegrees>3.063123</LongitudeDegrees></Position><AltitudeMeters>42.9</AltitudeMeters><Extensions><TPX xmlns="http://www.garmin.com/xmlschemas/ActivityExtension/v2"><Speed>1.94</Speed></TPX></Extensions></Trackpoint><Trackpoint><Time>2026-03-31T16:43:51+00:00</Time><DistanceMeters>701.9</DistanceMeters><Position><LatitudeDegrees>50.598211</LatitudeDegrees><LongitudeDegrees>3.063112</LongitudeDegrees></Position><AltitudeMeters>42.9</AltitudeMeters><Extensions><TPX xmlns="http://www.garmin.com/xmlschemas/ActivityExtension/v2"><Speed>2.02</Speed></TPX></Extensions></Trackpoint><Trackpoint><Time>2026-03-31T16:43:52+00:00</Time><DistanceMeters>704.7</DistanceMeters><Position><LatitudeDegrees>50.598178</LatitudeDegrees><LongitudeDegrees>3.063088</LongitudeDegrees></Position><AltitudeMeters>42.9</AltitudeMeters><Extensions><TPX xmlns="http://www.garmin.com/xmlschemas/ActivityExtension/v2"><Speed>2.11</Speed></TPX></Extensions></Trackpoint><Trackpoint><Time>2026-03-31T16:43:53+00:00</Time><DistanceMeters>707.5</DistanceMeters><Position><LatitudeDegrees>50.598165</LatitudeDegrees><LongitudeDegrees>3.06308</LongitudeDegrees></Position><AltitudeMeters>43.0</AltitudeMeters><Extensions><TPX xmlns="http://www.garmin.com/xmlschemas/ActivityExtension/v2"><Speed>2.2</Speed></TPX></Extensions></Trackpoint><Trackpoint><Time>2026-03-31T16:43:54+00:00</Time><DistanceMeters>710.2</DistanceMeters><Position><LatitudeDegrees>50.598132</LatitudeDegrees><LongitudeDegrees>3.063055</LongitudeDegrees></Position><AltitudeMeters>43.0</AltitudeMeters><Extensions><TPX xmlns="http://www.garmin.com/xmlschemas/ActivityExtension/v2"><Speed>2.283</Speed></TPX></Extensions></Trackpoint><Trackpoint><Time>2026-03-31T16:43:55+00:00</Time><DistanceMeters>712.9</DistanceMeters><Position><LatitudeDegrees>50.598119</LatitudeDegrees><LongitudeDegrees>3.063054</LongitudeDegrees></Position><AltitudeMeters>43.1</AltitudeMeters><Extensions><TPX xmlns="http://www.garmin.com/xmlschemas/ActivityExtension/v2"><Speed>2.74</Speed></TPX></Extensions></Trackpoint><Trackpoint><Time>2026-03-31T16:43:56+00:00</Time><DistanceMeters>715.5</DistanceMeters><Position><LatitudeDegrees>50.598087</LatitudeDegrees><LongitudeDegrees>3.063033</LongitudeDegrees></Position><AltitudeMeters>43.1</AltitudeMeters><Extensions><TPX xmlns="http://www.garmin.com/xmlschemas/ActivityExtension/v2"><Speed>2.71</Speed></TPX></Extensions></Trackpoint><Trackpoint><Time>2026-03-31T16:43:57+00:00</Time><DistanceMeters>718.0</DistanceMeters><Position><LatitudeDegrees>50.598077</LatitudeDegrees><LongitudeDegrees>3.063025</LongitudeDegrees></Position><AltitudeMeters>43.2</AltitudeMeters><Extensions><TPX xmlns="http://www.garmin.com/xmlschemas/ActivityExtension/v2"><Speed>2.66</Speed></TPX></Extensions></Trackpoint><Trackpoint><Time>2026-03-31T16:43:58+00:00</Time><DistanceMeters>720.6</DistanceMeters><Position><LatitudeDegrees>50.598045</LatitudeDegrees><LongitudeDegrees>3.063</LongitudeDegrees></Position><AltitudeMeters>43.2</AltitudeMeters><Extensions><TPX xmlns="http://www.garmin.com/xmlschemas/ActivityExtension/v2"><Speed>2.61</Speed></TPX></Extensions></Trackpoint><Trackpoint><Time>2026-03-31T16:43:59+00:00</Time><DistanceMeters>723.1</DistanceMeters><Position><LatitudeDegrees>50.598036</LatitudeDegrees><LongitudeDegrees>3.062994</LongitudeDegrees></Position><AltitudeMeters>43.3</AltitudeMeters><Extensions><TPX xmlns="http://www.garmin.com/xmlschemas/ActivityExtension/v2"><Speed>2.58</Speed></TPX></Extensions></Trackpoint><Trackpoint><Time>2026-03-31T16:44:00+00:00</Time><DistanceMeters>725.5</DistanceMeters><Position><LatitudeDegrees>50.598013</LatitudeDegrees><LongitudeDegrees>3.062961</LongitudeDegrees></Position><AltitudeMeters>43.3</AltitudeMeters><Extensions><TPX xmlns="http://www.garmin.com/xmlschemas/ActivityExtension/v2"><Speed>2.51</Speed></TPX></Extensions></Trackpoint><Trackpoint><Time>2026-03-31T16:44:01+00:00</Time><DistanceMeters>727.8</DistanceMeters><Position><LatitudeDegrees>50.598003</LatitudeDegrees><LongitudeDegrees>3.062952</LongitudeDegrees></Position><AltitudeMeters>43.4</AltitudeMeters><Extensions><TPX xmlns="http://www.garmin.com/xmlschemas/ActivityExtension/v2"><Speed>2.47</Speed></TPX></Extensions></Trackpoint><Trackpoint><Time>2026-03-31T16:44:02+00:00</Time><DistanceMeters>730.6</DistanceMeters><Position><LatitudeDegrees>50.597971</LatitudeDegrees><LongitudeDegrees>3.062923</LongitudeDegrees></Position><AltitudeMeters>43.5</AltitudeMeters><Extensions><TPX xmlns="http://www.garmin.com/xmlschemas/ActivityExtension/v2"><Speed>2.51</Speed></TPX></Extensions></Trackpoint><Trackpoint><Time>2026-03-31T16:44:03+00:00</Time><DistanceMeters>733.3</DistanceMeters><Position><LatitudeDegrees>50.59796</LatitudeDegrees><LongitudeDegrees>3.062916</LongitudeDegrees></Position><AltitudeMeters>43.5</AltitudeMeters><Extensions><TPX xmlns="http://www.garmin.com/xmlschemas/ActivityExtension/v2"><Speed>2.55</Speed></TPX></Extensions></Trackpoint><Trackpoint><Time>2026-03-31T16:44:04+00:00</Time><DistanceMeters>735.6</DistanceMeters><Position><LatitudeDegrees>50.597934</LatitudeDegrees><LongitudeDegrees>3.062893</LongitudeDegrees></Position><AltitudeMeters>43.6</AltitudeMeters><Extensions><TPX xmlns="http://www.garmin.com/xmlschemas/ActivityExtension/v2"><Speed>2.49</Speed></TPX></Extensions></Trackpoint><Trackpoint><Time>2026-03-31T16:44:05+00:00</Time><DistanceMeters>737.8</DistanceMeters><Position><LatitudeDegrees>50.597925</LatitudeDegrees><LongitudeDegrees>3.062883</LongitudeDegrees></Position><AltitudeMeters>43.6</AltitudeMeters><Extensions><TPX xmlns="http://www.garmin.com/xmlschemas/ActivityExtension/v2"><Speed>2.47</Speed></TPX></Extensions></Trackpoint><Trackpoint><Time>2026-03-31T16:44:06+00:00</Time><DistanceMeters>740.5</DistanceMeters><Position><LatitudeDegrees>50.597903</LatitudeDegrees><LongitudeDegrees>3.062842</LongitudeDegrees></Position><AltitudeMeters>43.7</AltitudeMeters><Extensions><TPX xmlns="http://www.garmin.com/xmlschemas/ActivityExtension/v2"><Speed>2.54</Speed></TPX></Extensions></Trackpoint><Trackpoint><Time>2026-03-31T16:44:07+00:00</Time><DistanceMeters>743.2</DistanceMeters><Position><LatitudeDegrees>50.597891</LatitudeDegrees><LongitudeDegrees>3.06283</LongitudeDegrees></Position><AltitudeMeters>43.8</AltitudeMeters><Extensions><TPX xmlns="http://www.garmin.com/xmlschemas/ActivityExtension/v2"><Speed>2.53</Speed></TPX></Extensions></Trackpoint><Trackpoint><Time>2026-03-31T16:44:08+00:00</Time><DistanceMeters>746.0</DistanceMeters><Position><LatitudeDegrees>50.597853</LatitudeDegrees><LongitudeDegrees>3.062784</LongitudeDegrees></Position><AltitudeMeters>43.9</AltitudeMeters><Extensions><TPX xmlns="http://www.garmin.com/xmlschemas/ActivityExtension/v2"><Speed>2.54</Speed></TPX></Extensions></Trackpoint><Trackpoint><Time>2026-03-31T16:44:09+00:00</Time><DistanceMeters>748.8</DistanceMeters><Position><LatitudeDegrees>50.597838</LatitudeDegrees><LongitudeDegrees>3.062753</LongitudeDegrees></Position><AltitudeMeters>44.0</AltitudeMeters><Extensions><TPX xmlns="http://www.garmin.com/xmlschemas/ActivityExtension/v2"><Speed>2.65</Speed></TPX></Extensions></Trackpoint><Trackpoint><Time>2026-03-31T16:44:10+00:00</Time><DistanceMeters>754.1</DistanceMeters><Position><LatitudeDegrees>50.597815</LatitudeDegrees><LongitudeDegrees>3.062734</LongitudeDegrees></Position><AltitudeMeters>44.1</AltitudeMeters><Extensions><TPX xmlns="http://www.garmin.com/xmlschemas/ActivityExtension/v2"><Speed>3.26</Speed></TPX></Extensions></Trackpoint><Trackpoint><Time>2026-03-31T16:44:11+00:00</Time><DistanceMeters>756.8</DistanceMeters><Position><LatitudeDegrees>50.597783</LatitudeDegrees><LongitudeDegrees>3.062714</LongitudeDegrees></Position><AltitudeMeters>44.2</AltitudeMeters><Extensions><TPX xmlns="http://www.garmin.com/xmlschemas/ActivityExtension/v2"><Speed>3.25</Speed></TPX></Extensions></Trackpoint><Trackpoint><Time>2026-03-31T16:44:12+00:00</Time><DistanceMeters>759.4</DistanceMeters><Position><LatitudeDegrees>50.59777</LatitudeDegrees><LongitudeDegrees>3.062708</LongitudeDegrees></Position><AltitudeMeters>44.2</AltitudeMeters><Extensions><TPX xmlns="http://www.garmin.com/xmlschemas/ActivityExtension/v2"><Speed>3.24</Speed></TPX></Extensions></Trackpoint><Trackpoint><Time>2026-03-31T16:44:13+00:00</Time><DistanceMeters>761.7</DistanceMeters><Position><LatitudeDegrees>50.597745</LatitudeDegrees><LongitudeDegrees>3.062678</LongitudeDegrees></Position><AltitudeMeters>44.3</AltitudeMeters><Extensions><TPX xmlns="http://www.garmin.com/xmlschemas/ActivityExtension/v2"><Speed>3.13</Speed></TPX></Extensions></Trackpoint><Trackpoint><Time>2026-03-31T16:44:14+00:00</Time><DistanceMeters>763.9</DistanceMeters><Position><LatitudeDegrees>50.597739</LatitudeDegrees><LongitudeDegrees>3.062667</LongitudeDegrees></Position><AltitudeMeters>44.4</AltitudeMeters><Extensions><TPX xmlns="http://www.garmin.com/xmlschemas/ActivityExtension/v2"><Speed>3.02</Speed></TPX></Extensions></Trackpoint><Trackpoint><Time>2026-03-31T16:44:15+00:00</Time><DistanceMeters>766.8</DistanceMeters><Position><LatitudeDegrees>50.597705</LatitudeDegrees><LongitudeDegrees>3.062642</LongitudeDegrees></Position><AltitudeMeters>44.5</AltitudeMeters><Extensions><TPX xmlns="http://www.garmin.com/xmlschemas/ActivityExtension/v2"><Speed>2.55</Speed></TPX></Extensions></Trackpoint><Trackpoint><Time>2026-03-31T16:44:16+00:00</Time><DistanceMeters>769.8</DistanceMeters><Position><LatitudeDegrees>50.597691</LatitudeDegrees><LongitudeDegrees>3.062632</LongitudeDegrees></Position><AltitudeMeters>44.5</AltitudeMeters><Extensions><TPX xmlns="http://www.garmin.com/xmlschemas/ActivityExtension/v2"><Speed>2.61</Speed></TPX></Extensions></Trackpoint><Trackpoint><Time>2026-03-31T16:44:17+00:00</Time><DistanceMeters>772.8</DistanceMeters><Position><LatitudeDegrees>50.597655</LatitudeDegrees><LongitudeDegrees>3.062602</LongitudeDegrees></Position><AltitudeMeters>44.6</AltitudeMeters><Extensions><TPX xmlns="http://www.garmin.com/xmlschemas/ActivityExtension/v2"><Speed>2.68</Speed></TPX></Extensions></Trackpoint><Trackpoint><Time>2026-03-31T16:44:18+00:00</Time><DistanceMeters>775.8</DistanceMeters><Position><LatitudeDegrees>50.597643</LatitudeDegrees><LongitudeDegrees>3.062592</LongitudeDegrees></Position><AltitudeMeters>44.7</AltitudeMeters><Extensions><TPX xmlns="http://www.garmin.com/xmlschemas/ActivityExtension/v2"><Speed>2.83</Speed></TPX></Extensions></Trackpoint><Trackpoint><Time>2026-03-31T16:44:19+00:00</Time><DistanceMeters>778.3</DistanceMeters><Position><LatitudeDegrees>50.597615</LatitudeDegrees><LongitudeDegrees>3.062564</LongitudeDegrees></Position><AltitudeMeters>44.8</AltitudeMeters><Extensions><TPX xmlns="http://www.garmin.com/xmlschemas/ActivityExtension/v2"><Speed>2.88</Speed></TPX></Extensions></Trackpoint><Trackpoint><Time>2026-03-31T16:44:20+00:00</Time><DistanceMeters>780.8</DistanceMeters><Position><LatitudeDegrees>50.597605</LatitudeDegrees><LongitudeDegrees>3.062555</LongitudeDegrees></Position><AltitudeMeters>44.8</AltitudeMeters><Extensions><TPX xmlns="http://www.garmin.com/xmlschemas/ActivityExtension/v2"><Speed>2.79</Speed></TPX></Extensions></Trackpoint><Trackpoint><Time>2026-03-31T16:44:21+00:00</Time><DistanceMeters>783.6</DistanceMeters><Position><LatitudeDegrees>50.597575</LatitudeDegrees><LongitudeDegrees>3.062521</LongitudeDegrees></Position><AltitudeMeters>44.9</AltitudeMeters><Extensions><TPX xmlns="http://www.garmin.com/xmlschemas/ActivityExtension/v2"><Speed>2.75</Speed></TPX></Extensions></Trackpoint><Trackpoint><Time>2026-03-31T16:44:22+00:00</Time><DistanceMeters>786.3</DistanceMeters><Position><LatitudeDegrees>50.597564</LatitudeDegrees><LongitudeDegrees>3.062512</LongitudeDegrees></Position><AltitudeMeters>44.9</AltitudeMeters><Extensions><TPX xmlns="http://www.garmin.com/xmlschemas/ActivityExtension/v2"><Speed>2.7</Speed></TPX></Extensions></Trackpoint><Trackpoint><Time>2026-03-31T16:44:23+00:00</Time><DistanceMeters>789.4</DistanceMeters><Position><LatitudeDegrees>50.597538</LatitudeDegrees><LongitudeDegrees>3.062494</LongitudeDegrees></Position><AltitudeMeters>45.0</AltitudeMeters><Extensions><TPX xmlns="http://www.garmin.com/xmlschemas/ActivityExtension/v2"><Speed>2.72</Speed></TPX></Extensions></Trackpoint><Trackpoint><Time>2026-03-31T16:44:24+00:00</Time><DistanceMeters>789.4</DistanceMeters><Position><LatitudeDegrees>50.597516</LatitudeDegrees><LongitudeDegrees>3.062481</LongitudeDegrees></Position><AltitudeMeters>45.0</AltitudeMeters><Extensions><TPX xmlns="http://www.garmin.com/xmlschemas/ActivityExtension/v2"><Speed>2.22</Speed></TPX></Extensions></Trackpoint><Trackpoint><Time>2026-03-31T16:44:25+00:00</Time><DistanceMeters>793.4</DistanceMeters><Position><LatitudeDegrees>50.597508</LatitudeDegrees><LongitudeDegrees>3.062464</LongitudeDegrees></Position><AltitudeMeters>45.1</AltitudeMeters><Extensions><TPX xmlns="http://www.garmin.com/xmlschemas/ActivityExtension/v2"><Speed>2.52</Speed></TPX></Extensions></Trackpoint><Trackpoint><Time>2026-03-31T16:44:26+00:00</Time><DistanceMeters>793.4</DistanceMeters><Position><LatitudeDegrees>50.597499</LatitudeDegrees><LongitudeDegrees>3.062451</LongitudeDegrees></Position><AltitudeMeters>45.1</AltitudeMeters><Extensions><TPX xmlns="http://www.garmin.com/xmlschemas/ActivityExtension/v2"><Speed>1.97</Speed></TPX></Extensions></Trackpoint><Trackpoint><Time>2026-03-31T16:44:27+00:00</Time><DistanceMeters>796.7</DistanceMeters><Position><LatitudeDegrees>50.597491</LatitudeDegrees><LongitudeDegrees>3.062427</LongitudeDegrees></Position><AltitudeMeters>45.1</AltitudeMeters><Extensions><TPX xmlns="http://www.garmin.com/xmlschemas/ActivityExtension/v2"><Speed>2.08</Speed></TPX></Extensions></Trackpoint><Trackpoint><Time>2026-03-31T16:44:28+00:00</Time><DistanceMeters>799.3</DistanceMeters><Position><LatitudeDegrees>50.597465</LatitudeDegrees><LongitudeDegrees>3.062392</LongitudeDegrees></Position><AltitudeMeters>45.1</AltitudeMeters><Extensions><TPX xmlns="http://www.garmin.com/xmlschemas/ActivityExtension/v2"><Speed>1.97</Speed></TPX></Extensions></Trackpoint><Trackpoint><Time>2026-03-31T16:44:29+00:00</Time><DistanceMeters>801.8</DistanceMeters><Position><LatitudeDegrees>50.597454</LatitudeDegrees><LongitudeDegrees>3.062381</LongitudeDegrees></Position><AltitudeMeters>45.2</AltitudeMeters><Extensions><TPX xmlns="http://www.garmin.com/xmlschemas/ActivityExtension/v2"><Speed>2.48</Speed></TPX></Extensions></Trackpoint><Trackpoint><Time>2026-03-31T16:44:30+00:00</Time><DistanceMeters>804.6</DistanceMeters><Position><LatitudeDegrees>50.597424</LatitudeDegrees><LongitudeDegrees>3.06235</LongitudeDegrees></Position><AltitudeMeters>45.2</AltitudeMeters><Extensions><TPX xmlns="http://www.garmin.com/xmlschemas/ActivityExtension/v2"><Speed>2.24</Speed></TPX></Extensions></Trackpoint><Trackpoint><Time>2026-03-31T16:44:31+00:00</Time><DistanceMeters>807.4</DistanceMeters><Position><LatitudeDegrees>50.597415</LatitudeDegrees><LongitudeDegrees>3.062334</LongitudeDegrees></Position><AltitudeMeters>45.2</AltitudeMeters><Extensions><TPX xmlns="http://www.garmin.com/xmlschemas/ActivityExtension/v2"><Speed>2.8</Speed></TPX></Extensions></Trackpoint><Trackpoint><Time>2026-03-31T16:44:32+00:00</Time><DistanceMeters>810.2</DistanceMeters><Position><LatitudeDegrees>50.597383</LatitudeDegrees><LongitudeDegrees>3.062303</LongitudeDegrees></Position><AltitudeMeters>45.2</AltitudeMeters><Extensions><TPX xmlns="http://www.garmin.com/xmlschemas/ActivityExtension/v2"><Speed>2.69</Speed></TPX></Extensions></Trackpoint><Trackpoint><Time>2026-03-31T16:44:33+00:00</Time><DistanceMeters>812.9</DistanceMeters><Position><LatitudeDegrees>50.597372</LatitudeDegrees><LongitudeDegrees>3.062295</LongitudeDegrees></Position><AltitudeMeters>45.2</AltitudeMeters><Extensions><TPX xmlns="http://www.garmin.com/xmlschemas/ActivityExtension/v2"><Speed>2.73</Speed></TPX></Extensions></Trackpoint><Trackpoint><Time>2026-03-31T16:44:34+00:00</Time><DistanceMeters>815.7</DistanceMeters><Position><LatitudeDegrees>50.597344</LatitudeDegrees><LongitudeDegrees>3.062254</LongitudeDegrees></Position><AltitudeMeters>45.3</AltitudeMeters><Extensions><TPX xmlns="http://www.garmin.com/xmlschemas/ActivityExtension/v2"><Speed>2.78</Speed></TPX></Extensions></Trackpoint><Trackpoint><Time>2026-03-31T16:44:35+00:00</Time><DistanceMeters>818.5</DistanceMeters><Position><LatitudeDegrees>50.597335</LatitudeDegrees><LongitudeDegrees>3.062241</LongitudeDegrees></Position><AltitudeMeters>45.3</AltitudeMeters><Extensions><TPX xmlns="http://www.garmin.com/xmlschemas/ActivityExtension/v2"><Speed>2.78</Speed></TPX></Extensions></Trackpoint><Trackpoint><Time>2026-03-31T16:44:36+00:00</Time><DistanceMeters>821.3</DistanceMeters><Position><LatitudeDegrees>50.597306</LatitudeDegrees><LongitudeDegrees>3.062203</LongitudeDegrees></Position><AltitudeMeters>45.3</AltitudeMeters><Extensions><TPX xmlns="http://www.garmin.com/xmlschemas/ActivityExtension/v2"><Speed>2.78</Speed></TPX></Extensions></Trackpoint><Trackpoint><Time>2026-03-31T16:44:37+00:00</Time><DistanceMeters>824.1</DistanceMeters><Position><LatitudeDegrees>50.597297</LatitudeDegrees><LongitudeDegrees>3.062188</LongitudeDegrees></Position><AltitudeMeters>45.3</AltitudeMeters><Extensions><TPX xmlns="http://www.garmin.com/xmlschemas/ActivityExtension/v2"><Speed>2.79</Speed></TPX></Extensions></Trackpoint><Trackpoint><Time>2026-03-31T16:44:38+00:00</Time><DistanceMeters>827.2</DistanceMeters><Position><LatitudeDegrees>50.597278</LatitudeDegrees><LongitudeDegrees>3.062156</LongitudeDegrees></Position><AltitudeMeters>45.3</AltitudeMeters><Extensions><TPX xmlns="http://www.garmin.com/xmlschemas/ActivityExtension/v2"><Speed>2.86</Speed></TPX></Extensions></Trackpoint><Trackpoint><Time>2026-03-31T16:44:39+00:00</Time><DistanceMeters>830.4</DistanceMeters><Position><LatitudeDegrees>50.597253</LatitudeDegrees><LongitudeDegrees>3.062135</LongitudeDegrees></Position><AltitudeMeters>45.4</AltitudeMeters><Extensions><TPX xmlns="http://www.garmin.com/xmlschemas/ActivityExtension/v2"><Speed>2.94</Speed></TPX></Extensions></Trackpoint><Trackpoint><Time>2026-03-31T16:44:40+00:00</Time><DistanceMeters>833.2</DistanceMeters><Position><LatitudeDegrees>50.597225</LatitudeDegrees><LongitudeDegrees>3.0621</LongitudeDegrees></Position><AltitudeMeters>45.4</AltitudeMeters><Extensions><TPX xmlns="http://www.garmin.com/xmlschemas/ActivityExtension/v2"><Speed>2.94</Speed></TPX></Extensions></Trackpoint><Trackpoint><Time>2026-03-31T16:44:41+00:00</Time><DistanceMeters>836.0</DistanceMeters><Position><LatitudeDegrees>50.597212</LatitudeDegrees><LongitudeDegrees>3.062091</LongitudeDegrees></Position><AltitudeMeters>45.4</AltitudeMeters><Extensions><TPX xmlns="http://www.garmin.com/xmlschemas/ActivityExtension/v2"><Speed>2.94</Speed></TPX></Extensions></Trackpoint><Trackpoint><Time>2026-03-31T16:44:42+00:00</Time><DistanceMeters>839.7</DistanceMeters><Position><LatitudeDegrees>50.597179</LatitudeDegrees><LongitudeDegrees>3.062082</LongitudeDegrees></Position><AltitudeMeters>45.5</AltitudeMeters><Extensions><TPX xmlns="http://www.garmin.com/xmlschemas/ActivityExtension/v2"><Speed>3.12</Speed></TPX></Extensions></Trackpoint><Trackpoint><Time>2026-03-31T16:44:43+00:00</Time><DistanceMeters>842.2</DistanceMeters><Position><LatitudeDegrees>50.597152</LatitudeDegrees><LongitudeDegrees>3.062051</LongitudeDegrees></Position><AltitudeMeters>45.6</AltitudeMeters><Extensions><TPX xmlns="http://www.garmin.com/xmlschemas/ActivityExtension/v2"><Speed>2.99</Speed></TPX></Extensions></Trackpoint><Trackpoint><Time>2026-03-31T16:44:44+00:00</Time><DistanceMeters>844.6</DistanceMeters><Position><LatitudeDegrees>50.597142</LatitudeDegrees><LongitudeDegrees>3.062042</LongitudeDegrees></Position><AltitudeMeters>45.6</AltitudeMeters><Extensions><TPX xmlns="http://www.garmin.com/xmlschemas/ActivityExtension/v2"><Speed>2.84</Speed></TPX></Extensions></Trackpoint><Trackpoint><Time>2026-03-31T16:44:45+00:00</Time><DistanceMeters>846.8</DistanceMeters><Position><LatitudeDegrees>50.597116</LatitudeDegrees><LongitudeDegrees>3.062019</LongitudeDegrees></Position><AltitudeMeters>45.6</AltitudeMeters><Extensions><TPX xmlns="http://www.garmin.com/xmlschemas/ActivityExtension/v2"><Speed>2.72</Speed></TPX></Extensions></Trackpoint><Trackpoint><Time>2026-03-31T16:44:46+00:00</Time><DistanceMeters>849.0</DistanceMeters><Position><LatitudeDegrees>50.597108</LatitudeDegrees><LongitudeDegrees>3.062012</LongitudeDegrees></Position><AltitudeMeters>45.6</AltitudeMeters><Extensions><TPX xmlns="http://www.garmin.com/xmlschemas/ActivityExtension/v2"><Speed>2.6</Speed></TPX></Extensions></Trackpoint><Trackpoint><Time>2026-03-31T16:44:47+00:00</Time><DistanceMeters>852.3</DistanceMeters><Position><LatitudeDegrees>50.597082</LatitudeDegrees><LongitudeDegrees>3.061989</LongitudeDegrees></Position><AltitudeMeters>45.7</AltitudeMeters><Extensions><TPX xmlns="http://www.garmin.com/xmlschemas/ActivityExtension/v2"><Speed>2.52</Speed></TPX></Extensions></Trackpoint><Trackpoint><Time>2026-03-31T16:44:48+00:00</Time><DistanceMeters>855.1</DistanceMeters><Position><LatitudeDegrees>50.597047</LatitudeDegrees><LongitudeDegrees>3.06197</LongitudeDegrees></Position><AltitudeMeters>45.8</AltitudeMeters><Extensions><TPX xmlns="http://www.garmin.com/xmlschemas/ActivityExtension/v2"><Speed>2.59</Speed></TPX></Extensions></Trackpoint><Trackpoint><Time>2026-03-31T16:44:49+00:00</Time><DistanceMeters>857.9</DistanceMeters><Position><LatitudeDegrees>50.597035</LatitudeDegrees><LongitudeDegrees>3.061962</LongitudeDegrees></Position><AltitudeMeters>45.8</AltitudeMeters><Extensions><TPX xmlns="http://www.garmin.com/xmlschemas/ActivityExtension/v2"><Speed>2.66</Speed></TPX></Extensions></Trackpoint><Trackpoint><Time>2026-03-31T16:44:50+00:00</Time><DistanceMeters>860.7</DistanceMeters><Position><LatitudeDegrees>50.596999</LatitudeDegrees><LongitudeDegrees>3.06195</LongitudeDegrees></Position><AltitudeMeters>45.9</AltitudeMeters><Extensions><TPX xmlns="http://www.garmin.com/xmlschemas/ActivityExtension/v2"><Speed>2.77</Speed></TPX></Extensions></Trackpoint><Trackpoint><Time>2026-03-31T16:44:51+00:00</Time><DistanceMeters>863.4</DistanceMeters><Position><LatitudeDegrees>50.596987</LatitudeDegrees><LongitudeDegrees>3.061948</LongitudeDegrees></Position><AltitudeMeters>46.0</AltitudeMeters><Extensions><TPX xmlns="http://www.garmin.com/xmlschemas/ActivityExtension/v2"><Speed>2.88</Speed></TPX></Extensions></Trackpoint><Trackpoint><Time>2026-03-31T16:44:52+00:00</Time><DistanceMeters>866.1</DistanceMeters><Position><LatitudeDegrees>50.596951</LatitudeDegrees><LongitudeDegrees>3.061957</LongitudeDegrees></Position><AltitudeMeters>46.1</AltitudeMeters><Extensions><TPX xmlns="http://www.garmin.com/xmlschemas/ActivityExtension/v2"><Speed>2.75</Speed></TPX></Extensions></Trackpoint><Trackpoint><Time>2026-03-31T16:44:53+00:00</Time><DistanceMeters>868.7</DistanceMeters><Position><LatitudeDegrees>50.59694</LatitudeDegrees><LongitudeDegrees>3.061959</LongitudeDegrees></Position><AltitudeMeters>46.1</AltitudeMeters><Extensions><TPX xmlns="http://www.garmin.com/xmlschemas/ActivityExtension/v2"><Speed>2.72</Speed></TPX></Extensions></Trackpoint><Trackpoint><Time>2026-03-31T16:44:54+00:00</Time><DistanceMeters>871.5</DistanceMeters><Position><LatitudeDegrees>50.596903</LatitudeDegrees><LongitudeDegrees>3.061973</LongitudeDegrees></Position><AltitudeMeters>46.2</AltitudeMeters><Extensions><TPX xmlns="http://www.garmin.com/xmlschemas/ActivityExtension/v2"><Speed>2.72</Speed></TPX></Extensions></Trackpoint><Trackpoint><Time>2026-03-31T16:44:55+00:00</Time><DistanceMeters>874.3</DistanceMeters><Position><LatitudeDegrees>50.59689</LatitudeDegrees><LongitudeDegrees>3.061978</LongitudeDegrees></Position><AltitudeMeters>46.2</AltitudeMeters><Extensions><TPX xmlns="http://www.garmin.com/xmlschemas/ActivityExtension/v2"><Speed>2.73</Speed></TPX></Extensions></Trackpoint><Trackpoint><Time>2026-03-31T16:44:56+00:00</Time><DistanceMeters>876.9</DistanceMeters><Position><LatitudeDegrees>50.59686</LatitudeDegrees><LongitudeDegrees>3.062007</LongitudeDegrees></Position><AltitudeMeters>46.3</AltitudeMeters><Extensions><TPX xmlns="http://www.garmin.com/xmlschemas/ActivityExtension/v2"><Speed>2.7</Speed></TPX></Extensions></Trackpoint><Trackpoint><Time>2026-03-31T16:44:57+00:00</Time><DistanceMeters>879.5</DistanceMeters><Position><LatitudeDegrees>50.59685</LatitudeDegrees><LongitudeDegrees>3.062015</LongitudeDegrees></Position><AltitudeMeters>46.3</AltitudeMeters><Extensions><TPX xmlns="http://www.garmin.com/xmlschemas/ActivityExtension/v2"><Speed>2.69</Speed></TPX></Extensions></Trackpoint><Trackpoint><Time>2026-03-31T16:44:58+00:00</Time><DistanceMeters>881.9</DistanceMeters><Position><LatitudeDegrees>50.596826</LatitudeDegrees><LongitudeDegrees>3.06205</LongitudeDegrees></Position><AltitudeMeters>46.4</AltitudeMeters><Extensions><TPX xmlns="http://www.garmin.com/xmlschemas/ActivityExtension/v2"><Speed>2.63</Speed></TPX></Extensions></Trackpoint><Trackpoint><Time>2026-03-31T16:44:59+00:00</Time><DistanceMeters>884.2</DistanceMeters><Position><LatitudeDegrees>50.596821</LatitudeDegrees><LongitudeDegrees>3.062063</LongitudeDegrees></Position><AltitudeMeters>46.4</AltitudeMeters><Extensions><TPX xmlns="http://www.garmin.com/xmlschemas/ActivityExtension/v2"><Speed>2.54</Speed></TPX></Extensions></Trackpoint><Trackpoint><Time>2026-03-31T16:45:00+00:00</Time><DistanceMeters>887.0</DistanceMeters><Position><LatitudeDegrees>50.59679</LatitudeDegrees><LongitudeDegrees>3.062097</LongitudeDegrees></Position><AltitudeMeters>46.5</AltitudeMeters><Extensions><TPX xmlns="http://www.garmin.com/xmlschemas/ActivityExtension/v2"><Speed>2.53</Speed></TPX></Extensions></Trackpoint><Trackpoint><Time>2026-03-31T16:45:01+00:00</Time><DistanceMeters>889.7</DistanceMeters><Position><LatitudeDegrees>50.596781</LatitudeDegrees><LongitudeDegrees>3.06211</LongitudeDegrees></Position><AltitudeMeters>46.6</AltitudeMeters><Extensions><TPX xmlns="http://www.garmin.com/xmlschemas/ActivityExtension/v2"><Speed>2.56</Speed></TPX></Extensions></Trackpoint><Trackpoint><Time>2026-03-31T16:45:02+00:00</Time><DistanceMeters>892.8</DistanceMeters><Position><LatitudeDegrees>50.596759</LatitudeDegrees><LongitudeDegrees>3.062135</LongitudeDegrees></Position><AltitudeMeters>46.6</AltitudeMeters><Extensions><TPX xmlns="http://www.garmin.com/xmlschemas/ActivityExtension/v2"><Speed>2.66</Speed></TPX></Extensions></Trackpoint><Trackpoint><Time>2026-03-31T16:45:03+00:00</Time><DistanceMeters>895.3</DistanceMeters><Position><LatitudeDegrees>50.596734</LatitudeDegrees><LongitudeDegrees>3.062172</LongitudeDegrees></Position><AltitudeMeters>46.7</AltitudeMeters><Extensions><TPX xmlns="http://www.garmin.com/xmlschemas/ActivityExtension/v2"><Speed>2.68</Speed></TPX></Extensions></Trackpoint><Trackpoint><Time>2026-03-31T16:45:04+00:00</Time><DistanceMeters>897.7</DistanceMeters><Position><LatitudeDegrees>50.596728</LatitudeDegrees><LongitudeDegrees>3.062185</LongitudeDegrees></Position><AltitudeMeters>46.7</AltitudeMeters><Extensions><TPX xmlns="http://www.garmin.com/xmlschemas/ActivityExtension/v2"><Speed>2.7</Speed></TPX></Extensions></Trackpoint><Trackpoint><Time>2026-03-31T16:45:05+00:00</Time><DistanceMeters>900.1</DistanceMeters><Position><LatitudeDegrees>50.596717</LatitudeDegrees><LongitudeDegrees>3.062232</LongitudeDegrees></Position><AltitudeMeters>46.7</AltitudeMeters><Extensions><TPX xmlns="http://www.garmin.com/xmlschemas/ActivityExtension/v2"><Speed>2.63</Speed></TPX></Extensions></Trackpoint><Trackpoint><Time>2026-03-31T16:45:06+00:00</Time><DistanceMeters>902.5</DistanceMeters><Position><LatitudeDegrees>50.596718</LatitudeDegrees><LongitudeDegrees>3.06225</LongitudeDegrees></Position><AltitudeMeters>46.7</AltitudeMeters><Extensions><TPX xmlns="http://www.garmin.com/xmlschemas/ActivityExtension/v2"><Speed>2.56</Speed></TPX></Extensions></Trackpoint><Trackpoint><Time>2026-03-31T16:45:07+00:00</Time><DistanceMeters>904.7</DistanceMeters><Position><LatitudeDegrees>50.596712</LatitudeDegrees><LongitudeDegrees>3.062293</LongitudeDegrees></Position><AltitudeMeters>46.8</AltitudeMeters><Extensions><TPX xmlns="http://www.garmin.com/xmlschemas/ActivityExtension/v2"><Speed>2.38</Speed></TPX></Extensions></Trackpoint><Trackpoint><Time>2026-03-31T16:45:08+00:00</Time><DistanceMeters>906.9</DistanceMeters><Position><LatitudeDegrees>50.596707</LatitudeDegrees><LongitudeDegrees>3.06231</LongitudeDegrees></Position><AltitudeMeters>46.8</AltitudeMeters><Extensions><TPX xmlns="http://www.garmin.com/xmlschemas/ActivityExtension/v2"><Speed>2.33</Speed></TPX></Extensions></Trackpoint><Trackpoint><Time>2026-03-31T16:45:09+00:00</Time><DistanceMeters>909.5</DistanceMeters><Position><LatitudeDegrees>50.596692</LatitudeDegrees><LongitudeDegrees>3.062361</LongitudeDegrees></Position><AltitudeMeters>46.8</AltitudeMeters><Extensions><TPX xmlns="http://www.garmin.com/xmlschemas/ActivityExtension/v2"><Speed>2.36</Speed></TPX></Extensions></Trackpoint><Trackpoint><Time>2026-03-31T16:45:10+00:00</Time><DistanceMeters>912.1</DistanceMeters><Position><LatitudeDegrees>50.596687</LatitudeDegrees><LongitudeDegrees>3.062377</LongitudeDegrees></Position><AltitudeMeters>46.9</AltitudeMeters><Extensions><TPX xmlns="http://www.garmin.com/xmlschemas/ActivityExtension/v2"><Speed>2.4</Speed></TPX></Extensions></Trackpoint><Trackpoint><Time>2026-03-31T16:45:11+00:00</Time><DistanceMeters>914.7</DistanceMeters><Position><LatitudeDegrees>50.596677</LatitudeDegrees><LongitudeDegrees>3.062425</LongitudeDegrees></Position><AltitudeMeters>46.9</AltitudeMeters><Extensions><TPX xmlns="http://www.garmin.com/xmlschemas/ActivityExtension/v2"><Speed>2.43</Speed></TPX></Extensions></Trackpoint><Trackpoint><Time>2026-03-31T16:45:12+00:00</Time><DistanceMeters>917.2</DistanceMeters><Position><LatitudeDegrees>50.596671</LatitudeDegrees><LongitudeDegrees>3.062443</LongitudeDegrees></Position><AltitudeMeters>46.9</AltitudeMeters><Extensions><TPX xmlns="http://www.garmin.com/xmlschemas/ActivityExtension/v2"><Speed>2.5</Speed></TPX></Extensions></Trackpoint><Trackpoint><Time>2026-03-31T16:45:13+00:00</Time><DistanceMeters>919.4</DistanceMeters><Position><LatitudeDegrees>50.59666</LatitudeDegrees><LongitudeDegrees>3.062482</LongitudeDegrees></Position><AltitudeMeters>47.0</AltitudeMeters><Extensions><TPX xmlns="http://www.garmin.com/xmlschemas/ActivityExtension/v2"><Speed>2.49</Speed></TPX></Extensions></Trackpoint><Trackpoint><Time>2026-03-31T16:45:14+00:00</Time><DistanceMeters>921.5</DistanceMeters><Position><LatitudeDegrees>50.596655</LatitudeDegrees><LongitudeDegrees>3.062499</LongitudeDegrees></Position><AltitudeMeters>47.0</AltitudeMeters><Extensions><TPX xmlns="http://www.garmin.com/xmlschemas/ActivityExtension/v2"><Speed>2.4</Speed></TPX></Extensions></Trackpoint><Trackpoint><Time>2026-03-31T16:45:15+00:00</Time><DistanceMeters>924.5</DistanceMeters><Position><LatitudeDegrees>50.596648</LatitudeDegrees><LongitudeDegrees>3.062541</LongitudeDegrees></Position><AltitudeMeters>47.0</AltitudeMeters><Extensions><TPX xmlns="http://www.garmin.com/xmlschemas/ActivityExtension/v2"><Speed>2.48</Speed></TPX></Extensions></Trackpoint><Trackpoint><Time>2026-03-31T16:45:16+00:00</Time><DistanceMeters>926.7</DistanceMeters><Position><LatitudeDegrees>50.596638</LatitudeDegrees><LongitudeDegrees>3.062587</LongitudeDegrees></Position><AltitudeMeters>47.1</AltitudeMeters><Extensions><TPX xmlns="http://www.garmin.com/xmlschemas/ActivityExtension/v2"><Speed>2.41</Speed></TPX></Extensions></Trackpoint><Trackpoint><Time>2026-03-31T16:45:17+00:00</Time><DistanceMeters>928.9</DistanceMeters><Position><LatitudeDegrees>50.596634</LatitudeDegrees><LongitudeDegrees>3.062599</LongitudeDegrees></Position><AltitudeMeters>47.1</AltitudeMeters><Extensions><TPX xmlns="http://www.garmin.com/xmlschemas/ActivityExtension/v2"><Speed>2.34</Speed></TPX></Extensions></Trackpoint><Trackpoint><Time>2026-03-31T16:45:18+00:00</Time><DistanceMeters>931.0</DistanceMeters><Position><LatitudeDegrees>50.596628</LatitudeDegrees><LongitudeDegrees>3.062643</LongitudeDegrees></Position><AltitudeMeters>47.1</AltitudeMeters><Extensions><TPX xmlns="http://www.garmin.com/xmlschemas/ActivityExtension/v2"><Speed>2.33</Speed></TPX></Extensions></Trackpoint><Trackpoint><Time>2026-03-31T16:45:19+00:00</Time><DistanceMeters>933.1</DistanceMeters><Position><LatitudeDegrees>50.596625</LatitudeDegrees><LongitudeDegrees>3.062656</LongitudeDegrees></Position><AltitudeMeters>47.1</AltitudeMeters><Extensions><TPX xmlns="http://www.garmin.com/xmlschemas/ActivityExtension/v2"><Speed>2.32</Speed></TPX></Extensions></Trackpoint><Trackpoint><Time>2026-03-31T16:45:20+00:00</Time><DistanceMeters>936.0</DistanceMeters><Position><LatitudeDegrees>50.596603</LatitudeDegrees><LongitudeDegrees>3.062704</LongitudeDegrees></Position><AltitudeMeters>47.2</AltitudeMeters><Extensions><TPX xmlns="http://www.garmin.com/xmlschemas/ActivityExtension/v2"><Speed>2.29</Speed></TPX></Extensions></Trackpoint><Trackpoint><Time>2026-03-31T16:45:21+00:00</Time><DistanceMeters>938.8</DistanceMeters><Position><LatitudeDegrees>50.596593</LatitudeDegrees><LongitudeDegrees>3.06272</LongitudeDegrees></Position><AltitudeMeters>47.2</AltitudeMeters><Extensions><TPX xmlns="http://www.garmin.com/xmlschemas/ActivityExtension/v2"><Speed>2.42</Speed></TPX></Extensions></Trackpoint><Trackpoint><Time>2026-03-31T16:45:22+00:00</Time><DistanceMeters>941.4</DistanceMeters><Position><LatitudeDegrees>50.596584</LatitudeDegrees><LongitudeDegrees>3.062773</LongitudeDegrees></Position><AltitudeMeters>47.2</AltitudeMeters><Extensions><TPX xmlns="http://www.garmin.com/xmlschemas/ActivityExtension/v2"><Speed>2.49</Speed></TPX></Extensions></Trackpoint><Trackpoint><Time>2026-03-31T16:45:23+00:00</Time><DistanceMeters>943.9</DistanceMeters><Position><LatitudeDegrees>50.596581</LatitudeDegrees><LongitudeDegrees>3.062789</LongitudeDegrees></Position><AltitudeMeters>47.3</AltitudeMeters><Extensions><TPX xmlns="http://www.garmin.com/xmlschemas/ActivityExtension/v2"><Speed>2.58</Speed></TPX></Extensions></Trackpoint><Trackpoint><Time>2026-03-31T16:45:24+00:00</Time><DistanceMeters>946.4</DistanceMeters><Position><LatitudeDegrees>50.59657</LatitudeDegrees><LongitudeDegrees>3.062835</LongitudeDegrees></Position><AltitudeMeters>47.3</AltitudeMeters><Extensions><TPX xmlns="http://www.garmin.com/xmlschemas/ActivityExtension/v2"><Speed>2.65</Speed></TPX></Extensions></Trackpoint><Trackpoint><Time>2026-03-31T16:45:25+00:00</Time><DistanceMeters>948.8</DistanceMeters><Position><LatitudeDegrees>50.596565</LatitudeDegrees><LongitudeDegrees>3.062853</LongitudeDegrees></Position><AltitudeMeters>47.3</AltitudeMeters><Extensions><TPX xmlns="http://www.garmin.com/xmlschemas/ActivityExtension/v2"><Speed>2.57</Speed></TPX></Extensions></Trackpoint><Trackpoint><Time>2026-03-31T16:45:26+00:00</Time><DistanceMeters>951.1</DistanceMeters><Position><LatitudeDegrees>50.596551</LatitudeDegrees><LongitudeDegrees>3.062897</LongitudeDegrees></Position><AltitudeMeters>47.3</AltitudeMeters><Extensions><TPX xmlns="http://www.garmin.com/xmlschemas/ActivityExtension/v2"><Speed>2.45</Speed></TPX></Extensions></Trackpoint><Trackpoint><Time>2026-03-31T16:45:27+00:00</Time><DistanceMeters>953.3</DistanceMeters><Position><LatitudeDegrees>50.596545</LatitudeDegrees><LongitudeDegrees>3.062909</LongitudeDegrees></Position><AltitudeMeters>47.4</AltitudeMeters><Extensions><TPX xmlns="http://www.garmin.com/xmlschemas/ActivityExtension/v2"><Speed>2.39</Speed></TPX></Extensions></Trackpoint><Trackpoint><Time>2026-03-31T16:45:28+00:00</Time><DistanceMeters>953.3</DistanceMeters><Position><LatitudeDegrees>50.596532</LatitudeDegrees><LongitudeDegrees>3.062933</LongitudeDegrees></Position><AltitudeMeters>47.4</AltitudeMeters><Extensions><TPX xmlns="http://www.garmin.com/xmlschemas/ActivityExtension/v2"><Speed>1.88</Speed></TPX></Extensions></Trackpoint><Trackpoint><Time>2026-03-31T16:45:29+00:00</Time><DistanceMeters>957.0</DistanceMeters><Position><LatitudeDegrees>50.596526</LatitudeDegrees><LongitudeDegrees>3.062951</LongitudeDegrees></Position><AltitudeMeters>47.4</AltitudeMeters><Extensions><TPX xmlns="http://www.garmin.com/xmlschemas/ActivityExtension/v2"><Speed>2.13</Speed></TPX></Extensions></Trackpoint><Trackpoint><Time>2026-03-31T16:45:30+00:00</Time><DistanceMeters>957.0</DistanceMeters><Position><LatitudeDegrees>50.596521</LatitudeDegrees><LongitudeDegrees>3.062974</LongitudeDegrees></Position><AltitudeMeters>47.4</AltitudeMeters><Extensions><TPX xmlns="http://www.garmin.com/xmlschemas/ActivityExtension/v2"><Speed>1.64</Speed></TPX></Extensions></Trackpoint><Trackpoint><Time>2026-03-31T16:45:31+00:00</Time><DistanceMeters>960.2</DistanceMeters><Position><LatitudeDegrees>50.596512</LatitudeDegrees><LongitudeDegrees>3.062991</LongitudeDegrees></Position><AltitudeMeters>47.4</AltitudeMeters><Extensions><TPX xmlns="http://www.garmin.com/xmlschemas/ActivityExtension/v2"><Speed>1.83</Speed></TPX></Extensions></Trackpoint><Trackpoint><Time>2026-03-31T16:45:32+00:00</Time><DistanceMeters>962.8</DistanceMeters><Position><LatitudeDegrees>50.596495</LatitudeDegrees><LongitudeDegrees>3.063038</LongitudeDegrees></Position><AltitudeMeters>47.4</AltitudeMeters><Extensions><TPX xmlns="http://www.garmin.com/xmlschemas/ActivityExtension/v2"><Speed>1.89</Speed></TPX></Extensions></Trackpoint><Trackpoint><Time>2026-03-31T16:45:33+00:00</Time><DistanceMeters>965.3</DistanceMeters><Position><LatitudeDegrees>50.596488</LatitudeDegrees><LongitudeDegrees>3.063053</LongitudeDegrees></Position><AltitudeMeters>47.4</AltitudeMeters><Extensions><TPX xmlns="http://www.garmin.com/xmlschemas/ActivityExtension/v2"><Speed>2.4</Speed></TPX></Extensions></Trackpoint><Trackpoint><Time>2026-03-31T16:45:34+00:00</Time><DistanceMeters>968.3</DistanceMeters><Position><LatitudeDegrees>50.596474</LatitudeDegrees><LongitudeDegrees>3.06311</LongitudeDegrees></Position><AltitudeMeters>47.5</AltitudeMeters><Extensions><TPX xmlns="http://www.garmin.com/xmlschemas/ActivityExtension/v2"><Speed>2.25</Speed></TPX></Extensions></Trackpoint><Trackpoint><Time>2026-03-31T16:45:35+00:00</Time><DistanceMeters>971.2</DistanceMeters><Position><LatitudeDegrees>50.596467</LatitudeDegrees><LongitudeDegrees>3.063129</LongitudeDegrees></Position><AltitudeMeters>47.5</AltitudeMeters><Extensions><TPX xmlns="http://www.garmin.com/xmlschemas/ActivityExtension/v2"><Speed>2.84</Speed></TPX></Extensions></Trackpoint><Trackpoint><Time>2026-03-31T16:45:36+00:00</Time><DistanceMeters>974.1</DistanceMeters><Position><LatitudeDegrees>50.59645</LatitudeDegrees><LongitudeDegrees>3.063183</LongitudeDegrees></Position><AltitudeMeters>47.5</AltitudeMeters><Extensions><TPX xmlns="http://www.garmin.com/xmlschemas/ActivityExtension/v2"><Speed>2.77</Speed></TPX></Extensions></Trackpoint><Trackpoint><Time>2026-03-31T16:45:37+00:00</Time><DistanceMeters>976.9</DistanceMeters><Position><LatitudeDegrees>50.596446</LatitudeDegrees><LongitudeDegrees>3.063203</LongitudeDegrees></Position><AltitudeMeters>47.5</AltitudeMeters><Extensions><TPX xmlns="http://www.garmin.com/xmlschemas/ActivityExtension/v2"><Speed>2.83</Speed></TPX></Extensions></Trackpoint><Trackpoint><Time>2026-03-31T16:45:38+00:00</Time><DistanceMeters>979.1</DistanceMeters><Position><LatitudeDegrees>50.596432</LatitudeDegrees><LongitudeDegrees>3.063244</LongitudeDegrees></Position><AltitudeMeters>47.5</AltitudeMeters><Extensions><TPX xmlns="http://www.garmin.com/xmlschemas/ActivityExtension/v2"><Speed>2.75</Speed></TPX></Extensions></Trackpoint><Trackpoint><Time>2026-03-31T16:45:39+00:00</Time><DistanceMeters>981.2</DistanceMeters><Position><LatitudeDegrees>50.596428</LatitudeDegrees><LongitudeDegrees>3.063257</LongitudeDegrees></Position><AltitudeMeters>47.5</AltitudeMeters><Extensions><TPX xmlns="http://www.garmin.com/xmlschemas/ActivityExtension/v2"><Speed>2.59</Speed></TPX></Extensions></Trackpoint><Trackpoint><Time>2026-03-31T16:45:40+00:00</Time><DistanceMeters>983.7</DistanceMeters><Position><LatitudeDegrees>50.596417</LatitudeDegrees><LongitudeDegrees>3.063303</LongitudeDegrees></Position><AltitudeMeters>47.6</AltitudeMeters><Extensions><TPX xmlns="http://www.garmin.com/xmlschemas/ActivityExtension/v2"><Speed>2.49</Speed></TPX></Extensions></Trackpoint><Trackpoint><Time>2026-03-31T16:45:41+00:00</Time><DistanceMeters>986.1</DistanceMeters><Position><LatitudeDegrees>50.596419</LatitudeDegrees><LongitudeDegrees>3.063324</LongitudeDegrees></Position><AltitudeMeters>47.6</AltitudeMeters><Extensions><TPX xmlns="http://www.garmin.com/xmlschemas/ActivityExtension/v2"><Speed>2.41</Speed></TPX></Extensions></Trackpoint><Trackpoint><Time>2026-03-31T16:45:42+00:00</Time><DistanceMeters>988.7</DistanceMeters><Position><LatitudeDegrees>50.59641</LatitudeDegrees><LongitudeDegrees>3.063379</LongitudeDegrees></Position><AltitudeMeters>47.6</AltitudeMeters><Extensions><TPX xmlns="http://www.garmin.com/xmlschemas/ActivityExtension/v2"><Speed>2.36</Speed></TPX></Extensions></Trackpoint><Trackpoint><Time>2026-03-31T16:45:43+00:00</Time><DistanceMeters>991.3</DistanceMeters><Position><LatitudeDegrees>50.596411</LatitudeDegrees><LongitudeDegrees>3.063397</LongitudeDegrees></Position><AltitudeMeters>47.6</AltitudeMeters><Extensions><TPX xmlns="http://www.garmin.com/xmlschemas/ActivityExtension/v2"><Speed>2.45</Speed></TPX></Extensions></Trackpoint><Trackpoint><Time>2026-03-31T16:45:44+00:00</Time><DistanceMeters>993.7</DistanceMeters><Position><LatitudeDegrees>50.596402</LatitudeDegrees><LongitudeDegrees>3.063445</LongitudeDegrees></Position><AltitudeMeters>47.6</AltitudeMeters><Extensions><TPX xmlns="http://www.garmin.com/xmlschemas/ActivityExtension/v2"><Speed>2.49</Speed></TPX></Extensions></Trackpoint><Trackpoint><Time>2026-03-31T16:45:45+00:00</Time><DistanceMeters>996.0</DistanceMeters><Position><LatitudeDegrees>50.596399</LatitudeDegrees><LongitudeDegrees>3.06346</LongitudeDegrees></Position><AltitudeMeters>47.6</AltitudeMeters><Extensions><TPX xmlns="http://www.garmin.com/xmlschemas/ActivityExtension/v2"><Speed>2.47</Speed></TPX></Extensions></Trackpoint><Trackpoint><Time>2026-03-31T16:45:46+00:00</Time><DistanceMeters>998.8</DistanceMeters><Position><LatitudeDegrees>50.596378</LatitudeDegrees><LongitudeDegrees>3.063506</LongitudeDegrees></Position><AltitudeMeters>47.6</AltitudeMeters><Extensions><TPX xmlns="http://www.garmin.com/xmlschemas/ActivityExtension/v2"><Speed>2.53</Speed></TPX></Extensions></Trackpoint><Trackpoint><Time>2026-03-31T16:45:47+00:00</Time><DistanceMeters>1001.5</DistanceMeters><Position><LatitudeDegrees>50.596373</LatitudeDegrees><LongitudeDegrees>3.063527</LongitudeDegrees></Position><AltitudeMeters>47.6</AltitudeMeters><Extensions><TPX xmlns="http://www.garmin.com/xmlschemas/ActivityExtension/v2"><Speed>2.56</Speed></TPX></Extensions></Trackpoint><Trackpoint><Time>2026-03-31T16:45:48+00:00</Time><DistanceMeters>1004.1</DistanceMeters><Position><LatitudeDegrees>50.596358</LatitudeDegrees><LongitudeDegrees>3.063574</LongitudeDegrees></Position><AltitudeMeters>47.6</AltitudeMeters><Extensions><TPX xmlns="http://www.garmin.com/xmlschemas/ActivityExtension/v2"><Speed>2.55</Speed></TPX></Extensions></Trackpoint><Trackpoint><Time>2026-03-31T16:45:49+00:00</Time><DistanceMeters>1006.6</DistanceMeters><Position><LatitudeDegrees>50.596353</LatitudeDegrees><LongitudeDegrees>3.063592</LongitudeDegrees></Position><AltitudeMeters>47.7</AltitudeMeters><Extensions><TPX xmlns="http://www.garmin.com/xmlschemas/ActivityExtension/v2"><Speed>2.59</Speed></TPX></Extensions></Trackpoint><Trackpoint><Time>2026-03-31T16:45:50+00:00</Time><DistanceMeters>1008.7</DistanceMeters><Position><LatitudeDegrees>50.59635</LatitudeDegrees><LongitudeDegrees>3.063636</LongitudeDegrees></Position><AltitudeMeters>47.7</AltitudeMeters><Extensions><TPX xmlns="http://www.garmin.com/xmlschemas/ActivityExtension/v2"><Speed>2.53</Speed></TPX></Extensions></Trackpoint><Trackpoint><Time>2026-03-31T16:45:51+00:00</Time><DistanceMeters>1010.7</DistanceMeters><Position><LatitudeDegrees>50.596347</LatitudeDegrees><LongitudeDegrees>3.063648</LongitudeDegrees></Position><AltitudeMeters>47.7</AltitudeMeters><Extensions><TPX xmlns="http://www.garmin.com/xmlschemas/ActivityExtension/v2"><Speed>2.39</Speed></TPX></Extensions></Trackpoint><Trackpoint><Time>2026-03-31T16:45:52+00:00</Time><DistanceMeters>1014.0</DistanceMeters><Position><LatitudeDegrees>50.596336</LatitudeDegrees><LongitudeDegrees>3.063693</LongitudeDegrees></Position><AltitudeMeters>47.7</AltitudeMeters><Extensions><TPX xmlns="http://www.garmin.com/xmlschemas/ActivityExtension/v2"><Speed>2.5</Speed></TPX></Extensions></Trackpoint><Trackpoint><Time>2026-03-31T16:45:53+00:00</Time><DistanceMeters>1016.5</DistanceMeters><Position><LatitudeDegrees>50.596328</LatitudeDegrees><LongitudeDegrees>3.063744</LongitudeDegrees></Position><AltitudeMeters>47.7</AltitudeMeters><Extensions><TPX xmlns="http://www.garmin.com/xmlschemas/ActivityExtension/v2"><Speed>2.48</Speed></TPX></Extensions></Trackpoint><Trackpoint><Time>2026-03-31T16:45:54+00:00</Time><DistanceMeters>1018.9</DistanceMeters><Position><LatitudeDegrees>50.596322</LatitudeDegrees><LongitudeDegrees>3.063757</LongitudeDegrees></Position><AltitudeMeters>47.7</AltitudeMeters><Extensions><TPX xmlns="http://www.garmin.com/xmlschemas/ActivityExtension/v2"><Speed>2.46</Speed></TPX></Extensions></Trackpoint><Trackpoint><Time>2026-03-31T16:45:56+00:00</Time><DistanceMeters>1023.7</DistanceMeters><Position><LatitudeDegrees>50.596308</LatitudeDegrees><LongitudeDegrees>3.06382</LongitudeDegrees></Position><AltitudeMeters>47.7</AltitudeMeters><Extensions><TPX xmlns="http://www.garmin.com/xmlschemas/ActivityExtension/v2"><Speed>2.607</Speed></TPX></Extensions></Trackpoint><Trackpoint><Time>2026-03-31T16:45:57+00:00</Time><DistanceMeters>1025.4</DistanceMeters><Position><LatitudeDegrees>50.596307</LatitudeDegrees><LongitudeDegrees>3.063844</LongitudeDegrees></Position><AltitudeMeters>47.7</AltitudeMeters><Extensions><TPX xmlns="http://www.garmin.com/xmlschemas/ActivityExtension/v2"><Speed>2.273</Speed></TPX></Extensions></Trackpoint><Trackpoint><Time>2026-03-31T16:45:58+00:00</Time><DistanceMeters>1027.0</DistanceMeters><Position><LatitudeDegrees>50.596307</LatitudeDegrees><LongitudeDegrees>3.063867</LongitudeDegrees></Position><AltitudeMeters>47.7</AltitudeMeters><Extensions><TPX xmlns="http://www.garmin.com/xmlschemas/ActivityExtension/v2"><Speed>2.11</Speed></TPX></Extensions></Trackpoint><Trackpoint><Time>2026-03-31T16:45:59+00:00</Time><DistanceMeters>1030.0</DistanceMeters><Position><LatitudeDegrees>50.596299</LatitudeDegrees><LongitudeDegrees>3.063925</LongitudeDegrees></Position><AltitudeMeters>47.7</AltitudeMeters><Extensions><TPX xmlns="http://www.garmin.com/xmlschemas/ActivityExtension/v2"><Speed>2.21</Speed></TPX></Extensions></Trackpoint><Trackpoint><Time>2026-03-31T16:46:00+00:00</Time><DistanceMeters>1032.9</DistanceMeters><Position><LatitudeDegrees>50.596295</LatitudeDegrees><LongitudeDegrees>3.063947</LongitudeDegrees></Position><AltitudeMeters>47.7</AltitudeMeters><Extensions><TPX xmlns="http://www.garmin.com/xmlschemas/ActivityExtension/v2"><Speed>2.333</Speed></TPX></Extensions></Trackpoint><Trackpoint><Time>2026-03-31T16:46:01+00:00</Time><DistanceMeters>1036.2</DistanceMeters><Position><LatitudeDegrees>50.596303</LatitudeDegrees><LongitudeDegrees>3.063992</LongitudeDegrees></Position><AltitudeMeters>47.7</AltitudeMeters><Extensions><TPX xmlns="http://www.garmin.com/xmlschemas/ActivityExtension/v2"><Speed>2.493</Speed></TPX></Extensions></Trackpoint><Trackpoint><Time>2026-03-31T16:46:02+00:00</Time><DistanceMeters>1039.1</DistanceMeters><Position><LatitudeDegrees>50.596298</LatitudeDegrees><LongitudeDegrees>3.064053</LongitudeDegrees></Position><AltitudeMeters>47.7</AltitudeMeters><Extensions><TPX xmlns="http://www.garmin.com/xmlschemas/ActivityExtension/v2"><Speed>2.747</Speed></TPX></Extensions></Trackpoint><Trackpoint><Time>2026-03-31T16:46:03+00:00</Time><DistanceMeters>1042.0</DistanceMeters><Position><LatitudeDegrees>50.596295</LatitudeDegrees><LongitudeDegrees>3.064074</LongitudeDegrees></Position><AltitudeMeters>47.7</AltitudeMeters><Extensions><TPX xmlns="http://www.garmin.com/xmlschemas/ActivityExtension/v2"><Speed>3.0</Speed></TPX></Extensions></Trackpoint><Trackpoint><Time>2026-03-31T16:46:04+00:00</Time><DistanceMeters>1045.3</DistanceMeters><Position><LatitudeDegrees>50.596301</LatitudeDegrees><LongitudeDegrees>3.064118</LongitudeDegrees></Position><AltitudeMeters>47.7</AltitudeMeters><Extensions><TPX xmlns="http://www.garmin.com/xmlschemas/ActivityExtension/v2"><Speed>3.07</Speed></TPX></Extensions></Trackpoint><Trackpoint><Time>2026-03-31T16:46:05+00:00</Time><DistanceMeters>1047.9</DistanceMeters><Position><LatitudeDegrees>50.59631</LatitudeDegrees><LongitudeDegrees>3.064171</LongitudeDegrees></Position><AltitudeMeters>47.7</AltitudeMeters><Extensions><TPX xmlns="http://www.garmin.com/xmlschemas/ActivityExtension/v2"><Speed>2.99</Speed></TPX></Extensions></Trackpoint><Trackpoint><Time>2026-03-31T16:46:06+00:00</Time><DistanceMeters>1050.4</DistanceMeters><Position><LatitudeDegrees>50.596314</LatitudeDegrees><LongitudeDegrees>3.064188</LongitudeDegrees></Position><AltitudeMeters>47.7</AltitudeMeters><Extensions><TPX xmlns="http://www.garmin.com/xmlschemas/ActivityExtension/v2"><Speed>2.84</Speed></TPX></Extensions></Trackpoint><Trackpoint><Time>2026-03-31T16:46:07+00:00</Time><DistanceMeters>1052.6</DistanceMeters><Position><LatitudeDegrees>50.596315</LatitudeDegrees><LongitudeDegrees>3.064231</LongitudeDegrees></Position><AltitudeMeters>47.7</AltitudeMeters><Extensions><TPX xmlns="http://www.garmin.com/xmlschemas/ActivityExtension/v2"><Speed>2.69</Speed></TPX></Extensions></Trackpoint><Trackpoint><Time>2026-03-31T16:46:08+00:00</Time><DistanceMeters>1054.7</DistanceMeters><Position><LatitudeDegrees>50.596311</LatitudeDegrees><LongitudeDegrees>3.064248</LongitudeDegrees></Position><AltitudeMeters>47.7</AltitudeMeters><Extensions><TPX xmlns="http://www.garmin.com/xmlschemas/ActivityExtension/v2"><Speed>2.54</Speed></TPX></Extensions></Trackpoint><Trackpoint><Time>2026-03-31T16:46:09+00:00</Time><DistanceMeters>1054.7</DistanceMeters><Position><LatitudeDegrees>50.596313</LatitudeDegrees><LongitudeDegrees>3.064276</LongitudeDegrees></Position><AltitudeMeters>47.7</AltitudeMeters><Extensions><TPX xmlns="http://www.garmin.com/xmlschemas/ActivityExtension/v2"><Speed>1.88</Speed></TPX></Extensions></Trackpoint><Trackpoint><Time>2026-03-31T16:46:10+00:00</Time><DistanceMeters>1058.7</DistanceMeters><Position><LatitudeDegrees>50.596297</LatitudeDegrees><LongitudeDegrees>3.064301</LongitudeDegrees></Position><AltitudeMeters>47.7</AltitudeMeters><Extensions><TPX xmlns="http://www.garmin.com/xmlschemas/ActivityExtension/v2"><Speed>2.17</Speed></TPX></Extensions></Trackpoint><Trackpoint><Time>2026-03-31T16:46:11+00:00</Time><DistanceMeters>1061.0</DistanceMeters><Position><LatitudeDegrees>50.596284</LatitudeDegrees><LongitudeDegrees>3.064341</LongitudeDegrees></Position><AltitudeMeters>47.7</AltitudeMeters><Extensions><TPX xmlns="http://www.garmin.com/xmlschemas/ActivityExtension/v2"><Speed>2.11</Speed></TPX></Extensions></Trackpoint><Trackpoint><Time>2026-03-31T16:46:12+00:00</Time><DistanceMeters>1063.2</DistanceMeters><Position><LatitudeDegrees>50.596277</LatitudeDegrees><LongitudeDegrees>3.064356</LongitudeDegrees></Position><AltitudeMeters>47.8</AltitudeMeters><Extensions><TPX xmlns="http://www.garmin.com/xmlschemas/ActivityExtension/v2"><Speed>2.13</Speed></TPX></Extensions></Trackpoint><Trackpoint><Time>2026-03-31T16:46:13+00:00</Time><DistanceMeters>1065.7</DistanceMeters><Position><LatitudeDegrees>50.596251</LatitudeDegrees><LongitudeDegrees>3.064387</LongitudeDegrees></Position><AltitudeMeters>47.8</AltitudeMeters><Extensions><TPX xmlns="http://www.garmin.com/xmlschemas/ActivityExtension/v2"><Speed>2.2</Speed></TPX></Extensions></Trackpoint><Trackpoint><Time>2026-03-31T16:46:14+00:00</Time><DistanceMeters>1068.2</DistanceMeters><Position><LatitudeDegrees>50.596239</LatitudeDegrees><LongitudeDegrees>3.064393</LongitudeDegrees></Position><AltitudeMeters>47.8</AltitudeMeters><Extensions><TPX xmlns="http://www.garmin.com/xmlschemas/ActivityExtension/v2"><Speed>2.7</Speed></TPX></Extensions></Trackpoint><Trackpoint><Time>2026-03-31T16:46:15+00:00</Time><DistanceMeters>1070.7</DistanceMeters><Position><LatitudeDegrees>50.596205</LatitudeDegrees><LongitudeDegrees>3.064398</LongitudeDegrees></Position><AltitudeMeters>47.8</AltitudeMeters><Extensions><TPX xmlns="http://www.garmin.com/xmlschemas/ActivityExtension/v2"><Speed>2.4</Speed></TPX></Extensions></Trackpoint><Trackpoint><Time>2026-03-31T16:46:16+00:00</Time><DistanceMeters>1073.2</DistanceMeters><Position><LatitudeDegrees>50.596194</LatitudeDegrees><LongitudeDegrees>3.06439</LongitudeDegrees></Position><AltitudeMeters>47.9</AltitudeMeters><Extensions><TPX xmlns="http://www.garmin.com/xmlschemas/ActivityExtension/v2"><Speed>2.45</Speed></TPX></Extensions></Trackpoint><Trackpoint><Time>2026-03-31T16:46:17+00:00</Time><DistanceMeters>1075.7</DistanceMeters><Position><LatitudeDegrees>50.596149</LatitudeDegrees><LongitudeDegrees>3.064396</LongitudeDegrees></Position><AltitudeMeters>47.9</AltitudeMeters><Extensions><TPX xmlns="http://www.garmin.com/xmlschemas/ActivityExtension/v2"><Speed>2.49</Speed></TPX></Extensions></Trackpoint><Trackpoint><Time>2026-03-31T16:46:18+00:00</Time><DistanceMeters>1078.1</DistanceMeters><Position><LatitudeDegrees>50.596126</LatitudeDegrees><LongitudeDegrees>3.064401</LongitudeDegrees></Position><AltitudeMeters>48.0</AltitudeMeters><Extensions><TPX xmlns="http://www.garmin.com/xmlschemas/ActivityExtension/v2"><Speed>2.48</Speed></TPX></Extensions></Trackpoint><Trackpoint><Time>2026-03-31T16:46:19+00:00</Time><DistanceMeters>1083.9</DistanceMeters><Position><LatitudeDegrees>50.596098</LatitudeDegrees><LongitudeDegrees>3.064387</LongitudeDegrees></Position><AltitudeMeters>48.0</AltitudeMeters><Extensions><TPX xmlns="http://www.garmin.com/xmlschemas/ActivityExtension/v2"><Speed>3.14</Speed></TPX></Extensions></Trackpoint><Trackpoint><Time>2026-03-31T16:46:20+00:00</Time><DistanceMeters>1086.0</DistanceMeters><Position><LatitudeDegrees>50.596072</LatitudeDegrees><LongitudeDegrees>3.064399</LongitudeDegrees></Position><AltitudeMeters>48.1</AltitudeMeters><Extensions><TPX xmlns="http://www.garmin.com/xmlschemas/ActivityExtension/v2"><Speed>3.06</Speed></TPX></Extensions></Trackpoint><Trackpoint><Time>2026-03-31T16:46:21+00:00</Time><DistanceMeters>1088.1</DistanceMeters><Position><LatitudeDegrees>50.596061</LatitudeDegrees><LongitudeDegrees>3.064398</LongitudeDegrees></Position><AltitudeMeters>48.1</AltitudeMeters><Extensions><TPX xmlns="http://www.garmin.com/xmlschemas/ActivityExtension/v2"><Speed>2.98</Speed></TPX></Extensions></Trackpoint><Trackpoint><Time>2026-03-31T16:46:22+00:00</Time><DistanceMeters>1090.2</DistanceMeters><Position><LatitudeDegrees>50.596031</LatitudeDegrees><LongitudeDegrees>3.06438</LongitudeDegrees></Position><AltitudeMeters>48.1</AltitudeMeters><Extensions><TPX xmlns="http://www.garmin.com/xmlschemas/ActivityExtension/v2"><Speed>2.91</Speed></TPX></Extensions></Trackpoint><Trackpoint><Time>2026-03-31T16:46:23+00:00</Time><DistanceMeters>1092.3</DistanceMeters><Position><LatitudeDegrees>50.596025</LatitudeDegrees><LongitudeDegrees>3.064378</LongitudeDegrees></Position><AltitudeMeters>48.2</AltitudeMeters><Extensions><TPX xmlns="http://www.garmin.com/xmlschemas/ActivityExtension/v2"><Speed>2.84</Speed></TPX></Extensions></Trackpoint><Trackpoint><Time>2026-03-31T16:46:24+00:00</Time><DistanceMeters>1094.4</DistanceMeters><Position><LatitudeDegrees>50.596001</LatitudeDegrees><LongitudeDegrees>3.064349</LongitudeDegrees></Position><AltitudeMeters>48.2</AltitudeMeters><Extensions><TPX xmlns="http://www.garmin.com/xmlschemas/ActivityExtension/v2"><Speed>2.1</Speed></TPX></Extensions></Trackpoint><Trackpoint><Time>2026-03-31T16:46:25+00:00</Time><DistanceMeters>1096.5</DistanceMeters><Position><LatitudeDegrees>50.595993</LatitudeDegrees><LongitudeDegrees>3.064346</LongitudeDegrees></Position><AltitudeMeters>48.2</AltitudeMeters><Extensions><TPX xmlns="http://www.garmin.com/xmlschemas/ActivityExtension/v2"><Speed>2.1</Speed></TPX></Extensions></Trackpoint><Trackpoint><Time>2026-03-31T16:46:26+00:00</Time><DistanceMeters>1096.5</DistanceMeters><Position><LatitudeDegrees>50.595979</LatitudeDegrees><LongitudeDegrees>3.064354</LongitudeDegrees></Position><AltitudeMeters>48.3</AltitudeMeters><Extensions><TPX xmlns="http://www.garmin.com/xmlschemas/ActivityExtension/v2"><Speed>1.68</Speed></TPX></Extensions></Trackpoint><Trackpoint><Time>2026-03-31T16:46:27+00:00</Time><DistanceMeters>1099.9</DistanceMeters><Position><LatitudeDegrees>50.595962</LatitudeDegrees><LongitudeDegrees>3.064348</LongitudeDegrees></Position><AltitudeMeters>48.3</AltitudeMeters><Extensions><TPX xmlns="http://www.garmin.com/xmlschemas/ActivityExtension/v2"><Speed>1.94</Speed></TPX></Extensions></Trackpoint><Trackpoint><Time>2026-03-31T16:46:28+00:00</Time><DistanceMeters>1102.6</DistanceMeters><Position><LatitudeDegrees>50.59594</LatitudeDegrees><LongitudeDegrees>3.064301</LongitudeDegrees></Position><AltitudeMeters>48.4</AltitudeMeters><Extensions><TPX xmlns="http://www.garmin.com/xmlschemas/ActivityExtension/v2"><Speed>2.06</Speed></TPX></Extensions></Trackpoint><Trackpoint><Time>2026-03-31T16:46:29+00:00</Time><DistanceMeters>1105.3</DistanceMeters><Position><LatitudeDegrees>50.595934</LatitudeDegrees><LongitudeDegrees>3.064286</LongitudeDegrees></Position><AltitudeMeters>48.4</AltitudeMeters><Extensions><TPX xmlns="http://www.garmin.com/xmlschemas/ActivityExtension/v2"><Speed>2.18</Speed></TPX></Extensions></Trackpoint><Trackpoint><Time>2026-03-31T16:46:30+00:00</Time><DistanceMeters>1107.6</DistanceMeters><Position><LatitudeDegrees>50.595906</LatitudeDegrees><LongitudeDegrees>3.064261</LongitudeDegrees></Position><AltitudeMeters>48.4</AltitudeMeters><Extensions><TPX xmlns="http://www.garmin.com/xmlschemas/ActivityExtension/v2"><Speed>2.22</Speed></TPX></Extensions></Trackpoint><Trackpoint><Time>2026-03-31T16:46:31+00:00</Time><DistanceMeters>1109.9</DistanceMeters><Position><LatitudeDegrees>50.595899</LatitudeDegrees><LongitudeDegrees>3.064252</LongitudeDegrees></Position><AltitudeMeters>48.4</AltitudeMeters><Extensions><TPX xmlns="http://www.garmin.com/xmlschemas/ActivityExtension/v2"><Speed>2.68</Speed></TPX></Extensions></Trackpoint><Trackpoint><Time>2026-03-31T16:46:32+00:00</Time><DistanceMeters>1113.3</DistanceMeters><Position><LatitudeDegrees>50.595884</LatitudeDegrees><LongitudeDegrees>3.06421</LongitudeDegrees></Position><AltitudeMeters>48.5</AltitudeMeters><Extensions><TPX xmlns="http://www.garmin.com/xmlschemas/ActivityExtension/v2"><Speed>2.68</Speed></TPX></Extensions></Trackpoint><Trackpoint><Time>2026-03-31T16:46:33+00:00</Time><DistanceMeters>1115.8</DistanceMeters><Position><LatitudeDegrees>50.595863</LatitudeDegrees><LongitudeDegrees>3.064172</LongitudeDegrees></Position><AltitudeMeters>48.5</AltitudeMeters><Extensions><TPX xmlns="http://www.garmin.com/xmlschemas/ActivityExtension/v2"><Speed>2.64</Speed></TPX></Extensions></Trackpoint><Trackpoint><Time>2026-03-31T16:46:34+00:00</Time><DistanceMeters>1118.3</DistanceMeters><Position><LatitudeDegrees>50.595855</LatitudeDegrees><LongitudeDegrees>3.064154</LongitudeDegrees></Position><AltitudeMeters>48.6</AltitudeMeters><Extensions><TPX xmlns="http://www.garmin.com/xmlschemas/ActivityExtension/v2"><Speed>2.6</Speed></TPX></Extensions></Trackpoint><Trackpoint><Time>2026-03-31T16:46:35+00:00</Time><DistanceMeters>1121.5</DistanceMeters><Position><LatitudeDegrees>50.595833</LatitudeDegrees><LongitudeDegrees>3.064103</LongitudeDegrees></Position><AltitudeMeters>48.6</AltitudeMeters><Extensions><TPX xmlns="http://www.garmin.com/xmlschemas/ActivityExtension/v2"><Speed>2.78</Speed></TPX></Extensions></Trackpoint><Trackpoint><Time>2026-03-31T16:46:36+00:00</Time><DistanceMeters>1124.7</DistanceMeters><Position><LatitudeDegrees>50.595826</LatitudeDegrees><LongitudeDegrees>3.064077</LongitudeDegrees></Position><AltitudeMeters>48.6</AltitudeMeters><Extensions><TPX xmlns="http://www.garmin.com/xmlschemas/ActivityExtension/v2"><Speed>2.96</Speed></TPX></Extensions></Trackpoint><Trackpoint><Time>2026-03-31T16:46:37+00:00</Time><DistanceMeters>1127.2</DistanceMeters><Position><LatitudeDegrees>50.595795</LatitudeDegrees><LongitudeDegrees>3.064058</LongitudeDegrees></Position><AltitudeMeters>48.7</AltitudeMeters><Extensions><TPX xmlns="http://www.garmin.com/xmlschemas/ActivityExtension/v2"><Speed>2.78</Speed></TPX></Extensions></Trackpoint><Trackpoint><Time>2026-03-31T16:46:38+00:00</Time><DistanceMeters>1129.7</DistanceMeters><Position><LatitudeDegrees>50.595784</LatitudeDegrees><LongitudeDegrees>3.064057</LongitudeDegrees></Position><AltitudeMeters>48.7</AltitudeMeters><Extensions><TPX xmlns="http://www.garmin.com/xmlschemas/ActivityExtension/v2"><Speed>2.78</Speed></TPX></Extensions></Trackpoint><Trackpoint><Time>2026-03-31T16:46:39+00:00</Time><DistanceMeters>1132.4</DistanceMeters><Position><LatitudeDegrees>50.595758</LatitudeDegrees><LongitudeDegrees>3.064014</LongitudeDegrees></Position><AltitudeMeters>48.8</AltitudeMeters><Extensions><TPX xmlns="http://www.garmin.com/xmlschemas/ActivityExtension/v2"><Speed>2.81</Speed></TPX></Extensions></Trackpoint><Trackpoint><Time>2026-03-31T16:46:40+00:00</Time><DistanceMeters>1135.0</DistanceMeters><Position><LatitudeDegrees>50.59575</LatitudeDegrees><LongitudeDegrees>3.064004</LongitudeDegrees></Position><AltitudeMeters>48.8</AltitudeMeters><Extensions><TPX xmlns="http://www.garmin.com/xmlschemas/ActivityExtension/v2"><Speed>2.7</Speed></TPX></Extensions></Trackpoint><Trackpoint><Time>2026-03-31T16:46:41+00:00</Time><DistanceMeters>1137.7</DistanceMeters><Position><LatitudeDegrees>50.595724</LatitudeDegrees><LongitudeDegrees>3.063962</LongitudeDegrees></Position><AltitudeMeters>48.9</AltitudeMeters><Extensions><TPX xmlns="http://www.garmin.com/xmlschemas/ActivityExtension/v2"><Speed>2.6</Speed></TPX></Extensions></Trackpoint><Trackpoint><Time>2026-03-31T16:46:42+00:00</Time><DistanceMeters>1140.4</DistanceMeters><Position><LatitudeDegrees>50.595721</LatitudeDegrees><LongitudeDegrees>3.063942</LongitudeDegrees></Position><AltitudeMeters>48.9</AltitudeMeters><Extensions><TPX xmlns="http://www.garmin.com/xmlschemas/ActivityExtension/v2"><Speed>2.64</Speed></TPX></Extensions></Trackpoint><Trackpoint><Time>2026-03-31T16:46:43+00:00</Time><DistanceMeters>1142.7</DistanceMeters><Position><LatitudeDegrees>50.595713</LatitudeDegrees><LongitudeDegrees>3.063899</LongitudeDegrees></Position><AltitudeMeters>49.0</AltitudeMeters><Extensions><TPX xmlns="http://www.garmin.com/xmlschemas/ActivityExtension/v2"><Speed>2.6</Speed></TPX></Extensions></Trackpoint><Trackpoint><Time>2026-03-31T16:46:44+00:00</Time><DistanceMeters>1145.0</DistanceMeters><Position><LatitudeDegrees>50.595711</LatitudeDegrees><LongitudeDegrees>3.063879</LongitudeDegrees></Position><AltitudeMeters>49.0</AltitudeMeters><Extensions><TPX xmlns="http://www.garmin.com/xmlschemas/ActivityExtension/v2"><Speed>2.53</Speed></TPX></Extensions></Trackpoint><Trackpoint><Time>2026-03-31T16:46:45+00:00</Time><DistanceMeters>1145.0</DistanceMeters><Position><LatitudeDegrees>50.595699</LatitudeDegrees><LongitudeDegrees>3.063855</LongitudeDegrees></Position><AltitudeMeters>49.0</AltitudeMeters><Extensions><TPX xmlns="http://www.garmin.com/xmlschemas/ActivityExtension/v2"><Speed>2.0</Speed></TPX></Extensions></Trackpoint><Trackpoint><Time>2026-03-31T16:46:46+00:00</Time><DistanceMeters>1148.6</DistanceMeters><Position><LatitudeDegrees>50.595689</LatitudeDegrees><LongitudeDegrees>3.063843</LongitudeDegrees></Position><AltitudeMeters>49.1</AltitudeMeters><Extensions><TPX xmlns="http://www.garmin.com/xmlschemas/ActivityExtension/v2"><Speed>2.18</Speed></TPX></Extensions></Trackpoint><Trackpoint><Time>2026-03-31T16:46:47+00:00</Time><DistanceMeters>1150.7</DistanceMeters><Position><LatitudeDegrees>50.595676</LatitudeDegrees><LongitudeDegrees>3.063802</LongitudeDegrees></Position><AltitudeMeters>49.1</AltitudeMeters><Extensions><TPX xmlns="http://www.garmin.com/xmlschemas/ActivityExtension/v2"><Speed>2.05</Speed></TPX></Extensions></Trackpoint><Trackpoint><Time>2026-03-31T16:46:48+00:00</Time><DistanceMeters>1152.7</DistanceMeters><Position><LatitudeDegrees>50.595672</LatitudeDegrees><LongitudeDegrees>3.063791</LongitudeDegrees></Position><AltitudeMeters>49.1</AltitudeMeters><Extensions><TPX xmlns="http://www.garmin.com/xmlschemas/ActivityExtension/v2"><Speed>2.0</Speed></TPX></Extensions></Trackpoint><Trackpoint><Time>2026-03-31T16:46:49+00:00</Time><DistanceMeters>1155.2</DistanceMeters><Position><LatitudeDegrees>50.595671</LatitudeDegrees><LongitudeDegrees>3.063736</LongitudeDegrees></Position><AltitudeMeters>49.2</AltitudeMeters><Extensions><TPX xmlns="http://www.garmin.com/xmlschemas/ActivityExtension/v2"><Speed>2.04</Speed></TPX></Extensions></Trackpoint><Trackpoint><Time>2026-03-31T16:46:50+00:00</Time><DistanceMeters>1157.7</DistanceMeters><Position><LatitudeDegrees>50.59567</LatitudeDegrees><LongitudeDegrees>3.06372</LongitudeDegrees></Position><AltitudeMeters>49.2</AltitudeMeters><Extensions><TPX xmlns="http://www.garmin.com/xmlschemas/ActivityExtension/v2"><Speed>2.54</Speed></TPX></Extensions></Trackpoint><Trackpoint><Time>2026-03-31T16:46:51+00:00</Time><DistanceMeters>1160.2</DistanceMeters><Position><LatitudeDegrees>50.595646</LatitudeDegrees><LongitudeDegrees>3.06368</LongitudeDegrees></Position><AltitudeMeters>49.2</AltitudeMeters><Extensions><TPX xmlns="http://www.garmin.com/xmlschemas/ActivityExtension/v2"><Speed>2.32</Speed></TPX></Extensions></Trackpoint><Trackpoint><Time>2026-03-31T16:46:52+00:00</Time><DistanceMeters>1162.7</DistanceMeters><Position><LatitudeDegrees>50.595641</LatitudeDegrees><LongitudeDegrees>3.063666</LongitudeDegrees></Position><AltitudeMeters>49.2</AltitudeMeters><Extensions><TPX xmlns="http://www.garmin.com/xmlschemas/ActivityExtension/v2"><Speed>2.41</Speed></TPX></Extensions></Trackpoint><Trackpoint><Time>2026-03-31T16:46:53+00:00</Time><DistanceMeters>1165.2</DistanceMeters><Position><LatitudeDegrees>50.595617</LatitudeDegrees><LongitudeDegrees>3.06363</LongitudeDegrees></Position><AltitudeMeters>49.3</AltitudeMeters><Extensions><TPX xmlns="http://www.garmin.com/xmlschemas/ActivityExtension/v2"><Speed>2.49</Speed></TPX></Extensions></Trackpoint><Trackpoint><Time>2026-03-31T16:46:54+00:00</Time><DistanceMeters>1167.6</DistanceMeters><Position><LatitudeDegrees>50.595611</LatitudeDegrees><LongitudeDegrees>3.063616</LongitudeDegrees></Position><AltitudeMeters>49.3</AltitudeMeters><Extensions><TPX xmlns="http://www.garmin.com/xmlschemas/ActivityExtension/v2"><Speed>2.48</Speed></TPX></Extensions></Trackpoint><Trackpoint><Time>2026-03-31T16:46:55+00:00</Time><DistanceMeters>1169.7</DistanceMeters><Position><LatitudeDegrees>50.595601</LatitudeDegrees><LongitudeDegrees>3.063574</LongitudeDegrees></Position><AltitudeMeters>49.3</AltitudeMeters><Extensions><TPX xmlns="http://www.garmin.com/xmlschemas/ActivityExtension/v2"><Speed>2.39</Speed></TPX></Extensions></Trackpoint><Trackpoint><Time>2026-03-31T16:46:56+00:00</Time><DistanceMeters>1171.7</DistanceMeters><Position><LatitudeDegrees>50.595595</LatitudeDegrees><LongitudeDegrees>3.063562</LongitudeDegrees></Position><AltitudeMeters>49.3</AltitudeMeters><Extensions><TPX xmlns="http://www.garmin.com/xmlschemas/ActivityExtension/v2"><Speed>2.3</Speed></TPX></Extensions></Trackpoint><Trackpoint><Time>2026-03-31T16:46:57+00:00</Time><DistanceMeters>1174.2</DistanceMeters><Position><LatitudeDegrees>50.595582</LatitudeDegrees><LongitudeDegrees>3.063515</LongitudeDegrees></Position><AltitudeMeters>49.3</AltitudeMeters><Extensions><TPX xmlns="http://www.garmin.com/xmlschemas/ActivityExtension/v2"><Speed>2.29</Speed></TPX></Extensions></Trackpoint><Trackpoint><Time>2026-03-31T16:46:58+00:00</Time><DistanceMeters>1176.6</DistanceMeters><Position><LatitudeDegrees>50.59558</LatitudeDegrees><LongitudeDegrees>3.063498</LongitudeDegrees></Position><AltitudeMeters>49.3</AltitudeMeters><Extensions><TPX xmlns="http://www.garmin.com/xmlschemas/ActivityExtension/v2"><Speed>2.29</Speed></TPX></Extensions></Trackpoint><Trackpoint><Time>2026-03-31T16:46:59+00:00</Time><DistanceMeters>1180.0</DistanceMeters><Position><LatitudeDegrees>50.595562</LatitudeDegrees><LongitudeDegrees>3.063459</LongitudeDegrees></Position><AltitudeMeters>49.4</AltitudeMeters><Extensions><TPX xmlns="http://www.garmin.com/xmlschemas/ActivityExtension/v2"><Speed>2.48</Speed></TPX></Extensions></Trackpoint><Trackpoint><Time>2026-03-31T16:47:00+00:00</Time><DistanceMeters>1183.0</DistanceMeters><Position><LatitudeDegrees>50.595557</LatitudeDegrees><LongitudeDegrees>3.063397</LongitudeDegrees></Position><AltitudeMeters>49.4</AltitudeMeters><Extensions><TPX xmlns="http://www.garmin.com/xmlschemas/ActivityExtension/v2"><Speed>2.67</Speed></TPX></Extensions></Trackpoint><Trackpoint><Time>2026-03-31T16:47:01+00:00</Time><DistanceMeters>1186.0</DistanceMeters><Position><LatitudeDegrees>50.595558</LatitudeDegrees><LongitudeDegrees>3.063374</LongitudeDegrees></Position><AltitudeMeters>49.4</AltitudeMeters><Extensions><TPX xmlns="http://www.garmin.com/xmlschemas/ActivityExtension/v2"><Speed>2.86</Speed></TPX></Extensions></Trackpoint><Trackpoint><Time>2026-03-31T16:47:02+00:00</Time><DistanceMeters>1188.3</DistanceMeters><Position><LatitudeDegrees>50.595549</LatitudeDegrees><LongitudeDegrees>3.063331</LongitudeDegrees></Position><AltitudeMeters>49.4</AltitudeMeters><Extensions><TPX xmlns="http://www.garmin.com/xmlschemas/ActivityExtension/v2"><Speed>2.82</Speed></TPX></Extensions></Trackpoint><Trackpoint><Time>2026-03-31T16:47:03+00:00</Time><DistanceMeters>1190.5</DistanceMeters><Position><LatitudeDegrees>50.595548</LatitudeDegrees><LongitudeDegrees>3.063313</LongitudeDegrees></Position><AltitudeMeters>49.4</AltitudeMeters><Extensions><TPX xmlns="http://www.garmin.com/xmlschemas/ActivityExtension/v2"><Speed>2.78</Speed></TPX></Extensions></Trackpoint><Trackpoint><Time>2026-03-31T16:47:04+00:00</Time><DistanceMeters>1193.2</DistanceMeters><Position><LatitudeDegrees>50.595543</LatitudeDegrees><LongitudeDegrees>3.063258</LongitudeDegrees></Position><AltitudeMeters>49.4</AltitudeMeters><Extensions><TPX xmlns="http://www.garmin.com/xmlschemas/ActivityExtension/v2"><Speed>2.63</Speed></TPX></Extensions></Trackpoint><Trackpoint><Time>2026-03-31T16:47:05+00:00</Time><DistanceMeters>1195.8</DistanceMeters><Position><LatitudeDegrees>50.595541</LatitudeDegrees><LongitudeDegrees>3.063239</LongitudeDegrees></Position><AltitudeMeters>49.4</AltitudeMeters><Extensions><TPX xmlns="http://www.garmin.com/xmlschemas/ActivityExtension/v2"><Speed>2.56</Speed></TPX></Extensions></Trackpoint><Trackpoint><Time>2026-03-31T16:47:06+00:00</Time><DistanceMeters>1198.8</DistanceMeters><Position><LatitudeDegrees>50.595536</LatitudeDegrees><LongitudeDegrees>3.063197</LongitudeDegrees></Position><AltitudeMeters>49.4</AltitudeMeters><Extensions><TPX xmlns="http://www.garmin.com/xmlschemas/ActivityExtension/v2"><Speed>2.56</Speed></TPX></Extensions></Trackpoint><Trackpoint><Time>2026-03-31T16:47:07+00:00</Time><DistanceMeters>1201.6</DistanceMeters><Position><LatitudeDegrees>50.595529</LatitudeDegrees><LongitudeDegrees>3.063139</LongitudeDegrees></Position><AltitudeMeters>49.4</AltitudeMeters><Extensions><TPX xmlns="http://www.garmin.com/xmlschemas/ActivityExtension/v2"><Speed>2.66</Speed></TPX></Extensions></Trackpoint><Trackpoint><Time>2026-03-31T16:47:08+00:00</Time><DistanceMeters>1204.3</DistanceMeters><Position><LatitudeDegrees>50.595527</LatitudeDegrees><LongitudeDegrees>3.06312</LongitudeDegrees></Position><AltitudeMeters>49.4</AltitudeMeters><Extensions><TPX xmlns="http://www.garmin.com/xmlschemas/ActivityExtension/v2"><Speed>2.76</Speed></TPX></Extensions></Trackpoint><Trackpoint><Time>2026-03-31T16:47:09+00:00</Time><DistanceMeters>1207.1</DistanceMeters><Position><LatitudeDegrees>50.595516</LatitudeDegrees><LongitudeDegrees>3.063065</LongitudeDegrees></Position><AltitudeMeters>49.4</AltitudeMeters><Extensions><TPX xmlns="http://www.garmin.com/xmlschemas/ActivityExtension/v2"><Speed>2.78</Speed></TPX></Extensions></Trackpoint><Trackpoint><Time>2026-03-31T16:47:10+00:00</Time><DistanceMeters>1209.8</DistanceMeters><Position><LatitudeDegrees>50.595514</LatitudeDegrees><LongitudeDegrees>3.063045</LongitudeDegrees></Position><AltitudeMeters>49.4</AltitudeMeters><Extensions><TPX xmlns="http://www.garmin.com/xmlschemas/ActivityExtension/v2"><Speed>2.8</Speed></TPX></Extensions></Trackpoint><Trackpoint><Time>2026-03-31T16:47:11+00:00</Time><DistanceMeters>1213.2</DistanceMeters><Position><LatitudeDegrees>50.595511</LatitudeDegrees><LongitudeDegrees>3.062998</LongitudeDegrees></Position><AltitudeMeters>49.4</AltitudeMeters><Extensions><TPX xmlns="http://www.garmin.com/xmlschemas/ActivityExtension/v2"><Speed>2.88</Speed></TPX></Extensions></Trackpoint><Trackpoint><Time>2026-03-31T16:47:12+00:00</Time><DistanceMeters>1216.1</DistanceMeters><Position><LatitudeDegrees>50.595502</LatitudeDegrees><LongitudeDegrees>3.06294</LongitudeDegrees></Position><AltitudeMeters>49.4</AltitudeMeters><Extensions><TPX xmlns="http://www.garmin.com/xmlschemas/ActivityExtension/v2"><Speed>2.91</Speed></TPX></Extensions></Trackpoint><Trackpoint><Time>2026-03-31T16:47:13+00:00</Time><DistanceMeters>1219.0</DistanceMeters><Position><LatitudeDegrees>50.595498</LatitudeDegrees><LongitudeDegrees>3.062919</LongitudeDegrees></Position><AltitudeMeters>49.4</AltitudeMeters><Extensions><TPX xmlns="http://www.garmin.com/xmlschemas/ActivityExtension/v2"><Speed>2.94</Speed></TPX></Extensions></Trackpoint><Trackpoint><Time>2026-03-31T16:47:14+00:00</Time><DistanceMeters>1221.6</DistanceMeters><Position><LatitudeDegrees>50.595476</LatitudeDegrees><LongitudeDegrees>3.062875</LongitudeDegrees></Position><AltitudeMeters>49.4</AltitudeMeters><Extensions><TPX xmlns="http://www.garmin.com/xmlschemas/ActivityExtension/v2"><Speed>2.9</Speed></TPX></Extensions></Trackpoint><Trackpoint><Time>2026-03-31T16:47:15+00:00</Time><DistanceMeters>1224.1</DistanceMeters><Position><LatitudeDegrees>50.595468</LatitudeDegrees><LongitudeDegrees>3.062865</LongitudeDegrees></Position><AltitudeMeters>49.4</AltitudeMeters><Extensions><TPX xmlns="http://www.garmin.com/xmlschemas/ActivityExtension/v2"><Speed>2.86</Speed></TPX></Extensions></Trackpoint><Trackpoint><Time>2026-03-31T16:47:16+00:00</Time><DistanceMeters>1226.4</DistanceMeters><Position><LatitudeDegrees>50.59544</LatitudeDegrees><LongitudeDegrees>3.062838</LongitudeDegrees></Position><AltitudeMeters>49.4</AltitudeMeters><Extensions><TPX xmlns="http://www.garmin.com/xmlschemas/ActivityExtension/v2"><Speed>2.65</Speed></TPX></Extensions></Trackpoint><Trackpoint><Time>2026-03-31T16:47:17+00:00</Time><DistanceMeters>1228.8</DistanceMeters><Position><LatitudeDegrees>50.595432</LatitudeDegrees><LongitudeDegrees>3.062828</LongitudeDegrees></Position><AltitudeMeters>49.4</AltitudeMeters><Extensions><TPX xmlns="http://www.garmin.com/xmlschemas/ActivityExtension/v2"><Speed>2.54</Speed></TPX></Extensions></Trackpoint><Trackpoint><Time>2026-03-31T16:47:18+00:00</Time><DistanceMeters>1231.4</DistanceMeters><Position><LatitudeDegrees>50.59541</LatitudeDegrees><LongitudeDegrees>3.062786</LongitudeDegrees></Position><AltitudeMeters>49.4</AltitudeMeters><Extensions><TPX xmlns="http://www.garmin.com/xmlschemas/ActivityExtension/v2"><Speed>2.47</Speed></TPX></Extensions></Trackpoint><Trackpoint><Time>2026-03-31T16:47:19+00:00</Time><DistanceMeters>1233.9</DistanceMeters><Position><LatitudeDegrees>50.595403</LatitudeDegrees><LongitudeDegrees>3.062773</LongitudeDegrees></Position><AltitudeMeters>49.4</AltitudeMeters><Extensions><TPX xmlns="http://www.garmin.com/xmlschemas/ActivityExtension/v2"><Speed>2.47</Speed></TPX></Extensions></Trackpoint><Trackpoint><Time>2026-03-31T16:47:20+00:00</Time><DistanceMeters>1236.2</DistanceMeters><Position><LatitudeDegrees>50.595379</LatitudeDegrees><LongitudeDegrees>3.062747</LongitudeDegrees></Position><AltitudeMeters>49.5</AltitudeMeters><Extensions><TPX xmlns="http://www.garmin.com/xmlschemas/ActivityExtension/v2"><Speed>2.42</Speed></TPX></Extensions></Trackpoint><Trackpoint><Time>2026-03-31T16:47:21+00:00</Time><DistanceMeters>1238.5</DistanceMeters><Position><LatitudeDegrees>50.595366</LatitudeDegrees><LongitudeDegrees>3.062741</LongitudeDegrees></Position><AltitudeMeters>49.5</AltitudeMeters><Extensions><TPX xmlns="http://www.garmin.com/xmlschemas/ActivityExtension/v2"><Speed>2.41</Speed></TPX></Extensions></Trackpoint><Trackpoint><Time>2026-03-31T16:47:22+00:00</Time><DistanceMeters>1241.2</DistanceMeters><Position><LatitudeDegrees>50.595333</LatitudeDegrees><LongitudeDegrees>3.062725</LongitudeDegrees></Position><AltitudeMeters>49.5</AltitudeMeters><Extensions><TPX xmlns="http://www.garmin.com/xmlschemas/ActivityExtension/v2"><Speed>2.47</Speed></TPX></Extensions></Trackpoint><Trackpoint><Time>2026-03-31T16:47:23+00:00</Time><DistanceMeters>1243.8</DistanceMeters><Position><LatitudeDegrees>50.595322</LatitudeDegrees><LongitudeDegrees>3.062718</LongitudeDegrees></Position><AltitudeMeters>49.5</AltitudeMeters><Extensions><TPX xmlns="http://www.garmin.com/xmlschemas/ActivityExtension/v2"><Speed>2.49</Speed></TPX></Extensions></Trackpoint><Trackpoint><Time>2026-03-31T16:47:24+00:00</Time><DistanceMeters>1246.3</DistanceMeters><Position><LatitudeDegrees>50.595293</LatitudeDegrees><LongitudeDegrees>3.062692</LongitudeDegrees></Position><AltitudeMeters>49.5</AltitudeMeters><Extensions><TPX xmlns="http://www.garmin.com/xmlschemas/ActivityExtension/v2"><Speed>2.48</Speed></TPX></Extensions></Trackpoint><Trackpoint><Time>2026-03-31T16:47:25+00:00</Time><DistanceMeters>1248.8</DistanceMeters><Position><LatitudeDegrees>50.595281</LatitudeDegrees><LongitudeDegrees>3.062686</LongitudeDegrees></Position><AltitudeMeters>49.6</AltitudeMeters><Extensions><TPX xmlns="http://www.garmin.com/xmlschemas/ActivityExtension/v2"><Speed>2.52</Speed></TPX></Extensions></Trackpoint><Trackpoint><Time>2026-03-31T16:47:26+00:00</Time><DistanceMeters>1252.3</DistanceMeters><Position><LatitudeDegrees>50.595266</LatitudeDegrees><LongitudeDegrees>3.062643</LongitudeDegrees></Position><AltitudeMeters>49.6</AltitudeMeters><Extensions><TPX xmlns="http://www.garmin.com/xmlschemas/ActivityExtension/v2"><Speed>2.76</Speed></TPX></Extensions></Trackpoint><Trackpoint><Time>2026-03-31T16:47:27+00:00</Time><DistanceMeters>1255.3</DistanceMeters><Position><LatitudeDegrees>50.59525</LatitudeDegrees><LongitudeDegrees>3.062609</LongitudeDegrees></Position><AltitudeMeters>49.6</AltitudeMeters><Extensions><TPX xmlns="http://www.garmin.com/xmlschemas/ActivityExtension/v2"><Speed>2.83</Speed></TPX></Extensions></Trackpoint><Trackpoint><Time>2026-03-31T16:47:28+00:00</Time><DistanceMeters>1258.2</DistanceMeters><Position><LatitudeDegrees>50.595227</LatitudeDegrees><LongitudeDegrees>3.062564</LongitudeDegrees></Position><AltitudeMeters>49.7</AltitudeMeters><Extensions><TPX xmlns="http://www.garmin.com/xmlschemas/ActivityExtension/v2"><Speed>2.87</Speed></TPX></Extensions></Trackpoint><Trackpoint><Time>2026-03-31T16:47:29+00:00</Time><DistanceMeters>1261.0</DistanceMeters><Position><LatitudeDegrees>50.595221</LatitudeDegrees><LongitudeDegrees>3.062542</LongitudeDegrees></Position><AltitudeMeters>49.7</AltitudeMeters><Extensions><TPX xmlns="http://www.garmin.com/xmlschemas/ActivityExtension/v2"><Speed>2.94</Speed></TPX></Extensions></Trackpoint><Trackpoint><Time>2026-03-31T16:47:30+00:00</Time><DistanceMeters>1263.3</DistanceMeters><Position><LatitudeDegrees>50.595193</LatitudeDegrees><LongitudeDegrees>3.062514</LongitudeDegrees></Position><AltitudeMeters>49.7</AltitudeMeters><Extensions><TPX xmlns="http://www.garmin.com/xmlschemas/ActivityExtension/v2"><Speed>2.89</Speed></TPX></Extensions></Trackpoint><Trackpoint><Time>2026-03-31T16:47:31+00:00</Time><DistanceMeters>1265.5</DistanceMeters><Position><LatitudeDegrees>50.59519</LatitudeDegrees><LongitudeDegrees>3.062501</LongitudeDegrees></Position><AltitudeMeters>49.7</AltitudeMeters><Extensions><TPX xmlns="http://www.garmin.com/xmlschemas/ActivityExtension/v2"><Speed>2.64</Speed></TPX></Extensions></Trackpoint><Trackpoint><Time>2026-03-31T16:47:32+00:00</Time><DistanceMeters>1268.2</DistanceMeters><Position><LatitudeDegrees>50.595163</LatitudeDegrees><LongitudeDegrees>3.062466</LongitudeDegrees></Position><AltitudeMeters>49.7</AltitudeMeters><Extensions><TPX xmlns="http://www.garmin.com/xmlschemas/ActivityExtension/v2"><Speed>2.58</Speed></TPX></Extensions></Trackpoint><Trackpoint><Time>2026-03-31T16:47:33+00:00</Time><DistanceMeters>1270.9</DistanceMeters><Position><LatitudeDegrees>50.595153</LatitudeDegrees><LongitudeDegrees>3.062452</LongitudeDegrees></Position><AltitudeMeters>49.8</AltitudeMeters><Extensions><TPX xmlns="http://www.garmin.com/xmlschemas/ActivityExtension/v2"><Speed>2.55</Speed></TPX></Extensions></Trackpoint><Trackpoint><Time>2026-03-31T16:47:34+00:00</Time><DistanceMeters>1274.0</DistanceMeters><Position><LatitudeDegrees>50.595134</LatitudeDegrees><LongitudeDegrees>3.062421</LongitudeDegrees></Position><AltitudeMeters>49.8</AltitudeMeters><Extensions><TPX xmlns="http://www.garmin.com/xmlschemas/ActivityExtension/v2"><Speed>2.6</Speed></TPX></Extensions></Trackpoint><Trackpoint><Time>2026-03-31T16:47:35+00:00</Time><DistanceMeters>1277.3</DistanceMeters><Position><LatitudeDegrees>50.595105</LatitudeDegrees><LongitudeDegrees>3.062409</LongitudeDegrees></Position><AltitudeMeters>49.8</AltitudeMeters><Extensions><TPX xmlns="http://www.garmin.com/xmlschemas/ActivityExtension/v2"><Speed>2.81</Speed></TPX></Extensions></Trackpoint><Trackpoint><Time>2026-03-31T16:47:36+00:00</Time><DistanceMeters>1280.8</DistanceMeters><Position><LatitudeDegrees>50.595062</LatitudeDegrees><LongitudeDegrees>3.062392</LongitudeDegrees></Position><AltitudeMeters>49.9</AltitudeMeters><Extensions><TPX xmlns="http://www.garmin.com/xmlschemas/ActivityExtension/v2"><Speed>3.05</Speed></TPX></Extensions></Trackpoint><Trackpoint><Time>2026-03-31T16:47:37+00:00</Time><DistanceMeters>1284.2</DistanceMeters><Position><LatitudeDegrees>50.595045</LatitudeDegrees><LongitudeDegrees>3.062385</LongitudeDegrees></Position><AltitudeMeters>49.9</AltitudeMeters><Extensions><TPX xmlns="http://www.garmin.com/xmlschemas/ActivityExtension/v2"><Speed>3.2</Speed></TPX></Extensions></Trackpoint><Trackpoint><Time>2026-03-31T16:47:38+00:00</Time><DistanceMeters>1287.2</DistanceMeters><Position><LatitudeDegrees>50.595018</LatitudeDegrees><LongitudeDegrees>3.062379</LongitudeDegrees></Position><AltitudeMeters>49.9</AltitudeMeters><Extensions><TPX xmlns="http://www.garmin.com/xmlschemas/ActivityExtension/v2"><Speed>3.26</Speed></TPX></Extensions></Trackpoint><Trackpoint><Time>2026-03-31T16:47:39+00:00</Time><DistanceMeters>1290.3</DistanceMeters><Position><LatitudeDegrees>50.59499</LatitudeDegrees><LongitudeDegrees>3.062382</LongitudeDegrees></Position><AltitudeMeters>49.9</AltitudeMeters><Extensions><TPX xmlns="http://www.garmin.com/xmlschemas/ActivityExtension/v2"><Speed>3.26</Speed></TPX></Extensions></Trackpoint><Trackpoint><Time>2026-03-31T16:47:40+00:00</Time><DistanceMeters>1294.4</DistanceMeters><Position><LatitudeDegrees>50.594954</LatitudeDegrees><LongitudeDegrees>3.062387</LongitudeDegrees></Position><AltitudeMeters>50.0</AltitudeMeters><Extensions><TPX xmlns="http://www.garmin.com/xmlschemas/ActivityExtension/v2"><Speed>3.42</Speed></TPX></Extensions></Trackpoint><Trackpoint><Time>2026-03-31T16:47:41+00:00</Time><DistanceMeters>1296.9</DistanceMeters><Position><LatitudeDegrees>50.594922</LatitudeDegrees><LongitudeDegrees>3.062401</LongitudeDegrees></Position><AltitudeMeters>50.1</AltitudeMeters><Extensions><TPX xmlns="http://www.garmin.com/xmlschemas/ActivityExtension/v2"><Speed>3.22</Speed></TPX></Extensions></Trackpoint><Trackpoint><Time>2026-03-31T16:47:42+00:00</Time><DistanceMeters>1299.3</DistanceMeters><Position><LatitudeDegrees>50.594911</LatitudeDegrees><LongitudeDegrees>3.062401</LongitudeDegrees></Position><AltitudeMeters>50.1</AltitudeMeters><Extensions><TPX xmlns="http://www.garmin.com/xmlschemas/ActivityExtension/v2"><Speed>3.02</Speed></TPX></Extensions></Trackpoint><Trackpoint><Time>2026-03-31T16:47:43+00:00</Time><DistanceMeters>1301.8</DistanceMeters><Position><LatitudeDegrees>50.59488</LatitudeDegrees><LongitudeDegrees>3.062403</LongitudeDegrees></Position><AltitudeMeters>50.1</AltitudeMeters><Extensions><TPX xmlns="http://www.garmin.com/xmlschemas/ActivityExtension/v2"><Speed>2.91</Speed></TPX></Extensions></Trackpoint><Trackpoint><Time>2026-03-31T16:47:44+00:00</Time><DistanceMeters>1304.2</DistanceMeters><Position><LatitudeDegrees>50.594867</LatitudeDegrees><LongitudeDegrees>3.062403</LongitudeDegrees></Position><AltitudeMeters>50.1</AltitudeMeters><Extensions><TPX xmlns="http://www.garmin.com/xmlschemas/ActivityExtension/v2"><Speed>2.78</Speed></TPX></Extensions></Trackpoint><Trackpoint><Time>2026-03-31T16:47:45+00:00</Time><DistanceMeters>1307.2</DistanceMeters><Position><LatitudeDegrees>50.594839</LatitudeDegrees><LongitudeDegrees>3.062408</LongitudeDegrees></Position><AltitudeMeters>50.2</AltitudeMeters><Extensions><TPX xmlns="http://www.garmin.com/xmlschemas/ActivityExtension/v2"><Speed>2.56</Speed></TPX></Extensions></Trackpoint><Trackpoint><Time>2026-03-31T16:47:46+00:00</Time><DistanceMeters>1310.7</DistanceMeters><Position><LatitudeDegrees>50.59481</LatitudeDegrees><LongitudeDegrees>3.06242</LongitudeDegrees></Position><AltitudeMeters>50.2</AltitudeMeters><Extensions><TPX xmlns="http://www.garmin.com/xmlschemas/ActivityExtension/v2"><Speed>2.77</Speed></TPX></Extensions></Trackpoint><Trackpoint><Time>2026-03-31T16:47:47+00:00</Time><DistanceMeters>1313.8</DistanceMeters><Position><LatitudeDegrees>50.594783</LatitudeDegrees><LongitudeDegrees>3.062433</LongitudeDegrees></Position><AltitudeMeters>50.3</AltitudeMeters><Extensions><TPX xmlns="http://www.garmin.com/xmlschemas/ActivityExtension/v2"><Speed>2.9</Speed></TPX></Extensions></Trackpoint><Trackpoint><Time>2026-03-31T16:47:48+00:00</Time><DistanceMeters>1316.6</DistanceMeters><Position><LatitudeDegrees>50.594748</LatitudeDegrees><LongitudeDegrees>3.062442</LongitudeDegrees></Position><AltitudeMeters>50.3</AltitudeMeters><Extensions><TPX xmlns="http://www.garmin.com/xmlschemas/ActivityExtension/v2"><Speed>2.96</Speed></TPX></Extensions></Trackpoint><Trackpoint><Time>2026-03-31T16:47:49+00:00</Time><DistanceMeters>1319.3</DistanceMeters><Position><LatitudeDegrees>50.594734</LatitudeDegrees><LongitudeDegrees>3.062443</LongitudeDegrees></Position><AltitudeMeters>50.3</AltitudeMeters><Extensions><TPX xmlns="http://www.garmin.com/xmlschemas/ActivityExtension/v2"><Speed>3.02</Speed></TPX></Extensions></Trackpoint><Trackpoint><Time>2026-03-31T16:47:50+00:00</Time><DistanceMeters>1321.7</DistanceMeters><Position><LatitudeDegrees>50.594704</LatitudeDegrees><LongitudeDegrees>3.062454</LongitudeDegrees></Position><AltitudeMeters>50.4</AltitudeMeters><Extensions><TPX xmlns="http://www.garmin.com/xmlschemas/ActivityExtension/v2"><Speed>2.89</Speed></TPX></Extensions></Trackpoint><Trackpoint><Time>2026-03-31T16:47:51+00:00</Time><DistanceMeters>1324.0</DistanceMeters><Position><LatitudeDegrees>50.594692</LatitudeDegrees><LongitudeDegrees>3.062457</LongitudeDegrees></Position><AltitudeMeters>50.4</AltitudeMeters><Extensions><TPX xmlns="http://www.garmin.com/xmlschemas/ActivityExtension/v2"><Speed>2.66</Speed></TPX></Extensions></Trackpoint><Trackpoint><Time>2026-03-31T16:47:52+00:00</Time><DistanceMeters>1326.9</DistanceMeters><Position><LatitudeDegrees>50.594655</LatitudeDegrees><LongitudeDegrees>3.062475</LongitudeDegrees></Position><AltitudeMeters>50.4</AltitudeMeters><Extensions><TPX xmlns="http://www.garmin.com/xmlschemas/ActivityExtension/v2"><Speed>2.61</Speed></TPX></Extensions></Trackpoint><Trackpoint><Time>2026-03-31T16:47:53+00:00</Time><DistanceMeters>1329.7</DistanceMeters><Position><LatitudeDegrees>50.594642</LatitudeDegrees><LongitudeDegrees>3.062477</LongitudeDegrees></Position><AltitudeMeters>50.4</AltitudeMeters><Extensions><TPX xmlns="http://www.garmin.com/xmlschemas/ActivityExtension/v2"><Speed>2.63</Speed></TPX></Extensions></Trackpoint><Trackpoint><Time>2026-03-31T16:47:54+00:00</Time><DistanceMeters>1332.5</DistanceMeters><Position><LatitudeDegrees>50.594613</LatitudeDegrees><LongitudeDegrees>3.062502</LongitudeDegrees></Position><AltitudeMeters>50.5</AltitudeMeters><Extensions><TPX xmlns="http://www.garmin.com/xmlschemas/ActivityExtension/v2"><Speed>2.63</Speed></TPX></Extensions></Trackpoint><Trackpoint><Time>2026-03-31T16:47:55+00:00</Time><DistanceMeters>1335.2</DistanceMeters><Position><LatitudeDegrees>50.5946</LatitudeDegrees><LongitudeDegrees>3.062516</LongitudeDegrees></Position><AltitudeMeters>50.5</AltitudeMeters><Extensions><TPX xmlns="http://www.garmin.com/xmlschemas/ActivityExtension/v2"><Speed>2.71</Speed></TPX></Extensions></Trackpoint><Trackpoint><Time>2026-03-31T16:47:56+00:00</Time><DistanceMeters>1338.0</DistanceMeters><Position><LatitudeDegrees>50.594564</LatitudeDegrees><LongitudeDegrees>3.062523</LongitudeDegrees></Position><AltitudeMeters>50.5</AltitudeMeters><Extensions><TPX xmlns="http://www.garmin.com/xmlschemas/ActivityExtension/v2"><Speed>2.8</Speed></TPX></Extensions></Trackpoint><Trackpoint><Time>2026-03-31T16:47:57+00:00</Time><DistanceMeters>1340.8</DistanceMeters><Position><LatitudeDegrees>50.594549</LatitudeDegrees><LongitudeDegrees>3.062521</LongitudeDegrees></Position><AltitudeMeters>50.6</AltitudeMeters><Extensions><TPX xmlns="http://www.garmin.com/xmlschemas/ActivityExtension/v2"><Speed>2.79</Speed></TPX></Extensions></Trackpoint><Trackpoint><Time>2026-03-31T16:47:58+00:00</Time><DistanceMeters>1343.9</DistanceMeters><Position><LatitudeDegrees>50.594521</LatitudeDegrees><LongitudeDegrees>3.062521</LongitudeDegrees></Position><AltitudeMeters>50.6</AltitudeMeters><Extensions><TPX xmlns="http://www.garmin.com/xmlschemas/ActivityExtension/v2"><Speed>2.84</Speed></TPX></Extensions></Trackpoint><Trackpoint><Time>2026-03-31T16:47:59+00:00</Time><DistanceMeters>1346.4</DistanceMeters><Position><LatitudeDegrees>50.594488</LatitudeDegrees><LongitudeDegrees>3.062526</LongitudeDegrees></Position><AltitudeMeters>50.7</AltitudeMeters><Extensions><TPX xmlns="http://www.garmin.com/xmlschemas/ActivityExtension/v2"><Speed>2.79</Speed></TPX></Extensions></Trackpoint><Trackpoint><Time>2026-03-31T16:48:00+00:00</Time><DistanceMeters>1348.9</DistanceMeters><Position><LatitudeDegrees>50.594477</LatitudeDegrees><LongitudeDegrees>3.062526</LongitudeDegrees></Position><AltitudeMeters>50.7</AltitudeMeters><Extensions><TPX xmlns="http://www.garmin.com/xmlschemas/ActivityExtension/v2"><Speed>2.74</Speed></TPX></Extensions></Trackpoint><Trackpoint><Time>2026-03-31T16:48:02+00:00</Time><DistanceMeters>1351.5</DistanceMeters><Position><LatitudeDegrees>50.594445</LatitudeDegrees><LongitudeDegrees>3.06251</LongitudeDegrees></Position><AltitudeMeters>50.7</AltitudeMeters><Extensions><TPX xmlns="http://www.garmin.com/xmlschemas/ActivityExtension/v2"><Speed>2.14</Speed></TPX></Extensions></Trackpoint><Trackpoint><Time>2026-03-31T16:48:03+00:00</Time><DistanceMeters>1354.1</DistanceMeters><Position><LatitudeDegrees>50.594432</LatitudeDegrees><LongitudeDegrees>3.062503</LongitudeDegrees></Position><AltitudeMeters>50.8</AltitudeMeters><Extensions><TPX xmlns="http://www.garmin.com/xmlschemas/ActivityExtension/v2"><Speed>2.04</Speed></TPX></Extensions></Trackpoint><Trackpoint><Time>2026-03-31T16:48:04+00:00</Time><DistanceMeters>1356.4</DistanceMeters><Position><LatitudeDegrees>50.594408</LatitudeDegrees><LongitudeDegrees>3.062479</LongitudeDegrees></Position><AltitudeMeters>50.8</AltitudeMeters><Extensions><TPX xmlns="http://www.garmin.com/xmlschemas/ActivityExtension/v2"><Speed>2.0</Speed></TPX></Extensions></Trackpoint><Trackpoint><Time>2026-03-31T16:48:05+00:00</Time><DistanceMeters>1358.7</DistanceMeters><Position><LatitudeDegrees>50.594398</LatitudeDegrees><LongitudeDegrees>3.062468</LongitudeDegrees></Position><AltitudeMeters>50.8</AltitudeMeters><Extensions><TPX xmlns="http://www.garmin.com/xmlschemas/ActivityExtension/v2"><Speed>1.96</Speed></TPX></Extensions></Trackpoint><Trackpoint><Time>2026-03-31T16:48:06+00:00</Time><DistanceMeters>1361.2</DistanceMeters><Position><LatitudeDegrees>50.594369</LatitudeDegrees><LongitudeDegrees>3.062445</LongitudeDegrees></Position><AltitudeMeters>50.9</AltitudeMeters><Extensions><TPX xmlns="http://www.garmin.com/xmlschemas/ActivityExtension/v2"><Speed>2.05</Speed></TPX></Extensions></Trackpoint><Trackpoint><Time>2026-03-31T16:48:07+00:00</Time><DistanceMeters>1363.7</DistanceMeters><Position><LatitudeDegrees>50.594357</LatitudeDegrees><LongitudeDegrees>3.062435</LongitudeDegrees></Position><AltitudeMeters>50.9</AltitudeMeters><Extensions><TPX xmlns="http://www.garmin.com/xmlschemas/ActivityExtension/v2"><Speed>2.44</Speed></TPX></Extensions></Trackpoint><Trackpoint><Time>2026-03-31T16:48:08+00:00</Time><DistanceMeters>1366.3</DistanceMeters><Position><LatitudeDegrees>50.594326</LatitudeDegrees><LongitudeDegrees>3.062409</LongitudeDegrees></Position><AltitudeMeters>50.9</AltitudeMeters><Extensions><TPX xmlns="http://www.garmin.com/xmlschemas/ActivityExtension/v2"><Speed>2.43</Speed></TPX></Extensions></Trackpoint><Trackpoint><Time>2026-03-31T16:48:09+00:00</Time><DistanceMeters>1368.8</DistanceMeters><Position><LatitudeDegrees>50.594317</LatitudeDegrees><LongitudeDegrees>3.062401</LongitudeDegrees></Position><AltitudeMeters>50.9</AltitudeMeters><Extensions><TPX xmlns="http://www.garmin.com/xmlschemas/ActivityExtension/v2"><Speed>2.48</Speed></TPX></Extensions></Trackpoint><Trackpoint><Time>2026-03-31T16:48:10+00:00</Time><DistanceMeters>1371.4</DistanceMeters><Position><LatitudeDegrees>50.59429</LatitudeDegrees><LongitudeDegrees>3.062363</LongitudeDegrees></Position><AltitudeMeters>51.0</AltitudeMeters><Extensions><TPX xmlns="http://www.garmin.com/xmlschemas/ActivityExtension/v2"><Speed>2.55</Speed></TPX></Extensions></Trackpoint><Trackpoint><Time>2026-03-31T16:48:11+00:00</Time><DistanceMeters>1374.1</DistanceMeters><Position><LatitudeDegrees>50.594281</LatitudeDegrees><LongitudeDegrees>3.062351</LongitudeDegrees></Position><AltitudeMeters>51.0</AltitudeMeters><Extensions><TPX xmlns="http://www.garmin.com/xmlschemas/ActivityExtension/v2"><Speed>2.58</Speed></TPX></Extensions></Trackpoint><Trackpoint><Time>2026-03-31T16:48:12+00:00</Time><DistanceMeters>1376.6</DistanceMeters><Position><LatitudeDegrees>50.594258</LatitudeDegrees><LongitudeDegrees>3.062316</LongitudeDegrees></Position><AltitudeMeters>51.0</AltitudeMeters><Extensions><TPX xmlns="http://www.garmin.com/xmlschemas/ActivityExtension/v2"><Speed>2.57</Speed></TPX></Extensions></Trackpoint><Trackpoint><Time>2026-03-31T16:48:13+00:00</Time><DistanceMeters>1379.0</DistanceMeters><Position><LatitudeDegrees>50.594248</LatitudeDegrees><LongitudeDegrees>3.062306</LongitudeDegrees></Position><AltitudeMeters>51.0</AltitudeMeters><Extensions><TPX xmlns="http://www.garmin.com/xmlschemas/ActivityExtension/v2"><Speed>2.55</Speed></TPX></Extensions></Trackpoint><Trackpoint><Time>2026-03-31T16:48:14+00:00</Time><DistanceMeters>1381.8</DistanceMeters><Position><LatitudeDegrees>50.594213</LatitudeDegrees><LongitudeDegrees>3.062284</LongitudeDegrees></Position><AltitudeMeters>51.0</AltitudeMeters><Extensions><TPX xmlns="http://www.garmin.com/xmlschemas/ActivityExtension/v2"><Speed>2.6</Speed></TPX></Extensions></Trackpoint><Trackpoint><Time>2026-03-31T16:48:15+00:00</Time><DistanceMeters>1384.6</DistanceMeters><Position><LatitudeDegrees>50.594201</LatitudeDegrees><LongitudeDegrees>3.062281</LongitudeDegrees></Position><AltitudeMeters>51.0</AltitudeMeters><Extensions><TPX xmlns="http://www.garmin.com/xmlschemas/ActivityExtension/v2"><Speed>2.63</Speed></TPX></Extensions></Trackpoint><Trackpoint><Time>2026-03-31T16:48:16+00:00</Time><DistanceMeters>1386.9</DistanceMeters><Position><LatitudeDegrees>50.594177</LatitudeDegrees><LongitudeDegrees>3.062251</LongitudeDegrees></Position><AltitudeMeters>51.0</AltitudeMeters><Extensions><TPX xmlns="http://www.garmin.com/xmlschemas/ActivityExtension/v2"><Speed>2.56</Speed></TPX></Extensions></Trackpoint><Trackpoint><Time>2026-03-31T16:48:17+00:00</Time><DistanceMeters>1389.2</DistanceMeters><Position><LatitudeDegrees>50.594166</LatitudeDegrees><LongitudeDegrees>3.062243</LongitudeDegrees></Position><AltitudeMeters>51.0</AltitudeMeters><Extensions><TPX xmlns="http://www.garmin.com/xmlschemas/ActivityExtension/v2"><Speed>2.53</Speed></TPX></Extensions></Trackpoint><Trackpoint><Time>2026-03-31T16:48:18+00:00</Time><DistanceMeters>1392.1</DistanceMeters><Position><LatitudeDegrees>50.594147</LatitudeDegrees><LongitudeDegrees>3.062191</LongitudeDegrees></Position><AltitudeMeters>51.0</AltitudeMeters><Extensions><TPX xmlns="http://www.garmin.com/xmlschemas/ActivityExtension/v2"><Speed>2.62</Speed></TPX></Extensions></Trackpoint><Trackpoint><Time>2026-03-31T16:48:19+00:00</Time><DistanceMeters>1395.0</DistanceMeters><Position><LatitudeDegrees>50.594138</LatitudeDegrees><LongitudeDegrees>3.062175</LongitudeDegrees></Position><AltitudeMeters>51.0</AltitudeMeters><Extensions><TPX xmlns="http://www.garmin.com/xmlschemas/ActivityExtension/v2"><Speed>2.64</Speed></TPX></Extensions></Trackpoint><Trackpoint><Time>2026-03-31T16:48:20+00:00</Time><DistanceMeters>1397.2</DistanceMeters><Position><LatitudeDegrees>50.594108</LatitudeDegrees><LongitudeDegrees>3.062131</LongitudeDegrees></Position><AltitudeMeters>51.0</AltitudeMeters><Extensions><TPX xmlns="http://www.garmin.com/xmlschemas/ActivityExtension/v2"><Speed>2.52</Speed></TPX></Extensions></Trackpoint><Trackpoint><Time>2026-03-31T16:48:21+00:00</Time><DistanceMeters>1399.4</DistanceMeters><Position><LatitudeDegrees>50.594093</LatitudeDegrees><LongitudeDegrees>3.062112</LongitudeDegrees></Position><AltitudeMeters>51.0</AltitudeMeters><Extensions><TPX xmlns="http://www.garmin.com/xmlschemas/ActivityExtension/v2"><Speed>2.5</Speed></TPX></Extensions></Trackpoint><Trackpoint><Time>2026-03-31T16:48:22+00:00</Time><DistanceMeters>1404.6</DistanceMeters><Position><LatitudeDegrees>50.594072</LatitudeDegrees><LongitudeDegrees>3.062089</LongitudeDegrees></Position><AltitudeMeters>51.0</AltitudeMeters><Extensions><TPX xmlns="http://www.garmin.com/xmlschemas/ActivityExtension/v2"><Speed>3.08</Speed></TPX></Extensions></Trackpoint><Trackpoint><Time>2026-03-31T16:48:23+00:00</Time><DistanceMeters>1406.9</DistanceMeters><Position><LatitudeDegrees>50.594047</LatitudeDegrees><LongitudeDegrees>3.062061</LongitudeDegrees></Position><AltitudeMeters>51.0</AltitudeMeters><Extensions><TPX xmlns="http://www.garmin.com/xmlschemas/ActivityExtension/v2"><Speed>2.95</Speed></TPX></Extensions></Trackpoint><Trackpoint><Time>2026-03-31T16:48:24+00:00</Time><DistanceMeters>1409.1</DistanceMeters><Position><LatitudeDegrees>50.594038</LatitudeDegrees><LongitudeDegrees>3.062055</LongitudeDegrees></Position><AltitudeMeters>51.0</AltitudeMeters><Extensions><TPX xmlns="http://www.garmin.com/xmlschemas/ActivityExtension/v2"><Speed>2.82</Speed></TPX></Extensions></Trackpoint><Trackpoint><Time>2026-03-31T16:48:25+00:00</Time><DistanceMeters>1411.7</DistanceMeters><Position><LatitudeDegrees>50.59401</LatitudeDegrees><LongitudeDegrees>3.062023</LongitudeDegrees></Position><AltitudeMeters>51.0</AltitudeMeters><Extensions><TPX xmlns="http://www.garmin.com/xmlschemas/ActivityExtension/v2"><Speed>2.9</Speed></TPX></Extensions></Trackpoint><Trackpoint><Time>2026-03-31T16:48:26+00:00</Time><DistanceMeters>1414.3</DistanceMeters><Position><LatitudeDegrees>50.594002</LatitudeDegrees><LongitudeDegrees>3.062009</LongitudeDegrees></Position><AltitudeMeters>51.0</AltitudeMeters><Extensions><TPX xmlns="http://www.garmin.com/xmlschemas/ActivityExtension/v2"><Speed>2.98</Speed></TPX></Extensions></Trackpoint><Trackpoint><Time>2026-03-31T16:48:27+00:00</Time><DistanceMeters>1416.6</DistanceMeters><Position><LatitudeDegrees>50.593977</LatitudeDegrees><LongitudeDegrees>3.061981</LongitudeDegrees></Position><AltitudeMeters>51.0</AltitudeMeters><Extensions><TPX xmlns="http://www.garmin.com/xmlschemas/ActivityExtension/v2"><Speed>2.4</Speed></TPX></Extensions></Trackpoint><Trackpoint><Time>2026-03-31T16:48:28+00:00</Time><DistanceMeters>1418.9</DistanceMeters><Position><LatitudeDegrees>50.593969</LatitudeDegrees><LongitudeDegrees>3.061967</LongitudeDegrees></Position><AltitudeMeters>51.0</AltitudeMeters><Extensions><TPX xmlns="http://www.garmin.com/xmlschemas/ActivityExtension/v2"><Speed>2.41</Speed></TPX></Extensions></Trackpoint><Trackpoint><Time>2026-03-31T16:48:29+00:00</Time><DistanceMeters>1422.1</DistanceMeters><Position><LatitudeDegrees>50.593944</LatitudeDegrees><LongitudeDegrees>3.061918</LongitudeDegrees></Position><AltitudeMeters>51.0</AltitudeMeters><Extensions><TPX xmlns="http://www.garmin.com/xmlschemas/ActivityExtension/v2"><Speed>2.59</Speed></TPX></Extensions></Trackpoint><Trackpoint><Time>2026-03-31T16:48:30+00:00</Time><DistanceMeters>1425.2</DistanceMeters><Position><LatitudeDegrees>50.593937</LatitudeDegrees><LongitudeDegrees>3.061896</LongitudeDegrees></Position><AltitudeMeters>51.0</AltitudeMeters><Extensions><TPX xmlns="http://www.garmin.com/xmlschemas/ActivityExtension/v2"><Speed>2.7</Speed></TPX></Extensions></Trackpoint><Trackpoint><Time>2026-03-31T16:48:31+00:00</Time><DistanceMeters>1428.1</DistanceMeters><Position><LatitudeDegrees>50.593908</LatitudeDegrees><LongitudeDegrees>3.061855</LongitudeDegrees></Position><AltitudeMeters>51.0</AltitudeMeters><Extensions><TPX xmlns="http://www.garmin.com/xmlschemas/ActivityExtension/v2"><Speed>2.75</Speed></TPX></Extensions></Trackpoint><Trackpoint><Time>2026-03-31T16:48:32+00:00</Time><DistanceMeters>1430.9</DistanceMeters><Position><LatitudeDegrees>50.593897</LatitudeDegrees><LongitudeDegrees>3.061844</LongitudeDegrees></Position><AltitudeMeters>51.0</AltitudeMeters><Extensions><TPX xmlns="http://www.garmin.com/xmlschemas/ActivityExtension/v2"><Speed>2.86</Speed></TPX></Extensions></Trackpoint><Trackpoint><Time>2026-03-31T16:48:33+00:00</Time><DistanceMeters>1433.4</DistanceMeters><Position><LatitudeDegrees>50.593871</LatitudeDegrees><LongitudeDegrees>3.061809</LongitudeDegrees></Position><AltitudeMeters>51.0</AltitudeMeters><Extensions><TPX xmlns="http://www.garmin.com/xmlschemas/ActivityExtension/v2"><Speed>2.9</Speed></TPX></Extensions></Trackpoint><Trackpoint><Time>2026-03-31T16:48:34+00:00</Time><DistanceMeters>1435.9</DistanceMeters><Position><LatitudeDegrees>50.59386</LatitudeDegrees><LongitudeDegrees>3.061803</LongitudeDegrees></Position><AltitudeMeters>51.0</AltitudeMeters><Extensions><TPX xmlns="http://www.garmin.com/xmlschemas/ActivityExtension/v2"><Speed>2.77</Speed></TPX></Extensions></Trackpoint><Trackpoint><Time>2026-03-31T16:48:35+00:00</Time><DistanceMeters>1438.1</DistanceMeters><Position><LatitudeDegrees>50.59384</LatitudeDegrees><LongitudeDegrees>3.061769</LongitudeDegrees></Position><AltitudeMeters>51.0</AltitudeMeters><Extensions><TPX xmlns="http://www.garmin.com/xmlschemas/ActivityExtension/v2"><Speed>2.58</Speed></TPX></Extensions></Trackpoint><Trackpoint><Time>2026-03-31T16:48:36+00:00</Time><DistanceMeters>1440.3</DistanceMeters><Position><LatitudeDegrees>50.593833</LatitudeDegrees><LongitudeDegrees>3.061758</LongitudeDegrees></Position><AltitudeMeters>51.0</AltitudeMeters><Extensions><TPX xmlns="http://www.garmin.com/xmlschemas/ActivityExtension/v2"><Speed>2.45</Speed></TPX></Extensions></Trackpoint><Trackpoint><Time>2026-03-31T16:48:37+00:00</Time><DistanceMeters>1442.7</DistanceMeters><Position><LatitudeDegrees>50.593817</LatitudeDegrees><LongitudeDegrees>3.061716</LongitudeDegrees></Position><AltitudeMeters>51.0</AltitudeMeters><Extensions><TPX xmlns="http://www.garmin.com/xmlschemas/ActivityExtension/v2"><Speed>2.36</Speed></TPX></Extensions></Trackpoint><Trackpoint><Time>2026-03-31T16:48:38+00:00</Time><DistanceMeters>1445.1</DistanceMeters><Position><LatitudeDegrees>50.593811</LatitudeDegrees><LongitudeDegrees>3.0617</LongitudeDegrees></Position><AltitudeMeters>51.0</AltitudeMeters><Extensions><TPX xmlns="http://www.garmin.com/xmlschemas/ActivityExtension/v2"><Speed>2.34</Speed></TPX></Extensions></Trackpoint><Trackpoint><Time>2026-03-31T16:48:39+00:00</Time><DistanceMeters>1447.6</DistanceMeters><Position><LatitudeDegrees>50.593779</LatitudeDegrees><LongitudeDegrees>3.061681</LongitudeDegrees></Position><AltitudeMeters>51.0</AltitudeMeters><Extensions><TPX xmlns="http://www.garmin.com/xmlschemas/ActivityExtension/v2"><Speed>2.33</Speed></TPX></Extensions></Trackpoint><Trackpoint><Time>2026-03-31T16:48:40+00:00</Time><DistanceMeters>1450.0</DistanceMeters><Position><LatitudeDegrees>50.59377</LatitudeDegrees><LongitudeDegrees>3.061674</LongitudeDegrees></Position><AltitudeMeters>51.0</AltitudeMeters><Extensions><TPX xmlns="http://www.garmin.com/xmlschemas/ActivityExtension/v2"><Speed>2.38</Speed></TPX></Extensions></Trackpoint><Trackpoint><Time>2026-03-31T16:48:41+00:00</Time><DistanceMeters>1452.7</DistanceMeters><Position><LatitudeDegrees>50.593738</LatitudeDegrees><LongitudeDegrees>3.061649</LongitudeDegrees></Position><AltitudeMeters>51.0</AltitudeMeters><Extensions><TPX xmlns="http://www.garmin.com/xmlschemas/ActivityExtension/v2"><Speed>2.47</Speed></TPX></Extensions></Trackpoint><Trackpoint><Time>2026-03-31T16:48:42+00:00</Time><DistanceMeters>1455.3</DistanceMeters><Position><LatitudeDegrees>50.593728</LatitudeDegrees><LongitudeDegrees>3.061637</LongitudeDegrees></Position><AltitudeMeters>51.0</AltitudeMeters><Extensions><TPX xmlns="http://www.garmin.com/xmlschemas/ActivityExtension/v2"><Speed>2.52</Speed></TPX></Extensions></Trackpoint><Trackpoint><Time>2026-03-31T16:48:43+00:00</Time><DistanceMeters>1457.8</DistanceMeters><Position><LatitudeDegrees>50.5937</LatitudeDegrees><LongitudeDegrees>3.061611</LongitudeDegrees></Position><AltitudeMeters>51.0</AltitudeMeters><Extensions><TPX xmlns="http://www.garmin.com/xmlschemas/ActivityExtension/v2"><Speed>2.53</Speed></TPX></Extensions></Trackpoint><Trackpoint><Time>2026-03-31T16:48:44+00:00</Time><DistanceMeters>1460.2</DistanceMeters><Position><LatitudeDegrees>50.593689</LatitudeDegrees><LongitudeDegrees>3.061608</LongitudeDegrees></Position><AltitudeMeters>51.0</AltitudeMeters><Extensions><TPX xmlns="http://www.garmin.com/xmlschemas/ActivityExtension/v2"><Speed>2.53</Speed></TPX></Extensions></Trackpoint><Trackpoint><Time>2026-03-31T16:48:45+00:00</Time><DistanceMeters>1462.7</DistanceMeters><Position><LatitudeDegrees>50.593658</LatitudeDegrees><LongitudeDegrees>3.06159</LongitudeDegrees></Position><AltitudeMeters>51.0</AltitudeMeters><Extensions><TPX xmlns="http://www.garmin.com/xmlschemas/ActivityExtension/v2"><Speed>2.54</Speed></TPX></Extensions></Trackpoint><Trackpoint><Time>2026-03-31T16:48:46+00:00</Time><DistanceMeters>1465.2</DistanceMeters><Position><LatitudeDegrees>50.593646</LatitudeDegrees><LongitudeDegrees>3.061583</LongitudeDegrees></Position><AltitudeMeters>51.0</AltitudeMeters><Extensions><TPX xmlns="http://www.garmin.com/xmlschemas/ActivityExtension/v2"><Speed>2.51</Speed></TPX></Extensions></Trackpoint><Trackpoint><Time>2026-03-31T16:48:47+00:00</Time><DistanceMeters>1467.3</DistanceMeters><Position><LatitudeDegrees>50.593622</LatitudeDegrees><LongitudeDegrees>3.061565</LongitudeDegrees></Position><AltitudeMeters>51.0</AltitudeMeters><Extensions><TPX xmlns="http://www.garmin.com/xmlschemas/ActivityExtension/v2"><Speed>2.39</Speed></TPX></Extensions></Trackpoint><Trackpoint><Time>2026-03-31T16:48:48+00:00</Time><DistanceMeters>1469.3</DistanceMeters><Position><LatitudeDegrees>50.593612</LatitudeDegrees><LongitudeDegrees>3.061565</LongitudeDegrees></Position><AltitudeMeters>51.0</AltitudeMeters><Extensions><TPX xmlns="http://www.garmin.com/xmlschemas/ActivityExtension/v2"><Speed>2.31</Speed></TPX></Extensions></Trackpoint><Trackpoint><Time>2026-03-31T16:48:49+00:00</Time><DistanceMeters>1471.8</DistanceMeters><Position><LatitudeDegrees>50.593581</LatitudeDegrees><LongitudeDegrees>3.061544</LongitudeDegrees></Position><AltitudeMeters>51.0</AltitudeMeters><Extensions><TPX xmlns="http://www.garmin.com/xmlschemas/ActivityExtension/v2"><Speed>2.31</Speed></TPX></Extensions></Trackpoint><Trackpoint><Time>2026-03-31T16:48:50+00:00</Time><DistanceMeters>1474.2</DistanceMeters><Position><LatitudeDegrees>50.593572</LatitudeDegrees><LongitudeDegrees>3.061534</LongitudeDegrees></Position><AltitudeMeters>51.0</AltitudeMeters><Extensions><TPX xmlns="http://www.garmin.com/xmlschemas/ActivityExtension/v2"><Speed>2.3</Speed></TPX></Extensions></Trackpoint><Trackpoint><Time>2026-03-31T16:48:51+00:00</Time><DistanceMeters>1476.6</DistanceMeters><Position><LatitudeDegrees>50.593551</LatitudeDegrees><LongitudeDegrees>3.061496</LongitudeDegrees></Position><AltitudeMeters>51.0</AltitudeMeters><Extensions><TPX xmlns="http://www.garmin.com/xmlschemas/ActivityExtension/v2"><Speed>2.27</Speed></TPX></Extensions></Trackpoint><Trackpoint><Time>2026-03-31T16:48:52+00:00</Time><DistanceMeters>1478.9</DistanceMeters><Position><LatitudeDegrees>50.593541</LatitudeDegrees><LongitudeDegrees>3.061489</LongitudeDegrees></Position><AltitudeMeters>50.9</AltitudeMeters><Extensions><TPX xmlns="http://www.garmin.com/xmlschemas/ActivityExtension/v2"><Speed>2.33</Speed></TPX></Extensions></Trackpoint><Trackpoint><Time>2026-03-31T16:48:53+00:00</Time><DistanceMeters>1482.2</DistanceMeters><Position><LatitudeDegrees>50.59353</LatitudeDegrees><LongitudeDegrees>3.061446</LongitudeDegrees></Position><AltitudeMeters>50.9</AltitudeMeters><Extensions><TPX xmlns="http://www.garmin.com/xmlschemas/ActivityExtension/v2"><Speed>2.58</Speed></TPX></Extensions></Trackpoint><Trackpoint><Time>2026-03-31T16:48:54+00:00</Time><DistanceMeters>1484.6</DistanceMeters><Position><LatitudeDegrees>50.593515</LatitudeDegrees><LongitudeDegrees>3.061404</LongitudeDegrees></Position><AltitudeMeters>50.9</AltitudeMeters><Extensions><TPX xmlns="http://www.garmin.com/xmlschemas/ActivityExtension/v2"><Speed>2.56</Speed></TPX></Extensions></Trackpoint><Trackpoint><Time>2026-03-31T16:48:55+00:00</Time><DistanceMeters>1486.9</DistanceMeters><Position><LatitudeDegrees>50.593509</LatitudeDegrees><LongitudeDegrees>3.061389</LongitudeDegrees></Position><AltitudeMeters>50.9</AltitudeMeters><Extensions><TPX xmlns="http://www.garmin.com/xmlschemas/ActivityExtension/v2"><Speed>2.54</Speed></TPX></Extensions></Trackpoint><Trackpoint><Time>2026-03-31T16:48:56+00:00</Time><DistanceMeters>1491.2</DistanceMeters><Position><LatitudeDegrees>50.5935</LatitudeDegrees><LongitudeDegrees>3.06133</LongitudeDegrees></Position><AltitudeMeters>50.8</AltitudeMeters><Extensions><TPX xmlns="http://www.garmin.com/xmlschemas/ActivityExtension/v2"><Speed>2.93</Speed></TPX></Extensions></Trackpoint><Trackpoint><Time>2026-03-31T16:48:57+00:00</Time><DistanceMeters>1493.5</DistanceMeters><Position><LatitudeDegrees>50.59349</LatitudeDegrees><LongitudeDegrees>3.061279</LongitudeDegrees></Position><AltitudeMeters>50.8</AltitudeMeters><Extensions><TPX xmlns="http://www.garmin.com/xmlschemas/ActivityExtension/v2"><Speed>2.92</Speed></TPX></Extensions></Trackpoint><Trackpoint><Time>2026-03-31T16:48:58+00:00</Time><DistanceMeters>1495.8</DistanceMeters><Position><LatitudeDegrees>50.593486</LatitudeDegrees><LongitudeDegrees>3.061268</LongitudeDegrees></Position><AltitudeMeters>50.8</AltitudeMeters><Extensions><TPX xmlns="http://www.garmin.com/xmlschemas/ActivityExtension/v2"><Speed>2.72</Speed></TPX></Extensions></Trackpoint><Trackpoint><Time>2026-03-31T16:48:59+00:00</Time><DistanceMeters>1499.5</DistanceMeters><Position><LatitudeDegrees>50.593471</LatitudeDegrees><LongitudeDegrees>3.061222</LongitudeDegrees></Position><AltitudeMeters>50.8</AltitudeMeters><Extensions><TPX xmlns="http://www.garmin.com/xmlschemas/ActivityExtension/v2"><Speed>2.99</Speed></TPX></Extensions></Trackpoint><Trackpoint><Time>2026-03-31T16:49:00+00:00</Time><DistanceMeters>1502.5</DistanceMeters><Position><LatitudeDegrees>50.59346</LatitudeDegrees><LongitudeDegrees>3.061162</LongitudeDegrees></Position><AltitudeMeters>50.7</AltitudeMeters><Extensions><TPX xmlns="http://www.garmin.com/xmlschemas/ActivityExtension/v2"><Speed>3.11</Speed></TPX></Extensions></Trackpoint><Trackpoint><Time>2026-03-31T16:49:01+00:00</Time><DistanceMeters>1505.4</DistanceMeters><Position><LatitudeDegrees>50.593455</LatitudeDegrees><LongitudeDegrees>3.061142</LongitudeDegrees></Position><AltitudeMeters>50.7</AltitudeMeters><Extensions><TPX xmlns="http://www.garmin.com/xmlschemas/ActivityExtension/v2"><Speed>2.84</Speed></TPX></Extensions></Trackpoint><Trackpoint><Time>2026-03-31T16:49:02+00:00</Time><DistanceMeters>1508.8</DistanceMeters><Position><LatitudeDegrees>50.593448</LatitudeDegrees><LongitudeDegrees>3.061096</LongitudeDegrees></Position><AltitudeMeters>50.7</AltitudeMeters><Extensions><TPX xmlns="http://www.garmin.com/xmlschemas/ActivityExtension/v2"><Speed>3.06</Speed></TPX></Extensions></Trackpoint><Trackpoint><Time>2026-03-31T16:49:03+00:00</Time><DistanceMeters>1511.6</DistanceMeters><Position><LatitudeDegrees>50.59344</LatitudeDegrees><LongitudeDegrees>3.061039</LongitudeDegrees></Position><AltitudeMeters>50.7</AltitudeMeters><Extensions><TPX xmlns="http://www.garmin.com/xmlschemas/ActivityExtension/v2"><Speed>3.15</Speed></TPX></Extensions></Trackpoint><Trackpoint><Time>2026-03-31T16:49:04+00:00</Time><DistanceMeters>1514.3</DistanceMeters><Position><LatitudeDegrees>50.593439</LatitudeDegrees><LongitudeDegrees>3.06102</LongitudeDegrees></Position><AltitudeMeters>50.7</AltitudeMeters><Extensions><TPX xmlns="http://www.garmin.com/xmlschemas/ActivityExtension/v2"><Speed>2.96</Speed></TPX></Extensions></Trackpoint><Trackpoint><Time>2026-03-31T16:49:05+00:00</Time><DistanceMeters>1517.3</DistanceMeters><Position><LatitudeDegrees>50.593434</LatitudeDegrees><LongitudeDegrees>3.060977</LongitudeDegrees></Position><AltitudeMeters>50.6</AltitudeMeters><Extensions><TPX xmlns="http://www.garmin.com/xmlschemas/ActivityExtension/v2"><Speed>2.97</Speed></TPX></Extensions></Trackpoint><Trackpoint><Time>2026-03-31T16:49:06+00:00</Time><DistanceMeters>1520.8</DistanceMeters><Position><LatitudeDegrees>50.593431</LatitudeDegrees><LongitudeDegrees>3.060928</LongitudeDegrees></Position><AltitudeMeters>50.6</AltitudeMeters><Extensions><TPX xmlns="http://www.garmin.com/xmlschemas/ActivityExtension/v2"><Speed>3.08</Speed></TPX></Extensions></Trackpoint><Trackpoint><Time>2026-03-31T16:49:07+00:00</Time><DistanceMeters>1522.9</DistanceMeters><Position><LatitudeDegrees>50.593423</LatitudeDegrees><LongitudeDegrees>3.060884</LongitudeDegrees></Position><AltitudeMeters>50.6</AltitudeMeters><Extensions><TPX xmlns="http://www.garmin.com/xmlschemas/ActivityExtension/v2"><Speed>2.81</Speed></TPX></Extensions></Trackpoint><Trackpoint><Time>2026-03-31T16:49:08+00:00</Time><DistanceMeters>1524.9</DistanceMeters><Position><LatitudeDegrees>50.593421</LatitudeDegrees><LongitudeDegrees>3.060873</LongitudeDegrees></Position><AltitudeMeters>50.6</AltitudeMeters><Extensions><TPX xmlns="http://www.garmin.com/xmlschemas/ActivityExtension/v2"><Speed>2.67</Speed></TPX></Extensions></Trackpoint><Trackpoint><Time>2026-03-31T16:49:09+00:00</Time><DistanceMeters>1528.0</DistanceMeters><Position><LatitudeDegrees>50.593411</LatitudeDegrees><LongitudeDegrees>3.060832</LongitudeDegrees></Position><AltitudeMeters>50.6</AltitudeMeters><Extensions><TPX xmlns="http://www.garmin.com/xmlschemas/ActivityExtension/v2"><Speed>2.74</Speed></TPX></Extensions></Trackpoint><Trackpoint><Time>2026-03-31T16:49:10+00:00</Time><DistanceMeters>1530.2</DistanceMeters><Position><LatitudeDegrees>50.59341</LatitudeDegrees><LongitudeDegrees>3.060782</LongitudeDegrees></Position><AltitudeMeters>50.6</AltitudeMeters><Extensions><TPX xmlns="http://www.garmin.com/xmlschemas/ActivityExtension/v2"><Speed>2.58</Speed></TPX></Extensions></Trackpoint><Trackpoint><Time>2026-03-31T16:49:11+00:00</Time><DistanceMeters>1532.4</DistanceMeters><Position><LatitudeDegrees>50.593412</LatitudeDegrees><LongitudeDegrees>3.060769</LongitudeDegrees></Position><AltitudeMeters>50.6</AltitudeMeters><Extensions><TPX xmlns="http://www.garmin.com/xmlschemas/ActivityExtension/v2"><Speed>2.32</Speed></TPX></Extensions></Trackpoint><Trackpoint><Time>2026-03-31T16:49:12+00:00</Time><DistanceMeters>1535.1</DistanceMeters><Position><LatitudeDegrees>50.593391</LatitudeDegrees><LongitudeDegrees>3.060723</LongitudeDegrees></Position><AltitudeMeters>50.6</AltitudeMeters><Extensions><TPX xmlns="http://www.garmin.com/xmlschemas/ActivityExtension/v2"><Speed>2.45</Speed></TPX></Extensions></Trackpoint><Trackpoint><Time>2026-03-31T16:49:13+00:00</Time><DistanceMeters>1537.8</DistanceMeters><Position><LatitudeDegrees>50.593387</LatitudeDegrees><LongitudeDegrees>3.060706</LongitudeDegrees></Position><AltitudeMeters>50.6</AltitudeMeters><Extensions><TPX xmlns="http://www.garmin.com/xmlschemas/ActivityExtension/v2"><Speed>2.58</Speed></TPX></Extensions></Trackpoint><Trackpoint><Time>2026-03-31T16:49:14+00:00</Time><DistanceMeters>1540.2</DistanceMeters><Position><LatitudeDegrees>50.59338</LatitudeDegrees><LongitudeDegrees>3.060655</LongitudeDegrees></Position><AltitudeMeters>50.6</AltitudeMeters><Extensions><TPX xmlns="http://www.garmin.com/xmlschemas/ActivityExtension/v2"><Speed>2.44</Speed></TPX></Extensions></Trackpoint><Trackpoint><Time>2026-03-31T16:49:15+00:00</Time><DistanceMeters>1542.6</DistanceMeters><Position><LatitudeDegrees>50.593378</LatitudeDegrees><LongitudeDegrees>3.060639</LongitudeDegrees></Position><AltitudeMeters>50.5</AltitudeMeters><Extensions><TPX xmlns="http://www.garmin.com/xmlschemas/ActivityExtension/v2"><Speed>2.48</Speed></TPX></Extensions></Trackpoint><Trackpoint><Time>2026-03-31T16:49:16+00:00</Time><DistanceMeters>1545.1</DistanceMeters><Position><LatitudeDegrees>50.593362</LatitudeDegrees><LongitudeDegrees>3.060593</LongitudeDegrees></Position><AltitudeMeters>50.5</AltitudeMeters><Extensions><TPX xmlns="http://www.garmin.com/xmlschemas/ActivityExtension/v2"><Speed>2.54</Speed></TPX></Extensions></Trackpoint><Trackpoint><Time>2026-03-31T16:49:17+00:00</Time><DistanceMeters>1547.6</DistanceMeters><Position><LatitudeDegrees>50.593359</LatitudeDegrees><LongitudeDegrees>3.060574</LongitudeDegrees></Position><AltitudeMeters>50.5</AltitudeMeters><Extensions><TPX xmlns="http://www.garmin.com/xmlschemas/ActivityExtension/v2"><Speed>2.5</Speed></TPX></Extensions></Trackpoint><Trackpoint><Time>2026-03-31T16:49:18+00:00</Time><DistanceMeters>1550.7</DistanceMeters><Position><LatitudeDegrees>50.593354</LatitudeDegrees><LongitudeDegrees>3.060532</LongitudeDegrees></Position><AltitudeMeters>50.5</AltitudeMeters><Extensions><TPX xmlns="http://www.garmin.com/xmlschemas/ActivityExtension/v2"><Speed>2.58</Speed></TPX></Extensions></Trackpoint><Trackpoint><Time>2026-03-31T16:49:19+00:00</Time><DistanceMeters>1553.8</DistanceMeters><Position><LatitudeDegrees>50.593356</LatitudeDegrees><LongitudeDegrees>3.060488</LongitudeDegrees></Position><AltitudeMeters>50.5</AltitudeMeters><Extensions><TPX xmlns="http://www.garmin.com/xmlschemas/ActivityExtension/v2"><Speed>2.72</Speed></TPX></Extensions></Trackpoint><Trackpoint><Time>2026-03-31T16:49:20+00:00</Time><DistanceMeters>1556.2</DistanceMeters><Position><LatitudeDegrees>50.593347</LatitudeDegrees><LongitudeDegrees>3.060441</LongitudeDegrees></Position><AltitudeMeters>50.5</AltitudeMeters><Extensions><TPX xmlns="http://www.garmin.com/xmlschemas/ActivityExtension/v2"><Speed>2.71</Speed></TPX></Extensions></Trackpoint><Trackpoint><Time>2026-03-31T16:49:21+00:00</Time><DistanceMeters>1558.5</DistanceMeters><Position><LatitudeDegrees>50.593343</LatitudeDegrees><LongitudeDegrees>3.060425</LongitudeDegrees></Position><AltitudeMeters>50.5</AltitudeMeters><Extensions><TPX xmlns="http://www.garmin.com/xmlschemas/ActivityExtension/v2"><Speed>2.68</Speed></TPX></Extensions></Trackpoint><Trackpoint><Time>2026-03-31T16:49:22+00:00</Time><DistanceMeters>1561.2</DistanceMeters><Position><LatitudeDegrees>50.593334</LatitudeDegrees><LongitudeDegrees>3.060369</LongitudeDegrees></Position><AltitudeMeters>50.5</AltitudeMeters><Extensions><TPX xmlns="http://www.garmin.com/xmlschemas/ActivityExtension/v2"><Speed>2.71</Speed></TPX></Extensions></Trackpoint><Trackpoint><Time>2026-03-31T16:49:23+00:00</Time><DistanceMeters>1563.8</DistanceMeters><Position><LatitudeDegrees>50.593331</LatitudeDegrees><LongitudeDegrees>3.060353</LongitudeDegrees></Position><AltitudeMeters>50.5</AltitudeMeters><Extensions><TPX xmlns="http://www.garmin.com/xmlschemas/ActivityExtension/v2"><Speed>2.62</Speed></TPX></Extensions></Trackpoint><Trackpoint><Time>2026-03-31T16:49:24+00:00</Time><DistanceMeters>1566.0</DistanceMeters><Position><LatitudeDegrees>50.593325</LatitudeDegrees><LongitudeDegrees>3.060304</LongitudeDegrees></Position><AltitudeMeters>50.5</AltitudeMeters><Extensions><TPX xmlns="http://www.garmin.com/xmlschemas/ActivityExtension/v2"><Speed>2.44</Speed></TPX></Extensions></Trackpoint><Trackpoint><Time>2026-03-31T16:49:25+00:00</Time><DistanceMeters>1568.2</DistanceMeters><Position><LatitudeDegrees>50.593321</LatitudeDegrees><LongitudeDegrees>3.060292</LongitudeDegrees></Position><AltitudeMeters>50.5</AltitudeMeters><Extensions><TPX xmlns="http://www.garmin.com/xmlschemas/ActivityExtension/v2"><Speed>2.41</Speed></TPX></Extensions></Trackpoint><Trackpoint><Time>2026-03-31T16:49:26+00:00</Time><DistanceMeters>1571.2</DistanceMeters><Position><LatitudeDegrees>50.593308</LatitudeDegrees><LongitudeDegrees>3.060233</LongitudeDegrees></Position><AltitudeMeters>50.5</AltitudeMeters><Extensions><TPX xmlns="http://www.garmin.com/xmlschemas/ActivityExtension/v2"><Speed>2.54</Speed></TPX></Extensions></Trackpoint><Trackpoint><Time>2026-03-31T16:49:27+00:00</Time><DistanceMeters>1574.2</DistanceMeters><Position><LatitudeDegrees>50.593302</LatitudeDegrees><LongitudeDegrees>3.060213</LongitudeDegrees></Position><AltitudeMeters>50.5</AltitudeMeters><Extensions><TPX xmlns="http://www.garmin.com/xmlschemas/ActivityExtension/v2"><Speed>2.61</Speed></TPX></Extensions></Trackpoint><Trackpoint><Time>2026-03-31T16:49:28+00:00</Time><DistanceMeters>1577.1</DistanceMeters><Position><LatitudeDegrees>50.593289</LatitudeDegrees><LongitudeDegrees>3.060157</LongitudeDegrees></Position><AltitudeMeters>50.4</AltitudeMeters><Extensions><TPX xmlns="http://www.garmin.com/xmlschemas/ActivityExtension/v2"><Speed>2.65</Speed></TPX></Extensions></Trackpoint><Trackpoint><Time>2026-03-31T16:49:29+00:00</Time><DistanceMeters>1579.9</DistanceMeters><Position><LatitudeDegrees>50.593285</LatitudeDegrees><LongitudeDegrees>3.060137</LongitudeDegrees></Position><AltitudeMeters>50.4</AltitudeMeters><Extensions><TPX xmlns="http://www.garmin.com/xmlschemas/ActivityExtension/v2"><Speed>2.78</Speed></TPX></Extensions></Trackpoint><Trackpoint><Time>2026-03-31T16:49:30+00:00</Time><DistanceMeters>1582.6</DistanceMeters><Position><LatitudeDegrees>50.593277</LatitudeDegrees><LongitudeDegrees>3.060084</LongitudeDegrees></Position><AltitudeMeters>50.3</AltitudeMeters><Extensions><TPX xmlns="http://www.garmin.com/xmlschemas/ActivityExtension/v2"><Speed>2.88</Speed></TPX></Extensions></Trackpoint><Trackpoint><Time>2026-03-31T16:49:31+00:00</Time><DistanceMeters>1585.3</DistanceMeters><Position><LatitudeDegrees>50.593275</LatitudeDegrees><LongitudeDegrees>3.060062</LongitudeDegrees></Position><AltitudeMeters>50.3</AltitudeMeters><Extensions><TPX xmlns="http://www.garmin.com/xmlschemas/ActivityExtension/v2"><Speed>2.82</Speed></TPX></Extensions></Trackpoint><Trackpoint><Time>2026-03-31T16:49:32+00:00</Time><DistanceMeters>1588.4</DistanceMeters><Position><LatitudeDegrees>50.593273</LatitudeDegrees><LongitudeDegrees>3.059998</LongitudeDegrees></Position><AltitudeMeters>50.2</AltitudeMeters><Extensions><TPX xmlns="http://www.garmin.com/xmlschemas/ActivityExtension/v2"><Speed>2.84</Speed></TPX></Extensions></Trackpoint><Trackpoint><Time>2026-03-31T16:49:33+00:00</Time><DistanceMeters>1591.5</DistanceMeters><Position><LatitudeDegrees>50.593273</LatitudeDegrees><LongitudeDegrees>3.059975</LongitudeDegrees></Position><AltitudeMeters>50.2</AltitudeMeters><Extensions><TPX xmlns="http://www.garmin.com/xmlschemas/ActivityExtension/v2"><Speed>2.89</Speed></TPX></Extensions></Trackpoint><Trackpoint><Time>2026-03-31T16:49:34+00:00</Time><DistanceMeters>1593.9</DistanceMeters><Position><LatitudeDegrees>50.59326</LatitudeDegrees><LongitudeDegrees>3.059926</LongitudeDegrees></Position><AltitudeMeters>50.1</AltitudeMeters><Extensions><TPX xmlns="http://www.garmin.com/xmlschemas/ActivityExtension/v2"><Speed>2.79</Speed></TPX></Extensions></Trackpoint><Trackpoint><Time>2026-03-31T16:49:35+00:00</Time><DistanceMeters>1596.2</DistanceMeters><Position><LatitudeDegrees>50.593254</LatitudeDegrees><LongitudeDegrees>3.059915</LongitudeDegrees></Position><AltitudeMeters>50.1</AltitudeMeters><Extensions><TPX xmlns="http://www.garmin.com/xmlschemas/ActivityExtension/v2"><Speed>2.72</Speed></TPX></Extensions></Trackpoint><Trackpoint><Time>2026-03-31T16:49:36+00:00</Time><DistanceMeters>1598.8</DistanceMeters><Position><LatitudeDegrees>50.593239</LatitudeDegrees><LongitudeDegrees>3.059871</LongitudeDegrees></Position><AltitudeMeters>50.0</AltitudeMeters><Extensions><TPX xmlns="http://www.garmin.com/xmlschemas/ActivityExtension/v2"><Speed>2.69</Speed></TPX></Extensions></Trackpoint><Trackpoint><Time>2026-03-31T16:49:37+00:00</Time><DistanceMeters>1601.3</DistanceMeters><Position><LatitudeDegrees>50.593233</LatitudeDegrees><LongitudeDegrees>3.059852</LongitudeDegrees></Position><AltitudeMeters>49.9</AltitudeMeters><Extensions><TPX xmlns="http://www.garmin.com/xmlschemas/ActivityExtension/v2"><Speed>2.58</Speed></TPX></Extensions></Trackpoint><Trackpoint><Time>2026-03-31T16:49:38+00:00</Time><DistanceMeters>1603.9</DistanceMeters><Position><LatitudeDegrees>50.59322</LatitudeDegrees><LongitudeDegrees>3.059803</LongitudeDegrees></Position><AltitudeMeters>49.8</AltitudeMeters><Extensions><TPX xmlns="http://www.garmin.com/xmlschemas/ActivityExtension/v2"><Speed>2.48</Speed></TPX></Extensions></Trackpoint><Trackpoint><Time>2026-03-31T16:49:39+00:00</Time><DistanceMeters>1606.5</DistanceMeters><Position><LatitudeDegrees>50.593216</LatitudeDegrees><LongitudeDegrees>3.059783</LongitudeDegrees></Position><AltitudeMeters>49.8</AltitudeMeters><Extensions><TPX xmlns="http://www.garmin.com/xmlschemas/ActivityExtension/v2"><Speed>2.53</Speed></TPX></Extensions></Trackpoint><Trackpoint><Time>2026-03-31T16:49:40+00:00</Time><DistanceMeters>1609.6</DistanceMeters><Position><LatitudeDegrees>50.593208</LatitudeDegrees><LongitudeDegrees>3.059742</LongitudeDegrees></Position><AltitudeMeters>49.7</AltitudeMeters><Extensions><TPX xmlns="http://www.garmin.com/xmlschemas/ActivityExtension/v2"><Speed>2.68</Speed></TPX></Extensions></Trackpoint><Trackpoint><Time>2026-03-31T16:49:41+00:00</Time><DistanceMeters>1612.4</DistanceMeters><Position><LatitudeDegrees>50.593194</LatitudeDegrees><LongitudeDegrees>3.059688</LongitudeDegrees></Position><AltitudeMeters>49.6</AltitudeMeters><Extensions><TPX xmlns="http://www.garmin.com/xmlschemas/ActivityExtension/v2"><Speed>2.72</Speed></TPX></Extensions></Trackpoint><Trackpoint><Time>2026-03-31T16:49:42+00:00</Time><DistanceMeters>1615.1</DistanceMeters><Position><LatitudeDegrees>50.593188</LatitudeDegrees><LongitudeDegrees>3.059671</LongitudeDegrees></Position><AltitudeMeters>49.5</AltitudeMeters><Extensions><TPX xmlns="http://www.garmin.com/xmlschemas/ActivityExtension/v2"><Speed>2.76</Speed></TPX></Extensions></Trackpoint><Trackpoint><Time>2026-03-31T16:49:43+00:00</Time><DistanceMeters>1617.7</DistanceMeters><Position><LatitudeDegrees>50.593164</LatitudeDegrees><LongitudeDegrees>3.05963</LongitudeDegrees></Position><AltitudeMeters>49.5</AltitudeMeters><Extensions><TPX xmlns="http://www.garmin.com/xmlschemas/ActivityExtension/v2"><Speed>2.75</Speed></TPX></Extensions></Trackpoint><Trackpoint><Time>2026-03-31T16:49:44+00:00</Time><DistanceMeters>1620.2</DistanceMeters><Position><LatitudeDegrees>50.593155</LatitudeDegrees><LongitudeDegrees>3.059619</LongitudeDegrees></Position><AltitudeMeters>49.5</AltitudeMeters><Extensions><TPX xmlns="http://www.garmin.com/xmlschemas/ActivityExtension/v2"><Speed>2.74</Speed></TPX></Extensions></Trackpoint><Trackpoint><Time>2026-03-31T16:49:45+00:00</Time><DistanceMeters>1623.2</DistanceMeters><Position><LatitudeDegrees>50.593128</LatitudeDegrees><LongitudeDegrees>3.059619</LongitudeDegrees></Position><AltitudeMeters>49.5</AltitudeMeters><Extensions><TPX xmlns="http://www.garmin.com/xmlschemas/ActivityExtension/v2"><Speed>2.72</Speed></TPX></Extensions></Trackpoint><Trackpoint><Time>2026-03-31T16:49:46+00:00</Time><DistanceMeters>1625.8</DistanceMeters><Position><LatitudeDegrees>50.593096</LatitudeDegrees><LongitudeDegrees>3.059613</LongitudeDegrees></Position><AltitudeMeters>49.4</AltitudeMeters><Extensions><TPX xmlns="http://www.garmin.com/xmlschemas/ActivityExtension/v2"><Speed>2.69</Speed></TPX></Extensions></Trackpoint><Trackpoint><Time>2026-03-31T16:49:47+00:00</Time><DistanceMeters>1628.4</DistanceMeters><Position><LatitudeDegrees>50.593082</LatitudeDegrees><LongitudeDegrees>3.059608</LongitudeDegrees></Position><AltitudeMeters>49.4</AltitudeMeters><Extensions><TPX xmlns="http://www.garmin.com/xmlschemas/ActivityExtension/v2"><Speed>2.66</Speed></TPX></Extensions></Trackpoint><Trackpoint><Time>2026-03-31T16:49:48+00:00</Time><DistanceMeters>1630.8</DistanceMeters><Position><LatitudeDegrees>50.593055</LatitudeDegrees><LongitudeDegrees>3.059627</LongitudeDegrees></Position><AltitudeMeters>49.4</AltitudeMeters><Extensions><TPX xmlns="http://www.garmin.com/xmlschemas/ActivityExtension/v2"><Speed>2.62</Speed></TPX></Extensions></Trackpoint><Trackpoint><Time>2026-03-31T16:49:49+00:00</Time><DistanceMeters>1633.1</DistanceMeters><Position><LatitudeDegrees>50.593045</LatitudeDegrees><LongitudeDegrees>3.059638</LongitudeDegrees></Position><AltitudeMeters>49.4</AltitudeMeters><Extensions><TPX xmlns="http://www.garmin.com/xmlschemas/ActivityExtension/v2"><Speed>2.58</Speed></TPX></Extensions></Trackpoint><Trackpoint><Time>2026-03-31T16:49:50+00:00</Time><DistanceMeters>1636.1</DistanceMeters><Position><LatitudeDegrees>50.593022</LatitudeDegrees><LongitudeDegrees>3.059659</LongitudeDegrees></Position><AltitudeMeters>49.4</AltitudeMeters><Extensions><TPX xmlns="http://www.garmin.com/xmlschemas/ActivityExtension/v2"><Speed>2.58</Speed></TPX></Extensions></Trackpoint><Trackpoint><Time>2026-03-31T16:49:51+00:00</Time><DistanceMeters>1638.3</DistanceMeters><Position><LatitudeDegrees>50.592995</LatitudeDegrees><LongitudeDegrees>3.059653</LongitudeDegrees></Position><AltitudeMeters>49.4</AltitudeMeters><Extensions><TPX xmlns="http://www.garmin.com/xmlschemas/ActivityExtension/v2"><Speed>2.49</Speed></TPX></Extensions></Trackpoint><Trackpoint><Time>2026-03-31T16:49:52+00:00</Time><DistanceMeters>1640.4</DistanceMeters><Position><LatitudeDegrees>50.592984</LatitudeDegrees><LongitudeDegrees>3.059651</LongitudeDegrees></Position><AltitudeMeters>49.4</AltitudeMeters><Extensions><TPX xmlns="http://www.garmin.com/xmlschemas/ActivityExtension/v2"><Speed>2.4</Speed></TPX></Extensions></Trackpoint><Trackpoint><Time>2026-03-31T16:49:53+00:00</Time><DistanceMeters>1642.9</DistanceMeters><Position><LatitudeDegrees>50.592954</LatitudeDegrees><LongitudeDegrees>3.059659</LongitudeDegrees></Position><AltitudeMeters>49.4</AltitudeMeters><Extensions><TPX xmlns="http://www.garmin.com/xmlschemas/ActivityExtension/v2"><Speed>2.43</Speed></TPX></Extensions></Trackpoint><Trackpoint><Time>2026-03-31T16:49:54+00:00</Time><DistanceMeters>1645.4</DistanceMeters><Position><LatitudeDegrees>50.59294</LatitudeDegrees><LongitudeDegrees>3.059668</LongitudeDegrees></Position><AltitudeMeters>49.4</AltitudeMeters><Extensions><TPX xmlns="http://www.garmin.com/xmlschemas/ActivityExtension/v2"><Speed>2.46</Speed></TPX></Extensions></Trackpoint><Trackpoint><Time>2026-03-31T16:49:55+00:00</Time><DistanceMeters>1647.5</DistanceMeters><Position><LatitudeDegrees>50.592918</LatitudeDegrees><LongitudeDegrees>3.0597</LongitudeDegrees></Position><AltitudeMeters>49.4</AltitudeMeters><Extensions><TPX xmlns="http://www.garmin.com/xmlschemas/ActivityExtension/v2"><Speed>2.27</Speed></TPX></Extensions></Trackpoint><Trackpoint><Time>2026-03-31T16:49:56+00:00</Time><DistanceMeters>1649.5</DistanceMeters><Position><LatitudeDegrees>50.592909</LatitudeDegrees><LongitudeDegrees>3.0597</LongitudeDegrees></Position><AltitudeMeters>49.4</AltitudeMeters><Extensions><TPX xmlns="http://www.garmin.com/xmlschemas/ActivityExtension/v2"><Speed>2.25</Speed></TPX></Extensions></Trackpoint><Trackpoint><Time>2026-03-31T16:49:57+00:00</Time><DistanceMeters>1652.5</DistanceMeters><Position><LatitudeDegrees>50.592874</LatitudeDegrees><LongitudeDegrees>3.059673</LongitudeDegrees></Position><AltitudeMeters>49.4</AltitudeMeters><Extensions><TPX xmlns="http://www.garmin.com/xmlschemas/ActivityExtension/v2"><Speed>2.42</Speed></TPX></Extensions></Trackpoint><Trackpoint><Time>2026-03-31T16:49:58+00:00</Time><DistanceMeters>1655.5</DistanceMeters><Position><LatitudeDegrees>50.592863</LatitudeDegrees><LongitudeDegrees>3.059655</LongitudeDegrees></Position><AltitudeMeters>49.4</AltitudeMeters><Extensions><TPX xmlns="http://www.garmin.com/xmlschemas/ActivityExtension/v2"><Speed>2.52</Speed></TPX></Extensions></Trackpoint><Trackpoint><Time>2026-03-31T16:49:59+00:00</Time><DistanceMeters>1658.5</DistanceMeters><Position><LatitudeDegrees>50.592827</LatitudeDegrees><LongitudeDegrees>3.059643</LongitudeDegrees></Position><AltitudeMeters>49.5</AltitudeMeters><Extensions><TPX xmlns="http://www.garmin.com/xmlschemas/ActivityExtension/v2"><Speed>2.61</Speed></TPX></Extensions></Trackpoint><Trackpoint><Time>2026-03-31T16:50:00+00:00</Time><DistanceMeters>1661.4</DistanceMeters><Position><LatitudeDegrees>50.592813</LatitudeDegrees><LongitudeDegrees>3.059627</LongitudeDegrees></Position><AltitudeMeters>49.5</AltitudeMeters><Extensions><TPX xmlns="http://www.garmin.com/xmlschemas/ActivityExtension/v2"><Speed>2.79</Speed></TPX></Extensions></Trackpoint><Trackpoint><Time>2026-03-31T16:50:01+00:00</Time><DistanceMeters>1661.4</DistanceMeters><Position><LatitudeDegrees>50.592803</LatitudeDegrees><LongitudeDegrees>3.059639</LongitudeDegrees></Position><AltitudeMeters>49.5</AltitudeMeters><Extensions><TPX xmlns="http://www.garmin.com/xmlschemas/ActivityExtension/v2"><Speed>2.38</Speed></TPX></Extensions></Trackpoint><Trackpoint><Time>2026-03-31T16:50:02+00:00</Time><DistanceMeters>1661.4</DistanceMeters><Position><LatitudeDegrees>50.592805</LatitudeDegrees><LongitudeDegrees>3.059605</LongitudeDegrees></Position><AltitudeMeters>49.5</AltitudeMeters><Extensions><TPX xmlns="http://www.garmin.com/xmlschemas/ActivityExtension/v2"><Speed>1.78</Speed></TPX></Extensions></Trackpoint><Trackpoint><Time>2026-03-31T16:50:03+00:00</Time><DistanceMeters>1664.5</DistanceMeters><Position><LatitudeDegrees>50.592808</LatitudeDegrees><LongitudeDegrees>3.059583</LongitudeDegrees></Position><AltitudeMeters>49.5</AltitudeMeters><Extensions><TPX xmlns="http://www.garmin.com/xmlschemas/ActivityExtension/v2"><Speed>1.8</Speed></TPX></Extensions></Trackpoint><Trackpoint><Time>2026-03-31T16:50:04+00:00</Time><DistanceMeters>1667.6</DistanceMeters><Position><LatitudeDegrees>50.592795</LatitudeDegrees><LongitudeDegrees>3.05962</LongitudeDegrees></Position><AltitudeMeters>49.5</AltitudeMeters><Extensions><TPX xmlns="http://www.garmin.com/xmlschemas/ActivityExtension/v2"><Speed>1.83</Speed></TPX></Extensions></Trackpoint><Trackpoint><Time>2026-03-31T16:50:05+00:00</Time><DistanceMeters>1671.3</DistanceMeters><Position><LatitudeDegrees>50.592771</LatitudeDegrees><LongitudeDegrees>3.059658</LongitudeDegrees></Position><AltitudeMeters>49.5</AltitudeMeters><Extensions><TPX xmlns="http://www.garmin.com/xmlschemas/ActivityExtension/v2"><Speed>1.98</Speed></TPX></Extensions></Trackpoint><Trackpoint><Time>2026-03-31T16:50:06+00:00</Time><DistanceMeters>1675.5</DistanceMeters><Position><LatitudeDegrees>50.592736</LatitudeDegrees><LongitudeDegrees>3.059681</LongitudeDegrees></Position><AltitudeMeters>49.6</AltitudeMeters><Extensions><TPX xmlns="http://www.garmin.com/xmlschemas/ActivityExtension/v2"><Speed>2.82</Speed></TPX></Extensions></Trackpoint><Trackpoint><Time>2026-03-31T16:50:08+00:00</Time><DistanceMeters>1678.0</DistanceMeters><Position><LatitudeDegrees>50.592701</LatitudeDegrees><LongitudeDegrees>3.059675</LongitudeDegrees></Position><AltitudeMeters>49.6</AltitudeMeters><Extensions><TPX xmlns="http://www.garmin.com/xmlschemas/ActivityExtension/v2"><Speed>2.7</Speed></TPX></Extensions></Trackpoint><Trackpoint><Time>2026-03-31T16:50:09+00:00</Time><DistanceMeters>1680.5</DistanceMeters><Position><LatitudeDegrees>50.592691</LatitudeDegrees><LongitudeDegrees>3.059678</LongitudeDegrees></Position><AltitudeMeters>49.6</AltitudeMeters><Extensions><TPX xmlns="http://www.garmin.com/xmlschemas/ActivityExtension/v2"><Speed>2.58</Speed></TPX></Extensions></Trackpoint><Trackpoint><Time>2026-03-31T16:50:10+00:00</Time><DistanceMeters>1682.9</DistanceMeters><Position><LatitudeDegrees>50.592658</LatitudeDegrees><LongitudeDegrees>3.059683</LongitudeDegrees></Position><AltitudeMeters>49.6</AltitudeMeters><Extensions><TPX xmlns="http://www.garmin.com/xmlschemas/ActivityExtension/v2"><Speed>2.32</Speed></TPX></Extensions></Trackpoint><Trackpoint><Time>2026-03-31T16:50:11+00:00</Time><DistanceMeters>1685.3</DistanceMeters><Position><LatitudeDegrees>50.592649</LatitudeDegrees><LongitudeDegrees>3.059687</LongitudeDegrees></Position><AltitudeMeters>49.7</AltitudeMeters><Extensions><TPX xmlns="http://www.garmin.com/xmlschemas/ActivityExtension/v2"><Speed>1.96</Speed></TPX></Extensions></Trackpoint><Trackpoint><Time>2026-03-31T16:50:12+00:00</Time><DistanceMeters>1688.4</DistanceMeters><Position><LatitudeDegrees>50.592621</LatitudeDegrees><LongitudeDegrees>3.059686</LongitudeDegrees></Position><AltitudeMeters>49.7</AltitudeMeters><Extensions><TPX xmlns="http://www.garmin.com/xmlschemas/ActivityExtension/v2"><Speed>2.15</Speed></TPX></Extensions></Trackpoint><Trackpoint><Time>2026-03-31T16:50:13+00:00</Time><DistanceMeters>1691.7</DistanceMeters><Position><LatitudeDegrees>50.592578</LatitudeDegrees><LongitudeDegrees>3.059692</LongitudeDegrees></Position><AltitudeMeters>49.7</AltitudeMeters><Extensions><TPX xmlns="http://www.garmin.com/xmlschemas/ActivityExtension/v2"><Speed>2.74</Speed></TPX></Extensions></Trackpoint><Trackpoint><Time>2026-03-31T16:50:14+00:00</Time><DistanceMeters>1695.0</DistanceMeters><Position><LatitudeDegrees>50.592562</LatitudeDegrees><LongitudeDegrees>3.0597</LongitudeDegrees></Position><AltitudeMeters>49.7</AltitudeMeters><Extensions><TPX xmlns="http://www.garmin.com/xmlschemas/ActivityExtension/v2"><Speed>2.9</Speed></TPX></Extensions></Trackpoint><Trackpoint><Time>2026-03-31T16:50:15+00:00</Time><DistanceMeters>1698.6</DistanceMeters><Position><LatitudeDegrees>50.59253</LatitudeDegrees><LongitudeDegrees>3.059706</LongitudeDegrees></Position><AltitudeMeters>49.8</AltitudeMeters><Extensions><TPX xmlns="http://www.garmin.com/xmlschemas/ActivityExtension/v2"><Speed>3.14</Speed></TPX></Extensions></Trackpoint><Trackpoint><Time>2026-03-31T16:50:16+00:00</Time><DistanceMeters>1701.9</DistanceMeters><Position><LatitudeDegrees>50.592488</LatitudeDegrees><LongitudeDegrees>3.059704</LongitudeDegrees></Position><AltitudeMeters>49.8</AltitudeMeters><Extensions><TPX xmlns="http://www.garmin.com/xmlschemas/ActivityExtension/v2"><Speed>3.31</Speed></TPX></Extensions></Trackpoint><Trackpoint><Time>2026-03-31T16:50:17+00:00</Time><DistanceMeters>1705.1</DistanceMeters><Position><LatitudeDegrees>50.592472</LatitudeDegrees><LongitudeDegrees>3.059702</LongitudeDegrees></Position><AltitudeMeters>49.8</AltitudeMeters><Extensions><TPX xmlns="http://www.garmin.com/xmlschemas/ActivityExtension/v2"><Speed>3.34</Speed></TPX></Extensions></Trackpoint><Trackpoint><Time>2026-03-31T16:50:18+00:00</Time><DistanceMeters>1707.9</DistanceMeters><Position><LatitudeDegrees>50.592436</LatitudeDegrees><LongitudeDegrees>3.059723</LongitudeDegrees></Position><AltitudeMeters>49.9</AltitudeMeters><Extensions><TPX xmlns="http://www.garmin.com/xmlschemas/ActivityExtension/v2"><Speed>3.24</Speed></TPX></Extensions></Trackpoint><Trackpoint><Time>2026-03-31T16:50:19+00:00</Time><DistanceMeters>1710.7</DistanceMeters><Position><LatitudeDegrees>50.592424</LatitudeDegrees><LongitudeDegrees>3.05973</LongitudeDegrees></Position><AltitudeMeters>49.9</AltitudeMeters><Extensions><TPX xmlns="http://www.garmin.com/xmlschemas/ActivityExtension/v2"><Speed>3.14</Speed></TPX></Extensions></Trackpoint><Trackpoint><Time>2026-03-31T16:50:20+00:00</Time><DistanceMeters>1713.4</DistanceMeters><Position><LatitudeDegrees>50.592395</LatitudeDegrees><LongitudeDegrees>3.059758</LongitudeDegrees></Position><AltitudeMeters>50.0</AltitudeMeters><Extensions><TPX xmlns="http://www.garmin.com/xmlschemas/ActivityExtension/v2"><Speed>2.95</Speed></TPX></Extensions></Trackpoint><Trackpoint><Time>2026-03-31T16:50:21+00:00</Time><DistanceMeters>1716.0</DistanceMeters><Position><LatitudeDegrees>50.592384</LatitudeDegrees><LongitudeDegrees>3.059769</LongitudeDegrees></Position><AltitudeMeters>50.0</AltitudeMeters><Extensions><TPX xmlns="http://www.garmin.com/xmlschemas/ActivityExtension/v2"><Speed>2.83</Speed></TPX></Extensions></Trackpoint><Trackpoint><Time>2026-03-31T16:50:22+00:00</Time><DistanceMeters>1718.8</DistanceMeters><Position><LatitudeDegrees>50.592351</LatitudeDegrees><LongitudeDegrees>3.059794</LongitudeDegrees></Position><AltitudeMeters>50.1</AltitudeMeters><Extensions><TPX xmlns="http://www.garmin.com/xmlschemas/ActivityExtension/v2"><Speed>2.73</Speed></TPX></Extensions></Trackpoint><Trackpoint><Time>2026-03-31T16:50:23+00:00</Time><DistanceMeters>1721.5</DistanceMeters><Position><LatitudeDegrees>50.59234</LatitudeDegrees><LongitudeDegrees>3.059805</LongitudeDegrees></Position><AltitudeMeters>50.1</AltitudeMeters><Extensions><TPX xmlns="http://www.garmin.com/xmlschemas/ActivityExtension/v2"><Speed>2.72</Speed></TPX></Extensions></Trackpoint><Trackpoint><Time>2026-03-31T16:50:24+00:00</Time><DistanceMeters>1727.2</DistanceMeters><Position><LatitudeDegrees>50.592296</LatitudeDegrees><LongitudeDegrees>3.059848</LongitudeDegrees></Position><AltitudeMeters>50.2</AltitudeMeters><Extensions><TPX xmlns="http://www.garmin.com/xmlschemas/ActivityExtension/v2"><Speed>3.3</Speed></TPX></Extensions></Trackpoint><Trackpoint><Time>2026-03-31T16:50:25+00:00</Time><DistanceMeters>1730.0</DistanceMeters><Position><LatitudeDegrees>50.592268</LatitudeDegrees><LongitudeDegrees>3.059884</LongitudeDegrees></Position><AltitudeMeters>50.2</AltitudeMeters><Extensions><TPX xmlns="http://www.garmin.com/xmlschemas/ActivityExtension/v2"><Speed>3.32</Speed></TPX></Extensions></Trackpoint><Trackpoint><Time>2026-03-31T16:50:26+00:00</Time><DistanceMeters>1732.7</DistanceMeters><Position><LatitudeDegrees>50.592258</LatitudeDegrees><LongitudeDegrees>3.059896</LongitudeDegrees></Position><AltitudeMeters>50.2</AltitudeMeters><Extensions><TPX xmlns="http://www.garmin.com/xmlschemas/ActivityExtension/v2"><Speed>3.34</Speed></TPX></Extensions></Trackpoint><Trackpoint><Time>2026-03-31T16:50:27+00:00</Time><DistanceMeters>1735.9</DistanceMeters><Position><LatitudeDegrees>50.592234</LatitudeDegrees><LongitudeDegrees>3.05992</LongitudeDegrees></Position><AltitudeMeters>50.2</AltitudeMeters><Extensions><TPX xmlns="http://www.garmin.com/xmlschemas/ActivityExtension/v2"><Speed>3.43</Speed></TPX></Extensions></Trackpoint><Trackpoint><Time>2026-03-31T16:50:28+00:00</Time><DistanceMeters>1739.0</DistanceMeters><Position><LatitudeDegrees>50.592216</LatitudeDegrees><LongitudeDegrees>3.059954</LongitudeDegrees></Position><AltitudeMeters>50.3</AltitudeMeters><Extensions><TPX xmlns="http://www.garmin.com/xmlschemas/ActivityExtension/v2"><Speed>3.5</Speed></TPX></Extensions></Trackpoint><Trackpoint><Time>2026-03-31T16:50:29+00:00</Time><DistanceMeters>1739.0</DistanceMeters><Position><LatitudeDegrees>50.592209</LatitudeDegrees><LongitudeDegrees>3.059981</LongitudeDegrees></Position><AltitudeMeters>50.3</AltitudeMeters><Extensions><TPX xmlns="http://www.garmin.com/xmlschemas/ActivityExtension/v2"><Speed>2.36</Speed></TPX></Extensions></Trackpoint><Trackpoint><Time>2026-03-31T16:50:30+00:00</Time><DistanceMeters>1742.7</DistanceMeters><Position><LatitudeDegrees>50.5922</LatitudeDegrees><LongitudeDegrees>3.059999</LongitudeDegrees></Position><AltitudeMeters>50.3</AltitudeMeters><Extensions><TPX xmlns="http://www.garmin.com/xmlschemas/ActivityExtension/v2"><Speed>2.55</Speed></TPX></Extensions></Trackpoint><Trackpoint><Time>2026-03-31T16:50:31+00:00</Time><DistanceMeters>1745.7</DistanceMeters><Position><LatitudeDegrees>50.592173</LatitudeDegrees><LongitudeDegrees>3.060011</LongitudeDegrees></Position><AltitudeMeters>50.3</AltitudeMeters><Extensions><TPX xmlns="http://www.garmin.com/xmlschemas/ActivityExtension/v2"><Speed>2.6</Speed></TPX></Extensions></Trackpoint><Trackpoint><Time>2026-03-31T16:50:32+00:00</Time><DistanceMeters>1747.9</DistanceMeters><Position><LatitudeDegrees>50.592158</LatitudeDegrees><LongitudeDegrees>3.060046</LongitudeDegrees></Position><AltitudeMeters>50.3</AltitudeMeters><Extensions><TPX xmlns="http://www.garmin.com/xmlschemas/ActivityExtension/v2"><Speed>2.4</Speed></TPX></Extensions></Trackpoint><Trackpoint><Time>2026-03-31T16:50:33+00:00</Time><DistanceMeters>1750.1</DistanceMeters><Position><LatitudeDegrees>50.592147</LatitudeDegrees><LongitudeDegrees>3.060058</LongitudeDegrees></Position><AltitudeMeters>50.3</AltitudeMeters><Extensions><TPX xmlns="http://www.garmin.com/xmlschemas/ActivityExtension/v2"><Speed>2.22</Speed></TPX></Extensions></Trackpoint><Trackpoint><Time>2026-03-31T16:50:34+00:00</Time><DistanceMeters>1753.6</DistanceMeters><Position><LatitudeDegrees>50.592119</LatitudeDegrees><LongitudeDegrees>3.060079</LongitudeDegrees></Position><AltitudeMeters>50.3</AltitudeMeters><Extensions><TPX xmlns="http://www.garmin.com/xmlschemas/ActivityExtension/v2"><Speed>2.92</Speed></TPX></Extensions></Trackpoint><Trackpoint><Time>2026-03-31T16:50:35+00:00</Time><DistanceMeters>1756.5</DistanceMeters><Position><LatitudeDegrees>50.592093</LatitudeDegrees><LongitudeDegrees>3.060124</LongitudeDegrees></Position><AltitudeMeters>50.3</AltitudeMeters><Extensions><TPX xmlns="http://www.garmin.com/xmlschemas/ActivityExtension/v2"><Speed>2.75</Speed></TPX></Extensions></Trackpoint><Trackpoint><Time>2026-03-31T16:50:36+00:00</Time><DistanceMeters>1759.3</DistanceMeters><Position><LatitudeDegrees>50.592086</LatitudeDegrees><LongitudeDegrees>3.060141</LongitudeDegrees></Position><AltitudeMeters>50.4</AltitudeMeters><Extensions><TPX xmlns="http://www.garmin.com/xmlschemas/ActivityExtension/v2"><Speed>2.72</Speed></TPX></Extensions></Trackpoint><Trackpoint><Time>2026-03-31T16:50:37+00:00</Time><DistanceMeters>1762.7</DistanceMeters><Position><LatitudeDegrees>50.592073</LatitudeDegrees><LongitudeDegrees>3.060184</LongitudeDegrees></Position><AltitudeMeters>50.4</AltitudeMeters><Extensions><TPX xmlns="http://www.garmin.com/xmlschemas/ActivityExtension/v2"><Speed>2.96</Speed></TPX></Extensions></Trackpoint><Trackpoint><Time>2026-03-31T16:50:38+00:00</Time><DistanceMeters>1765.3</DistanceMeters><Position><LatitudeDegrees>50.592055</LatitudeDegrees><LongitudeDegrees>3.060228</LongitudeDegrees></Position><AltitudeMeters>50.4</AltitudeMeters><Extensions><TPX xmlns="http://www.garmin.com/xmlschemas/ActivityExtension/v2"><Speed>3.03</Speed></TPX></Extensions></Trackpoint><Trackpoint><Time>2026-03-31T16:50:39+00:00</Time><DistanceMeters>1767.8</DistanceMeters><Position><LatitudeDegrees>50.592046</LatitudeDegrees><LongitudeDegrees>3.060242</LongitudeDegrees></Position><AltitudeMeters>50.4</AltitudeMeters><Extensions><TPX xmlns="http://www.garmin.com/xmlschemas/ActivityExtension/v2"><Speed>2.84</Speed></TPX></Extensions></Trackpoint><Trackpoint><Time>2026-03-31T16:50:40+00:00</Time><DistanceMeters>1770.6</DistanceMeters><Position><LatitudeDegrees>50.592026</LatitudeDegrees><LongitudeDegrees>3.060291</LongitudeDegrees></Position><AltitudeMeters>50.4</AltitudeMeters><Extensions><TPX xmlns="http://www.garmin.com/xmlschemas/ActivityExtension/v2"><Speed>2.83</Speed></TPX></Extensions></Trackpoint><Trackpoint><Time>2026-03-31T16:50:41+00:00</Time><DistanceMeters>1773.4</DistanceMeters><Position><LatitudeDegrees>50.59202</LatitudeDegrees><LongitudeDegrees>3.060311</LongitudeDegrees></Position><AltitudeMeters>50.4</AltitudeMeters><Extensions><TPX xmlns="http://www.garmin.com/xmlschemas/ActivityExtension/v2"><Speed>2.82</Speed></TPX></Extensions></Trackpoint><Trackpoint><Time>2026-03-31T16:50:42+00:00</Time><DistanceMeters>1777.3</DistanceMeters><Position><LatitudeDegrees>50.591998</LatitudeDegrees><LongitudeDegrees>3.060353</LongitudeDegrees></Position><AltitudeMeters>50.4</AltitudeMeters><Extensions><TPX xmlns="http://www.garmin.com/xmlschemas/ActivityExtension/v2"><Speed>2.92</Speed></TPX></Extensions></Trackpoint><Trackpoint><Time>2026-03-31T16:50:43+00:00</Time><DistanceMeters>1780.2</DistanceMeters><Position><LatitudeDegrees>50.591972</LatitudeDegrees><LongitudeDegrees>3.060398</LongitudeDegrees></Position><AltitudeMeters>50.4</AltitudeMeters><Extensions><TPX xmlns="http://www.garmin.com/xmlschemas/ActivityExtension/v2"><Speed>2.98</Speed></TPX></Extensions></Trackpoint><Trackpoint><Time>2026-03-31T16:50:44+00:00</Time><DistanceMeters>1783.0</DistanceMeters><Position><LatitudeDegrees>50.591962</LatitudeDegrees><LongitudeDegrees>3.060411</LongitudeDegrees></Position><AltitudeMeters>50.4</AltitudeMeters><Extensions><TPX xmlns="http://www.garmin.com/xmlschemas/ActivityExtension/v2"><Speed>3.04</Speed></TPX></Extensions></Trackpoint><Trackpoint><Time>2026-03-31T16:50:45+00:00</Time><DistanceMeters>1786.2</DistanceMeters><Position><LatitudeDegrees>50.591936</LatitudeDegrees><LongitudeDegrees>3.060428</LongitudeDegrees></Position><AltitudeMeters>50.4</AltitudeMeters><Extensions><TPX xmlns="http://www.garmin.com/xmlschemas/ActivityExtension/v2"><Speed>3.12</Speed></TPX></Extensions></Trackpoint><Trackpoint><Time>2026-03-31T16:50:46+00:00</Time><DistanceMeters>1789.6</DistanceMeters><Position><LatitudeDegrees>50.591907</LatitudeDegrees><LongitudeDegrees>3.060445</LongitudeDegrees></Position><AltitudeMeters>50.4</AltitudeMeters><Extensions><TPX xmlns="http://www.garmin.com/xmlschemas/ActivityExtension/v2"><Speed>3.24</Speed></TPX></Extensions></Trackpoint><Trackpoint><Time>2026-03-31T16:50:47+00:00</Time><DistanceMeters>1792.3</DistanceMeters><Position><LatitudeDegrees>50.591874</LatitudeDegrees><LongitudeDegrees>3.060454</LongitudeDegrees></Position><AltitudeMeters>50.4</AltitudeMeters><Extensions><TPX xmlns="http://www.garmin.com/xmlschemas/ActivityExtension/v2"><Speed>2.99</Speed></TPX></Extensions></Trackpoint><Trackpoint><Time>2026-03-31T16:50:48+00:00</Time><DistanceMeters>1794.9</DistanceMeters><Position><LatitudeDegrees>50.591859</LatitudeDegrees><LongitudeDegrees>3.060454</LongitudeDegrees></Position><AltitudeMeters>50.3</AltitudeMeters><Extensions><TPX xmlns="http://www.garmin.com/xmlschemas/ActivityExtension/v2"><Speed>2.95</Speed></TPX></Extensions></Trackpoint><Trackpoint><Time>2026-03-31T16:50:49+00:00</Time><DistanceMeters>1798.1</DistanceMeters><Position><LatitudeDegrees>50.591831</LatitudeDegrees><LongitudeDegrees>3.060457</LongitudeDegrees></Position><AltitudeMeters>50.3</AltitudeMeters><Extensions><TPX xmlns="http://www.garmin.com/xmlschemas/ActivityExtension/v2"><Speed>3.02</Speed></TPX></Extensions></Trackpoint><Trackpoint><Time>2026-03-31T16:50:50+00:00</Time><DistanceMeters>1801.0</DistanceMeters><Position><LatitudeDegrees>50.591793</LatitudeDegrees><LongitudeDegrees>3.060463</LongitudeDegrees></Position><AltitudeMeters>50.2</AltitudeMeters><Extensions><TPX xmlns="http://www.garmin.com/xmlschemas/ActivityExtension/v2"><Speed>2.95</Speed></TPX></Extensions></Trackpoint><Trackpoint><Time>2026-03-31T16:50:51+00:00</Time><DistanceMeters>1803.8</DistanceMeters><Position><LatitudeDegrees>50.59178</LatitudeDegrees><LongitudeDegrees>3.060461</LongitudeDegrees></Position><AltitudeMeters>50.2</AltitudeMeters><Extensions><TPX xmlns="http://www.garmin.com/xmlschemas/ActivityExtension/v2"><Speed>2.84</Speed></TPX></Extensions></Trackpoint><Trackpoint><Time>2026-03-31T16:50:52+00:00</Time><DistanceMeters>1806.4</DistanceMeters><Position><LatitudeDegrees>50.591745</LatitudeDegrees><LongitudeDegrees>3.060465</LongitudeDegrees></Position><AltitudeMeters>50.2</AltitudeMeters><Extensions><TPX xmlns="http://www.garmin.com/xmlschemas/ActivityExtension/v2"><Speed>2.83</Speed></TPX></Extensions></Trackpoint><Trackpoint><Time>2026-03-31T16:50:53+00:00</Time><DistanceMeters>1809.0</DistanceMeters><Position><LatitudeDegrees>50.591733</LatitudeDegrees><LongitudeDegrees>3.060467</LongitudeDegrees></Position><AltitudeMeters>50.2</AltitudeMeters><Extensions><TPX xmlns="http://www.garmin.com/xmlschemas/ActivityExtension/v2"><Speed>2.82</Speed></TPX></Extensions></Trackpoint><Trackpoint><Time>2026-03-31T16:50:54+00:00</Time><DistanceMeters>1811.6</DistanceMeters><Position><LatitudeDegrees>50.591702</LatitudeDegrees><LongitudeDegrees>3.060468</LongitudeDegrees></Position><AltitudeMeters>50.1</AltitudeMeters><Extensions><TPX xmlns="http://www.garmin.com/xmlschemas/ActivityExtension/v2"><Speed>2.7</Speed></TPX></Extensions></Trackpoint><Trackpoint><Time>2026-03-31T16:50:55+00:00</Time><DistanceMeters>1814.2</DistanceMeters><Position><LatitudeDegrees>50.591686</LatitudeDegrees><LongitudeDegrees>3.060467</LongitudeDegrees></Position><AltitudeMeters>50.1</AltitudeMeters><Extensions><TPX xmlns="http://www.garmin.com/xmlschemas/ActivityExtension/v2"><Speed>2.65</Speed></TPX></Extensions></Trackpoint><Trackpoint><Time>2026-03-31T16:50:56+00:00</Time><DistanceMeters>1816.9</DistanceMeters><Position><LatitudeDegrees>50.591652</LatitudeDegrees><LongitudeDegrees>3.060458</LongitudeDegrees></Position><AltitudeMeters>50.1</AltitudeMeters><Extensions><TPX xmlns="http://www.garmin.com/xmlschemas/ActivityExtension/v2"><Speed>2.61</Speed></TPX></Extensions></Trackpoint><Trackpoint><Time>2026-03-31T16:50:57+00:00</Time><DistanceMeters>1819.5</DistanceMeters><Position><LatitudeDegrees>50.59164</LatitudeDegrees><LongitudeDegrees>3.060452</LongitudeDegrees></Position><AltitudeMeters>50.1</AltitudeMeters><Extensions><TPX xmlns="http://www.garmin.com/xmlschemas/ActivityExtension/v2"><Speed>2.62</Speed></TPX></Extensions></Trackpoint><Trackpoint><Time>2026-03-31T16:50:58+00:00</Time><DistanceMeters>1822.0</DistanceMeters><Position><LatitudeDegrees>50.591606</LatitudeDegrees><LongitudeDegrees>3.060454</LongitudeDegrees></Position><AltitudeMeters>50.1</AltitudeMeters><Extensions><TPX xmlns="http://www.garmin.com/xmlschemas/ActivityExtension/v2"><Speed>2.6</Speed></TPX></Extensions></Trackpoint><Trackpoint><Time>2026-03-31T16:50:59+00:00</Time><DistanceMeters>1824.5</DistanceMeters><Position><LatitudeDegrees>50.591595</LatitudeDegrees><LongitudeDegrees>3.060457</LongitudeDegrees></Position><AltitudeMeters>50.1</AltitudeMeters><Extensions><TPX xmlns="http://www.garmin.com/xmlschemas/ActivityExtension/v2"><Speed>2.58</Speed></TPX></Extensions></Trackpoint><Trackpoint><Time>2026-03-31T16:51:00+00:00</Time><DistanceMeters>1826.8</DistanceMeters><Position><LatitudeDegrees>50.591564</LatitudeDegrees><LongitudeDegrees>3.060466</LongitudeDegrees></Position><AltitudeMeters>50.1</AltitudeMeters><Extensions><TPX xmlns="http://www.garmin.com/xmlschemas/ActivityExtension/v2"><Speed>2.52</Speed></TPX></Extensions></Trackpoint><Trackpoint><Time>2026-03-31T16:51:01+00:00</Time><DistanceMeters>1829.1</DistanceMeters><Position><LatitudeDegrees>50.591554</LatitudeDegrees><LongitudeDegrees>3.060467</LongitudeDegrees></Position><AltitudeMeters>50.1</AltitudeMeters><Extensions><TPX xmlns="http://www.garmin.com/xmlschemas/ActivityExtension/v2"><Speed>2.45</Speed></TPX></Extensions></Trackpoint><Trackpoint><Time>2026-03-31T16:51:02+00:00</Time><DistanceMeters>1831.9</DistanceMeters><Position><LatitudeDegrees>50.591516</LatitudeDegrees><LongitudeDegrees>3.060474</LongitudeDegrees></Position><AltitudeMeters>50.0</AltitudeMeters><Extensions><TPX xmlns="http://www.garmin.com/xmlschemas/ActivityExtension/v2"><Speed>2.48</Speed></TPX></Extensions></Trackpoint><Trackpoint><Time>2026-03-31T16:51:03+00:00</Time><DistanceMeters>1834.7</DistanceMeters><Position><LatitudeDegrees>50.591504</LatitudeDegrees><LongitudeDegrees>3.060476</LongitudeDegrees></Position><AltitudeMeters>50.0</AltitudeMeters><Extensions><TPX xmlns="http://www.garmin.com/xmlschemas/ActivityExtension/v2"><Speed>2.54</Speed></TPX></Extensions></Trackpoint><Trackpoint><Time>2026-03-31T16:51:04+00:00</Time><DistanceMeters>1837.1</DistanceMeters><Position><LatitudeDegrees>50.591473</LatitudeDegrees><LongitudeDegrees>3.060483</LongitudeDegrees></Position><AltitudeMeters>50.0</AltitudeMeters><Extensions><TPX xmlns="http://www.garmin.com/xmlschemas/ActivityExtension/v2"><Speed>2.52</Speed></TPX></Extensions></Trackpoint><Trackpoint><Time>2026-03-31T16:51:05+00:00</Time><DistanceMeters>1839.5</DistanceMeters><Position><LatitudeDegrees>50.591461</LatitudeDegrees><LongitudeDegrees>3.060483</LongitudeDegrees></Position><AltitudeMeters>50.0</AltitudeMeters><Extensions><TPX xmlns="http://www.garmin.com/xmlschemas/ActivityExtension/v2"><Speed>2.54</Speed></TPX></Extensions></Trackpoint><Trackpoint><Time>2026-03-31T16:51:06+00:00</Time><DistanceMeters>1842.0</DistanceMeters><Position><LatitudeDegrees>50.591427</LatitudeDegrees><LongitudeDegrees>3.060489</LongitudeDegrees></Position><AltitudeMeters>50.0</AltitudeMeters><Extensions><TPX xmlns="http://www.garmin.com/xmlschemas/ActivityExtension/v2"><Speed>2.58</Speed></TPX></Extensions></Trackpoint><Trackpoint><Time>2026-03-31T16:51:07+00:00</Time><DistanceMeters>1844.5</DistanceMeters><Position><LatitudeDegrees>50.591416</LatitudeDegrees><LongitudeDegrees>3.060485</LongitudeDegrees></Position><AltitudeMeters>50.0</AltitudeMeters><Extensions><TPX xmlns="http://www.garmin.com/xmlschemas/ActivityExtension/v2"><Speed>2.52</Speed></TPX></Extensions></Trackpoint><Trackpoint><Time>2026-03-31T16:51:08+00:00</Time><DistanceMeters>1848.5</DistanceMeters><Position><LatitudeDegrees>50.591388</LatitudeDegrees><LongitudeDegrees>3.060449</LongitudeDegrees></Position><AltitudeMeters>50.0</AltitudeMeters><Extensions><TPX xmlns="http://www.garmin.com/xmlschemas/ActivityExtension/v2"><Speed>2.76</Speed></TPX></Extensions></Trackpoint><Trackpoint><Time>2026-03-31T16:51:09+00:00</Time><DistanceMeters>1852.6</DistanceMeters><Position><LatitudeDegrees>50.591361</LatitudeDegrees><LongitudeDegrees>3.060488</LongitudeDegrees></Position><AltitudeMeters>50.1</AltitudeMeters><Extensions><TPX xmlns="http://www.garmin.com/xmlschemas/ActivityExtension/v2"><Speed>3.1</Speed></TPX></Extensions></Trackpoint><Trackpoint><Time>2026-03-31T16:51:10+00:00</Time><DistanceMeters>1855.0</DistanceMeters><Position><LatitudeDegrees>50.591331</LatitudeDegrees><LongitudeDegrees>3.060501</LongitudeDegrees></Position><AltitudeMeters>50.1</AltitudeMeters><Extensions><TPX xmlns="http://www.garmin.com/xmlschemas/ActivityExtension/v2"><Speed>3.09</Speed></TPX></Extensions></Trackpoint><Trackpoint><Time>2026-03-31T16:51:11+00:00</Time><DistanceMeters>1857.3</DistanceMeters><Position><LatitudeDegrees>50.591321</LatitudeDegrees><LongitudeDegrees>3.060505</LongitudeDegrees></Position><AltitudeMeters>50.1</AltitudeMeters><Extensions><TPX xmlns="http://www.garmin.com/xmlschemas/ActivityExtension/v2"><Speed>3.06</Speed></TPX></Extensions></Trackpoint><Trackpoint><Time>2026-03-31T16:51:12+00:00</Time><DistanceMeters>1860.1</DistanceMeters><Position><LatitudeDegrees>50.591285</LatitudeDegrees><LongitudeDegrees>3.060523</LongitudeDegrees></Position><AltitudeMeters>50.1</AltitudeMeters><Extensions><TPX xmlns="http://www.garmin.com/xmlschemas/ActivityExtension/v2"><Speed>3.11</Speed></TPX></Extensions></Trackpoint><Trackpoint><Time>2026-03-31T16:51:13+00:00</Time><DistanceMeters>1862.8</DistanceMeters><Position><LatitudeDegrees>50.591274</LatitudeDegrees><LongitudeDegrees>3.060533</LongitudeDegrees></Position><AltitudeMeters>50.1</AltitudeMeters><Extensions><TPX xmlns="http://www.garmin.com/xmlschemas/ActivityExtension/v2"><Speed>2.86</Speed></TPX></Extensions></Trackpoint><Trackpoint><Time>2026-03-31T16:51:14+00:00</Time><DistanceMeters>1865.6</DistanceMeters><Position><LatitudeDegrees>50.59124</LatitudeDegrees><LongitudeDegrees>3.060555</LongitudeDegrees></Position><AltitudeMeters>50.1</AltitudeMeters><Extensions><TPX xmlns="http://www.garmin.com/xmlschemas/ActivityExtension/v2"><Speed>2.59</Speed></TPX></Extensions></Trackpoint><Trackpoint><Time>2026-03-31T16:51:15+00:00</Time><DistanceMeters>1868.3</DistanceMeters><Position><LatitudeDegrees>50.591229</LatitudeDegrees><LongitudeDegrees>3.060562</LongitudeDegrees></Position><AltitudeMeters>50.1</AltitudeMeters><Extensions><TPX xmlns="http://www.garmin.com/xmlschemas/ActivityExtension/v2"><Speed>2.67</Speed></TPX></Extensions></Trackpoint><Trackpoint><Time>2026-03-31T16:51:16+00:00</Time><DistanceMeters>1870.9</DistanceMeters><Position><LatitudeDegrees>50.591197</LatitudeDegrees><LongitudeDegrees>3.060577</LongitudeDegrees></Position><AltitudeMeters>50.2</AltitudeMeters><Extensions><TPX xmlns="http://www.garmin.com/xmlschemas/ActivityExtension/v2"><Speed>2.72</Speed></TPX></Extensions></Trackpoint><Trackpoint><Time>2026-03-31T16:51:17+00:00</Time><DistanceMeters>1873.5</DistanceMeters><Position><LatitudeDegrees>50.591184</LatitudeDegrees><LongitudeDegrees>3.060584</LongitudeDegrees></Position><AltitudeMeters>50.2</AltitudeMeters><Extensions><TPX xmlns="http://www.garmin.com/xmlschemas/ActivityExtension/v2"><Speed>2.69</Speed></TPX></Extensions></Trackpoint><Trackpoint><Time>2026-03-31T16:51:18+00:00</Time><DistanceMeters>1876.7</DistanceMeters><Position><LatitudeDegrees>50.591146</LatitudeDegrees><LongitudeDegrees>3.060606</LongitudeDegrees></Position><AltitudeMeters>50.2</AltitudeMeters><Extensions><TPX xmlns="http://www.garmin.com/xmlschemas/ActivityExtension/v2"><Speed>2.78</Speed></TPX></Extensions></Trackpoint><Trackpoint><Time>2026-03-31T16:51:19+00:00</Time><DistanceMeters>1879.9</DistanceMeters><Position><LatitudeDegrees>50.591129</LatitudeDegrees><LongitudeDegrees>3.060611</LongitudeDegrees></Position><AltitudeMeters>50.2</AltitudeMeters><Extensions><TPX xmlns="http://www.garmin.com/xmlschemas/ActivityExtension/v2"><Speed>2.87</Speed></TPX></Extensions></Trackpoint><Trackpoint><Time>2026-03-31T16:51:20+00:00</Time><DistanceMeters>1883.9</DistanceMeters><Position><LatitudeDegrees>50.591093</LatitudeDegrees><LongitudeDegrees>3.060618</LongitudeDegrees></Position><AltitudeMeters>50.2</AltitudeMeters><Extensions><TPX xmlns="http://www.garmin.com/xmlschemas/ActivityExtension/v2"><Speed>3.12</Speed></TPX></Extensions></Trackpoint><Trackpoint><Time>2026-03-31T16:51:21+00:00</Time><DistanceMeters>1886.4</DistanceMeters><Position><LatitudeDegrees>50.591062</LatitudeDegrees><LongitudeDegrees>3.060631</LongitudeDegrees></Position><AltitudeMeters>50.3</AltitudeMeters><Extensions><TPX xmlns="http://www.garmin.com/xmlschemas/ActivityExtension/v2"><Speed>3.09</Speed></TPX></Extensions></Trackpoint><Trackpoint><Time>2026-03-31T16:51:22+00:00</Time><DistanceMeters>1888.8</DistanceMeters><Position><LatitudeDegrees>50.591051</LatitudeDegrees><LongitudeDegrees>3.060634</LongitudeDegrees></Position><AltitudeMeters>50.3</AltitudeMeters><Extensions><TPX xmlns="http://www.garmin.com/xmlschemas/ActivityExtension/v2"><Speed>3.06</Speed></TPX></Extensions></Trackpoint><Trackpoint><Time>2026-03-31T16:51:23+00:00</Time><DistanceMeters>1891.1</DistanceMeters><Position><LatitudeDegrees>50.59102</LatitudeDegrees><LongitudeDegrees>3.060632</LongitudeDegrees></Position><AltitudeMeters>50.3</AltitudeMeters><Extensions><TPX xmlns="http://www.garmin.com/xmlschemas/ActivityExtension/v2"><Speed>2.88</Speed></TPX></Extensions></Trackpoint><Trackpoint><Time>2026-03-31T16:51:24+00:00</Time><DistanceMeters>1893.4</DistanceMeters><Position><LatitudeDegrees>50.591009</LatitudeDegrees><LongitudeDegrees>3.060636</LongitudeDegrees></Position><AltitudeMeters>50.3</AltitudeMeters><Extensions><TPX xmlns="http://www.garmin.com/xmlschemas/ActivityExtension/v2"><Speed>2.7</Speed></TPX></Extensions></Trackpoint><Trackpoint><Time>2026-03-31T16:51:25+00:00</Time><DistanceMeters>1895.5</DistanceMeters><Position><LatitudeDegrees>50.590982</LatitudeDegrees><LongitudeDegrees>3.060647</LongitudeDegrees></Position><AltitudeMeters>50.3</AltitudeMeters><Extensions><TPX xmlns="http://www.garmin.com/xmlschemas/ActivityExtension/v2"><Speed>2.31</Speed></TPX></Extensions></Trackpoint><Trackpoint><Time>2026-03-31T16:51:26+00:00</Time><DistanceMeters>1897.5</DistanceMeters><Position><LatitudeDegrees>50.590973</LatitudeDegrees><LongitudeDegrees>3.060648</LongitudeDegrees></Position><AltitudeMeters>50.3</AltitudeMeters><Extensions><TPX xmlns="http://www.garmin.com/xmlschemas/ActivityExtension/v2"><Speed>2.23</Speed></TPX></Extensions></Trackpoint><Trackpoint><Time>2026-03-31T16:51:27+00:00</Time><DistanceMeters>1900.8</DistanceMeters><Position><LatitudeDegrees>50.590944</LatitudeDegrees><LongitudeDegrees>3.060653</LongitudeDegrees></Position><AltitudeMeters>50.3</AltitudeMeters><Extensions><TPX xmlns="http://www.garmin.com/xmlschemas/ActivityExtension/v2"><Speed>2.4</Speed></TPX></Extensions></Trackpoint><Trackpoint><Time>2026-03-31T16:51:28+00:00</Time><DistanceMeters>1900.8</DistanceMeters><Position><LatitudeDegrees>50.590923</LatitudeDegrees><LongitudeDegrees>3.060673</LongitudeDegrees></Position><AltitudeMeters>50.3</AltitudeMeters><Extensions><TPX xmlns="http://www.garmin.com/xmlschemas/ActivityExtension/v2"><Speed>1.94</Speed></TPX></Extensions></Trackpoint><Trackpoint><Time>2026-03-31T16:51:29+00:00</Time><DistanceMeters>1904.4</DistanceMeters><Position><LatitudeDegrees>50.590913</LatitudeDegrees><LongitudeDegrees>3.060671</LongitudeDegrees></Position><AltitudeMeters>50.3</AltitudeMeters><Extensions><TPX xmlns="http://www.garmin.com/xmlschemas/ActivityExtension/v2"><Speed>2.2</Speed></TPX></Extensions></Trackpoint><Trackpoint><Time>2026-03-31T16:51:30+00:00</Time><DistanceMeters>1904.4</DistanceMeters><Position><LatitudeDegrees>50.590902</LatitudeDegrees><LongitudeDegrees>3.060669</LongitudeDegrees></Position><AltitudeMeters>50.3</AltitudeMeters><Extensions><TPX xmlns="http://www.garmin.com/xmlschemas/ActivityExtension/v2"><Speed>1.79</Speed></TPX></Extensions></Trackpoint><Trackpoint><Time>2026-03-31T16:51:31+00:00</Time><DistanceMeters>1907.6</DistanceMeters><Position><LatitudeDegrees>50.590885</LatitudeDegrees><LongitudeDegrees>3.060669</LongitudeDegrees></Position><AltitudeMeters>50.3</AltitudeMeters><Extensions><TPX xmlns="http://www.garmin.com/xmlschemas/ActivityExtension/v2"><Speed>2.02</Speed></TPX></Extensions></Trackpoint><Trackpoint><Time>2026-03-31T16:51:32+00:00</Time><DistanceMeters>1911.3</DistanceMeters><Position><LatitudeDegrees>50.590855</LatitudeDegrees><LongitudeDegrees>3.060695</LongitudeDegrees></Position><AltitudeMeters>50.3</AltitudeMeters><Extensions><TPX xmlns="http://www.garmin.com/xmlschemas/ActivityExtension/v2"><Speed>2.1</Speed></TPX></Extensions></Trackpoint><Trackpoint><Time>2026-03-31T16:51:33+00:00</Time><DistanceMeters>1914.7</DistanceMeters><Position><LatitudeDegrees>50.590829</LatitudeDegrees><LongitudeDegrees>3.060715</LongitudeDegrees></Position><AltitudeMeters>50.3</AltitudeMeters><Extensions><TPX xmlns="http://www.garmin.com/xmlschemas/ActivityExtension/v2"><Speed>2.78</Speed></TPX></Extensions></Trackpoint><Trackpoint><Time>2026-03-31T16:51:34+00:00</Time><DistanceMeters>1914.7</DistanceMeters><Position><LatitudeDegrees>50.590821</LatitudeDegrees><LongitudeDegrees>3.060725</LongitudeDegrees></Position><AltitudeMeters>50.3</AltitudeMeters><Extensions><TPX xmlns="http://www.garmin.com/xmlschemas/ActivityExtension/v2"><Speed>2.06</Speed></TPX></Extensions></Trackpoint><Trackpoint><Time>2026-03-31T16:51:35+00:00</Time><DistanceMeters>1918.3</DistanceMeters><Position><LatitudeDegrees>50.590799</LatitudeDegrees><LongitudeDegrees>3.060738</LongitudeDegrees></Position><AltitudeMeters>50.4</AltitudeMeters><Extensions><TPX xmlns="http://www.garmin.com/xmlschemas/ActivityExtension/v2"><Speed>2.78</Speed></TPX></Extensions></Trackpoint><Trackpoint><Time>2026-03-31T16:51:36+00:00</Time><DistanceMeters>1920.6</DistanceMeters><Position><LatitudeDegrees>50.590779</LatitudeDegrees><LongitudeDegrees>3.060766</LongitudeDegrees></Position><AltitudeMeters>50.4</AltitudeMeters><Extensions><TPX xmlns="http://www.garmin.com/xmlschemas/ActivityExtension/v2"><Speed>2.6</Speed></TPX></Extensions></Trackpoint><Trackpoint><Time>2026-03-31T16:51:37+00:00</Time><DistanceMeters>1922.9</DistanceMeters><Position><LatitudeDegrees>50.590767</LatitudeDegrees><LongitudeDegrees>3.060778</LongitudeDegrees></Position><AltitudeMeters>50.4</AltitudeMeters><Extensions><TPX xmlns="http://www.garmin.com/xmlschemas/ActivityExtension/v2"><Speed>2.32</Speed></TPX></Extensions></Trackpoint><Trackpoint><Time>2026-03-31T16:51:38+00:00</Time><DistanceMeters>1926.7</DistanceMeters><Position><LatitudeDegrees>50.590728</LatitudeDegrees><LongitudeDegrees>3.060815</LongitudeDegrees></Position><AltitudeMeters>50.4</AltitudeMeters><Extensions><TPX xmlns="http://www.garmin.com/xmlschemas/ActivityExtension/v2"><Speed>2.39</Speed></TPX></Extensions></Trackpoint><Trackpoint><Time>2026-03-31T16:51:39+00:00</Time><DistanceMeters>1930.4</DistanceMeters><Position><LatitudeDegrees>50.590714</LatitudeDegrees><LongitudeDegrees>3.060843</LongitudeDegrees></Position><AltitudeMeters>50.4</AltitudeMeters><Extensions><TPX xmlns="http://www.garmin.com/xmlschemas/ActivityExtension/v2"><Speed>3.14</Speed></TPX></Extensions></Trackpoint><Trackpoint><Time>2026-03-31T16:51:40+00:00</Time><DistanceMeters>1933.5</DistanceMeters><Position><LatitudeDegrees>50.590681</LatitudeDegrees><LongitudeDegrees>3.060878</LongitudeDegrees></Position><AltitudeMeters>50.4</AltitudeMeters><Extensions><TPX xmlns="http://www.garmin.com/xmlschemas/ActivityExtension/v2"><Speed>3.04</Speed></TPX></Extensions></Trackpoint><Trackpoint><Time>2026-03-31T16:51:41+00:00</Time><DistanceMeters>1936.6</DistanceMeters><Position><LatitudeDegrees>50.590669</LatitudeDegrees><LongitudeDegrees>3.060896</LongitudeDegrees></Position><AltitudeMeters>50.4</AltitudeMeters><Extensions><TPX xmlns="http://www.garmin.com/xmlschemas/ActivityExtension/v2"><Speed>3.2</Speed></TPX></Extensions></Trackpoint><Trackpoint><Time>2026-03-31T16:51:42+00:00</Time><DistanceMeters>1939.6</DistanceMeters><Position><LatitudeDegrees>50.590645</LatitudeDegrees><LongitudeDegrees>3.060914</LongitudeDegrees></Position><AltitudeMeters>50.4</AltitudeMeters><Extensions><TPX xmlns="http://www.garmin.com/xmlschemas/ActivityExtension/v2"><Speed>3.34</Speed></TPX></Extensions></Trackpoint><Trackpoint><Time>2026-03-31T16:51:43+00:00</Time><DistanceMeters>1942.8</DistanceMeters><Position><LatitudeDegrees>50.59062</LatitudeDegrees><LongitudeDegrees>3.060938</LongitudeDegrees></Position><AltitudeMeters>50.4</AltitudeMeters><Extensions><TPX xmlns="http://www.garmin.com/xmlschemas/ActivityExtension/v2"><Speed>3.23</Speed></TPX></Extensions></Trackpoint><Trackpoint><Time>2026-03-31T16:51:44+00:00</Time><DistanceMeters>1945.5</DistanceMeters><Position><LatitudeDegrees>50.590586</LatitudeDegrees><LongitudeDegrees>3.060958</LongitudeDegrees></Position><AltitudeMeters>50.4</AltitudeMeters><Extensions><TPX xmlns="http://www.garmin.com/xmlschemas/ActivityExtension/v2"><Speed>3.02</Speed></TPX></Extensions></Trackpoint><Trackpoint><Time>2026-03-31T16:51:45+00:00</Time><DistanceMeters>1948.2</DistanceMeters><Position><LatitudeDegrees>50.590575</LatitudeDegrees><LongitudeDegrees>3.060963</LongitudeDegrees></Position><AltitudeMeters>50.4</AltitudeMeters><Extensions><TPX xmlns="http://www.garmin.com/xmlschemas/ActivityExtension/v2"><Speed>2.94</Speed></TPX></Extensions></Trackpoint><Trackpoint><Time>2026-03-31T16:51:46+00:00</Time><DistanceMeters>1950.8</DistanceMeters><Position><LatitudeDegrees>50.590541</LatitudeDegrees><LongitudeDegrees>3.060983</LongitudeDegrees></Position><AltitudeMeters>50.4</AltitudeMeters><Extensions><TPX xmlns="http://www.garmin.com/xmlschemas/ActivityExtension/v2"><Speed>2.83</Speed></TPX></Extensions></Trackpoint><Trackpoint><Time>2026-03-31T16:51:47+00:00</Time><DistanceMeters>1953.3</DistanceMeters><Position><LatitudeDegrees>50.590531</LatitudeDegrees><LongitudeDegrees>3.060989</LongitudeDegrees></Position><AltitudeMeters>50.4</AltitudeMeters><Extensions><TPX xmlns="http://www.garmin.com/xmlschemas/ActivityExtension/v2"><Speed>2.74</Speed></TPX></Extensions></Trackpoint><Trackpoint><Time>2026-03-31T16:51:48+00:00</Time><DistanceMeters>1956.0</DistanceMeters><Position><LatitudeDegrees>50.590498</LatitudeDegrees><LongitudeDegrees>3.061009</LongitudeDegrees></Position><AltitudeMeters>50.4</AltitudeMeters><Extensions><TPX xmlns="http://www.garmin.com/xmlschemas/ActivityExtension/v2"><Speed>2.63</Speed></TPX></Extensions></Trackpoint><Trackpoint><Time>2026-03-31T16:51:49+00:00</Time><DistanceMeters>1958.6</DistanceMeters><Position><LatitudeDegrees>50.590487</LatitudeDegrees><LongitudeDegrees>3.061015</LongitudeDegrees></Position><AltitudeMeters>50.4</AltitudeMeters><Extensions><TPX xmlns="http://www.garmin.com/xmlschemas/ActivityExtension/v2"><Speed>2.62</Speed></TPX></Extensions></Trackpoint><Trackpoint><Time>2026-03-31T16:51:50+00:00</Time><DistanceMeters>1961.4</DistanceMeters><Position><LatitudeDegrees>50.590452</LatitudeDegrees><LongitudeDegrees>3.06103</LongitudeDegrees></Position><AltitudeMeters>50.4</AltitudeMeters><Extensions><TPX xmlns="http://www.garmin.com/xmlschemas/ActivityExtension/v2"><Speed>2.63</Speed></TPX></Extensions></Trackpoint><Trackpoint><Time>2026-03-31T16:51:51+00:00</Time><DistanceMeters>1964.1</DistanceMeters><Position><LatitudeDegrees>50.590439</LatitudeDegrees><LongitudeDegrees>3.061036</LongitudeDegrees></Position><AltitudeMeters>50.4</AltitudeMeters><Extensions><TPX xmlns="http://www.garmin.com/xmlschemas/ActivityExtension/v2"><Speed>2.67</Speed></TPX></Extensions></Trackpoint><Trackpoint><Time>2026-03-31T16:51:52+00:00</Time><DistanceMeters>1967.2</DistanceMeters><Position><LatitudeDegrees>50.590413</LatitudeDegrees><LongitudeDegrees>3.061048</LongitudeDegrees></Position><AltitudeMeters>50.5</AltitudeMeters><Extensions><TPX xmlns="http://www.garmin.com/xmlschemas/ActivityExtension/v2"><Speed>2.78</Speed></TPX></Extensions></Trackpoint><Trackpoint><Time>2026-03-31T16:51:53+00:00</Time><DistanceMeters>1970.1</DistanceMeters><Position><LatitudeDegrees>50.590378</LatitudeDegrees><LongitudeDegrees>3.061066</LongitudeDegrees></Position><AltitudeMeters>50.5</AltitudeMeters><Extensions><TPX xmlns="http://www.garmin.com/xmlschemas/ActivityExtension/v2"><Speed>2.82</Speed></TPX></Extensions></Trackpoint><Trackpoint><Time>2026-03-31T16:51:54+00:00</Time><DistanceMeters>1972.9</DistanceMeters><Position><LatitudeDegrees>50.590364</LatitudeDegrees><LongitudeDegrees>3.06107</LongitudeDegrees></Position><AltitudeMeters>50.5</AltitudeMeters><Extensions><TPX xmlns="http://www.garmin.com/xmlschemas/ActivityExtension/v2"><Speed>2.86</Speed></TPX></Extensions></Trackpoint><Trackpoint><Time>2026-03-31T16:51:55+00:00</Time><DistanceMeters>1975.8</DistanceMeters><Position><LatitudeDegrees>50.590329</LatitudeDegrees><LongitudeDegrees>3.061089</LongitudeDegrees></Position><AltitudeMeters>50.5</AltitudeMeters><Extensions><TPX xmlns="http://www.garmin.com/xmlschemas/ActivityExtension/v2"><Speed>2.88</Speed></TPX></Extensions></Trackpoint><Trackpoint><Time>2026-03-31T16:51:56+00:00</Time><DistanceMeters>1978.6</DistanceMeters><Position><LatitudeDegrees>50.590314</LatitudeDegrees><LongitudeDegrees>3.061094</LongitudeDegrees></Position><AltitudeMeters>50.5</AltitudeMeters><Extensions><TPX xmlns="http://www.garmin.com/xmlschemas/ActivityExtension/v2"><Speed>2.9</Speed></TPX></Extensions></Trackpoint><Trackpoint><Time>2026-03-31T16:51:57+00:00</Time><DistanceMeters>1981.2</DistanceMeters><Position><LatitudeDegrees>50.590279</LatitudeDegrees><LongitudeDegrees>3.06111</LongitudeDegrees></Position><AltitudeMeters>50.5</AltitudeMeters><Extensions><TPX xmlns="http://www.garmin.com/xmlschemas/ActivityExtension/v2"><Speed>2.8</Speed></TPX></Extensions></Trackpoint><Trackpoint><Time>2026-03-31T16:51:58+00:00</Time><DistanceMeters>1983.8</DistanceMeters><Position><LatitudeDegrees>50.590269</LatitudeDegrees><LongitudeDegrees>3.061114</LongitudeDegrees></Position><AltitudeMeters>50.5</AltitudeMeters><Extensions><TPX xmlns="http://www.garmin.com/xmlschemas/ActivityExtension/v2"><Speed>2.75</Speed></TPX></Extensions></Trackpoint><Trackpoint><Time>2026-03-31T16:51:59+00:00</Time><DistanceMeters>1987.2</DistanceMeters><Position><LatitudeDegrees>50.590241</LatitudeDegrees><LongitudeDegrees>3.061128</LongitudeDegrees></Position><AltitudeMeters>50.5</AltitudeMeters><Extensions><TPX xmlns="http://www.garmin.com/xmlschemas/ActivityExtension/v2"><Speed>2.86</Speed></TPX></Extensions></Trackpoint><Trackpoint><Time>2026-03-31T16:52:00+00:00</Time><DistanceMeters>1989.5</DistanceMeters><Position><LatitudeDegrees>50.590214</LatitudeDegrees><LongitudeDegrees>3.061147</LongitudeDegrees></Position><AltitudeMeters>50.5</AltitudeMeters><Extensions><TPX xmlns="http://www.garmin.com/xmlschemas/ActivityExtension/v2"><Speed>2.74</Speed></TPX></Extensions></Trackpoint><Trackpoint><Time>2026-03-31T16:52:01+00:00</Time><DistanceMeters>1991.7</DistanceMeters><Position><LatitudeDegrees>50.590203</LatitudeDegrees><LongitudeDegrees>3.061152</LongitudeDegrees></Position><AltitudeMeters>50.5</AltitudeMeters><Extensions><TPX xmlns="http://www.garmin.com/xmlschemas/ActivityExtension/v2"><Speed>2.62</Speed></TPX></Extensions></Trackpoint><Trackpoint><Time>2026-03-31T16:52:02+00:00</Time><DistanceMeters>1995.3</DistanceMeters><Position><LatitudeDegrees>50.590171</LatitudeDegrees><LongitudeDegrees>3.061165</LongitudeDegrees></Position><AltitudeMeters>50.6</AltitudeMeters><Extensions><TPX xmlns="http://www.garmin.com/xmlschemas/ActivityExtension/v2"><Speed>2.82</Speed></TPX></Extensions></Trackpoint><Trackpoint><Time>2026-03-31T16:52:03+00:00</Time><DistanceMeters>1998.6</DistanceMeters><Position><LatitudeDegrees>50.590143</LatitudeDegrees><LongitudeDegrees>3.06118</LongitudeDegrees></Position><AltitudeMeters>50.6</AltitudeMeters><Extensions><TPX xmlns="http://www.garmin.com/xmlschemas/ActivityExtension/v2"><Speed>2.96</Speed></TPX></Extensions></Trackpoint><Trackpoint><Time>2026-03-31T16:52:04+00:00</Time><DistanceMeters>2000.9</DistanceMeters><Position><LatitudeDegrees>50.590117</LatitudeDegrees><LongitudeDegrees>3.061196</LongitudeDegrees></Position><AltitudeMeters>50.6</AltitudeMeters><Extensions><TPX xmlns="http://www.garmin.com/xmlschemas/ActivityExtension/v2"><Speed>2.73</Speed></TPX></Extensions></Trackpoint><Trackpoint><Time>2026-03-31T16:52:05+00:00</Time><DistanceMeters>2003.1</DistanceMeters><Position><LatitudeDegrees>50.590105</LatitudeDegrees><LongitudeDegrees>3.061201</LongitudeDegrees></Position><AltitudeMeters>50.6</AltitudeMeters><Extensions><TPX xmlns="http://www.garmin.com/xmlschemas/ActivityExtension/v2"><Speed>2.73</Speed></TPX></Extensions></Trackpoint><Trackpoint><Time>2026-03-31T16:52:06+00:00</Time><DistanceMeters>2006.3</DistanceMeters><Position><LatitudeDegrees>50.590077</LatitudeDegrees><LongitudeDegrees>3.061212</LongitudeDegrees></Position><AltitudeMeters>50.6</AltitudeMeters><Extensions><TPX xmlns="http://www.garmin.com/xmlschemas/ActivityExtension/v2"><Speed>2.92</Speed></TPX></Extensions></Trackpoint><Trackpoint><Time>2026-03-31T16:52:07+00:00</Time><DistanceMeters>2009.3</DistanceMeters><Position><LatitudeDegrees>50.590041</LatitudeDegrees><LongitudeDegrees>3.061237</LongitudeDegrees></Position><AltitudeMeters>50.6</AltitudeMeters><Extensions><TPX xmlns="http://www.garmin.com/xmlschemas/ActivityExtension/v2"><Speed>2.79</Speed></TPX></Extensions></Trackpoint><Trackpoint><Time>2026-03-31T16:52:08+00:00</Time><DistanceMeters>2012.2</DistanceMeters><Position><LatitudeDegrees>50.590028</LatitudeDegrees><LongitudeDegrees>3.061243</LongitudeDegrees></Position><AltitudeMeters>50.6</AltitudeMeters><Extensions><TPX xmlns="http://www.garmin.com/xmlschemas/ActivityExtension/v2"><Speed>2.72</Speed></TPX></Extensions></Trackpoint><Trackpoint><Time>2026-03-31T16:52:09+00:00</Time><DistanceMeters>2014.9</DistanceMeters><Position><LatitudeDegrees>50.589996</LatitudeDegrees><LongitudeDegrees>3.061267</LongitudeDegrees></Position><AltitudeMeters>50.7</AltitudeMeters><Extensions><TPX xmlns="http://www.garmin.com/xmlschemas/ActivityExtension/v2"><Speed>2.8</Speed></TPX></Extensions></Trackpoint><Trackpoint><Time>2026-03-31T16:52:10+00:00</Time><DistanceMeters>2017.5</DistanceMeters><Position><LatitudeDegrees>50.589983</LatitudeDegrees><LongitudeDegrees>3.061268</LongitudeDegrees></Position><AltitudeMeters>50.7</AltitudeMeters><Extensions><TPX xmlns="http://www.garmin.com/xmlschemas/ActivityExtension/v2"><Speed>2.88</Speed></TPX></Extensions></Trackpoint><Trackpoint><Time>2026-03-31T16:52:11+00:00</Time><DistanceMeters>2020.4</DistanceMeters><Position><LatitudeDegrees>50.589947</LatitudeDegrees><LongitudeDegrees>3.061286</LongitudeDegrees></Position><AltitudeMeters>50.7</AltitudeMeters><Extensions><TPX xmlns="http://www.garmin.com/xmlschemas/ActivityExtension/v2"><Speed>2.81</Speed></TPX></Extensions></Trackpoint><Trackpoint><Time>2026-03-31T16:52:12+00:00</Time><DistanceMeters>2023.2</DistanceMeters><Position><LatitudeDegrees>50.589934</LatitudeDegrees><LongitudeDegrees>3.061291</LongitudeDegrees></Position><AltitudeMeters>50.7</AltitudeMeters><Extensions><TPX xmlns="http://www.garmin.com/xmlschemas/ActivityExtension/v2"><Speed>2.79</Speed></TPX></Extensions></Trackpoint><Trackpoint><Time>2026-03-31T16:52:13+00:00</Time><DistanceMeters>2025.9</DistanceMeters><Position><LatitudeDegrees>50.589899</LatitudeDegrees><LongitudeDegrees>3.061304</LongitudeDegrees></Position><AltitudeMeters>50.7</AltitudeMeters><Extensions><TPX xmlns="http://www.garmin.com/xmlschemas/ActivityExtension/v2"><Speed>2.74</Speed></TPX></Extensions></Trackpoint><Trackpoint><Time>2026-03-31T16:52:14+00:00</Time><DistanceMeters>2028.6</DistanceMeters><Position><LatitudeDegrees>50.589887</LatitudeDegrees><LongitudeDegrees>3.061309</LongitudeDegrees></Position><AltitudeMeters>50.7</AltitudeMeters><Extensions><TPX xmlns="http://www.garmin.com/xmlschemas/ActivityExtension/v2"><Speed>2.75</Speed></TPX></Extensions></Trackpoint><Trackpoint><Time>2026-03-31T16:52:15+00:00</Time><DistanceMeters>2031.0</DistanceMeters><Position><LatitudeDegrees>50.589857</LatitudeDegrees><LongitudeDegrees>3.061323</LongitudeDegrees></Position><AltitudeMeters>50.7</AltitudeMeters><Extensions><TPX xmlns="http://www.garmin.com/xmlschemas/ActivityExtension/v2"><Speed>2.69</Speed></TPX></Extensions></Trackpoint><Trackpoint><Time>2026-03-31T16:52:16+00:00</Time><DistanceMeters>2033.3</DistanceMeters><Position><LatitudeDegrees>50.589846</LatitudeDegrees><LongitudeDegrees>3.061326</LongitudeDegrees></Position><AltitudeMeters>50.8</AltitudeMeters><Extensions><TPX xmlns="http://www.garmin.com/xmlschemas/ActivityExtension/v2"><Speed>2.59</Speed></TPX></Extensions></Trackpoint><Trackpoint><Time>2026-03-31T16:52:17+00:00</Time><DistanceMeters>2035.6</DistanceMeters><Position><LatitudeDegrees>50.589815</LatitudeDegrees><LongitudeDegrees>3.061339</LongitudeDegrees></Position><AltitudeMeters>50.8</AltitudeMeters><Extensions><TPX xmlns="http://www.garmin.com/xmlschemas/ActivityExtension/v2"><Speed>2.48</Speed></TPX></Extensions></Trackpoint><Trackpoint><Time>2026-03-31T16:52:18+00:00</Time><DistanceMeters>2037.9</DistanceMeters><Position><LatitudeDegrees>50.589807</LatitudeDegrees><LongitudeDegrees>3.061345</LongitudeDegrees></Position><AltitudeMeters>50.8</AltitudeMeters><Extensions><TPX xmlns="http://www.garmin.com/xmlschemas/ActivityExtension/v2"><Speed>2.4</Speed></TPX></Extensions></Trackpoint><Trackpoint><Time>2026-03-31T16:52:19+00:00</Time><DistanceMeters>2040.5</DistanceMeters><Position><LatitudeDegrees>50.589775</LatitudeDegrees><LongitudeDegrees>3.061363</LongitudeDegrees></Position><AltitudeMeters>50.8</AltitudeMeters><Extensions><TPX xmlns="http://www.garmin.com/xmlschemas/ActivityExtension/v2"><Speed>2.38</Speed></TPX></Extensions></Trackpoint><Trackpoint><Time>2026-03-31T16:52:20+00:00</Time><DistanceMeters>2043.1</DistanceMeters><Position><LatitudeDegrees>50.589763</LatitudeDegrees><LongitudeDegrees>3.06137</LongitudeDegrees></Position><AltitudeMeters>50.8</AltitudeMeters><Extensions><TPX xmlns="http://www.garmin.com/xmlschemas/ActivityExtension/v2"><Speed>2.43</Speed></TPX></Extensions></Trackpoint><Trackpoint><Time>2026-03-31T16:52:21+00:00</Time><DistanceMeters>2045.7</DistanceMeters><Position><LatitudeDegrees>50.589729</LatitudeDegrees><LongitudeDegrees>3.061384</LongitudeDegrees></Position><AltitudeMeters>50.8</AltitudeMeters><Extensions><TPX xmlns="http://www.garmin.com/xmlschemas/ActivityExtension/v2"><Speed>2.48</Speed></TPX></Extensions></Trackpoint><Trackpoint><Time>2026-03-31T16:52:22+00:00</Time><DistanceMeters>2048.3</DistanceMeters><Position><LatitudeDegrees>50.589718</LatitudeDegrees><LongitudeDegrees>3.06139</LongitudeDegrees></Position><AltitudeMeters>50.8</AltitudeMeters><Extensions><TPX xmlns="http://www.garmin.com/xmlschemas/ActivityExtension/v2"><Speed>2.54</Speed></TPX></Extensions></Trackpoint><Trackpoint><Time>2026-03-31T16:52:23+00:00</Time><DistanceMeters>2050.7</DistanceMeters><Position><LatitudeDegrees>50.58969</LatitudeDegrees><LongitudeDegrees>3.061407</LongitudeDegrees></Position><AltitudeMeters>50.8</AltitudeMeters><Extensions><TPX xmlns="http://www.garmin.com/xmlschemas/ActivityExtension/v2"><Speed>2.55</Speed></TPX></Extensions></Trackpoint><Trackpoint><Time>2026-03-31T16:52:24+00:00</Time><DistanceMeters>2053.0</DistanceMeters><Position><LatitudeDegrees>50.589678</LatitudeDegrees><LongitudeDegrees>3.061412</LongitudeDegrees></Position><AltitudeMeters>50.8</AltitudeMeters><Extensions><TPX xmlns="http://www.garmin.com/xmlschemas/ActivityExtension/v2"><Speed>2.5</Speed></TPX></Extensions></Trackpoint><Trackpoint><Time>2026-03-31T16:52:25+00:00</Time><DistanceMeters>2056.6</DistanceMeters><Position><LatitudeDegrees>50.589646</LatitudeDegrees><LongitudeDegrees>3.06142</LongitudeDegrees></Position><AltitudeMeters>50.9</AltitudeMeters><Extensions><TPX xmlns="http://www.garmin.com/xmlschemas/ActivityExtension/v2"><Speed>2.7</Speed></TPX></Extensions></Trackpoint><Trackpoint><Time>2026-03-31T16:52:26+00:00</Time><DistanceMeters>2059.0</DistanceMeters><Position><LatitudeDegrees>50.589617</LatitudeDegrees><LongitudeDegrees>3.061432</LongitudeDegrees></Position><AltitudeMeters>50.9</AltitudeMeters><Extensions><TPX xmlns="http://www.garmin.com/xmlschemas/ActivityExtension/v2"><Speed>2.66</Speed></TPX></Extensions></Trackpoint><Trackpoint><Time>2026-03-31T16:52:27+00:00</Time><DistanceMeters>2061.4</DistanceMeters><Position><LatitudeDegrees>50.589604</LatitudeDegrees><LongitudeDegrees>3.061437</LongitudeDegrees></Position><AltitudeMeters>50.9</AltitudeMeters><Extensions><TPX xmlns="http://www.garmin.com/xmlschemas/ActivityExtension/v2"><Speed>2.62</Speed></TPX></Extensions></Trackpoint><Trackpoint><Time>2026-03-31T16:52:28+00:00</Time><DistanceMeters>2064.9</DistanceMeters><Position><LatitudeDegrees>50.589574</LatitudeDegrees><LongitudeDegrees>3.061449</LongitudeDegrees></Position><AltitudeMeters>50.9</AltitudeMeters><Extensions><TPX xmlns="http://www.garmin.com/xmlschemas/ActivityExtension/v2"><Speed>2.85</Speed></TPX></Extensions></Trackpoint><Trackpoint><Time>2026-03-31T16:52:29+00:00</Time><DistanceMeters>2067.8</DistanceMeters><Position><LatitudeDegrees>50.589539</LatitudeDegrees><LongitudeDegrees>3.061465</LongitudeDegrees></Position><AltitudeMeters>50.9</AltitudeMeters><Extensions><TPX xmlns="http://www.garmin.com/xmlschemas/ActivityExtension/v2"><Speed>2.95</Speed></TPX></Extensions></Trackpoint><Trackpoint><Time>2026-03-31T16:52:30+00:00</Time><DistanceMeters>2070.6</DistanceMeters><Position><LatitudeDegrees>50.589524</LatitudeDegrees><LongitudeDegrees>3.061471</LongitudeDegrees></Position><AltitudeMeters>50.9</AltitudeMeters><Extensions><TPX xmlns="http://www.garmin.com/xmlschemas/ActivityExtension/v2"><Speed>2.8</Speed></TPX></Extensions></Trackpoint><Trackpoint><Time>2026-03-31T16:52:31+00:00</Time><DistanceMeters>2073.5</DistanceMeters><Position><LatitudeDegrees>50.589487</LatitudeDegrees><LongitudeDegrees>3.061484</LongitudeDegrees></Position><AltitudeMeters>51.0</AltitudeMeters><Extensions><TPX xmlns="http://www.garmin.com/xmlschemas/ActivityExtension/v2"><Speed>2.89</Speed></TPX></Extensions></Trackpoint><Trackpoint><Time>2026-03-31T16:52:32+00:00</Time><DistanceMeters>2076.3</DistanceMeters><Position><LatitudeDegrees>50.589474</LatitudeDegrees><LongitudeDegrees>3.061488</LongitudeDegrees></Position><AltitudeMeters>51.0</AltitudeMeters><Extensions><TPX xmlns="http://www.garmin.com/xmlschemas/ActivityExtension/v2"><Speed>2.98</Speed></TPX></Extensions></Trackpoint><Trackpoint><Time>2026-03-31T16:52:33+00:00</Time><DistanceMeters>2078.5</DistanceMeters><Position><LatitudeDegrees>50.589446</LatitudeDegrees><LongitudeDegrees>3.061507</LongitudeDegrees></Position><AltitudeMeters>51.0</AltitudeMeters><Extensions><TPX xmlns="http://www.garmin.com/xmlschemas/ActivityExtension/v2"><Speed>2.71</Speed></TPX></Extensions></Trackpoint><Trackpoint><Time>2026-03-31T16:52:34+00:00</Time><DistanceMeters>2080.6</DistanceMeters><Position><LatitudeDegrees>50.589438</LatitudeDegrees><LongitudeDegrees>3.061511</LongitudeDegrees></Position><AltitudeMeters>51.0</AltitudeMeters><Extensions><TPX xmlns="http://www.garmin.com/xmlschemas/ActivityExtension/v2"><Speed>2.57</Speed></TPX></Extensions></Trackpoint><Trackpoint><Time>2026-03-31T16:52:35+00:00</Time><DistanceMeters>2083.4</DistanceMeters><Position><LatitudeDegrees>50.589403</LatitudeDegrees><LongitudeDegrees>3.061526</LongitudeDegrees></Position><AltitudeMeters>51.0</AltitudeMeters><Extensions><TPX xmlns="http://www.garmin.com/xmlschemas/ActivityExtension/v2"><Speed>2.56</Speed></TPX></Extensions></Trackpoint><Trackpoint><Time>2026-03-31T16:52:36+00:00</Time><DistanceMeters>2086.2</DistanceMeters><Position><LatitudeDegrees>50.58939</LatitudeDegrees><LongitudeDegrees>3.061533</LongitudeDegrees></Position><AltitudeMeters>51.0</AltitudeMeters><Extensions><TPX xmlns="http://www.garmin.com/xmlschemas/ActivityExtension/v2"><Speed>2.55</Speed></TPX></Extensions></Trackpoint><Trackpoint><Time>2026-03-31T16:52:37+00:00</Time><DistanceMeters>2088.4</DistanceMeters><Position><LatitudeDegrees>50.589362</LatitudeDegrees><LongitudeDegrees>3.06154</LongitudeDegrees></Position><AltitudeMeters>51.0</AltitudeMeters><Extensions><TPX xmlns="http://www.garmin.com/xmlschemas/ActivityExtension/v2"><Speed>2.41</Speed></TPX></Extensions></Trackpoint><Trackpoint><Time>2026-03-31T16:52:38+00:00</Time><DistanceMeters>2090.5</DistanceMeters><Position><LatitudeDegrees>50.589352</LatitudeDegrees><LongitudeDegrees>3.061544</LongitudeDegrees></Position><AltitudeMeters>51.0</AltitudeMeters><Extensions><TPX xmlns="http://www.garmin.com/xmlschemas/ActivityExtension/v2"><Speed>2.41</Speed></TPX></Extensions></Trackpoint><Trackpoint><Time>2026-03-31T16:52:39+00:00</Time><DistanceMeters>2093.0</DistanceMeters><Position><LatitudeDegrees>50.589322</LatitudeDegrees><LongitudeDegrees>3.06156</LongitudeDegrees></Position><AltitudeMeters>51.1</AltitudeMeters><Extensions><TPX xmlns="http://www.garmin.com/xmlschemas/ActivityExtension/v2"><Speed>2.47</Speed></TPX></Extensions></Trackpoint><Trackpoint><Time>2026-03-31T16:52:40+00:00</Time><DistanceMeters>2095.4</DistanceMeters><Position><LatitudeDegrees>50.589308</LatitudeDegrees><LongitudeDegrees>3.061558</LongitudeDegrees></Position><AltitudeMeters>51.1</AltitudeMeters><Extensions><TPX xmlns="http://www.garmin.com/xmlschemas/ActivityExtension/v2"><Speed>2.4</Speed></TPX></Extensions></Trackpoint><Trackpoint><Time>2026-03-31T16:52:41+00:00</Time><DistanceMeters>2098.7</DistanceMeters><Position><LatitudeDegrees>50.589267</LatitudeDegrees><LongitudeDegrees>3.061564</LongitudeDegrees></Position><AltitudeMeters>51.1</AltitudeMeters><Extensions><TPX xmlns="http://www.garmin.com/xmlschemas/ActivityExtension/v2"><Speed>2.49</Speed></TPX></Extensions></Trackpoint><Trackpoint><Time>2026-03-31T16:52:42+00:00</Time><DistanceMeters>2101.9</DistanceMeters><Position><LatitudeDegrees>50.58925</LatitudeDegrees><LongitudeDegrees>3.061567</LongitudeDegrees></Position><AltitudeMeters>51.1</AltitudeMeters><Extensions><TPX xmlns="http://www.garmin.com/xmlschemas/ActivityExtension/v2"><Speed>2.71</Speed></TPX></Extensions></Trackpoint><Trackpoint><Time>2026-03-31T16:52:43+00:00</Time><DistanceMeters>2104.2</DistanceMeters><Position><LatitudeDegrees>50.589218</LatitudeDegrees><LongitudeDegrees>3.061568</LongitudeDegrees></Position><AltitudeMeters>51.1</AltitudeMeters><Extensions><TPX xmlns="http://www.garmin.com/xmlschemas/ActivityExtension/v2"><Speed>2.73</Speed></TPX></Extensions></Trackpoint><Trackpoint><Time>2026-03-31T16:52:44+00:00</Time><DistanceMeters>2106.4</DistanceMeters><Position><LatitudeDegrees>50.58921</LatitudeDegrees><LongitudeDegrees>3.061567</LongitudeDegrees></Position><AltitudeMeters>51.1</AltitudeMeters><Extensions><TPX xmlns="http://www.garmin.com/xmlschemas/ActivityExtension/v2"><Speed>2.69</Speed></TPX></Extensions></Trackpoint><Trackpoint><Time>2026-03-31T16:52:45+00:00</Time><DistanceMeters>2109.3</DistanceMeters><Position><LatitudeDegrees>50.589174</LatitudeDegrees><LongitudeDegrees>3.061571</LongitudeDegrees></Position><AltitudeMeters>51.1</AltitudeMeters><Extensions><TPX xmlns="http://www.garmin.com/xmlschemas/ActivityExtension/v2"><Speed>2.77</Speed></TPX></Extensions></Trackpoint><Trackpoint><Time>2026-03-31T16:52:46+00:00</Time><DistanceMeters>2112.1</DistanceMeters><Position><LatitudeDegrees>50.589159</LatitudeDegrees><LongitudeDegrees>3.061573</LongitudeDegrees></Position><AltitudeMeters>51.1</AltitudeMeters><Extensions><TPX xmlns="http://www.garmin.com/xmlschemas/ActivityExtension/v2"><Speed>2.69</Speed></TPX></Extensions></Trackpoint><Trackpoint><Time>2026-03-31T16:52:47+00:00</Time><DistanceMeters>2114.5</DistanceMeters><Position><LatitudeDegrees>50.589129</LatitudeDegrees><LongitudeDegrees>3.061577</LongitudeDegrees></Position><AltitudeMeters>51.1</AltitudeMeters><Extensions><TPX xmlns="http://www.garmin.com/xmlschemas/ActivityExtension/v2"><Speed>2.51</Speed></TPX></Extensions></Trackpoint><Trackpoint><Time>2026-03-31T16:52:48+00:00</Time><DistanceMeters>2116.8</DistanceMeters><Position><LatitudeDegrees>50.589117</LatitudeDegrees><LongitudeDegrees>3.061579</LongitudeDegrees></Position><AltitudeMeters>51.1</AltitudeMeters><Extensions><TPX xmlns="http://www.garmin.com/xmlschemas/ActivityExtension/v2"><Speed>2.53</Speed></TPX></Extensions></Trackpoint><Trackpoint><Time>2026-03-31T16:52:49+00:00</Time><DistanceMeters>2119.0</DistanceMeters><Position><LatitudeDegrees>50.589089</LatitudeDegrees><LongitudeDegrees>3.061588</LongitudeDegrees></Position><AltitudeMeters>51.1</AltitudeMeters><Extensions><TPX xmlns="http://www.garmin.com/xmlschemas/ActivityExtension/v2"><Speed>2.52</Speed></TPX></Extensions></Trackpoint><Trackpoint><Time>2026-03-31T16:52:50+00:00</Time><DistanceMeters>2121.2</DistanceMeters><Position><LatitudeDegrees>50.589078</LatitudeDegrees><LongitudeDegrees>3.061588</LongitudeDegrees></Position><AltitudeMeters>51.1</AltitudeMeters><Extensions><TPX xmlns="http://www.garmin.com/xmlschemas/ActivityExtension/v2"><Speed>2.39</Speed></TPX></Extensions></Trackpoint><Trackpoint><Time>2026-03-31T16:52:51+00:00</Time><DistanceMeters>2124.0</DistanceMeters><Position><LatitudeDegrees>50.589041</LatitudeDegrees><LongitudeDegrees>3.061589</LongitudeDegrees></Position><AltitudeMeters>51.1</AltitudeMeters><Extensions><TPX xmlns="http://www.garmin.com/xmlschemas/ActivityExtension/v2"><Speed>2.38</Speed></TPX></Extensions></Trackpoint><Trackpoint><Time>2026-03-31T16:52:52+00:00</Time><DistanceMeters>2126.8</DistanceMeters><Position><LatitudeDegrees>50.589027</LatitudeDegrees><LongitudeDegrees>3.061589</LongitudeDegrees></Position><AltitudeMeters>51.1</AltitudeMeters><Extensions><TPX xmlns="http://www.garmin.com/xmlschemas/ActivityExtension/v2"><Speed>2.47</Speed></TPX></Extensions></Trackpoint><Trackpoint><Time>2026-03-31T16:52:53+00:00</Time><DistanceMeters>2129.3</DistanceMeters><Position><LatitudeDegrees>50.588996</LatitudeDegrees><LongitudeDegrees>3.061597</LongitudeDegrees></Position><AltitudeMeters>51.1</AltitudeMeters><Extensions><TPX xmlns="http://www.garmin.com/xmlschemas/ActivityExtension/v2"><Speed>2.49</Speed></TPX></Extensions></Trackpoint><Trackpoint><Time>2026-03-31T16:52:54+00:00</Time><DistanceMeters>2131.7</DistanceMeters><Position><LatitudeDegrees>50.588984</LatitudeDegrees><LongitudeDegrees>3.061598</LongitudeDegrees></Position><AltitudeMeters>51.1</AltitudeMeters><Extensions><TPX xmlns="http://www.garmin.com/xmlschemas/ActivityExtension/v2"><Speed>2.54</Speed></TPX></Extensions></Trackpoint><Trackpoint><Time>2026-03-31T16:52:55+00:00</Time><DistanceMeters>2134.6</DistanceMeters><Position><LatitudeDegrees>50.588946</LatitudeDegrees><LongitudeDegrees>3.061603</LongitudeDegrees></Position><AltitudeMeters>51.0</AltitudeMeters><Extensions><TPX xmlns="http://www.garmin.com/xmlschemas/ActivityExtension/v2"><Speed>2.67</Speed></TPX></Extensions></Trackpoint><Trackpoint><Time>2026-03-31T16:52:56+00:00</Time><DistanceMeters>2137.4</DistanceMeters><Position><LatitudeDegrees>50.588933</LatitudeDegrees><LongitudeDegrees>3.061604</LongitudeDegrees></Position><AltitudeMeters>51.0</AltitudeMeters><Extensions><TPX xmlns="http://www.garmin.com/xmlschemas/ActivityExtension/v2"><Speed>2.68</Speed></TPX></Extensions></Trackpoint><Trackpoint><Time>2026-03-31T16:52:57+00:00</Time><DistanceMeters>2140.4</DistanceMeters><Position><LatitudeDegrees>50.588906</LatitudeDegrees><LongitudeDegrees>3.061613</LongitudeDegrees></Position><AltitudeMeters>51.0</AltitudeMeters><Extensions><TPX xmlns="http://www.garmin.com/xmlschemas/ActivityExtension/v2"><Speed>2.72</Speed></TPX></Extensions></Trackpoint><Trackpoint><Time>2026-03-31T16:52:58+00:00</Time><DistanceMeters>2143.2</DistanceMeters><Position><LatitudeDegrees>50.58887</LatitudeDegrees><LongitudeDegrees>3.061614</LongitudeDegrees></Position><AltitudeMeters>51.0</AltitudeMeters><Extensions><TPX xmlns="http://www.garmin.com/xmlschemas/ActivityExtension/v2"><Speed>2.78</Speed></TPX></Extensions></Trackpoint><Trackpoint><Time>2026-03-31T16:52:59+00:00</Time><DistanceMeters>2145.9</DistanceMeters><Position><LatitudeDegrees>50.588857</LatitudeDegrees><LongitudeDegrees>3.061614</LongitudeDegrees></Position><AltitudeMeters>50.9</AltitudeMeters><Extensions><TPX xmlns="http://www.garmin.com/xmlschemas/ActivityExtension/v2"><Speed>2.84</Speed></TPX></Extensions></Trackpoint><Trackpoint><Time>2026-03-31T16:53:00+00:00</Time><DistanceMeters>2149.0</DistanceMeters><Position><LatitudeDegrees>50.588817</LatitudeDegrees><LongitudeDegrees>3.061615</LongitudeDegrees></Position><AltitudeMeters>50.9</AltitudeMeters><Extensions><TPX xmlns="http://www.garmin.com/xmlschemas/ActivityExtension/v2"><Speed>2.88</Speed></TPX></Extensions></Trackpoint><Trackpoint><Time>2026-03-31T16:53:01+00:00</Time><DistanceMeters>2152.0</DistanceMeters><Position><LatitudeDegrees>50.588802</LatitudeDegrees><LongitudeDegrees>3.061615</LongitudeDegrees></Position><AltitudeMeters>50.9</AltitudeMeters><Extensions><TPX xmlns="http://www.garmin.com/xmlschemas/ActivityExtension/v2"><Speed>2.92</Speed></TPX></Extensions></Trackpoint><Trackpoint><Time>2026-03-31T16:53:02+00:00</Time><DistanceMeters>2155.0</DistanceMeters><Position><LatitudeDegrees>50.588762</LatitudeDegrees><LongitudeDegrees>3.061612</LongitudeDegrees></Position><AltitudeMeters>50.8</AltitudeMeters><Extensions><TPX xmlns="http://www.garmin.com/xmlschemas/ActivityExtension/v2"><Speed>2.91</Speed></TPX></Extensions></Trackpoint><Trackpoint><Time>2026-03-31T16:53:03+00:00</Time><DistanceMeters>2157.9</DistanceMeters><Position><LatitudeDegrees>50.588749</LatitudeDegrees><LongitudeDegrees>3.061612</LongitudeDegrees></Position><AltitudeMeters>50.8</AltitudeMeters><Extensions><TPX xmlns="http://www.garmin.com/xmlschemas/ActivityExtension/v2"><Speed>2.95</Speed></TPX></Extensions></Trackpoint><Trackpoint><Time>2026-03-31T16:53:04+00:00</Time><DistanceMeters>2160.6</DistanceMeters><Position><LatitudeDegrees>50.588714</LatitudeDegrees><LongitudeDegrees>3.061614</LongitudeDegrees></Position><AltitudeMeters>50.7</AltitudeMeters><Extensions><TPX xmlns="http://www.garmin.com/xmlschemas/ActivityExtension/v2"><Speed>2.93</Speed></TPX></Extensions></Trackpoint><Trackpoint><Time>2026-03-31T16:53:05+00:00</Time><DistanceMeters>2163.2</DistanceMeters><Position><LatitudeDegrees>50.588701</LatitudeDegrees><LongitudeDegrees>3.061614</LongitudeDegrees></Position><AltitudeMeters>50.7</AltitudeMeters><Extensions><TPX xmlns="http://www.garmin.com/xmlschemas/ActivityExtension/v2"><Speed>2.85</Speed></TPX></Extensions></Trackpoint><Trackpoint><Time>2026-03-31T16:53:06+00:00</Time><DistanceMeters>2165.6</DistanceMeters><Position><LatitudeDegrees>50.58867</LatitudeDegrees><LongitudeDegrees>3.061607</LongitudeDegrees></Position><AltitudeMeters>50.6</AltitudeMeters><Extensions><TPX xmlns="http://www.garmin.com/xmlschemas/ActivityExtension/v2"><Speed>2.73</Speed></TPX></Extensions></Trackpoint><Trackpoint><Time>2026-03-31T16:53:07+00:00</Time><DistanceMeters>2168.1</DistanceMeters><Position><LatitudeDegrees>50.588657</LatitudeDegrees><LongitudeDegrees>3.061606</LongitudeDegrees></Position><AltitudeMeters>50.6</AltitudeMeters><Extensions><TPX xmlns="http://www.garmin.com/xmlschemas/ActivityExtension/v2"><Speed>2.63</Speed></TPX></Extensions></Trackpoint><Trackpoint><Time>2026-03-31T16:53:08+00:00</Time><DistanceMeters>2170.6</DistanceMeters><Position><LatitudeDegrees>50.588624</LatitudeDegrees><LongitudeDegrees>3.061601</LongitudeDegrees></Position><AltitudeMeters>50.5</AltitudeMeters><Extensions><TPX xmlns="http://www.garmin.com/xmlschemas/ActivityExtension/v2"><Speed>2.53</Speed></TPX></Extensions></Trackpoint><Trackpoint><Time>2026-03-31T16:53:09+00:00</Time><DistanceMeters>2173.0</DistanceMeters><Position><LatitudeDegrees>50.588614</LatitudeDegrees><LongitudeDegrees>3.061598</LongitudeDegrees></Position><AltitudeMeters>50.5</AltitudeMeters><Extensions><TPX xmlns="http://www.garmin.com/xmlschemas/ActivityExtension/v2"><Speed>2.49</Speed></TPX></Extensions></Trackpoint><Trackpoint><Time>2026-03-31T16:53:10+00:00</Time><DistanceMeters>2176.3</DistanceMeters><Position><LatitudeDegrees>50.588586</LatitudeDegrees><LongitudeDegrees>3.061582</LongitudeDegrees></Position><AltitudeMeters>50.4</AltitudeMeters><Extensions><TPX xmlns="http://www.garmin.com/xmlschemas/ActivityExtension/v2"><Speed>2.62</Speed></TPX></Extensions></Trackpoint><Trackpoint><Time>2026-03-31T16:53:11+00:00</Time><DistanceMeters>2179.5</DistanceMeters><Position><LatitudeDegrees>50.588558</LatitudeDegrees><LongitudeDegrees>3.061575</LongitudeDegrees></Position><AltitudeMeters>50.4</AltitudeMeters><Extensions><TPX xmlns="http://www.garmin.com/xmlschemas/ActivityExtension/v2"><Speed>2.77</Speed></TPX></Extensions></Trackpoint><Trackpoint><Time>2026-03-31T16:53:12+00:00</Time><DistanceMeters>2182.1</DistanceMeters><Position><LatitudeDegrees>50.588525</LatitudeDegrees><LongitudeDegrees>3.061561</LongitudeDegrees></Position><AltitudeMeters>50.3</AltitudeMeters><Extensions><TPX xmlns="http://www.garmin.com/xmlschemas/ActivityExtension/v2"><Speed>2.8</Speed></TPX></Extensions></Trackpoint><Trackpoint><Time>2026-03-31T16:53:13+00:00</Time><DistanceMeters>2184.7</DistanceMeters><Position><LatitudeDegrees>50.588512</LatitudeDegrees><LongitudeDegrees>3.061559</LongitudeDegrees></Position><AltitudeMeters>50.3</AltitudeMeters><Extensions><TPX xmlns="http://www.garmin.com/xmlschemas/ActivityExtension/v2"><Speed>2.83</Speed></TPX></Extensions></Trackpoint><Trackpoint><Time>2026-03-31T16:53:14+00:00</Time><DistanceMeters>2187.3</DistanceMeters><Position><LatitudeDegrees>50.58848</LatitudeDegrees><LongitudeDegrees>3.061542</LongitudeDegrees></Position><AltitudeMeters>50.2</AltitudeMeters><Extensions><TPX xmlns="http://www.garmin.com/xmlschemas/ActivityExtension/v2"><Speed>2.85</Speed></TPX></Extensions></Trackpoint><Trackpoint><Time>2026-03-31T16:53:15+00:00</Time><DistanceMeters>2189.8</DistanceMeters><Position><LatitudeDegrees>50.588469</LatitudeDegrees><LongitudeDegrees>3.061536</LongitudeDegrees></Position><AltitudeMeters>50.1</AltitudeMeters><Extensions><TPX xmlns="http://www.garmin.com/xmlschemas/ActivityExtension/v2"><Speed>2.7</Speed></TPX></Extensions></Trackpoint><Trackpoint><Time>2026-03-31T16:53:16+00:00</Time><DistanceMeters>2192.4</DistanceMeters><Position><LatitudeDegrees>50.588434</LatitudeDegrees><LongitudeDegrees>3.061529</LongitudeDegrees></Position><AltitudeMeters>50.0</AltitudeMeters><Extensions><TPX xmlns="http://www.garmin.com/xmlschemas/ActivityExtension/v2"><Speed>2.57</Speed></TPX></Extensions></Trackpoint><Trackpoint><Time>2026-03-31T16:53:17+00:00</Time><DistanceMeters>2194.9</DistanceMeters><Position><LatitudeDegrees>50.588423</LatitudeDegrees><LongitudeDegrees>3.061525</LongitudeDegrees></Position><AltitudeMeters>50.0</AltitudeMeters><Extensions><TPX xmlns="http://www.garmin.com/xmlschemas/ActivityExtension/v2"><Speed>2.56</Speed></TPX></Extensions></Trackpoint><Trackpoint><Time>2026-03-31T16:53:18+00:00</Time><DistanceMeters>2197.9</DistanceMeters><Position><LatitudeDegrees>50.588384</LatitudeDegrees><LongitudeDegrees>3.061515</LongitudeDegrees></Position><AltitudeMeters>49.9</AltitudeMeters><Extensions><TPX xmlns="http://www.garmin.com/xmlschemas/ActivityExtension/v2"><Speed>2.63</Speed></TPX></Extensions></Trackpoint><Trackpoint><Time>2026-03-31T16:53:19+00:00</Time><DistanceMeters>2200.8</DistanceMeters><Position><LatitudeDegrees>50.588371</LatitudeDegrees><LongitudeDegrees>3.061507</LongitudeDegrees></Position><AltitudeMeters>49.9</AltitudeMeters><Extensions><TPX xmlns="http://www.garmin.com/xmlschemas/ActivityExtension/v2"><Speed>2.71</Speed></TPX></Extensions></Trackpoint><Trackpoint><Time>2026-03-31T16:53:20+00:00</Time><DistanceMeters>2203.2</DistanceMeters><Position><LatitudeDegrees>50.58834</LatitudeDegrees><LongitudeDegrees>3.061502</LongitudeDegrees></Position><AltitudeMeters>49.8</AltitudeMeters><Extensions><TPX xmlns="http://www.garmin.com/xmlschemas/ActivityExtension/v2"><Speed>2.68</Speed></TPX></Extensions></Trackpoint><Trackpoint><Time>2026-03-31T16:53:21+00:00</Time><DistanceMeters>2205.6</DistanceMeters><Position><LatitudeDegrees>50.588329</LatitudeDegrees><LongitudeDegrees>3.061503</LongitudeDegrees></Position><AltitudeMeters>49.8</AltitudeMeters><Extensions><TPX xmlns="http://www.garmin.com/xmlschemas/ActivityExtension/v2"><Speed>2.65</Speed></TPX></Extensions></Trackpoint><Trackpoint><Time>2026-03-31T16:53:22+00:00</Time><DistanceMeters>2208.1</DistanceMeters><Position><LatitudeDegrees>50.588298</LatitudeDegrees><LongitudeDegrees>3.061485</LongitudeDegrees></Position><AltitudeMeters>49.7</AltitudeMeters><Extensions><TPX xmlns="http://www.garmin.com/xmlschemas/ActivityExtension/v2"><Speed>2.63</Speed></TPX></Extensions></Trackpoint><Trackpoint><Time>2026-03-31T16:53:23+00:00</Time><DistanceMeters>2210.5</DistanceMeters><Position><LatitudeDegrees>50.588287</LatitudeDegrees><LongitudeDegrees>3.061479</LongitudeDegrees></Position><AltitudeMeters>49.7</AltitudeMeters><Extensions><TPX xmlns="http://www.garmin.com/xmlschemas/ActivityExtension/v2"><Speed>2.53</Speed></TPX></Extensions></Trackpoint><Trackpoint><Time>2026-03-31T16:53:24+00:00</Time><DistanceMeters>2214.0</DistanceMeters><Position><LatitudeDegrees>50.588257</LatitudeDegrees><LongitudeDegrees>3.061468</LongitudeDegrees></Position><AltitudeMeters>49.6</AltitudeMeters><Extensions><TPX xmlns="http://www.garmin.com/xmlschemas/ActivityExtension/v2"><Speed>2.64</Speed></TPX></Extensions></Trackpoint><Trackpoint><Time>2026-03-31T16:53:25+00:00</Time><DistanceMeters>2216.6</DistanceMeters><Position><LatitudeDegrees>50.588223</LatitudeDegrees><LongitudeDegrees>3.061454</LongitudeDegrees></Position><AltitudeMeters>49.5</AltitudeMeters><Extensions><TPX xmlns="http://www.garmin.com/xmlschemas/ActivityExtension/v2"><Speed>2.67</Speed></TPX></Extensions></Trackpoint><Trackpoint><Time>2026-03-31T16:53:26+00:00</Time><DistanceMeters>2219.1</DistanceMeters><Position><LatitudeDegrees>50.588212</LatitudeDegrees><LongitudeDegrees>3.061449</LongitudeDegrees></Position><AltitudeMeters>49.5</AltitudeMeters><Extensions><TPX xmlns="http://www.garmin.com/xmlschemas/ActivityExtension/v2"><Speed>2.7</Speed></TPX></Extensions></Trackpoint><Trackpoint><Time>2026-03-31T16:53:27+00:00</Time><DistanceMeters>2222.4</DistanceMeters><Position><LatitudeDegrees>50.588184</LatitudeDegrees><LongitudeDegrees>3.061437</LongitudeDegrees></Position><AltitudeMeters>49.4</AltitudeMeters><Extensions><TPX xmlns="http://www.garmin.com/xmlschemas/ActivityExtension/v2"><Speed>2.87</Speed></TPX></Extensions></Trackpoint><Trackpoint><Time>2026-03-31T16:53:28+00:00</Time><DistanceMeters>2225.2</DistanceMeters><Position><LatitudeDegrees>50.588148</LatitudeDegrees><LongitudeDegrees>3.061426</LongitudeDegrees></Position><AltitudeMeters>49.3</AltitudeMeters><Extensions><TPX xmlns="http://www.garmin.com/xmlschemas/ActivityExtension/v2"><Speed>2.93</Speed></TPX></Extensions></Trackpoint><Trackpoint><Time>2026-03-31T16:53:29+00:00</Time><DistanceMeters>2227.9</DistanceMeters><Position><LatitudeDegrees>50.588135</LatitudeDegrees><LongitudeDegrees>3.061419</LongitudeDegrees></Position><AltitudeMeters>49.2</AltitudeMeters><Extensions><TPX xmlns="http://www.garmin.com/xmlschemas/ActivityExtension/v2"><Speed>2.78</Speed></TPX></Extensions></Trackpoint><Trackpoint><Time>2026-03-31T16:53:30+00:00</Time><DistanceMeters>2231.1</DistanceMeters><Position><LatitudeDegrees>50.588109</LatitudeDegrees><LongitudeDegrees>3.061402</LongitudeDegrees></Position><AltitudeMeters>49.2</AltitudeMeters><Extensions><TPX xmlns="http://www.garmin.com/xmlschemas/ActivityExtension/v2"><Speed>2.91</Speed></TPX></Extensions></Trackpoint><Trackpoint><Time>2026-03-31T16:53:31+00:00</Time><DistanceMeters>2233.8</DistanceMeters><Position><LatitudeDegrees>50.588073</LatitudeDegrees><LongitudeDegrees>3.061391</LongitudeDegrees></Position><AltitudeMeters>49.0</AltitudeMeters><Extensions><TPX xmlns="http://www.garmin.com/xmlschemas/ActivityExtension/v2"><Speed>2.93</Speed></TPX></Extensions></Trackpoint><Trackpoint><Time>2026-03-31T16:53:32+00:00</Time><DistanceMeters>2236.4</DistanceMeters><Position><LatitudeDegrees>50.588062</LatitudeDegrees><LongitudeDegrees>3.061388</LongitudeDegrees></Position><AltitudeMeters>49.0</AltitudeMeters><Extensions><TPX xmlns="http://www.garmin.com/xmlschemas/ActivityExtension/v2"><Speed>2.8</Speed></TPX></Extensions></Trackpoint><Trackpoint><Time>2026-03-31T16:53:33+00:00</Time><DistanceMeters>2239.2</DistanceMeters><Position><LatitudeDegrees>50.588025</LatitudeDegrees><LongitudeDegrees>3.061369</LongitudeDegrees></Position><AltitudeMeters>48.9</AltitudeMeters><Extensions><TPX xmlns="http://www.garmin.com/xmlschemas/ActivityExtension/v2"><Speed>2.81</Speed></TPX></Extensions></Trackpoint><Trackpoint><Time>2026-03-31T16:53:34+00:00</Time><DistanceMeters>2242.0</DistanceMeters><Position><LatitudeDegrees>50.588014</LatitudeDegrees><LongitudeDegrees>3.061363</LongitudeDegrees></Position><AltitudeMeters>48.8</AltitudeMeters><Extensions><TPX xmlns="http://www.garmin.com/xmlschemas/ActivityExtension/v2"><Speed>2.82</Speed></TPX></Extensions></Trackpoint><Trackpoint><Time>2026-03-31T16:53:35+00:00</Time><DistanceMeters>2245.1</DistanceMeters><Position><LatitudeDegrees>50.587987</LatitudeDegrees><LongitudeDegrees>3.061358</LongitudeDegrees></Position><AltitudeMeters>48.7</AltitudeMeters><Extensions><TPX xmlns="http://www.garmin.com/xmlschemas/ActivityExtension/v2"><Speed>2.8</Speed></TPX></Extensions></Trackpoint><Trackpoint><Time>2026-03-31T16:53:36+00:00</Time><DistanceMeters>2248.1</DistanceMeters><Position><LatitudeDegrees>50.587947</LatitudeDegrees><LongitudeDegrees>3.061351</LongitudeDegrees></Position><AltitudeMeters>48.6</AltitudeMeters><Extensions><TPX xmlns="http://www.garmin.com/xmlschemas/ActivityExtension/v2"><Speed>2.88</Speed></TPX></Extensions></Trackpoint><Trackpoint><Time>2026-03-31T16:53:37+00:00</Time><DistanceMeters>2251.2</DistanceMeters><Position><LatitudeDegrees>50.587933</LatitudeDegrees><LongitudeDegrees>3.061347</LongitudeDegrees></Position><AltitudeMeters>48.6</AltitudeMeters><Extensions><TPX xmlns="http://www.garmin.com/xmlschemas/ActivityExtension/v2"><Speed>2.96</Speed></TPX></Extensions></Trackpoint><Trackpoint><Time>2026-03-31T16:53:38+00:00</Time><DistanceMeters>2254.2</DistanceMeters><Position><LatitudeDegrees>50.587906</LatitudeDegrees><LongitudeDegrees>3.061334</LongitudeDegrees></Position><AltitudeMeters>48.5</AltitudeMeters><Extensions><TPX xmlns="http://www.garmin.com/xmlschemas/ActivityExtension/v2"><Speed>3.0</Speed></TPX></Extensions></Trackpoint><Trackpoint><Time>2026-03-31T16:53:39+00:00</Time><DistanceMeters>2257.3</DistanceMeters><Position><LatitudeDegrees>50.587881</LatitudeDegrees><LongitudeDegrees>3.061316</LongitudeDegrees></Position><AltitudeMeters>48.4</AltitudeMeters><Extensions><TPX xmlns="http://www.garmin.com/xmlschemas/ActivityExtension/v2"><Speed>3.06</Speed></TPX></Extensions></Trackpoint><Trackpoint><Time>2026-03-31T16:53:40+00:00</Time><DistanceMeters>2260.4</DistanceMeters><Position><LatitudeDegrees>50.587854</LatitudeDegrees><LongitudeDegrees>3.061316</LongitudeDegrees></Position><AltitudeMeters>48.3</AltitudeMeters><Extensions><TPX xmlns="http://www.garmin.com/xmlschemas/ActivityExtension/v2"><Speed>3.06</Speed></TPX></Extensions></Trackpoint><Trackpoint><Time>2026-03-31T16:53:41+00:00</Time><DistanceMeters>2263.8</DistanceMeters><Position><LatitudeDegrees>50.587825</LatitudeDegrees><LongitudeDegrees>3.0613</LongitudeDegrees></Position><AltitudeMeters>48.2</AltitudeMeters><Extensions><TPX xmlns="http://www.garmin.com/xmlschemas/ActivityExtension/v2"><Speed>3.13</Speed></TPX></Extensions></Trackpoint><Trackpoint><Time>2026-03-31T16:53:42+00:00</Time><DistanceMeters>2266.9</DistanceMeters><Position><LatitudeDegrees>50.587798</LatitudeDegrees><LongitudeDegrees>3.06129</LongitudeDegrees></Position><AltitudeMeters>48.1</AltitudeMeters><Extensions><TPX xmlns="http://www.garmin.com/xmlschemas/ActivityExtension/v2"><Speed>3.14</Speed></TPX></Extensions></Trackpoint><Trackpoint><Time>2026-03-31T16:53:43+00:00</Time><DistanceMeters>2269.7</DistanceMeters><Position><LatitudeDegrees>50.587762</LatitudeDegrees><LongitudeDegrees>3.061273</LongitudeDegrees></Position><AltitudeMeters>47.9</AltitudeMeters><Extensions><TPX xmlns="http://www.garmin.com/xmlschemas/ActivityExtension/v2"><Speed>3.09</Speed></TPX></Extensions></Trackpoint><Trackpoint><Time>2026-03-31T16:53:44+00:00</Time><DistanceMeters>2272.4</DistanceMeters><Position><LatitudeDegrees>50.58775</LatitudeDegrees><LongitudeDegrees>3.061269</LongitudeDegrees></Position><AltitudeMeters>47.9</AltitudeMeters><Extensions><TPX xmlns="http://www.garmin.com/xmlschemas/ActivityExtension/v2"><Speed>3.02</Speed></TPX></Extensions></Trackpoint><Trackpoint><Time>2026-03-31T16:53:45+00:00</Time><DistanceMeters>2275.4</DistanceMeters><Position><LatitudeDegrees>50.587711</LatitudeDegrees><LongitudeDegrees>3.061257</LongitudeDegrees></Position><AltitudeMeters>47.7</AltitudeMeters><Extensions><TPX xmlns="http://www.garmin.com/xmlschemas/ActivityExtension/v2"><Speed>2.99</Speed></TPX></Extensions></Trackpoint><Trackpoint><Time>2026-03-31T16:53:46+00:00</Time><DistanceMeters>2278.3</DistanceMeters><Position><LatitudeDegrees>50.587698</LatitudeDegrees><LongitudeDegrees>3.061252</LongitudeDegrees></Position><AltitudeMeters>47.7</AltitudeMeters><Extensions><TPX xmlns="http://www.garmin.com/xmlschemas/ActivityExtension/v2"><Speed>2.9</Speed></TPX></Extensions></Trackpoint><Trackpoint><Time>2026-03-31T16:53:47+00:00</Time><DistanceMeters>2281.5</DistanceMeters><Position><LatitudeDegrees>50.587671</LatitudeDegrees><LongitudeDegrees>3.061234</LongitudeDegrees></Position><AltitudeMeters>47.6</AltitudeMeters><Extensions><TPX xmlns="http://www.garmin.com/xmlschemas/ActivityExtension/v2"><Speed>2.92</Speed></TPX></Extensions></Trackpoint><Trackpoint><Time>2026-03-31T16:53:48+00:00</Time><DistanceMeters>2284.4</DistanceMeters><Position><LatitudeDegrees>50.587635</LatitudeDegrees><LongitudeDegrees>3.061232</LongitudeDegrees></Position><AltitudeMeters>47.5</AltitudeMeters><Extensions><TPX xmlns="http://www.garmin.com/xmlschemas/ActivityExtension/v2"><Speed>2.94</Speed></TPX></Extensions></Trackpoint><Trackpoint><Time>2026-03-31T16:53:49+00:00</Time><DistanceMeters>2287.2</DistanceMeters><Position><LatitudeDegrees>50.587621</LatitudeDegrees><LongitudeDegrees>3.061222</LongitudeDegrees></Position><AltitudeMeters>47.4</AltitudeMeters><Extensions><TPX xmlns="http://www.garmin.com/xmlschemas/ActivityExtension/v2"><Speed>2.96</Speed></TPX></Extensions></Trackpoint><Trackpoint><Time>2026-03-31T16:53:50+00:00</Time><DistanceMeters>2290.3</DistanceMeters><Position><LatitudeDegrees>50.587594</LatitudeDegrees><LongitudeDegrees>3.061208</LongitudeDegrees></Position><AltitudeMeters>47.3</AltitudeMeters><Extensions><TPX xmlns="http://www.garmin.com/xmlschemas/ActivityExtension/v2"><Speed>2.99</Speed></TPX></Extensions></Trackpoint><Trackpoint><Time>2026-03-31T16:53:51+00:00</Time><DistanceMeters>2293.6</DistanceMeters><Position><LatitudeDegrees>50.587567</LatitudeDegrees><LongitudeDegrees>3.06119</LongitudeDegrees></Position><AltitudeMeters>47.2</AltitudeMeters><Extensions><TPX xmlns="http://www.garmin.com/xmlschemas/ActivityExtension/v2"><Speed>3.06</Speed></TPX></Extensions></Trackpoint><Trackpoint><Time>2026-03-31T16:53:52+00:00</Time><DistanceMeters>2296.8</DistanceMeters><Position><LatitudeDegrees>50.58754</LatitudeDegrees><LongitudeDegrees>3.06118</LongitudeDegrees></Position><AltitudeMeters>47.0</AltitudeMeters><Extensions><TPX xmlns="http://www.garmin.com/xmlschemas/ActivityExtension/v2"><Speed>3.06</Speed></TPX></Extensions></Trackpoint><Trackpoint><Time>2026-03-31T16:53:53+00:00</Time><DistanceMeters>2299.4</DistanceMeters><Position><LatitudeDegrees>50.587505</LatitudeDegrees><LongitudeDegrees>3.061166</LongitudeDegrees></Position><AltitudeMeters>46.9</AltitudeMeters><Extensions><TPX xmlns="http://www.garmin.com/xmlschemas/ActivityExtension/v2"><Speed>3.01</Speed></TPX></Extensions></Trackpoint><Trackpoint><Time>2026-03-31T16:53:54+00:00</Time><DistanceMeters>2302.0</DistanceMeters><Position><LatitudeDegrees>50.587494</LatitudeDegrees><LongitudeDegrees>3.061161</LongitudeDegrees></Position><AltitudeMeters>46.8</AltitudeMeters><Extensions><TPX xmlns="http://www.garmin.com/xmlschemas/ActivityExtension/v2"><Speed>2.96</Speed></TPX></Extensions></Trackpoint><Trackpoint><Time>2026-03-31T16:53:55+00:00</Time><DistanceMeters>2305.4</DistanceMeters><Position><LatitudeDegrees>50.587465</LatitudeDegrees><LongitudeDegrees>3.061148</LongitudeDegrees></Position><AltitudeMeters>46.7</AltitudeMeters><Extensions><TPX xmlns="http://www.garmin.com/xmlschemas/ActivityExtension/v2"><Speed>3.02</Speed></TPX></Extensions></Trackpoint><Trackpoint><Time>2026-03-31T16:53:56+00:00</Time><DistanceMeters>2308.2</DistanceMeters><Position><LatitudeDegrees>50.587428</LatitudeDegrees><LongitudeDegrees>3.061136</LongitudeDegrees></Position><AltitudeMeters>46.6</AltitudeMeters><Extensions><TPX xmlns="http://www.garmin.com/xmlschemas/ActivityExtension/v2"><Speed>2.91</Speed></TPX></Extensions></Trackpoint><Trackpoint><Time>2026-03-31T16:53:57+00:00</Time><DistanceMeters>2310.9</DistanceMeters><Position><LatitudeDegrees>50.587415</LatitudeDegrees><LongitudeDegrees>3.061134</LongitudeDegrees></Position><AltitudeMeters>46.5</AltitudeMeters><Extensions><TPX xmlns="http://www.garmin.com/xmlschemas/ActivityExtension/v2"><Speed>2.82</Speed></TPX></Extensions></Trackpoint><Trackpoint><Time>2026-03-31T16:53:58+00:00</Time><DistanceMeters>2313.9</DistanceMeters><Position><LatitudeDegrees>50.587378</LatitudeDegrees><LongitudeDegrees>3.061119</LongitudeDegrees></Position><AltitudeMeters>46.3</AltitudeMeters><Extensions><TPX xmlns="http://www.garmin.com/xmlschemas/ActivityExtension/v2"><Speed>2.89</Speed></TPX></Extensions></Trackpoint><Trackpoint><Time>2026-03-31T16:53:59+00:00</Time><DistanceMeters>2316.8</DistanceMeters><Position><LatitudeDegrees>50.587364</LatitudeDegrees><LongitudeDegrees>3.061117</LongitudeDegrees></Position><AltitudeMeters>46.3</AltitudeMeters><Extensions><TPX xmlns="http://www.garmin.com/xmlschemas/ActivityExtension/v2"><Speed>2.96</Speed></TPX></Extensions></Trackpoint><Trackpoint><Time>2026-03-31T16:54:00+00:00</Time><DistanceMeters>2319.3</DistanceMeters><Position><LatitudeDegrees>50.587331</LatitudeDegrees><LongitudeDegrees>3.061103</LongitudeDegrees></Position><AltitudeMeters>46.1</AltitudeMeters><Extensions><TPX xmlns="http://www.garmin.com/xmlschemas/ActivityExtension/v2"><Speed>2.78</Speed></TPX></Extensions></Trackpoint><Trackpoint><Time>2026-03-31T16:54:01+00:00</Time><DistanceMeters>2321.8</DistanceMeters><Position><LatitudeDegrees>50.58732</LatitudeDegrees><LongitudeDegrees>3.061102</LongitudeDegrees></Position><AltitudeMeters>46.1</AltitudeMeters><Extensions><TPX xmlns="http://www.garmin.com/xmlschemas/ActivityExtension/v2"><Speed>2.73</Speed></TPX></Extensions></Trackpoint><Trackpoint><Time>2026-03-31T16:54:02+00:00</Time><DistanceMeters>2324.7</DistanceMeters><Position><LatitudeDegrees>50.587283</LatitudeDegrees><LongitudeDegrees>3.061088</LongitudeDegrees></Position><AltitudeMeters>45.9</AltitudeMeters><Extensions><TPX xmlns="http://www.garmin.com/xmlschemas/ActivityExtension/v2"><Speed>2.76</Speed></TPX></Extensions></Trackpoint><Trackpoint><Time>2026-03-31T16:54:03+00:00</Time><DistanceMeters>2327.6</DistanceMeters><Position><LatitudeDegrees>50.58727</LatitudeDegrees><LongitudeDegrees>3.061083</LongitudeDegrees></Position><AltitudeMeters>45.8</AltitudeMeters><Extensions><TPX xmlns="http://www.garmin.com/xmlschemas/ActivityExtension/v2"><Speed>2.75</Speed></TPX></Extensions></Trackpoint><Trackpoint><Time>2026-03-31T16:54:04+00:00</Time><DistanceMeters>2330.3</DistanceMeters><Position><LatitudeDegrees>50.587233</LatitudeDegrees><LongitudeDegrees>3.06108</LongitudeDegrees></Position><AltitudeMeters>45.7</AltitudeMeters><Extensions><TPX xmlns="http://www.garmin.com/xmlschemas/ActivityExtension/v2"><Speed>2.7</Speed></TPX></Extensions></Trackpoint><Trackpoint><Time>2026-03-31T16:54:05+00:00</Time><DistanceMeters>2333.0</DistanceMeters><Position><LatitudeDegrees>50.58722</LatitudeDegrees><LongitudeDegrees>3.061081</LongitudeDegrees></Position><AltitudeMeters>45.6</AltitudeMeters><Extensions><TPX xmlns="http://www.garmin.com/xmlschemas/ActivityExtension/v2"><Speed>2.74</Speed></TPX></Extensions></Trackpoint><Trackpoint><Time>2026-03-31T16:54:06+00:00</Time><DistanceMeters>2335.5</DistanceMeters><Position><LatitudeDegrees>50.587189</LatitudeDegrees><LongitudeDegrees>3.061058</LongitudeDegrees></Position><AltitudeMeters>45.5</AltitudeMeters><Extensions><TPX xmlns="http://www.garmin.com/xmlschemas/ActivityExtension/v2"><Speed>2.74</Speed></TPX></Extensions></Trackpoint><Trackpoint><Time>2026-03-31T16:54:07+00:00</Time><DistanceMeters>2338.0</DistanceMeters><Position><LatitudeDegrees>50.587179</LatitudeDegrees><LongitudeDegrees>3.061057</LongitudeDegrees></Position><AltitudeMeters>45.4</AltitudeMeters><Extensions><TPX xmlns="http://www.garmin.com/xmlschemas/ActivityExtension/v2"><Speed>2.66</Speed></TPX></Extensions></Trackpoint><Trackpoint><Time>2026-03-31T16:54:08+00:00</Time><DistanceMeters>2341.1</DistanceMeters><Position><LatitudeDegrees>50.587153</LatitudeDegrees><LongitudeDegrees>3.061038</LongitudeDegrees></Position><AltitudeMeters>45.3</AltitudeMeters><Extensions><TPX xmlns="http://www.garmin.com/xmlschemas/ActivityExtension/v2"><Speed>2.7</Speed></TPX></Extensions></Trackpoint><Trackpoint><Time>2026-03-31T16:54:09+00:00</Time><DistanceMeters>2344.0</DistanceMeters><Position><LatitudeDegrees>50.587117</LatitudeDegrees><LongitudeDegrees>3.061025</LongitudeDegrees></Position><AltitudeMeters>45.2</AltitudeMeters><Extensions><TPX xmlns="http://www.garmin.com/xmlschemas/ActivityExtension/v2"><Speed>2.74</Speed></TPX></Extensions></Trackpoint><Trackpoint><Time>2026-03-31T16:54:10+00:00</Time><DistanceMeters>2346.9</DistanceMeters><Position><LatitudeDegrees>50.587102</LatitudeDegrees><LongitudeDegrees>3.061024</LongitudeDegrees></Position><AltitudeMeters>45.1</AltitudeMeters><Extensions><TPX xmlns="http://www.garmin.com/xmlschemas/ActivityExtension/v2"><Speed>2.78</Speed></TPX></Extensions></Trackpoint><Trackpoint><Time>2026-03-31T16:54:11+00:00</Time><DistanceMeters>2349.8</DistanceMeters><Position><LatitudeDegrees>50.587066</LatitudeDegrees><LongitudeDegrees>3.061004</LongitudeDegrees></Position><AltitudeMeters>44.9</AltitudeMeters><Extensions><TPX xmlns="http://www.garmin.com/xmlschemas/ActivityExtension/v2"><Speed>2.85</Speed></TPX></Extensions></Trackpoint><Trackpoint><Time>2026-03-31T16:54:12+00:00</Time><DistanceMeters>2352.6</DistanceMeters><Position><LatitudeDegrees>50.587053</LatitudeDegrees><LongitudeDegrees>3.061001</LongitudeDegrees></Position><AltitudeMeters>44.9</AltitudeMeters><Extensions><TPX xmlns="http://www.garmin.com/xmlschemas/ActivityExtension/v2"><Speed>2.92</Speed></TPX></Extensions></Trackpoint><Trackpoint><Time>2026-03-31T16:54:13+00:00</Time><DistanceMeters>2356.3</DistanceMeters><Position><LatitudeDegrees>50.587022</LatitudeDegrees><LongitudeDegrees>3.06098</LongitudeDegrees></Position><AltitudeMeters>44.8</AltitudeMeters><Extensions><TPX xmlns="http://www.garmin.com/xmlschemas/ActivityExtension/v2"><Speed>3.04</Speed></TPX></Extensions></Trackpoint><Trackpoint><Time>2026-03-31T16:54:14+00:00</Time><DistanceMeters>2359.0</DistanceMeters><Position><LatitudeDegrees>50.586989</LatitudeDegrees><LongitudeDegrees>3.060964</LongitudeDegrees></Position><AltitudeMeters>44.6</AltitudeMeters><Extensions><TPX xmlns="http://www.garmin.com/xmlschemas/ActivityExtension/v2"><Speed>2.99</Speed></TPX></Extensions></Trackpoint><Trackpoint><Time>2026-03-31T16:54:15+00:00</Time><DistanceMeters>2361.6</DistanceMeters><Position><LatitudeDegrees>50.586977</LatitudeDegrees><LongitudeDegrees>3.060962</LongitudeDegrees></Position><AltitudeMeters>44.6</AltitudeMeters><Extensions><TPX xmlns="http://www.garmin.com/xmlschemas/ActivityExtension/v2"><Speed>2.94</Speed></TPX></Extensions></Trackpoint><Trackpoint><Time>2026-03-31T16:54:16+00:00</Time><DistanceMeters>2364.6</DistanceMeters><Position><LatitudeDegrees>50.58694</LatitudeDegrees><LongitudeDegrees>3.060941</LongitudeDegrees></Position><AltitudeMeters>44.4</AltitudeMeters><Extensions><TPX xmlns="http://www.garmin.com/xmlschemas/ActivityExtension/v2"><Speed>2.96</Speed></TPX></Extensions></Trackpoint><Trackpoint><Time>2026-03-31T16:54:17+00:00</Time><DistanceMeters>2367.5</DistanceMeters><Position><LatitudeDegrees>50.586927</LatitudeDegrees><LongitudeDegrees>3.060934</LongitudeDegrees></Position><AltitudeMeters>44.4</AltitudeMeters><Extensions><TPX xmlns="http://www.garmin.com/xmlschemas/ActivityExtension/v2"><Speed>2.98</Speed></TPX></Extensions></Trackpoint><Trackpoint><Time>2026-03-31T16:54:18+00:00</Time><DistanceMeters>2370.3</DistanceMeters><Position><LatitudeDegrees>50.58689</LatitudeDegrees><LongitudeDegrees>3.06092</LongitudeDegrees></Position><AltitudeMeters>44.2</AltitudeMeters><Extensions><TPX xmlns="http://www.garmin.com/xmlschemas/ActivityExtension/v2"><Speed>2.8</Speed></TPX></Extensions></Trackpoint><Trackpoint><Time>2026-03-31T16:54:19+00:00</Time><DistanceMeters>2373.1</DistanceMeters><Position><LatitudeDegrees>50.586878</LatitudeDegrees><LongitudeDegrees>3.060913</LongitudeDegrees></Position><AltitudeMeters>44.2</AltitudeMeters><Extensions><TPX xmlns="http://www.garmin.com/xmlschemas/ActivityExtension/v2"><Speed>2.83</Speed></TPX></Extensions></Trackpoint><Trackpoint><Time>2026-03-31T16:54:20+00:00</Time><DistanceMeters>2376.2</DistanceMeters><Position><LatitudeDegrees>50.58685</LatitudeDegrees><LongitudeDegrees>3.060905</LongitudeDegrees></Position><AltitudeMeters>44.1</AltitudeMeters><Extensions><TPX xmlns="http://www.garmin.com/xmlschemas/ActivityExtension/v2"><Speed>2.92</Speed></TPX></Extensions></Trackpoint><Trackpoint><Time>2026-03-31T16:54:21+00:00</Time><DistanceMeters>2378.8</DistanceMeters><Position><LatitudeDegrees>50.586817</LatitudeDegrees><LongitudeDegrees>3.06089</LongitudeDegrees></Position><AltitudeMeters>43.9</AltitudeMeters><Extensions><TPX xmlns="http://www.garmin.com/xmlschemas/ActivityExtension/v2"><Speed>2.85</Speed></TPX></Extensions></Trackpoint><Trackpoint><Time>2026-03-31T16:54:22+00:00</Time><DistanceMeters>2381.4</DistanceMeters><Position><LatitudeDegrees>50.586806</LatitudeDegrees><LongitudeDegrees>3.060883</LongitudeDegrees></Position><AltitudeMeters>43.9</AltitudeMeters><Extensions><TPX xmlns="http://www.garmin.com/xmlschemas/ActivityExtension/v2"><Speed>2.78</Speed></TPX></Extensions></Trackpoint><Trackpoint><Time>2026-03-31T16:54:23+00:00</Time><DistanceMeters>2384.4</DistanceMeters><Position><LatitudeDegrees>50.58678</LatitudeDegrees><LongitudeDegrees>3.060869</LongitudeDegrees></Position><AltitudeMeters>43.8</AltitudeMeters><Extensions><TPX xmlns="http://www.garmin.com/xmlschemas/ActivityExtension/v2"><Speed>2.82</Speed></TPX></Extensions></Trackpoint><Trackpoint><Time>2026-03-31T16:54:24+00:00</Time><DistanceMeters>2387.2</DistanceMeters><Position><LatitudeDegrees>50.586743</LatitudeDegrees><LongitudeDegrees>3.060867</LongitudeDegrees></Position><AltitudeMeters>43.6</AltitudeMeters><Extensions><TPX xmlns="http://www.garmin.com/xmlschemas/ActivityExtension/v2"><Speed>2.82</Speed></TPX></Extensions></Trackpoint><Trackpoint><Time>2026-03-31T16:54:25+00:00</Time><DistanceMeters>2390.0</DistanceMeters><Position><LatitudeDegrees>50.58673</LatitudeDegrees><LongitudeDegrees>3.060867</LongitudeDegrees></Position><AltitudeMeters>43.6</AltitudeMeters><Extensions><TPX xmlns="http://www.garmin.com/xmlschemas/ActivityExtension/v2"><Speed>2.76</Speed></TPX></Extensions></Trackpoint><Trackpoint><Time>2026-03-31T16:54:26+00:00</Time><DistanceMeters>2393.2</DistanceMeters><Position><LatitudeDegrees>50.586704</LatitudeDegrees><LongitudeDegrees>3.06085</LongitudeDegrees></Position><AltitudeMeters>43.5</AltitudeMeters><Extensions><TPX xmlns="http://www.garmin.com/xmlschemas/ActivityExtension/v2"><Speed>2.88</Speed></TPX></Extensions></Trackpoint><Trackpoint><Time>2026-03-31T16:54:27+00:00</Time><DistanceMeters>2395.7</DistanceMeters><Position><LatitudeDegrees>50.586672</LatitudeDegrees><LongitudeDegrees>3.060839</LongitudeDegrees></Position><AltitudeMeters>43.3</AltitudeMeters><Extensions><TPX xmlns="http://www.garmin.com/xmlschemas/ActivityExtension/v2"><Speed>2.86</Speed></TPX></Extensions></Trackpoint><Trackpoint><Time>2026-03-31T16:54:28+00:00</Time><DistanceMeters>2398.2</DistanceMeters><Position><LatitudeDegrees>50.58666</LatitudeDegrees><LongitudeDegrees>3.060833</LongitudeDegrees></Position><AltitudeMeters>43.3</AltitudeMeters><Extensions><TPX xmlns="http://www.garmin.com/xmlschemas/ActivityExtension/v2"><Speed>2.76</Speed></TPX></Extensions></Trackpoint><Trackpoint><Time>2026-03-31T16:54:29+00:00</Time><DistanceMeters>2400.8</DistanceMeters><Position><LatitudeDegrees>50.586627</LatitudeDegrees><LongitudeDegrees>3.060814</LongitudeDegrees></Position><AltitudeMeters>43.2</AltitudeMeters><Extensions><TPX xmlns="http://www.garmin.com/xmlschemas/ActivityExtension/v2"><Speed>2.72</Speed></TPX></Extensions></Trackpoint><Trackpoint><Time>2026-03-31T16:54:30+00:00</Time><DistanceMeters>2403.4</DistanceMeters><Position><LatitudeDegrees>50.586615</LatitudeDegrees><LongitudeDegrees>3.060808</LongitudeDegrees></Position><AltitudeMeters>43.1</AltitudeMeters><Extensions><TPX xmlns="http://www.garmin.com/xmlschemas/ActivityExtension/v2"><Speed>2.68</Speed></TPX></Extensions></Trackpoint><Trackpoint><Time>2026-03-31T16:54:31+00:00</Time><DistanceMeters>2406.0</DistanceMeters><Position><LatitudeDegrees>50.586582</LatitudeDegrees><LongitudeDegrees>3.060796</LongitudeDegrees></Position><AltitudeMeters>43.0</AltitudeMeters><Extensions><TPX xmlns="http://www.garmin.com/xmlschemas/ActivityExtension/v2"><Speed>2.55</Speed></TPX></Extensions></Trackpoint><Trackpoint><Time>2026-03-31T16:54:32+00:00</Time><DistanceMeters>2408.5</DistanceMeters><Position><LatitudeDegrees>50.586571</LatitudeDegrees><LongitudeDegrees>3.060792</LongitudeDegrees></Position><AltitudeMeters>43.0</AltitudeMeters><Extensions><TPX xmlns="http://www.garmin.com/xmlschemas/ActivityExtension/v2"><Speed>2.56</Speed></TPX></Extensions></Trackpoint><Trackpoint><Time>2026-03-31T16:54:33+00:00</Time><DistanceMeters>2411.2</DistanceMeters><Position><LatitudeDegrees>50.586538</LatitudeDegrees><LongitudeDegrees>3.06078</LongitudeDegrees></Position><AltitudeMeters>42.9</AltitudeMeters><Extensions><TPX xmlns="http://www.garmin.com/xmlschemas/ActivityExtension/v2"><Speed>2.59</Speed></TPX></Extensions></Trackpoint><Trackpoint><Time>2026-03-31T16:54:34+00:00</Time><DistanceMeters>2413.8</DistanceMeters><Position><LatitudeDegrees>50.586525</LatitudeDegrees><LongitudeDegrees>3.060774</LongitudeDegrees></Position><AltitudeMeters>42.8</AltitudeMeters><Extensions><TPX xmlns="http://www.garmin.com/xmlschemas/ActivityExtension/v2"><Speed>2.6</Speed></TPX></Extensions></Trackpoint><Trackpoint><Time>2026-03-31T16:54:35+00:00</Time><DistanceMeters>2416.4</DistanceMeters><Position><LatitudeDegrees>50.58649</LatitudeDegrees><LongitudeDegrees>3.060759</LongitudeDegrees></Position><AltitudeMeters>42.7</AltitudeMeters><Extensions><TPX xmlns="http://www.garmin.com/xmlschemas/ActivityExtension/v2"><Speed>2.59</Speed></TPX></Extensions></Trackpoint><Trackpoint><Time>2026-03-31T16:54:36+00:00</Time><DistanceMeters>2418.9</DistanceMeters><Position><LatitudeDegrees>50.58648</LatitudeDegrees><LongitudeDegrees>3.060754</LongitudeDegrees></Position><AltitudeMeters>42.7</AltitudeMeters><Extensions><TPX xmlns="http://www.garmin.com/xmlschemas/ActivityExtension/v2"><Speed>2.59</Speed></TPX></Extensions></Trackpoint><Trackpoint><Time>2026-03-31T16:54:37+00:00</Time><DistanceMeters>2422.1</DistanceMeters><Position><LatitudeDegrees>50.586453</LatitudeDegrees><LongitudeDegrees>3.060746</LongitudeDegrees></Position><AltitudeMeters>42.6</AltitudeMeters><Extensions><TPX xmlns="http://www.garmin.com/xmlschemas/ActivityExtension/v2"><Speed>2.72</Speed></TPX></Extensions></Trackpoint><Trackpoint><Time>2026-03-31T16:54:38+00:00</Time><DistanceMeters>2424.9</DistanceMeters><Position><LatitudeDegrees>50.586415</LatitudeDegrees><LongitudeDegrees>3.060736</LongitudeDegrees></Position><AltitudeMeters>42.4</AltitudeMeters><Extensions><TPX xmlns="http://www.garmin.com/xmlschemas/ActivityExtension/v2"><Speed>2.75</Speed></TPX></Extensions></Trackpoint><Trackpoint><Time>2026-03-31T16:54:39+00:00</Time><DistanceMeters>2427.7</DistanceMeters><Position><LatitudeDegrees>50.586403</LatitudeDegrees><LongitudeDegrees>3.060736</LongitudeDegrees></Position><AltitudeMeters>42.4</AltitudeMeters><Extensions><TPX xmlns="http://www.garmin.com/xmlschemas/ActivityExtension/v2"><Speed>2.78</Speed></TPX></Extensions></Trackpoint><Trackpoint><Time>2026-03-31T16:54:40+00:00</Time><DistanceMeters>2430.7</DistanceMeters><Position><LatitudeDegrees>50.586377</LatitudeDegrees><LongitudeDegrees>3.060721</LongitudeDegrees></Position><AltitudeMeters>42.3</AltitudeMeters><Extensions><TPX xmlns="http://www.garmin.com/xmlschemas/ActivityExtension/v2"><Speed>2.87</Speed></TPX></Extensions></Trackpoint><Trackpoint><Time>2026-03-31T16:54:41+00:00</Time><DistanceMeters>2433.5</DistanceMeters><Position><LatitudeDegrees>50.586342</LatitudeDegrees><LongitudeDegrees>3.060704</LongitudeDegrees></Position><AltitudeMeters>42.2</AltitudeMeters><Extensions><TPX xmlns="http://www.garmin.com/xmlschemas/ActivityExtension/v2"><Speed>2.91</Speed></TPX></Extensions></Trackpoint><Trackpoint><Time>2026-03-31T16:54:42+00:00</Time><DistanceMeters>2436.2</DistanceMeters><Position><LatitudeDegrees>50.58633</LatitudeDegrees><LongitudeDegrees>3.0607</LongitudeDegrees></Position><AltitudeMeters>42.2</AltitudeMeters><Extensions><TPX xmlns="http://www.garmin.com/xmlschemas/ActivityExtension/v2"><Speed>2.82</Speed></TPX></Extensions></Trackpoint><Trackpoint><Time>2026-03-31T16:54:43+00:00</Time><DistanceMeters>2439.8</DistanceMeters><Position><LatitudeDegrees>50.586299</LatitudeDegrees><LongitudeDegrees>3.060689</LongitudeDegrees></Position><AltitudeMeters>42.1</AltitudeMeters><Extensions><TPX xmlns="http://www.garmin.com/xmlschemas/ActivityExtension/v2"><Speed>2.98</Speed></TPX></Extensions></Trackpoint><Trackpoint><Time>2026-03-31T16:54:44+00:00</Time><DistanceMeters>2443.1</DistanceMeters><Position><LatitudeDegrees>50.586271</LatitudeDegrees><LongitudeDegrees>3.060667</LongitudeDegrees></Position><AltitudeMeters>42.0</AltitudeMeters><Extensions><TPX xmlns="http://www.garmin.com/xmlschemas/ActivityExtension/v2"><Speed>3.08</Speed></TPX></Extensions></Trackpoint><Trackpoint><Time>2026-03-31T16:54:45+00:00</Time><DistanceMeters>2446.2</DistanceMeters><Position><LatitudeDegrees>50.586244</LatitudeDegrees><LongitudeDegrees>3.060662</LongitudeDegrees></Position><AltitudeMeters>41.9</AltitudeMeters><Extensions><TPX xmlns="http://www.garmin.com/xmlschemas/ActivityExtension/v2"><Speed>3.1</Speed></TPX></Extensions></Trackpoint><Trackpoint><Time>2026-03-31T16:54:46+00:00</Time><DistanceMeters>2449.2</DistanceMeters><Position><LatitudeDegrees>50.586217</LatitudeDegrees><LongitudeDegrees>3.060658</LongitudeDegrees></Position><AltitudeMeters>41.8</AltitudeMeters><Extensions><TPX xmlns="http://www.garmin.com/xmlschemas/ActivityExtension/v2"><Speed>3.15</Speed></TPX></Extensions></Trackpoint><Trackpoint><Time>2026-03-31T16:54:47+00:00</Time><DistanceMeters>2451.8</DistanceMeters><Position><LatitudeDegrees>50.586183</LatitudeDegrees><LongitudeDegrees>3.060644</LongitudeDegrees></Position><AltitudeMeters>41.7</AltitudeMeters><Extensions><TPX xmlns="http://www.garmin.com/xmlschemas/ActivityExtension/v2"><Speed>3.11</Speed></TPX></Extensions></Trackpoint><Trackpoint><Time>2026-03-31T16:54:48+00:00</Time><DistanceMeters>2454.3</DistanceMeters><Position><LatitudeDegrees>50.586172</LatitudeDegrees><LongitudeDegrees>3.060642</LongitudeDegrees></Position><AltitudeMeters>41.7</AltitudeMeters><Extensions><TPX xmlns="http://www.garmin.com/xmlschemas/ActivityExtension/v2"><Speed>2.9</Speed></TPX></Extensions></Trackpoint><Trackpoint><Time>2026-03-31T16:54:49+00:00</Time><DistanceMeters>2456.7</DistanceMeters><Position><LatitudeDegrees>50.58614</LatitudeDegrees><LongitudeDegrees>3.060629</LongitudeDegrees></Position><AltitudeMeters>41.6</AltitudeMeters><Extensions><TPX xmlns="http://www.garmin.com/xmlschemas/ActivityExtension/v2"><Speed>2.72</Speed></TPX></Extensions></Trackpoint><Trackpoint><Time>2026-03-31T16:54:50+00:00</Time><DistanceMeters>2459.1</DistanceMeters><Position><LatitudeDegrees>50.58613</LatitudeDegrees><LongitudeDegrees>3.060626</LongitudeDegrees></Position><AltitudeMeters>41.5</AltitudeMeters><Extensions><TPX xmlns="http://www.garmin.com/xmlschemas/ActivityExtension/v2"><Speed>2.58</Speed></TPX></Extensions></Trackpoint><Trackpoint><Time>2026-03-31T16:54:51+00:00</Time><DistanceMeters>2462.8</DistanceMeters><Position><LatitudeDegrees>50.586098</LatitudeDegrees><LongitudeDegrees>3.060613</LongitudeDegrees></Position><AltitudeMeters>41.4</AltitudeMeters><Extensions><TPX xmlns="http://www.garmin.com/xmlschemas/ActivityExtension/v2"><Speed>2.72</Speed></TPX></Extensions></Trackpoint><Trackpoint><Time>2026-03-31T16:54:52+00:00</Time><DistanceMeters>2465.7</DistanceMeters><Position><LatitudeDegrees>50.586061</LatitudeDegrees><LongitudeDegrees>3.060594</LongitudeDegrees></Position><AltitudeMeters>41.3</AltitudeMeters><Extensions><TPX xmlns="http://www.garmin.com/xmlschemas/ActivityExtension/v2"><Speed>2.79</Speed></TPX></Extensions></Trackpoint><Trackpoint><Time>2026-03-31T16:54:53+00:00</Time><DistanceMeters>2468.6</DistanceMeters><Position><LatitudeDegrees>50.586048</LatitudeDegrees><LongitudeDegrees>3.06059</LongitudeDegrees></Position><AltitudeMeters>41.3</AltitudeMeters><Extensions><TPX xmlns="http://www.garmin.com/xmlschemas/ActivityExtension/v2"><Speed>2.86</Speed></TPX></Extensions></Trackpoint><Trackpoint><Time>2026-03-31T16:54:54+00:00</Time><DistanceMeters>2471.6</DistanceMeters><Position><LatitudeDegrees>50.586022</LatitudeDegrees><LongitudeDegrees>3.060581</LongitudeDegrees></Position><AltitudeMeters>41.2</AltitudeMeters><Extensions><TPX xmlns="http://www.garmin.com/xmlschemas/ActivityExtension/v2"><Speed>2.98</Speed></TPX></Extensions></Trackpoint><Trackpoint><Time>2026-03-31T16:54:55+00:00</Time><DistanceMeters>2474.8</DistanceMeters><Position><LatitudeDegrees>50.585994</LatitudeDegrees><LongitudeDegrees>3.06057</LongitudeDegrees></Position><AltitudeMeters>41.1</AltitudeMeters><Extensions><TPX xmlns="http://www.garmin.com/xmlschemas/ActivityExtension/v2"><Speed>3.14</Speed></TPX></Extensions></Trackpoint><Trackpoint><Time>2026-03-31T16:54:56+00:00</Time><DistanceMeters>2478.1</DistanceMeters><Position><LatitudeDegrees>50.585966</LatitudeDegrees><LongitudeDegrees>3.060556</LongitudeDegrees></Position><AltitudeMeters>41.0</AltitudeMeters><Extensions><TPX xmlns="http://www.garmin.com/xmlschemas/ActivityExtension/v2"><Speed>3.06</Speed></TPX></Extensions></Trackpoint><Trackpoint><Time>2026-03-31T16:54:57+00:00</Time><DistanceMeters>2481.1</DistanceMeters><Position><LatitudeDegrees>50.58594</LatitudeDegrees><LongitudeDegrees>3.060547</LongitudeDegrees></Position><AltitudeMeters>40.9</AltitudeMeters><Extensions><TPX xmlns="http://www.garmin.com/xmlschemas/ActivityExtension/v2"><Speed>3.08</Speed></TPX></Extensions></Trackpoint><Trackpoint><Time>2026-03-31T16:54:58+00:00</Time><DistanceMeters>2484.1</DistanceMeters><Position><LatitudeDegrees>50.585913</LatitudeDegrees><LongitudeDegrees>3.060539</LongitudeDegrees></Position><AltitudeMeters>40.9</AltitudeMeters><Extensions><TPX xmlns="http://www.garmin.com/xmlschemas/ActivityExtension/v2"><Speed>3.1</Speed></TPX></Extensions></Trackpoint><Trackpoint><Time>2026-03-31T16:54:59+00:00</Time><DistanceMeters>2487.4</DistanceMeters><Position><LatitudeDegrees>50.585885</LatitudeDegrees><LongitudeDegrees>3.060527</LongitudeDegrees></Position><AltitudeMeters>40.8</AltitudeMeters><Extensions><TPX xmlns="http://www.garmin.com/xmlschemas/ActivityExtension/v2"><Speed>3.16</Speed></TPX></Extensions></Trackpoint><Trackpoint><Time>2026-03-31T16:55:00+00:00</Time><DistanceMeters>2490.2</DistanceMeters><Position><LatitudeDegrees>50.585849</LatitudeDegrees><LongitudeDegrees>3.060505</LongitudeDegrees></Position><AltitudeMeters>40.6</AltitudeMeters><Extensions><TPX xmlns="http://www.garmin.com/xmlschemas/ActivityExtension/v2"><Speed>3.07</Speed></TPX></Extensions></Trackpoint><Trackpoint><Time>2026-03-31T16:55:01+00:00</Time><DistanceMeters>2492.9</DistanceMeters><Position><LatitudeDegrees>50.585838</LatitudeDegrees><LongitudeDegrees>3.060499</LongitudeDegrees></Position><AltitudeMeters>40.6</AltitudeMeters><Extensions><TPX xmlns="http://www.garmin.com/xmlschemas/ActivityExtension/v2"><Speed>2.96</Speed></TPX></Extensions></Trackpoint><Trackpoint><Time>2026-03-31T16:55:02+00:00</Time><DistanceMeters>2495.8</DistanceMeters><Position><LatitudeDegrees>50.585801</LatitudeDegrees><LongitudeDegrees>3.060487</LongitudeDegrees></Position><AltitudeMeters>40.5</AltitudeMeters><Extensions><TPX xmlns="http://www.garmin.com/xmlschemas/ActivityExtension/v2"><Speed>2.93</Speed></TPX></Extensions></Trackpoint><Trackpoint><Time>2026-03-31T16:55:03+00:00</Time><DistanceMeters>2498.6</DistanceMeters><Position><LatitudeDegrees>50.585789</LatitudeDegrees><LongitudeDegrees>3.060481</LongitudeDegrees></Position><AltitudeMeters>40.4</AltitudeMeters><Extensions><TPX xmlns="http://www.garmin.com/xmlschemas/ActivityExtension/v2"><Speed>2.9</Speed></TPX></Extensions></Trackpoint><Trackpoint><Time>2026-03-31T16:55:04+00:00</Time><DistanceMeters>2501.3</DistanceMeters><Position><LatitudeDegrees>50.585752</LatitudeDegrees><LongitudeDegrees>3.060474</LongitudeDegrees></Position><AltitudeMeters>40.3</AltitudeMeters><Extensions><TPX xmlns="http://www.garmin.com/xmlschemas/ActivityExtension/v2"><Speed>2.78</Speed></TPX></Extensions></Trackpoint><Trackpoint><Time>2026-03-31T16:55:05+00:00</Time><DistanceMeters>2504.0</DistanceMeters><Position><LatitudeDegrees>50.58574</LatitudeDegrees><LongitudeDegrees>3.06047</LongitudeDegrees></Position><AltitudeMeters>40.3</AltitudeMeters><Extensions><TPX xmlns="http://www.garmin.com/xmlschemas/ActivityExtension/v2"><Speed>2.77</Speed></TPX></Extensions></Trackpoint><Trackpoint><Time>2026-03-31T16:55:06+00:00</Time><DistanceMeters>2506.5</DistanceMeters><Position><LatitudeDegrees>50.585709</LatitudeDegrees><LongitudeDegrees>3.060453</LongitudeDegrees></Position><AltitudeMeters>40.2</AltitudeMeters><Extensions><TPX xmlns="http://www.garmin.com/xmlschemas/ActivityExtension/v2"><Speed>2.72</Speed></TPX></Extensions></Trackpoint><Trackpoint><Time>2026-03-31T16:55:07+00:00</Time><DistanceMeters>2509.0</DistanceMeters><Position><LatitudeDegrees>50.585698</LatitudeDegrees><LongitudeDegrees>3.060448</LongitudeDegrees></Position><AltitudeMeters>40.1</AltitudeMeters><Extensions><TPX xmlns="http://www.garmin.com/xmlschemas/ActivityExtension/v2"><Speed>2.65</Speed></TPX></Extensions></Trackpoint><Trackpoint><Time>2026-03-31T16:55:08+00:00</Time><DistanceMeters>2512.0</DistanceMeters><Position><LatitudeDegrees>50.585671</LatitudeDegrees><LongitudeDegrees>3.060439</LongitudeDegrees></Position><AltitudeMeters>40.0</AltitudeMeters><Extensions><TPX xmlns="http://www.garmin.com/xmlschemas/ActivityExtension/v2"><Speed>2.68</Speed></TPX></Extensions></Trackpoint><Trackpoint><Time>2026-03-31T16:55:09+00:00</Time><DistanceMeters>2514.4</DistanceMeters><Position><LatitudeDegrees>50.58564</LatitudeDegrees><LongitudeDegrees>3.060419</LongitudeDegrees></Position><AltitudeMeters>39.9</AltitudeMeters><Extensions><TPX xmlns="http://www.garmin.com/xmlschemas/ActivityExtension/v2"><Speed>2.61</Speed></TPX></Extensions></Trackpoint><Trackpoint><Time>2026-03-31T16:55:10+00:00</Time><DistanceMeters>2516.7</DistanceMeters><Position><LatitudeDegrees>50.585632</LatitudeDegrees><LongitudeDegrees>3.060413</LongitudeDegrees></Position><AltitudeMeters>39.9</AltitudeMeters><Extensions><TPX xmlns="http://www.garmin.com/xmlschemas/ActivityExtension/v2"><Speed>2.54</Speed></TPX></Extensions></Trackpoint><Trackpoint><Time>2026-03-31T16:55:11+00:00</Time><DistanceMeters>2520.3</DistanceMeters><Position><LatitudeDegrees>50.585601</LatitudeDegrees><LongitudeDegrees>3.060401</LongitudeDegrees></Position><AltitudeMeters>39.8</AltitudeMeters><Extensions><TPX xmlns="http://www.garmin.com/xmlschemas/ActivityExtension/v2"><Speed>2.76</Speed></TPX></Extensions></Trackpoint><Trackpoint><Time>2026-03-31T16:55:12+00:00</Time><DistanceMeters>2523.6</DistanceMeters><Position><LatitudeDegrees>50.585559</LatitudeDegrees><LongitudeDegrees>3.060391</LongitudeDegrees></Position><AltitudeMeters>39.6</AltitudeMeters><Extensions><TPX xmlns="http://www.garmin.com/xmlschemas/ActivityExtension/v2"><Speed>2.92</Speed></TPX></Extensions></Trackpoint><Trackpoint><Time>2026-03-31T16:55:13+00:00</Time><DistanceMeters>2526.9</DistanceMeters><Position><LatitudeDegrees>50.585542</LatitudeDegrees><LongitudeDegrees>3.060388</LongitudeDegrees></Position><AltitudeMeters>39.6</AltitudeMeters><Extensions><TPX xmlns="http://www.garmin.com/xmlschemas/ActivityExtension/v2"><Speed>2.98</Speed></TPX></Extensions></Trackpoint><Trackpoint><Time>2026-03-31T16:55:14+00:00</Time><DistanceMeters>2529.5</DistanceMeters><Position><LatitudeDegrees>50.585508</LatitudeDegrees><LongitudeDegrees>3.060377</LongitudeDegrees></Position><AltitudeMeters>39.5</AltitudeMeters><Extensions><TPX xmlns="http://www.garmin.com/xmlschemas/ActivityExtension/v2"><Speed>3.02</Speed></TPX></Extensions></Trackpoint><Trackpoint><Time>2026-03-31T16:55:15+00:00</Time><DistanceMeters>2532.0</DistanceMeters><Position><LatitudeDegrees>50.585498</LatitudeDegrees><LongitudeDegrees>3.060371</LongitudeDegrees></Position><AltitudeMeters>39.4</AltitudeMeters><Extensions><TPX xmlns="http://www.garmin.com/xmlschemas/ActivityExtension/v2"><Speed>3.06</Speed></TPX></Extensions></Trackpoint><Trackpoint><Time>2026-03-31T16:55:16+00:00</Time><DistanceMeters>2534.5</DistanceMeters><Position><LatitudeDegrees>50.585464</LatitudeDegrees><LongitudeDegrees>3.060355</LongitudeDegrees></Position><AltitudeMeters>39.3</AltitudeMeters><Extensions><TPX xmlns="http://www.garmin.com/xmlschemas/ActivityExtension/v2"><Speed>2.84</Speed></TPX></Extensions></Trackpoint><Trackpoint><Time>2026-03-31T16:55:17+00:00</Time><DistanceMeters>2537.0</DistanceMeters><Position><LatitudeDegrees>50.585455</LatitudeDegrees><LongitudeDegrees>3.060351</LongitudeDegrees></Position><AltitudeMeters>39.3</AltitudeMeters><Extensions><TPX xmlns="http://www.garmin.com/xmlschemas/ActivityExtension/v2"><Speed>2.68</Speed></TPX></Extensions></Trackpoint><Trackpoint><Time>2026-03-31T16:55:18+00:00</Time><DistanceMeters>2539.7</DistanceMeters><Position><LatitudeDegrees>50.585421</LatitudeDegrees><LongitudeDegrees>3.06034</LongitudeDegrees></Position><AltitudeMeters>39.2</AltitudeMeters><Extensions><TPX xmlns="http://www.garmin.com/xmlschemas/ActivityExtension/v2"><Speed>2.56</Speed></TPX></Extensions></Trackpoint><Trackpoint><Time>2026-03-31T16:55:19+00:00</Time><DistanceMeters>2542.4</DistanceMeters><Position><LatitudeDegrees>50.585407</LatitudeDegrees><LongitudeDegrees>3.060337</LongitudeDegrees></Position><AltitudeMeters>39.2</AltitudeMeters><Extensions><TPX xmlns="http://www.garmin.com/xmlschemas/ActivityExtension/v2"><Speed>2.59</Speed></TPX></Extensions></Trackpoint><Trackpoint><Time>2026-03-31T16:55:20+00:00</Time><DistanceMeters>2545.4</DistanceMeters><Position><LatitudeDegrees>50.585381</LatitudeDegrees><LongitudeDegrees>3.060327</LongitudeDegrees></Position><AltitudeMeters>39.1</AltitudeMeters><Extensions><TPX xmlns="http://www.garmin.com/xmlschemas/ActivityExtension/v2"><Speed>2.68</Speed></TPX></Extensions></Trackpoint><Trackpoint><Time>2026-03-31T16:55:21+00:00</Time><DistanceMeters>2548.3</DistanceMeters><Position><LatitudeDegrees>50.585344</LatitudeDegrees><LongitudeDegrees>3.060309</LongitudeDegrees></Position><AltitudeMeters>39.0</AltitudeMeters><Extensions><TPX xmlns="http://www.garmin.com/xmlschemas/ActivityExtension/v2"><Speed>2.75</Speed></TPX></Extensions></Trackpoint><Trackpoint><Time>2026-03-31T16:55:22+00:00</Time><DistanceMeters>2551.1</DistanceMeters><Position><LatitudeDegrees>50.585332</LatitudeDegrees><LongitudeDegrees>3.060301</LongitudeDegrees></Position><AltitudeMeters>39.0</AltitudeMeters><Extensions><TPX xmlns="http://www.garmin.com/xmlschemas/ActivityExtension/v2"><Speed>2.82</Speed></TPX></Extensions></Trackpoint><Trackpoint><Time>2026-03-31T16:55:23+00:00</Time><DistanceMeters>2554.1</DistanceMeters><Position><LatitudeDegrees>50.585307</LatitudeDegrees><LongitudeDegrees>3.060285</LongitudeDegrees></Position><AltitudeMeters>38.9</AltitudeMeters><Extensions><TPX xmlns="http://www.garmin.com/xmlschemas/ActivityExtension/v2"><Speed>2.88</Speed></TPX></Extensions></Trackpoint><Trackpoint><Time>2026-03-31T16:55:24+00:00</Time><DistanceMeters>2557.4</DistanceMeters><Position><LatitudeDegrees>50.585278</LatitudeDegrees><LongitudeDegrees>3.060276</LongitudeDegrees></Position><AltitudeMeters>38.9</AltitudeMeters><Extensions><TPX xmlns="http://www.garmin.com/xmlschemas/ActivityExtension/v2"><Speed>3.0</Speed></TPX></Extensions></Trackpoint><Trackpoint><Time>2026-03-31T16:55:25+00:00</Time><DistanceMeters>2560.5</DistanceMeters><Position><LatitudeDegrees>50.585251</LatitudeDegrees><LongitudeDegrees>3.060268</LongitudeDegrees></Position><AltitudeMeters>38.8</AltitudeMeters><Extensions><TPX xmlns="http://www.garmin.com/xmlschemas/ActivityExtension/v2"><Speed>3.02</Speed></TPX></Extensions></Trackpoint><Trackpoint><Time>2026-03-31T16:55:26+00:00</Time><DistanceMeters>2563.1</DistanceMeters><Position><LatitudeDegrees>50.585217</LatitudeDegrees><LongitudeDegrees>3.060258</LongitudeDegrees></Position><AltitudeMeters>38.7</AltitudeMeters><Extensions><TPX xmlns="http://www.garmin.com/xmlschemas/ActivityExtension/v2"><Speed>2.96</Speed></TPX></Extensions></Trackpoint><Trackpoint><Time>2026-03-31T16:55:27+00:00</Time><DistanceMeters>2565.6</DistanceMeters><Position><LatitudeDegrees>50.585206</LatitudeDegrees><LongitudeDegrees>3.060252</LongitudeDegrees></Position><AltitudeMeters>38.7</AltitudeMeters><Extensions><TPX xmlns="http://www.garmin.com/xmlschemas/ActivityExtension/v2"><Speed>2.9</Speed></TPX></Extensions></Trackpoint><Trackpoint><Time>2026-03-31T16:55:28+00:00</Time><DistanceMeters>2568.9</DistanceMeters><Position><LatitudeDegrees>50.585177</LatitudeDegrees><LongitudeDegrees>3.060243</LongitudeDegrees></Position><AltitudeMeters>38.6</AltitudeMeters><Extensions><TPX xmlns="http://www.garmin.com/xmlschemas/ActivityExtension/v2"><Speed>2.96</Speed></TPX></Extensions></Trackpoint><Trackpoint><Time>2026-03-31T16:55:29+00:00</Time><DistanceMeters>2571.9</DistanceMeters><Position><LatitudeDegrees>50.58515</LatitudeDegrees><LongitudeDegrees>3.060236</LongitudeDegrees></Position><AltitudeMeters>38.6</AltitudeMeters><Extensions><TPX xmlns="http://www.garmin.com/xmlschemas/ActivityExtension/v2"><Speed>2.9</Speed></TPX></Extensions></Trackpoint><Trackpoint><Time>2026-03-31T16:55:30+00:00</Time><DistanceMeters>2574.5</DistanceMeters><Position><LatitudeDegrees>50.585116</LatitudeDegrees><LongitudeDegrees>3.060218</LongitudeDegrees></Position><AltitudeMeters>38.5</AltitudeMeters><Extensions><TPX xmlns="http://www.garmin.com/xmlschemas/ActivityExtension/v2"><Speed>2.8</Speed></TPX></Extensions></Trackpoint><Trackpoint><Time>2026-03-31T16:55:31+00:00</Time><DistanceMeters>2577.1</DistanceMeters><Position><LatitudeDegrees>50.585105</LatitudeDegrees><LongitudeDegrees>3.060214</LongitudeDegrees></Position><AltitudeMeters>38.4</AltitudeMeters><Extensions><TPX xmlns="http://www.garmin.com/xmlschemas/ActivityExtension/v2"><Speed>2.81</Speed></TPX></Extensions></Trackpoint><Trackpoint><Time>2026-03-31T16:55:32+00:00</Time><DistanceMeters>2579.9</DistanceMeters><Position><LatitudeDegrees>50.585068</LatitudeDegrees><LongitudeDegrees>3.060198</LongitudeDegrees></Position><AltitudeMeters>38.4</AltitudeMeters><Extensions><TPX xmlns="http://www.garmin.com/xmlschemas/ActivityExtension/v2"><Speed>2.86</Speed></TPX></Extensions></Trackpoint><Trackpoint><Time>2026-03-31T16:55:33+00:00</Time><DistanceMeters>2582.7</DistanceMeters><Position><LatitudeDegrees>50.585057</LatitudeDegrees><LongitudeDegrees>3.060191</LongitudeDegrees></Position><AltitudeMeters>38.3</AltitudeMeters><Extensions><TPX xmlns="http://www.garmin.com/xmlschemas/ActivityExtension/v2"><Speed>2.76</Speed></TPX></Extensions></Trackpoint><Trackpoint><Time>2026-03-31T16:55:34+00:00</Time><DistanceMeters>2586.0</DistanceMeters><Position><LatitudeDegrees>50.585029</LatitudeDegrees><LongitudeDegrees>3.060177</LongitudeDegrees></Position><AltitudeMeters>38.3</AltitudeMeters><Extensions><TPX xmlns="http://www.garmin.com/xmlschemas/ActivityExtension/v2"><Speed>2.82</Speed></TPX></Extensions></Trackpoint><Trackpoint><Time>2026-03-31T16:55:35+00:00</Time><DistanceMeters>2589.0</DistanceMeters><Position><LatitudeDegrees>50.58499</LatitudeDegrees><LongitudeDegrees>3.060166</LongitudeDegrees></Position><AltitudeMeters>38.2</AltitudeMeters><Extensions><TPX xmlns="http://www.garmin.com/xmlschemas/ActivityExtension/v2"><Speed>2.9</Speed></TPX></Extensions></Trackpoint><Trackpoint><Time>2026-03-31T16:55:36+00:00</Time><DistanceMeters>2592.0</DistanceMeters><Position><LatitudeDegrees>50.584976</LatitudeDegrees><LongitudeDegrees>3.06016</LongitudeDegrees></Position><AltitudeMeters>38.1</AltitudeMeters><Extensions><TPX xmlns="http://www.garmin.com/xmlschemas/ActivityExtension/v2"><Speed>2.98</Speed></TPX></Extensions></Trackpoint><Trackpoint><Time>2026-03-31T16:55:37+00:00</Time><DistanceMeters>2594.9</DistanceMeters><Position><LatitudeDegrees>50.584939</LatitudeDegrees><LongitudeDegrees>3.060146</LongitudeDegrees></Position><AltitudeMeters>38.0</AltitudeMeters><Extensions><TPX xmlns="http://www.garmin.com/xmlschemas/ActivityExtension/v2"><Speed>3.0</Speed></TPX></Extensions></Trackpoint><Trackpoint><Time>2026-03-31T16:55:38+00:00</Time><DistanceMeters>2597.8</DistanceMeters><Position><LatitudeDegrees>50.584925</LatitudeDegrees><LongitudeDegrees>3.06014</LongitudeDegrees></Position><AltitudeMeters>38.0</AltitudeMeters><Extensions><TPX xmlns="http://www.garmin.com/xmlschemas/ActivityExtension/v2"><Speed>3.02</Speed></TPX></Extensions></Trackpoint><Trackpoint><Time>2026-03-31T16:55:39+00:00</Time><DistanceMeters>2600.8</DistanceMeters><Position><LatitudeDegrees>50.584889</LatitudeDegrees><LongitudeDegrees>3.060124</LongitudeDegrees></Position><AltitudeMeters>37.9</AltitudeMeters><Extensions><TPX xmlns="http://www.garmin.com/xmlschemas/ActivityExtension/v2"><Speed>2.95</Speed></TPX></Extensions></Trackpoint><Trackpoint><Time>2026-03-31T16:55:40+00:00</Time><DistanceMeters>2603.7</DistanceMeters><Position><LatitudeDegrees>50.584874</LatitudeDegrees><LongitudeDegrees>3.060121</LongitudeDegrees></Position><AltitudeMeters>37.9</AltitudeMeters><Extensions><TPX xmlns="http://www.garmin.com/xmlschemas/ActivityExtension/v2"><Speed>2.94</Speed></TPX></Extensions></Trackpoint><Trackpoint><Time>2026-03-31T16:55:41+00:00</Time><DistanceMeters>2606.9</DistanceMeters><Position><LatitudeDegrees>50.584833</LatitudeDegrees><LongitudeDegrees>3.060106</LongitudeDegrees></Position><AltitudeMeters>37.8</AltitudeMeters><Extensions><TPX xmlns="http://www.garmin.com/xmlschemas/ActivityExtension/v2"><Speed>2.98</Speed></TPX></Extensions></Trackpoint><Trackpoint><Time>2026-03-31T16:55:42+00:00</Time><DistanceMeters>2610.1</DistanceMeters><Position><LatitudeDegrees>50.584818</LatitudeDegrees><LongitudeDegrees>3.060102</LongitudeDegrees></Position><AltitudeMeters>37.8</AltitudeMeters><Extensions><TPX xmlns="http://www.garmin.com/xmlschemas/ActivityExtension/v2"><Speed>3.04</Speed></TPX></Extensions></Trackpoint><Trackpoint><Time>2026-03-31T16:55:43+00:00</Time><DistanceMeters>2613.1</DistanceMeters><Position><LatitudeDegrees>50.584791</LatitudeDegrees><LongitudeDegrees>3.060093</LongitudeDegrees></Position><AltitudeMeters>37.7</AltitudeMeters><Extensions><TPX xmlns="http://www.garmin.com/xmlschemas/ActivityExtension/v2"><Speed>3.06</Speed></TPX></Extensions></Trackpoint><Trackpoint><Time>2026-03-31T16:55:44+00:00</Time><DistanceMeters>2615.9</DistanceMeters><Position><LatitudeDegrees>50.584754</LatitudeDegrees><LongitudeDegrees>3.060083</LongitudeDegrees></Position><AltitudeMeters>37.7</AltitudeMeters><Extensions><TPX xmlns="http://www.garmin.com/xmlschemas/ActivityExtension/v2"><Speed>3.02</Speed></TPX></Extensions></Trackpoint><Trackpoint><Time>2026-03-31T16:55:45+00:00</Time><DistanceMeters>2618.6</DistanceMeters><Position><LatitudeDegrees>50.584743</LatitudeDegrees><LongitudeDegrees>3.060078</LongitudeDegrees></Position><AltitudeMeters>37.7</AltitudeMeters><Extensions><TPX xmlns="http://www.garmin.com/xmlschemas/ActivityExtension/v2"><Speed>2.98</Speed></TPX></Extensions></Trackpoint><Trackpoint><Time>2026-03-31T16:55:46+00:00</Time><DistanceMeters>2621.7</DistanceMeters><Position><LatitudeDegrees>50.584716</LatitudeDegrees><LongitudeDegrees>3.060067</LongitudeDegrees></Position><AltitudeMeters>37.6</AltitudeMeters><Extensions><TPX xmlns="http://www.garmin.com/xmlschemas/ActivityExtension/v2"><Speed>2.96</Speed></TPX></Extensions></Trackpoint><Trackpoint><Time>2026-03-31T16:55:47+00:00</Time><DistanceMeters>2624.9</DistanceMeters><Position><LatitudeDegrees>50.584688</LatitudeDegrees><LongitudeDegrees>3.060057</LongitudeDegrees></Position><AltitudeMeters>37.6</AltitudeMeters><Extensions><TPX xmlns="http://www.garmin.com/xmlschemas/ActivityExtension/v2"><Speed>2.96</Speed></TPX></Extensions></Trackpoint><Trackpoint><Time>2026-03-31T16:55:48+00:00</Time><DistanceMeters>2627.7</DistanceMeters><Position><LatitudeDegrees>50.584651</LatitudeDegrees><LongitudeDegrees>3.060045</LongitudeDegrees></Position><AltitudeMeters>37.5</AltitudeMeters><Extensions><TPX xmlns="http://www.garmin.com/xmlschemas/ActivityExtension/v2"><Speed>2.92</Speed></TPX></Extensions></Trackpoint><Trackpoint><Time>2026-03-31T16:55:49+00:00</Time><DistanceMeters>2630.5</DistanceMeters><Position><LatitudeDegrees>50.584639</LatitudeDegrees><LongitudeDegrees>3.060038</LongitudeDegrees></Position><AltitudeMeters>37.5</AltitudeMeters><Extensions><TPX xmlns="http://www.garmin.com/xmlschemas/ActivityExtension/v2"><Speed>2.93</Speed></TPX></Extensions></Trackpoint><Trackpoint><Time>2026-03-31T16:55:50+00:00</Time><DistanceMeters>2633.9</DistanceMeters><Position><LatitudeDegrees>50.584609</LatitudeDegrees><LongitudeDegrees>3.060029</LongitudeDegrees></Position><AltitudeMeters>37.4</AltitudeMeters><Extensions><TPX xmlns="http://www.garmin.com/xmlschemas/ActivityExtension/v2"><Speed>3.06</Speed></TPX></Extensions></Trackpoint><Trackpoint><Time>2026-03-31T16:55:51+00:00</Time><DistanceMeters>2636.7</DistanceMeters><Position><LatitudeDegrees>50.584576</LatitudeDegrees><LongitudeDegrees>3.060008</LongitudeDegrees></Position><AltitudeMeters>37.3</AltitudeMeters><Extensions><TPX xmlns="http://www.garmin.com/xmlschemas/ActivityExtension/v2"><Speed>2.99</Speed></TPX></Extensions></Trackpoint><Trackpoint><Time>2026-03-31T16:55:52+00:00</Time><DistanceMeters>2639.4</DistanceMeters><Position><LatitudeDegrees>50.584564</LatitudeDegrees><LongitudeDegrees>3.059998</LongitudeDegrees></Position><AltitudeMeters>37.3</AltitudeMeters><Extensions><TPX xmlns="http://www.garmin.com/xmlschemas/ActivityExtension/v2"><Speed>2.9</Speed></TPX></Extensions></Trackpoint><Trackpoint><Time>2026-03-31T16:55:53+00:00</Time><DistanceMeters>2642.4</DistanceMeters><Position><LatitudeDegrees>50.584526</LatitudeDegrees><LongitudeDegrees>3.059977</LongitudeDegrees></Position><AltitudeMeters>37.2</AltitudeMeters><Extensions><TPX xmlns="http://www.garmin.com/xmlschemas/ActivityExtension/v2"><Speed>2.93</Speed></TPX></Extensions></Trackpoint><Trackpoint><Time>2026-03-31T16:55:54+00:00</Time><DistanceMeters>2645.3</DistanceMeters><Position><LatitudeDegrees>50.584513</LatitudeDegrees><LongitudeDegrees>3.05997</LongitudeDegrees></Position><AltitudeMeters>37.2</AltitudeMeters><Extensions><TPX xmlns="http://www.garmin.com/xmlschemas/ActivityExtension/v2"><Speed>2.96</Speed></TPX></Extensions></Trackpoint><Trackpoint><Time>2026-03-31T16:55:55+00:00</Time><DistanceMeters>2648.8</DistanceMeters><Position><LatitudeDegrees>50.584483</LatitudeDegrees><LongitudeDegrees>3.059957</LongitudeDegrees></Position><AltitudeMeters>37.1</AltitudeMeters><Extensions><TPX xmlns="http://www.garmin.com/xmlschemas/ActivityExtension/v2"><Speed>2.98</Speed></TPX></Extensions></Trackpoint><Trackpoint><Time>2026-03-31T16:55:56+00:00</Time><DistanceMeters>2651.8</DistanceMeters><Position><LatitudeDegrees>50.584456</LatitudeDegrees><LongitudeDegrees>3.05995</LongitudeDegrees></Position><AltitudeMeters>37.1</AltitudeMeters><Extensions><TPX xmlns="http://www.garmin.com/xmlschemas/ActivityExtension/v2"><Speed>3.03</Speed></TPX></Extensions></Trackpoint><Trackpoint><Time>2026-03-31T16:55:57+00:00</Time><DistanceMeters>2654.7</DistanceMeters><Position><LatitudeDegrees>50.584422</LatitudeDegrees><LongitudeDegrees>3.059931</LongitudeDegrees></Position><AltitudeMeters>37.0</AltitudeMeters><Extensions><TPX xmlns="http://www.garmin.com/xmlschemas/ActivityExtension/v2"><Speed>3.05</Speed></TPX></Extensions></Trackpoint><Trackpoint><Time>2026-03-31T16:55:58+00:00</Time><DistanceMeters>2657.5</DistanceMeters><Position><LatitudeDegrees>50.584407</LatitudeDegrees><LongitudeDegrees>3.059926</LongitudeDegrees></Position><AltitudeMeters>37.0</AltitudeMeters><Extensions><TPX xmlns="http://www.garmin.com/xmlschemas/ActivityExtension/v2"><Speed>3.03</Speed></TPX></Extensions></Trackpoint><Trackpoint><Time>2026-03-31T16:55:59+00:00</Time><DistanceMeters>2660.0</DistanceMeters><Position><LatitudeDegrees>50.584375</LatitudeDegrees><LongitudeDegrees>3.05991</LongitudeDegrees></Position><AltitudeMeters>36.9</AltitudeMeters><Extensions><TPX xmlns="http://www.garmin.com/xmlschemas/ActivityExtension/v2"><Speed>2.94</Speed></TPX></Extensions></Trackpoint><Trackpoint><Time>2026-03-31T16:56:00+00:00</Time><DistanceMeters>2662.5</DistanceMeters><Position><LatitudeDegrees>50.584364</LatitudeDegrees><LongitudeDegrees>3.059907</LongitudeDegrees></Position><AltitudeMeters>36.9</AltitudeMeters><Extensions><TPX xmlns="http://www.garmin.com/xmlschemas/ActivityExtension/v2"><Speed>2.74</Speed></TPX></Extensions></Trackpoint><Trackpoint><Time>2026-03-31T16:56:01+00:00</Time><DistanceMeters>2665.7</DistanceMeters><Position><LatitudeDegrees>50.584335</LatitudeDegrees><LongitudeDegrees>3.059905</LongitudeDegrees></Position><AltitudeMeters>37.0</AltitudeMeters><Extensions><TPX xmlns="http://www.garmin.com/xmlschemas/ActivityExtension/v2"><Speed>2.78</Speed></TPX></Extensions></Trackpoint><Trackpoint><Time>2026-03-31T16:56:02+00:00</Time><DistanceMeters>2668.8</DistanceMeters><Position><LatitudeDegrees>50.584308</LatitudeDegrees><LongitudeDegrees>3.059912</LongitudeDegrees></Position><AltitudeMeters>37.0</AltitudeMeters><Extensions><TPX xmlns="http://www.garmin.com/xmlschemas/ActivityExtension/v2"><Speed>2.83</Speed></TPX></Extensions></Trackpoint><Trackpoint><Time>2026-03-31T16:56:03+00:00</Time><DistanceMeters>2672.1</DistanceMeters><Position><LatitudeDegrees>50.584278</LatitudeDegrees><LongitudeDegrees>3.059914</LongitudeDegrees></Position><AltitudeMeters>37.0</AltitudeMeters><Extensions><TPX xmlns="http://www.garmin.com/xmlschemas/ActivityExtension/v2"><Speed>2.92</Speed></TPX></Extensions></Trackpoint><Trackpoint><Time>2026-03-31T16:56:04+00:00</Time><DistanceMeters>2674.9</DistanceMeters><Position><LatitudeDegrees>50.584241</LatitudeDegrees><LongitudeDegrees>3.059901</LongitudeDegrees></Position><AltitudeMeters>36.9</AltitudeMeters><Extensions><TPX xmlns="http://www.garmin.com/xmlschemas/ActivityExtension/v2"><Speed>2.98</Speed></TPX></Extensions></Trackpoint><Trackpoint><Time>2026-03-31T16:56:05+00:00</Time><DistanceMeters>2677.7</DistanceMeters><Position><LatitudeDegrees>50.58423</LatitudeDegrees><LongitudeDegrees>3.059895</LongitudeDegrees></Position><AltitudeMeters>36.8</AltitudeMeters><Extensions><TPX xmlns="http://www.garmin.com/xmlschemas/ActivityExtension/v2"><Speed>3.04</Speed></TPX></Extensions></Trackpoint><Trackpoint><Time>2026-03-31T16:56:06+00:00</Time><DistanceMeters>2680.8</DistanceMeters><Position><LatitudeDegrees>50.584203</LatitudeDegrees><LongitudeDegrees>3.059881</LongitudeDegrees></Position><AltitudeMeters>36.8</AltitudeMeters><Extensions><TPX xmlns="http://www.garmin.com/xmlschemas/ActivityExtension/v2"><Speed>3.02</Speed></TPX></Extensions></Trackpoint><Trackpoint><Time>2026-03-31T16:56:07+00:00</Time><DistanceMeters>2684.5</DistanceMeters><Position><LatitudeDegrees>50.58417</LatitudeDegrees><LongitudeDegrees>3.059878</LongitudeDegrees></Position><AltitudeMeters>36.7</AltitudeMeters><Extensions><TPX xmlns="http://www.garmin.com/xmlschemas/ActivityExtension/v2"><Speed>3.14</Speed></TPX></Extensions></Trackpoint><Trackpoint><Time>2026-03-31T16:56:08+00:00</Time><DistanceMeters>2687.8</DistanceMeters><Position><LatitudeDegrees>50.58414</LatitudeDegrees><LongitudeDegrees>3.059879</LongitudeDegrees></Position><AltitudeMeters>36.6</AltitudeMeters><Extensions><TPX xmlns="http://www.garmin.com/xmlschemas/ActivityExtension/v2"><Speed>3.14</Speed></TPX></Extensions></Trackpoint><Trackpoint><Time>2026-03-31T16:56:09+00:00</Time><DistanceMeters>2691.4</DistanceMeters><Position><LatitudeDegrees>50.584108</LatitudeDegrees><LongitudeDegrees>3.059883</LongitudeDegrees></Position><AltitudeMeters>36.5</AltitudeMeters><Extensions><TPX xmlns="http://www.garmin.com/xmlschemas/ActivityExtension/v2"><Speed>3.3</Speed></TPX></Extensions></Trackpoint><Trackpoint><Time>2026-03-31T16:56:10+00:00</Time><DistanceMeters>2693.9</DistanceMeters><Position><LatitudeDegrees>50.584079</LatitudeDegrees><LongitudeDegrees>3.059895</LongitudeDegrees></Position><AltitudeMeters>36.5</AltitudeMeters><Extensions><TPX xmlns="http://www.garmin.com/xmlschemas/ActivityExtension/v2"><Speed>3.23</Speed></TPX></Extensions></Trackpoint><Trackpoint><Time>2026-03-31T16:56:11+00:00</Time><DistanceMeters>2696.3</DistanceMeters><Position><LatitudeDegrees>50.584065</LatitudeDegrees><LongitudeDegrees>3.059898</LongitudeDegrees></Position><AltitudeMeters>36.4</AltitudeMeters><Extensions><TPX xmlns="http://www.garmin.com/xmlschemas/ActivityExtension/v2"><Speed>3.1</Speed></TPX></Extensions></Trackpoint><Trackpoint><Time>2026-03-31T16:56:12+00:00</Time><DistanceMeters>2699.5</DistanceMeters><Position><LatitudeDegrees>50.584038</LatitudeDegrees><LongitudeDegrees>3.05991</LongitudeDegrees></Position><AltitudeMeters>36.4</AltitudeMeters><Extensions><TPX xmlns="http://www.garmin.com/xmlschemas/ActivityExtension/v2"><Speed>3.0</Speed></TPX></Extensions></Trackpoint><Trackpoint><Time>2026-03-31T16:56:13+00:00</Time><DistanceMeters>2702.5</DistanceMeters><Position><LatitudeDegrees>50.584004</LatitudeDegrees><LongitudeDegrees>3.05994</LongitudeDegrees></Position><AltitudeMeters>36.4</AltitudeMeters><Extensions><TPX xmlns="http://www.garmin.com/xmlschemas/ActivityExtension/v2"><Speed>2.93</Speed></TPX></Extensions></Trackpoint><Trackpoint><Time>2026-03-31T16:56:14+00:00</Time><DistanceMeters>2705.4</DistanceMeters><Position><LatitudeDegrees>50.583991</LatitudeDegrees><LongitudeDegrees>3.05995</LongitudeDegrees></Position><AltitudeMeters>36.4</AltitudeMeters><Extensions><TPX xmlns="http://www.garmin.com/xmlschemas/ActivityExtension/v2"><Speed>2.8</Speed></TPX></Extensions></Trackpoint><Trackpoint><Time>2026-03-31T16:56:15+00:00</Time><DistanceMeters>2708.5</DistanceMeters><Position><LatitudeDegrees>50.583963</LatitudeDegrees><LongitudeDegrees>3.059943</LongitudeDegrees></Position><AltitudeMeters>36.3</AltitudeMeters><Extensions><TPX xmlns="http://www.garmin.com/xmlschemas/ActivityExtension/v2"><Speed>2.93</Speed></TPX></Extensions></Trackpoint><Trackpoint><Time>2026-03-31T16:56:16+00:00</Time><DistanceMeters>2711.9</DistanceMeters><Position><LatitudeDegrees>50.583933</LatitudeDegrees><LongitudeDegrees>3.059941</LongitudeDegrees></Position><AltitudeMeters>36.3</AltitudeMeters><Extensions><TPX xmlns="http://www.garmin.com/xmlschemas/ActivityExtension/v2"><Speed>3.12</Speed></TPX></Extensions></Trackpoint><Trackpoint><Time>2026-03-31T16:56:17+00:00</Time><DistanceMeters>2714.3</DistanceMeters><Position><LatitudeDegrees>50.583899</LatitudeDegrees><LongitudeDegrees>3.059942</LongitudeDegrees></Position><AltitudeMeters>36.3</AltitudeMeters><Extensions><TPX xmlns="http://www.garmin.com/xmlschemas/ActivityExtension/v2"><Speed>2.96</Speed></TPX></Extensions></Trackpoint><Trackpoint><Time>2026-03-31T16:56:18+00:00</Time><DistanceMeters>2716.7</DistanceMeters><Position><LatitudeDegrees>50.58389</LatitudeDegrees><LongitudeDegrees>3.059942</LongitudeDegrees></Position><AltitudeMeters>36.3</AltitudeMeters><Extensions><TPX xmlns="http://www.garmin.com/xmlschemas/ActivityExtension/v2"><Speed>2.85</Speed></TPX></Extensions></Trackpoint><Trackpoint><Time>2026-03-31T16:56:19+00:00</Time><DistanceMeters>2719.8</DistanceMeters><Position><LatitudeDegrees>50.583862</LatitudeDegrees><LongitudeDegrees>3.059946</LongitudeDegrees></Position><AltitudeMeters>36.3</AltitudeMeters><Extensions><TPX xmlns="http://www.garmin.com/xmlschemas/ActivityExtension/v2"><Speed>2.88</Speed></TPX></Extensions></Trackpoint><Trackpoint><Time>2026-03-31T16:56:20+00:00</Time><DistanceMeters>2722.7</DistanceMeters><Position><LatitudeDegrees>50.583824</LatitudeDegrees><LongitudeDegrees>3.059948</LongitudeDegrees></Position><AltitudeMeters>36.2</AltitudeMeters><Extensions><TPX xmlns="http://www.garmin.com/xmlschemas/ActivityExtension/v2"><Speed>2.83</Speed></TPX></Extensions></Trackpoint><Trackpoint><Time>2026-03-31T16:56:21+00:00</Time><DistanceMeters>2725.5</DistanceMeters><Position><LatitudeDegrees>50.583811</LatitudeDegrees><LongitudeDegrees>3.059949</LongitudeDegrees></Position><AltitudeMeters>36.2</AltitudeMeters><Extensions><TPX xmlns="http://www.garmin.com/xmlschemas/ActivityExtension/v2"><Speed>2.72</Speed></TPX></Extensions></Trackpoint><Trackpoint><Time>2026-03-31T16:56:22+00:00</Time><DistanceMeters>2728.7</DistanceMeters><Position><LatitudeDegrees>50.583782</LatitudeDegrees><LongitudeDegrees>3.059946</LongitudeDegrees></Position><AltitudeMeters>36.2</AltitudeMeters><Extensions><TPX xmlns="http://www.garmin.com/xmlschemas/ActivityExtension/v2"><Speed>2.88</Speed></TPX></Extensions></Trackpoint><Trackpoint><Time>2026-03-31T16:56:23+00:00</Time><DistanceMeters>2731.7</DistanceMeters><Position><LatitudeDegrees>50.583742</LatitudeDegrees><LongitudeDegrees>3.059949</LongitudeDegrees></Position><AltitudeMeters>36.2</AltitudeMeters><Extensions><TPX xmlns="http://www.garmin.com/xmlschemas/ActivityExtension/v2"><Speed>3.0</Speed></TPX></Extensions></Trackpoint><Trackpoint><Time>2026-03-31T16:56:24+00:00</Time><DistanceMeters>2734.7</DistanceMeters><Position><LatitudeDegrees>50.583728</LatitudeDegrees><LongitudeDegrees>3.059949</LongitudeDegrees></Position><AltitudeMeters>36.1</AltitudeMeters><Extensions><TPX xmlns="http://www.garmin.com/xmlschemas/ActivityExtension/v2"><Speed>2.98</Speed></TPX></Extensions></Trackpoint><Trackpoint><Time>2026-03-31T16:56:25+00:00</Time><DistanceMeters>2737.8</DistanceMeters><Position><LatitudeDegrees>50.583688</LatitudeDegrees><LongitudeDegrees>3.059953</LongitudeDegrees></Position><AltitudeMeters>36.1</AltitudeMeters><Extensions><TPX xmlns="http://www.garmin.com/xmlschemas/ActivityExtension/v2"><Speed>3.02</Speed></TPX></Extensions></Trackpoint><Trackpoint><Time>2026-03-31T16:56:26+00:00</Time><DistanceMeters>2740.8</DistanceMeters><Position><LatitudeDegrees>50.583674</LatitudeDegrees><LongitudeDegrees>3.059955</LongitudeDegrees></Position><AltitudeMeters>36.1</AltitudeMeters><Extensions><TPX xmlns="http://www.garmin.com/xmlschemas/ActivityExtension/v2"><Speed>3.06</Speed></TPX></Extensions></Trackpoint><Trackpoint><Time>2026-03-31T16:56:27+00:00</Time><DistanceMeters>2743.8</DistanceMeters><Position><LatitudeDegrees>50.583633</LatitudeDegrees><LongitudeDegrees>3.059959</LongitudeDegrees></Position><AltitudeMeters>36.1</AltitudeMeters><Extensions><TPX xmlns="http://www.garmin.com/xmlschemas/ActivityExtension/v2"><Speed>3.02</Speed></TPX></Extensions></Trackpoint><Trackpoint><Time>2026-03-31T16:56:28+00:00</Time><DistanceMeters>2746.8</DistanceMeters><Position><LatitudeDegrees>50.583619</LatitudeDegrees><LongitudeDegrees>3.05996</LongitudeDegrees></Position><AltitudeMeters>36.1</AltitudeMeters><Extensions><TPX xmlns="http://www.garmin.com/xmlschemas/ActivityExtension/v2"><Speed>3.02</Speed></TPX></Extensions></Trackpoint><Trackpoint><Time>2026-03-31T16:56:29+00:00</Time><DistanceMeters>2750.0</DistanceMeters><Position><LatitudeDegrees>50.583579</LatitudeDegrees><LongitudeDegrees>3.059961</LongitudeDegrees></Position><AltitudeMeters>36.0</AltitudeMeters><Extensions><TPX xmlns="http://www.garmin.com/xmlschemas/ActivityExtension/v2"><Speed>3.05</Speed></TPX></Extensions></Trackpoint><Trackpoint><Time>2026-03-31T16:56:30+00:00</Time><DistanceMeters>2753.1</DistanceMeters><Position><LatitudeDegrees>50.583563</LatitudeDegrees><LongitudeDegrees>3.059962</LongitudeDegrees></Position><AltitudeMeters>36.0</AltitudeMeters><Extensions><TPX xmlns="http://www.garmin.com/xmlschemas/ActivityExtension/v2"><Speed>3.07</Speed></TPX></Extensions></Trackpoint><Trackpoint><Time>2026-03-31T16:56:31+00:00</Time><DistanceMeters>2755.8</DistanceMeters><Position><LatitudeDegrees>50.583527</LatitudeDegrees><LongitudeDegrees>3.059968</LongitudeDegrees></Position><AltitudeMeters>36.0</AltitudeMeters><Extensions><TPX xmlns="http://www.garmin.com/xmlschemas/ActivityExtension/v2"><Speed>3.0</Speed></TPX></Extensions></Trackpoint><Trackpoint><Time>2026-03-31T16:56:32+00:00</Time><DistanceMeters>2758.5</DistanceMeters><Position><LatitudeDegrees>50.583514</LatitudeDegrees><LongitudeDegrees>3.059969</LongitudeDegrees></Position><AltitudeMeters>36.0</AltitudeMeters><Extensions><TPX xmlns="http://www.garmin.com/xmlschemas/ActivityExtension/v2"><Speed>2.94</Speed></TPX></Extensions></Trackpoint><Trackpoint><Time>2026-03-31T16:56:33+00:00</Time><DistanceMeters>2761.6</DistanceMeters><Position><LatitudeDegrees>50.583487</LatitudeDegrees><LongitudeDegrees>3.059969</LongitudeDegrees></Position><AltitudeMeters>36.0</AltitudeMeters><Extensions><TPX xmlns="http://www.garmin.com/xmlschemas/ActivityExtension/v2"><Speed>2.96</Speed></TPX></Extensions></Trackpoint><Trackpoint><Time>2026-03-31T16:56:34+00:00</Time><DistanceMeters>2764.0</DistanceMeters><Position><LatitudeDegrees>50.583454</LatitudeDegrees><LongitudeDegrees>3.059974</LongitudeDegrees></Position><AltitudeMeters>36.0</AltitudeMeters><Extensions><TPX xmlns="http://www.garmin.com/xmlschemas/ActivityExtension/v2"><Speed>2.81</Speed></TPX></Extensions></Trackpoint><Trackpoint><Time>2026-03-31T16:56:35+00:00</Time><DistanceMeters>2766.4</DistanceMeters><Position><LatitudeDegrees>50.583444</LatitudeDegrees><LongitudeDegrees>3.059977</LongitudeDegrees></Position><AltitudeMeters>35.9</AltitudeMeters><Extensions><TPX xmlns="http://www.garmin.com/xmlschemas/ActivityExtension/v2"><Speed>2.66</Speed></TPX></Extensions></Trackpoint><Trackpoint><Time>2026-03-31T16:56:36+00:00</Time><DistanceMeters>2769.2</DistanceMeters><Position><LatitudeDegrees>50.583407</LatitudeDegrees><LongitudeDegrees>3.059979</LongitudeDegrees></Position><AltitudeMeters>35.9</AltitudeMeters><Extensions><TPX xmlns="http://www.garmin.com/xmlschemas/ActivityExtension/v2"><Speed>2.67</Speed></TPX></Extensions></Trackpoint><Trackpoint><Time>2026-03-31T16:56:37+00:00</Time><DistanceMeters>2771.9</DistanceMeters><Position><LatitudeDegrees>50.583395</LatitudeDegrees><LongitudeDegrees>3.059979</LongitudeDegrees></Position><AltitudeMeters>35.9</AltitudeMeters><Extensions><TPX xmlns="http://www.garmin.com/xmlschemas/ActivityExtension/v2"><Speed>2.68</Speed></TPX></Extensions></Trackpoint><Trackpoint><Time>2026-03-31T16:56:38+00:00</Time><DistanceMeters>2774.8</DistanceMeters><Position><LatitudeDegrees>50.583357</LatitudeDegrees><LongitudeDegrees>3.059984</LongitudeDegrees></Position><AltitudeMeters>35.9</AltitudeMeters><Extensions><TPX xmlns="http://www.garmin.com/xmlschemas/ActivityExtension/v2"><Speed>2.64</Speed></TPX></Extensions></Trackpoint><Trackpoint><Time>2026-03-31T16:56:39+00:00</Time><DistanceMeters>2777.7</DistanceMeters><Position><LatitudeDegrees>50.583342</LatitudeDegrees><LongitudeDegrees>3.059984</LongitudeDegrees></Position><AltitudeMeters>35.9</AltitudeMeters><Extensions><TPX xmlns="http://www.garmin.com/xmlschemas/ActivityExtension/v2"><Speed>2.74</Speed></TPX></Extensions></Trackpoint><Trackpoint><Time>2026-03-31T16:56:40+00:00</Time><DistanceMeters>2780.8</DistanceMeters><Position><LatitudeDegrees>50.583315</LatitudeDegrees><LongitudeDegrees>3.059985</LongitudeDegrees></Position><AltitudeMeters>35.9</AltitudeMeters><Extensions><TPX xmlns="http://www.garmin.com/xmlschemas/ActivityExtension/v2"><Speed>2.88</Speed></TPX></Extensions></Trackpoint><Trackpoint><Time>2026-03-31T16:56:41+00:00</Time><DistanceMeters>2783.2</DistanceMeters><Position><LatitudeDegrees>50.583285</LatitudeDegrees><LongitudeDegrees>3.059985</LongitudeDegrees></Position><AltitudeMeters>35.8</AltitudeMeters><Extensions><TPX xmlns="http://www.garmin.com/xmlschemas/ActivityExtension/v2"><Speed>2.8</Speed></TPX></Extensions></Trackpoint><Trackpoint><Time>2026-03-31T16:56:42+00:00</Time><DistanceMeters>2785.5</DistanceMeters><Position><LatitudeDegrees>50.583273</LatitudeDegrees><LongitudeDegrees>3.059984</LongitudeDegrees></Position><AltitudeMeters>35.8</AltitudeMeters><Extensions><TPX xmlns="http://www.garmin.com/xmlschemas/ActivityExtension/v2"><Speed>2.72</Speed></TPX></Extensions></Trackpoint><Trackpoint><Time>2026-03-31T16:56:43+00:00</Time><DistanceMeters>2788.7</DistanceMeters><Position><LatitudeDegrees>50.583244</LatitudeDegrees><LongitudeDegrees>3.05998</LongitudeDegrees></Position><AltitudeMeters>35.8</AltitudeMeters><Extensions><TPX xmlns="http://www.garmin.com/xmlschemas/ActivityExtension/v2"><Speed>2.78</Speed></TPX></Extensions></Trackpoint><Trackpoint><Time>2026-03-31T16:56:44+00:00</Time><DistanceMeters>2791.3</DistanceMeters><Position><LatitudeDegrees>50.58321</LatitudeDegrees><LongitudeDegrees>3.059973</LongitudeDegrees></Position><AltitudeMeters>35.8</AltitudeMeters><Extensions><TPX xmlns="http://www.garmin.com/xmlschemas/ActivityExtension/v2"><Speed>2.72</Speed></TPX></Extensions></Trackpoint><Trackpoint><Time>2026-03-31T16:56:45+00:00</Time><DistanceMeters>2793.9</DistanceMeters><Position><LatitudeDegrees>50.583198</LatitudeDegrees><LongitudeDegrees>3.05997</LongitudeDegrees></Position><AltitudeMeters>35.8</AltitudeMeters><Extensions><TPX xmlns="http://www.garmin.com/xmlschemas/ActivityExtension/v2"><Speed>2.62</Speed></TPX></Extensions></Trackpoint><Trackpoint><Time>2026-03-31T16:56:46+00:00</Time><DistanceMeters>2796.8</DistanceMeters><Position><LatitudeDegrees>50.583161</LatitudeDegrees><LongitudeDegrees>3.059961</LongitudeDegrees></Position><AltitudeMeters>35.8</AltitudeMeters><Extensions><TPX xmlns="http://www.garmin.com/xmlschemas/ActivityExtension/v2"><Speed>2.72</Speed></TPX></Extensions></Trackpoint><Trackpoint><Time>2026-03-31T16:56:47+00:00</Time><DistanceMeters>2799.6</DistanceMeters><Position><LatitudeDegrees>50.583147</LatitudeDegrees><LongitudeDegrees>3.059958</LongitudeDegrees></Position><AltitudeMeters>35.8</AltitudeMeters><Extensions><TPX xmlns="http://www.garmin.com/xmlschemas/ActivityExtension/v2"><Speed>2.82</Speed></TPX></Extensions></Trackpoint><Trackpoint><Time>2026-03-31T16:56:48+00:00</Time><DistanceMeters>2802.4</DistanceMeters><Position><LatitudeDegrees>50.583112</LatitudeDegrees><LongitudeDegrees>3.059942</LongitudeDegrees></Position><AltitudeMeters>35.8</AltitudeMeters><Extensions><TPX xmlns="http://www.garmin.com/xmlschemas/ActivityExtension/v2"><Speed>2.73</Speed></TPX></Extensions></Trackpoint><Trackpoint><Time>2026-03-31T16:56:49+00:00</Time><DistanceMeters>2805.1</DistanceMeters><Position><LatitudeDegrees>50.5831</LatitudeDegrees><LongitudeDegrees>3.059936</LongitudeDegrees></Position><AltitudeMeters>35.7</AltitudeMeters><Extensions><TPX xmlns="http://www.garmin.com/xmlschemas/ActivityExtension/v2"><Speed>2.76</Speed></TPX></Extensions></Trackpoint><Trackpoint><Time>2026-03-31T16:56:50+00:00</Time><DistanceMeters>2808.4</DistanceMeters><Position><LatitudeDegrees>50.58307</LatitudeDegrees><LongitudeDegrees>3.05993</LongitudeDegrees></Position><AltitudeMeters>35.7</AltitudeMeters><Extensions><TPX xmlns="http://www.garmin.com/xmlschemas/ActivityExtension/v2"><Speed>2.9</Speed></TPX></Extensions></Trackpoint><Trackpoint><Time>2026-03-31T16:56:51+00:00</Time><DistanceMeters>2810.9</DistanceMeters><Position><LatitudeDegrees>50.583037</LatitudeDegrees><LongitudeDegrees>3.059915</LongitudeDegrees></Position><AltitudeMeters>35.7</AltitudeMeters><Extensions><TPX xmlns="http://www.garmin.com/xmlschemas/ActivityExtension/v2"><Speed>2.82</Speed></TPX></Extensions></Trackpoint><Trackpoint><Time>2026-03-31T16:56:52+00:00</Time><DistanceMeters>2813.3</DistanceMeters><Position><LatitudeDegrees>50.583028</LatitudeDegrees><LongitudeDegrees>3.059912</LongitudeDegrees></Position><AltitudeMeters>35.7</AltitudeMeters><Extensions><TPX xmlns="http://www.garmin.com/xmlschemas/ActivityExtension/v2"><Speed>2.74</Speed></TPX></Extensions></Trackpoint><Trackpoint><Time>2026-03-31T16:56:53+00:00</Time><DistanceMeters>2815.4</DistanceMeters><Position><LatitudeDegrees>50.583002</LatitudeDegrees><LongitudeDegrees>3.059902</LongitudeDegrees></Position><AltitudeMeters>35.7</AltitudeMeters><Extensions><TPX xmlns="http://www.garmin.com/xmlschemas/ActivityExtension/v2"><Speed>2.6</Speed></TPX></Extensions></Trackpoint><Trackpoint><Time>2026-03-31T16:56:54+00:00</Time><DistanceMeters>2817.4</DistanceMeters><Position><LatitudeDegrees>50.582992</LatitudeDegrees><LongitudeDegrees>3.059898</LongitudeDegrees></Position><AltitudeMeters>35.7</AltitudeMeters><Extensions><TPX xmlns="http://www.garmin.com/xmlschemas/ActivityExtension/v2"><Speed>2.46</Speed></TPX></Extensions></Trackpoint><Trackpoint><Time>2026-03-31T16:56:55+00:00</Time><DistanceMeters>2819.7</DistanceMeters><Position><LatitudeDegrees>50.582965</LatitudeDegrees><LongitudeDegrees>3.059878</LongitudeDegrees></Position><AltitudeMeters>35.7</AltitudeMeters><Extensions><TPX xmlns="http://www.garmin.com/xmlschemas/ActivityExtension/v2"><Speed>2.26</Speed></TPX></Extensions></Trackpoint><Trackpoint><Time>2026-03-31T16:56:56+00:00</Time><DistanceMeters>2822.0</DistanceMeters><Position><LatitudeDegrees>50.582954</LatitudeDegrees><LongitudeDegrees>3.05987</LongitudeDegrees></Position><AltitudeMeters>35.7</AltitudeMeters><Extensions><TPX xmlns="http://www.garmin.com/xmlschemas/ActivityExtension/v2"><Speed>2.23</Speed></TPX></Extensions></Trackpoint><Trackpoint><Time>2026-03-31T16:56:57+00:00</Time><DistanceMeters>2825.5</DistanceMeters><Position><LatitudeDegrees>50.582924</LatitudeDegrees><LongitudeDegrees>3.059858</LongitudeDegrees></Position><AltitudeMeters>35.7</AltitudeMeters><Extensions><TPX xmlns="http://www.garmin.com/xmlschemas/ActivityExtension/v2"><Speed>2.44</Speed></TPX></Extensions></Trackpoint><Trackpoint><Time>2026-03-31T16:56:58+00:00</Time><DistanceMeters>2828.6</DistanceMeters><Position><LatitudeDegrees>50.582899</LatitudeDegrees><LongitudeDegrees>3.059837</LongitudeDegrees></Position><AltitudeMeters>35.7</AltitudeMeters><Extensions><TPX xmlns="http://www.garmin.com/xmlschemas/ActivityExtension/v2"><Speed>2.65</Speed></TPX></Extensions></Trackpoint><Trackpoint><Time>2026-03-31T16:56:59+00:00</Time><DistanceMeters>2831.3</DistanceMeters><Position><LatitudeDegrees>50.582866</LatitudeDegrees><LongitudeDegrees>3.059813</LongitudeDegrees></Position><AltitudeMeters>35.7</AltitudeMeters><Extensions><TPX xmlns="http://www.garmin.com/xmlschemas/ActivityExtension/v2"><Speed>2.78</Speed></TPX></Extensions></Trackpoint><Trackpoint><Time>2026-03-31T16:57:00+00:00</Time><DistanceMeters>2834.0</DistanceMeters><Position><LatitudeDegrees>50.582854</LatitudeDegrees><LongitudeDegrees>3.059807</LongitudeDegrees></Position><AltitudeMeters>35.7</AltitudeMeters><Extensions><TPX xmlns="http://www.garmin.com/xmlschemas/ActivityExtension/v2"><Speed>2.86</Speed></TPX></Extensions></Trackpoint><Trackpoint><Time>2026-03-31T16:57:01+00:00</Time><DistanceMeters>2836.6</DistanceMeters><Position><LatitudeDegrees>50.582823</LatitudeDegrees><LongitudeDegrees>3.059786</LongitudeDegrees></Position><AltitudeMeters>35.7</AltitudeMeters><Extensions><TPX xmlns="http://www.garmin.com/xmlschemas/ActivityExtension/v2"><Speed>2.92</Speed></TPX></Extensions></Trackpoint><Trackpoint><Time>2026-03-31T16:57:02+00:00</Time><DistanceMeters>2839.2</DistanceMeters><Position><LatitudeDegrees>50.582812</LatitudeDegrees><LongitudeDegrees>3.059778</LongitudeDegrees></Position><AltitudeMeters>35.7</AltitudeMeters><Extensions><TPX xmlns="http://www.garmin.com/xmlschemas/ActivityExtension/v2"><Speed>2.74</Speed></TPX></Extensions></Trackpoint><Trackpoint><Time>2026-03-31T16:57:03+00:00</Time><DistanceMeters>2842.3</DistanceMeters><Position><LatitudeDegrees>50.582776</LatitudeDegrees><LongitudeDegrees>3.059753</LongitudeDegrees></Position><AltitudeMeters>35.7</AltitudeMeters><Extensions><TPX xmlns="http://www.garmin.com/xmlschemas/ActivityExtension/v2"><Speed>2.73</Speed></TPX></Extensions></Trackpoint><Trackpoint><Time>2026-03-31T16:57:04+00:00</Time><DistanceMeters>2845.3</DistanceMeters><Position><LatitudeDegrees>50.58276</LatitudeDegrees><LongitudeDegrees>3.059747</LongitudeDegrees></Position><AltitudeMeters>35.7</AltitudeMeters><Extensions><TPX xmlns="http://www.garmin.com/xmlschemas/ActivityExtension/v2"><Speed>2.8</Speed></TPX></Extensions></Trackpoint><Trackpoint><Time>2026-03-31T16:57:05+00:00</Time><DistanceMeters>2848.9</DistanceMeters><Position><LatitudeDegrees>50.582735</LatitudeDegrees><LongitudeDegrees>3.059715</LongitudeDegrees></Position><AltitudeMeters>35.6</AltitudeMeters><Extensions><TPX xmlns="http://www.garmin.com/xmlschemas/ActivityExtension/v2"><Speed>2.98</Speed></TPX></Extensions></Trackpoint><Trackpoint><Time>2026-03-31T16:57:06+00:00</Time><DistanceMeters>2851.6</DistanceMeters><Position><LatitudeDegrees>50.582704</LatitudeDegrees><LongitudeDegrees>3.059691</LongitudeDegrees></Position><AltitudeMeters>35.6</AltitudeMeters><Extensions><TPX xmlns="http://www.garmin.com/xmlschemas/ActivityExtension/v2"><Speed>3.0</Speed></TPX></Extensions></Trackpoint><Trackpoint><Time>2026-03-31T16:57:07+00:00</Time><DistanceMeters>2854.3</DistanceMeters><Position><LatitudeDegrees>50.582691</LatitudeDegrees><LongitudeDegrees>3.059684</LongitudeDegrees></Position><AltitudeMeters>35.6</AltitudeMeters><Extensions><TPX xmlns="http://www.garmin.com/xmlschemas/ActivityExtension/v2"><Speed>3.02</Speed></TPX></Extensions></Trackpoint><Trackpoint><Time>2026-03-31T16:57:08+00:00</Time><DistanceMeters>2857.4</DistanceMeters><Position><LatitudeDegrees>50.582667</LatitudeDegrees><LongitudeDegrees>3.05966</LongitudeDegrees></Position><AltitudeMeters>35.6</AltitudeMeters><Extensions><TPX xmlns="http://www.garmin.com/xmlschemas/ActivityExtension/v2"><Speed>3.03</Speed></TPX></Extensions></Trackpoint><Trackpoint><Time>2026-03-31T16:57:09+00:00</Time><DistanceMeters>2860.2</DistanceMeters><Position><LatitudeDegrees>50.582635</LatitudeDegrees><LongitudeDegrees>3.059635</LongitudeDegrees></Position><AltitudeMeters>35.6</AltitudeMeters><Extensions><TPX xmlns="http://www.garmin.com/xmlschemas/ActivityExtension/v2"><Speed>2.97</Speed></TPX></Extensions></Trackpoint><Trackpoint><Time>2026-03-31T16:57:10+00:00</Time><DistanceMeters>2862.9</DistanceMeters><Position><LatitudeDegrees>50.582623</LatitudeDegrees><LongitudeDegrees>3.059625</LongitudeDegrees></Position><AltitudeMeters>35.6</AltitudeMeters><Extensions><TPX xmlns="http://www.garmin.com/xmlschemas/ActivityExtension/v2"><Speed>2.8</Speed></TPX></Extensions></Trackpoint><Trackpoint><Time>2026-03-31T16:57:11+00:00</Time><DistanceMeters>2865.7</DistanceMeters><Position><LatitudeDegrees>50.582591</LatitudeDegrees><LongitudeDegrees>3.059602</LongitudeDegrees></Position><AltitudeMeters>35.6</AltitudeMeters><Extensions><TPX xmlns="http://www.garmin.com/xmlschemas/ActivityExtension/v2"><Speed>2.82</Speed></TPX></Extensions></Trackpoint><Trackpoint><Time>2026-03-31T16:57:12+00:00</Time><DistanceMeters>2868.5</DistanceMeters><Position><LatitudeDegrees>50.582578</LatitudeDegrees><LongitudeDegrees>3.059593</LongitudeDegrees></Position><AltitudeMeters>35.6</AltitudeMeters><Extensions><TPX xmlns="http://www.garmin.com/xmlschemas/ActivityExtension/v2"><Speed>2.84</Speed></TPX></Extensions></Trackpoint><Trackpoint><Time>2026-03-31T16:57:13+00:00</Time><DistanceMeters>2871.3</DistanceMeters><Position><LatitudeDegrees>50.582544</LatitudeDegrees><LongitudeDegrees>3.059568</LongitudeDegrees></Position><AltitudeMeters>35.6</AltitudeMeters><Extensions><TPX xmlns="http://www.garmin.com/xmlschemas/ActivityExtension/v2"><Speed>2.78</Speed></TPX></Extensions></Trackpoint><Trackpoint><Time>2026-03-31T16:57:14+00:00</Time><DistanceMeters>2874.1</DistanceMeters><Position><LatitudeDegrees>50.582532</LatitudeDegrees><LongitudeDegrees>3.059559</LongitudeDegrees></Position><AltitudeMeters>35.6</AltitudeMeters><Extensions><TPX xmlns="http://www.garmin.com/xmlschemas/ActivityExtension/v2"><Speed>2.79</Speed></TPX></Extensions></Trackpoint><Trackpoint><Time>2026-03-31T16:57:15+00:00</Time><DistanceMeters>2877.2</DistanceMeters><Position><LatitudeDegrees>50.582505</LatitudeDegrees><LongitudeDegrees>3.059545</LongitudeDegrees></Position><AltitudeMeters>35.6</AltitudeMeters><Extensions><TPX xmlns="http://www.garmin.com/xmlschemas/ActivityExtension/v2"><Speed>2.86</Speed></TPX></Extensions></Trackpoint><Trackpoint><Time>2026-03-31T16:57:16+00:00</Time><DistanceMeters>2880.4</DistanceMeters><Position><LatitudeDegrees>50.582485</LatitudeDegrees><LongitudeDegrees>3.059515</LongitudeDegrees></Position><AltitudeMeters>35.6</AltitudeMeters><Extensions><TPX xmlns="http://www.garmin.com/xmlschemas/ActivityExtension/v2"><Speed>2.94</Speed></TPX></Extensions></Trackpoint><Trackpoint><Time>2026-03-31T16:57:17+00:00</Time><DistanceMeters>2883.4</DistanceMeters><Position><LatitudeDegrees>50.58245</LatitudeDegrees><LongitudeDegrees>3.059486</LongitudeDegrees></Position><AltitudeMeters>35.6</AltitudeMeters><Extensions><TPX xmlns="http://www.garmin.com/xmlschemas/ActivityExtension/v2"><Speed>2.97</Speed></TPX></Extensions></Trackpoint><Trackpoint><Time>2026-03-31T16:57:18+00:00</Time><DistanceMeters>2886.3</DistanceMeters><Position><LatitudeDegrees>50.582437</LatitudeDegrees><LongitudeDegrees>3.059476</LongitudeDegrees></Position><AltitudeMeters>35.6</AltitudeMeters><Extensions><TPX xmlns="http://www.garmin.com/xmlschemas/ActivityExtension/v2"><Speed>3.0</Speed></TPX></Extensions></Trackpoint><Trackpoint><Time>2026-03-31T16:57:19+00:00</Time><DistanceMeters>2889.0</DistanceMeters><Position><LatitudeDegrees>50.582405</LatitudeDegrees><LongitudeDegrees>3.059457</LongitudeDegrees></Position><AltitudeMeters>35.6</AltitudeMeters><Extensions><TPX xmlns="http://www.garmin.com/xmlschemas/ActivityExtension/v2"><Speed>2.97</Speed></TPX></Extensions></Trackpoint><Trackpoint><Time>2026-03-31T16:57:20+00:00</Time><DistanceMeters>2891.6</DistanceMeters><Position><LatitudeDegrees>50.582393</LatitudeDegrees><LongitudeDegrees>3.05945</LongitudeDegrees></Position><AltitudeMeters>35.6</AltitudeMeters><Extensions><TPX xmlns="http://www.garmin.com/xmlschemas/ActivityExtension/v2"><Speed>2.88</Speed></TPX></Extensions></Trackpoint><Trackpoint><Time>2026-03-31T16:57:21+00:00</Time><DistanceMeters>2894.4</DistanceMeters><Position><LatitudeDegrees>50.582359</LatitudeDegrees><LongitudeDegrees>3.059427</LongitudeDegrees></Position><AltitudeMeters>35.6</AltitudeMeters><Extensions><TPX xmlns="http://www.garmin.com/xmlschemas/ActivityExtension/v2"><Speed>2.79</Speed></TPX></Extensions></Trackpoint><Trackpoint><Time>2026-03-31T16:57:22+00:00</Time><DistanceMeters>2897.1</DistanceMeters><Position><LatitudeDegrees>50.582347</LatitudeDegrees><LongitudeDegrees>3.059418</LongitudeDegrees></Position><AltitudeMeters>35.6</AltitudeMeters><Extensions><TPX xmlns="http://www.garmin.com/xmlschemas/ActivityExtension/v2"><Speed>2.75</Speed></TPX></Extensions></Trackpoint><Trackpoint><Time>2026-03-31T16:57:23+00:00</Time><DistanceMeters>2900.0</DistanceMeters><Position><LatitudeDegrees>50.582312</LatitudeDegrees><LongitudeDegrees>3.059399</LongitudeDegrees></Position><AltitudeMeters>35.6</AltitudeMeters><Extensions><TPX xmlns="http://www.garmin.com/xmlschemas/ActivityExtension/v2"><Speed>2.73</Speed></TPX></Extensions></Trackpoint><Trackpoint><Time>2026-03-31T16:57:24+00:00</Time><DistanceMeters>2902.8</DistanceMeters><Position><LatitudeDegrees>50.582299</LatitudeDegrees><LongitudeDegrees>3.059393</LongitudeDegrees></Position><AltitudeMeters>35.7</AltitudeMeters><Extensions><TPX xmlns="http://www.garmin.com/xmlschemas/ActivityExtension/v2"><Speed>2.77</Speed></TPX></Extensions></Trackpoint><Trackpoint><Time>2026-03-31T16:57:25+00:00</Time><DistanceMeters>2905.6</DistanceMeters><Position><LatitudeDegrees>50.582265</LatitudeDegrees><LongitudeDegrees>3.059377</LongitudeDegrees></Position><AltitudeMeters>35.7</AltitudeMeters><Extensions><TPX xmlns="http://www.garmin.com/xmlschemas/ActivityExtension/v2"><Speed>2.79</Speed></TPX></Extensions></Trackpoint><Trackpoint><Time>2026-03-31T16:57:26+00:00</Time><DistanceMeters>2908.3</DistanceMeters><Position><LatitudeDegrees>50.582252</LatitudeDegrees><LongitudeDegrees>3.059372</LongitudeDegrees></Position><AltitudeMeters>35.7</AltitudeMeters><Extensions><TPX xmlns="http://www.garmin.com/xmlschemas/ActivityExtension/v2"><Speed>2.79</Speed></TPX></Extensions></Trackpoint><Trackpoint><Time>2026-03-31T16:57:27+00:00</Time><DistanceMeters>2911.5</DistanceMeters><Position><LatitudeDegrees>50.582224</LatitudeDegrees><LongitudeDegrees>3.059356</LongitudeDegrees></Position><AltitudeMeters>35.7</AltitudeMeters><Extensions><TPX xmlns="http://www.garmin.com/xmlschemas/ActivityExtension/v2"><Speed>2.88</Speed></TPX></Extensions></Trackpoint><Trackpoint><Time>2026-03-31T16:57:28+00:00</Time><DistanceMeters>2914.2</DistanceMeters><Position><LatitudeDegrees>50.582189</LatitudeDegrees><LongitudeDegrees>3.059343</LongitudeDegrees></Position><AltitudeMeters>35.7</AltitudeMeters><Extensions><TPX xmlns="http://www.garmin.com/xmlschemas/ActivityExtension/v2"><Speed>2.84</Speed></TPX></Extensions></Trackpoint><Trackpoint><Time>2026-03-31T16:57:29+00:00</Time><DistanceMeters>2916.8</DistanceMeters><Position><LatitudeDegrees>50.582178</LatitudeDegrees><LongitudeDegrees>3.059337</LongitudeDegrees></Position><AltitudeMeters>35.7</AltitudeMeters><Extensions><TPX xmlns="http://www.garmin.com/xmlschemas/ActivityExtension/v2"><Speed>2.8</Speed></TPX></Extensions></Trackpoint><Trackpoint><Time>2026-03-31T16:57:30+00:00</Time><DistanceMeters>2919.5</DistanceMeters><Position><LatitudeDegrees>50.582144</LatitudeDegrees><LongitudeDegrees>3.059319</LongitudeDegrees></Position><AltitudeMeters>35.7</AltitudeMeters><Extensions><TPX xmlns="http://www.garmin.com/xmlschemas/ActivityExtension/v2"><Speed>2.78</Speed></TPX></Extensions></Trackpoint><Trackpoint><Time>2026-03-31T16:57:31+00:00</Time><DistanceMeters>2922.1</DistanceMeters><Position><LatitudeDegrees>50.582133</LatitudeDegrees><LongitudeDegrees>3.059314</LongitudeDegrees></Position><AltitudeMeters>35.7</AltitudeMeters><Extensions><TPX xmlns="http://www.garmin.com/xmlschemas/ActivityExtension/v2"><Speed>2.76</Speed></TPX></Extensions></Trackpoint><Trackpoint><Time>2026-03-31T16:57:32+00:00</Time><DistanceMeters>2924.9</DistanceMeters><Position><LatitudeDegrees>50.582098</LatitudeDegrees><LongitudeDegrees>3.059295</LongitudeDegrees></Position><AltitudeMeters>35.7</AltitudeMeters><Extensions><TPX xmlns="http://www.garmin.com/xmlschemas/ActivityExtension/v2"><Speed>2.67</Speed></TPX></Extensions></Trackpoint><Trackpoint><Time>2026-03-31T16:57:33+00:00</Time><DistanceMeters>2927.6</DistanceMeters><Position><LatitudeDegrees>50.582086</LatitudeDegrees><LongitudeDegrees>3.059291</LongitudeDegrees></Position><AltitudeMeters>35.7</AltitudeMeters><Extensions><TPX xmlns="http://www.garmin.com/xmlschemas/ActivityExtension/v2"><Speed>2.69</Speed></TPX></Extensions></Trackpoint><Trackpoint><Time>2026-03-31T16:57:34+00:00</Time><DistanceMeters>2930.3</DistanceMeters><Position><LatitudeDegrees>50.582051</LatitudeDegrees><LongitudeDegrees>3.059276</LongitudeDegrees></Position><AltitudeMeters>35.7</AltitudeMeters><Extensions><TPX xmlns="http://www.garmin.com/xmlschemas/ActivityExtension/v2"><Speed>2.69</Speed></TPX></Extensions></Trackpoint><Trackpoint><Time>2026-03-31T16:57:35+00:00</Time><DistanceMeters>2932.9</DistanceMeters><Position><LatitudeDegrees>50.582039</LatitudeDegrees><LongitudeDegrees>3.059275</LongitudeDegrees></Position><AltitudeMeters>35.8</AltitudeMeters><Extensions><TPX xmlns="http://www.garmin.com/xmlschemas/ActivityExtension/v2"><Speed>2.69</Speed></TPX></Extensions></Trackpoint><Trackpoint><Time>2026-03-31T16:57:36+00:00</Time><DistanceMeters>2935.7</DistanceMeters><Position><LatitudeDegrees>50.582003</LatitudeDegrees><LongitudeDegrees>3.059254</LongitudeDegrees></Position><AltitudeMeters>35.8</AltitudeMeters><Extensions><TPX xmlns="http://www.garmin.com/xmlschemas/ActivityExtension/v2"><Speed>2.72</Speed></TPX></Extensions></Trackpoint><Trackpoint><Time>2026-03-31T16:57:37+00:00</Time><DistanceMeters>2938.5</DistanceMeters><Position><LatitudeDegrees>50.581992</LatitudeDegrees><LongitudeDegrees>3.059249</LongitudeDegrees></Position><AltitudeMeters>35.8</AltitudeMeters><Extensions><TPX xmlns="http://www.garmin.com/xmlschemas/ActivityExtension/v2"><Speed>2.73</Speed></TPX></Extensions></Trackpoint><Trackpoint><Time>2026-03-31T16:57:38+00:00</Time><DistanceMeters>2941.5</DistanceMeters><Position><LatitudeDegrees>50.581955</LatitudeDegrees><LongitudeDegrees>3.059238</LongitudeDegrees></Position><AltitudeMeters>35.8</AltitudeMeters><Extensions><TPX xmlns="http://www.garmin.com/xmlschemas/ActivityExtension/v2"><Speed>2.78</Speed></TPX></Extensions></Trackpoint><Trackpoint><Time>2026-03-31T16:57:39+00:00</Time><DistanceMeters>2944.5</DistanceMeters><Position><LatitudeDegrees>50.581939</LatitudeDegrees><LongitudeDegrees>3.059232</LongitudeDegrees></Position><AltitudeMeters>35.8</AltitudeMeters><Extensions><TPX xmlns="http://www.garmin.com/xmlschemas/ActivityExtension/v2"><Speed>2.85</Speed></TPX></Extensions></Trackpoint><Trackpoint><Time>2026-03-31T16:57:40+00:00</Time><DistanceMeters>2947.2</DistanceMeters><Position><LatitudeDegrees>50.581905</LatitudeDegrees><LongitudeDegrees>3.059212</LongitudeDegrees></Position><AltitudeMeters>35.8</AltitudeMeters><Extensions><TPX xmlns="http://www.garmin.com/xmlschemas/ActivityExtension/v2"><Speed>2.85</Speed></TPX></Extensions></Trackpoint><Trackpoint><Time>2026-03-31T16:57:41+00:00</Time><DistanceMeters>2949.8</DistanceMeters><Position><LatitudeDegrees>50.581894</LatitudeDegrees><LongitudeDegrees>3.059208</LongitudeDegrees></Position><AltitudeMeters>35.8</AltitudeMeters><Extensions><TPX xmlns="http://www.garmin.com/xmlschemas/ActivityExtension/v2"><Speed>2.82</Speed></TPX></Extensions></Trackpoint><Trackpoint><Time>2026-03-31T16:57:42+00:00</Time><DistanceMeters>2953.1</DistanceMeters><Position><LatitudeDegrees>50.581866</LatitudeDegrees><LongitudeDegrees>3.059195</LongitudeDegrees></Position><AltitudeMeters>35.8</AltitudeMeters><Extensions><TPX xmlns="http://www.garmin.com/xmlschemas/ActivityExtension/v2"><Speed>2.92</Speed></TPX></Extensions></Trackpoint><Trackpoint><Time>2026-03-31T16:57:43+00:00</Time><DistanceMeters>2956.9</DistanceMeters><Position><LatitudeDegrees>50.581832</LatitudeDegrees><LongitudeDegrees>3.059182</LongitudeDegrees></Position><AltitudeMeters>35.8</AltitudeMeters><Extensions><TPX xmlns="http://www.garmin.com/xmlschemas/ActivityExtension/v2"><Speed>3.08</Speed></TPX></Extensions></Trackpoint><Trackpoint><Time>2026-03-31T16:57:44+00:00</Time><DistanceMeters>2959.7</DistanceMeters><Position><LatitudeDegrees>50.581795</LatitudeDegrees><LongitudeDegrees>3.059173</LongitudeDegrees></Position><AltitudeMeters>35.8</AltitudeMeters><Extensions><TPX xmlns="http://www.garmin.com/xmlschemas/ActivityExtension/v2"><Speed>3.03</Speed></TPX></Extensions></Trackpoint><Trackpoint><Time>2026-03-31T16:57:45+00:00</Time><DistanceMeters>2962.4</DistanceMeters><Position><LatitudeDegrees>50.581784</LatitudeDegrees><LongitudeDegrees>3.059171</LongitudeDegrees></Position><AltitudeMeters>35.8</AltitudeMeters><Extensions><TPX xmlns="http://www.garmin.com/xmlschemas/ActivityExtension/v2"><Speed>3.05</Speed></TPX></Extensions></Trackpoint><Trackpoint><Time>2026-03-31T16:57:46+00:00</Time><DistanceMeters>2965.0</DistanceMeters><Position><LatitudeDegrees>50.581751</LatitudeDegrees><LongitudeDegrees>3.059161</LongitudeDegrees></Position><AltitudeMeters>35.8</AltitudeMeters><Extensions><TPX xmlns="http://www.garmin.com/xmlschemas/ActivityExtension/v2"><Speed>3.04</Speed></TPX></Extensions></Trackpoint><Trackpoint><Time>2026-03-31T16:57:47+00:00</Time><DistanceMeters>2967.6</DistanceMeters><Position><LatitudeDegrees>50.581738</LatitudeDegrees><LongitudeDegrees>3.059158</LongitudeDegrees></Position><AltitudeMeters>35.9</AltitudeMeters><Extensions><TPX xmlns="http://www.garmin.com/xmlschemas/ActivityExtension/v2"><Speed>2.9</Speed></TPX></Extensions></Trackpoint><Trackpoint><Time>2026-03-31T16:57:48+00:00</Time><DistanceMeters>2970.0</DistanceMeters><Position><LatitudeDegrees>50.581703</LatitudeDegrees><LongitudeDegrees>3.059157</LongitudeDegrees></Position><AltitudeMeters>35.9</AltitudeMeters><Extensions><TPX xmlns="http://www.garmin.com/xmlschemas/ActivityExtension/v2"><Speed>2.62</Speed></TPX></Extensions></Trackpoint><Trackpoint><Time>2026-03-31T16:57:49+00:00</Time><DistanceMeters>2972.4</DistanceMeters><Position><LatitudeDegrees>50.581694</LatitudeDegrees><LongitudeDegrees>3.059156</LongitudeDegrees></Position><AltitudeMeters>35.9</AltitudeMeters><Extensions><TPX xmlns="http://www.garmin.com/xmlschemas/ActivityExtension/v2"><Speed>2.55</Speed></TPX></Extensions></Trackpoint><Trackpoint><Time>2026-03-31T16:57:50+00:00</Time><DistanceMeters>2974.9</DistanceMeters><Position><LatitudeDegrees>50.58166</LatitudeDegrees><LongitudeDegrees>3.059147</LongitudeDegrees></Position><AltitudeMeters>35.9</AltitudeMeters><Extensions><TPX xmlns="http://www.garmin.com/xmlschemas/ActivityExtension/v2"><Speed>2.5</Speed></TPX></Extensions></Trackpoint><Trackpoint><Time>2026-03-31T16:57:51+00:00</Time><DistanceMeters>2977.4</DistanceMeters><Position><LatitudeDegrees>50.58165</LatitudeDegrees><LongitudeDegrees>3.059142</LongitudeDegrees></Position><AltitudeMeters>35.9</AltitudeMeters><Extensions><TPX xmlns="http://www.garmin.com/xmlschemas/ActivityExtension/v2"><Speed>2.48</Speed></TPX></Extensions></Trackpoint><Trackpoint><Time>2026-03-31T16:57:52+00:00</Time><DistanceMeters>2980.5</DistanceMeters><Position><LatitudeDegrees>50.581623</LatitudeDegrees><LongitudeDegrees>3.059135</LongitudeDegrees></Position><AltitudeMeters>35.9</AltitudeMeters><Extensions><TPX xmlns="http://www.garmin.com/xmlschemas/ActivityExtension/v2"><Speed>2.58</Speed></TPX></Extensions></Trackpoint><Trackpoint><Time>2026-03-31T16:57:53+00:00</Time><DistanceMeters>2982.9</DistanceMeters><Position><LatitudeDegrees>50.581594</LatitudeDegrees><LongitudeDegrees>3.059128</LongitudeDegrees></Position><AltitudeMeters>36.0</AltitudeMeters><Extensions><TPX xmlns="http://www.garmin.com/xmlschemas/ActivityExtension/v2"><Speed>2.58</Speed></TPX></Extensions></Trackpoint><Trackpoint><Time>2026-03-31T16:57:54+00:00</Time><DistanceMeters>2985.3</DistanceMeters><Position><LatitudeDegrees>50.58158</LatitudeDegrees><LongitudeDegrees>3.059125</LongitudeDegrees></Position><AltitudeMeters>36.0</AltitudeMeters><Extensions><TPX xmlns="http://www.garmin.com/xmlschemas/ActivityExtension/v2"><Speed>2.58</Speed></TPX></Extensions></Trackpoint><Trackpoint><Time>2026-03-31T16:57:55+00:00</Time><DistanceMeters>2987.6</DistanceMeters><Position><LatitudeDegrees>50.58155</LatitudeDegrees><LongitudeDegrees>3.059117</LongitudeDegrees></Position><AltitudeMeters>36.0</AltitudeMeters><Extensions><TPX xmlns="http://www.garmin.com/xmlschemas/ActivityExtension/v2"><Speed>2.54</Speed></TPX></Extensions></Trackpoint><Trackpoint><Time>2026-03-31T16:57:56+00:00</Time><DistanceMeters>2989.9</DistanceMeters><Position><LatitudeDegrees>50.581539</LatitudeDegrees><LongitudeDegrees>3.059114</LongitudeDegrees></Position><AltitudeMeters>36.0</AltitudeMeters><Extensions><TPX xmlns="http://www.garmin.com/xmlschemas/ActivityExtension/v2"><Speed>2.5</Speed></TPX></Extensions></Trackpoint><Trackpoint><Time>2026-03-31T16:57:57+00:00</Time><DistanceMeters>2993.1</DistanceMeters><Position><LatitudeDegrees>50.58151</LatitudeDegrees><LongitudeDegrees>3.059112</LongitudeDegrees></Position><AltitudeMeters>36.0</AltitudeMeters><Extensions><TPX xmlns="http://www.garmin.com/xmlschemas/ActivityExtension/v2"><Speed>2.52</Speed></TPX></Extensions></Trackpoint><Trackpoint><Time>2026-03-31T16:57:58+00:00</Time><DistanceMeters>2995.9</DistanceMeters><Position><LatitudeDegrees>50.581475</LatitudeDegrees><LongitudeDegrees>3.059101</LongitudeDegrees></Position><AltitudeMeters>36.1</AltitudeMeters><Extensions><TPX xmlns="http://www.garmin.com/xmlschemas/ActivityExtension/v2"><Speed>2.6</Speed></TPX></Extensions></Trackpoint><Trackpoint><Time>2026-03-31T16:57:59+00:00</Time><DistanceMeters>2998.7</DistanceMeters><Position><LatitudeDegrees>50.581461</LatitudeDegrees><LongitudeDegrees>3.059099</LongitudeDegrees></Position><AltitudeMeters>36.1</AltitudeMeters><Extensions><TPX xmlns="http://www.garmin.com/xmlschemas/ActivityExtension/v2"><Speed>2.68</Speed></TPX></Extensions></Trackpoint><Trackpoint><Time>2026-03-31T16:58:00+00:00</Time><DistanceMeters>3001.3</DistanceMeters><Position><LatitudeDegrees>50.581427</LatitudeDegrees><LongitudeDegrees>3.059096</LongitudeDegrees></Position><AltitudeMeters>36.1</AltitudeMeters><Extensions><TPX xmlns="http://www.garmin.com/xmlschemas/ActivityExtension/v2"><Speed>2.74</Speed></TPX></Extensions></Trackpoint><Trackpoint><Time>2026-03-31T16:58:01+00:00</Time><DistanceMeters>3003.9</DistanceMeters><Position><LatitudeDegrees>50.581414</LatitudeDegrees><LongitudeDegrees>3.059094</LongitudeDegrees></Position><AltitudeMeters>36.1</AltitudeMeters><Extensions><TPX xmlns="http://www.garmin.com/xmlschemas/ActivityExtension/v2"><Speed>2.8</Speed></TPX></Extensions></Trackpoint><Trackpoint><Time>2026-03-31T16:58:02+00:00</Time><DistanceMeters>3006.4</DistanceMeters><Position><LatitudeDegrees>50.581379</LatitudeDegrees><LongitudeDegrees>3.059095</LongitudeDegrees></Position><AltitudeMeters>36.1</AltitudeMeters><Extensions><TPX xmlns="http://www.garmin.com/xmlschemas/ActivityExtension/v2"><Speed>2.66</Speed></TPX></Extensions></Trackpoint><Trackpoint><Time>2026-03-31T16:58:03+00:00</Time><DistanceMeters>3008.9</DistanceMeters><Position><LatitudeDegrees>50.581369</LatitudeDegrees><LongitudeDegrees>3.059096</LongitudeDegrees></Position><AltitudeMeters>36.1</AltitudeMeters><Extensions><TPX xmlns="http://www.garmin.com/xmlschemas/ActivityExtension/v2"><Speed>2.6</Speed></TPX></Extensions></Trackpoint><Trackpoint><Time>2026-03-31T16:58:04+00:00</Time><DistanceMeters>3013.5</DistanceMeters><Position><LatitudeDegrees>50.581328</LatitudeDegrees><LongitudeDegrees>3.059091</LongitudeDegrees></Position><AltitudeMeters>36.2</AltitudeMeters><Extensions><TPX xmlns="http://www.garmin.com/xmlschemas/ActivityExtension/v2"><Speed>2.96</Speed></TPX></Extensions></Trackpoint><Trackpoint><Time>2026-03-31T16:58:05+00:00</Time><DistanceMeters>3016.1</DistanceMeters><Position><LatitudeDegrees>50.581294</LatitudeDegrees><LongitudeDegrees>3.059094</LongitudeDegrees></Position><AltitudeMeters>36.2</AltitudeMeters><Extensions><TPX xmlns="http://www.garmin.com/xmlschemas/ActivityExtension/v2"><Speed>2.96</Speed></TPX></Extensions></Trackpoint><Trackpoint><Time>2026-03-31T16:58:06+00:00</Time><DistanceMeters>3018.7</DistanceMeters><Position><LatitudeDegrees>50.581281</LatitudeDegrees><LongitudeDegrees>3.059093</LongitudeDegrees></Position><AltitudeMeters>36.2</AltitudeMeters><Extensions><TPX xmlns="http://www.garmin.com/xmlschemas/ActivityExtension/v2"><Speed>2.96</Speed></TPX></Extensions></Trackpoint><Trackpoint><Time>2026-03-31T16:58:07+00:00</Time><DistanceMeters>3022.2</DistanceMeters><Position><LatitudeDegrees>50.58125</LatitudeDegrees><LongitudeDegrees>3.059091</LongitudeDegrees></Position><AltitudeMeters>36.2</AltitudeMeters><Extensions><TPX xmlns="http://www.garmin.com/xmlschemas/ActivityExtension/v2"><Speed>3.16</Speed></TPX></Extensions></Trackpoint><Trackpoint><Time>2026-03-31T16:58:08+00:00</Time><DistanceMeters>3025.1</DistanceMeters><Position><LatitudeDegrees>50.581213</LatitudeDegrees><LongitudeDegrees>3.059089</LongitudeDegrees></Position><AltitudeMeters>36.2</AltitudeMeters><Extensions><TPX xmlns="http://www.garmin.com/xmlschemas/ActivityExtension/v2"><Speed>3.24</Speed></TPX></Extensions></Trackpoint><Trackpoint><Time>2026-03-31T16:58:09+00:00</Time><DistanceMeters>3028.0</DistanceMeters><Position><LatitudeDegrees>50.581198</LatitudeDegrees><LongitudeDegrees>3.059088</LongitudeDegrees></Position><AltitudeMeters>36.2</AltitudeMeters><Extensions><TPX xmlns="http://www.garmin.com/xmlschemas/ActivityExtension/v2"><Speed>2.9</Speed></TPX></Extensions></Trackpoint><Trackpoint><Time>2026-03-31T16:58:10+00:00</Time><DistanceMeters>3030.9</DistanceMeters><Position><LatitudeDegrees>50.581161</LatitudeDegrees><LongitudeDegrees>3.059085</LongitudeDegrees></Position><AltitudeMeters>36.3</AltitudeMeters><Extensions><TPX xmlns="http://www.garmin.com/xmlschemas/ActivityExtension/v2"><Speed>2.96</Speed></TPX></Extensions></Trackpoint><Trackpoint><Time>2026-03-31T16:58:11+00:00</Time><DistanceMeters>3033.8</DistanceMeters><Position><LatitudeDegrees>50.581145</LatitudeDegrees><LongitudeDegrees>3.059084</LongitudeDegrees></Position><AltitudeMeters>36.3</AltitudeMeters><Extensions><TPX xmlns="http://www.garmin.com/xmlschemas/ActivityExtension/v2"><Speed>3.02</Speed></TPX></Extensions></Trackpoint><Trackpoint><Time>2026-03-31T16:58:12+00:00</Time><DistanceMeters>3036.6</DistanceMeters><Position><LatitudeDegrees>50.581108</LatitudeDegrees><LongitudeDegrees>3.059085</LongitudeDegrees></Position><AltitudeMeters>36.3</AltitudeMeters><Extensions><TPX xmlns="http://www.garmin.com/xmlschemas/ActivityExtension/v2"><Speed>2.88</Speed></TPX></Extensions></Trackpoint><Trackpoint><Time>2026-03-31T16:58:13+00:00</Time><DistanceMeters>3039.4</DistanceMeters><Position><LatitudeDegrees>50.581095</LatitudeDegrees><LongitudeDegrees>3.059085</LongitudeDegrees></Position><AltitudeMeters>36.3</AltitudeMeters><Extensions><TPX xmlns="http://www.garmin.com/xmlschemas/ActivityExtension/v2"><Speed>2.86</Speed></TPX></Extensions></Trackpoint><Trackpoint><Time>2026-03-31T16:58:14+00:00</Time><DistanceMeters>3042.3</DistanceMeters><Position><LatitudeDegrees>50.581058</LatitudeDegrees><LongitudeDegrees>3.059089</LongitudeDegrees></Position><AltitudeMeters>36.4</AltitudeMeters><Extensions><TPX xmlns="http://www.garmin.com/xmlschemas/ActivityExtension/v2"><Speed>2.85</Speed></TPX></Extensions></Trackpoint><Trackpoint><Time>2026-03-31T16:58:15+00:00</Time><DistanceMeters>3045.1</DistanceMeters><Position><LatitudeDegrees>50.581044</LatitudeDegrees><LongitudeDegrees>3.059089</LongitudeDegrees></Position><AltitudeMeters>36.4</AltitudeMeters><Extensions><TPX xmlns="http://www.garmin.com/xmlschemas/ActivityExtension/v2"><Speed>2.84</Speed></TPX></Extensions></Trackpoint><Trackpoint><Time>2026-03-31T16:58:16+00:00</Time><DistanceMeters>3047.7</DistanceMeters><Position><LatitudeDegrees>50.581011</LatitudeDegrees><LongitudeDegrees>3.059088</LongitudeDegrees></Position><AltitudeMeters>36.4</AltitudeMeters><Extensions><TPX xmlns="http://www.garmin.com/xmlschemas/ActivityExtension/v2"><Speed>2.78</Speed></TPX></Extensions></Trackpoint><Trackpoint><Time>2026-03-31T16:58:17+00:00</Time><DistanceMeters>3050.3</DistanceMeters><Position><LatitudeDegrees>50.580997</LatitudeDegrees><LongitudeDegrees>3.059089</LongitudeDegrees></Position><AltitudeMeters>36.4</AltitudeMeters><Extensions><TPX xmlns="http://www.garmin.com/xmlschemas/ActivityExtension/v2"><Speed>2.74</Speed></TPX></Extensions></Trackpoint><Trackpoint><Time>2026-03-31T16:58:18+00:00</Time><DistanceMeters>3053.5</DistanceMeters><Position><LatitudeDegrees>50.580969</LatitudeDegrees><LongitudeDegrees>3.059088</LongitudeDegrees></Position><AltitudeMeters>36.5</AltitudeMeters><Extensions><TPX xmlns="http://www.garmin.com/xmlschemas/ActivityExtension/v2"><Speed>2.82</Speed></TPX></Extensions></Trackpoint><Trackpoint><Time>2026-03-31T16:58:19+00:00</Time><DistanceMeters>3056.6</DistanceMeters><Position><LatitudeDegrees>50.58094</LatitudeDegrees><LongitudeDegrees>3.059087</LongitudeDegrees></Position><AltitudeMeters>36.5</AltitudeMeters><Extensions><TPX xmlns="http://www.garmin.com/xmlschemas/ActivityExtension/v2"><Speed>2.87</Speed></TPX></Extensions></Trackpoint><Trackpoint><Time>2026-03-31T16:58:20+00:00</Time><DistanceMeters>3059.8</DistanceMeters><Position><LatitudeDegrees>50.580912</LatitudeDegrees><LongitudeDegrees>3.059089</LongitudeDegrees></Position><AltitudeMeters>36.5</AltitudeMeters><Extensions><TPX xmlns="http://www.garmin.com/xmlschemas/ActivityExtension/v2"><Speed>2.94</Speed></TPX></Extensions></Trackpoint><Trackpoint><Time>2026-03-31T16:58:21+00:00</Time><DistanceMeters>3062.5</DistanceMeters><Position><LatitudeDegrees>50.580877</LatitudeDegrees><LongitudeDegrees>3.059089</LongitudeDegrees></Position><AltitudeMeters>36.6</AltitudeMeters><Extensions><TPX xmlns="http://www.garmin.com/xmlschemas/ActivityExtension/v2"><Speed>2.95</Speed></TPX></Extensions></Trackpoint><Trackpoint><Time>2026-03-31T16:58:22+00:00</Time><DistanceMeters>3065.1</DistanceMeters><Position><LatitudeDegrees>50.580864</LatitudeDegrees><LongitudeDegrees>3.059089</LongitudeDegrees></Position><AltitudeMeters>36.6</AltitudeMeters><Extensions><TPX xmlns="http://www.garmin.com/xmlschemas/ActivityExtension/v2"><Speed>2.96</Speed></TPX></Extensions></Trackpoint><Trackpoint><Time>2026-03-31T16:58:23+00:00</Time><DistanceMeters>3068.0</DistanceMeters><Position><LatitudeDegrees>50.580825</LatitudeDegrees><LongitudeDegrees>3.059085</LongitudeDegrees></Position><AltitudeMeters>36.6</AltitudeMeters><Extensions><TPX xmlns="http://www.garmin.com/xmlschemas/ActivityExtension/v2"><Speed>2.9</Speed></TPX></Extensions></Trackpoint><Trackpoint><Time>2026-03-31T16:58:24+00:00</Time><DistanceMeters>3070.9</DistanceMeters><Position><LatitudeDegrees>50.580812</LatitudeDegrees><LongitudeDegrees>3.059084</LongitudeDegrees></Position><AltitudeMeters>36.6</AltitudeMeters><Extensions><TPX xmlns="http://www.garmin.com/xmlschemas/ActivityExtension/v2"><Speed>2.86</Speed></TPX></Extensions></Trackpoint><Trackpoint><Time>2026-03-31T16:58:25+00:00</Time><DistanceMeters>3073.5</DistanceMeters><Position><LatitudeDegrees>50.580778</LatitudeDegrees><LongitudeDegrees>3.059081</LongitudeDegrees></Position><AltitudeMeters>36.7</AltitudeMeters><Extensions><TPX xmlns="http://www.garmin.com/xmlschemas/ActivityExtension/v2"><Speed>2.74</Speed></TPX></Extensions></Trackpoint><Trackpoint><Time>2026-03-31T16:58:26+00:00</Time><DistanceMeters>3076.1</DistanceMeters><Position><LatitudeDegrees>50.580765</LatitudeDegrees><LongitudeDegrees>3.059082</LongitudeDegrees></Position><AltitudeMeters>36.7</AltitudeMeters><Extensions><TPX xmlns="http://www.garmin.com/xmlschemas/ActivityExtension/v2"><Speed>2.73</Speed></TPX></Extensions></Trackpoint><Trackpoint><Time>2026-03-31T16:58:27+00:00</Time><DistanceMeters>3078.6</DistanceMeters><Position><LatitudeDegrees>50.580734</LatitudeDegrees><LongitudeDegrees>3.059077</LongitudeDegrees></Position><AltitudeMeters>36.7</AltitudeMeters><Extensions><TPX xmlns="http://www.garmin.com/xmlschemas/ActivityExtension/v2"><Speed>2.7</Speed></TPX></Extensions></Trackpoint><Trackpoint><Time>2026-03-31T16:58:28+00:00</Time><DistanceMeters>3081.1</DistanceMeters><Position><LatitudeDegrees>50.58072</LatitudeDegrees><LongitudeDegrees>3.059076</LongitudeDegrees></Position><AltitudeMeters>36.7</AltitudeMeters><Extensions><TPX xmlns="http://www.garmin.com/xmlschemas/ActivityExtension/v2"><Speed>2.62</Speed></TPX></Extensions></Trackpoint><Trackpoint><Time>2026-03-31T16:58:29+00:00</Time><DistanceMeters>3083.8</DistanceMeters><Position><LatitudeDegrees>50.580687</LatitudeDegrees><LongitudeDegrees>3.059081</LongitudeDegrees></Position><AltitudeMeters>36.7</AltitudeMeters><Extensions><TPX xmlns="http://www.garmin.com/xmlschemas/ActivityExtension/v2"><Speed>2.58</Speed></TPX></Extensions></Trackpoint><Trackpoint><Time>2026-03-31T16:58:30+00:00</Time><DistanceMeters>3086.5</DistanceMeters><Position><LatitudeDegrees>50.580672</LatitudeDegrees><LongitudeDegrees>3.05908</LongitudeDegrees></Position><AltitudeMeters>36.7</AltitudeMeters><Extensions><TPX xmlns="http://www.garmin.com/xmlschemas/ActivityExtension/v2"><Speed>2.6</Speed></TPX></Extensions></Trackpoint><Trackpoint><Time>2026-03-31T16:58:31+00:00</Time><DistanceMeters>3089.1</DistanceMeters><Position><LatitudeDegrees>50.580637</LatitudeDegrees><LongitudeDegrees>3.059079</LongitudeDegrees></Position><AltitudeMeters>36.8</AltitudeMeters><Extensions><TPX xmlns="http://www.garmin.com/xmlschemas/ActivityExtension/v2"><Speed>2.6</Speed></TPX></Extensions></Trackpoint><Trackpoint><Time>2026-03-31T16:58:32+00:00</Time><DistanceMeters>3091.7</DistanceMeters><Position><LatitudeDegrees>50.580626</LatitudeDegrees><LongitudeDegrees>3.059078</LongitudeDegrees></Position><AltitudeMeters>36.8</AltitudeMeters><Extensions><TPX xmlns="http://www.garmin.com/xmlschemas/ActivityExtension/v2"><Speed>2.62</Speed></TPX></Extensions></Trackpoint><Trackpoint><Time>2026-03-31T16:58:33+00:00</Time><DistanceMeters>3094.8</DistanceMeters><Position><LatitudeDegrees>50.580585</LatitudeDegrees><LongitudeDegrees>3.059077</LongitudeDegrees></Position><AltitudeMeters>36.8</AltitudeMeters><Extensions><TPX xmlns="http://www.garmin.com/xmlschemas/ActivityExtension/v2"><Speed>2.74</Speed></TPX></Extensions></Trackpoint><Trackpoint><Time>2026-03-31T16:58:34+00:00</Time><DistanceMeters>3097.9</DistanceMeters><Position><LatitudeDegrees>50.58057</LatitudeDegrees><LongitudeDegrees>3.059076</LongitudeDegrees></Position><AltitudeMeters>36.8</AltitudeMeters><Extensions><TPX xmlns="http://www.garmin.com/xmlschemas/ActivityExtension/v2"><Speed>2.82</Speed></TPX></Extensions></Trackpoint><Trackpoint><Time>2026-03-31T16:58:35+00:00</Time><DistanceMeters>3100.7</DistanceMeters><Position><LatitudeDegrees>50.580533</LatitudeDegrees><LongitudeDegrees>3.059064</LongitudeDegrees></Position><AltitudeMeters>36.9</AltitudeMeters><Extensions><TPX xmlns="http://www.garmin.com/xmlschemas/ActivityExtension/v2"><Speed>2.84</Speed></TPX></Extensions></Trackpoint><Trackpoint><Time>2026-03-31T16:58:36+00:00</Time><DistanceMeters>3103.5</DistanceMeters><Position><LatitudeDegrees>50.58052</LatitudeDegrees><LongitudeDegrees>3.059061</LongitudeDegrees></Position><AltitudeMeters>36.9</AltitudeMeters><Extensions><TPX xmlns="http://www.garmin.com/xmlschemas/ActivityExtension/v2"><Speed>2.88</Speed></TPX></Extensions></Trackpoint><Trackpoint><Time>2026-03-31T16:58:37+00:00</Time><DistanceMeters>3105.9</DistanceMeters><Position><LatitudeDegrees>50.580489</LatitudeDegrees><LongitudeDegrees>3.059055</LongitudeDegrees></Position><AltitudeMeters>36.9</AltitudeMeters><Extensions><TPX xmlns="http://www.garmin.com/xmlschemas/ActivityExtension/v2"><Speed>2.84</Speed></TPX></Extensions></Trackpoint><Trackpoint><Time>2026-03-31T16:58:38+00:00</Time><DistanceMeters>3108.3</DistanceMeters><Position><LatitudeDegrees>50.580478</LatitudeDegrees><LongitudeDegrees>3.059052</LongitudeDegrees></Position><AltitudeMeters>36.9</AltitudeMeters><Extensions><TPX xmlns="http://www.garmin.com/xmlschemas/ActivityExtension/v2"><Speed>2.7</Speed></TPX></Extensions></Trackpoint><Trackpoint><Time>2026-03-31T16:58:39+00:00</Time><DistanceMeters>3111.0</DistanceMeters><Position><LatitudeDegrees>50.580443</LatitudeDegrees><LongitudeDegrees>3.059049</LongitudeDegrees></Position><AltitudeMeters>36.9</AltitudeMeters><Extensions><TPX xmlns="http://www.garmin.com/xmlschemas/ActivityExtension/v2"><Speed>2.61</Speed></TPX></Extensions></Trackpoint><Trackpoint><Time>2026-03-31T16:58:40+00:00</Time><DistanceMeters>3113.6</DistanceMeters><Position><LatitudeDegrees>50.58043</LatitudeDegrees><LongitudeDegrees>3.059047</LongitudeDegrees></Position><AltitudeMeters>37.0</AltitudeMeters><Extensions><TPX xmlns="http://www.garmin.com/xmlschemas/ActivityExtension/v2"><Speed>2.58</Speed></TPX></Extensions></Trackpoint><Trackpoint><Time>2026-03-31T16:58:41+00:00</Time><DistanceMeters>3116.3</DistanceMeters><Position><LatitudeDegrees>50.580396</LatitudeDegrees><LongitudeDegrees>3.059043</LongitudeDegrees></Position><AltitudeMeters>37.0</AltitudeMeters><Extensions><TPX xmlns="http://www.garmin.com/xmlschemas/ActivityExtension/v2"><Speed>2.56</Speed></TPX></Extensions></Trackpoint><Trackpoint><Time>2026-03-31T16:58:42+00:00</Time><DistanceMeters>3119.0</DistanceMeters><Position><LatitudeDegrees>50.580382</LatitudeDegrees><LongitudeDegrees>3.059041</LongitudeDegrees></Position><AltitudeMeters>37.0</AltitudeMeters><Extensions><TPX xmlns="http://www.garmin.com/xmlschemas/ActivityExtension/v2"><Speed>2.62</Speed></TPX></Extensions></Trackpoint><Trackpoint><Time>2026-03-31T16:58:43+00:00</Time><DistanceMeters>3121.9</DistanceMeters><Position><LatitudeDegrees>50.580344</LatitudeDegrees><LongitudeDegrees>3.059038</LongitudeDegrees></Position><AltitudeMeters>37.0</AltitudeMeters><Extensions><TPX xmlns="http://www.garmin.com/xmlschemas/ActivityExtension/v2"><Speed>2.71</Speed></TPX></Extensions></Trackpoint><Trackpoint><Time>2026-03-31T16:58:44+00:00</Time><DistanceMeters>3124.7</DistanceMeters><Position><LatitudeDegrees>50.580331</LatitudeDegrees><LongitudeDegrees>3.059036</LongitudeDegrees></Position><AltitudeMeters>37.0</AltitudeMeters><Extensions><TPX xmlns="http://www.garmin.com/xmlschemas/ActivityExtension/v2"><Speed>2.75</Speed></TPX></Extensions></Trackpoint><Trackpoint><Time>2026-03-31T16:58:45+00:00</Time><DistanceMeters>3127.3</DistanceMeters><Position><LatitudeDegrees>50.580296</LatitudeDegrees><LongitudeDegrees>3.059038</LongitudeDegrees></Position><AltitudeMeters>37.1</AltitudeMeters><Extensions><TPX xmlns="http://www.garmin.com/xmlschemas/ActivityExtension/v2"><Speed>2.74</Speed></TPX></Extensions></Trackpoint><Trackpoint><Time>2026-03-31T16:58:46+00:00</Time><DistanceMeters>3129.9</DistanceMeters><Position><LatitudeDegrees>50.580284</LatitudeDegrees><LongitudeDegrees>3.059037</LongitudeDegrees></Position><AltitudeMeters>37.1</AltitudeMeters><Extensions><TPX xmlns="http://www.garmin.com/xmlschemas/ActivityExtension/v2"><Speed>2.72</Speed></TPX></Extensions></Trackpoint><Trackpoint><Time>2026-03-31T16:58:47+00:00</Time><DistanceMeters>3132.9</DistanceMeters><Position><LatitudeDegrees>50.580245</LatitudeDegrees><LongitudeDegrees>3.059033</LongitudeDegrees></Position><AltitudeMeters>37.1</AltitudeMeters><Extensions><TPX xmlns="http://www.garmin.com/xmlschemas/ActivityExtension/v2"><Speed>2.77</Speed></TPX></Extensions></Trackpoint><Trackpoint><Time>2026-03-31T16:58:48+00:00</Time><DistanceMeters>3135.8</DistanceMeters><Position><LatitudeDegrees>50.580231</LatitudeDegrees><LongitudeDegrees>3.059033</LongitudeDegrees></Position><AltitudeMeters>37.1</AltitudeMeters><Extensions><TPX xmlns="http://www.garmin.com/xmlschemas/ActivityExtension/v2"><Speed>2.79</Speed></TPX></Extensions></Trackpoint><Trackpoint><Time>2026-03-31T16:58:49+00:00</Time><DistanceMeters>3138.6</DistanceMeters><Position><LatitudeDegrees>50.580198</LatitudeDegrees><LongitudeDegrees>3.059025</LongitudeDegrees></Position><AltitudeMeters>37.2</AltitudeMeters><Extensions><TPX xmlns="http://www.garmin.com/xmlschemas/ActivityExtension/v2"><Speed>2.78</Speed></TPX></Extensions></Trackpoint><Trackpoint><Time>2026-03-31T16:58:50+00:00</Time><DistanceMeters>3141.4</DistanceMeters><Position><LatitudeDegrees>50.580181</LatitudeDegrees><LongitudeDegrees>3.059023</LongitudeDegrees></Position><AltitudeMeters>37.2</AltitudeMeters><Extensions><TPX xmlns="http://www.garmin.com/xmlschemas/ActivityExtension/v2"><Speed>2.82</Speed></TPX></Extensions></Trackpoint><Trackpoint><Time>2026-03-31T16:58:51+00:00</Time><DistanceMeters>3144.2</DistanceMeters><Position><LatitudeDegrees>50.580146</LatitudeDegrees><LongitudeDegrees>3.059018</LongitudeDegrees></Position><AltitudeMeters>37.2</AltitudeMeters><Extensions><TPX xmlns="http://www.garmin.com/xmlschemas/ActivityExtension/v2"><Speed>2.85</Speed></TPX></Extensions></Trackpoint><Trackpoint><Time>2026-03-31T16:58:52+00:00</Time><DistanceMeters>3146.9</DistanceMeters><Position><LatitudeDegrees>50.580132</LatitudeDegrees><LongitudeDegrees>3.059018</LongitudeDegrees></Position><AltitudeMeters>37.2</AltitudeMeters><Extensions><TPX xmlns="http://www.garmin.com/xmlschemas/ActivityExtension/v2"><Speed>2.81</Speed></TPX></Extensions></Trackpoint><Trackpoint><Time>2026-03-31T16:58:53+00:00</Time><DistanceMeters>3149.4</DistanceMeters><Position><LatitudeDegrees>50.580097</LatitudeDegrees><LongitudeDegrees>3.059019</LongitudeDegrees></Position><AltitudeMeters>37.2</AltitudeMeters><Extensions><TPX xmlns="http://www.garmin.com/xmlschemas/ActivityExtension/v2"><Speed>2.72</Speed></TPX></Extensions></Trackpoint><Trackpoint><Time>2026-03-31T16:58:54+00:00</Time><DistanceMeters>3151.9</DistanceMeters><Position><LatitudeDegrees>50.580086</LatitudeDegrees><LongitudeDegrees>3.059017</LongitudeDegrees></Position><AltitudeMeters>37.3</AltitudeMeters><Extensions><TPX xmlns="http://www.garmin.com/xmlschemas/ActivityExtension/v2"><Speed>2.66</Speed></TPX></Extensions></Trackpoint><Trackpoint><Time>2026-03-31T16:58:55+00:00</Time><DistanceMeters>3154.3</DistanceMeters><Position><LatitudeDegrees>50.580057</LatitudeDegrees><LongitudeDegrees>3.059015</LongitudeDegrees></Position><AltitudeMeters>37.3</AltitudeMeters><Extensions><TPX xmlns="http://www.garmin.com/xmlschemas/ActivityExtension/v2"><Speed>2.57</Speed></TPX></Extensions></Trackpoint><Trackpoint><Time>2026-03-31T16:58:56+00:00</Time><DistanceMeters>3156.6</DistanceMeters><Position><LatitudeDegrees>50.580045</LatitudeDegrees><LongitudeDegrees>3.059014</LongitudeDegrees></Position><AltitudeMeters>37.3</AltitudeMeters><Extensions><TPX xmlns="http://www.garmin.com/xmlschemas/ActivityExtension/v2"><Speed>2.49</Speed></TPX></Extensions></Trackpoint><Trackpoint><Time>2026-03-31T16:58:57+00:00</Time><DistanceMeters>3159.1</DistanceMeters><Position><LatitudeDegrees>50.580009</LatitudeDegrees><LongitudeDegrees>3.059009</LongitudeDegrees></Position><AltitudeMeters>37.3</AltitudeMeters><Extensions><TPX xmlns="http://www.garmin.com/xmlschemas/ActivityExtension/v2"><Speed>2.45</Speed></TPX></Extensions></Trackpoint><Trackpoint><Time>2026-03-31T16:58:58+00:00</Time><DistanceMeters>3161.7</DistanceMeters><Position><LatitudeDegrees>50.579998</LatitudeDegrees><LongitudeDegrees>3.059007</LongitudeDegrees></Position><AltitudeMeters>37.3</AltitudeMeters><Extensions><TPX xmlns="http://www.garmin.com/xmlschemas/ActivityExtension/v2"><Speed>2.46</Speed></TPX></Extensions></Trackpoint><Trackpoint><Time>2026-03-31T16:58:59+00:00</Time><DistanceMeters>3164.9</DistanceMeters><Position><LatitudeDegrees>50.57997</LatitudeDegrees><LongitudeDegrees>3.059004</LongitudeDegrees></Position><AltitudeMeters>37.4</AltitudeMeters><Extensions><TPX xmlns="http://www.garmin.com/xmlschemas/ActivityExtension/v2"><Speed>2.6</Speed></TPX></Extensions></Trackpoint><Trackpoint><Time>2026-03-31T16:59:00+00:00</Time><DistanceMeters>3167.6</DistanceMeters><Position><LatitudeDegrees>50.579936</LatitudeDegrees><LongitudeDegrees>3.059006</LongitudeDegrees></Position><AltitudeMeters>37.4</AltitudeMeters><Extensions><TPX xmlns="http://www.garmin.com/xmlschemas/ActivityExtension/v2"><Speed>2.67</Speed></TPX></Extensions></Trackpoint><Trackpoint><Time>2026-03-31T16:59:01+00:00</Time><DistanceMeters>3170.3</DistanceMeters><Position><LatitudeDegrees>50.579922</LatitudeDegrees><LongitudeDegrees>3.059007</LongitudeDegrees></Position><AltitudeMeters>37.4</AltitudeMeters><Extensions><TPX xmlns="http://www.garmin.com/xmlschemas/ActivityExtension/v2"><Speed>2.74</Speed></TPX></Extensions></Trackpoint><Trackpoint><Time>2026-03-31T16:59:02+00:00</Time><DistanceMeters>3173.3</DistanceMeters><Position><LatitudeDegrees>50.579895</LatitudeDegrees><LongitudeDegrees>3.059005</LongitudeDegrees></Position><AltitudeMeters>37.4</AltitudeMeters><Extensions><TPX xmlns="http://www.garmin.com/xmlschemas/ActivityExtension/v2"><Speed>2.83</Speed></TPX></Extensions></Trackpoint><Trackpoint><Time>2026-03-31T16:59:03+00:00</Time><DistanceMeters>3175.6</DistanceMeters><Position><LatitudeDegrees>50.579866</LatitudeDegrees><LongitudeDegrees>3.059005</LongitudeDegrees></Position><AltitudeMeters>37.5</AltitudeMeters><Extensions><TPX xmlns="http://www.garmin.com/xmlschemas/ActivityExtension/v2"><Speed>2.77</Speed></TPX></Extensions></Trackpoint><Trackpoint><Time>2026-03-31T16:59:04+00:00</Time><DistanceMeters>3177.8</DistanceMeters><Position><LatitudeDegrees>50.579854</LatitudeDegrees><LongitudeDegrees>3.059005</LongitudeDegrees></Position><AltitudeMeters>37.5</AltitudeMeters><Extensions><TPX xmlns="http://www.garmin.com/xmlschemas/ActivityExtension/v2"><Speed>2.58</Speed></TPX></Extensions></Trackpoint><Trackpoint><Time>2026-03-31T16:59:05+00:00</Time><DistanceMeters>3180.5</DistanceMeters><Position><LatitudeDegrees>50.579819</LatitudeDegrees><LongitudeDegrees>3.059002</LongitudeDegrees></Position><AltitudeMeters>37.5</AltitudeMeters><Extensions><TPX xmlns="http://www.garmin.com/xmlschemas/ActivityExtension/v2"><Speed>2.58</Speed></TPX></Extensions></Trackpoint><Trackpoint><Time>2026-03-31T16:59:06+00:00</Time><DistanceMeters>3183.2</DistanceMeters><Position><LatitudeDegrees>50.579806</LatitudeDegrees><LongitudeDegrees>3.059002</LongitudeDegrees></Position><AltitudeMeters>37.5</AltitudeMeters><Extensions><TPX xmlns="http://www.garmin.com/xmlschemas/ActivityExtension/v2"><Speed>2.58</Speed></TPX></Extensions></Trackpoint><Trackpoint><Time>2026-03-31T16:59:07+00:00</Time><DistanceMeters>3186.1</DistanceMeters><Position><LatitudeDegrees>50.579768</LatitudeDegrees><LongitudeDegrees>3.059008</LongitudeDegrees></Position><AltitudeMeters>37.6</AltitudeMeters><Extensions><TPX xmlns="http://www.garmin.com/xmlschemas/ActivityExtension/v2"><Speed>2.57</Speed></TPX></Extensions></Trackpoint><Trackpoint><Time>2026-03-31T16:59:08+00:00</Time><DistanceMeters>3189.1</DistanceMeters><Position><LatitudeDegrees>50.579753</LatitudeDegrees><LongitudeDegrees>3.059008</LongitudeDegrees></Position><AltitudeMeters>37.6</AltitudeMeters><Extensions><TPX xmlns="http://www.garmin.com/xmlschemas/ActivityExtension/v2"><Speed>2.71</Speed></TPX></Extensions></Trackpoint><Trackpoint><Time>2026-03-31T16:59:09+00:00</Time><DistanceMeters>3191.7</DistanceMeters><Position><LatitudeDegrees>50.579719</LatitudeDegrees><LongitudeDegrees>3.059009</LongitudeDegrees></Position><AltitudeMeters>37.7</AltitudeMeters><Extensions><TPX xmlns="http://www.garmin.com/xmlschemas/ActivityExtension/v2"><Speed>2.78</Speed></TPX></Extensions></Trackpoint><Trackpoint><Time>2026-03-31T16:59:10+00:00</Time><DistanceMeters>3194.3</DistanceMeters><Position><LatitudeDegrees>50.579706</LatitudeDegrees><LongitudeDegrees>3.059008</LongitudeDegrees></Position><AltitudeMeters>37.7</AltitudeMeters><Extensions><TPX xmlns="http://www.garmin.com/xmlschemas/ActivityExtension/v2"><Speed>2.76</Speed></TPX></Extensions></Trackpoint><Trackpoint><Time>2026-03-31T16:59:11+00:00</Time><DistanceMeters>3196.8</DistanceMeters><Position><LatitudeDegrees>50.579674</LatitudeDegrees><LongitudeDegrees>3.059005</LongitudeDegrees></Position><AltitudeMeters>37.7</AltitudeMeters><Extensions><TPX xmlns="http://www.garmin.com/xmlschemas/ActivityExtension/v2"><Speed>2.71</Speed></TPX></Extensions></Trackpoint><Trackpoint><Time>2026-03-31T16:59:12+00:00</Time><DistanceMeters>3199.2</DistanceMeters><Position><LatitudeDegrees>50.579662</LatitudeDegrees><LongitudeDegrees>3.059002</LongitudeDegrees></Position><AltitudeMeters>37.7</AltitudeMeters><Extensions><TPX xmlns="http://www.garmin.com/xmlschemas/ActivityExtension/v2"><Speed>2.61</Speed></TPX></Extensions></Trackpoint><Trackpoint><Time>2026-03-31T16:59:13+00:00</Time><DistanceMeters>3201.5</DistanceMeters><Position><LatitudeDegrees>50.579631</LatitudeDegrees><LongitudeDegrees>3.059008</LongitudeDegrees></Position><AltitudeMeters>37.8</AltitudeMeters><Extensions><TPX xmlns="http://www.garmin.com/xmlschemas/ActivityExtension/v2"><Speed>2.48</Speed></TPX></Extensions></Trackpoint><Trackpoint><Time>2026-03-31T16:59:14+00:00</Time><DistanceMeters>3203.8</DistanceMeters><Position><LatitudeDegrees>50.579621</LatitudeDegrees><LongitudeDegrees>3.059009</LongitudeDegrees></Position><AltitudeMeters>37.8</AltitudeMeters><Extensions><TPX xmlns="http://www.garmin.com/xmlschemas/ActivityExtension/v2"><Speed>2.42</Speed></TPX></Extensions></Trackpoint><Trackpoint><Time>2026-03-31T16:59:15+00:00</Time><DistanceMeters>3206.9</DistanceMeters><Position><LatitudeDegrees>50.579581</LatitudeDegrees><LongitudeDegrees>3.05901</LongitudeDegrees></Position><AltitudeMeters>37.8</AltitudeMeters><Extensions><TPX xmlns="http://www.garmin.com/xmlschemas/ActivityExtension/v2"><Speed>2.51</Speed></TPX></Extensions></Trackpoint><Trackpoint><Time>2026-03-31T16:59:16+00:00</Time><DistanceMeters>3209.9</DistanceMeters><Position><LatitudeDegrees>50.579566</LatitudeDegrees><LongitudeDegrees>3.059011</LongitudeDegrees></Position><AltitudeMeters>37.9</AltitudeMeters><Extensions><TPX xmlns="http://www.garmin.com/xmlschemas/ActivityExtension/v2"><Speed>2.63</Speed></TPX></Extensions></Trackpoint><Trackpoint><Time>2026-03-31T16:59:17+00:00</Time><DistanceMeters>3212.5</DistanceMeters><Position><LatitudeDegrees>50.579531</LatitudeDegrees><LongitudeDegrees>3.059007</LongitudeDegrees></Position><AltitudeMeters>37.9</AltitudeMeters><Extensions><TPX xmlns="http://www.garmin.com/xmlschemas/ActivityExtension/v2"><Speed>2.65</Speed></TPX></Extensions></Trackpoint><Trackpoint><Time>2026-03-31T16:59:18+00:00</Time><DistanceMeters>3215.0</DistanceMeters><Position><LatitudeDegrees>50.57952</LatitudeDegrees><LongitudeDegrees>3.059006</LongitudeDegrees></Position><AltitudeMeters>37.9</AltitudeMeters><Extensions><TPX xmlns="http://www.garmin.com/xmlschemas/ActivityExtension/v2"><Speed>2.7</Speed></TPX></Extensions></Trackpoint><Trackpoint><Time>2026-03-31T16:59:19+00:00</Time><DistanceMeters>3217.7</DistanceMeters><Position><LatitudeDegrees>50.579485</LatitudeDegrees><LongitudeDegrees>3.059004</LongitudeDegrees></Position><AltitudeMeters>38.0</AltitudeMeters><Extensions><TPX xmlns="http://www.garmin.com/xmlschemas/ActivityExtension/v2"><Speed>2.77</Speed></TPX></Extensions></Trackpoint><Trackpoint><Time>2026-03-31T16:59:20+00:00</Time><DistanceMeters>3220.3</DistanceMeters><Position><LatitudeDegrees>50.579473</LatitudeDegrees><LongitudeDegrees>3.059005</LongitudeDegrees></Position><AltitudeMeters>38.0</AltitudeMeters><Extensions><TPX xmlns="http://www.garmin.com/xmlschemas/ActivityExtension/v2"><Speed>2.69</Speed></TPX></Extensions></Trackpoint><Trackpoint><Time>2026-03-31T16:59:21+00:00</Time><DistanceMeters>3222.8</DistanceMeters><Position><LatitudeDegrees>50.57944</LatitudeDegrees><LongitudeDegrees>3.059008</LongitudeDegrees></Position><AltitudeMeters>38.1</AltitudeMeters><Extensions><TPX xmlns="http://www.garmin.com/xmlschemas/ActivityExtension/v2"><Speed>2.58</Speed></TPX></Extensions></Trackpoint><Trackpoint><Time>2026-03-31T16:59:22+00:00</Time><DistanceMeters>3225.3</DistanceMeters><Position><LatitudeDegrees>50.579428</LatitudeDegrees><LongitudeDegrees>3.059008</LongitudeDegrees></Position><AltitudeMeters>38.1</AltitudeMeters><Extensions><TPX xmlns="http://www.garmin.com/xmlschemas/ActivityExtension/v2"><Speed>2.57</Speed></TPX></Extensions></Trackpoint><Trackpoint><Time>2026-03-31T16:59:23+00:00</Time><DistanceMeters>3228.0</DistanceMeters><Position><LatitudeDegrees>50.579394</LatitudeDegrees><LongitudeDegrees>3.059009</LongitudeDegrees></Position><AltitudeMeters>38.1</AltitudeMeters><Extensions><TPX xmlns="http://www.garmin.com/xmlschemas/ActivityExtension/v2"><Speed>2.59</Speed></TPX></Extensions></Trackpoint><Trackpoint><Time>2026-03-31T16:59:24+00:00</Time><DistanceMeters>3230.6</DistanceMeters><Position><LatitudeDegrees>50.579381</LatitudeDegrees><LongitudeDegrees>3.059007</LongitudeDegrees></Position><AltitudeMeters>38.2</AltitudeMeters><Extensions><TPX xmlns="http://www.garmin.com/xmlschemas/ActivityExtension/v2"><Speed>2.59</Speed></TPX></Extensions></Trackpoint><Trackpoint><Time>2026-03-31T16:59:25+00:00</Time><DistanceMeters>3233.3</DistanceMeters><Position><LatitudeDegrees>50.579343</LatitudeDegrees><LongitudeDegrees>3.059008</LongitudeDegrees></Position><AltitudeMeters>38.2</AltitudeMeters><Extensions><TPX xmlns="http://www.garmin.com/xmlschemas/ActivityExtension/v2"><Speed>2.6</Speed></TPX></Extensions></Trackpoint><Trackpoint><Time>2026-03-31T16:59:26+00:00</Time><DistanceMeters>3236.0</DistanceMeters><Position><LatitudeDegrees>50.579332</LatitudeDegrees><LongitudeDegrees>3.059007</LongitudeDegrees></Position><AltitudeMeters>38.2</AltitudeMeters><Extensions><TPX xmlns="http://www.garmin.com/xmlschemas/ActivityExtension/v2"><Speed>2.64</Speed></TPX></Extensions></Trackpoint><Trackpoint><Time>2026-03-31T16:59:27+00:00</Time><DistanceMeters>3238.8</DistanceMeters><Position><LatitudeDegrees>50.579294</LatitudeDegrees><LongitudeDegrees>3.05901</LongitudeDegrees></Position><AltitudeMeters>38.3</AltitudeMeters><Extensions><TPX xmlns="http://www.garmin.com/xmlschemas/ActivityExtension/v2"><Speed>2.7</Speed></TPX></Extensions></Trackpoint><Trackpoint><Time>2026-03-31T16:59:28+00:00</Time><DistanceMeters>3241.6</DistanceMeters><Position><LatitudeDegrees>50.579282</LatitudeDegrees><LongitudeDegrees>3.059011</LongitudeDegrees></Position><AltitudeMeters>38.3</AltitudeMeters><Extensions><TPX xmlns="http://www.garmin.com/xmlschemas/ActivityExtension/v2"><Speed>2.73</Speed></TPX></Extensions></Trackpoint><Trackpoint><Time>2026-03-31T16:59:29+00:00</Time><DistanceMeters>3244.4</DistanceMeters><Position><LatitudeDegrees>50.579244</LatitudeDegrees><LongitudeDegrees>3.059006</LongitudeDegrees></Position><AltitudeMeters>38.4</AltitudeMeters><Extensions><TPX xmlns="http://www.garmin.com/xmlschemas/ActivityExtension/v2"><Speed>2.76</Speed></TPX></Extensions></Trackpoint><Trackpoint><Time>2026-03-31T16:59:30+00:00</Time><DistanceMeters>3247.2</DistanceMeters><Position><LatitudeDegrees>50.579231</LatitudeDegrees><LongitudeDegrees>3.059006</LongitudeDegrees></Position><AltitudeMeters>38.4</AltitudeMeters><Extensions><TPX xmlns="http://www.garmin.com/xmlschemas/ActivityExtension/v2"><Speed>2.78</Speed></TPX></Extensions></Trackpoint><Trackpoint><Time>2026-03-31T16:59:31+00:00</Time><DistanceMeters>3250.2</DistanceMeters><Position><LatitudeDegrees>50.579193</LatitudeDegrees><LongitudeDegrees>3.059004</LongitudeDegrees></Position><AltitudeMeters>38.5</AltitudeMeters><Extensions><TPX xmlns="http://www.garmin.com/xmlschemas/ActivityExtension/v2"><Speed>2.84</Speed></TPX></Extensions></Trackpoint><Trackpoint><Time>2026-03-31T16:59:32+00:00</Time><DistanceMeters>3253.2</DistanceMeters><Position><LatitudeDegrees>50.579177</LatitudeDegrees><LongitudeDegrees>3.059003</LongitudeDegrees></Position><AltitudeMeters>38.5</AltitudeMeters><Extensions><TPX xmlns="http://www.garmin.com/xmlschemas/ActivityExtension/v2"><Speed>2.88</Speed></TPX></Extensions></Trackpoint><Trackpoint><Time>2026-03-31T16:59:33+00:00</Time><DistanceMeters>3255.6</DistanceMeters><Position><LatitudeDegrees>50.579146</LatitudeDegrees><LongitudeDegrees>3.059001</LongitudeDegrees></Position><AltitudeMeters>38.6</AltitudeMeters><Extensions><TPX xmlns="http://www.garmin.com/xmlschemas/ActivityExtension/v2"><Speed>2.8</Speed></TPX></Extensions></Trackpoint><Trackpoint><Time>2026-03-31T16:59:34+00:00</Time><DistanceMeters>3258.0</DistanceMeters><Position><LatitudeDegrees>50.579134</LatitudeDegrees><LongitudeDegrees>3.058999</LongitudeDegrees></Position><AltitudeMeters>38.6</AltitudeMeters><Extensions><TPX xmlns="http://www.garmin.com/xmlschemas/ActivityExtension/v2"><Speed>2.72</Speed></TPX></Extensions></Trackpoint><Trackpoint><Time>2026-03-31T16:59:35+00:00</Time><DistanceMeters>3260.5</DistanceMeters><Position><LatitudeDegrees>50.579104</LatitudeDegrees><LongitudeDegrees>3.059</LongitudeDegrees></Position><AltitudeMeters>38.6</AltitudeMeters><Extensions><TPX xmlns="http://www.garmin.com/xmlschemas/ActivityExtension/v2"><Speed>2.65</Speed></TPX></Extensions></Trackpoint><Trackpoint><Time>2026-03-31T16:59:36+00:00</Time><DistanceMeters>3262.9</DistanceMeters><Position><LatitudeDegrees>50.57909</LatitudeDegrees><LongitudeDegrees>3.058999</LongitudeDegrees></Position><AltitudeMeters>38.6</AltitudeMeters><Extensions><TPX xmlns="http://www.garmin.com/xmlschemas/ActivityExtension/v2"><Speed>2.54</Speed></TPX></Extensions></Trackpoint><Trackpoint><Time>2026-03-31T16:59:37+00:00</Time><DistanceMeters>3265.1</DistanceMeters><Position><LatitudeDegrees>50.579061</LatitudeDegrees><LongitudeDegrees>3.058992</LongitudeDegrees></Position><AltitudeMeters>38.7</AltitudeMeters><Extensions><TPX xmlns="http://www.garmin.com/xmlschemas/ActivityExtension/v2"><Speed>2.38</Speed></TPX></Extensions></Trackpoint><Trackpoint><Time>2026-03-31T16:59:38+00:00</Time><DistanceMeters>3267.3</DistanceMeters><Position><LatitudeDegrees>50.579051</LatitudeDegrees><LongitudeDegrees>3.058993</LongitudeDegrees></Position><AltitudeMeters>38.7</AltitudeMeters><Extensions><TPX xmlns="http://www.garmin.com/xmlschemas/ActivityExtension/v2"><Speed>2.34</Speed></TPX></Extensions></Trackpoint><Trackpoint><Time>2026-03-31T16:59:39+00:00</Time><DistanceMeters>3270.4</DistanceMeters><Position><LatitudeDegrees>50.57901</LatitudeDegrees><LongitudeDegrees>3.05899</LongitudeDegrees></Position><AltitudeMeters>38.8</AltitudeMeters><Extensions><TPX xmlns="http://www.garmin.com/xmlschemas/ActivityExtension/v2"><Speed>2.48</Speed></TPX></Extensions></Trackpoint><Trackpoint><Time>2026-03-31T16:59:40+00:00</Time><DistanceMeters>3273.5</DistanceMeters><Position><LatitudeDegrees>50.578995</LatitudeDegrees><LongitudeDegrees>3.05899</LongitudeDegrees></Position><AltitudeMeters>38.8</AltitudeMeters><Extensions><TPX xmlns="http://www.garmin.com/xmlschemas/ActivityExtension/v2"><Speed>2.61</Speed></TPX></Extensions></Trackpoint><Trackpoint><Time>2026-03-31T16:59:41+00:00</Time><DistanceMeters>3276.7</DistanceMeters><Position><LatitudeDegrees>50.578967</LatitudeDegrees><LongitudeDegrees>3.058996</LongitudeDegrees></Position><AltitudeMeters>38.8</AltitudeMeters><Extensions><TPX xmlns="http://www.garmin.com/xmlschemas/ActivityExtension/v2"><Speed>2.76</Speed></TPX></Extensions></Trackpoint><Trackpoint><Time>2026-03-31T16:59:42+00:00</Time><DistanceMeters>3279.7</DistanceMeters><Position><LatitudeDegrees>50.578929</LatitudeDegrees><LongitudeDegrees>3.058993</LongitudeDegrees></Position><AltitudeMeters>38.9</AltitudeMeters><Extensions><TPX xmlns="http://www.garmin.com/xmlschemas/ActivityExtension/v2"><Speed>2.91</Speed></TPX></Extensions></Trackpoint><Trackpoint><Time>2026-03-31T16:59:43+00:00</Time><DistanceMeters>3282.6</DistanceMeters><Position><LatitudeDegrees>50.578914</LatitudeDegrees><LongitudeDegrees>3.058992</LongitudeDegrees></Position><AltitudeMeters>38.9</AltitudeMeters><Extensions><TPX xmlns="http://www.garmin.com/xmlschemas/ActivityExtension/v2"><Speed>3.06</Speed></TPX></Extensions></Trackpoint><Trackpoint><Time>2026-03-31T16:59:44+00:00</Time><DistanceMeters>3285.2</DistanceMeters><Position><LatitudeDegrees>50.57888</LatitudeDegrees><LongitudeDegrees>3.058988</LongitudeDegrees></Position><AltitudeMeters>38.9</AltitudeMeters><Extensions><TPX xmlns="http://www.garmin.com/xmlschemas/ActivityExtension/v2"><Speed>2.95</Speed></TPX></Extensions></Trackpoint><Trackpoint><Time>2026-03-31T16:59:45+00:00</Time><DistanceMeters>3287.7</DistanceMeters><Position><LatitudeDegrees>50.578868</LatitudeDegrees><LongitudeDegrees>3.058985</LongitudeDegrees></Position><AltitudeMeters>39.0</AltitudeMeters><Extensions><TPX xmlns="http://www.garmin.com/xmlschemas/ActivityExtension/v2"><Speed>2.84</Speed></TPX></Extensions></Trackpoint><Trackpoint><Time>2026-03-31T16:59:46+00:00</Time><DistanceMeters>3290.2</DistanceMeters><Position><LatitudeDegrees>50.578835</LatitudeDegrees><LongitudeDegrees>3.058984</LongitudeDegrees></Position><AltitudeMeters>39.0</AltitudeMeters><Extensions><TPX xmlns="http://www.garmin.com/xmlschemas/ActivityExtension/v2"><Speed>2.7</Speed></TPX></Extensions></Trackpoint><Trackpoint><Time>2026-03-31T16:59:47+00:00</Time><DistanceMeters>3292.7</DistanceMeters><Position><LatitudeDegrees>50.578823</LatitudeDegrees><LongitudeDegrees>3.058983</LongitudeDegrees></Position><AltitudeMeters>39.0</AltitudeMeters><Extensions><TPX xmlns="http://www.garmin.com/xmlschemas/ActivityExtension/v2"><Speed>2.61</Speed></TPX></Extensions></Trackpoint><Trackpoint><Time>2026-03-31T16:59:48+00:00</Time><DistanceMeters>3295.4</DistanceMeters><Position><LatitudeDegrees>50.578785</LatitudeDegrees><LongitudeDegrees>3.058986</LongitudeDegrees></Position><AltitudeMeters>39.0</AltitudeMeters><Extensions><TPX xmlns="http://www.garmin.com/xmlschemas/ActivityExtension/v2"><Speed>2.56</Speed></TPX></Extensions></Trackpoint><Trackpoint><Time>2026-03-31T16:59:49+00:00</Time><DistanceMeters>3298.1</DistanceMeters><Position><LatitudeDegrees>50.578775</LatitudeDegrees><LongitudeDegrees>3.058986</LongitudeDegrees></Position><AltitudeMeters>39.0</AltitudeMeters><Extensions><TPX xmlns="http://www.garmin.com/xmlschemas/ActivityExtension/v2"><Speed>2.59</Speed></TPX></Extensions></Trackpoint><Trackpoint><Time>2026-03-31T16:59:50+00:00</Time><DistanceMeters>3300.9</DistanceMeters><Position><LatitudeDegrees>50.578737</LatitudeDegrees><LongitudeDegrees>3.058986</LongitudeDegrees></Position><AltitudeMeters>39.1</AltitudeMeters><Extensions><TPX xmlns="http://www.garmin.com/xmlschemas/ActivityExtension/v2"><Speed>2.64</Speed></TPX></Extensions></Trackpoint><Trackpoint><Time>2026-03-31T16:59:51+00:00</Time><DistanceMeters>3303.7</DistanceMeters><Position><LatitudeDegrees>50.578724</LatitudeDegrees><LongitudeDegrees>3.058986</LongitudeDegrees></Position><AltitudeMeters>39.1</AltitudeMeters><Extensions><TPX xmlns="http://www.garmin.com/xmlschemas/ActivityExtension/v2"><Speed>2.7</Speed></TPX></Extensions></Trackpoint><Trackpoint><Time>2026-03-31T16:59:52+00:00</Time><DistanceMeters>3307.1</DistanceMeters><Position><LatitudeDegrees>50.578694</LatitudeDegrees><LongitudeDegrees>3.058986</LongitudeDegrees></Position><AltitudeMeters>39.1</AltitudeMeters><Extensions><TPX xmlns="http://www.garmin.com/xmlschemas/ActivityExtension/v2"><Speed>2.88</Speed></TPX></Extensions></Trackpoint><Trackpoint><Time>2026-03-31T16:59:53+00:00</Time><DistanceMeters>3309.3</DistanceMeters><Position><LatitudeDegrees>50.578667</LatitudeDegrees><LongitudeDegrees>3.058987</LongitudeDegrees></Position><AltitudeMeters>39.1</AltitudeMeters><Extensions><TPX xmlns="http://www.garmin.com/xmlschemas/ActivityExtension/v2"><Speed>2.77</Speed></TPX></Extensions></Trackpoint><Trackpoint><Time>2026-03-31T16:59:54+00:00</Time><DistanceMeters>3311.4</DistanceMeters><Position><LatitudeDegrees>50.578655</LatitudeDegrees><LongitudeDegrees>3.058987</LongitudeDegrees></Position><AltitudeMeters>39.1</AltitudeMeters><Extensions><TPX xmlns="http://www.garmin.com/xmlschemas/ActivityExtension/v2"><Speed>2.66</Speed></TPX></Extensions></Trackpoint><Trackpoint><Time>2026-03-31T16:59:55+00:00</Time><DistanceMeters>3314.0</DistanceMeters><Position><LatitudeDegrees>50.57862</LatitudeDegrees><LongitudeDegrees>3.058989</LongitudeDegrees></Position><AltitudeMeters>39.1</AltitudeMeters><Extensions><TPX xmlns="http://www.garmin.com/xmlschemas/ActivityExtension/v2"><Speed>2.61</Speed></TPX></Extensions></Trackpoint><Trackpoint><Time>2026-03-31T16:59:56+00:00</Time><DistanceMeters>3316.5</DistanceMeters><Position><LatitudeDegrees>50.578609</LatitudeDegrees><LongitudeDegrees>3.058989</LongitudeDegrees></Position><AltitudeMeters>39.1</AltitudeMeters><Extensions><TPX xmlns="http://www.garmin.com/xmlschemas/ActivityExtension/v2"><Speed>2.56</Speed></TPX></Extensions></Trackpoint><Trackpoint><Time>2026-03-31T16:59:57+00:00</Time><DistanceMeters>3319.6</DistanceMeters><Position><LatitudeDegrees>50.578581</LatitudeDegrees><LongitudeDegrees>3.058989</LongitudeDegrees></Position><AltitudeMeters>39.2</AltitudeMeters><Extensions><TPX xmlns="http://www.garmin.com/xmlschemas/ActivityExtension/v2"><Speed>2.5</Speed></TPX></Extensions></Trackpoint><Trackpoint><Time>2026-03-31T16:59:58+00:00</Time><DistanceMeters>3322.2</DistanceMeters><Position><LatitudeDegrees>50.578548</LatitudeDegrees><LongitudeDegrees>3.058993</LongitudeDegrees></Position><AltitudeMeters>39.2</AltitudeMeters><Extensions><TPX xmlns="http://www.garmin.com/xmlschemas/ActivityExtension/v2"><Speed>2.59</Speed></TPX></Extensions></Trackpoint><Trackpoint><Time>2026-03-31T16:59:59+00:00</Time><DistanceMeters>3324.8</DistanceMeters><Position><LatitudeDegrees>50.578535</LatitudeDegrees><LongitudeDegrees>3.058992</LongitudeDegrees></Position><AltitudeMeters>39.2</AltitudeMeters><Extensions><TPX xmlns="http://www.garmin.com/xmlschemas/ActivityExtension/v2"><Speed>2.68</Speed></TPX></Extensions></Trackpoint><Trackpoint><Time>2026-03-31T17:00:00+00:00</Time><DistanceMeters>3328.1</DistanceMeters><Position><LatitudeDegrees>50.578505</LatitudeDegrees><LongitudeDegrees>3.058998</LongitudeDegrees></Position><AltitudeMeters>39.2</AltitudeMeters><Extensions><TPX xmlns="http://www.garmin.com/xmlschemas/ActivityExtension/v2"><Speed>2.83</Speed></TPX></Extensions></Trackpoint><Trackpoint><Time>2026-03-31T17:00:01+00:00</Time><DistanceMeters>3331.0</DistanceMeters><Position><LatitudeDegrees>50.578467</LatitudeDegrees><LongitudeDegrees>3.058995</LongitudeDegrees></Position><AltitudeMeters>39.2</AltitudeMeters><Extensions><TPX xmlns="http://www.garmin.com/xmlschemas/ActivityExtension/v2"><Speed>2.89</Speed></TPX></Extensions></Trackpoint><Trackpoint><Time>2026-03-31T17:00:02+00:00</Time><DistanceMeters>3333.8</DistanceMeters><Position><LatitudeDegrees>50.578454</LatitudeDegrees><LongitudeDegrees>3.058994</LongitudeDegrees></Position><AltitudeMeters>39.2</AltitudeMeters><Extensions><TPX xmlns="http://www.garmin.com/xmlschemas/ActivityExtension/v2"><Speed>2.84</Speed></TPX></Extensions></Trackpoint><Trackpoint><Time>2026-03-31T17:00:03+00:00</Time><DistanceMeters>3336.8</DistanceMeters><Position><LatitudeDegrees>50.578416</LatitudeDegrees><LongitudeDegrees>3.058997</LongitudeDegrees></Position><AltitudeMeters>39.2</AltitudeMeters><Extensions><TPX xmlns="http://www.garmin.com/xmlschemas/ActivityExtension/v2"><Speed>2.91</Speed></TPX></Extensions></Trackpoint><Trackpoint><Time>2026-03-31T17:00:04+00:00</Time><DistanceMeters>3339.7</DistanceMeters><Position><LatitudeDegrees>50.578401</LatitudeDegrees><LongitudeDegrees>3.058997</LongitudeDegrees></Position><AltitudeMeters>39.1</AltitudeMeters><Extensions><TPX xmlns="http://www.garmin.com/xmlschemas/ActivityExtension/v2"><Speed>2.98</Speed></TPX></Extensions></Trackpoint><Trackpoint><Time>2026-03-31T17:00:05+00:00</Time><DistanceMeters>3342.3</DistanceMeters><Position><LatitudeDegrees>50.578366</LatitudeDegrees><LongitudeDegrees>3.058997</LongitudeDegrees></Position><AltitudeMeters>39.1</AltitudeMeters><Extensions><TPX xmlns="http://www.garmin.com/xmlschemas/ActivityExtension/v2"><Speed>2.84</Speed></TPX></Extensions></Trackpoint><Trackpoint><Time>2026-03-31T17:00:06+00:00</Time><DistanceMeters>3344.9</DistanceMeters><Position><LatitudeDegrees>50.578354</LatitudeDegrees><LongitudeDegrees>3.058994</LongitudeDegrees></Position><AltitudeMeters>39.1</AltitudeMeters><Extensions><TPX xmlns="http://www.garmin.com/xmlschemas/ActivityExtension/v2"><Speed>2.79</Speed></TPX></Extensions></Trackpoint><Trackpoint><Time>2026-03-31T17:00:07+00:00</Time><DistanceMeters>3347.9</DistanceMeters><Position><LatitudeDegrees>50.578315</LatitudeDegrees><LongitudeDegrees>3.058994</LongitudeDegrees></Position><AltitudeMeters>39.1</AltitudeMeters><Extensions><TPX xmlns="http://www.garmin.com/xmlschemas/ActivityExtension/v2"><Speed>2.81</Speed></TPX></Extensions></Trackpoint><Trackpoint><Time>2026-03-31T17:00:08+00:00</Time><DistanceMeters>3350.8</DistanceMeters><Position><LatitudeDegrees>50.578301</LatitudeDegrees><LongitudeDegrees>3.058994</LongitudeDegrees></Position><AltitudeMeters>39.1</AltitudeMeters><Extensions><TPX xmlns="http://www.garmin.com/xmlschemas/ActivityExtension/v2"><Speed>2.81</Speed></TPX></Extensions></Trackpoint><Trackpoint><Time>2026-03-31T17:00:09+00:00</Time><DistanceMeters>3350.8</DistanceMeters><Position><LatitudeDegrees>50.578285</LatitudeDegrees><LongitudeDegrees>3.058997</LongitudeDegrees></Position><AltitudeMeters>39.1</AltitudeMeters><Extensions><TPX xmlns="http://www.garmin.com/xmlschemas/ActivityExtension/v2"><Speed>2.22</Speed></TPX></Extensions></Trackpoint><Trackpoint><Time>2026-03-31T17:00:10+00:00</Time><DistanceMeters>3354.6</DistanceMeters><Position><LatitudeDegrees>50.578267</LatitudeDegrees><LongitudeDegrees>3.058995</LongitudeDegrees></Position><AltitudeMeters>39.1</AltitudeMeters><Extensions><TPX xmlns="http://www.garmin.com/xmlschemas/ActivityExtension/v2"><Speed>2.46</Speed></TPX></Extensions></Trackpoint><Trackpoint><Time>2026-03-31T17:00:11+00:00</Time><DistanceMeters>3357.7</DistanceMeters><Position><LatitudeDegrees>50.578228</LatitudeDegrees><LongitudeDegrees>3.058992</LongitudeDegrees></Position><AltitudeMeters>39.1</AltitudeMeters><Extensions><TPX xmlns="http://www.garmin.com/xmlschemas/ActivityExtension/v2"><Speed>2.55</Speed></TPX></Extensions></Trackpoint><Trackpoint><Time>2026-03-31T17:00:12+00:00</Time><DistanceMeters>3360.7</DistanceMeters><Position><LatitudeDegrees>50.578212</LatitudeDegrees><LongitudeDegrees>3.058993</LongitudeDegrees></Position><AltitudeMeters>39.1</AltitudeMeters><Extensions><TPX xmlns="http://www.garmin.com/xmlschemas/ActivityExtension/v2"><Speed>2.57</Speed></TPX></Extensions></Trackpoint><Trackpoint><Time>2026-03-31T17:00:13+00:00</Time><DistanceMeters>3363.6</DistanceMeters><Position><LatitudeDegrees>50.578174</LatitudeDegrees><LongitudeDegrees>3.058991</LongitudeDegrees></Position><AltitudeMeters>39.1</AltitudeMeters><Extensions><TPX xmlns="http://www.garmin.com/xmlschemas/ActivityExtension/v2"><Speed>2.55</Speed></TPX></Extensions></Trackpoint><Trackpoint><Time>2026-03-31T17:00:14+00:00</Time><DistanceMeters>3366.4</DistanceMeters><Position><LatitudeDegrees>50.578161</LatitudeDegrees><LongitudeDegrees>3.05899</LongitudeDegrees></Position><AltitudeMeters>39.1</AltitudeMeters><Extensions><TPX xmlns="http://www.garmin.com/xmlschemas/ActivityExtension/v2"><Speed>3.12</Speed></TPX></Extensions></Trackpoint><Trackpoint><Time>2026-03-31T17:00:15+00:00</Time><DistanceMeters>3369.0</DistanceMeters><Position><LatitudeDegrees>50.578129</LatitudeDegrees><LongitudeDegrees>3.058991</LongitudeDegrees></Position><AltitudeMeters>39.1</AltitudeMeters><Extensions><TPX xmlns="http://www.garmin.com/xmlschemas/ActivityExtension/v2"><Speed>2.87</Speed></TPX></Extensions></Trackpoint><Trackpoint><Time>2026-03-31T17:00:16+00:00</Time><DistanceMeters>3371.5</DistanceMeters><Position><LatitudeDegrees>50.578115</LatitudeDegrees><LongitudeDegrees>3.05899</LongitudeDegrees></Position><AltitudeMeters>39.1</AltitudeMeters><Extensions><TPX xmlns="http://www.garmin.com/xmlschemas/ActivityExtension/v2"><Speed>2.77</Speed></TPX></Extensions></Trackpoint><Trackpoint><Time>2026-03-31T17:00:17+00:00</Time><DistanceMeters>3374.0</DistanceMeters><Position><LatitudeDegrees>50.578084</LatitudeDegrees><LongitudeDegrees>3.058991</LongitudeDegrees></Position><AltitudeMeters>39.1</AltitudeMeters><Extensions><TPX xmlns="http://www.garmin.com/xmlschemas/ActivityExtension/v2"><Speed>2.65</Speed></TPX></Extensions></Trackpoint><Trackpoint><Time>2026-03-31T17:00:18+00:00</Time><DistanceMeters>3376.4</DistanceMeters><Position><LatitudeDegrees>50.578071</LatitudeDegrees><LongitudeDegrees>3.05899</LongitudeDegrees></Position><AltitudeMeters>39.1</AltitudeMeters><Extensions><TPX xmlns="http://www.garmin.com/xmlschemas/ActivityExtension/v2"><Speed>2.57</Speed></TPX></Extensions></Trackpoint><Trackpoint><Time>2026-03-31T17:00:19+00:00</Time><DistanceMeters>3379.2</DistanceMeters><Position><LatitudeDegrees>50.578034</LatitudeDegrees><LongitudeDegrees>3.05899</LongitudeDegrees></Position><AltitudeMeters>39.1</AltitudeMeters><Extensions><TPX xmlns="http://www.garmin.com/xmlschemas/ActivityExtension/v2"><Speed>2.56</Speed></TPX></Extensions></Trackpoint><Trackpoint><Time>2026-03-31T17:00:20+00:00</Time><DistanceMeters>3382.0</DistanceMeters><Position><LatitudeDegrees>50.57802</LatitudeDegrees><LongitudeDegrees>3.058989</LongitudeDegrees></Position><AltitudeMeters>39.1</AltitudeMeters><Extensions><TPX xmlns="http://www.garmin.com/xmlschemas/ActivityExtension/v2"><Speed>2.61</Speed></TPX></Extensions></Trackpoint><Trackpoint><Time>2026-03-31T17:00:21+00:00</Time><DistanceMeters>3384.9</DistanceMeters><Position><LatitudeDegrees>50.577982</LatitudeDegrees><LongitudeDegrees>3.05899</LongitudeDegrees></Position><AltitudeMeters>39.0</AltitudeMeters><Extensions><TPX xmlns="http://www.garmin.com/xmlschemas/ActivityExtension/v2"><Speed>2.67</Speed></TPX></Extensions></Trackpoint><Trackpoint><Time>2026-03-31T17:00:22+00:00</Time><DistanceMeters>3387.7</DistanceMeters><Position><LatitudeDegrees>50.57797</LatitudeDegrees><LongitudeDegrees>3.058989</LongitudeDegrees></Position><AltitudeMeters>39.0</AltitudeMeters><Extensions><TPX xmlns="http://www.garmin.com/xmlschemas/ActivityExtension/v2"><Speed>2.75</Speed></TPX></Extensions></Trackpoint><Trackpoint><Time>2026-03-31T17:00:23+00:00</Time><DistanceMeters>3390.5</DistanceMeters><Position><LatitudeDegrees>50.577932</LatitudeDegrees><LongitudeDegrees>3.058992</LongitudeDegrees></Position><AltitudeMeters>39.0</AltitudeMeters><Extensions><TPX xmlns="http://www.garmin.com/xmlschemas/ActivityExtension/v2"><Speed>2.82</Speed></TPX></Extensions></Trackpoint><Trackpoint><Time>2026-03-31T17:00:24+00:00</Time><DistanceMeters>3393.3</DistanceMeters><Position><LatitudeDegrees>50.577919</LatitudeDegrees><LongitudeDegrees>3.058994</LongitudeDegrees></Position><AltitudeMeters>39.0</AltitudeMeters><Extensions><TPX xmlns="http://www.garmin.com/xmlschemas/ActivityExtension/v2"><Speed>2.82</Speed></TPX></Extensions></Trackpoint><Trackpoint><Time>2026-03-31T17:00:25+00:00</Time><DistanceMeters>3396.1</DistanceMeters><Position><LatitudeDegrees>50.577884</LatitudeDegrees><LongitudeDegrees>3.058989</LongitudeDegrees></Position><AltitudeMeters>38.9</AltitudeMeters><Extensions><TPX xmlns="http://www.garmin.com/xmlschemas/ActivityExtension/v2"><Speed>2.81</Speed></TPX></Extensions></Trackpoint><Trackpoint><Time>2026-03-31T17:00:26+00:00</Time><DistanceMeters>3398.8</DistanceMeters><Position><LatitudeDegrees>50.57787</LatitudeDegrees><LongitudeDegrees>3.058989</LongitudeDegrees></Position><AltitudeMeters>38.9</AltitudeMeters><Extensions><TPX xmlns="http://www.garmin.com/xmlschemas/ActivityExtension/v2"><Speed>2.79</Speed></TPX></Extensions></Trackpoint><Trackpoint><Time>2026-03-31T17:00:27+00:00</Time><DistanceMeters>3401.5</DistanceMeters><Position><LatitudeDegrees>50.577836</LatitudeDegrees><LongitudeDegrees>3.058987</LongitudeDegrees></Position><AltitudeMeters>38.8</AltitudeMeters><Extensions><TPX xmlns="http://www.garmin.com/xmlschemas/ActivityExtension/v2"><Speed>2.75</Speed></TPX></Extensions></Trackpoint><Trackpoint><Time>2026-03-31T17:00:28+00:00</Time><DistanceMeters>3404.1</DistanceMeters><Position><LatitudeDegrees>50.577823</LatitudeDegrees><LongitudeDegrees>3.058987</LongitudeDegrees></Position><AltitudeMeters>38.7</AltitudeMeters><Extensions><TPX xmlns="http://www.garmin.com/xmlschemas/ActivityExtension/v2"><Speed>2.72</Speed></TPX></Extensions></Trackpoint><Trackpoint><Time>2026-03-31T17:00:29+00:00</Time><DistanceMeters>3406.6</DistanceMeters><Position><LatitudeDegrees>50.577789</LatitudeDegrees><LongitudeDegrees>3.058991</LongitudeDegrees></Position><AltitudeMeters>38.6</AltitudeMeters><Extensions><TPX xmlns="http://www.garmin.com/xmlschemas/ActivityExtension/v2"><Speed>2.65</Speed></TPX></Extensions></Trackpoint><Trackpoint><Time>2026-03-31T17:00:30+00:00</Time><DistanceMeters>3409.0</DistanceMeters><Position><LatitudeDegrees>50.577778</LatitudeDegrees><LongitudeDegrees>3.058992</LongitudeDegrees></Position><AltitudeMeters>38.6</AltitudeMeters><Extensions><TPX xmlns="http://www.garmin.com/xmlschemas/ActivityExtension/v2"><Speed>2.59</Speed></TPX></Extensions></Trackpoint><Trackpoint><Time>2026-03-31T17:00:31+00:00</Time><DistanceMeters>3411.2</DistanceMeters><Position><LatitudeDegrees>50.577751</LatitudeDegrees><LongitudeDegrees>3.058985</LongitudeDegrees></Position><AltitudeMeters>38.5</AltitudeMeters><Extensions><TPX xmlns="http://www.garmin.com/xmlschemas/ActivityExtension/v2"><Speed>2.47</Speed></TPX></Extensions></Trackpoint><Trackpoint><Time>2026-03-31T17:00:32+00:00</Time><DistanceMeters>3413.3</DistanceMeters><Position><LatitudeDegrees>50.577741</LatitudeDegrees><LongitudeDegrees>3.058981</LongitudeDegrees></Position><AltitudeMeters>38.5</AltitudeMeters><Extensions><TPX xmlns="http://www.garmin.com/xmlschemas/ActivityExtension/v2"><Speed>2.37</Speed></TPX></Extensions></Trackpoint><Trackpoint><Time>2026-03-31T17:00:33+00:00</Time><DistanceMeters>3415.9</DistanceMeters><Position><LatitudeDegrees>50.577707</LatitudeDegrees><LongitudeDegrees>3.058987</LongitudeDegrees></Position><AltitudeMeters>38.4</AltitudeMeters><Extensions><TPX xmlns="http://www.garmin.com/xmlschemas/ActivityExtension/v2"><Speed>2.35</Speed></TPX></Extensions></Trackpoint><Trackpoint><Time>2026-03-31T17:00:34+00:00</Time><DistanceMeters>3418.4</DistanceMeters><Position><LatitudeDegrees>50.577694</LatitudeDegrees><LongitudeDegrees>3.058987</LongitudeDegrees></Position><AltitudeMeters>38.3</AltitudeMeters><Extensions><TPX xmlns="http://www.garmin.com/xmlschemas/ActivityExtension/v2"><Speed>2.37</Speed></TPX></Extensions></Trackpoint><Trackpoint><Time>2026-03-31T17:00:35+00:00</Time><DistanceMeters>3421.4</DistanceMeters><Position><LatitudeDegrees>50.577656</LatitudeDegrees><LongitudeDegrees>3.058984</LongitudeDegrees></Position><AltitudeMeters>38.2</AltitudeMeters><Extensions><TPX xmlns="http://www.garmin.com/xmlschemas/ActivityExtension/v2"><Speed>2.48</Speed></TPX></Extensions></Trackpoint><Trackpoint><Time>2026-03-31T17:00:36+00:00</Time><DistanceMeters>3424.4</DistanceMeters><Position><LatitudeDegrees>50.577641</LatitudeDegrees><LongitudeDegrees>3.058981</LongitudeDegrees></Position><AltitudeMeters>38.1</AltitudeMeters><Extensions><TPX xmlns="http://www.garmin.com/xmlschemas/ActivityExtension/v2"><Speed>2.65</Speed></TPX></Extensions></Trackpoint><Trackpoint><Time>2026-03-31T17:00:37+00:00</Time><DistanceMeters>3426.9</DistanceMeters><Position><LatitudeDegrees>50.577606</LatitudeDegrees><LongitudeDegrees>3.05898</LongitudeDegrees></Position><AltitudeMeters>38.0</AltitudeMeters><Extensions><TPX xmlns="http://www.garmin.com/xmlschemas/ActivityExtension/v2"><Speed>2.72</Speed></TPX></Extensions></Trackpoint><Trackpoint><Time>2026-03-31T17:00:38+00:00</Time><DistanceMeters>3429.4</DistanceMeters><Position><LatitudeDegrees>50.577596</LatitudeDegrees><LongitudeDegrees>3.058979</LongitudeDegrees></Position><AltitudeMeters>37.9</AltitudeMeters><Extensions><TPX xmlns="http://www.garmin.com/xmlschemas/ActivityExtension/v2"><Speed>2.71</Speed></TPX></Extensions></Trackpoint><Trackpoint><Time>2026-03-31T17:00:39+00:00</Time><DistanceMeters>3432.0</DistanceMeters><Position><LatitudeDegrees>50.577563</LatitudeDegrees><LongitudeDegrees>3.058973</LongitudeDegrees></Position><AltitudeMeters>37.8</AltitudeMeters><Extensions><TPX xmlns="http://www.garmin.com/xmlschemas/ActivityExtension/v2"><Speed>2.71</Speed></TPX></Extensions></Trackpoint><Trackpoint><Time>2026-03-31T17:00:40+00:00</Time><DistanceMeters>3434.5</DistanceMeters><Position><LatitudeDegrees>50.57755</LatitudeDegrees><LongitudeDegrees>3.058975</LongitudeDegrees></Position><AltitudeMeters>37.8</AltitudeMeters><Extensions><TPX xmlns="http://www.garmin.com/xmlschemas/ActivityExtension/v2"><Speed>2.62</Speed></TPX></Extensions></Trackpoint><Trackpoint><Time>2026-03-31T17:00:41+00:00</Time><DistanceMeters>3437.8</DistanceMeters><Position><LatitudeDegrees>50.577521</LatitudeDegrees><LongitudeDegrees>3.058974</LongitudeDegrees></Position><AltitudeMeters>37.7</AltitudeMeters><Extensions><TPX xmlns="http://www.garmin.com/xmlschemas/ActivityExtension/v2"><Speed>2.68</Speed></TPX></Extensions></Trackpoint><Trackpoint><Time>2026-03-31T17:00:42+00:00</Time><DistanceMeters>3440.6</DistanceMeters><Position><LatitudeDegrees>50.577482</LatitudeDegrees><LongitudeDegrees>3.058975</LongitudeDegrees></Position><AltitudeMeters>37.5</AltitudeMeters><Extensions><TPX xmlns="http://www.garmin.com/xmlschemas/ActivityExtension/v2"><Speed>2.74</Speed></TPX></Extensions></Trackpoint><Trackpoint><Time>2026-03-31T17:00:43+00:00</Time><DistanceMeters>3443.4</DistanceMeters><Position><LatitudeDegrees>50.57747</LatitudeDegrees><LongitudeDegrees>3.058974</LongitudeDegrees></Position><AltitudeMeters>37.5</AltitudeMeters><Extensions><TPX xmlns="http://www.garmin.com/xmlschemas/ActivityExtension/v2"><Speed>2.8</Speed></TPX></Extensions></Trackpoint><Trackpoint><Time>2026-03-31T17:00:44+00:00</Time><DistanceMeters>3445.8</DistanceMeters><Position><LatitudeDegrees>50.577438</LatitudeDegrees><LongitudeDegrees>3.05897</LongitudeDegrees></Position><AltitudeMeters>37.3</AltitudeMeters><Extensions><TPX xmlns="http://www.garmin.com/xmlschemas/ActivityExtension/v2"><Speed>2.77</Speed></TPX></Extensions></Trackpoint><Trackpoint><Time>2026-03-31T17:00:45+00:00</Time><DistanceMeters>3448.2</DistanceMeters><Position><LatitudeDegrees>50.577428</LatitudeDegrees><LongitudeDegrees>3.05897</LongitudeDegrees></Position><AltitudeMeters>37.3</AltitudeMeters><Extensions><TPX xmlns="http://www.garmin.com/xmlschemas/ActivityExtension/v2"><Speed>2.74</Speed></TPX></Extensions></Trackpoint><Trackpoint><Time>2026-03-31T17:00:46+00:00</Time><DistanceMeters>3451.4</DistanceMeters><Position><LatitudeDegrees>50.577387</LatitudeDegrees><LongitudeDegrees>3.058963</LongitudeDegrees></Position><AltitudeMeters>37.1</AltitudeMeters><Extensions><TPX xmlns="http://www.garmin.com/xmlschemas/ActivityExtension/v2"><Speed>2.72</Speed></TPX></Extensions></Trackpoint><Trackpoint><Time>2026-03-31T17:00:47+00:00</Time><DistanceMeters>3454.6</DistanceMeters><Position><LatitudeDegrees>50.57737</LatitudeDegrees><LongitudeDegrees>3.058963</LongitudeDegrees></Position><AltitudeMeters>37.1</AltitudeMeters><Extensions><TPX xmlns="http://www.garmin.com/xmlschemas/ActivityExtension/v2"><Speed>2.8</Speed></TPX></Extensions></Trackpoint><Trackpoint><Time>2026-03-31T17:00:48+00:00</Time><DistanceMeters>3457.5</DistanceMeters><Position><LatitudeDegrees>50.577333</LatitudeDegrees><LongitudeDegrees>3.058963</LongitudeDegrees></Position><AltitudeMeters>36.9</AltitudeMeters><Extensions><TPX xmlns="http://www.garmin.com/xmlschemas/ActivityExtension/v2"><Speed>2.82</Speed></TPX></Extensions></Trackpoint><Trackpoint><Time>2026-03-31T17:00:49+00:00</Time><DistanceMeters>3460.4</DistanceMeters><Position><LatitudeDegrees>50.577318</LatitudeDegrees><LongitudeDegrees>3.058966</LongitudeDegrees></Position><AltitudeMeters>36.9</AltitudeMeters><Extensions><TPX xmlns="http://www.garmin.com/xmlschemas/ActivityExtension/v2"><Speed>2.92</Speed></TPX></Extensions></Trackpoint><Trackpoint><Time>2026-03-31T17:00:50+00:00</Time><DistanceMeters>3463.0</DistanceMeters><Position><LatitudeDegrees>50.577284</LatitudeDegrees><LongitudeDegrees>3.058957</LongitudeDegrees></Position><AltitudeMeters>36.8</AltitudeMeters><Extensions><TPX xmlns="http://www.garmin.com/xmlschemas/ActivityExtension/v2"><Speed>2.96</Speed></TPX></Extensions></Trackpoint><Trackpoint><Time>2026-03-31T17:00:51+00:00</Time><DistanceMeters>3465.6</DistanceMeters><Position><LatitudeDegrees>50.577271</LatitudeDegrees><LongitudeDegrees>3.058956</LongitudeDegrees></Position><AltitudeMeters>36.7</AltitudeMeters><Extensions><TPX xmlns="http://www.garmin.com/xmlschemas/ActivityExtension/v2"><Speed>2.84</Speed></TPX></Extensions></Trackpoint><Trackpoint><Time>2026-03-31T17:00:52+00:00</Time><DistanceMeters>3468.3</DistanceMeters><Position><LatitudeDegrees>50.577235</LatitudeDegrees><LongitudeDegrees>3.058962</LongitudeDegrees></Position><AltitudeMeters>36.6</AltitudeMeters><Extensions><TPX xmlns="http://www.garmin.com/xmlschemas/ActivityExtension/v2"><Speed>2.73</Speed></TPX></Extensions></Trackpoint><Trackpoint><Time>2026-03-31T17:00:53+00:00</Time><DistanceMeters>3470.9</DistanceMeters><Position><LatitudeDegrees>50.577224</LatitudeDegrees><LongitudeDegrees>3.058962</LongitudeDegrees></Position><AltitudeMeters>36.6</AltitudeMeters><Extensions><TPX xmlns="http://www.garmin.com/xmlschemas/ActivityExtension/v2"><Speed>2.68</Speed></TPX></Extensions></Trackpoint><Trackpoint><Time>2026-03-31T17:00:54+00:00</Time><DistanceMeters>3474.2</DistanceMeters><Position><LatitudeDegrees>50.577195</LatitudeDegrees><LongitudeDegrees>3.058966</LongitudeDegrees></Position><AltitudeMeters>36.5</AltitudeMeters><Extensions><TPX xmlns="http://www.garmin.com/xmlschemas/ActivityExtension/v2"><Speed>2.76</Speed></TPX></Extensions></Trackpoint><Trackpoint><Time>2026-03-31T17:00:55+00:00</Time><DistanceMeters>3477.3</DistanceMeters><Position><LatitudeDegrees>50.577167</LatitudeDegrees><LongitudeDegrees>3.058963</LongitudeDegrees></Position><AltitudeMeters>36.4</AltitudeMeters><Extensions><TPX xmlns="http://www.garmin.com/xmlschemas/ActivityExtension/v2"><Speed>2.86</Speed></TPX></Extensions></Trackpoint><Trackpoint><Time>2026-03-31T17:00:56+00:00</Time><DistanceMeters>3479.9</DistanceMeters><Position><LatitudeDegrees>50.577135</LatitudeDegrees><LongitudeDegrees>3.058963</LongitudeDegrees></Position><AltitudeMeters>36.3</AltitudeMeters><Extensions><TPX xmlns="http://www.garmin.com/xmlschemas/ActivityExtension/v2"><Speed>2.86</Speed></TPX></Extensions></Trackpoint><Trackpoint><Time>2026-03-31T17:00:57+00:00</Time><DistanceMeters>3482.5</DistanceMeters><Position><LatitudeDegrees>50.57712</LatitudeDegrees><LongitudeDegrees>3.058965</LongitudeDegrees></Position><AltitudeMeters>36.3</AltitudeMeters><Extensions><TPX xmlns="http://www.garmin.com/xmlschemas/ActivityExtension/v2"><Speed>2.85</Speed></TPX></Extensions></Trackpoint><Trackpoint><Time>2026-03-31T17:00:58+00:00</Time><DistanceMeters>3485.6</DistanceMeters><Position><LatitudeDegrees>50.577092</LatitudeDegrees><LongitudeDegrees>3.058964</LongitudeDegrees></Position><AltitudeMeters>36.2</AltitudeMeters><Extensions><TPX xmlns="http://www.garmin.com/xmlschemas/ActivityExtension/v2"><Speed>2.94</Speed></TPX></Extensions></Trackpoint><Trackpoint><Time>2026-03-31T17:00:59+00:00</Time><DistanceMeters>3488.7</DistanceMeters><Position><LatitudeDegrees>50.577052</LatitudeDegrees><LongitudeDegrees>3.058965</LongitudeDegrees></Position><AltitudeMeters>36.1</AltitudeMeters><Extensions><TPX xmlns="http://www.garmin.com/xmlschemas/ActivityExtension/v2"><Speed>2.9</Speed></TPX></Extensions></Trackpoint><Trackpoint><Time>2026-03-31T17:01:00+00:00</Time><DistanceMeters>3491.8</DistanceMeters><Position><LatitudeDegrees>50.577036</LatitudeDegrees><LongitudeDegrees>3.058963</LongitudeDegrees></Position><AltitudeMeters>36.0</AltitudeMeters><Extensions><TPX xmlns="http://www.garmin.com/xmlschemas/ActivityExtension/v2"><Speed>2.9</Speed></TPX></Extensions></Trackpoint><Trackpoint><Time>2026-03-31T17:01:01+00:00</Time><DistanceMeters>3494.4</DistanceMeters><Position><LatitudeDegrees>50.577002</LatitudeDegrees><LongitudeDegrees>3.058967</LongitudeDegrees></Position><AltitudeMeters>35.9</AltitudeMeters><Extensions><TPX xmlns="http://www.garmin.com/xmlschemas/ActivityExtension/v2"><Speed>2.9</Speed></TPX></Extensions></Trackpoint><Trackpoint><Time>2026-03-31T17:01:02+00:00</Time><DistanceMeters>3497.0</DistanceMeters><Position><LatitudeDegrees>50.57699</LatitudeDegrees><LongitudeDegrees>3.058966</LongitudeDegrees></Position><AltitudeMeters>35.9</AltitudeMeters><Extensions><TPX xmlns="http://www.garmin.com/xmlschemas/ActivityExtension/v2"><Speed>2.9</Speed></TPX></Extensions></Trackpoint><Trackpoint><Time>2026-03-31T17:01:03+00:00</Time><DistanceMeters>3499.2</DistanceMeters><Position><LatitudeDegrees>50.576966</LatitudeDegrees><LongitudeDegrees>3.058967</LongitudeDegrees></Position><AltitudeMeters>35.8</AltitudeMeters><Extensions><TPX xmlns="http://www.garmin.com/xmlschemas/ActivityExtension/v2"><Speed>2.71</Speed></TPX></Extensions></Trackpoint><Trackpoint><Time>2026-03-31T17:01:04+00:00</Time><DistanceMeters>3501.3</DistanceMeters><Position><LatitudeDegrees>50.576951</LatitudeDegrees><LongitudeDegrees>3.058968</LongitudeDegrees></Position><AltitudeMeters>35.8</AltitudeMeters><Extensions><TPX xmlns="http://www.garmin.com/xmlschemas/ActivityExtension/v2"><Speed>2.52</Speed></TPX></Extensions></Trackpoint><Trackpoint><Time>2026-03-31T17:01:05+00:00</Time><DistanceMeters>3503.8</DistanceMeters><Position><LatitudeDegrees>50.576918</LatitudeDegrees><LongitudeDegrees>3.058975</LongitudeDegrees></Position><AltitudeMeters>35.7</AltitudeMeters><Extensions><TPX xmlns="http://www.garmin.com/xmlschemas/ActivityExtension/v2"><Speed>2.4</Speed></TPX></Extensions></Trackpoint><Trackpoint><Time>2026-03-31T17:01:06+00:00</Time><DistanceMeters>3506.3</DistanceMeters><Position><LatitudeDegrees>50.576906</LatitudeDegrees><LongitudeDegrees>3.058975</LongitudeDegrees></Position><AltitudeMeters>35.7</AltitudeMeters><Extensions><TPX xmlns="http://www.garmin.com/xmlschemas/ActivityExtension/v2"><Speed>2.38</Speed></TPX></Extensions></Trackpoint><Trackpoint><Time>2026-03-31T17:01:07+00:00</Time><DistanceMeters>3510.0</DistanceMeters><Position><LatitudeDegrees>50.576873</LatitudeDegrees><LongitudeDegrees>3.058978</LongitudeDegrees></Position><AltitudeMeters>35.6</AltitudeMeters><Extensions><TPX xmlns="http://www.garmin.com/xmlschemas/ActivityExtension/v2"><Speed>2.6</Speed></TPX></Extensions></Trackpoint><Trackpoint><Time>2026-03-31T17:01:08+00:00</Time><DistanceMeters>3512.5</DistanceMeters><Position><LatitudeDegrees>50.576841</LatitudeDegrees><LongitudeDegrees>3.058985</LongitudeDegrees></Position><AltitudeMeters>35.5</AltitudeMeters><Extensions><TPX xmlns="http://www.garmin.com/xmlschemas/ActivityExtension/v2"><Speed>2.66</Speed></TPX></Extensions></Trackpoint><Trackpoint><Time>2026-03-31T17:01:09+00:00</Time><DistanceMeters>3514.9</DistanceMeters><Position><LatitudeDegrees>50.57683</LatitudeDegrees><LongitudeDegrees>3.058988</LongitudeDegrees></Position><AltitudeMeters>35.5</AltitudeMeters><Extensions><TPX xmlns="http://www.garmin.com/xmlschemas/ActivityExtension/v2"><Speed>2.72</Speed></TPX></Extensions></Trackpoint><Trackpoint><Time>2026-03-31T17:01:10+00:00</Time><DistanceMeters>3517.9</DistanceMeters><Position><LatitudeDegrees>50.576803</LatitudeDegrees><LongitudeDegrees>3.058982</LongitudeDegrees></Position><AltitudeMeters>35.4</AltitudeMeters><Extensions><TPX xmlns="http://www.garmin.com/xmlschemas/ActivityExtension/v2"><Speed>2.82</Speed></TPX></Extensions></Trackpoint><Trackpoint><Time>2026-03-31T17:01:11+00:00</Time><DistanceMeters>3520.4</DistanceMeters><Position><LatitudeDegrees>50.57677</LatitudeDegrees><LongitudeDegrees>3.058986</LongitudeDegrees></Position><AltitudeMeters>35.3</AltitudeMeters><Extensions><TPX xmlns="http://www.garmin.com/xmlschemas/ActivityExtension/v2"><Speed>2.81</Speed></TPX></Extensions></Trackpoint><Trackpoint><Time>2026-03-31T17:01:12+00:00</Time><DistanceMeters>3522.8</DistanceMeters><Position><LatitudeDegrees>50.576759</LatitudeDegrees><LongitudeDegrees>3.058986</LongitudeDegrees></Position><AltitudeMeters>35.3</AltitudeMeters><Extensions><TPX xmlns="http://www.garmin.com/xmlschemas/ActivityExtension/v2"><Speed>2.56</Speed></TPX></Extensions></Trackpoint><Trackpoint><Time>2026-03-31T17:01:13+00:00</Time><DistanceMeters>3525.7</DistanceMeters><Position><LatitudeDegrees>50.57672</LatitudeDegrees><LongitudeDegrees>3.058989</LongitudeDegrees></Position><AltitudeMeters>35.2</AltitudeMeters><Extensions><TPX xmlns="http://www.garmin.com/xmlschemas/ActivityExtension/v2"><Speed>2.65</Speed></TPX></Extensions></Trackpoint><Trackpoint><Time>2026-03-31T17:01:14+00:00</Time><DistanceMeters>3528.6</DistanceMeters><Position><LatitudeDegrees>50.576706</LatitudeDegrees><LongitudeDegrees>3.058985</LongitudeDegrees></Position><AltitudeMeters>35.2</AltitudeMeters><Extensions><TPX xmlns="http://www.garmin.com/xmlschemas/ActivityExtension/v2"><Speed>2.74</Speed></TPX></Extensions></Trackpoint><Trackpoint><Time>2026-03-31T17:01:15+00:00</Time><DistanceMeters>3531.1</DistanceMeters><Position><LatitudeDegrees>50.576675</LatitudeDegrees><LongitudeDegrees>3.058981</LongitudeDegrees></Position><AltitudeMeters>35.1</AltitudeMeters><Extensions><TPX xmlns="http://www.garmin.com/xmlschemas/ActivityExtension/v2"><Speed>2.64</Speed></TPX></Extensions></Trackpoint><Trackpoint><Time>2026-03-31T17:01:16+00:00</Time><DistanceMeters>3533.6</DistanceMeters><Position><LatitudeDegrees>50.576662</LatitudeDegrees><LongitudeDegrees>3.058983</LongitudeDegrees></Position><AltitudeMeters>35.0</AltitudeMeters><Extensions><TPX xmlns="http://www.garmin.com/xmlschemas/ActivityExtension/v2"><Speed>2.65</Speed></TPX></Extensions></Trackpoint><Trackpoint><Time>2026-03-31T17:01:17+00:00</Time><DistanceMeters>3537.0</DistanceMeters><Position><LatitudeDegrees>50.576633</LatitudeDegrees><LongitudeDegrees>3.058997</LongitudeDegrees></Position><AltitudeMeters>35.0</AltitudeMeters><Extensions><TPX xmlns="http://www.garmin.com/xmlschemas/ActivityExtension/v2"><Speed>2.84</Speed></TPX></Extensions></Trackpoint><Trackpoint><Time>2026-03-31T17:01:18+00:00</Time><DistanceMeters>3539.5</DistanceMeters><Position><LatitudeDegrees>50.5766</LatitudeDegrees><LongitudeDegrees>3.059001</LongitudeDegrees></Position><AltitudeMeters>34.9</AltitudeMeters><Extensions><TPX xmlns="http://www.garmin.com/xmlschemas/ActivityExtension/v2"><Speed>2.76</Speed></TPX></Extensions></Trackpoint><Trackpoint><Time>2026-03-31T17:01:19+00:00</Time><DistanceMeters>3542.0</DistanceMeters><Position><LatitudeDegrees>50.576588</LatitudeDegrees><LongitudeDegrees>3.058999</LongitudeDegrees></Position><AltitudeMeters>34.8</AltitudeMeters><Extensions><TPX xmlns="http://www.garmin.com/xmlschemas/ActivityExtension/v2"><Speed>2.68</Speed></TPX></Extensions></Trackpoint><Trackpoint><Time>2026-03-31T17:01:20+00:00</Time><DistanceMeters>3545.3</DistanceMeters><Position><LatitudeDegrees>50.576559</LatitudeDegrees><LongitudeDegrees>3.059009</LongitudeDegrees></Position><AltitudeMeters>34.8</AltitudeMeters><Extensions><TPX xmlns="http://www.garmin.com/xmlschemas/ActivityExtension/v2"><Speed>2.84</Speed></TPX></Extensions></Trackpoint><Trackpoint><Time>2026-03-31T17:01:21+00:00</Time><DistanceMeters>3548.7</DistanceMeters><Position><LatitudeDegrees>50.576528</LatitudeDegrees><LongitudeDegrees>3.059007</LongitudeDegrees></Position><AltitudeMeters>34.7</AltitudeMeters><Extensions><TPX xmlns="http://www.garmin.com/xmlschemas/ActivityExtension/v2"><Speed>3.02</Speed></TPX></Extensions></Trackpoint><Trackpoint><Time>2026-03-31T17:01:22+00:00</Time><DistanceMeters>3551.8</DistanceMeters><Position><LatitudeDegrees>50.5765</LatitudeDegrees><LongitudeDegrees>3.059015</LongitudeDegrees></Position><AltitudeMeters>34.6</AltitudeMeters><Extensions><TPX xmlns="http://www.garmin.com/xmlschemas/ActivityExtension/v2"><Speed>2.96</Speed></TPX></Extensions></Trackpoint><Trackpoint><Time>2026-03-31T17:01:23+00:00</Time><DistanceMeters>3554.3</DistanceMeters><Position><LatitudeDegrees>50.576468</LatitudeDegrees><LongitudeDegrees>3.059013</LongitudeDegrees></Position><AltitudeMeters>34.5</AltitudeMeters><Extensions><TPX xmlns="http://www.garmin.com/xmlschemas/ActivityExtension/v2"><Speed>2.95</Speed></TPX></Extensions></Trackpoint><Trackpoint><Time>2026-03-31T17:01:24+00:00</Time><DistanceMeters>3556.7</DistanceMeters><Position><LatitudeDegrees>50.576457</LatitudeDegrees><LongitudeDegrees>3.059015</LongitudeDegrees></Position><AltitudeMeters>34.5</AltitudeMeters><Extensions><TPX xmlns="http://www.garmin.com/xmlschemas/ActivityExtension/v2"><Speed>2.94</Speed></TPX></Extensions></Trackpoint><Trackpoint><Time>2026-03-31T17:01:25+00:00</Time><DistanceMeters>3559.9</DistanceMeters><Position><LatitudeDegrees>50.576414</LatitudeDegrees><LongitudeDegrees>3.059018</LongitudeDegrees></Position><AltitudeMeters>34.4</AltitudeMeters><Extensions><TPX xmlns="http://www.garmin.com/xmlschemas/ActivityExtension/v2"><Speed>2.92</Speed></TPX></Extensions></Trackpoint><Trackpoint><Time>2026-03-31T17:01:26+00:00</Time><DistanceMeters>3563.1</DistanceMeters><Position><LatitudeDegrees>50.576399</LatitudeDegrees><LongitudeDegrees>3.059018</LongitudeDegrees></Position><AltitudeMeters>34.3</AltitudeMeters><Extensions><TPX xmlns="http://www.garmin.com/xmlschemas/ActivityExtension/v2"><Speed>2.88</Speed></TPX></Extensions></Trackpoint><Trackpoint><Time>2026-03-31T17:01:27+00:00</Time><DistanceMeters>3565.7</DistanceMeters><Position><LatitudeDegrees>50.576365</LatitudeDegrees><LongitudeDegrees>3.059019</LongitudeDegrees></Position><AltitudeMeters>34.2</AltitudeMeters><Extensions><TPX xmlns="http://www.garmin.com/xmlschemas/ActivityExtension/v2"><Speed>2.77</Speed></TPX></Extensions></Trackpoint><Trackpoint><Time>2026-03-31T17:01:28+00:00</Time><DistanceMeters>3568.2</DistanceMeters><Position><LatitudeDegrees>50.576353</LatitudeDegrees><LongitudeDegrees>3.059023</LongitudeDegrees></Position><AltitudeMeters>34.2</AltitudeMeters><Extensions><TPX xmlns="http://www.garmin.com/xmlschemas/ActivityExtension/v2"><Speed>2.79</Speed></TPX></Extensions></Trackpoint><Trackpoint><Time>2026-03-31T17:01:29+00:00</Time><DistanceMeters>3571.7</DistanceMeters><Position><LatitudeDegrees>50.576322</LatitudeDegrees><LongitudeDegrees>3.059019</LongitudeDegrees></Position><AltitudeMeters>34.1</AltitudeMeters><Extensions><TPX xmlns="http://www.garmin.com/xmlschemas/ActivityExtension/v2"><Speed>3.0</Speed></TPX></Extensions></Trackpoint><Trackpoint><Time>2026-03-31T17:01:30+00:00</Time><DistanceMeters>3574.6</DistanceMeters><Position><LatitudeDegrees>50.576283</LatitudeDegrees><LongitudeDegrees>3.05902</LongitudeDegrees></Position><AltitudeMeters>34.0</AltitudeMeters><Extensions><TPX xmlns="http://www.garmin.com/xmlschemas/ActivityExtension/v2"><Speed>2.94</Speed></TPX></Extensions></Trackpoint><Trackpoint><Time>2026-03-31T17:01:31+00:00</Time><DistanceMeters>3577.5</DistanceMeters><Position><LatitudeDegrees>50.57627</LatitudeDegrees><LongitudeDegrees>3.05902</LongitudeDegrees></Position><AltitudeMeters>33.9</AltitudeMeters><Extensions><TPX xmlns="http://www.garmin.com/xmlschemas/ActivityExtension/v2"><Speed>2.88</Speed></TPX></Extensions></Trackpoint><Trackpoint><Time>2026-03-31T17:01:32+00:00</Time><DistanceMeters>3580.6</DistanceMeters><Position><LatitudeDegrees>50.576242</LatitudeDegrees><LongitudeDegrees>3.059023</LongitudeDegrees></Position><AltitudeMeters>33.8</AltitudeMeters><Extensions><TPX xmlns="http://www.garmin.com/xmlschemas/ActivityExtension/v2"><Speed>2.99</Speed></TPX></Extensions></Trackpoint><Trackpoint><Time>2026-03-31T17:01:33+00:00</Time><DistanceMeters>3583.7</DistanceMeters><Position><LatitudeDegrees>50.576214</LatitudeDegrees><LongitudeDegrees>3.059024</LongitudeDegrees></Position><AltitudeMeters>33.8</AltitudeMeters><Extensions><TPX xmlns="http://www.garmin.com/xmlschemas/ActivityExtension/v2"><Speed>3.1</Speed></TPX></Extensions></Trackpoint><Trackpoint><Time>2026-03-31T17:01:34+00:00</Time><DistanceMeters>3586.9</DistanceMeters><Position><LatitudeDegrees>50.576187</LatitudeDegrees><LongitudeDegrees>3.059037</LongitudeDegrees></Position><AltitudeMeters>33.7</AltitudeMeters><Extensions><TPX xmlns="http://www.garmin.com/xmlschemas/ActivityExtension/v2"><Speed>3.04</Speed></TPX></Extensions></Trackpoint><Trackpoint><Time>2026-03-31T17:01:35+00:00</Time><DistanceMeters>3589.6</DistanceMeters><Position><LatitudeDegrees>50.576171</LatitudeDegrees><LongitudeDegrees>3.059086</LongitudeDegrees></Position><AltitudeMeters>33.6</AltitudeMeters><Extensions><TPX xmlns="http://www.garmin.com/xmlschemas/ActivityExtension/v2"><Speed>2.99</Speed></TPX></Extensions></Trackpoint><Trackpoint><Time>2026-03-31T17:01:36+00:00</Time><DistanceMeters>3592.2</DistanceMeters><Position><LatitudeDegrees>50.576174</LatitudeDegrees><LongitudeDegrees>3.059109</LongitudeDegrees></Position><AltitudeMeters>33.6</AltitudeMeters><Extensions><TPX xmlns="http://www.garmin.com/xmlschemas/ActivityExtension/v2"><Speed>2.94</Speed></TPX></Extensions></Trackpoint><Trackpoint><Time>2026-03-31T17:01:37+00:00</Time><DistanceMeters>3595.5</DistanceMeters><Position><LatitudeDegrees>50.576189</LatitudeDegrees><LongitudeDegrees>3.059172</LongitudeDegrees></Position><AltitudeMeters>33.6</AltitudeMeters><Extensions><TPX xmlns="http://www.garmin.com/xmlschemas/ActivityExtension/v2"><Speed>2.98</Speed></TPX></Extensions></Trackpoint><Trackpoint><Time>2026-03-31T17:01:38+00:00</Time><DistanceMeters>3598.8</DistanceMeters><Position><LatitudeDegrees>50.576196</LatitudeDegrees><LongitudeDegrees>3.059195</LongitudeDegrees></Position><AltitudeMeters>33.6</AltitudeMeters><Extensions><TPX xmlns="http://www.garmin.com/xmlschemas/ActivityExtension/v2"><Speed>3.02</Speed></TPX></Extensions></Trackpoint><Trackpoint><Time>2026-03-31T17:01:39+00:00</Time><DistanceMeters>3601.7</DistanceMeters><Position><LatitudeDegrees>50.576208</LatitudeDegrees><LongitudeDegrees>3.059252</LongitudeDegrees></Position><AltitudeMeters>33.6</AltitudeMeters><Extensions><TPX xmlns="http://www.garmin.com/xmlschemas/ActivityExtension/v2"><Speed>2.96</Speed></TPX></Extensions></Trackpoint><Trackpoint><Time>2026-03-31T17:01:40+00:00</Time><DistanceMeters>3604.6</DistanceMeters><Position><LatitudeDegrees>50.576213</LatitudeDegrees><LongitudeDegrees>3.059272</LongitudeDegrees></Position><AltitudeMeters>33.6</AltitudeMeters><Extensions><TPX xmlns="http://www.garmin.com/xmlschemas/ActivityExtension/v2"><Speed>3.01</Speed></TPX></Extensions></Trackpoint><Trackpoint><Time>2026-03-31T17:01:41+00:00</Time><DistanceMeters>3607.7</DistanceMeters><Position><LatitudeDegrees>50.576223</LatitudeDegrees><LongitudeDegrees>3.059313</LongitudeDegrees></Position><AltitudeMeters>33.6</AltitudeMeters><Extensions><TPX xmlns="http://www.garmin.com/xmlschemas/ActivityExtension/v2"><Speed>3.1</Speed></TPX></Extensions></Trackpoint><Trackpoint><Time>2026-03-31T17:01:42+00:00</Time><DistanceMeters>3610.7</DistanceMeters><Position><LatitudeDegrees>50.576237</LatitudeDegrees><LongitudeDegrees>3.059349</LongitudeDegrees></Position><AltitudeMeters>33.6</AltitudeMeters><Extensions><TPX xmlns="http://www.garmin.com/xmlschemas/ActivityExtension/v2"><Speed>3.04</Speed></TPX></Extensions></Trackpoint><Trackpoint><Time>2026-03-31T17:01:43+00:00</Time><DistanceMeters>3614.0</DistanceMeters><Position><LatitudeDegrees>50.576256</LatitudeDegrees><LongitudeDegrees>3.059385</LongitudeDegrees></Position><AltitudeMeters>33.6</AltitudeMeters><Extensions><TPX xmlns="http://www.garmin.com/xmlschemas/ActivityExtension/v2"><Speed>3.04</Speed></TPX></Extensions></Trackpoint><Trackpoint><Time>2026-03-31T17:01:44+00:00</Time><DistanceMeters>3616.3</DistanceMeters><Position><LatitudeDegrees>50.576277</LatitudeDegrees><LongitudeDegrees>3.059419</LongitudeDegrees></Position><AltitudeMeters>33.6</AltitudeMeters><Extensions><TPX xmlns="http://www.garmin.com/xmlschemas/ActivityExtension/v2"><Speed>2.92</Speed></TPX></Extensions></Trackpoint><Trackpoint><Time>2026-03-31T17:01:45+00:00</Time><DistanceMeters>3618.6</DistanceMeters><Position><LatitudeDegrees>50.576283</LatitudeDegrees><LongitudeDegrees>3.059435</LongitudeDegrees></Position><AltitudeMeters>33.6</AltitudeMeters><Extensions><TPX xmlns="http://www.garmin.com/xmlschemas/ActivityExtension/v2"><Speed>2.8</Speed></TPX></Extensions></Trackpoint><Trackpoint><Time>2026-03-31T17:01:46+00:00</Time><DistanceMeters>3621.1</DistanceMeters><Position><LatitudeDegrees>50.576304</LatitudeDegrees><LongitudeDegrees>3.05948</LongitudeDegrees></Position><AltitudeMeters>33.7</AltitudeMeters><Extensions><TPX xmlns="http://www.garmin.com/xmlschemas/ActivityExtension/v2"><Speed>2.68</Speed></TPX></Extensions></Trackpoint><Trackpoint><Time>2026-03-31T17:01:47+00:00</Time><DistanceMeters>3623.6</DistanceMeters><Position><LatitudeDegrees>50.576307</LatitudeDegrees><LongitudeDegrees>3.059495</LongitudeDegrees></Position><AltitudeMeters>33.7</AltitudeMeters><Extensions><TPX xmlns="http://www.garmin.com/xmlschemas/ActivityExtension/v2"><Speed>2.58</Speed></TPX></Extensions></Trackpoint><Trackpoint><Time>2026-03-31T17:01:48+00:00</Time><DistanceMeters>3626.2</DistanceMeters><Position><LatitudeDegrees>50.576316</LatitudeDegrees><LongitudeDegrees>3.059544</LongitudeDegrees></Position><AltitudeMeters>33.7</AltitudeMeters><Extensions><TPX xmlns="http://www.garmin.com/xmlschemas/ActivityExtension/v2"><Speed>2.44</Speed></TPX></Extensions></Trackpoint><Trackpoint><Time>2026-03-31T17:01:49+00:00</Time><DistanceMeters>3628.8</DistanceMeters><Position><LatitudeDegrees>50.576319</LatitudeDegrees><LongitudeDegrees>3.059565</LongitudeDegrees></Position><AltitudeMeters>33.7</AltitudeMeters><Extensions><TPX xmlns="http://www.garmin.com/xmlschemas/ActivityExtension/v2"><Speed>2.5</Speed></TPX></Extensions></Trackpoint><Trackpoint><Time>2026-03-31T17:01:50+00:00</Time><DistanceMeters>3631.6</DistanceMeters><Position><LatitudeDegrees>50.576333</LatitudeDegrees><LongitudeDegrees>3.059622</LongitudeDegrees></Position><AltitudeMeters>33.8</AltitudeMeters><Extensions><TPX xmlns="http://www.garmin.com/xmlschemas/ActivityExtension/v2"><Speed>2.6</Speed></TPX></Extensions></Trackpoint><Trackpoint><Time>2026-03-31T17:01:51+00:00</Time><DistanceMeters>3634.4</DistanceMeters><Position><LatitudeDegrees>50.576336</LatitudeDegrees><LongitudeDegrees>3.05964</LongitudeDegrees></Position><AltitudeMeters>33.8</AltitudeMeters><Extensions><TPX xmlns="http://www.garmin.com/xmlschemas/ActivityExtension/v2"><Speed>2.66</Speed></TPX></Extensions></Trackpoint><Trackpoint><Time>2026-03-31T17:01:52+00:00</Time><DistanceMeters>3637.2</DistanceMeters><Position><LatitudeDegrees>50.576339</LatitudeDegrees><LongitudeDegrees>3.059699</LongitudeDegrees></Position><AltitudeMeters>33.9</AltitudeMeters><Extensions><TPX xmlns="http://www.garmin.com/xmlschemas/ActivityExtension/v2"><Speed>2.71</Speed></TPX></Extensions></Trackpoint><Trackpoint><Time>2026-03-31T17:01:53+00:00</Time><DistanceMeters>3639.9</DistanceMeters><Position><LatitudeDegrees>50.576339</LatitudeDegrees><LongitudeDegrees>3.059717</LongitudeDegrees></Position><AltitudeMeters>33.9</AltitudeMeters><Extensions><TPX xmlns="http://www.garmin.com/xmlschemas/ActivityExtension/v2"><Speed>2.74</Speed></TPX></Extensions></Trackpoint><Trackpoint><Time>2026-03-31T17:01:54+00:00</Time><DistanceMeters>3642.3</DistanceMeters><Position><LatitudeDegrees>50.576339</LatitudeDegrees><LongitudeDegrees>3.059768</LongitudeDegrees></Position><AltitudeMeters>33.9</AltitudeMeters><Extensions><TPX xmlns="http://www.garmin.com/xmlschemas/ActivityExtension/v2"><Speed>2.69</Speed></TPX></Extensions></Trackpoint><Trackpoint><Time>2026-03-31T17:01:55+00:00</Time><DistanceMeters>3644.6</DistanceMeters><Position><LatitudeDegrees>50.576339</LatitudeDegrees><LongitudeDegrees>3.059784</LongitudeDegrees></Position><AltitudeMeters>34.0</AltitudeMeters><Extensions><TPX xmlns="http://www.garmin.com/xmlschemas/ActivityExtension/v2"><Speed>2.6</Speed></TPX></Extensions></Trackpoint><Trackpoint><Time>2026-03-31T17:01:56+00:00</Time><DistanceMeters>3647.6</DistanceMeters><Position><LatitudeDegrees>50.576345</LatitudeDegrees><LongitudeDegrees>3.059846</LongitudeDegrees></Position><AltitudeMeters>34.0</AltitudeMeters><Extensions><TPX xmlns="http://www.garmin.com/xmlschemas/ActivityExtension/v2"><Speed>2.64</Speed></TPX></Extensions></Trackpoint><Trackpoint><Time>2026-03-31T17:01:57+00:00</Time><DistanceMeters>3650.6</DistanceMeters><Position><LatitudeDegrees>50.576346</LatitudeDegrees><LongitudeDegrees>3.059869</LongitudeDegrees></Position><AltitudeMeters>34.0</AltitudeMeters><Extensions><TPX xmlns="http://www.garmin.com/xmlschemas/ActivityExtension/v2"><Speed>2.69</Speed></TPX></Extensions></Trackpoint><Trackpoint><Time>2026-03-31T17:01:58+00:00</Time><DistanceMeters>3653.6</DistanceMeters><Position><LatitudeDegrees>50.57635</LatitudeDegrees><LongitudeDegrees>3.059928</LongitudeDegrees></Position><AltitudeMeters>34.1</AltitudeMeters><Extensions><TPX xmlns="http://www.garmin.com/xmlschemas/ActivityExtension/v2"><Speed>2.73</Speed></TPX></Extensions></Trackpoint><Trackpoint><Time>2026-03-31T17:01:59+00:00</Time><DistanceMeters>3656.5</DistanceMeters><Position><LatitudeDegrees>50.576352</LatitudeDegrees><LongitudeDegrees>3.05995</LongitudeDegrees></Position><AltitudeMeters>34.1</AltitudeMeters><Extensions><TPX xmlns="http://www.garmin.com/xmlschemas/ActivityExtension/v2"><Speed>2.85</Speed></TPX></Extensions></Trackpoint><Trackpoint><Time>2026-03-31T17:02:00+00:00</Time><DistanceMeters>3659.2</DistanceMeters><Position><LatitudeDegrees>50.576346</LatitudeDegrees><LongitudeDegrees>3.060008</LongitudeDegrees></Position><AltitudeMeters>34.1</AltitudeMeters><Extensions><TPX xmlns="http://www.garmin.com/xmlschemas/ActivityExtension/v2"><Speed>2.92</Speed></TPX></Extensions></Trackpoint><Trackpoint><Time>2026-03-31T17:02:01+00:00</Time><DistanceMeters>3661.9</DistanceMeters><Position><LatitudeDegrees>50.576345</LatitudeDegrees><LongitudeDegrees>3.060026</LongitudeDegrees></Position><AltitudeMeters>34.2</AltitudeMeters><Extensions><TPX xmlns="http://www.garmin.com/xmlschemas/ActivityExtension/v2"><Speed>2.86</Speed></TPX></Extensions></Trackpoint><Trackpoint><Time>2026-03-31T17:02:02+00:00</Time><DistanceMeters>3664.3</DistanceMeters><Position><LatitudeDegrees>50.576348</LatitudeDegrees><LongitudeDegrees>3.060076</LongitudeDegrees></Position><AltitudeMeters>34.2</AltitudeMeters><Extensions><TPX xmlns="http://www.garmin.com/xmlschemas/ActivityExtension/v2"><Speed>2.74</Speed></TPX></Extensions></Trackpoint><Trackpoint><Time>2026-03-31T17:02:03+00:00</Time><DistanceMeters>3666.7</DistanceMeters><Position><LatitudeDegrees>50.576348</LatitudeDegrees><LongitudeDegrees>3.060094</LongitudeDegrees></Position><AltitudeMeters>34.2</AltitudeMeters><Extensions><TPX xmlns="http://www.garmin.com/xmlschemas/ActivityExtension/v2"><Speed>2.63</Speed></TPX></Extensions></Trackpoint><Trackpoint><Time>2026-03-31T17:02:04+00:00</Time><DistanceMeters>3669.5</DistanceMeters><Position><LatitudeDegrees>50.576342</LatitudeDegrees><LongitudeDegrees>3.060153</LongitudeDegrees></Position><AltitudeMeters>34.2</AltitudeMeters><Extensions><TPX xmlns="http://www.garmin.com/xmlschemas/ActivityExtension/v2"><Speed>2.6</Speed></TPX></Extensions></Trackpoint><Trackpoint><Time>2026-03-31T17:02:05+00:00</Time><DistanceMeters>3672.3</DistanceMeters><Position><LatitudeDegrees>50.576339</LatitudeDegrees><LongitudeDegrees>3.060171</LongitudeDegrees></Position><AltitudeMeters>34.2</AltitudeMeters><Extensions><TPX xmlns="http://www.garmin.com/xmlschemas/ActivityExtension/v2"><Speed>2.62</Speed></TPX></Extensions></Trackpoint><Trackpoint><Time>2026-03-31T17:02:06+00:00</Time><DistanceMeters>3675.0</DistanceMeters><Position><LatitudeDegrees>50.576338</LatitudeDegrees><LongitudeDegrees>3.060228</LongitudeDegrees></Position><AltitudeMeters>34.2</AltitudeMeters><Extensions><TPX xmlns="http://www.garmin.com/xmlschemas/ActivityExtension/v2"><Speed>2.61</Speed></TPX></Extensions></Trackpoint><Trackpoint><Time>2026-03-31T17:02:07+00:00</Time><DistanceMeters>3677.6</DistanceMeters><Position><LatitudeDegrees>50.576336</LatitudeDegrees><LongitudeDegrees>3.060246</LongitudeDegrees></Position><AltitudeMeters>34.2</AltitudeMeters><Extensions><TPX xmlns="http://www.garmin.com/xmlschemas/ActivityExtension/v2"><Speed>2.66</Speed></TPX></Extensions></Trackpoint><Trackpoint><Time>2026-03-31T17:02:08+00:00</Time><DistanceMeters>3680.1</DistanceMeters><Position><LatitudeDegrees>50.576334</LatitudeDegrees><LongitudeDegrees>3.060301</LongitudeDegrees></Position><AltitudeMeters>34.3</AltitudeMeters><Extensions><TPX xmlns="http://www.garmin.com/xmlschemas/ActivityExtension/v2"><Speed>2.68</Speed></TPX></Extensions></Trackpoint><Trackpoint><Time>2026-03-31T17:02:09+00:00</Time><DistanceMeters>3682.6</DistanceMeters><Position><LatitudeDegrees>50.576333</LatitudeDegrees><LongitudeDegrees>3.060317</LongitudeDegrees></Position><AltitudeMeters>34.3</AltitudeMeters><Extensions><TPX xmlns="http://www.garmin.com/xmlschemas/ActivityExtension/v2"><Speed>2.62</Speed></TPX></Extensions></Trackpoint><Trackpoint><Time>2026-03-31T17:02:10+00:00</Time><DistanceMeters>3684.9</DistanceMeters><Position><LatitudeDegrees>50.576335</LatitudeDegrees><LongitudeDegrees>3.060366</LongitudeDegrees></Position><AltitudeMeters>34.3</AltitudeMeters><Extensions><TPX xmlns="http://www.garmin.com/xmlschemas/ActivityExtension/v2"><Speed>2.51</Speed></TPX></Extensions></Trackpoint><Trackpoint><Time>2026-03-31T17:02:11+00:00</Time><DistanceMeters>3687.1</DistanceMeters><Position><LatitudeDegrees>50.576336</LatitudeDegrees><LongitudeDegrees>3.060381</LongitudeDegrees></Position><AltitudeMeters>34.3</AltitudeMeters><Extensions><TPX xmlns="http://www.garmin.com/xmlschemas/ActivityExtension/v2"><Speed>2.43</Speed></TPX></Extensions></Trackpoint><Trackpoint><Time>2026-03-31T17:02:12+00:00</Time><DistanceMeters>3690.2</DistanceMeters><Position><LatitudeDegrees>50.576337</LatitudeDegrees><LongitudeDegrees>3.060443</LongitudeDegrees></Position><AltitudeMeters>34.3</AltitudeMeters><Extensions><TPX xmlns="http://www.garmin.com/xmlschemas/ActivityExtension/v2"><Speed>2.51</Speed></TPX></Extensions></Trackpoint><Trackpoint><Time>2026-03-31T17:02:13+00:00</Time><DistanceMeters>3693.2</DistanceMeters><Position><LatitudeDegrees>50.576336</LatitudeDegrees><LongitudeDegrees>3.060466</LongitudeDegrees></Position><AltitudeMeters>34.3</AltitudeMeters><Extensions><TPX xmlns="http://www.garmin.com/xmlschemas/ActivityExtension/v2"><Speed>2.62</Speed></TPX></Extensions></Trackpoint><Trackpoint><Time>2026-03-31T17:02:14+00:00</Time><DistanceMeters>3695.9</DistanceMeters><Position><LatitudeDegrees>50.576331</LatitudeDegrees><LongitudeDegrees>3.060523</LongitudeDegrees></Position><AltitudeMeters>34.3</AltitudeMeters><Extensions><TPX xmlns="http://www.garmin.com/xmlschemas/ActivityExtension/v2"><Speed>2.66</Speed></TPX></Extensions></Trackpoint><Trackpoint><Time>2026-03-31T17:02:15+00:00</Time><DistanceMeters>3698.6</DistanceMeters><Position><LatitudeDegrees>50.57633</LatitudeDegrees><LongitudeDegrees>3.060542</LongitudeDegrees></Position><AltitudeMeters>34.3</AltitudeMeters><Extensions><TPX xmlns="http://www.garmin.com/xmlschemas/ActivityExtension/v2"><Speed>2.75</Speed></TPX></Extensions></Trackpoint><Trackpoint><Time>2026-03-31T17:02:16+00:00</Time><DistanceMeters>3701.1</DistanceMeters><Position><LatitudeDegrees>50.576328</LatitudeDegrees><LongitudeDegrees>3.060592</LongitudeDegrees></Position><AltitudeMeters>34.3</AltitudeMeters><Extensions><TPX xmlns="http://www.garmin.com/xmlschemas/ActivityExtension/v2"><Speed>2.79</Speed></TPX></Extensions></Trackpoint><Trackpoint><Time>2026-03-31T17:02:17+00:00</Time><DistanceMeters>3703.5</DistanceMeters><Position><LatitudeDegrees>50.576328</LatitudeDegrees><LongitudeDegrees>3.060611</LongitudeDegrees></Position><AltitudeMeters>34.3</AltitudeMeters><Extensions><TPX xmlns="http://www.garmin.com/xmlschemas/ActivityExtension/v2"><Speed>2.67</Speed></TPX></Extensions></Trackpoint><Trackpoint><Time>2026-03-31T17:02:18+00:00</Time><DistanceMeters>3706.4</DistanceMeters><Position><LatitudeDegrees>50.576329</LatitudeDegrees><LongitudeDegrees>3.060672</LongitudeDegrees></Position><AltitudeMeters>34.3</AltitudeMeters><Extensions><TPX xmlns="http://www.garmin.com/xmlschemas/ActivityExtension/v2"><Speed>2.63</Speed></TPX></Extensions></Trackpoint><Trackpoint><Time>2026-03-31T17:02:19+00:00</Time><DistanceMeters>3709.2</DistanceMeters><Position><LatitudeDegrees>50.576327</LatitudeDegrees><LongitudeDegrees>3.060692</LongitudeDegrees></Position><AltitudeMeters>34.3</AltitudeMeters><Extensions><TPX xmlns="http://www.garmin.com/xmlschemas/ActivityExtension/v2"><Speed>2.66</Speed></TPX></Extensions></Trackpoint><Trackpoint><Time>2026-03-31T17:02:20+00:00</Time><DistanceMeters>3712.0</DistanceMeters><Position><LatitudeDegrees>50.576324</LatitudeDegrees><LongitudeDegrees>3.06075</LongitudeDegrees></Position><AltitudeMeters>34.3</AltitudeMeters><Extensions><TPX xmlns="http://www.garmin.com/xmlschemas/ActivityExtension/v2"><Speed>2.68</Speed></TPX></Extensions></Trackpoint><Trackpoint><Time>2026-03-31T17:02:21+00:00</Time><DistanceMeters>3714.8</DistanceMeters><Position><LatitudeDegrees>50.576323</LatitudeDegrees><LongitudeDegrees>3.06077</LongitudeDegrees></Position><AltitudeMeters>34.3</AltitudeMeters><Extensions><TPX xmlns="http://www.garmin.com/xmlschemas/ActivityExtension/v2"><Speed>2.75</Speed></TPX></Extensions></Trackpoint><Trackpoint><Time>2026-03-31T17:02:22+00:00</Time><DistanceMeters>3717.3</DistanceMeters><Position><LatitudeDegrees>50.576322</LatitudeDegrees><LongitudeDegrees>3.060821</LongitudeDegrees></Position><AltitudeMeters>34.4</AltitudeMeters><Extensions><TPX xmlns="http://www.garmin.com/xmlschemas/ActivityExtension/v2"><Speed>2.75</Speed></TPX></Extensions></Trackpoint><Trackpoint><Time>2026-03-31T17:02:23+00:00</Time><DistanceMeters>3719.7</DistanceMeters><Position><LatitudeDegrees>50.576321</LatitudeDegrees><LongitudeDegrees>3.06084</LongitudeDegrees></Position><AltitudeMeters>34.4</AltitudeMeters><Extensions><TPX xmlns="http://www.garmin.com/xmlschemas/ActivityExtension/v2"><Speed>2.67</Speed></TPX></Extensions></Trackpoint><Trackpoint><Time>2026-03-31T17:02:24+00:00</Time><DistanceMeters>3722.1</DistanceMeters><Position><LatitudeDegrees>50.57632</LatitudeDegrees><LongitudeDegrees>3.060889</LongitudeDegrees></Position><AltitudeMeters>34.4</AltitudeMeters><Extensions><TPX xmlns="http://www.garmin.com/xmlschemas/ActivityExtension/v2"><Speed>2.58</Speed></TPX></Extensions></Trackpoint><Trackpoint><Time>2026-03-31T17:02:25+00:00</Time><DistanceMeters>3724.5</DistanceMeters><Position><LatitudeDegrees>50.57632</LatitudeDegrees><LongitudeDegrees>3.060907</LongitudeDegrees></Position><AltitudeMeters>34.4</AltitudeMeters><Extensions><TPX xmlns="http://www.garmin.com/xmlschemas/ActivityExtension/v2"><Speed>2.5</Speed></TPX></Extensions></Trackpoint><Trackpoint><Time>2026-03-31T17:02:26+00:00</Time><DistanceMeters>3727.1</DistanceMeters><Position><LatitudeDegrees>50.576316</LatitudeDegrees><LongitudeDegrees>3.06096</LongitudeDegrees></Position><AltitudeMeters>34.3</AltitudeMeters><Extensions><TPX xmlns="http://www.garmin.com/xmlschemas/ActivityExtension/v2"><Speed>2.46</Speed></TPX></Extensions></Trackpoint><Trackpoint><Time>2026-03-31T17:02:27+00:00</Time><DistanceMeters>3729.7</DistanceMeters><Position><LatitudeDegrees>50.576316</LatitudeDegrees><LongitudeDegrees>3.06098</LongitudeDegrees></Position><AltitudeMeters>34.3</AltitudeMeters><Extensions><TPX xmlns="http://www.garmin.com/xmlschemas/ActivityExtension/v2"><Speed>2.49</Speed></TPX></Extensions></Trackpoint><Trackpoint><Time>2026-03-31T17:02:28+00:00</Time><DistanceMeters>3732.7</DistanceMeters><Position><LatitudeDegrees>50.576315</LatitudeDegrees><LongitudeDegrees>3.061042</LongitudeDegrees></Position><AltitudeMeters>34.3</AltitudeMeters><Extensions><TPX xmlns="http://www.garmin.com/xmlschemas/ActivityExtension/v2"><Speed>2.59</Speed></TPX></Extensions></Trackpoint><Trackpoint><Time>2026-03-31T17:02:29+00:00</Time><DistanceMeters>3735.6</DistanceMeters><Position><LatitudeDegrees>50.576315</LatitudeDegrees><LongitudeDegrees>3.061064</LongitudeDegrees></Position><AltitudeMeters>34.3</AltitudeMeters><Extensions><TPX xmlns="http://www.garmin.com/xmlschemas/ActivityExtension/v2"><Speed>2.7</Speed></TPX></Extensions></Trackpoint><Trackpoint><Time>2026-03-31T17:02:30+00:00</Time><DistanceMeters>3738.5</DistanceMeters><Position><LatitudeDegrees>50.576314</LatitudeDegrees><LongitudeDegrees>3.061124</LongitudeDegrees></Position><AltitudeMeters>34.3</AltitudeMeters><Extensions><TPX xmlns="http://www.garmin.com/xmlschemas/ActivityExtension/v2"><Speed>2.79</Speed></TPX></Extensions></Trackpoint><Trackpoint><Time>2026-03-31T17:02:31+00:00</Time><DistanceMeters>3741.3</DistanceMeters><Position><LatitudeDegrees>50.576315</LatitudeDegrees><LongitudeDegrees>3.061145</LongitudeDegrees></Position><AltitudeMeters>34.3</AltitudeMeters><Extensions><TPX xmlns="http://www.garmin.com/xmlschemas/ActivityExtension/v2"><Speed>2.84</Speed></TPX></Extensions></Trackpoint><Trackpoint><Time>2026-03-31T17:02:32+00:00</Time><DistanceMeters>3744.0</DistanceMeters><Position><LatitudeDegrees>50.576311</LatitudeDegrees><LongitudeDegrees>3.061197</LongitudeDegrees></Position><AltitudeMeters>34.3</AltitudeMeters><Extensions><TPX xmlns="http://www.garmin.com/xmlschemas/ActivityExtension/v2"><Speed>2.85</Speed></TPX></Extensions></Trackpoint><Trackpoint><Time>2026-03-31T17:02:33+00:00</Time><DistanceMeters>3746.6</DistanceMeters><Position><LatitudeDegrees>50.576311</LatitudeDegrees><LongitudeDegrees>3.061218</LongitudeDegrees></Position><AltitudeMeters>34.3</AltitudeMeters><Extensions><TPX xmlns="http://www.garmin.com/xmlschemas/ActivityExtension/v2"><Speed>2.79</Speed></TPX></Extensions></Trackpoint><Trackpoint><Time>2026-03-31T17:02:34+00:00</Time><DistanceMeters>3749.4</DistanceMeters><Position><LatitudeDegrees>50.576305</LatitudeDegrees><LongitudeDegrees>3.061276</LongitudeDegrees></Position><AltitudeMeters>34.3</AltitudeMeters><Extensions><TPX xmlns="http://www.garmin.com/xmlschemas/ActivityExtension/v2"><Speed>2.75</Speed></TPX></Extensions></Trackpoint><Trackpoint><Time>2026-03-31T17:02:35+00:00</Time><DistanceMeters>3752.1</DistanceMeters><Position><LatitudeDegrees>50.576304</LatitudeDegrees><LongitudeDegrees>3.061296</LongitudeDegrees></Position><AltitudeMeters>34.3</AltitudeMeters><Extensions><TPX xmlns="http://www.garmin.com/xmlschemas/ActivityExtension/v2"><Speed>2.73</Speed></TPX></Extensions></Trackpoint><Trackpoint><Time>2026-03-31T17:02:36+00:00</Time><DistanceMeters>3754.7</DistanceMeters><Position><LatitudeDegrees>50.576304</LatitudeDegrees><LongitudeDegrees>3.061348</LongitudeDegrees></Position><AltitudeMeters>34.3</AltitudeMeters><Extensions><TPX xmlns="http://www.garmin.com/xmlschemas/ActivityExtension/v2"><Speed>2.68</Speed></TPX></Extensions></Trackpoint><Trackpoint><Time>2026-03-31T17:02:37+00:00</Time><DistanceMeters>3757.3</DistanceMeters><Position><LatitudeDegrees>50.576304</LatitudeDegrees><LongitudeDegrees>3.061368</LongitudeDegrees></Position><AltitudeMeters>34.3</AltitudeMeters><Extensions><TPX xmlns="http://www.garmin.com/xmlschemas/ActivityExtension/v2"><Speed>2.67</Speed></TPX></Extensions></Trackpoint><Trackpoint><Time>2026-03-31T17:02:38+00:00</Time><DistanceMeters>3759.9</DistanceMeters><Position><LatitudeDegrees>50.576307</LatitudeDegrees><LongitudeDegrees>3.061424</LongitudeDegrees></Position><AltitudeMeters>34.3</AltitudeMeters><Extensions><TPX xmlns="http://www.garmin.com/xmlschemas/ActivityExtension/v2"><Speed>2.66</Speed></TPX></Extensions></Trackpoint><Trackpoint><Time>2026-03-31T17:02:39+00:00</Time><DistanceMeters>3762.5</DistanceMeters><Position><LatitudeDegrees>50.576308</LatitudeDegrees><LongitudeDegrees>3.061443</LongitudeDegrees></Position><AltitudeMeters>34.3</AltitudeMeters><Extensions><TPX xmlns="http://www.garmin.com/xmlschemas/ActivityExtension/v2"><Speed>2.63</Speed></TPX></Extensions></Trackpoint><Trackpoint><Time>2026-03-31T17:02:40+00:00</Time><DistanceMeters>3765.3</DistanceMeters><Position><LatitudeDegrees>50.576304</LatitudeDegrees><LongitudeDegrees>3.061501</LongitudeDegrees></Position><AltitudeMeters>34.3</AltitudeMeters><Extensions><TPX xmlns="http://www.garmin.com/xmlschemas/ActivityExtension/v2"><Speed>2.64</Speed></TPX></Extensions></Trackpoint><Trackpoint><Time>2026-03-31T17:02:41+00:00</Time><DistanceMeters>3768.1</DistanceMeters><Position><LatitudeDegrees>50.576303</LatitudeDegrees><LongitudeDegrees>3.061521</LongitudeDegrees></Position><AltitudeMeters>34.3</AltitudeMeters><Extensions><TPX xmlns="http://www.garmin.com/xmlschemas/ActivityExtension/v2"><Speed>2.68</Speed></TPX></Extensions></Trackpoint><Trackpoint><Time>2026-03-31T17:02:42+00:00</Time><DistanceMeters>3770.5</DistanceMeters><Position><LatitudeDegrees>50.576305</LatitudeDegrees><LongitudeDegrees>3.061574</LongitudeDegrees></Position><AltitudeMeters>34.2</AltitudeMeters><Extensions><TPX xmlns="http://www.garmin.com/xmlschemas/ActivityExtension/v2"><Speed>2.64</Speed></TPX></Extensions></Trackpoint><Trackpoint><Time>2026-03-31T17:02:43+00:00</Time><DistanceMeters>3772.9</DistanceMeters><Position><LatitudeDegrees>50.576305</LatitudeDegrees><LongitudeDegrees>3.061589</LongitudeDegrees></Position><AltitudeMeters>34.2</AltitudeMeters><Extensions><TPX xmlns="http://www.garmin.com/xmlschemas/ActivityExtension/v2"><Speed>2.6</Speed></TPX></Extensions></Trackpoint><Trackpoint><Time>2026-03-31T17:02:44+00:00</Time><DistanceMeters>3776.4</DistanceMeters><Position><LatitudeDegrees>50.576302</LatitudeDegrees><LongitudeDegrees>3.061637</LongitudeDegrees></Position><AltitudeMeters>34.2</AltitudeMeters><Extensions><TPX xmlns="http://www.garmin.com/xmlschemas/ActivityExtension/v2"><Speed>2.78</Speed></TPX></Extensions></Trackpoint><Trackpoint><Time>2026-03-31T17:02:45+00:00</Time><DistanceMeters>3779.4</DistanceMeters><Position><LatitudeDegrees>50.576304</LatitudeDegrees><LongitudeDegrees>3.061697</LongitudeDegrees></Position><AltitudeMeters>34.2</AltitudeMeters><Extensions><TPX xmlns="http://www.garmin.com/xmlschemas/ActivityExtension/v2"><Speed>2.81</Speed></TPX></Extensions></Trackpoint><Trackpoint><Time>2026-03-31T17:02:46+00:00</Time><DistanceMeters>3782.3</DistanceMeters><Position><LatitudeDegrees>50.576305</LatitudeDegrees><LongitudeDegrees>3.06172</LongitudeDegrees></Position><AltitudeMeters>34.2</AltitudeMeters><Extensions><TPX xmlns="http://www.garmin.com/xmlschemas/ActivityExtension/v2"><Speed>2.84</Speed></TPX></Extensions></Trackpoint><Trackpoint><Time>2026-03-31T17:02:47+00:00</Time><DistanceMeters>3784.7</DistanceMeters><Position><LatitudeDegrees>50.576305</LatitudeDegrees><LongitudeDegrees>3.061769</LongitudeDegrees></Position><AltitudeMeters>34.2</AltitudeMeters><Extensions><TPX xmlns="http://www.garmin.com/xmlschemas/ActivityExtension/v2"><Speed>2.84</Speed></TPX></Extensions></Trackpoint><Trackpoint><Time>2026-03-31T17:02:48+00:00</Time><DistanceMeters>3787.1</DistanceMeters><Position><LatitudeDegrees>50.576303</LatitudeDegrees><LongitudeDegrees>3.061788</LongitudeDegrees></Position><AltitudeMeters>34.2</AltitudeMeters><Extensions><TPX xmlns="http://www.garmin.com/xmlschemas/ActivityExtension/v2"><Speed>2.84</Speed></TPX></Extensions></Trackpoint><Trackpoint><Time>2026-03-31T17:02:49+00:00</Time><DistanceMeters>3789.9</DistanceMeters><Position><LatitudeDegrees>50.5763</LatitudeDegrees><LongitudeDegrees>3.061846</LongitudeDegrees></Position><AltitudeMeters>34.2</AltitudeMeters><Extensions><TPX xmlns="http://www.garmin.com/xmlschemas/ActivityExtension/v2"><Speed>2.69</Speed></TPX></Extensions></Trackpoint><Trackpoint><Time>2026-03-31T17:02:50+00:00</Time><DistanceMeters>3792.6</DistanceMeters><Position><LatitudeDegrees>50.5763</LatitudeDegrees><LongitudeDegrees>3.061866</LongitudeDegrees></Position><AltitudeMeters>34.2</AltitudeMeters><Extensions><TPX xmlns="http://www.garmin.com/xmlschemas/ActivityExtension/v2"><Speed>2.65</Speed></TPX></Extensions></Trackpoint><Trackpoint><Time>2026-03-31T17:02:51+00:00</Time><DistanceMeters>3795.8</DistanceMeters><Position><LatitudeDegrees>50.576296</LatitudeDegrees><LongitudeDegrees>3.061911</LongitudeDegrees></Position><AltitudeMeters>34.2</AltitudeMeters><Extensions><TPX xmlns="http://www.garmin.com/xmlschemas/ActivityExtension/v2"><Speed>2.7</Speed></TPX></Extensions></Trackpoint><Trackpoint><Time>2026-03-31T17:02:52+00:00</Time><DistanceMeters>3798.8</DistanceMeters><Position><LatitudeDegrees>50.576295</LatitudeDegrees><LongitudeDegrees>3.061974</LongitudeDegrees></Position><AltitudeMeters>34.1</AltitudeMeters><Extensions><TPX xmlns="http://www.garmin.com/xmlschemas/ActivityExtension/v2"><Speed>2.81</Speed></TPX></Extensions></Trackpoint><Trackpoint><Time>2026-03-31T17:02:53+00:00</Time><DistanceMeters>3801.7</DistanceMeters><Position><LatitudeDegrees>50.576294</LatitudeDegrees><LongitudeDegrees>3.061994</LongitudeDegrees></Position><AltitudeMeters>34.1</AltitudeMeters><Extensions><TPX xmlns="http://www.garmin.com/xmlschemas/ActivityExtension/v2"><Speed>2.92</Speed></TPX></Extensions></Trackpoint><Trackpoint><Time>2026-03-31T17:02:54+00:00</Time><DistanceMeters>3804.3</DistanceMeters><Position><LatitudeDegrees>50.576296</LatitudeDegrees><LongitudeDegrees>3.062049</LongitudeDegrees></Position><AltitudeMeters>34.1</AltitudeMeters><Extensions><TPX xmlns="http://www.garmin.com/xmlschemas/ActivityExtension/v2"><Speed>2.88</Speed></TPX></Extensions></Trackpoint><Trackpoint><Time>2026-03-31T17:02:55+00:00</Time><DistanceMeters>3806.8</DistanceMeters><Position><LatitudeDegrees>50.576297</LatitudeDegrees><LongitudeDegrees>3.062066</LongitudeDegrees></Position><AltitudeMeters>34.1</AltitudeMeters><Extensions><TPX xmlns="http://www.garmin.com/xmlschemas/ActivityExtension/v2"><Speed>2.84</Speed></TPX></Extensions></Trackpoint><Trackpoint><Time>2026-03-31T17:02:56+00:00</Time><DistanceMeters>3809.7</DistanceMeters><Position><LatitudeDegrees>50.5763</LatitudeDegrees><LongitudeDegrees>3.062128</LongitudeDegrees></Position><AltitudeMeters>34.1</AltitudeMeters><Extensions><TPX xmlns="http://www.garmin.com/xmlschemas/ActivityExtension/v2"><Speed>2.78</Speed></TPX></Extensions></Trackpoint><Trackpoint><Time>2026-03-31T17:02:57+00:00</Time><DistanceMeters>3812.6</DistanceMeters><Position><LatitudeDegrees>50.576299</LatitudeDegrees><LongitudeDegrees>3.062147</LongitudeDegrees></Position><AltitudeMeters>34.1</AltitudeMeters><Extensions><TPX xmlns="http://www.garmin.com/xmlschemas/ActivityExtension/v2"><Speed>2.77</Speed></TPX></Extensions></Trackpoint><Trackpoint><Time>2026-03-31T17:02:58+00:00</Time><DistanceMeters>3814.9</DistanceMeters><Position><LatitudeDegrees>50.576302</LatitudeDegrees><LongitudeDegrees>3.062195</LongitudeDegrees></Position><AltitudeMeters>34.1</AltitudeMeters><Extensions><TPX xmlns="http://www.garmin.com/xmlschemas/ActivityExtension/v2"><Speed>2.63</Speed></TPX></Extensions></Trackpoint><Trackpoint><Time>2026-03-31T17:02:59+00:00</Time><DistanceMeters>3817.1</DistanceMeters><Position><LatitudeDegrees>50.576302</LatitudeDegrees><LongitudeDegrees>3.062211</LongitudeDegrees></Position><AltitudeMeters>34.1</AltitudeMeters><Extensions><TPX xmlns="http://www.garmin.com/xmlschemas/ActivityExtension/v2"><Speed>2.57</Speed></TPX></Extensions></Trackpoint><Trackpoint><Time>2026-03-31T17:03:00+00:00</Time><DistanceMeters>3819.8</DistanceMeters><Position><LatitudeDegrees>50.576308</LatitudeDegrees><LongitudeDegrees>3.062266</LongitudeDegrees></Position><AltitudeMeters>34.1</AltitudeMeters><Extensions><TPX xmlns="http://www.garmin.com/xmlschemas/ActivityExtension/v2"><Speed>2.59</Speed></TPX></Extensions></Trackpoint><Trackpoint><Time>2026-03-31T17:03:01+00:00</Time><DistanceMeters>3822.4</DistanceMeters><Position><LatitudeDegrees>50.576309</LatitudeDegrees><LongitudeDegrees>3.062285</LongitudeDegrees></Position><AltitudeMeters>34.1</AltitudeMeters><Extensions><TPX xmlns="http://www.garmin.com/xmlschemas/ActivityExtension/v2"><Speed>2.54</Speed></TPX></Extensions></Trackpoint><Trackpoint><Time>2026-03-31T17:03:02+00:00</Time><DistanceMeters>3825.2</DistanceMeters><Position><LatitudeDegrees>50.576315</LatitudeDegrees><LongitudeDegrees>3.062341</LongitudeDegrees></Position><AltitudeMeters>34.2</AltitudeMeters><Extensions><TPX xmlns="http://www.garmin.com/xmlschemas/ActivityExtension/v2"><Speed>2.51</Speed></TPX></Extensions></Trackpoint><Trackpoint><Time>2026-03-31T17:03:03+00:00</Time><DistanceMeters>3827.9</DistanceMeters><Position><LatitudeDegrees>50.576315</LatitudeDegrees><LongitudeDegrees>3.062362</LongitudeDegrees></Position><AltitudeMeters>34.2</AltitudeMeters><Extensions><TPX xmlns="http://www.garmin.com/xmlschemas/ActivityExtension/v2"><Speed>2.61</Speed></TPX></Extensions></Trackpoint><Trackpoint><Time>2026-03-31T17:03:04+00:00</Time><DistanceMeters>3830.6</DistanceMeters><Position><LatitudeDegrees>50.576323</LatitudeDegrees><LongitudeDegrees>3.062416</LongitudeDegrees></Position><AltitudeMeters>34.2</AltitudeMeters><Extensions><TPX xmlns="http://www.garmin.com/xmlschemas/ActivityExtension/v2"><Speed>2.69</Speed></TPX></Extensions></Trackpoint><Trackpoint><Time>2026-03-31T17:03:05+00:00</Time><DistanceMeters>3833.2</DistanceMeters><Position><LatitudeDegrees>50.576324</LatitudeDegrees><LongitudeDegrees>3.062436</LongitudeDegrees></Position><AltitudeMeters>34.2</AltitudeMeters><Extensions><TPX xmlns="http://www.garmin.com/xmlschemas/ActivityExtension/v2"><Speed>2.69</Speed></TPX></Extensions></Trackpoint><Trackpoint><Time>2026-03-31T17:03:06+00:00</Time><DistanceMeters>3835.4</DistanceMeters><Position><LatitudeDegrees>50.576333</LatitudeDegrees><LongitudeDegrees>3.06248</LongitudeDegrees></Position><AltitudeMeters>34.2</AltitudeMeters><Extensions><TPX xmlns="http://www.garmin.com/xmlschemas/ActivityExtension/v2"><Speed>2.59</Speed></TPX></Extensions></Trackpoint><Trackpoint><Time>2026-03-31T17:03:07+00:00</Time><DistanceMeters>3837.5</DistanceMeters><Position><LatitudeDegrees>50.576333</LatitudeDegrees><LongitudeDegrees>3.062495</LongitudeDegrees></Position><AltitudeMeters>34.2</AltitudeMeters><Extensions><TPX xmlns="http://www.garmin.com/xmlschemas/ActivityExtension/v2"><Speed>2.47</Speed></TPX></Extensions></Trackpoint><Trackpoint><Time>2026-03-31T17:03:08+00:00</Time><DistanceMeters>3840.4</DistanceMeters><Position><LatitudeDegrees>50.576336</LatitudeDegrees><LongitudeDegrees>3.062556</LongitudeDegrees></Position><AltitudeMeters>34.3</AltitudeMeters><Extensions><TPX xmlns="http://www.garmin.com/xmlschemas/ActivityExtension/v2"><Speed>2.5</Speed></TPX></Extensions></Trackpoint><Trackpoint><Time>2026-03-31T17:03:09+00:00</Time><DistanceMeters>3843.3</DistanceMeters><Position><LatitudeDegrees>50.576335</LatitudeDegrees><LongitudeDegrees>3.062577</LongitudeDegrees></Position><AltitudeMeters>34.3</AltitudeMeters><Extensions><TPX xmlns="http://www.garmin.com/xmlschemas/ActivityExtension/v2"><Speed>2.55</Speed></TPX></Extensions></Trackpoint><Trackpoint><Time>2026-03-31T17:03:10+00:00</Time><DistanceMeters>3846.1</DistanceMeters><Position><LatitudeDegrees>50.57634</LatitudeDegrees><LongitudeDegrees>3.062635</LongitudeDegrees></Position><AltitudeMeters>34.3</AltitudeMeters><Extensions><TPX xmlns="http://www.garmin.com/xmlschemas/ActivityExtension/v2"><Speed>2.57</Speed></TPX></Extensions></Trackpoint><Trackpoint><Time>2026-03-31T17:03:11+00:00</Time><DistanceMeters>3848.8</DistanceMeters><Position><LatitudeDegrees>50.576342</LatitudeDegrees><LongitudeDegrees>3.062653</LongitudeDegrees></Position><AltitudeMeters>34.3</AltitudeMeters><Extensions><TPX xmlns="http://www.garmin.com/xmlschemas/ActivityExtension/v2"><Speed>2.69</Speed></TPX></Extensions></Trackpoint><Trackpoint><Time>2026-03-31T17:03:12+00:00</Time><DistanceMeters>3851.8</DistanceMeters><Position><LatitudeDegrees>50.576345</LatitudeDegrees><LongitudeDegrees>3.062715</LongitudeDegrees></Position><AltitudeMeters>34.3</AltitudeMeters><Extensions><TPX xmlns="http://www.garmin.com/xmlschemas/ActivityExtension/v2"><Speed>2.85</Speed></TPX></Extensions></Trackpoint><Trackpoint><Time>2026-03-31T17:03:13+00:00</Time><DistanceMeters>3854.7</DistanceMeters><Position><LatitudeDegrees>50.576346</LatitudeDegrees><LongitudeDegrees>3.062737</LongitudeDegrees></Position><AltitudeMeters>34.3</AltitudeMeters><Extensions><TPX xmlns="http://www.garmin.com/xmlschemas/ActivityExtension/v2"><Speed>2.86</Speed></TPX></Extensions></Trackpoint><Trackpoint><Time>2026-03-31T17:03:14+00:00</Time><DistanceMeters>3857.2</DistanceMeters><Position><LatitudeDegrees>50.576354</LatitudeDegrees><LongitudeDegrees>3.062788</LongitudeDegrees></Position><AltitudeMeters>34.3</AltitudeMeters><Extensions><TPX xmlns="http://www.garmin.com/xmlschemas/ActivityExtension/v2"><Speed>2.78</Speed></TPX></Extensions></Trackpoint><Trackpoint><Time>2026-03-31T17:03:15+00:00</Time><DistanceMeters>3859.7</DistanceMeters><Position><LatitudeDegrees>50.576355</LatitudeDegrees><LongitudeDegrees>3.062805</LongitudeDegrees></Position><AltitudeMeters>34.3</AltitudeMeters><Extensions><TPX xmlns="http://www.garmin.com/xmlschemas/ActivityExtension/v2"><Speed>2.73</Speed></TPX></Extensions></Trackpoint><Trackpoint><Time>2026-03-31T17:03:16+00:00</Time><DistanceMeters>3862.2</DistanceMeters><Position><LatitudeDegrees>50.576363</LatitudeDegrees><LongitudeDegrees>3.062859</LongitudeDegrees></Position><AltitudeMeters>34.4</AltitudeMeters><Extensions><TPX xmlns="http://www.garmin.com/xmlschemas/ActivityExtension/v2"><Speed>2.67</Speed></TPX></Extensions></Trackpoint><Trackpoint><Time>2026-03-31T17:03:17+00:00</Time><DistanceMeters>3864.6</DistanceMeters><Position><LatitudeDegrees>50.576365</LatitudeDegrees><LongitudeDegrees>3.062873</LongitudeDegrees></Position><AltitudeMeters>34.4</AltitudeMeters><Extensions><TPX xmlns="http://www.garmin.com/xmlschemas/ActivityExtension/v2"><Speed>2.57</Speed></TPX></Extensions></Trackpoint><Trackpoint><Time>2026-03-31T17:03:18+00:00</Time><DistanceMeters>3867.2</DistanceMeters><Position><LatitudeDegrees>50.576371</LatitudeDegrees><LongitudeDegrees>3.06293</LongitudeDegrees></Position><AltitudeMeters>34.4</AltitudeMeters><Extensions><TPX xmlns="http://www.garmin.com/xmlschemas/ActivityExtension/v2"><Speed>2.5</Speed></TPX></Extensions></Trackpoint><Trackpoint><Time>2026-03-31T17:03:19+00:00</Time><DistanceMeters>3869.8</DistanceMeters><Position><LatitudeDegrees>50.576373</LatitudeDegrees><LongitudeDegrees>3.062946</LongitudeDegrees></Position><AltitudeMeters>34.4</AltitudeMeters><Extensions><TPX xmlns="http://www.garmin.com/xmlschemas/ActivityExtension/v2"><Speed>2.52</Speed></TPX></Extensions></Trackpoint><Trackpoint><Time>2026-03-31T17:03:20+00:00</Time><DistanceMeters>3873.2</DistanceMeters><Position><LatitudeDegrees>50.576374</LatitudeDegrees><LongitudeDegrees>3.062993</LongitudeDegrees></Position><AltitudeMeters>34.4</AltitudeMeters><Extensions><TPX xmlns="http://www.garmin.com/xmlschemas/ActivityExtension/v2"><Speed>2.7</Speed></TPX></Extensions></Trackpoint><Trackpoint><Time>2026-03-31T17:03:21+00:00</Time><DistanceMeters>3876.0</DistanceMeters><Position><LatitudeDegrees>50.576384</LatitudeDegrees><LongitudeDegrees>3.063051</LongitudeDegrees></Position><AltitudeMeters>34.5</AltitudeMeters><Extensions><TPX xmlns="http://www.garmin.com/xmlschemas/ActivityExtension/v2"><Speed>2.77</Speed></TPX></Extensions></Trackpoint><Trackpoint><Time>2026-03-31T17:03:22+00:00</Time><DistanceMeters>3878.8</DistanceMeters><Position><LatitudeDegrees>50.576386</LatitudeDegrees><LongitudeDegrees>3.06307</LongitudeDegrees></Position><AltitudeMeters>34.5</AltitudeMeters><Extensions><TPX xmlns="http://www.garmin.com/xmlschemas/ActivityExtension/v2"><Speed>2.84</Speed></TPX></Extensions></Trackpoint><Trackpoint><Time>2026-03-31T17:03:23+00:00</Time><DistanceMeters>3881.6</DistanceMeters><Position><LatitudeDegrees>50.576394</LatitudeDegrees><LongitudeDegrees>3.063128</LongitudeDegrees></Position><AltitudeMeters>34.5</AltitudeMeters><Extensions><TPX xmlns="http://www.garmin.com/xmlschemas/ActivityExtension/v2"><Speed>2.88</Speed></TPX></Extensions></Trackpoint><Trackpoint><Time>2026-03-31T17:03:24+00:00</Time><DistanceMeters>3884.4</DistanceMeters><Position><LatitudeDegrees>50.576394</LatitudeDegrees><LongitudeDegrees>3.063147</LongitudeDegrees></Position><AltitudeMeters>34.5</AltitudeMeters><Extensions><TPX xmlns="http://www.garmin.com/xmlschemas/ActivityExtension/v2"><Speed>2.92</Speed></TPX></Extensions></Trackpoint><Trackpoint><Time>2026-03-31T17:03:25+00:00</Time><DistanceMeters>3887.1</DistanceMeters><Position><LatitudeDegrees>50.576403</LatitudeDegrees><LongitudeDegrees>3.063201</LongitudeDegrees></Position><AltitudeMeters>34.6</AltitudeMeters><Extensions><TPX xmlns="http://www.garmin.com/xmlschemas/ActivityExtension/v2"><Speed>2.77</Speed></TPX></Extensions></Trackpoint><Trackpoint><Time>2026-03-31T17:03:26+00:00</Time><DistanceMeters>3889.7</DistanceMeters><Position><LatitudeDegrees>50.576407</LatitudeDegrees><LongitudeDegrees>3.06322</LongitudeDegrees></Position><AltitudeMeters>34.6</AltitudeMeters><Extensions><TPX xmlns="http://www.garmin.com/xmlschemas/ActivityExtension/v2"><Speed>2.74</Speed></TPX></Extensions></Trackpoint><Trackpoint><Time>2026-03-31T17:03:27+00:00</Time><DistanceMeters>3892.9</DistanceMeters><Position><LatitudeDegrees>50.576418</LatitudeDegrees><LongitudeDegrees>3.063261</LongitudeDegrees></Position><AltitudeMeters>34.6</AltitudeMeters><Extensions><TPX xmlns="http://www.garmin.com/xmlschemas/ActivityExtension/v2"><Speed>2.82</Speed></TPX></Extensions></Trackpoint><Trackpoint><Time>2026-03-31T17:03:28+00:00</Time><DistanceMeters>3895.8</DistanceMeters><Position><LatitudeDegrees>50.576428</LatitudeDegrees><LongitudeDegrees>3.063319</LongitudeDegrees></Position><AltitudeMeters>34.7</AltitudeMeters><Extensions><TPX xmlns="http://www.garmin.com/xmlschemas/ActivityExtension/v2"><Speed>2.84</Speed></TPX></Extensions></Trackpoint><Trackpoint><Time>2026-03-31T17:03:29+00:00</Time><DistanceMeters>3898.7</DistanceMeters><Position><LatitudeDegrees>50.576432</LatitudeDegrees><LongitudeDegrees>3.063341</LongitudeDegrees></Position><AltitudeMeters>34.7</AltitudeMeters><Extensions><TPX xmlns="http://www.garmin.com/xmlschemas/ActivityExtension/v2"><Speed>2.86</Speed></TPX></Extensions></Trackpoint><Trackpoint><Time>2026-03-31T17:03:30+00:00</Time><DistanceMeters>3901.3</DistanceMeters><Position><LatitudeDegrees>50.576442</LatitudeDegrees><LongitudeDegrees>3.06339</LongitudeDegrees></Position><AltitudeMeters>34.7</AltitudeMeters><Extensions><TPX xmlns="http://www.garmin.com/xmlschemas/ActivityExtension/v2"><Speed>2.84</Speed></TPX></Extensions></Trackpoint><Trackpoint><Time>2026-03-31T17:03:31+00:00</Time><DistanceMeters>3903.8</DistanceMeters><Position><LatitudeDegrees>50.576446</LatitudeDegrees><LongitudeDegrees>3.063409</LongitudeDegrees></Position><AltitudeMeters>34.7</AltitudeMeters><Extensions><TPX xmlns="http://www.garmin.com/xmlschemas/ActivityExtension/v2"><Speed>2.82</Speed></TPX></Extensions></Trackpoint><Trackpoint><Time>2026-03-31T17:03:32+00:00</Time><DistanceMeters>3906.0</DistanceMeters><Position><LatitudeDegrees>50.576455</LatitudeDegrees><LongitudeDegrees>3.063453</LongitudeDegrees></Position><AltitudeMeters>34.8</AltitudeMeters><Extensions><TPX xmlns="http://www.garmin.com/xmlschemas/ActivityExtension/v2"><Speed>2.61</Speed></TPX></Extensions></Trackpoint><Trackpoint><Time>2026-03-31T17:03:33+00:00</Time><DistanceMeters>3908.1</DistanceMeters><Position><LatitudeDegrees>50.576456</LatitudeDegrees><LongitudeDegrees>3.063468</LongitudeDegrees></Position><AltitudeMeters>34.8</AltitudeMeters><Extensions><TPX xmlns="http://www.garmin.com/xmlschemas/ActivityExtension/v2"><Speed>2.46</Speed></TPX></Extensions></Trackpoint><Trackpoint><Time>2026-03-31T17:03:34+00:00</Time><DistanceMeters>3911.4</DistanceMeters><Position><LatitudeDegrees>50.576466</LatitudeDegrees><LongitudeDegrees>3.063511</LongitudeDegrees></Position><AltitudeMeters>34.8</AltitudeMeters><Extensions><TPX xmlns="http://www.garmin.com/xmlschemas/ActivityExtension/v2"><Speed>2.54</Speed></TPX></Extensions></Trackpoint><Trackpoint><Time>2026-03-31T17:03:35+00:00</Time><DistanceMeters>3913.8</DistanceMeters><Position><LatitudeDegrees>50.576474</LatitudeDegrees><LongitudeDegrees>3.063561</LongitudeDegrees></Position><AltitudeMeters>34.9</AltitudeMeters><Extensions><TPX xmlns="http://www.garmin.com/xmlschemas/ActivityExtension/v2"><Speed>2.5</Speed></TPX></Extensions></Trackpoint><Trackpoint><Time>2026-03-31T17:03:36+00:00</Time><DistanceMeters>3916.1</DistanceMeters><Position><LatitudeDegrees>50.576476</LatitudeDegrees><LongitudeDegrees>3.063576</LongitudeDegrees></Position><AltitudeMeters>34.9</AltitudeMeters><Extensions><TPX xmlns="http://www.garmin.com/xmlschemas/ActivityExtension/v2"><Speed>2.46</Speed></TPX></Extensions></Trackpoint><Trackpoint><Time>2026-03-31T17:03:37+00:00</Time><DistanceMeters>3918.5</DistanceMeters><Position><LatitudeDegrees>50.576488</LatitudeDegrees><LongitudeDegrees>3.063624</LongitudeDegrees></Position><AltitudeMeters>34.9</AltitudeMeters><Extensions><TPX xmlns="http://www.garmin.com/xmlschemas/ActivityExtension/v2"><Speed>2.51</Speed></TPX></Extensions></Trackpoint><Trackpoint><Time>2026-03-31T17:03:38+00:00</Time><DistanceMeters>3920.9</DistanceMeters><Position><LatitudeDegrees>50.576491</LatitudeDegrees><LongitudeDegrees>3.06364</LongitudeDegrees></Position><AltitudeMeters>35.0</AltitudeMeters><Extensions><TPX xmlns="http://www.garmin.com/xmlschemas/ActivityExtension/v2"><Speed>2.56</Speed></TPX></Extensions></Trackpoint><Trackpoint><Time>2026-03-31T17:03:39+00:00</Time><DistanceMeters>3923.7</DistanceMeters><Position><LatitudeDegrees>50.576499</LatitudeDegrees><LongitudeDegrees>3.063695</LongitudeDegrees></Position><AltitudeMeters>35.0</AltitudeMeters><Extensions><TPX xmlns="http://www.garmin.com/xmlschemas/ActivityExtension/v2"><Speed>2.45</Speed></TPX></Extensions></Trackpoint><Trackpoint><Time>2026-03-31T17:03:40+00:00</Time><DistanceMeters>3926.4</DistanceMeters><Position><LatitudeDegrees>50.576502</LatitudeDegrees><LongitudeDegrees>3.063715</LongitudeDegrees></Position><AltitudeMeters>35.0</AltitudeMeters><Extensions><TPX xmlns="http://www.garmin.com/xmlschemas/ActivityExtension/v2"><Speed>2.53</Speed></TPX></Extensions></Trackpoint><Trackpoint><Time>2026-03-31T17:03:41+00:00</Time><DistanceMeters>3928.9</DistanceMeters><Position><LatitudeDegrees>50.576514</LatitudeDegrees><LongitudeDegrees>3.063765</LongitudeDegrees></Position><AltitudeMeters>35.1</AltitudeMeters><Extensions><TPX xmlns="http://www.garmin.com/xmlschemas/ActivityExtension/v2"><Speed>2.56</Speed></TPX></Extensions></Trackpoint><Trackpoint><Time>2026-03-31T17:03:42+00:00</Time><DistanceMeters>3931.4</DistanceMeters><Position><LatitudeDegrees>50.576518</LatitudeDegrees><LongitudeDegrees>3.063781</LongitudeDegrees></Position><AltitudeMeters>35.1</AltitudeMeters><Extensions><TPX xmlns="http://www.garmin.com/xmlschemas/ActivityExtension/v2"><Speed>2.58</Speed></TPX></Extensions></Trackpoint><Trackpoint><Time>2026-03-31T17:03:43+00:00</Time><DistanceMeters>3934.0</DistanceMeters><Position><LatitudeDegrees>50.576531</LatitudeDegrees><LongitudeDegrees>3.063833</LongitudeDegrees></Position><AltitudeMeters>35.2</AltitudeMeters><Extensions><TPX xmlns="http://www.garmin.com/xmlschemas/ActivityExtension/v2"><Speed>2.62</Speed></TPX></Extensions></Trackpoint><Trackpoint><Time>2026-03-31T17:03:44+00:00</Time><DistanceMeters>3936.6</DistanceMeters><Position><LatitudeDegrees>50.576535</LatitudeDegrees><LongitudeDegrees>3.06385</LongitudeDegrees></Position><AltitudeMeters>35.2</AltitudeMeters><Extensions><TPX xmlns="http://www.garmin.com/xmlschemas/ActivityExtension/v2"><Speed>2.59</Speed></TPX></Extensions></Trackpoint><Trackpoint><Time>2026-03-31T17:03:45+00:00</Time><DistanceMeters>3939.4</DistanceMeters><Position><LatitudeDegrees>50.576543</LatitudeDegrees><LongitudeDegrees>3.063908</LongitudeDegrees></Position><AltitudeMeters>35.2</AltitudeMeters><Extensions><TPX xmlns="http://www.garmin.com/xmlschemas/ActivityExtension/v2"><Speed>2.59</Speed></TPX></Extensions></Trackpoint><Trackpoint><Time>2026-03-31T17:03:46+00:00</Time><DistanceMeters>3942.1</DistanceMeters><Position><LatitudeDegrees>50.576548</LatitudeDegrees><LongitudeDegrees>3.063925</LongitudeDegrees></Position><AltitudeMeters>35.2</AltitudeMeters><Extensions><TPX xmlns="http://www.garmin.com/xmlschemas/ActivityExtension/v2"><Speed>2.64</Speed></TPX></Extensions></Trackpoint><Trackpoint><Time>2026-03-31T17:03:47+00:00</Time><DistanceMeters>3944.8</DistanceMeters><Position><LatitudeDegrees>50.576564</LatitudeDegrees><LongitudeDegrees>3.063977</LongitudeDegrees></Position><AltitudeMeters>35.3</AltitudeMeters><Extensions><TPX xmlns="http://www.garmin.com/xmlschemas/ActivityExtension/v2"><Speed>2.67</Speed></TPX></Extensions></Trackpoint><Trackpoint><Time>2026-03-31T17:03:48+00:00</Time><DistanceMeters>3947.4</DistanceMeters><Position><LatitudeDegrees>50.57657</LatitudeDegrees><LongitudeDegrees>3.063991</LongitudeDegrees></Position><AltitudeMeters>35.3</AltitudeMeters><Extensions><TPX xmlns="http://www.garmin.com/xmlschemas/ActivityExtension/v2"><Speed>2.68</Speed></TPX></Extensions></Trackpoint><Trackpoint><Time>2026-03-31T17:03:49+00:00</Time><DistanceMeters>3950.0</DistanceMeters><Position><LatitudeDegrees>50.576581</LatitudeDegrees><LongitudeDegrees>3.064041</LongitudeDegrees></Position><AltitudeMeters>35.3</AltitudeMeters><Extensions><TPX xmlns="http://www.garmin.com/xmlschemas/ActivityExtension/v2"><Speed>2.67</Speed></TPX></Extensions></Trackpoint><Trackpoint><Time>2026-03-31T17:03:50+00:00</Time><DistanceMeters>3952.5</DistanceMeters><Position><LatitudeDegrees>50.576585</LatitudeDegrees><LongitudeDegrees>3.06406</LongitudeDegrees></Position><AltitudeMeters>35.3</AltitudeMeters><Extensions><TPX xmlns="http://www.garmin.com/xmlschemas/ActivityExtension/v2"><Speed>2.63</Speed></TPX></Extensions></Trackpoint><Trackpoint><Time>2026-03-31T17:03:51+00:00</Time><DistanceMeters>3955.1</DistanceMeters><Position><LatitudeDegrees>50.576599</LatitudeDegrees><LongitudeDegrees>3.064108</LongitudeDegrees></Position><AltitudeMeters>35.3</AltitudeMeters><Extensions><TPX xmlns="http://www.garmin.com/xmlschemas/ActivityExtension/v2"><Speed>2.6</Speed></TPX></Extensions></Trackpoint><Trackpoint><Time>2026-03-31T17:03:52+00:00</Time><DistanceMeters>3957.7</DistanceMeters><Position><LatitudeDegrees>50.576603</LatitudeDegrees><LongitudeDegrees>3.064127</LongitudeDegrees></Position><AltitudeMeters>35.4</AltitudeMeters><Extensions><TPX xmlns="http://www.garmin.com/xmlschemas/ActivityExtension/v2"><Speed>2.59</Speed></TPX></Extensions></Trackpoint><Trackpoint><Time>2026-03-31T17:03:53+00:00</Time><DistanceMeters>3960.2</DistanceMeters><Position><LatitudeDegrees>50.576615</LatitudeDegrees><LongitudeDegrees>3.064176</LongitudeDegrees></Position><AltitudeMeters>35.4</AltitudeMeters><Extensions><TPX xmlns="http://www.garmin.com/xmlschemas/ActivityExtension/v2"><Speed>2.55</Speed></TPX></Extensions></Trackpoint><Trackpoint><Time>2026-03-31T17:03:54+00:00</Time><DistanceMeters>3962.6</DistanceMeters><Position><LatitudeDegrees>50.576617</LatitudeDegrees><LongitudeDegrees>3.064193</LongitudeDegrees></Position><AltitudeMeters>35.4</AltitudeMeters><Extensions><TPX xmlns="http://www.garmin.com/xmlschemas/ActivityExtension/v2"><Speed>2.53</Speed></TPX></Extensions></Trackpoint><Trackpoint><Time>2026-03-31T17:03:55+00:00</Time><DistanceMeters>3965.1</DistanceMeters><Position><LatitudeDegrees>50.576628</LatitudeDegrees><LongitudeDegrees>3.064241</LongitudeDegrees></Position><AltitudeMeters>35.4</AltitudeMeters><Extensions><TPX xmlns="http://www.garmin.com/xmlschemas/ActivityExtension/v2"><Speed>2.51</Speed></TPX></Extensions></Trackpoint><Trackpoint><Time>2026-03-31T17:03:56+00:00</Time><DistanceMeters>3967.5</DistanceMeters><Position><LatitudeDegrees>50.576633</LatitudeDegrees><LongitudeDegrees>3.064257</LongitudeDegrees></Position><AltitudeMeters>35.4</AltitudeMeters><Extensions><TPX xmlns="http://www.garmin.com/xmlschemas/ActivityExtension/v2"><Speed>2.48</Speed></TPX></Extensions></Trackpoint><Trackpoint><Time>2026-03-31T17:03:57+00:00</Time><DistanceMeters>3970.2</DistanceMeters><Position><LatitudeDegrees>50.576647</LatitudeDegrees><LongitudeDegrees>3.06431</LongitudeDegrees></Position><AltitudeMeters>35.4</AltitudeMeters><Extensions><TPX xmlns="http://www.garmin.com/xmlschemas/ActivityExtension/v2"><Speed>2.5</Speed></TPX></Extensions></Trackpoint><Trackpoint><Time>2026-03-31T17:03:58+00:00</Time><DistanceMeters>3972.9</DistanceMeters><Position><LatitudeDegrees>50.57665</LatitudeDegrees><LongitudeDegrees>3.064328</LongitudeDegrees></Position><AltitudeMeters>35.4</AltitudeMeters><Extensions><TPX xmlns="http://www.garmin.com/xmlschemas/ActivityExtension/v2"><Speed>2.55</Speed></TPX></Extensions></Trackpoint><Trackpoint><Time>2026-03-31T17:03:59+00:00</Time><DistanceMeters>3975.6</DistanceMeters><Position><LatitudeDegrees>50.576659</LatitudeDegrees><LongitudeDegrees>3.064383</LongitudeDegrees></Position><AltitudeMeters>35.5</AltitudeMeters><Extensions><TPX xmlns="http://www.garmin.com/xmlschemas/ActivityExtension/v2"><Speed>2.6</Speed></TPX></Extensions></Trackpoint><Trackpoint><Time>2026-03-31T17:04:00+00:00</Time><DistanceMeters>3978.3</DistanceMeters><Position><LatitudeDegrees>50.576663</LatitudeDegrees><LongitudeDegrees>3.064401</LongitudeDegrees></Position><AltitudeMeters>35.5</AltitudeMeters><Extensions><TPX xmlns="http://www.garmin.com/xmlschemas/ActivityExtension/v2"><Speed>2.65</Speed></TPX></Extensions></Trackpoint><Trackpoint><Time>2026-03-31T17:04:01+00:00</Time><DistanceMeters>3980.5</DistanceMeters><Position><LatitudeDegrees>50.576676</LatitudeDegrees><LongitudeDegrees>3.064446</LongitudeDegrees></Position><AltitudeMeters>35.5</AltitudeMeters><Extensions><TPX xmlns="http://www.garmin.com/xmlschemas/ActivityExtension/v2"><Speed>2.6</Speed></TPX></Extensions></Trackpoint><Trackpoint><Time>2026-03-31T17:04:02+00:00</Time><DistanceMeters>3982.7</DistanceMeters><Position><LatitudeDegrees>50.57668</LatitudeDegrees><LongitudeDegrees>3.064459</LongitudeDegrees></Position><AltitudeMeters>35.5</AltitudeMeters><Extensions><TPX xmlns="http://www.garmin.com/xmlschemas/ActivityExtension/v2"><Speed>2.5</Speed></TPX></Extensions></Trackpoint><Trackpoint><Time>2026-03-31T17:04:03+00:00</Time><DistanceMeters>3985.4</DistanceMeters><Position><LatitudeDegrees>50.576697</LatitudeDegrees><LongitudeDegrees>3.064511</LongitudeDegrees></Position><AltitudeMeters>35.5</AltitudeMeters><Extensions><TPX xmlns="http://www.garmin.com/xmlschemas/ActivityExtension/v2"><Speed>2.5</Speed></TPX></Extensions></Trackpoint><Trackpoint><Time>2026-03-31T17:04:04+00:00</Time><DistanceMeters>3988.1</DistanceMeters><Position><LatitudeDegrees>50.576701</LatitudeDegrees><LongitudeDegrees>3.064526</LongitudeDegrees></Position><AltitudeMeters>35.5</AltitudeMeters><Extensions><TPX xmlns="http://www.garmin.com/xmlschemas/ActivityExtension/v2"><Speed>2.5</Speed></TPX></Extensions></Trackpoint><Trackpoint><Time>2026-03-31T17:04:05+00:00</Time><DistanceMeters>3991.0</DistanceMeters><Position><LatitudeDegrees>50.576712</LatitudeDegrees><LongitudeDegrees>3.064584</LongitudeDegrees></Position><AltitudeMeters>35.6</AltitudeMeters><Extensions><TPX xmlns="http://www.garmin.com/xmlschemas/ActivityExtension/v2"><Speed>2.53</Speed></TPX></Extensions></Trackpoint><Trackpoint><Time>2026-03-31T17:04:06+00:00</Time><DistanceMeters>3993.8</DistanceMeters><Position><LatitudeDegrees>50.576714</LatitudeDegrees><LongitudeDegrees>3.064604</LongitudeDegrees></Position><AltitudeMeters>35.6</AltitudeMeters><Extensions><TPX xmlns="http://www.garmin.com/xmlschemas/ActivityExtension/v2"><Speed>2.66</Speed></TPX></Extensions></Trackpoint><Trackpoint><Time>2026-03-31T17:04:07+00:00</Time><DistanceMeters>3996.2</DistanceMeters><Position><LatitudeDegrees>50.576728</LatitudeDegrees><LongitudeDegrees>3.06465</LongitudeDegrees></Position><AltitudeMeters>35.6</AltitudeMeters><Extensions><TPX xmlns="http://www.garmin.com/xmlschemas/ActivityExtension/v2"><Speed>2.69</Speed></TPX></Extensions></Trackpoint><Trackpoint><Time>2026-03-31T17:04:08+00:00</Time><DistanceMeters>3998.5</DistanceMeters><Position><LatitudeDegrees>50.576731</LatitudeDegrees><LongitudeDegrees>3.064665</LongitudeDegrees></Position><AltitudeMeters>35.6</AltitudeMeters><Extensions><TPX xmlns="http://www.garmin.com/xmlschemas/ActivityExtension/v2"><Speed>2.62</Speed></TPX></Extensions></Trackpoint><Trackpoint><Time>2026-03-31T17:04:09+00:00</Time><DistanceMeters>4001.2</DistanceMeters><Position><LatitudeDegrees>50.576741</LatitudeDegrees><LongitudeDegrees>3.064719</LongitudeDegrees></Position><AltitudeMeters>35.7</AltitudeMeters><Extensions><TPX xmlns="http://www.garmin.com/xmlschemas/ActivityExtension/v2"><Speed>2.61</Speed></TPX></Extensions></Trackpoint><Trackpoint><Time>2026-03-31T17:04:10+00:00</Time><DistanceMeters>4003.8</DistanceMeters><Position><LatitudeDegrees>50.576745</LatitudeDegrees><LongitudeDegrees>3.064737</LongitudeDegrees></Position><AltitudeMeters>35.7</AltitudeMeters><Extensions><TPX xmlns="http://www.garmin.com/xmlschemas/ActivityExtension/v2"><Speed>2.57</Speed></TPX></Extensions></Trackpoint><Trackpoint><Time>2026-03-31T17:04:11+00:00</Time><DistanceMeters>4006.7</DistanceMeters><Position><LatitudeDegrees>50.576756</LatitudeDegrees><LongitudeDegrees>3.064796</LongitudeDegrees></Position><AltitudeMeters>35.7</AltitudeMeters><Extensions><TPX xmlns="http://www.garmin.com/xmlschemas/ActivityExtension/v2"><Speed>2.58</Speed></TPX></Extensions></Trackpoint><Trackpoint><Time>2026-03-31T17:04:12+00:00</Time><DistanceMeters>4009.6</DistanceMeters><Position><LatitudeDegrees>50.576761</LatitudeDegrees><LongitudeDegrees>3.064814</LongitudeDegrees></Position><AltitudeMeters>35.7</AltitudeMeters><Extensions><TPX xmlns="http://www.garmin.com/xmlschemas/ActivityExtension/v2"><Speed>2.69</Speed></TPX></Extensions></Trackpoint><Trackpoint><Time>2026-03-31T17:04:13+00:00</Time><DistanceMeters>4012.3</DistanceMeters><Position><LatitudeDegrees>50.576776</LatitudeDegrees><LongitudeDegrees>3.064866</LongitudeDegrees></Position><AltitudeMeters>35.8</AltitudeMeters><Extensions><TPX xmlns="http://www.garmin.com/xmlschemas/ActivityExtension/v2"><Speed>2.75</Speed></TPX></Extensions></Trackpoint><Trackpoint><Time>2026-03-31T17:04:14+00:00</Time><DistanceMeters>4014.9</DistanceMeters><Position><LatitudeDegrees>50.576782</LatitudeDegrees><LongitudeDegrees>3.064881</LongitudeDegrees></Position><AltitudeMeters>35.8</AltitudeMeters><Extensions><TPX xmlns="http://www.garmin.com/xmlschemas/ActivityExtension/v2"><Speed>2.75</Speed></TPX></Extensions></Trackpoint><Trackpoint><Time>2026-03-31T17:04:15+00:00</Time><DistanceMeters>4017.6</DistanceMeters><Position><LatitudeDegrees>50.576786</LatitudeDegrees><LongitudeDegrees>3.064937</LongitudeDegrees></Position><AltitudeMeters>35.8</AltitudeMeters><Extensions><TPX xmlns="http://www.garmin.com/xmlschemas/ActivityExtension/v2"><Speed>2.76</Speed></TPX></Extensions></Trackpoint><Trackpoint><Time>2026-03-31T17:04:16+00:00</Time><DistanceMeters>4020.3</DistanceMeters><Position><LatitudeDegrees>50.576788</LatitudeDegrees><LongitudeDegrees>3.064957</LongitudeDegrees></Position><AltitudeMeters>35.9</AltitudeMeters><Extensions><TPX xmlns="http://www.garmin.com/xmlschemas/ActivityExtension/v2"><Speed>2.72</Speed></TPX></Extensions></Trackpoint><Trackpoint><Time>2026-03-31T17:04:17+00:00</Time><DistanceMeters>4023.3</DistanceMeters><Position><LatitudeDegrees>50.576798</LatitudeDegrees><LongitudeDegrees>3.065017</LongitudeDegrees></Position><AltitudeMeters>35.9</AltitudeMeters><Extensions><TPX xmlns="http://www.garmin.com/xmlschemas/ActivityExtension/v2"><Speed>2.73</Speed></TPX></Extensions></Trackpoint><Trackpoint><Time>2026-03-31T17:04:18+00:00</Time><DistanceMeters>4026.2</DistanceMeters><Position><LatitudeDegrees>50.576802</LatitudeDegrees><LongitudeDegrees>3.065037</LongitudeDegrees></Position><AltitudeMeters>35.9</AltitudeMeters><Extensions><TPX xmlns="http://www.garmin.com/xmlschemas/ActivityExtension/v2"><Speed>2.79</Speed></TPX></Extensions></Trackpoint><Trackpoint><Time>2026-03-31T17:04:19+00:00</Time><DistanceMeters>4029.1</DistanceMeters><Position><LatitudeDegrees>50.576811</LatitudeDegrees><LongitudeDegrees>3.065096</LongitudeDegrees></Position><AltitudeMeters>36.0</AltitudeMeters><Extensions><TPX xmlns="http://www.garmin.com/xmlschemas/ActivityExtension/v2"><Speed>2.84</Speed></TPX></Extensions></Trackpoint><Trackpoint><Time>2026-03-31T17:04:20+00:00</Time><DistanceMeters>4032.0</DistanceMeters><Position><LatitudeDegrees>50.576815</LatitudeDegrees><LongitudeDegrees>3.065117</LongitudeDegrees></Position><AltitudeMeters>36.0</AltitudeMeters><Extensions><TPX xmlns="http://www.garmin.com/xmlschemas/ActivityExtension/v2"><Speed>2.88</Speed></TPX></Extensions></Trackpoint><Trackpoint><Time>2026-03-31T17:04:21+00:00</Time><DistanceMeters>4034.4</DistanceMeters><Position><LatitudeDegrees>50.576824</LatitudeDegrees><LongitudeDegrees>3.065167</LongitudeDegrees></Position><AltitudeMeters>36.0</AltitudeMeters><Extensions><TPX xmlns="http://www.garmin.com/xmlschemas/ActivityExtension/v2"><Speed>2.82</Speed></TPX></Extensions></Trackpoint><Trackpoint><Time>2026-03-31T17:04:22+00:00</Time><DistanceMeters>4036.8</DistanceMeters><Position><LatitudeDegrees>50.576827</LatitudeDegrees><LongitudeDegrees>3.065182</LongitudeDegrees></Position><AltitudeMeters>36.0</AltitudeMeters><Extensions><TPX xmlns="http://www.garmin.com/xmlschemas/ActivityExtension/v2"><Speed>2.71</Speed></TPX></Extensions></Trackpoint><Trackpoint><Time>2026-03-31T17:04:23+00:00</Time><DistanceMeters>4039.6</DistanceMeters><Position><LatitudeDegrees>50.576838</LatitudeDegrees><LongitudeDegrees>3.06524</LongitudeDegrees></Position><AltitudeMeters>36.1</AltitudeMeters><Extensions><TPX xmlns="http://www.garmin.com/xmlschemas/ActivityExtension/v2"><Speed>2.68</Speed></TPX></Extensions></Trackpoint><Trackpoint><Time>2026-03-31T17:04:24+00:00</Time><DistanceMeters>4042.4</DistanceMeters><Position><LatitudeDegrees>50.576839</LatitudeDegrees><LongitudeDegrees>3.065259</LongitudeDegrees></Position><AltitudeMeters>36.1</AltitudeMeters><Extensions><TPX xmlns="http://www.garmin.com/xmlschemas/ActivityExtension/v2"><Speed>2.66</Speed></TPX></Extensions></Trackpoint><Trackpoint><Time>2026-03-31T17:04:25+00:00</Time><DistanceMeters>4044.8</DistanceMeters><Position><LatitudeDegrees>50.57685</LatitudeDegrees><LongitudeDegrees>3.065307</LongitudeDegrees></Position><AltitudeMeters>36.1</AltitudeMeters><Extensions><TPX xmlns="http://www.garmin.com/xmlschemas/ActivityExtension/v2"><Speed>2.56</Speed></TPX></Extensions></Trackpoint><Trackpoint><Time>2026-03-31T17:04:26+00:00</Time><DistanceMeters>4047.2</DistanceMeters><Position><LatitudeDegrees>50.576853</LatitudeDegrees><LongitudeDegrees>3.065323</LongitudeDegrees></Position><AltitudeMeters>36.1</AltitudeMeters><Extensions><TPX xmlns="http://www.garmin.com/xmlschemas/ActivityExtension/v2"><Speed>2.56</Speed></TPX></Extensions></Trackpoint><Trackpoint><Time>2026-03-31T17:04:27+00:00</Time><DistanceMeters>4050.3</DistanceMeters><Position><LatitudeDegrees>50.576863</LatitudeDegrees><LongitudeDegrees>3.065365</LongitudeDegrees></Position><AltitudeMeters>36.2</AltitudeMeters><Extensions><TPX xmlns="http://www.garmin.com/xmlschemas/ActivityExtension/v2"><Speed>2.7</Speed></TPX></Extensions></Trackpoint><Trackpoint><Time>2026-03-31T17:04:28+00:00</Time><DistanceMeters>4052.8</DistanceMeters><Position><LatitudeDegrees>50.576868</LatitudeDegrees><LongitudeDegrees>3.065417</LongitudeDegrees></Position><AltitudeMeters>36.2</AltitudeMeters><Extensions><TPX xmlns="http://www.garmin.com/xmlschemas/ActivityExtension/v2"><Speed>2.64</Speed></TPX></Extensions></Trackpoint><Trackpoint><Time>2026-03-31T17:04:29+00:00</Time><DistanceMeters>4055.3</DistanceMeters><Position><LatitudeDegrees>50.57687</LatitudeDegrees><LongitudeDegrees>3.065433</LongitudeDegrees></Position><AltitudeMeters>36.2</AltitudeMeters><Extensions><TPX xmlns="http://www.garmin.com/xmlschemas/ActivityExtension/v2"><Speed>2.58</Speed></TPX></Extensions></Trackpoint><Trackpoint><Time>2026-03-31T17:04:30+00:00</Time><DistanceMeters>4057.5</DistanceMeters><Position><LatitudeDegrees>50.57688</LatitudeDegrees><LongitudeDegrees>3.065477</LongitudeDegrees></Position><AltitudeMeters>36.3</AltitudeMeters><Extensions><TPX xmlns="http://www.garmin.com/xmlschemas/ActivityExtension/v2"><Speed>2.53</Speed></TPX></Extensions></Trackpoint><Trackpoint><Time>2026-03-31T17:04:31+00:00</Time><DistanceMeters>4059.6</DistanceMeters><Position><LatitudeDegrees>50.576882</LatitudeDegrees><LongitudeDegrees>3.065492</LongitudeDegrees></Position><AltitudeMeters>36.3</AltitudeMeters><Extensions><TPX xmlns="http://www.garmin.com/xmlschemas/ActivityExtension/v2"><Speed>2.48</Speed></TPX></Extensions></Trackpoint><Trackpoint><Time>2026-03-31T17:04:32+00:00</Time><DistanceMeters>4062.0</DistanceMeters><Position><LatitudeDegrees>50.57689</LatitudeDegrees><LongitudeDegrees>3.065542</LongitudeDegrees></Position><AltitudeMeters>36.3</AltitudeMeters><Extensions><TPX xmlns="http://www.garmin.com/xmlschemas/ActivityExtension/v2"><Speed>2.34</Speed></TPX></Extensions></Trackpoint><Trackpoint><Time>2026-03-31T17:04:33+00:00</Time><DistanceMeters>4064.4</DistanceMeters><Position><LatitudeDegrees>50.576893</LatitudeDegrees><LongitudeDegrees>3.065557</LongitudeDegrees></Position><AltitudeMeters>36.3</AltitudeMeters><Extensions><TPX xmlns="http://www.garmin.com/xmlschemas/ActivityExtension/v2"><Speed>2.32</Speed></TPX></Extensions></Trackpoint><Trackpoint><Time>2026-03-31T17:04:34+00:00</Time><DistanceMeters>4067.0</DistanceMeters><Position><LatitudeDegrees>50.576902</LatitudeDegrees><LongitudeDegrees>3.065609</LongitudeDegrees></Position><AltitudeMeters>36.4</AltitudeMeters><Extensions><TPX xmlns="http://www.garmin.com/xmlschemas/ActivityExtension/v2"><Speed>2.34</Speed></TPX></Extensions></Trackpoint><Trackpoint><Time>2026-03-31T17:04:35+00:00</Time><DistanceMeters>4069.6</DistanceMeters><Position><LatitudeDegrees>50.576904</LatitudeDegrees><LongitudeDegrees>3.065629</LongitudeDegrees></Position><AltitudeMeters>36.4</AltitudeMeters><Extensions><TPX xmlns="http://www.garmin.com/xmlschemas/ActivityExtension/v2"><Speed>2.43</Speed></TPX></Extensions></Trackpoint><Trackpoint><Time>2026-03-31T17:04:36+00:00</Time><DistanceMeters>4072.1</DistanceMeters><Position><LatitudeDegrees>50.576911</LatitudeDegrees><LongitudeDegrees>3.065681</LongitudeDegrees></Position><AltitudeMeters>36.4</AltitudeMeters><Extensions><TPX xmlns="http://www.garmin.com/xmlschemas/ActivityExtension/v2"><Speed>2.5</Speed></TPX></Extensions></Trackpoint><Trackpoint><Time>2026-03-31T17:04:37+00:00</Time><DistanceMeters>4074.6</DistanceMeters><Position><LatitudeDegrees>50.576913</LatitudeDegrees><LongitudeDegrees>3.065697</LongitudeDegrees></Position><AltitudeMeters>36.4</AltitudeMeters><Extensions><TPX xmlns="http://www.garmin.com/xmlschemas/ActivityExtension/v2"><Speed>2.52</Speed></TPX></Extensions></Trackpoint><Trackpoint><Time>2026-03-31T17:04:38+00:00</Time><DistanceMeters>4077.4</DistanceMeters><Position><LatitudeDegrees>50.576917</LatitudeDegrees><LongitudeDegrees>3.065754</LongitudeDegrees></Position><AltitudeMeters>36.5</AltitudeMeters><Extensions><TPX xmlns="http://www.garmin.com/xmlschemas/ActivityExtension/v2"><Speed>2.59</Speed></TPX></Extensions></Trackpoint><Trackpoint><Time>2026-03-31T17:04:39+00:00</Time><DistanceMeters>4080.1</DistanceMeters><Position><LatitudeDegrees>50.576918</LatitudeDegrees><LongitudeDegrees>3.065775</LongitudeDegrees></Position><AltitudeMeters>36.5</AltitudeMeters><Extensions><TPX xmlns="http://www.garmin.com/xmlschemas/ActivityExtension/v2"><Speed>2.62</Speed></TPX></Extensions></Trackpoint><Trackpoint><Time>2026-03-31T17:04:40+00:00</Time><DistanceMeters>4082.8</DistanceMeters><Position><LatitudeDegrees>50.576924</LatitudeDegrees><LongitudeDegrees>3.065829</LongitudeDegrees></Position><AltitudeMeters>36.6</AltitudeMeters><Extensions><TPX xmlns="http://www.garmin.com/xmlschemas/ActivityExtension/v2"><Speed>2.64</Speed></TPX></Extensions></Trackpoint><Trackpoint><Time>2026-03-31T17:04:41+00:00</Time><DistanceMeters>4085.5</DistanceMeters><Position><LatitudeDegrees>50.576926</LatitudeDegrees><LongitudeDegrees>3.065849</LongitudeDegrees></Position><AltitudeMeters>36.6</AltitudeMeters><Extensions><TPX xmlns="http://www.garmin.com/xmlschemas/ActivityExtension/v2"><Speed>2.68</Speed></TPX></Extensions></Trackpoint><Trackpoint><Time>2026-03-31T17:04:42+00:00</Time><DistanceMeters>4087.8</DistanceMeters><Position><LatitudeDegrees>50.576935</LatitudeDegrees><LongitudeDegrees>3.065898</LongitudeDegrees></Position><AltitudeMeters>36.6</AltitudeMeters><Extensions><TPX xmlns="http://www.garmin.com/xmlschemas/ActivityExtension/v2"><Speed>2.64</Speed></TPX></Extensions></Trackpoint><Trackpoint><Time>2026-03-31T17:04:43+00:00</Time><DistanceMeters>4090.1</DistanceMeters><Position><LatitudeDegrees>50.576938</LatitudeDegrees><LongitudeDegrees>3.065913</LongitudeDegrees></Position><AltitudeMeters>36.6</AltitudeMeters><Extensions><TPX xmlns="http://www.garmin.com/xmlschemas/ActivityExtension/v2"><Speed>2.55</Speed></TPX></Extensions></Trackpoint><Trackpoint><Time>2026-03-31T17:04:44+00:00</Time><DistanceMeters>4093.3</DistanceMeters><Position><LatitudeDegrees>50.576943</LatitudeDegrees><LongitudeDegrees>3.065957</LongitudeDegrees></Position><AltitudeMeters>36.7</AltitudeMeters><Extensions><TPX xmlns="http://www.garmin.com/xmlschemas/ActivityExtension/v2"><Speed>2.64</Speed></TPX></Extensions></Trackpoint><Trackpoint><Time>2026-03-31T17:04:45+00:00</Time><DistanceMeters>4096.0</DistanceMeters><Position><LatitudeDegrees>50.57695</LatitudeDegrees><LongitudeDegrees>3.066013</LongitudeDegrees></Position><AltitudeMeters>36.7</AltitudeMeters><Extensions><TPX xmlns="http://www.garmin.com/xmlschemas/ActivityExtension/v2"><Speed>2.64</Speed></TPX></Extensions></Trackpoint><Trackpoint><Time>2026-03-31T17:04:46+00:00</Time><DistanceMeters>4098.7</DistanceMeters><Position><LatitudeDegrees>50.576952</LatitudeDegrees><LongitudeDegrees>3.066032</LongitudeDegrees></Position><AltitudeMeters>36.7</AltitudeMeters><Extensions><TPX xmlns="http://www.garmin.com/xmlschemas/ActivityExtension/v2"><Speed>2.64</Speed></TPX></Extensions></Trackpoint><Trackpoint><Time>2026-03-31T17:04:47+00:00</Time><DistanceMeters>4101.3</DistanceMeters><Position><LatitudeDegrees>50.576958</LatitudeDegrees><LongitudeDegrees>3.066087</LongitudeDegrees></Position><AltitudeMeters>36.8</AltitudeMeters><Extensions><TPX xmlns="http://www.garmin.com/xmlschemas/ActivityExtension/v2"><Speed>2.7</Speed></TPX></Extensions></Trackpoint><Trackpoint><Time>2026-03-31T17:04:48+00:00</Time><DistanceMeters>4103.9</DistanceMeters><Position><LatitudeDegrees>50.57696</LatitudeDegrees><LongitudeDegrees>3.066105</LongitudeDegrees></Position><AltitudeMeters>36.8</AltitudeMeters><Extensions><TPX xmlns="http://www.garmin.com/xmlschemas/ActivityExtension/v2"><Speed>2.76</Speed></TPX></Extensions></Trackpoint><Trackpoint><Time>2026-03-31T17:04:49+00:00</Time><DistanceMeters>4106.4</DistanceMeters><Position><LatitudeDegrees>50.576972</LatitudeDegrees><LongitudeDegrees>3.066153</LongitudeDegrees></Position><AltitudeMeters>36.8</AltitudeMeters><Extensions><TPX xmlns="http://www.garmin.com/xmlschemas/ActivityExtension/v2"><Speed>2.61</Speed></TPX></Extensions></Trackpoint><Trackpoint><Time>2026-03-31T17:04:50+00:00</Time><DistanceMeters>4108.8</DistanceMeters><Position><LatitudeDegrees>50.576975</LatitudeDegrees><LongitudeDegrees>3.066169</LongitudeDegrees></Position><AltitudeMeters>36.8</AltitudeMeters><Extensions><TPX xmlns="http://www.garmin.com/xmlschemas/ActivityExtension/v2"><Speed>2.56</Speed></TPX></Extensions></Trackpoint><Trackpoint><Time>2026-03-31T17:04:51+00:00</Time><DistanceMeters>4111.5</DistanceMeters><Position><LatitudeDegrees>50.576981</LatitudeDegrees><LongitudeDegrees>3.066221</LongitudeDegrees></Position><AltitudeMeters>36.8</AltitudeMeters><Extensions><TPX xmlns="http://www.garmin.com/xmlschemas/ActivityExtension/v2"><Speed>2.56</Speed></TPX></Extensions></Trackpoint><Trackpoint><Time>2026-03-31T17:04:52+00:00</Time><DistanceMeters>4114.2</DistanceMeters><Position><LatitudeDegrees>50.576982</LatitudeDegrees><LongitudeDegrees>3.066244</LongitudeDegrees></Position><AltitudeMeters>36.9</AltitudeMeters><Extensions><TPX xmlns="http://www.garmin.com/xmlschemas/ActivityExtension/v2"><Speed>2.58</Speed></TPX></Extensions></Trackpoint><Trackpoint><Time>2026-03-31T17:04:53+00:00</Time><DistanceMeters>4117.2</DistanceMeters><Position><LatitudeDegrees>50.576982</LatitudeDegrees><LongitudeDegrees>3.066286</LongitudeDegrees></Position><AltitudeMeters>36.9</AltitudeMeters><Extensions><TPX xmlns="http://www.garmin.com/xmlschemas/ActivityExtension/v2"><Speed>2.66</Speed></TPX></Extensions></Trackpoint><Trackpoint><Time>2026-03-31T17:04:54+00:00</Time><DistanceMeters>4120.2</DistanceMeters><Position><LatitudeDegrees>50.576991</LatitudeDegrees><LongitudeDegrees>3.066327</LongitudeDegrees></Position><AltitudeMeters>36.9</AltitudeMeters><Extensions><TPX xmlns="http://www.garmin.com/xmlschemas/ActivityExtension/v2"><Speed>2.77</Speed></TPX></Extensions></Trackpoint><Trackpoint><Time>2026-03-31T17:04:55+00:00</Time><DistanceMeters>4122.8</DistanceMeters><Position><LatitudeDegrees>50.577001</LatitudeDegrees><LongitudeDegrees>3.066381</LongitudeDegrees></Position><AltitudeMeters>36.9</AltitudeMeters><Extensions><TPX xmlns="http://www.garmin.com/xmlschemas/ActivityExtension/v2"><Speed>2.8</Speed></TPX></Extensions></Trackpoint><Trackpoint><Time>2026-03-31T17:04:56+00:00</Time><DistanceMeters>4125.4</DistanceMeters><Position><LatitudeDegrees>50.577003</LatitudeDegrees><LongitudeDegrees>3.066398</LongitudeDegrees></Position><AltitudeMeters>37.0</AltitudeMeters><Extensions><TPX xmlns="http://www.garmin.com/xmlschemas/ActivityExtension/v2"><Speed>2.78</Speed></TPX></Extensions></Trackpoint><Trackpoint><Time>2026-03-31T17:04:57+00:00</Time><DistanceMeters>4128.1</DistanceMeters><Position><LatitudeDegrees>50.577006</LatitudeDegrees><LongitudeDegrees>3.066453</LongitudeDegrees></Position><AltitudeMeters>37.0</AltitudeMeters><Extensions><TPX xmlns="http://www.garmin.com/xmlschemas/ActivityExtension/v2"><Speed>2.78</Speed></TPX></Extensions></Trackpoint><Trackpoint><Time>2026-03-31T17:04:58+00:00</Time><DistanceMeters>4130.8</DistanceMeters><Position><LatitudeDegrees>50.577007</LatitudeDegrees><LongitudeDegrees>3.066473</LongitudeDegrees></Position><AltitudeMeters>37.0</AltitudeMeters><Extensions><TPX xmlns="http://www.garmin.com/xmlschemas/ActivityExtension/v2"><Speed>2.72</Speed></TPX></Extensions></Trackpoint><Trackpoint><Time>2026-03-31T17:05:00+00:00</Time><DistanceMeters>4133.9</DistanceMeters><Position><LatitudeDegrees>50.577013</LatitudeDegrees><LongitudeDegrees>3.066541</LongitudeDegrees></Position><AltitudeMeters>37.0</AltitudeMeters><Extensions><TPX xmlns="http://www.garmin.com/xmlschemas/ActivityExtension/v2"><Speed>2.22</Speed></TPX></Extensions></Trackpoint><Trackpoint><Time>2026-03-31T17:05:01+00:00</Time><DistanceMeters>4138.3</DistanceMeters><Position><LatitudeDegrees>50.577018</LatitudeDegrees><LongitudeDegrees>3.066577</LongitudeDegrees></Position><AltitudeMeters>37.1</AltitudeMeters><Extensions><TPX xmlns="http://www.garmin.com/xmlschemas/ActivityExtension/v2"><Speed>2.58</Speed></TPX></Extensions></Trackpoint><Trackpoint><Time>2026-03-31T17:05:03+00:00</Time><DistanceMeters>4141.4</DistanceMeters><Position><LatitudeDegrees>50.577028</LatitudeDegrees><LongitudeDegrees>3.066656</LongitudeDegrees></Position><AltitudeMeters>37.1</AltitudeMeters><Extensions><TPX xmlns="http://www.garmin.com/xmlschemas/ActivityExtension/v2"><Speed>2.12</Speed></TPX></Extensions></Trackpoint><Trackpoint><Time>2026-03-31T17:05:04+00:00</Time><DistanceMeters>4146.4</DistanceMeters><Position><LatitudeDegrees>50.577033</LatitudeDegrees><LongitudeDegrees>3.06669</LongitudeDegrees></Position><AltitudeMeters>37.1</AltitudeMeters><Extensions><TPX xmlns="http://www.garmin.com/xmlschemas/ActivityExtension/v2"><Speed>2.6</Speed></TPX></Extensions></Trackpoint><Trackpoint><Time>2026-03-31T17:05:05+00:00</Time><DistanceMeters>4149.2</DistanceMeters><Position><LatitudeDegrees>50.577037</LatitudeDegrees><LongitudeDegrees>3.066747</LongitudeDegrees></Position><AltitudeMeters>37.1</AltitudeMeters><Extensions><TPX xmlns="http://www.garmin.com/xmlschemas/ActivityExtension/v2"><Speed>3.05</Speed></TPX></Extensions></Trackpoint><Trackpoint><Time>2026-03-31T17:05:06+00:00</Time><DistanceMeters>4151.9</DistanceMeters><Position><LatitudeDegrees>50.577039</LatitudeDegrees><LongitudeDegrees>3.066766</LongitudeDegrees></Position><AltitudeMeters>37.1</AltitudeMeters><Extensions><TPX xmlns="http://www.garmin.com/xmlschemas/ActivityExtension/v2"><Speed>2.72</Speed></TPX></Extensions></Trackpoint><Trackpoint><Time>2026-03-31T17:05:07+00:00</Time><DistanceMeters>4154.5</DistanceMeters><Position><LatitudeDegrees>50.577046</LatitudeDegrees><LongitudeDegrees>3.066822</LongitudeDegrees></Position><AltitudeMeters>37.2</AltitudeMeters><Extensions><TPX xmlns="http://www.garmin.com/xmlschemas/ActivityExtension/v2"><Speed>2.708</Speed></TPX></Extensions></Trackpoint><Trackpoint><Time>2026-03-31T17:05:08+00:00</Time><DistanceMeters>4157.2</DistanceMeters><Position><LatitudeDegrees>50.577049</LatitudeDegrees><LongitudeDegrees>3.06684</LongitudeDegrees></Position><AltitudeMeters>37.2</AltitudeMeters><Extensions><TPX xmlns="http://www.garmin.com/xmlschemas/ActivityExtension/v2"><Speed>3.16</Speed></TPX></Extensions></Trackpoint><Trackpoint><Time>2026-03-31T17:05:09+00:00</Time><DistanceMeters>4159.9</DistanceMeters><Position><LatitudeDegrees>50.577059</LatitudeDegrees><LongitudeDegrees>3.066892</LongitudeDegrees></Position><AltitudeMeters>37.2</AltitudeMeters><Extensions><TPX xmlns="http://www.garmin.com/xmlschemas/ActivityExtension/v2"><Speed>2.69</Speed></TPX></Extensions></Trackpoint><Trackpoint><Time>2026-03-31T17:05:10+00:00</Time><DistanceMeters>4162.5</DistanceMeters><Position><LatitudeDegrees>50.57706</LatitudeDegrees><LongitudeDegrees>3.066912</LongitudeDegrees></Position><AltitudeMeters>37.2</AltitudeMeters><Extensions><TPX xmlns="http://www.garmin.com/xmlschemas/ActivityExtension/v2"><Speed>2.67</Speed></TPX></Extensions></Trackpoint><Trackpoint><Time>2026-03-31T17:05:11+00:00</Time><DistanceMeters>4165.5</DistanceMeters><Position><LatitudeDegrees>50.577064</LatitudeDegrees><LongitudeDegrees>3.066973</LongitudeDegrees></Position><AltitudeMeters>37.2</AltitudeMeters><Extensions><TPX xmlns="http://www.garmin.com/xmlschemas/ActivityExtension/v2"><Speed>2.71</Speed></TPX></Extensions></Trackpoint><Trackpoint><Time>2026-03-31T17:05:12+00:00</Time><DistanceMeters>4168.4</DistanceMeters><Position><LatitudeDegrees>50.577065</LatitudeDegrees><LongitudeDegrees>3.066995</LongitudeDegrees></Position><AltitudeMeters>37.2</AltitudeMeters><Extensions><TPX xmlns="http://www.garmin.com/xmlschemas/ActivityExtension/v2"><Speed>2.77</Speed></TPX></Extensions></Trackpoint><Trackpoint><Time>2026-03-31T17:05:13+00:00</Time><DistanceMeters>4171.4</DistanceMeters><Position><LatitudeDegrees>50.577073</LatitudeDegrees><LongitudeDegrees>3.067056</LongitudeDegrees></Position><AltitudeMeters>37.2</AltitudeMeters><Extensions><TPX xmlns="http://www.garmin.com/xmlschemas/ActivityExtension/v2"><Speed>2.83</Speed></TPX></Extensions></Trackpoint><Trackpoint><Time>2026-03-31T17:05:14+00:00</Time><DistanceMeters>4174.3</DistanceMeters><Position><LatitudeDegrees>50.577077</LatitudeDegrees><LongitudeDegrees>3.067076</LongitudeDegrees></Position><AltitudeMeters>37.2</AltitudeMeters><Extensions><TPX xmlns="http://www.garmin.com/xmlschemas/ActivityExtension/v2"><Speed>2.89</Speed></TPX></Extensions></Trackpoint><Trackpoint><Time>2026-03-31T17:05:15+00:00</Time><DistanceMeters>4177.8</DistanceMeters><Position><LatitudeDegrees>50.577082</LatitudeDegrees><LongitudeDegrees>3.067126</LongitudeDegrees></Position><AltitudeMeters>37.2</AltitudeMeters><Extensions><TPX xmlns="http://www.garmin.com/xmlschemas/ActivityExtension/v2"><Speed>3.06</Speed></TPX></Extensions></Trackpoint><Trackpoint><Time>2026-03-31T17:05:16+00:00</Time><DistanceMeters>4180.8</DistanceMeters><Position><LatitudeDegrees>50.577088</LatitudeDegrees><LongitudeDegrees>3.067187</LongitudeDegrees></Position><AltitudeMeters>37.2</AltitudeMeters><Extensions><TPX xmlns="http://www.garmin.com/xmlschemas/ActivityExtension/v2"><Speed>3.07</Speed></TPX></Extensions></Trackpoint><Trackpoint><Time>2026-03-31T17:05:17+00:00</Time><DistanceMeters>4183.8</DistanceMeters><Position><LatitudeDegrees>50.577089</LatitudeDegrees><LongitudeDegrees>3.067209</LongitudeDegrees></Position><AltitudeMeters>37.2</AltitudeMeters><Extensions><TPX xmlns="http://www.garmin.com/xmlschemas/ActivityExtension/v2"><Speed>3.08</Speed></TPX></Extensions></Trackpoint><Trackpoint><Time>2026-03-31T17:05:18+00:00</Time><DistanceMeters>4186.3</DistanceMeters><Position><LatitudeDegrees>50.577101</LatitudeDegrees><LongitudeDegrees>3.067258</LongitudeDegrees></Position><AltitudeMeters>37.2</AltitudeMeters><Extensions><TPX xmlns="http://www.garmin.com/xmlschemas/ActivityExtension/v2"><Speed>2.98</Speed></TPX></Extensions></Trackpoint><Trackpoint><Time>2026-03-31T17:05:19+00:00</Time><DistanceMeters>4188.7</DistanceMeters><Position><LatitudeDegrees>50.577103</LatitudeDegrees><LongitudeDegrees>3.067275</LongitudeDegrees></Position><AltitudeMeters>37.2</AltitudeMeters><Extensions><TPX xmlns="http://www.garmin.com/xmlschemas/ActivityExtension/v2"><Speed>2.88</Speed></TPX></Extensions></Trackpoint><Trackpoint><Time>2026-03-31T17:05:20+00:00</Time><DistanceMeters>4192.3</DistanceMeters><Position><LatitudeDegrees>50.577105</LatitudeDegrees><LongitudeDegrees>3.067326</LongitudeDegrees></Position><AltitudeMeters>37.2</AltitudeMeters><Extensions><TPX xmlns="http://www.garmin.com/xmlschemas/ActivityExtension/v2"><Speed>2.9</Speed></TPX></Extensions></Trackpoint><Trackpoint><Time>2026-03-31T17:05:21+00:00</Time><DistanceMeters>4195.2</DistanceMeters><Position><LatitudeDegrees>50.577114</LatitudeDegrees><LongitudeDegrees>3.067384</LongitudeDegrees></Position><AltitudeMeters>37.2</AltitudeMeters><Extensions><TPX xmlns="http://www.garmin.com/xmlschemas/ActivityExtension/v2"><Speed>2.87</Speed></TPX></Extensions></Trackpoint><Trackpoint><Time>2026-03-31T17:05:22+00:00</Time><DistanceMeters>4198.0</DistanceMeters><Position><LatitudeDegrees>50.577117</LatitudeDegrees><LongitudeDegrees>3.067403</LongitudeDegrees></Position><AltitudeMeters>37.2</AltitudeMeters><Extensions><TPX xmlns="http://www.garmin.com/xmlschemas/ActivityExtension/v2"><Speed>2.84</Speed></TPX></Extensions></Trackpoint><Trackpoint><Time>2026-03-31T17:05:23+00:00</Time><DistanceMeters>4200.7</DistanceMeters><Position><LatitudeDegrees>50.577128</LatitudeDegrees><LongitudeDegrees>3.067458</LongitudeDegrees></Position><AltitudeMeters>37.2</AltitudeMeters><Extensions><TPX xmlns="http://www.garmin.com/xmlschemas/ActivityExtension/v2"><Speed>2.88</Speed></TPX></Extensions></Trackpoint><Trackpoint><Time>2026-03-31T17:05:24+00:00</Time><DistanceMeters>4203.3</DistanceMeters><Position><LatitudeDegrees>50.577132</LatitudeDegrees><LongitudeDegrees>3.067475</LongitudeDegrees></Position><AltitudeMeters>37.2</AltitudeMeters><Extensions><TPX xmlns="http://www.garmin.com/xmlschemas/ActivityExtension/v2"><Speed>2.92</Speed></TPX></Extensions></Trackpoint><Trackpoint><Time>2026-03-31T17:05:25+00:00</Time><DistanceMeters>4206.3</DistanceMeters><Position><LatitudeDegrees>50.577135</LatitudeDegrees><LongitudeDegrees>3.067533</LongitudeDegrees></Position><AltitudeMeters>37.3</AltitudeMeters><Extensions><TPX xmlns="http://www.garmin.com/xmlschemas/ActivityExtension/v2"><Speed>2.79</Speed></TPX></Extensions></Trackpoint><Trackpoint><Time>2026-03-31T17:05:26+00:00</Time><DistanceMeters>4209.2</DistanceMeters><Position><LatitudeDegrees>50.577137</LatitudeDegrees><LongitudeDegrees>3.067558</LongitudeDegrees></Position><AltitudeMeters>37.3</AltitudeMeters><Extensions><TPX xmlns="http://www.garmin.com/xmlschemas/ActivityExtension/v2"><Speed>2.81</Speed></TPX></Extensions></Trackpoint><Trackpoint><Time>2026-03-31T17:05:27+00:00</Time><DistanceMeters>4211.7</DistanceMeters><Position><LatitudeDegrees>50.577143</LatitudeDegrees><LongitudeDegrees>3.067608</LongitudeDegrees></Position><AltitudeMeters>37.3</AltitudeMeters><Extensions><TPX xmlns="http://www.garmin.com/xmlschemas/ActivityExtension/v2"><Speed>2.73</Speed></TPX></Extensions></Trackpoint><Trackpoint><Time>2026-03-31T17:05:28+00:00</Time><DistanceMeters>4214.1</DistanceMeters><Position><LatitudeDegrees>50.577147</LatitudeDegrees><LongitudeDegrees>3.067626</LongitudeDegrees></Position><AltitudeMeters>37.3</AltitudeMeters><Extensions><TPX xmlns="http://www.garmin.com/xmlschemas/ActivityExtension/v2"><Speed>2.69</Speed></TPX></Extensions></Trackpoint><Trackpoint><Time>2026-03-31T17:05:29+00:00</Time><DistanceMeters>4217.2</DistanceMeters><Position><LatitudeDegrees>50.57715</LatitudeDegrees><LongitudeDegrees>3.067686</LongitudeDegrees></Position><AltitudeMeters>37.3</AltitudeMeters><Extensions><TPX xmlns="http://www.garmin.com/xmlschemas/ActivityExtension/v2"><Speed>2.77</Speed></TPX></Extensions></Trackpoint><Trackpoint><Time>2026-03-31T17:05:30+00:00</Time><DistanceMeters>4220.2</DistanceMeters><Position><LatitudeDegrees>50.57715</LatitudeDegrees><LongitudeDegrees>3.067711</LongitudeDegrees></Position><AltitudeMeters>37.3</AltitudeMeters><Extensions><TPX xmlns="http://www.garmin.com/xmlschemas/ActivityExtension/v2"><Speed>2.79</Speed></TPX></Extensions></Trackpoint><Trackpoint><Time>2026-03-31T17:05:31+00:00</Time><DistanceMeters>4223.2</DistanceMeters><Position><LatitudeDegrees>50.577154</LatitudeDegrees><LongitudeDegrees>3.067753</LongitudeDegrees></Position><AltitudeMeters>37.3</AltitudeMeters><Extensions><TPX xmlns="http://www.garmin.com/xmlschemas/ActivityExtension/v2"><Speed>2.8</Speed></TPX></Extensions></Trackpoint><Trackpoint><Time>2026-03-31T17:05:32+00:00</Time><DistanceMeters>4226.0</DistanceMeters><Position><LatitudeDegrees>50.577158</LatitudeDegrees><LongitudeDegrees>3.067811</LongitudeDegrees></Position><AltitudeMeters>37.3</AltitudeMeters><Extensions><TPX xmlns="http://www.garmin.com/xmlschemas/ActivityExtension/v2"><Speed>2.87</Speed></TPX></Extensions></Trackpoint><Trackpoint><Time>2026-03-31T17:05:33+00:00</Time><DistanceMeters>4228.8</DistanceMeters><Position><LatitudeDegrees>50.577159</LatitudeDegrees><LongitudeDegrees>3.067831</LongitudeDegrees></Position><AltitudeMeters>37.3</AltitudeMeters><Extensions><TPX xmlns="http://www.garmin.com/xmlschemas/ActivityExtension/v2"><Speed>2.94</Speed></TPX></Extensions></Trackpoint><Trackpoint><Time>2026-03-31T17:05:34+00:00</Time><DistanceMeters>4231.6</DistanceMeters><Position><LatitudeDegrees>50.577164</LatitudeDegrees><LongitudeDegrees>3.067889</LongitudeDegrees></Position><AltitudeMeters>37.3</AltitudeMeters><Extensions><TPX xmlns="http://www.garmin.com/xmlschemas/ActivityExtension/v2"><Speed>2.88</Speed></TPX></Extensions></Trackpoint><Trackpoint><Time>2026-03-31T17:05:35+00:00</Time><DistanceMeters>4234.3</DistanceMeters><Position><LatitudeDegrees>50.577166</LatitudeDegrees><LongitudeDegrees>3.067908</LongitudeDegrees></Position><AltitudeMeters>37.3</AltitudeMeters><Extensions><TPX xmlns="http://www.garmin.com/xmlschemas/ActivityExtension/v2"><Speed>2.82</Speed></TPX></Extensions></Trackpoint><Trackpoint><Time>2026-03-31T17:05:36+00:00</Time><DistanceMeters>4236.4</DistanceMeters><Position><LatitudeDegrees>50.577169</LatitudeDegrees><LongitudeDegrees>3.067953</LongitudeDegrees></Position><AltitudeMeters>37.3</AltitudeMeters><Extensions><TPX xmlns="http://www.garmin.com/xmlschemas/ActivityExtension/v2"><Speed>2.64</Speed></TPX></Extensions></Trackpoint><Trackpoint><Time>2026-03-31T17:05:37+00:00</Time><DistanceMeters>4238.5</DistanceMeters><Position><LatitudeDegrees>50.577172</LatitudeDegrees><LongitudeDegrees>3.067968</LongitudeDegrees></Position><AltitudeMeters>37.3</AltitudeMeters><Extensions><TPX xmlns="http://www.garmin.com/xmlschemas/ActivityExtension/v2"><Speed>2.5</Speed></TPX></Extensions></Trackpoint><Trackpoint><Time>2026-03-31T17:05:38+00:00</Time><DistanceMeters>4240.8</DistanceMeters><Position><LatitudeDegrees>50.577175</LatitudeDegrees><LongitudeDegrees>3.068017</LongitudeDegrees></Position><AltitudeMeters>37.3</AltitudeMeters><Extensions><TPX xmlns="http://www.garmin.com/xmlschemas/ActivityExtension/v2"><Speed>2.4</Speed></TPX></Extensions></Trackpoint><Trackpoint><Time>2026-03-31T17:05:39+00:00</Time><DistanceMeters>4243.1</DistanceMeters><Position><LatitudeDegrees>50.577176</LatitudeDegrees><LongitudeDegrees>3.068032</LongitudeDegrees></Position><AltitudeMeters>37.3</AltitudeMeters><Extensions><TPX xmlns="http://www.garmin.com/xmlschemas/ActivityExtension/v2"><Speed>2.31</Speed></TPX></Extensions></Trackpoint><Trackpoint><Time>2026-03-31T17:05:40+00:00</Time><DistanceMeters>4245.8</DistanceMeters><Position><LatitudeDegrees>50.577177</LatitudeDegrees><LongitudeDegrees>3.068088</LongitudeDegrees></Position><AltitudeMeters>37.4</AltitudeMeters><Extensions><TPX xmlns="http://www.garmin.com/xmlschemas/ActivityExtension/v2"><Speed>2.3</Speed></TPX></Extensions></Trackpoint><Trackpoint><Time>2026-03-31T17:05:41+00:00</Time><DistanceMeters>4248.5</DistanceMeters><Position><LatitudeDegrees>50.577177</LatitudeDegrees><LongitudeDegrees>3.068108</LongitudeDegrees></Position><AltitudeMeters>37.4</AltitudeMeters><Extensions><TPX xmlns="http://www.garmin.com/xmlschemas/ActivityExtension/v2"><Speed>2.42</Speed></TPX></Extensions></Trackpoint><Trackpoint><Time>2026-03-31T17:05:42+00:00</Time><DistanceMeters>4251.1</DistanceMeters><Position><LatitudeDegrees>50.577183</LatitudeDegrees><LongitudeDegrees>3.068162</LongitudeDegrees></Position><AltitudeMeters>37.4</AltitudeMeters><Extensions><TPX xmlns="http://www.garmin.com/xmlschemas/ActivityExtension/v2"><Speed>2.52</Speed></TPX></Extensions></Trackpoint><Trackpoint><Time>2026-03-31T17:05:43+00:00</Time><DistanceMeters>4253.7</DistanceMeters><Position><LatitudeDegrees>50.577187</LatitudeDegrees><LongitudeDegrees>3.06818</LongitudeDegrees></Position><AltitudeMeters>37.4</AltitudeMeters><Extensions><TPX xmlns="http://www.garmin.com/xmlschemas/ActivityExtension/v2"><Speed>2.58</Speed></TPX></Extensions></Trackpoint><Trackpoint><Time>2026-03-31T17:05:44+00:00</Time><DistanceMeters>4256.3</DistanceMeters><Position><LatitudeDegrees>50.577186</LatitudeDegrees><LongitudeDegrees>3.068235</LongitudeDegrees></Position><AltitudeMeters>37.4</AltitudeMeters><Extensions><TPX xmlns="http://www.garmin.com/xmlschemas/ActivityExtension/v2"><Speed>2.63</Speed></TPX></Extensions></Trackpoint><Trackpoint><Time>2026-03-31T17:05:45+00:00</Time><DistanceMeters>4258.8</DistanceMeters><Position><LatitudeDegrees>50.577187</LatitudeDegrees><LongitudeDegrees>3.068252</LongitudeDegrees></Position><AltitudeMeters>37.4</AltitudeMeters><Extensions><TPX xmlns="http://www.garmin.com/xmlschemas/ActivityExtension/v2"><Speed>2.6</Speed></TPX></Extensions></Trackpoint><Trackpoint><Time>2026-03-31T17:05:46+00:00</Time><DistanceMeters>4261.7</DistanceMeters><Position><LatitudeDegrees>50.577189</LatitudeDegrees><LongitudeDegrees>3.068313</LongitudeDegrees></Position><AltitudeMeters>37.4</AltitudeMeters><Extensions><TPX xmlns="http://www.garmin.com/xmlschemas/ActivityExtension/v2"><Speed>2.64</Speed></TPX></Extensions></Trackpoint><Trackpoint><Time>2026-03-31T17:05:47+00:00</Time><DistanceMeters>4264.6</DistanceMeters><Position><LatitudeDegrees>50.577189</LatitudeDegrees><LongitudeDegrees>3.068333</LongitudeDegrees></Position><AltitudeMeters>37.4</AltitudeMeters><Extensions><TPX xmlns="http://www.garmin.com/xmlschemas/ActivityExtension/v2"><Speed>2.7</Speed></TPX></Extensions></Trackpoint><Trackpoint><Time>2026-03-31T17:05:48+00:00</Time><DistanceMeters>4267.1</DistanceMeters><Position><LatitudeDegrees>50.577196</LatitudeDegrees><LongitudeDegrees>3.068383</LongitudeDegrees></Position><AltitudeMeters>37.4</AltitudeMeters><Extensions><TPX xmlns="http://www.garmin.com/xmlschemas/ActivityExtension/v2"><Speed>2.68</Speed></TPX></Extensions></Trackpoint><Trackpoint><Time>2026-03-31T17:05:49+00:00</Time><DistanceMeters>4269.6</DistanceMeters><Position><LatitudeDegrees>50.577198</LatitudeDegrees><LongitudeDegrees>3.068403</LongitudeDegrees></Position><AltitudeMeters>37.5</AltitudeMeters><Extensions><TPX xmlns="http://www.garmin.com/xmlschemas/ActivityExtension/v2"><Speed>2.67</Speed></TPX></Extensions></Trackpoint><Trackpoint><Time>2026-03-31T17:05:50+00:00</Time><DistanceMeters>4271.9</DistanceMeters><Position><LatitudeDegrees>50.577207</LatitudeDegrees><LongitudeDegrees>3.068451</LongitudeDegrees></Position><AltitudeMeters>37.5</AltitudeMeters><Extensions><TPX xmlns="http://www.garmin.com/xmlschemas/ActivityExtension/v2"><Speed>2.62</Speed></TPX></Extensions></Trackpoint><Trackpoint><Time>2026-03-31T17:05:51+00:00</Time><DistanceMeters>4274.2</DistanceMeters><Position><LatitudeDegrees>50.577207</LatitudeDegrees><LongitudeDegrees>3.068466</LongitudeDegrees></Position><AltitudeMeters>37.5</AltitudeMeters><Extensions><TPX xmlns="http://www.garmin.com/xmlschemas/ActivityExtension/v2"><Speed>2.5</Speed></TPX></Extensions></Trackpoint><Trackpoint><Time>2026-03-31T17:05:52+00:00</Time><DistanceMeters>4277.3</DistanceMeters><Position><LatitudeDegrees>50.577202</LatitudeDegrees><LongitudeDegrees>3.068509</LongitudeDegrees></Position><AltitudeMeters>37.5</AltitudeMeters><Extensions><TPX xmlns="http://www.garmin.com/xmlschemas/ActivityExtension/v2"><Speed>2.54</Speed></TPX></Extensions></Trackpoint><Trackpoint><Time>2026-03-31T17:05:53+00:00</Time><DistanceMeters>4279.8</DistanceMeters><Position><LatitudeDegrees>50.577205</LatitudeDegrees><LongitudeDegrees>3.068556</LongitudeDegrees></Position><AltitudeMeters>37.5</AltitudeMeters><Extensions><TPX xmlns="http://www.garmin.com/xmlschemas/ActivityExtension/v2"><Speed>2.53</Speed></TPX></Extensions></Trackpoint><Trackpoint><Time>2026-03-31T17:05:54+00:00</Time><DistanceMeters>4282.2</DistanceMeters><Position><LatitudeDegrees>50.577206</LatitudeDegrees><LongitudeDegrees>3.068578</LongitudeDegrees></Position><AltitudeMeters>37.5</AltitudeMeters><Extensions><TPX xmlns="http://www.garmin.com/xmlschemas/ActivityExtension/v2"><Speed>2.52</Speed></TPX></Extensions></Trackpoint><Trackpoint><Time>2026-03-31T17:05:55+00:00</Time><DistanceMeters>4284.8</DistanceMeters><Position><LatitudeDegrees>50.57721</LatitudeDegrees><LongitudeDegrees>3.068628</LongitudeDegrees></Position><AltitudeMeters>37.5</AltitudeMeters><Extensions><TPX xmlns="http://www.garmin.com/xmlschemas/ActivityExtension/v2"><Speed>2.58</Speed></TPX></Extensions></Trackpoint><Trackpoint><Time>2026-03-31T17:05:56+00:00</Time><DistanceMeters>4287.4</DistanceMeters><Position><LatitudeDegrees>50.57721</LatitudeDegrees><LongitudeDegrees>3.068651</LongitudeDegrees></Position><AltitudeMeters>37.5</AltitudeMeters><Extensions><TPX xmlns="http://www.garmin.com/xmlschemas/ActivityExtension/v2"><Speed>2.64</Speed></TPX></Extensions></Trackpoint><Trackpoint><Time>2026-03-31T17:05:57+00:00</Time><DistanceMeters>4289.6</DistanceMeters><Position><LatitudeDegrees>50.57722</LatitudeDegrees><LongitudeDegrees>3.068698</LongitudeDegrees></Position><AltitudeMeters>37.6</AltitudeMeters><Extensions><TPX xmlns="http://www.garmin.com/xmlschemas/ActivityExtension/v2"><Speed>2.46</Speed></TPX></Extensions></Trackpoint><Trackpoint><Time>2026-03-31T17:05:58+00:00</Time><DistanceMeters>4291.8</DistanceMeters><Position><LatitudeDegrees>50.577223</LatitudeDegrees><LongitudeDegrees>3.06871</LongitudeDegrees></Position><AltitudeMeters>37.6</AltitudeMeters><Extensions><TPX xmlns="http://www.garmin.com/xmlschemas/ActivityExtension/v2"><Speed>2.41</Speed></TPX></Extensions></Trackpoint><Trackpoint><Time>2026-03-31T17:05:59+00:00</Time><DistanceMeters>4294.8</DistanceMeters><Position><LatitudeDegrees>50.57722</LatitudeDegrees><LongitudeDegrees>3.068752</LongitudeDegrees></Position><AltitudeMeters>37.6</AltitudeMeters><Extensions><TPX xmlns="http://www.garmin.com/xmlschemas/ActivityExtension/v2"><Speed>2.52</Speed></TPX></Extensions></Trackpoint><Trackpoint><Time>2026-03-31T17:06:00+00:00</Time><DistanceMeters>4297.3</DistanceMeters><Position><LatitudeDegrees>50.577224</LatitudeDegrees><LongitudeDegrees>3.068803</LongitudeDegrees></Position><AltitudeMeters>37.6</AltitudeMeters><Extensions><TPX xmlns="http://www.garmin.com/xmlschemas/ActivityExtension/v2"><Speed>2.49</Speed></TPX></Extensions></Trackpoint><Trackpoint><Time>2026-03-31T17:06:01+00:00</Time><DistanceMeters>4299.7</DistanceMeters><Position><LatitudeDegrees>50.577225</LatitudeDegrees><LongitudeDegrees>3.068821</LongitudeDegrees></Position><AltitudeMeters>37.6</AltitudeMeters><Extensions><TPX xmlns="http://www.garmin.com/xmlschemas/ActivityExtension/v2"><Speed>2.46</Speed></TPX></Extensions></Trackpoint><Trackpoint><Time>2026-03-31T17:06:02+00:00</Time><DistanceMeters>4302.2</DistanceMeters><Position><LatitudeDegrees>50.577234</LatitudeDegrees><LongitudeDegrees>3.068871</LongitudeDegrees></Position><AltitudeMeters>37.6</AltitudeMeters><Extensions><TPX xmlns="http://www.garmin.com/xmlschemas/ActivityExtension/v2"><Speed>2.52</Speed></TPX></Extensions></Trackpoint><Trackpoint><Time>2026-03-31T17:06:03+00:00</Time><DistanceMeters>4304.7</DistanceMeters><Position><LatitudeDegrees>50.577236</LatitudeDegrees><LongitudeDegrees>3.06889</LongitudeDegrees></Position><AltitudeMeters>37.6</AltitudeMeters><Extensions><TPX xmlns="http://www.garmin.com/xmlschemas/ActivityExtension/v2"><Speed>2.58</Speed></TPX></Extensions></Trackpoint><Trackpoint><Time>2026-03-31T17:06:04+00:00</Time><DistanceMeters>4307.3</DistanceMeters><Position><LatitudeDegrees>50.577238</LatitudeDegrees><LongitudeDegrees>3.068944</LongitudeDegrees></Position><AltitudeMeters>37.6</AltitudeMeters><Extensions><TPX xmlns="http://www.garmin.com/xmlschemas/ActivityExtension/v2"><Speed>2.5</Speed></TPX></Extensions></Trackpoint><Trackpoint><Time>2026-03-31T17:06:05+00:00</Time><DistanceMeters>4309.9</DistanceMeters><Position><LatitudeDegrees>50.577238</LatitudeDegrees><LongitudeDegrees>3.068963</LongitudeDegrees></Position><AltitudeMeters>37.6</AltitudeMeters><Extensions><TPX xmlns="http://www.garmin.com/xmlschemas/ActivityExtension/v2"><Speed>2.53</Speed></TPX></Extensions></Trackpoint><Trackpoint><Time>2026-03-31T17:06:06+00:00</Time><DistanceMeters>4312.9</DistanceMeters><Position><LatitudeDegrees>50.577241</LatitudeDegrees><LongitudeDegrees>3.069026</LongitudeDegrees></Position><AltitudeMeters>37.6</AltitudeMeters><Extensions><TPX xmlns="http://www.garmin.com/xmlschemas/ActivityExtension/v2"><Speed>2.64</Speed></TPX></Extensions></Trackpoint><Trackpoint><Time>2026-03-31T17:06:07+00:00</Time><DistanceMeters>4315.9</DistanceMeters><Position><LatitudeDegrees>50.577241</LatitudeDegrees><LongitudeDegrees>3.069047</LongitudeDegrees></Position><AltitudeMeters>37.6</AltitudeMeters><Extensions><TPX xmlns="http://www.garmin.com/xmlschemas/ActivityExtension/v2"><Speed>2.74</Speed></TPX></Extensions></Trackpoint><Trackpoint><Time>2026-03-31T17:06:08+00:00</Time><DistanceMeters>4318.6</DistanceMeters><Position><LatitudeDegrees>50.577246</LatitudeDegrees><LongitudeDegrees>3.069102</LongitudeDegrees></Position><AltitudeMeters>37.6</AltitudeMeters><Extensions><TPX xmlns="http://www.garmin.com/xmlschemas/ActivityExtension/v2"><Speed>2.78</Speed></TPX></Extensions></Trackpoint><Trackpoint><Time>2026-03-31T17:06:09+00:00</Time><DistanceMeters>4321.3</DistanceMeters><Position><LatitudeDegrees>50.577247</LatitudeDegrees><LongitudeDegrees>3.069123</LongitudeDegrees></Position><AltitudeMeters>37.6</AltitudeMeters><Extensions><TPX xmlns="http://www.garmin.com/xmlschemas/ActivityExtension/v2"><Speed>2.8</Speed></TPX></Extensions></Trackpoint><Trackpoint><Time>2026-03-31T17:06:10+00:00</Time><DistanceMeters>4324.4</DistanceMeters><Position><LatitudeDegrees>50.577247</LatitudeDegrees><LongitudeDegrees>3.069184</LongitudeDegrees></Position><AltitudeMeters>37.6</AltitudeMeters><Extensions><TPX xmlns="http://www.garmin.com/xmlschemas/ActivityExtension/v2"><Speed>2.9</Speed></TPX></Extensions></Trackpoint><Trackpoint><Time>2026-03-31T17:06:11+00:00</Time><DistanceMeters>4327.5</DistanceMeters><Position><LatitudeDegrees>50.577247</LatitudeDegrees><LongitudeDegrees>3.06921</LongitudeDegrees></Position><AltitudeMeters>37.6</AltitudeMeters><Extensions><TPX xmlns="http://www.garmin.com/xmlschemas/ActivityExtension/v2"><Speed>2.92</Speed></TPX></Extensions></Trackpoint><Trackpoint><Time>2026-03-31T17:06:12+00:00</Time><DistanceMeters>4330.1</DistanceMeters><Position><LatitudeDegrees>50.57725</LatitudeDegrees><LongitudeDegrees>3.069266</LongitudeDegrees></Position><AltitudeMeters>37.6</AltitudeMeters><Extensions><TPX xmlns="http://www.garmin.com/xmlschemas/ActivityExtension/v2"><Speed>2.83</Speed></TPX></Extensions></Trackpoint><Trackpoint><Time>2026-03-31T17:06:13+00:00</Time><DistanceMeters>4332.6</DistanceMeters><Position><LatitudeDegrees>50.577251</LatitudeDegrees><LongitudeDegrees>3.069283</LongitudeDegrees></Position><AltitudeMeters>37.6</AltitudeMeters><Extensions><TPX xmlns="http://www.garmin.com/xmlschemas/ActivityExtension/v2"><Speed>2.8</Speed></TPX></Extensions></Trackpoint><Trackpoint><Time>2026-03-31T17:06:14+00:00</Time><DistanceMeters>4335.1</DistanceMeters><Position><LatitudeDegrees>50.577254</LatitudeDegrees><LongitudeDegrees>3.069332</LongitudeDegrees></Position><AltitudeMeters>37.7</AltitudeMeters><Extensions><TPX xmlns="http://www.garmin.com/xmlschemas/ActivityExtension/v2"><Speed>2.75</Speed></TPX></Extensions></Trackpoint><Trackpoint><Time>2026-03-31T17:06:15+00:00</Time><DistanceMeters>4337.5</DistanceMeters><Position><LatitudeDegrees>50.577255</LatitudeDegrees><LongitudeDegrees>3.069351</LongitudeDegrees></Position><AltitudeMeters>37.7</AltitudeMeters><Extensions><TPX xmlns="http://www.garmin.com/xmlschemas/ActivityExtension/v2"><Speed>2.62</Speed></TPX></Extensions></Trackpoint><Trackpoint><Time>2026-03-31T17:06:16+00:00</Time><DistanceMeters>4340.0</DistanceMeters><Position><LatitudeDegrees>50.57726</LatitudeDegrees><LongitudeDegrees>3.069403</LongitudeDegrees></Position><AltitudeMeters>37.7</AltitudeMeters><Extensions><TPX xmlns="http://www.garmin.com/xmlschemas/ActivityExtension/v2"><Speed>2.49</Speed></TPX></Extensions></Trackpoint><Trackpoint><Time>2026-03-31T17:06:17+00:00</Time><DistanceMeters>4342.4</DistanceMeters><Position><LatitudeDegrees>50.577261</LatitudeDegrees><LongitudeDegrees>3.06942</LongitudeDegrees></Position><AltitudeMeters>37.7</AltitudeMeters><Extensions><TPX xmlns="http://www.garmin.com/xmlschemas/ActivityExtension/v2"><Speed>2.47</Speed></TPX></Extensions></Trackpoint><Trackpoint><Time>2026-03-31T17:06:18+00:00</Time><DistanceMeters>4344.8</DistanceMeters><Position><LatitudeDegrees>50.577263</LatitudeDegrees><LongitudeDegrees>3.069474</LongitudeDegrees></Position><AltitudeMeters>37.7</AltitudeMeters><Extensions><TPX xmlns="http://www.garmin.com/xmlschemas/ActivityExtension/v2"><Speed>2.44</Speed></TPX></Extensions></Trackpoint><Trackpoint><Time>2026-03-31T17:06:19+00:00</Time><DistanceMeters>4347.2</DistanceMeters><Position><LatitudeDegrees>50.577265</LatitudeDegrees><LongitudeDegrees>3.069487</LongitudeDegrees></Position><AltitudeMeters>37.7</AltitudeMeters><Extensions><TPX xmlns="http://www.garmin.com/xmlschemas/ActivityExtension/v2"><Speed>2.43</Speed></TPX></Extensions></Trackpoint><Trackpoint><Time>2026-03-31T17:06:20+00:00</Time><DistanceMeters>4349.9</DistanceMeters><Position><LatitudeDegrees>50.57727</LatitudeDegrees><LongitudeDegrees>3.069544</LongitudeDegrees></Position><AltitudeMeters>37.7</AltitudeMeters><Extensions><TPX xmlns="http://www.garmin.com/xmlschemas/ActivityExtension/v2"><Speed>2.48</Speed></TPX></Extensions></Trackpoint><Trackpoint><Time>2026-03-31T17:06:21+00:00</Time><DistanceMeters>4352.6</DistanceMeters><Position><LatitudeDegrees>50.577272</LatitudeDegrees><LongitudeDegrees>3.069563</LongitudeDegrees></Position><AltitudeMeters>37.7</AltitudeMeters><Extensions><TPX xmlns="http://www.garmin.com/xmlschemas/ActivityExtension/v2"><Speed>2.53</Speed></TPX></Extensions></Trackpoint><Trackpoint><Time>2026-03-31T17:06:22+00:00</Time><DistanceMeters>4355.4</DistanceMeters><Position><LatitudeDegrees>50.577275</LatitudeDegrees><LongitudeDegrees>3.069622</LongitudeDegrees></Position><AltitudeMeters>37.7</AltitudeMeters><Extensions><TPX xmlns="http://www.garmin.com/xmlschemas/ActivityExtension/v2"><Speed>2.6</Speed></TPX></Extensions></Trackpoint><Trackpoint><Time>2026-03-31T17:06:23+00:00</Time><DistanceMeters>4358.2</DistanceMeters><Position><LatitudeDegrees>50.577278</LatitudeDegrees><LongitudeDegrees>3.069641</LongitudeDegrees></Position><AltitudeMeters>37.8</AltitudeMeters><Extensions><TPX xmlns="http://www.garmin.com/xmlschemas/ActivityExtension/v2"><Speed>2.68</Speed></TPX></Extensions></Trackpoint><Trackpoint><Time>2026-03-31T17:06:24+00:00</Time><DistanceMeters>4360.6</DistanceMeters><Position><LatitudeDegrees>50.577278</LatitudeDegrees><LongitudeDegrees>3.069691</LongitudeDegrees></Position><AltitudeMeters>37.8</AltitudeMeters><Extensions><TPX xmlns="http://www.garmin.com/xmlschemas/ActivityExtension/v2"><Speed>2.68</Speed></TPX></Extensions></Trackpoint><Trackpoint><Time>2026-03-31T17:06:25+00:00</Time><DistanceMeters>4363.0</DistanceMeters><Position><LatitudeDegrees>50.577279</LatitudeDegrees><LongitudeDegrees>3.069709</LongitudeDegrees></Position><AltitudeMeters>37.8</AltitudeMeters><Extensions><TPX xmlns="http://www.garmin.com/xmlschemas/ActivityExtension/v2"><Speed>2.62</Speed></TPX></Extensions></Trackpoint><Trackpoint><Time>2026-03-31T17:06:26+00:00</Time><DistanceMeters>4365.3</DistanceMeters><Position><LatitudeDegrees>50.577286</LatitudeDegrees><LongitudeDegrees>3.069758</LongitudeDegrees></Position><AltitudeMeters>37.8</AltitudeMeters><Extensions><TPX xmlns="http://www.garmin.com/xmlschemas/ActivityExtension/v2"><Speed>2.54</Speed></TPX></Extensions></Trackpoint><Trackpoint><Time>2026-03-31T17:06:27+00:00</Time><DistanceMeters>4367.6</DistanceMeters><Position><LatitudeDegrees>50.577286</LatitudeDegrees><LongitudeDegrees>3.069773</LongitudeDegrees></Position><AltitudeMeters>37.8</AltitudeMeters><Extensions><TPX xmlns="http://www.garmin.com/xmlschemas/ActivityExtension/v2"><Speed>2.44</Speed></TPX></Extensions></Trackpoint><Trackpoint><Time>2026-03-31T17:06:28+00:00</Time><DistanceMeters>4370.2</DistanceMeters><Position><LatitudeDegrees>50.577288</LatitudeDegrees><LongitudeDegrees>3.069829</LongitudeDegrees></Position><AltitudeMeters>37.8</AltitudeMeters><Extensions><TPX xmlns="http://www.garmin.com/xmlschemas/ActivityExtension/v2"><Speed>2.39</Speed></TPX></Extensions></Trackpoint><Trackpoint><Time>2026-03-31T17:06:29+00:00</Time><DistanceMeters>4372.7</DistanceMeters><Position><LatitudeDegrees>50.577287</LatitudeDegrees><LongitudeDegrees>3.069845</LongitudeDegrees></Position><AltitudeMeters>37.8</AltitudeMeters><Extensions><TPX xmlns="http://www.garmin.com/xmlschemas/ActivityExtension/v2"><Speed>2.42</Speed></TPX></Extensions></Trackpoint><Trackpoint><Time>2026-03-31T17:06:30+00:00</Time><DistanceMeters>4375.4</DistanceMeters><Position><LatitudeDegrees>50.57729</LatitudeDegrees><LongitudeDegrees>3.0699</LongitudeDegrees></Position><AltitudeMeters>37.9</AltitudeMeters><Extensions><TPX xmlns="http://www.garmin.com/xmlschemas/ActivityExtension/v2"><Speed>2.48</Speed></TPX></Extensions></Trackpoint><Trackpoint><Time>2026-03-31T17:06:31+00:00</Time><DistanceMeters>4378.1</DistanceMeters><Position><LatitudeDegrees>50.57729</LatitudeDegrees><LongitudeDegrees>3.069921</LongitudeDegrees></Position><AltitudeMeters>37.9</AltitudeMeters><Extensions><TPX xmlns="http://www.garmin.com/xmlschemas/ActivityExtension/v2"><Speed>2.56</Speed></TPX></Extensions></Trackpoint><Trackpoint><Time>2026-03-31T17:06:32+00:00</Time><DistanceMeters>4380.7</DistanceMeters><Position><LatitudeDegrees>50.577297</LatitudeDegrees><LongitudeDegrees>3.069972</LongitudeDegrees></Position><AltitudeMeters>37.9</AltitudeMeters><Extensions><TPX xmlns="http://www.garmin.com/xmlschemas/ActivityExtension/v2"><Speed>2.62</Speed></TPX></Extensions></Trackpoint><Trackpoint><Time>2026-03-31T17:06:33+00:00</Time><DistanceMeters>4383.3</DistanceMeters><Position><LatitudeDegrees>50.577299</LatitudeDegrees><LongitudeDegrees>3.069993</LongitudeDegrees></Position><AltitudeMeters>37.9</AltitudeMeters><Extensions><TPX xmlns="http://www.garmin.com/xmlschemas/ActivityExtension/v2"><Speed>2.63</Speed></TPX></Extensions></Trackpoint><Trackpoint><Time>2026-03-31T17:06:34+00:00</Time><DistanceMeters>4385.9</DistanceMeters><Position><LatitudeDegrees>50.577306</LatitudeDegrees><LongitudeDegrees>3.070046</LongitudeDegrees></Position><AltitudeMeters>37.9</AltitudeMeters><Extensions><TPX xmlns="http://www.garmin.com/xmlschemas/ActivityExtension/v2"><Speed>2.64</Speed></TPX></Extensions></Trackpoint><Trackpoint><Time>2026-03-31T17:06:35+00:00</Time><DistanceMeters>4388.5</DistanceMeters><Position><LatitudeDegrees>50.577309</LatitudeDegrees><LongitudeDegrees>3.070065</LongitudeDegrees></Position><AltitudeMeters>38.0</AltitudeMeters><Extensions><TPX xmlns="http://www.garmin.com/xmlschemas/ActivityExtension/v2"><Speed>2.62</Speed></TPX></Extensions></Trackpoint><Trackpoint><Time>2026-03-31T17:06:36+00:00</Time><DistanceMeters>4391.0</DistanceMeters><Position><LatitudeDegrees>50.577313</LatitudeDegrees><LongitudeDegrees>3.070117</LongitudeDegrees></Position><AltitudeMeters>38.0</AltitudeMeters><Extensions><TPX xmlns="http://www.garmin.com/xmlschemas/ActivityExtension/v2"><Speed>2.58</Speed></TPX></Extensions></Trackpoint><Trackpoint><Time>2026-03-31T17:06:37+00:00</Time><DistanceMeters>4393.5</DistanceMeters><Position><LatitudeDegrees>50.577315</LatitudeDegrees><LongitudeDegrees>3.070135</LongitudeDegrees></Position><AltitudeMeters>38.0</AltitudeMeters><Extensions><TPX xmlns="http://www.garmin.com/xmlschemas/ActivityExtension/v2"><Speed>2.56</Speed></TPX></Extensions></Trackpoint><Trackpoint><Time>2026-03-31T17:06:38+00:00</Time><DistanceMeters>4396.1</DistanceMeters><Position><LatitudeDegrees>50.577317</LatitudeDegrees><LongitudeDegrees>3.070187</LongitudeDegrees></Position><AltitudeMeters>38.0</AltitudeMeters><Extensions><TPX xmlns="http://www.garmin.com/xmlschemas/ActivityExtension/v2"><Speed>2.56</Speed></TPX></Extensions></Trackpoint><Trackpoint><Time>2026-03-31T17:06:39+00:00</Time><DistanceMeters>4398.7</DistanceMeters><Position><LatitudeDegrees>50.57732</LatitudeDegrees><LongitudeDegrees>3.070207</LongitudeDegrees></Position><AltitudeMeters>38.0</AltitudeMeters><Extensions><TPX xmlns="http://www.garmin.com/xmlschemas/ActivityExtension/v2"><Speed>2.56</Speed></TPX></Extensions></Trackpoint><Trackpoint><Time>2026-03-31T17:06:40+00:00</Time><DistanceMeters>4401.2</DistanceMeters><Position><LatitudeDegrees>50.577326</LatitudeDegrees><LongitudeDegrees>3.07026</LongitudeDegrees></Position><AltitudeMeters>38.0</AltitudeMeters><Extensions><TPX xmlns="http://www.garmin.com/xmlschemas/ActivityExtension/v2"><Speed>2.54</Speed></TPX></Extensions></Trackpoint><Trackpoint><Time>2026-03-31T17:06:41+00:00</Time><DistanceMeters>4403.7</DistanceMeters><Position><LatitudeDegrees>50.577329</LatitudeDegrees><LongitudeDegrees>3.070277</LongitudeDegrees></Position><AltitudeMeters>38.1</AltitudeMeters><Extensions><TPX xmlns="http://www.garmin.com/xmlschemas/ActivityExtension/v2"><Speed>2.54</Speed></TPX></Extensions></Trackpoint><Trackpoint><Time>2026-03-31T17:06:42+00:00</Time><DistanceMeters>4406.9</DistanceMeters><Position><LatitudeDegrees>50.577335</LatitudeDegrees><LongitudeDegrees>3.070321</LongitudeDegrees></Position><AltitudeMeters>38.1</AltitudeMeters><Extensions><TPX xmlns="http://www.garmin.com/xmlschemas/ActivityExtension/v2"><Speed>2.68</Speed></TPX></Extensions></Trackpoint><Trackpoint><Time>2026-03-31T17:06:43+00:00</Time><DistanceMeters>4409.7</DistanceMeters><Position><LatitudeDegrees>50.577347</LatitudeDegrees><LongitudeDegrees>3.070377</LongitudeDegrees></Position><AltitudeMeters>38.1</AltitudeMeters><Extensions><TPX xmlns="http://www.garmin.com/xmlschemas/ActivityExtension/v2"><Speed>2.71</Speed></TPX></Extensions></Trackpoint><Trackpoint><Time>2026-03-31T17:06:44+00:00</Time><DistanceMeters>4412.4</DistanceMeters><Position><LatitudeDegrees>50.577351</LatitudeDegrees><LongitudeDegrees>3.070395</LongitudeDegrees></Position><AltitudeMeters>38.1</AltitudeMeters><Extensions><TPX xmlns="http://www.garmin.com/xmlschemas/ActivityExtension/v2"><Speed>2.74</Speed></TPX></Extensions></Trackpoint><Trackpoint><Time>2026-03-31T17:06:45+00:00</Time><DistanceMeters>4415.0</DistanceMeters><Position><LatitudeDegrees>50.577367</LatitudeDegrees><LongitudeDegrees>3.070445</LongitudeDegrees></Position><AltitudeMeters>38.1</AltitudeMeters><Extensions><TPX xmlns="http://www.garmin.com/xmlschemas/ActivityExtension/v2"><Speed>2.76</Speed></TPX></Extensions></Trackpoint><Trackpoint><Time>2026-03-31T17:06:46+00:00</Time><DistanceMeters>4417.6</DistanceMeters><Position><LatitudeDegrees>50.577373</LatitudeDegrees><LongitudeDegrees>3.07046</LongitudeDegrees></Position><AltitudeMeters>38.1</AltitudeMeters><Extensions><TPX xmlns="http://www.garmin.com/xmlschemas/ActivityExtension/v2"><Speed>2.78</Speed></TPX></Extensions></Trackpoint><Trackpoint><Time>2026-03-31T17:06:47+00:00</Time><DistanceMeters>4420.7</DistanceMeters><Position><LatitudeDegrees>50.577381</LatitudeDegrees><LongitudeDegrees>3.070501</LongitudeDegrees></Position><AltitudeMeters>38.2</AltitudeMeters><Extensions><TPX xmlns="http://www.garmin.com/xmlschemas/ActivityExtension/v2"><Speed>2.76</Speed></TPX></Extensions></Trackpoint><Trackpoint><Time>2026-03-31T17:06:48+00:00</Time><DistanceMeters>4423.2</DistanceMeters><Position><LatitudeDegrees>50.577394</LatitudeDegrees><LongitudeDegrees>3.07055</LongitudeDegrees></Position><AltitudeMeters>38.2</AltitudeMeters><Extensions><TPX xmlns="http://www.garmin.com/xmlschemas/ActivityExtension/v2"><Speed>2.71</Speed></TPX></Extensions></Trackpoint><Trackpoint><Time>2026-03-31T17:06:49+00:00</Time><DistanceMeters>4425.7</DistanceMeters><Position><LatitudeDegrees>50.577397</LatitudeDegrees><LongitudeDegrees>3.070567</LongitudeDegrees></Position><AltitudeMeters>38.2</AltitudeMeters><Extensions><TPX xmlns="http://www.garmin.com/xmlschemas/ActivityExtension/v2"><Speed>2.66</Speed></TPX></Extensions></Trackpoint><Trackpoint><Time>2026-03-31T17:06:50+00:00</Time><DistanceMeters>4428.4</DistanceMeters><Position><LatitudeDegrees>50.577415</LatitudeDegrees><LongitudeDegrees>3.070618</LongitudeDegrees></Position><AltitudeMeters>38.2</AltitudeMeters><Extensions><TPX xmlns="http://www.garmin.com/xmlschemas/ActivityExtension/v2"><Speed>2.67</Speed></TPX></Extensions></Trackpoint><Trackpoint><Time>2026-03-31T17:06:51+00:00</Time><DistanceMeters>4431.0</DistanceMeters><Position><LatitudeDegrees>50.57742</LatitudeDegrees><LongitudeDegrees>3.070634</LongitudeDegrees></Position><AltitudeMeters>38.2</AltitudeMeters><Extensions><TPX xmlns="http://www.garmin.com/xmlschemas/ActivityExtension/v2"><Speed>2.68</Speed></TPX></Extensions></Trackpoint><Trackpoint><Time>2026-03-31T17:06:52+00:00</Time><DistanceMeters>4433.7</DistanceMeters><Position><LatitudeDegrees>50.577432</LatitudeDegrees><LongitudeDegrees>3.070685</LongitudeDegrees></Position><AltitudeMeters>38.3</AltitudeMeters><Extensions><TPX xmlns="http://www.garmin.com/xmlschemas/ActivityExtension/v2"><Speed>2.59</Speed></TPX></Extensions></Trackpoint><Trackpoint><Time>2026-03-31T17:06:53+00:00</Time><DistanceMeters>4436.3</DistanceMeters><Position><LatitudeDegrees>50.577436</LatitudeDegrees><LongitudeDegrees>3.070704</LongitudeDegrees></Position><AltitudeMeters>38.3</AltitudeMeters><Extensions><TPX xmlns="http://www.garmin.com/xmlschemas/ActivityExtension/v2"><Speed>2.62</Speed></TPX></Extensions></Trackpoint><Trackpoint><Time>2026-03-31T17:06:54+00:00</Time><DistanceMeters>4439.4</DistanceMeters><Position><LatitudeDegrees>50.57745</LatitudeDegrees><LongitudeDegrees>3.070741</LongitudeDegrees></Position><AltitudeMeters>38.3</AltitudeMeters><Extensions><TPX xmlns="http://www.garmin.com/xmlschemas/ActivityExtension/v2"><Speed>2.74</Speed></TPX></Extensions></Trackpoint><Trackpoint><Time>2026-03-31T17:06:56+00:00</Time><DistanceMeters>4442.0</DistanceMeters><Position><LatitudeDegrees>50.577465</LatitudeDegrees><LongitudeDegrees>3.070788</LongitudeDegrees></Position><AltitudeMeters>38.3</AltitudeMeters><Extensions><TPX xmlns="http://www.garmin.com/xmlschemas/ActivityExtension/v2"><Speed>2.2</Speed></TPX></Extensions></Trackpoint><Trackpoint><Time>2026-03-31T17:06:57+00:00</Time><DistanceMeters>4444.6</DistanceMeters><Position><LatitudeDegrees>50.577469</LatitudeDegrees><LongitudeDegrees>3.070808</LongitudeDegrees></Position><AltitudeMeters>38.3</AltitudeMeters><Extensions><TPX xmlns="http://www.garmin.com/xmlschemas/ActivityExtension/v2"><Speed>2.19</Speed></TPX></Extensions></Trackpoint><Trackpoint><Time>2026-03-31T17:06:58+00:00</Time><DistanceMeters>4446.8</DistanceMeters><Position><LatitudeDegrees>50.577489</LatitudeDegrees><LongitudeDegrees>3.070846</LongitudeDegrees></Position><AltitudeMeters>38.4</AltitudeMeters><Extensions><TPX xmlns="http://www.garmin.com/xmlschemas/ActivityExtension/v2"><Speed>2.1</Speed></TPX></Extensions></Trackpoint><Trackpoint><Time>2026-03-31T17:06:59+00:00</Time><DistanceMeters>4449.0</DistanceMeters><Position><LatitudeDegrees>50.577494</LatitudeDegrees><LongitudeDegrees>3.070857</LongitudeDegrees></Position><AltitudeMeters>38.4</AltitudeMeters><Extensions><TPX xmlns="http://www.garmin.com/xmlschemas/ActivityExtension/v2"><Speed>1.92</Speed></TPX></Extensions></Trackpoint><Trackpoint><Time>2026-03-31T17:07:00+00:00</Time><DistanceMeters>4451.8</DistanceMeters><Position><LatitudeDegrees>50.577507</LatitudeDegrees><LongitudeDegrees>3.070912</LongitudeDegrees></Position><AltitudeMeters>38.4</AltitudeMeters><Extensions><TPX xmlns="http://www.garmin.com/xmlschemas/ActivityExtension/v2"><Speed>2.058</Speed></TPX></Extensions></Trackpoint><Trackpoint><Time>2026-03-31T17:07:01+00:00</Time><DistanceMeters>4454.5</DistanceMeters><Position><LatitudeDegrees>50.577511</LatitudeDegrees><LongitudeDegrees>3.070929</LongitudeDegrees></Position><AltitudeMeters>38.4</AltitudeMeters><Extensions><TPX xmlns="http://www.garmin.com/xmlschemas/ActivityExtension/v2"><Speed>2.5</Speed></TPX></Extensions></Trackpoint><Trackpoint><Time>2026-03-31T17:07:02+00:00</Time><DistanceMeters>4457.6</DistanceMeters><Position><LatitudeDegrees>50.577531</LatitudeDegrees><LongitudeDegrees>3.070961</LongitudeDegrees></Position><AltitudeMeters>38.5</AltitudeMeters><Extensions><TPX xmlns="http://www.garmin.com/xmlschemas/ActivityExtension/v2"><Speed>2.6</Speed></TPX></Extensions></Trackpoint><Trackpoint><Time>2026-03-31T17:07:03+00:00</Time><DistanceMeters>4460.4</DistanceMeters><Position><LatitudeDegrees>50.577545</LatitudeDegrees><LongitudeDegrees>3.071018</LongitudeDegrees></Position><AltitudeMeters>38.5</AltitudeMeters><Extensions><TPX xmlns="http://www.garmin.com/xmlschemas/ActivityExtension/v2"><Speed>2.72</Speed></TPX></Extensions></Trackpoint><Trackpoint><Time>2026-03-31T17:07:04+00:00</Time><DistanceMeters>4463.2</DistanceMeters><Position><LatitudeDegrees>50.577549</LatitudeDegrees><LongitudeDegrees>3.071035</LongitudeDegrees></Position><AltitudeMeters>38.5</AltitudeMeters><Extensions><TPX xmlns="http://www.garmin.com/xmlschemas/ActivityExtension/v2"><Speed>2.84</Speed></TPX></Extensions></Trackpoint><Trackpoint><Time>2026-03-31T17:07:05+00:00</Time><DistanceMeters>4466.0</DistanceMeters><Position><LatitudeDegrees>50.577568</LatitudeDegrees><LongitudeDegrees>3.071085</LongitudeDegrees></Position><AltitudeMeters>38.5</AltitudeMeters><Extensions><TPX xmlns="http://www.garmin.com/xmlschemas/ActivityExtension/v2"><Speed>2.84</Speed></TPX></Extensions></Trackpoint><Trackpoint><Time>2026-03-31T17:07:06+00:00</Time><DistanceMeters>4468.7</DistanceMeters><Position><LatitudeDegrees>50.577573</LatitudeDegrees><LongitudeDegrees>3.071102</LongitudeDegrees></Position><AltitudeMeters>38.6</AltitudeMeters><Extensions><TPX xmlns="http://www.garmin.com/xmlschemas/ActivityExtension/v2"><Speed>2.84</Speed></TPX></Extensions></Trackpoint><Trackpoint><Time>2026-03-31T17:07:07+00:00</Time><DistanceMeters>4471.3</DistanceMeters><Position><LatitudeDegrees>50.577588</LatitudeDegrees><LongitudeDegrees>3.071151</LongitudeDegrees></Position><AltitudeMeters>38.6</AltitudeMeters><Extensions><TPX xmlns="http://www.garmin.com/xmlschemas/ActivityExtension/v2"><Speed>2.74</Speed></TPX></Extensions></Trackpoint><Trackpoint><Time>2026-03-31T17:07:08+00:00</Time><DistanceMeters>4473.9</DistanceMeters><Position><LatitudeDegrees>50.577591</LatitudeDegrees><LongitudeDegrees>3.071169</LongitudeDegrees></Position><AltitudeMeters>38.6</AltitudeMeters><Extensions><TPX xmlns="http://www.garmin.com/xmlschemas/ActivityExtension/v2"><Speed>2.7</Speed></TPX></Extensions></Trackpoint><Trackpoint><Time>2026-03-31T17:07:09+00:00</Time><DistanceMeters>4476.3</DistanceMeters><Position><LatitudeDegrees>50.577607</LatitudeDegrees><LongitudeDegrees>3.071214</LongitudeDegrees></Position><AltitudeMeters>38.6</AltitudeMeters><Extensions><TPX xmlns="http://www.garmin.com/xmlschemas/ActivityExtension/v2"><Speed>2.61</Speed></TPX></Extensions></Trackpoint><Trackpoint><Time>2026-03-31T17:07:10+00:00</Time><DistanceMeters>4478.6</DistanceMeters><Position><LatitudeDegrees>50.577613</LatitudeDegrees><LongitudeDegrees>3.071228</LongitudeDegrees></Position><AltitudeMeters>38.7</AltitudeMeters><Extensions><TPX xmlns="http://www.garmin.com/xmlschemas/ActivityExtension/v2"><Speed>2.53</Speed></TPX></Extensions></Trackpoint><Trackpoint><Time>2026-03-31T17:07:11+00:00</Time><DistanceMeters>4483.5</DistanceMeters><Position><LatitudeDegrees>50.577628</LatitudeDegrees><LongitudeDegrees>3.071293</LongitudeDegrees></Position><AltitudeMeters>38.7</AltitudeMeters><Extensions><TPX xmlns="http://www.garmin.com/xmlschemas/ActivityExtension/v2"><Speed>2.96</Speed></TPX></Extensions></Trackpoint><Trackpoint><Time>2026-03-31T17:07:12+00:00</Time><DistanceMeters>4486.0</DistanceMeters><Position><LatitudeDegrees>50.57764</LatitudeDegrees><LongitudeDegrees>3.071343</LongitudeDegrees></Position><AltitudeMeters>38.8</AltitudeMeters><Extensions><TPX xmlns="http://www.garmin.com/xmlschemas/ActivityExtension/v2"><Speed>2.93</Speed></TPX></Extensions></Trackpoint><Trackpoint><Time>2026-03-31T17:07:13+00:00</Time><DistanceMeters>4488.4</DistanceMeters><Position><LatitudeDegrees>50.577644</LatitudeDegrees><LongitudeDegrees>3.071357</LongitudeDegrees></Position><AltitudeMeters>38.8</AltitudeMeters><Extensions><TPX xmlns="http://www.garmin.com/xmlschemas/ActivityExtension/v2"><Speed>2.9</Speed></TPX></Extensions></Trackpoint><Trackpoint><Time>2026-03-31T17:07:14+00:00</Time><DistanceMeters>4491.7</DistanceMeters><Position><LatitudeDegrees>50.57765</LatitudeDegrees><LongitudeDegrees>3.071402</LongitudeDegrees></Position><AltitudeMeters>38.8</AltitudeMeters><Extensions><TPX xmlns="http://www.garmin.com/xmlschemas/ActivityExtension/v2"><Speed>3.09</Speed></TPX></Extensions></Trackpoint><Trackpoint><Time>2026-03-31T17:07:15+00:00</Time><DistanceMeters>4494.3</DistanceMeters><Position><LatitudeDegrees>50.577664</LatitudeDegrees><LongitudeDegrees>3.071453</LongitudeDegrees></Position><AltitudeMeters>38.9</AltitudeMeters><Extensions><TPX xmlns="http://www.garmin.com/xmlschemas/ActivityExtension/v2"><Speed>3.14</Speed></TPX></Extensions></Trackpoint><Trackpoint><Time>2026-03-31T17:07:16+00:00</Time><DistanceMeters>4496.9</DistanceMeters><Position><LatitudeDegrees>50.57767</LatitudeDegrees><LongitudeDegrees>3.071469</LongitudeDegrees></Position><AltitudeMeters>38.9</AltitudeMeters><Extensions><TPX xmlns="http://www.garmin.com/xmlschemas/ActivityExtension/v2"><Speed>2.68</Speed></TPX></Extensions></Trackpoint><Trackpoint><Time>2026-03-31T17:07:17+00:00</Time><DistanceMeters>4499.4</DistanceMeters><Position><LatitudeDegrees>50.577677</LatitudeDegrees><LongitudeDegrees>3.071518</LongitudeDegrees></Position><AltitudeMeters>38.9</AltitudeMeters><Extensions><TPX xmlns="http://www.garmin.com/xmlschemas/ActivityExtension/v2"><Speed>2.68</Speed></TPX></Extensions></Trackpoint><Trackpoint><Time>2026-03-31T17:07:18+00:00</Time><DistanceMeters>4501.8</DistanceMeters><Position><LatitudeDegrees>50.57768</LatitudeDegrees><LongitudeDegrees>3.071537</LongitudeDegrees></Position><AltitudeMeters>38.9</AltitudeMeters><Extensions><TPX xmlns="http://www.garmin.com/xmlschemas/ActivityExtension/v2"><Speed>2.68</Speed></TPX></Extensions></Trackpoint><Trackpoint><Time>2026-03-31T17:07:19+00:00</Time><DistanceMeters>4504.4</DistanceMeters><Position><LatitudeDegrees>50.577689</LatitudeDegrees><LongitudeDegrees>3.07159</LongitudeDegrees></Position><AltitudeMeters>39.0</AltitudeMeters><Extensions><TPX xmlns="http://www.garmin.com/xmlschemas/ActivityExtension/v2"><Speed>2.54</Speed></TPX></Extensions></Trackpoint><Trackpoint><Time>2026-03-31T17:07:20+00:00</Time><DistanceMeters>4507.0</DistanceMeters><Position><LatitudeDegrees>50.577693</LatitudeDegrees><LongitudeDegrees>3.071606</LongitudeDegrees></Position><AltitudeMeters>39.0</AltitudeMeters><Extensions><TPX xmlns="http://www.garmin.com/xmlschemas/ActivityExtension/v2"><Speed>2.54</Speed></TPX></Extensions></Trackpoint><Trackpoint><Time>2026-03-31T17:07:21+00:00</Time><DistanceMeters>4509.6</DistanceMeters><Position><LatitudeDegrees>50.577704</LatitudeDegrees><LongitudeDegrees>3.071658</LongitudeDegrees></Position><AltitudeMeters>39.0</AltitudeMeters><Extensions><TPX xmlns="http://www.garmin.com/xmlschemas/ActivityExtension/v2"><Speed>2.53</Speed></TPX></Extensions></Trackpoint><Trackpoint><Time>2026-03-31T17:07:22+00:00</Time><DistanceMeters>4512.1</DistanceMeters><Position><LatitudeDegrees>50.577707</LatitudeDegrees><LongitudeDegrees>3.071676</LongitudeDegrees></Position><AltitudeMeters>39.1</AltitudeMeters><Extensions><TPX xmlns="http://www.garmin.com/xmlschemas/ActivityExtension/v2"><Speed>2.55</Speed></TPX></Extensions></Trackpoint><Trackpoint><Time>2026-03-31T17:07:23+00:00</Time><DistanceMeters>4514.6</DistanceMeters><Position><LatitudeDegrees>50.577712</LatitudeDegrees><LongitudeDegrees>3.07173</LongitudeDegrees></Position><AltitudeMeters>39.1</AltitudeMeters><Extensions><TPX xmlns="http://www.garmin.com/xmlschemas/ActivityExtension/v2"><Speed>2.55</Speed></TPX></Extensions></Trackpoint><Trackpoint><Time>2026-03-31T17:07:24+00:00</Time><DistanceMeters>4517.0</DistanceMeters><Position><LatitudeDegrees>50.577712</LatitudeDegrees><LongitudeDegrees>3.071745</LongitudeDegrees></Position><AltitudeMeters>39.1</AltitudeMeters><Extensions><TPX xmlns="http://www.garmin.com/xmlschemas/ActivityExtension/v2"><Speed>2.52</Speed></TPX></Extensions></Trackpoint><Trackpoint><Time>2026-03-31T17:07:25+00:00</Time><DistanceMeters>4519.7</DistanceMeters><Position><LatitudeDegrees>50.577719</LatitudeDegrees><LongitudeDegrees>3.071801</LongitudeDegrees></Position><AltitudeMeters>39.1</AltitudeMeters><Extensions><TPX xmlns="http://www.garmin.com/xmlschemas/ActivityExtension/v2"><Speed>2.54</Speed></TPX></Extensions></Trackpoint><Trackpoint><Time>2026-03-31T17:07:26+00:00</Time><DistanceMeters>4522.4</DistanceMeters><Position><LatitudeDegrees>50.577718</LatitudeDegrees><LongitudeDegrees>3.071819</LongitudeDegrees></Position><AltitudeMeters>39.2</AltitudeMeters><Extensions><TPX xmlns="http://www.garmin.com/xmlschemas/ActivityExtension/v2"><Speed>2.57</Speed></TPX></Extensions></Trackpoint><Trackpoint><Time>2026-03-31T17:07:27+00:00</Time><DistanceMeters>4524.7</DistanceMeters><Position><LatitudeDegrees>50.577722</LatitudeDegrees><LongitudeDegrees>3.071868</LongitudeDegrees></Position><AltitudeMeters>39.2</AltitudeMeters><Extensions><TPX xmlns="http://www.garmin.com/xmlschemas/ActivityExtension/v2"><Speed>2.52</Speed></TPX></Extensions></Trackpoint><Trackpoint><Time>2026-03-31T17:07:28+00:00</Time><DistanceMeters>4527.0</DistanceMeters><Position><LatitudeDegrees>50.577722</LatitudeDegrees><LongitudeDegrees>3.071884</LongitudeDegrees></Position><AltitudeMeters>39.2</AltitudeMeters><Extensions><TPX xmlns="http://www.garmin.com/xmlschemas/ActivityExtension/v2"><Speed>2.49</Speed></TPX></Extensions></Trackpoint><Trackpoint><Time>2026-03-31T17:07:29+00:00</Time><DistanceMeters>4529.7</DistanceMeters><Position><LatitudeDegrees>50.577723</LatitudeDegrees><LongitudeDegrees>3.07194</LongitudeDegrees></Position><AltitudeMeters>39.2</AltitudeMeters><Extensions><TPX xmlns="http://www.garmin.com/xmlschemas/ActivityExtension/v2"><Speed>2.53</Speed></TPX></Extensions></Trackpoint><Trackpoint><Time>2026-03-31T17:07:30+00:00</Time><DistanceMeters>4532.3</DistanceMeters><Position><LatitudeDegrees>50.577722</LatitudeDegrees><LongitudeDegrees>3.071959</LongitudeDegrees></Position><AltitudeMeters>39.3</AltitudeMeters><Extensions><TPX xmlns="http://www.garmin.com/xmlschemas/ActivityExtension/v2"><Speed>2.52</Speed></TPX></Extensions></Trackpoint><Trackpoint><Time>2026-03-31T17:07:31+00:00</Time><DistanceMeters>4534.8</DistanceMeters><Position><LatitudeDegrees>50.577719</LatitudeDegrees><LongitudeDegrees>3.072012</LongitudeDegrees></Position><AltitudeMeters>39.3</AltitudeMeters><Extensions><TPX xmlns="http://www.garmin.com/xmlschemas/ActivityExtension/v2"><Speed>2.47</Speed></TPX></Extensions></Trackpoint><Trackpoint><Time>2026-03-31T17:07:32+00:00</Time><DistanceMeters>4537.2</DistanceMeters><Position><LatitudeDegrees>50.577717</LatitudeDegrees><LongitudeDegrees>3.072028</LongitudeDegrees></Position><AltitudeMeters>39.3</AltitudeMeters><Extensions><TPX xmlns="http://www.garmin.com/xmlschemas/ActivityExtension/v2"><Speed>2.5</Speed></TPX></Extensions></Trackpoint><Trackpoint><Time>2026-03-31T17:07:33+00:00</Time><DistanceMeters>4539.8</DistanceMeters><Position><LatitudeDegrees>50.57772</LatitudeDegrees><LongitudeDegrees>3.072083</LongitudeDegrees></Position><AltitudeMeters>39.3</AltitudeMeters><Extensions><TPX xmlns="http://www.garmin.com/xmlschemas/ActivityExtension/v2"><Speed>2.55</Speed></TPX></Extensions></Trackpoint><Trackpoint><Time>2026-03-31T17:07:34+00:00</Time><DistanceMeters>4542.3</DistanceMeters><Position><LatitudeDegrees>50.577722</LatitudeDegrees><LongitudeDegrees>3.0721</LongitudeDegrees></Position><AltitudeMeters>39.4</AltitudeMeters><Extensions><TPX xmlns="http://www.garmin.com/xmlschemas/ActivityExtension/v2"><Speed>2.53</Speed></TPX></Extensions></Trackpoint><Trackpoint><Time>2026-03-31T17:07:35+00:00</Time><DistanceMeters>4545.5</DistanceMeters><Position><LatitudeDegrees>50.577728</LatitudeDegrees><LongitudeDegrees>3.072144</LongitudeDegrees></Position><AltitudeMeters>39.4</AltitudeMeters><Extensions><TPX xmlns="http://www.garmin.com/xmlschemas/ActivityExtension/v2"><Speed>2.64</Speed></TPX></Extensions></Trackpoint><Trackpoint><Time>2026-03-31T17:07:36+00:00</Time><DistanceMeters>4549.0</DistanceMeters><Position><LatitudeDegrees>50.577726</LatitudeDegrees><LongitudeDegrees>3.072193</LongitudeDegrees></Position><AltitudeMeters>39.4</AltitudeMeters><Extensions><TPX xmlns="http://www.garmin.com/xmlschemas/ActivityExtension/v2"><Speed>2.85</Speed></TPX></Extensions></Trackpoint><Trackpoint><Time>2026-03-31T17:07:37+00:00</Time><DistanceMeters>4551.6</DistanceMeters><Position><LatitudeDegrees>50.577726</LatitudeDegrees><LongitudeDegrees>3.072246</LongitudeDegrees></Position><AltitudeMeters>39.5</AltitudeMeters><Extensions><TPX xmlns="http://www.garmin.com/xmlschemas/ActivityExtension/v2"><Speed>2.87</Speed></TPX></Extensions></Trackpoint><Trackpoint><Time>2026-03-31T17:07:38+00:00</Time><DistanceMeters>4554.1</DistanceMeters><Position><LatitudeDegrees>50.577726</LatitudeDegrees><LongitudeDegrees>3.072265</LongitudeDegrees></Position><AltitudeMeters>39.5</AltitudeMeters><Extensions><TPX xmlns="http://www.garmin.com/xmlschemas/ActivityExtension/v2"><Speed>2.87</Speed></TPX></Extensions></Trackpoint><Trackpoint><Time>2026-03-31T17:07:39+00:00</Time><DistanceMeters>4556.8</DistanceMeters><Position><LatitudeDegrees>50.577729</LatitudeDegrees><LongitudeDegrees>3.072321</LongitudeDegrees></Position><AltitudeMeters>39.5</AltitudeMeters><Extensions><TPX xmlns="http://www.garmin.com/xmlschemas/ActivityExtension/v2"><Speed>2.89</Speed></TPX></Extensions></Trackpoint><Trackpoint><Time>2026-03-31T17:07:40+00:00</Time><DistanceMeters>4559.4</DistanceMeters><Position><LatitudeDegrees>50.577729</LatitudeDegrees><LongitudeDegrees>3.07234</LongitudeDegrees></Position><AltitudeMeters>39.5</AltitudeMeters><Extensions><TPX xmlns="http://www.garmin.com/xmlschemas/ActivityExtension/v2"><Speed>2.78</Speed></TPX></Extensions></Trackpoint><Trackpoint><Time>2026-03-31T17:07:41+00:00</Time><DistanceMeters>4562.0</DistanceMeters><Position><LatitudeDegrees>50.577731</LatitudeDegrees><LongitudeDegrees>3.072396</LongitudeDegrees></Position><AltitudeMeters>39.6</AltitudeMeters><Extensions><TPX xmlns="http://www.garmin.com/xmlschemas/ActivityExtension/v2"><Speed>2.59</Speed></TPX></Extensions></Trackpoint><Trackpoint><Time>2026-03-31T17:07:42+00:00</Time><DistanceMeters>4564.5</DistanceMeters><Position><LatitudeDegrees>50.577731</LatitudeDegrees><LongitudeDegrees>3.072412</LongitudeDegrees></Position><AltitudeMeters>39.6</AltitudeMeters><Extensions><TPX xmlns="http://www.garmin.com/xmlschemas/ActivityExtension/v2"><Speed>2.59</Speed></TPX></Extensions></Trackpoint><Trackpoint><Time>2026-03-31T17:07:43+00:00</Time><DistanceMeters>4567.4</DistanceMeters><Position><LatitudeDegrees>50.57773</LatitudeDegrees><LongitudeDegrees>3.072473</LongitudeDegrees></Position><AltitudeMeters>39.6</AltitudeMeters><Extensions><TPX xmlns="http://www.garmin.com/xmlschemas/ActivityExtension/v2"><Speed>2.66</Speed></TPX></Extensions></Trackpoint><Trackpoint><Time>2026-03-31T17:07:44+00:00</Time><DistanceMeters>4570.3</DistanceMeters><Position><LatitudeDegrees>50.577731</LatitudeDegrees><LongitudeDegrees>3.072494</LongitudeDegrees></Position><AltitudeMeters>39.7</AltitudeMeters><Extensions><TPX xmlns="http://www.garmin.com/xmlschemas/ActivityExtension/v2"><Speed>2.71</Speed></TPX></Extensions></Trackpoint><Trackpoint><Time>2026-03-31T17:07:45+00:00</Time><DistanceMeters>4572.4</DistanceMeters><Position><LatitudeDegrees>50.577736</LatitudeDegrees><LongitudeDegrees>3.072538</LongitudeDegrees></Position><AltitudeMeters>39.7</AltitudeMeters><Extensions><TPX xmlns="http://www.garmin.com/xmlschemas/ActivityExtension/v2"><Speed>2.6</Speed></TPX></Extensions></Trackpoint><Trackpoint><Time>2026-03-31T17:07:46+00:00</Time><DistanceMeters>4574.5</DistanceMeters><Position><LatitudeDegrees>50.577739</LatitudeDegrees><LongitudeDegrees>3.072551</LongitudeDegrees></Position><AltitudeMeters>39.7</AltitudeMeters><Extensions><TPX xmlns="http://www.garmin.com/xmlschemas/ActivityExtension/v2"><Speed>2.51</Speed></TPX></Extensions></Trackpoint><Trackpoint><Time>2026-03-31T17:07:47+00:00</Time><DistanceMeters>4576.8</DistanceMeters><Position><LatitudeDegrees>50.577743</LatitudeDegrees><LongitudeDegrees>3.0726</LongitudeDegrees></Position><AltitudeMeters>39.7</AltitudeMeters><Extensions><TPX xmlns="http://www.garmin.com/xmlschemas/ActivityExtension/v2"><Speed>2.45</Speed></TPX></Extensions></Trackpoint><Trackpoint><Time>2026-03-31T17:07:48+00:00</Time><DistanceMeters>4579.0</DistanceMeters><Position><LatitudeDegrees>50.577743</LatitudeDegrees><LongitudeDegrees>3.072614</LongitudeDegrees></Position><AltitudeMeters>39.7</AltitudeMeters><Extensions><TPX xmlns="http://www.garmin.com/xmlschemas/ActivityExtension/v2"><Speed>2.32</Speed></TPX></Extensions></Trackpoint><Trackpoint><Time>2026-03-31T17:07:49+00:00</Time><DistanceMeters>4581.8</DistanceMeters><Position><LatitudeDegrees>50.577751</LatitudeDegrees><LongitudeDegrees>3.072672</LongitudeDegrees></Position><AltitudeMeters>39.8</AltitudeMeters><Extensions><TPX xmlns="http://www.garmin.com/xmlschemas/ActivityExtension/v2"><Speed>2.29</Speed></TPX></Extensions></Trackpoint><Trackpoint><Time>2026-03-31T17:07:50+00:00</Time><DistanceMeters>4584.5</DistanceMeters><Position><LatitudeDegrees>50.577754</LatitudeDegrees><LongitudeDegrees>3.072691</LongitudeDegrees></Position><AltitudeMeters>39.8</AltitudeMeters><Extensions><TPX xmlns="http://www.garmin.com/xmlschemas/ActivityExtension/v2"><Speed>2.42</Speed></TPX></Extensions></Trackpoint><Trackpoint><Time>2026-03-31T17:07:51+00:00</Time><DistanceMeters>4587.5</DistanceMeters><Position><LatitudeDegrees>50.577757</LatitudeDegrees><LongitudeDegrees>3.072733</LongitudeDegrees></Position><AltitudeMeters>39.8</AltitudeMeters><Extensions><TPX xmlns="http://www.garmin.com/xmlschemas/ActivityExtension/v2"><Speed>2.6</Speed></TPX></Extensions></Trackpoint><Trackpoint><Time>2026-03-31T17:07:52+00:00</Time><DistanceMeters>4590.4</DistanceMeters><Position><LatitudeDegrees>50.577774</LatitudeDegrees><LongitudeDegrees>3.072787</LongitudeDegrees></Position><AltitudeMeters>39.9</AltitudeMeters><Extensions><TPX xmlns="http://www.garmin.com/xmlschemas/ActivityExtension/v2"><Speed>2.73</Speed></TPX></Extensions></Trackpoint><Trackpoint><Time>2026-03-31T17:07:53+00:00</Time><DistanceMeters>4593.3</DistanceMeters><Position><LatitudeDegrees>50.577781</LatitudeDegrees><LongitudeDegrees>3.072805</LongitudeDegrees></Position><AltitudeMeters>40.0</AltitudeMeters><Extensions><TPX xmlns="http://www.garmin.com/xmlschemas/ActivityExtension/v2"><Speed>2.86</Speed></TPX></Extensions></Trackpoint><Trackpoint><Time>2026-03-31T17:07:54+00:00</Time><DistanceMeters>4596.1</DistanceMeters><Position><LatitudeDegrees>50.57781</LatitudeDegrees><LongitudeDegrees>3.072845</LongitudeDegrees></Position><AltitudeMeters>40.0</AltitudeMeters><Extensions><TPX xmlns="http://www.garmin.com/xmlschemas/ActivityExtension/v2"><Speed>2.87</Speed></TPX></Extensions></Trackpoint><Trackpoint><Time>2026-03-31T17:07:55+00:00</Time><DistanceMeters>4598.9</DistanceMeters><Position><LatitudeDegrees>50.577818</LatitudeDegrees><LongitudeDegrees>3.072859</LongitudeDegrees></Position><AltitudeMeters>40.1</AltitudeMeters><Extensions><TPX xmlns="http://www.garmin.com/xmlschemas/ActivityExtension/v2"><Speed>2.88</Speed></TPX></Extensions></Trackpoint><Trackpoint><Time>2026-03-31T17:07:56+00:00</Time><DistanceMeters>4602.1</DistanceMeters><Position><LatitudeDegrees>50.577837</LatitudeDegrees><LongitudeDegrees>3.072893</LongitudeDegrees></Position><AltitudeMeters>40.1</AltitudeMeters><Extensions><TPX xmlns="http://www.garmin.com/xmlschemas/ActivityExtension/v2"><Speed>2.92</Speed></TPX></Extensions></Trackpoint><Trackpoint><Time>2026-03-31T17:07:57+00:00</Time><DistanceMeters>4604.9</DistanceMeters><Position><LatitudeDegrees>50.577862</LatitudeDegrees><LongitudeDegrees>3.072935</LongitudeDegrees></Position><AltitudeMeters>40.2</AltitudeMeters><Extensions><TPX xmlns="http://www.garmin.com/xmlschemas/ActivityExtension/v2"><Speed>2.89</Speed></TPX></Extensions></Trackpoint><Trackpoint><Time>2026-03-31T17:07:58+00:00</Time><DistanceMeters>4607.6</DistanceMeters><Position><LatitudeDegrees>50.577871</LatitudeDegrees><LongitudeDegrees>3.07295</LongitudeDegrees></Position><AltitudeMeters>40.2</AltitudeMeters><Extensions><TPX xmlns="http://www.garmin.com/xmlschemas/ActivityExtension/v2"><Speed>2.86</Speed></TPX></Extensions></Trackpoint><Trackpoint><Time>2026-03-31T17:07:59+00:00</Time><DistanceMeters>4610.3</DistanceMeters><Position><LatitudeDegrees>50.577895</LatitudeDegrees><LongitudeDegrees>3.072994</LongitudeDegrees></Position><AltitudeMeters>40.3</AltitudeMeters><Extensions><TPX xmlns="http://www.garmin.com/xmlschemas/ActivityExtension/v2"><Speed>2.84</Speed></TPX></Extensions></Trackpoint><Trackpoint><Time>2026-03-31T17:08:00+00:00</Time><DistanceMeters>4613.0</DistanceMeters><Position><LatitudeDegrees>50.577904</LatitudeDegrees><LongitudeDegrees>3.073004</LongitudeDegrees></Position><AltitudeMeters>40.4</AltitudeMeters><Extensions><TPX xmlns="http://www.garmin.com/xmlschemas/ActivityExtension/v2"><Speed>2.82</Speed></TPX></Extensions></Trackpoint><Trackpoint><Time>2026-03-31T17:08:01+00:00</Time><DistanceMeters>4615.7</DistanceMeters><Position><LatitudeDegrees>50.577926</LatitudeDegrees><LongitudeDegrees>3.073052</LongitudeDegrees></Position><AltitudeMeters>40.5</AltitudeMeters><Extensions><TPX xmlns="http://www.garmin.com/xmlschemas/ActivityExtension/v2"><Speed>2.72</Speed></TPX></Extensions></Trackpoint><Trackpoint><Time>2026-03-31T17:08:02+00:00</Time><DistanceMeters>4618.4</DistanceMeters><Position><LatitudeDegrees>50.577935</LatitudeDegrees><LongitudeDegrees>3.073063</LongitudeDegrees></Position><AltitudeMeters>40.5</AltitudeMeters><Extensions><TPX xmlns="http://www.garmin.com/xmlschemas/ActivityExtension/v2"><Speed>2.71</Speed></TPX></Extensions></Trackpoint><Trackpoint><Time>2026-03-31T17:08:03+00:00</Time><DistanceMeters>4621.1</DistanceMeters><Position><LatitudeDegrees>50.577958</LatitudeDegrees><LongitudeDegrees>3.073109</LongitudeDegrees></Position><AltitudeMeters>40.6</AltitudeMeters><Extensions><TPX xmlns="http://www.garmin.com/xmlschemas/ActivityExtension/v2"><Speed>2.7</Speed></TPX></Extensions></Trackpoint><Trackpoint><Time>2026-03-31T17:08:04+00:00</Time><DistanceMeters>4623.8</DistanceMeters><Position><LatitudeDegrees>50.577966</LatitudeDegrees><LongitudeDegrees>3.073122</LongitudeDegrees></Position><AltitudeMeters>40.6</AltitudeMeters><Extensions><TPX xmlns="http://www.garmin.com/xmlschemas/ActivityExtension/v2"><Speed>2.7</Speed></TPX></Extensions></Trackpoint><Trackpoint><Time>2026-03-31T17:08:05+00:00</Time><DistanceMeters>4626.6</DistanceMeters><Position><LatitudeDegrees>50.577992</LatitudeDegrees><LongitudeDegrees>3.073164</LongitudeDegrees></Position><AltitudeMeters>40.7</AltitudeMeters><Extensions><TPX xmlns="http://www.garmin.com/xmlschemas/ActivityExtension/v2"><Speed>2.71</Speed></TPX></Extensions></Trackpoint><Trackpoint><Time>2026-03-31T17:08:06+00:00</Time><DistanceMeters>4629.3</DistanceMeters><Position><LatitudeDegrees>50.578001</LatitudeDegrees><LongitudeDegrees>3.073177</LongitudeDegrees></Position><AltitudeMeters>40.7</AltitudeMeters><Extensions><TPX xmlns="http://www.garmin.com/xmlschemas/ActivityExtension/v2"><Speed>2.72</Speed></TPX></Extensions></Trackpoint><Trackpoint><Time>2026-03-31T17:08:07+00:00</Time><DistanceMeters>4632.2</DistanceMeters><Position><LatitudeDegrees>50.578027</LatitudeDegrees><LongitudeDegrees>3.073221</LongitudeDegrees></Position><AltitudeMeters>40.9</AltitudeMeters><Extensions><TPX xmlns="http://www.garmin.com/xmlschemas/ActivityExtension/v2"><Speed>2.75</Speed></TPX></Extensions></Trackpoint><Trackpoint><Time>2026-03-31T17:08:08+00:00</Time><DistanceMeters>4635.0</DistanceMeters><Position><LatitudeDegrees>50.578037</LatitudeDegrees><LongitudeDegrees>3.073236</LongitudeDegrees></Position><AltitudeMeters>40.9</AltitudeMeters><Extensions><TPX xmlns="http://www.garmin.com/xmlschemas/ActivityExtension/v2"><Speed>2.78</Speed></TPX></Extensions></Trackpoint><Trackpoint><Time>2026-03-31T17:08:09+00:00</Time><DistanceMeters>4637.7</DistanceMeters><Position><LatitudeDegrees>50.578066</LatitudeDegrees><LongitudeDegrees>3.073263</LongitudeDegrees></Position><AltitudeMeters>41.0</AltitudeMeters><Extensions><TPX xmlns="http://www.garmin.com/xmlschemas/ActivityExtension/v2"><Speed>2.78</Speed></TPX></Extensions></Trackpoint><Trackpoint><Time>2026-03-31T17:08:10+00:00</Time><DistanceMeters>4640.4</DistanceMeters><Position><LatitudeDegrees>50.578077</LatitudeDegrees><LongitudeDegrees>3.073276</LongitudeDegrees></Position><AltitudeMeters>41.0</AltitudeMeters><Extensions><TPX xmlns="http://www.garmin.com/xmlschemas/ActivityExtension/v2"><Speed>2.77</Speed></TPX></Extensions></Trackpoint><Trackpoint><Time>2026-03-31T17:08:11+00:00</Time><DistanceMeters>4642.7</DistanceMeters><Position><LatitudeDegrees>50.578101</LatitudeDegrees><LongitudeDegrees>3.073308</LongitudeDegrees></Position><AltitudeMeters>41.1</AltitudeMeters><Extensions><TPX xmlns="http://www.garmin.com/xmlschemas/ActivityExtension/v2"><Speed>2.68</Speed></TPX></Extensions></Trackpoint><Trackpoint><Time>2026-03-31T17:08:12+00:00</Time><DistanceMeters>4645.0</DistanceMeters><Position><LatitudeDegrees>50.578109</LatitudeDegrees><LongitudeDegrees>3.073318</LongitudeDegrees></Position><AltitudeMeters>41.1</AltitudeMeters><Extensions><TPX xmlns="http://www.garmin.com/xmlschemas/ActivityExtension/v2"><Speed>2.57</Speed></TPX></Extensions></Trackpoint><Trackpoint><Time>2026-03-31T17:08:13+00:00</Time><DistanceMeters>4647.9</DistanceMeters><Position><LatitudeDegrees>50.578135</LatitudeDegrees><LongitudeDegrees>3.073361</LongitudeDegrees></Position><AltitudeMeters>41.2</AltitudeMeters><Extensions><TPX xmlns="http://www.garmin.com/xmlschemas/ActivityExtension/v2"><Speed>2.57</Speed></TPX></Extensions></Trackpoint><Trackpoint><Time>2026-03-31T17:08:14+00:00</Time><DistanceMeters>4650.7</DistanceMeters><Position><LatitudeDegrees>50.578145</LatitudeDegrees><LongitudeDegrees>3.073376</LongitudeDegrees></Position><AltitudeMeters>41.2</AltitudeMeters><Extensions><TPX xmlns="http://www.garmin.com/xmlschemas/ActivityExtension/v2"><Speed>2.6</Speed></TPX></Extensions></Trackpoint><Trackpoint><Time>2026-03-31T17:08:15+00:00</Time><DistanceMeters>4653.1</DistanceMeters><Position><LatitudeDegrees>50.578146</LatitudeDegrees><LongitudeDegrees>3.073426</LongitudeDegrees></Position><AltitudeMeters>41.3</AltitudeMeters><Extensions><TPX xmlns="http://www.garmin.com/xmlschemas/ActivityExtension/v2"><Speed>2.54</Speed></TPX></Extensions></Trackpoint><Trackpoint><Time>2026-03-31T17:08:16+00:00</Time><DistanceMeters>4655.5</DistanceMeters><Position><LatitudeDegrees>50.578137</LatitudeDegrees><LongitudeDegrees>3.073442</LongitudeDegrees></Position><AltitudeMeters>41.3</AltitudeMeters><Extensions><TPX xmlns="http://www.garmin.com/xmlschemas/ActivityExtension/v2"><Speed>2.56</Speed></TPX></Extensions></Trackpoint><Trackpoint><Time>2026-03-31T17:08:17+00:00</Time><DistanceMeters>4658.0</DistanceMeters><Position><LatitudeDegrees>50.578147</LatitudeDegrees><LongitudeDegrees>3.07349</LongitudeDegrees></Position><AltitudeMeters>41.4</AltitudeMeters><Extensions><TPX xmlns="http://www.garmin.com/xmlschemas/ActivityExtension/v2"><Speed>2.6</Speed></TPX></Extensions></Trackpoint><Trackpoint><Time>2026-03-31T17:08:18+00:00</Time><DistanceMeters>4660.5</DistanceMeters><Position><LatitudeDegrees>50.578151</LatitudeDegrees><LongitudeDegrees>3.07351</LongitudeDegrees></Position><AltitudeMeters>41.4</AltitudeMeters><Extensions><TPX xmlns="http://www.garmin.com/xmlschemas/ActivityExtension/v2"><Speed>2.53</Speed></TPX></Extensions></Trackpoint><Trackpoint><Time>2026-03-31T17:08:19+00:00</Time><DistanceMeters>4663.4</DistanceMeters><Position><LatitudeDegrees>50.578166</LatitudeDegrees><LongitudeDegrees>3.073565</LongitudeDegrees></Position><AltitudeMeters>41.5</AltitudeMeters><Extensions><TPX xmlns="http://www.garmin.com/xmlschemas/ActivityExtension/v2"><Speed>2.53</Speed></TPX></Extensions></Trackpoint><Trackpoint><Time>2026-03-31T17:08:20+00:00</Time><DistanceMeters>4666.2</DistanceMeters><Position><LatitudeDegrees>50.578167</LatitudeDegrees><LongitudeDegrees>3.073586</LongitudeDegrees></Position><AltitudeMeters>41.5</AltitudeMeters><Extensions><TPX xmlns="http://www.garmin.com/xmlschemas/ActivityExtension/v2"><Speed>2.62</Speed></TPX></Extensions></Trackpoint><Trackpoint><Time>2026-03-31T17:08:21+00:00</Time><DistanceMeters>4668.9</DistanceMeters><Position><LatitudeDegrees>50.578179</LatitudeDegrees><LongitudeDegrees>3.073635</LongitudeDegrees></Position><AltitudeMeters>41.6</AltitudeMeters><Extensions><TPX xmlns="http://www.garmin.com/xmlschemas/ActivityExtension/v2"><Speed>2.67</Speed></TPX></Extensions></Trackpoint><Trackpoint><Time>2026-03-31T17:08:22+00:00</Time><DistanceMeters>4671.5</DistanceMeters><Position><LatitudeDegrees>50.578182</LatitudeDegrees><LongitudeDegrees>3.073656</LongitudeDegrees></Position><AltitudeMeters>41.6</AltitudeMeters><Extensions><TPX xmlns="http://www.garmin.com/xmlschemas/ActivityExtension/v2"><Speed>2.7</Speed></TPX></Extensions></Trackpoint><Trackpoint><Time>2026-03-31T17:08:23+00:00</Time><DistanceMeters>4674.7</DistanceMeters><Position><LatitudeDegrees>50.578189</LatitudeDegrees><LongitudeDegrees>3.0737</LongitudeDegrees></Position><AltitudeMeters>41.7</AltitudeMeters><Extensions><TPX xmlns="http://www.garmin.com/xmlschemas/ActivityExtension/v2"><Speed>2.84</Speed></TPX></Extensions></Trackpoint><Trackpoint><Time>2026-03-31T17:08:24+00:00</Time><DistanceMeters>4677.1</DistanceMeters><Position><LatitudeDegrees>50.578211</LatitudeDegrees><LongitudeDegrees>3.073736</LongitudeDegrees></Position><AltitudeMeters>41.8</AltitudeMeters><Extensions><TPX xmlns="http://www.garmin.com/xmlschemas/ActivityExtension/v2"><Speed>2.75</Speed></TPX></Extensions></Trackpoint><Trackpoint><Time>2026-03-31T17:08:25+00:00</Time><DistanceMeters>4679.5</DistanceMeters><Position><LatitudeDegrees>50.57822</LatitudeDegrees><LongitudeDegrees>3.073747</LongitudeDegrees></Position><AltitudeMeters>41.8</AltitudeMeters><Extensions><TPX xmlns="http://www.garmin.com/xmlschemas/ActivityExtension/v2"><Speed>2.66</Speed></TPX></Extensions></Trackpoint><Trackpoint><Time>2026-03-31T17:08:26+00:00</Time><DistanceMeters>4682.6</DistanceMeters><Position><LatitudeDegrees>50.578246</LatitudeDegrees><LongitudeDegrees>3.073766</LongitudeDegrees></Position><AltitudeMeters>41.9</AltitudeMeters><Extensions><TPX xmlns="http://www.garmin.com/xmlschemas/ActivityExtension/v2"><Speed>2.75</Speed></TPX></Extensions></Trackpoint><Trackpoint><Time>2026-03-31T17:08:27+00:00</Time><DistanceMeters>4685.3</DistanceMeters><Position><LatitudeDegrees>50.578269</LatitudeDegrees><LongitudeDegrees>3.073812</LongitudeDegrees></Position><AltitudeMeters>42.0</AltitudeMeters><Extensions><TPX xmlns="http://www.garmin.com/xmlschemas/ActivityExtension/v2"><Speed>2.76</Speed></TPX></Extensions></Trackpoint><Trackpoint><Time>2026-03-31T17:08:28+00:00</Time><DistanceMeters>4688.0</DistanceMeters><Position><LatitudeDegrees>50.578273</LatitudeDegrees><LongitudeDegrees>3.073829</LongitudeDegrees></Position><AltitudeMeters>42.0</AltitudeMeters><Extensions><TPX xmlns="http://www.garmin.com/xmlschemas/ActivityExtension/v2"><Speed>2.66</Speed></TPX></Extensions></Trackpoint><Trackpoint><Time>2026-03-31T17:08:29+00:00</Time><DistanceMeters>4690.5</DistanceMeters><Position><LatitudeDegrees>50.578293</LatitudeDegrees><LongitudeDegrees>3.07387</LongitudeDegrees></Position><AltitudeMeters>42.1</AltitudeMeters><Extensions><TPX xmlns="http://www.garmin.com/xmlschemas/ActivityExtension/v2"><Speed>2.68</Speed></TPX></Extensions></Trackpoint><Trackpoint><Time>2026-03-31T17:08:30+00:00</Time><DistanceMeters>4693.0</DistanceMeters><Position><LatitudeDegrees>50.578299</LatitudeDegrees><LongitudeDegrees>3.073887</LongitudeDegrees></Position><AltitudeMeters>42.1</AltitudeMeters><Extensions><TPX xmlns="http://www.garmin.com/xmlschemas/ActivityExtension/v2"><Speed>2.7</Speed></TPX></Extensions></Trackpoint><Trackpoint><Time>2026-03-31T17:08:31+00:00</Time><DistanceMeters>4695.7</DistanceMeters><Position><LatitudeDegrees>50.578315</LatitudeDegrees><LongitudeDegrees>3.073938</LongitudeDegrees></Position><AltitudeMeters>42.3</AltitudeMeters><Extensions><TPX xmlns="http://www.garmin.com/xmlschemas/ActivityExtension/v2"><Speed>2.62</Speed></TPX></Extensions></Trackpoint><Trackpoint><Time>2026-03-31T17:08:32+00:00</Time><DistanceMeters>4698.4</DistanceMeters><Position><LatitudeDegrees>50.578325</LatitudeDegrees><LongitudeDegrees>3.073951</LongitudeDegrees></Position><AltitudeMeters>42.3</AltitudeMeters><Extensions><TPX xmlns="http://www.garmin.com/xmlschemas/ActivityExtension/v2"><Speed>2.62</Speed></TPX></Extensions></Trackpoint><Trackpoint><Time>2026-03-31T17:08:33+00:00</Time><DistanceMeters>4701.9</DistanceMeters><Position><LatitudeDegrees>50.57835</LatitudeDegrees><LongitudeDegrees>3.073979</LongitudeDegrees></Position><AltitudeMeters>42.4</AltitudeMeters><Extensions><TPX xmlns="http://www.garmin.com/xmlschemas/ActivityExtension/v2"><Speed>2.78</Speed></TPX></Extensions></Trackpoint><Trackpoint><Time>2026-03-31T17:08:34+00:00</Time><DistanceMeters>4704.3</DistanceMeters><Position><LatitudeDegrees>50.57837</LatitudeDegrees><LongitudeDegrees>3.074018</LongitudeDegrees></Position><AltitudeMeters>42.5</AltitudeMeters><Extensions><TPX xmlns="http://www.garmin.com/xmlschemas/ActivityExtension/v2"><Speed>2.75</Speed></TPX></Extensions></Trackpoint><Trackpoint><Time>2026-03-31T17:08:35+00:00</Time><DistanceMeters>4706.6</DistanceMeters><Position><LatitudeDegrees>50.578375</LatitudeDegrees><LongitudeDegrees>3.074034</LongitudeDegrees></Position><AltitudeMeters>42.6</AltitudeMeters><Extensions><TPX xmlns="http://www.garmin.com/xmlschemas/ActivityExtension/v2"><Speed>2.72</Speed></TPX></Extensions></Trackpoint><Trackpoint><Time>2026-03-31T17:08:36+00:00</Time><DistanceMeters>4709.1</DistanceMeters><Position><LatitudeDegrees>50.578399</LatitudeDegrees><LongitudeDegrees>3.07407</LongitudeDegrees></Position><AltitudeMeters>42.7</AltitudeMeters><Extensions><TPX xmlns="http://www.garmin.com/xmlschemas/ActivityExtension/v2"><Speed>2.67</Speed></TPX></Extensions></Trackpoint><Trackpoint><Time>2026-03-31T17:08:37+00:00</Time><DistanceMeters>4711.5</DistanceMeters><Position><LatitudeDegrees>50.578407</LatitudeDegrees><LongitudeDegrees>3.074081</LongitudeDegrees></Position><AltitudeMeters>42.7</AltitudeMeters><Extensions><TPX xmlns="http://www.garmin.com/xmlschemas/ActivityExtension/v2"><Speed>2.62</Speed></TPX></Extensions></Trackpoint><Trackpoint><Time>2026-03-31T17:08:38+00:00</Time><DistanceMeters>4711.5</DistanceMeters><Position><LatitudeDegrees>50.578418</LatitudeDegrees><LongitudeDegrees>3.0741</LongitudeDegrees></Position><AltitudeMeters>42.8</AltitudeMeters><Extensions><TPX xmlns="http://www.garmin.com/xmlschemas/ActivityExtension/v2"><Speed>1.92</Speed></TPX></Extensions></Trackpoint><Trackpoint><Time>2026-03-31T17:08:39+00:00</Time><DistanceMeters>4715.4</DistanceMeters><Position><LatitudeDegrees>50.578433</LatitudeDegrees><LongitudeDegrees>3.074118</LongitudeDegrees></Position><AltitudeMeters>42.9</AltitudeMeters><Extensions><TPX xmlns="http://www.garmin.com/xmlschemas/ActivityExtension/v2"><Speed>2.23</Speed></TPX></Extensions></Trackpoint><Trackpoint><Time>2026-03-31T17:08:40+00:00</Time><DistanceMeters>4718.2</DistanceMeters><Position><LatitudeDegrees>50.578459</LatitudeDegrees><LongitudeDegrees>3.074162</LongitudeDegrees></Position><AltitudeMeters>43.0</AltitudeMeters><Extensions><TPX xmlns="http://www.garmin.com/xmlschemas/ActivityExtension/v2"><Speed>2.32</Speed></TPX></Extensions></Trackpoint><Trackpoint><Time>2026-03-31T17:08:41+00:00</Time><DistanceMeters>4721.0</DistanceMeters><Position><LatitudeDegrees>50.578467</LatitudeDegrees><LongitudeDegrees>3.074175</LongitudeDegrees></Position><AltitudeMeters>43.0</AltitudeMeters><Extensions><TPX xmlns="http://www.garmin.com/xmlschemas/ActivityExtension/v2"><Speed>2.39</Speed></TPX></Extensions></Trackpoint><Trackpoint><Time>2026-03-31T17:08:42+00:00</Time><DistanceMeters>4723.5</DistanceMeters><Position><LatitudeDegrees>50.578486</LatitudeDegrees><LongitudeDegrees>3.074219</LongitudeDegrees></Position><AltitudeMeters>43.2</AltitudeMeters><Extensions><TPX xmlns="http://www.garmin.com/xmlschemas/ActivityExtension/v2"><Speed>2.4</Speed></TPX></Extensions></Trackpoint><Trackpoint><Time>2026-03-31T17:08:43+00:00</Time><DistanceMeters>4726.0</DistanceMeters><Position><LatitudeDegrees>50.578493</LatitudeDegrees><LongitudeDegrees>3.074234</LongitudeDegrees></Position><AltitudeMeters>43.2</AltitudeMeters><Extensions><TPX xmlns="http://www.garmin.com/xmlschemas/ActivityExtension/v2"><Speed>2.9</Speed></TPX></Extensions></Trackpoint><Trackpoint><Time>2026-03-31T17:08:44+00:00</Time><DistanceMeters>4728.9</DistanceMeters><Position><LatitudeDegrees>50.578518</LatitudeDegrees><LongitudeDegrees>3.074279</LongitudeDegrees></Position><AltitudeMeters>43.4</AltitudeMeters><Extensions><TPX xmlns="http://www.garmin.com/xmlschemas/ActivityExtension/v2"><Speed>2.69</Speed></TPX></Extensions></Trackpoint><Trackpoint><Time>2026-03-31T17:08:45+00:00</Time><DistanceMeters>4731.7</DistanceMeters><Position><LatitudeDegrees>50.578526</LatitudeDegrees><LongitudeDegrees>3.074294</LongitudeDegrees></Position><AltitudeMeters>43.4</AltitudeMeters><Extensions><TPX xmlns="http://www.garmin.com/xmlschemas/ActivityExtension/v2"><Speed>2.7</Speed></TPX></Extensions></Trackpoint><Trackpoint><Time>2026-03-31T17:08:46+00:00</Time><DistanceMeters>4734.5</DistanceMeters><Position><LatitudeDegrees>50.578552</LatitudeDegrees><LongitudeDegrees>3.074339</LongitudeDegrees></Position><AltitudeMeters>43.6</AltitudeMeters><Extensions><TPX xmlns="http://www.garmin.com/xmlschemas/ActivityExtension/v2"><Speed>2.71</Speed></TPX></Extensions></Trackpoint><Trackpoint><Time>2026-03-31T17:08:47+00:00</Time><DistanceMeters>4737.4</DistanceMeters><Position><LatitudeDegrees>50.578561</LatitudeDegrees><LongitudeDegrees>3.074355</LongitudeDegrees></Position><AltitudeMeters>43.6</AltitudeMeters><Extensions><TPX xmlns="http://www.garmin.com/xmlschemas/ActivityExtension/v2"><Speed>2.78</Speed></TPX></Extensions></Trackpoint><Trackpoint><Time>2026-03-31T17:08:48+00:00</Time><DistanceMeters>4740.0</DistanceMeters><Position><LatitudeDegrees>50.578578</LatitudeDegrees><LongitudeDegrees>3.074403</LongitudeDegrees></Position><AltitudeMeters>43.7</AltitudeMeters><Extensions><TPX xmlns="http://www.garmin.com/xmlschemas/ActivityExtension/v2"><Speed>2.8</Speed></TPX></Extensions></Trackpoint><Trackpoint><Time>2026-03-31T17:08:49+00:00</Time><DistanceMeters>4742.6</DistanceMeters><Position><LatitudeDegrees>50.578584</LatitudeDegrees><LongitudeDegrees>3.074418</LongitudeDegrees></Position><AltitudeMeters>43.8</AltitudeMeters><Extensions><TPX xmlns="http://www.garmin.com/xmlschemas/ActivityExtension/v2"><Speed>2.75</Speed></TPX></Extensions></Trackpoint><Trackpoint><Time>2026-03-31T17:08:50+00:00</Time><DistanceMeters>4745.9</DistanceMeters><Position><LatitudeDegrees>50.5786</LatitudeDegrees><LongitudeDegrees>3.074456</LongitudeDegrees></Position><AltitudeMeters>43.9</AltitudeMeters><Extensions><TPX xmlns="http://www.garmin.com/xmlschemas/ActivityExtension/v2"><Speed>2.84</Speed></TPX></Extensions></Trackpoint><Trackpoint><Time>2026-03-31T17:08:51+00:00</Time><DistanceMeters>4748.7</DistanceMeters><Position><LatitudeDegrees>50.578632</LatitudeDegrees><LongitudeDegrees>3.074492</LongitudeDegrees></Position><AltitudeMeters>44.0</AltitudeMeters><Extensions><TPX xmlns="http://www.garmin.com/xmlschemas/ActivityExtension/v2"><Speed>2.83</Speed></TPX></Extensions></Trackpoint><Trackpoint><Time>2026-03-31T17:08:52+00:00</Time><DistanceMeters>4751.5</DistanceMeters><Position><LatitudeDegrees>50.578639</LatitudeDegrees><LongitudeDegrees>3.074509</LongitudeDegrees></Position><AltitudeMeters>44.0</AltitudeMeters><Extensions><TPX xmlns="http://www.garmin.com/xmlschemas/ActivityExtension/v2"><Speed>2.82</Speed></TPX></Extensions></Trackpoint><Trackpoint><Time>2026-03-31T17:08:53+00:00</Time><DistanceMeters>4754.3</DistanceMeters><Position><LatitudeDegrees>50.578661</LatitudeDegrees><LongitudeDegrees>3.074557</LongitudeDegrees></Position><AltitudeMeters>44.1</AltitudeMeters><Extensions><TPX xmlns="http://www.garmin.com/xmlschemas/ActivityExtension/v2"><Speed>2.85</Speed></TPX></Extensions></Trackpoint><Trackpoint><Time>2026-03-31T17:08:54+00:00</Time><DistanceMeters>4757.0</DistanceMeters><Position><LatitudeDegrees>50.578669</LatitudeDegrees><LongitudeDegrees>3.07457</LongitudeDegrees></Position><AltitudeMeters>44.2</AltitudeMeters><Extensions><TPX xmlns="http://www.garmin.com/xmlschemas/ActivityExtension/v2"><Speed>2.88</Speed></TPX></Extensions></Trackpoint><Trackpoint><Time>2026-03-31T17:08:55+00:00</Time><DistanceMeters>4760.3</DistanceMeters><Position><LatitudeDegrees>50.578682</LatitudeDegrees><LongitudeDegrees>3.074611</LongitudeDegrees></Position><AltitudeMeters>44.2</AltitudeMeters><Extensions><TPX xmlns="http://www.garmin.com/xmlschemas/ActivityExtension/v2"><Speed>2.88</Speed></TPX></Extensions></Trackpoint><Trackpoint><Time>2026-03-31T17:08:56+00:00</Time><DistanceMeters>4762.9</DistanceMeters><Position><LatitudeDegrees>50.578704</LatitudeDegrees><LongitudeDegrees>3.074653</LongitudeDegrees></Position><AltitudeMeters>44.3</AltitudeMeters><Extensions><TPX xmlns="http://www.garmin.com/xmlschemas/ActivityExtension/v2"><Speed>2.83</Speed></TPX></Extensions></Trackpoint><Trackpoint><Time>2026-03-31T17:08:57+00:00</Time><DistanceMeters>4765.4</DistanceMeters><Position><LatitudeDegrees>50.578712</LatitudeDegrees><LongitudeDegrees>3.074667</LongitudeDegrees></Position><AltitudeMeters>44.3</AltitudeMeters><Extensions><TPX xmlns="http://www.garmin.com/xmlschemas/ActivityExtension/v2"><Speed>2.78</Speed></TPX></Extensions></Trackpoint><Trackpoint><Time>2026-03-31T17:08:58+00:00</Time><DistanceMeters>4768.5</DistanceMeters><Position><LatitudeDegrees>50.578727</LatitudeDegrees><LongitudeDegrees>3.074703</LongitudeDegrees></Position><AltitudeMeters>44.4</AltitudeMeters><Extensions><TPX xmlns="http://www.garmin.com/xmlschemas/ActivityExtension/v2"><Speed>2.85</Speed></TPX></Extensions></Trackpoint><Trackpoint><Time>2026-03-31T17:08:59+00:00</Time><DistanceMeters>4771.7</DistanceMeters><Position><LatitudeDegrees>50.578738</LatitudeDegrees><LongitudeDegrees>3.074745</LongitudeDegrees></Position><AltitudeMeters>44.5</AltitudeMeters><Extensions><TPX xmlns="http://www.garmin.com/xmlschemas/ActivityExtension/v2"><Speed>2.94</Speed></TPX></Extensions></Trackpoint><Trackpoint><Time>2026-03-31T17:09:00+00:00</Time><DistanceMeters>4774.3</DistanceMeters><Position><LatitudeDegrees>50.578764</LatitudeDegrees><LongitudeDegrees>3.074783</LongitudeDegrees></Position><AltitudeMeters>44.6</AltitudeMeters><Extensions><TPX xmlns="http://www.garmin.com/xmlschemas/ActivityExtension/v2"><Speed>2.8</Speed></TPX></Extensions></Trackpoint><Trackpoint><Time>2026-03-31T17:09:01+00:00</Time><DistanceMeters>4776.9</DistanceMeters><Position><LatitudeDegrees>50.578771</LatitudeDegrees><LongitudeDegrees>3.074796</LongitudeDegrees></Position><AltitudeMeters>44.6</AltitudeMeters><Extensions><TPX xmlns="http://www.garmin.com/xmlschemas/ActivityExtension/v2"><Speed>2.81</Speed></TPX></Extensions></Trackpoint><Trackpoint><Time>2026-03-31T17:09:02+00:00</Time><DistanceMeters>4779.3</DistanceMeters><Position><LatitudeDegrees>50.578789</LatitudeDegrees><LongitudeDegrees>3.074837</LongitudeDegrees></Position><AltitudeMeters>44.7</AltitudeMeters><Extensions><TPX xmlns="http://www.garmin.com/xmlschemas/ActivityExtension/v2"><Speed>2.78</Speed></TPX></Extensions></Trackpoint><Trackpoint><Time>2026-03-31T17:09:03+00:00</Time><DistanceMeters>4781.7</DistanceMeters><Position><LatitudeDegrees>50.578796</LatitudeDegrees><LongitudeDegrees>3.074853</LongitudeDegrees></Position><AltitudeMeters>44.7</AltitudeMeters><Extensions><TPX xmlns="http://www.garmin.com/xmlschemas/ActivityExtension/v2"><Speed>2.64</Speed></TPX></Extensions></Trackpoint><Trackpoint><Time>2026-03-31T17:09:04+00:00</Time><DistanceMeters>4784.1</DistanceMeters><Position><LatitudeDegrees>50.578815</LatitudeDegrees><LongitudeDegrees>3.074891</LongitudeDegrees></Position><AltitudeMeters>44.8</AltitudeMeters><Extensions><TPX xmlns="http://www.garmin.com/xmlschemas/ActivityExtension/v2"><Speed>2.48</Speed></TPX></Extensions></Trackpoint><Trackpoint><Time>2026-03-31T17:09:05+00:00</Time><DistanceMeters>4786.5</DistanceMeters><Position><LatitudeDegrees>50.578823</LatitudeDegrees><LongitudeDegrees>3.074906</LongitudeDegrees></Position><AltitudeMeters>44.8</AltitudeMeters><Extensions><TPX xmlns="http://www.garmin.com/xmlschemas/ActivityExtension/v2"><Speed>2.44</Speed></TPX></Extensions></Trackpoint><Trackpoint><Time>2026-03-31T17:09:06+00:00</Time><DistanceMeters>4789.4</DistanceMeters><Position><LatitudeDegrees>50.578848</LatitudeDegrees><LongitudeDegrees>3.074949</LongitudeDegrees></Position><AltitudeMeters>44.9</AltitudeMeters><Extensions><TPX xmlns="http://www.garmin.com/xmlschemas/ActivityExtension/v2"><Speed>2.49</Speed></TPX></Extensions></Trackpoint><Trackpoint><Time>2026-03-31T17:09:07+00:00</Time><DistanceMeters>4792.2</DistanceMeters><Position><LatitudeDegrees>50.578857</LatitudeDegrees><LongitudeDegrees>3.074964</LongitudeDegrees></Position><AltitudeMeters>45.0</AltitudeMeters><Extensions><TPX xmlns="http://www.garmin.com/xmlschemas/ActivityExtension/v2"><Speed>2.58</Speed></TPX></Extensions></Trackpoint><Trackpoint><Time>2026-03-31T17:09:08+00:00</Time><DistanceMeters>4794.6</DistanceMeters><Position><LatitudeDegrees>50.578879</LatitudeDegrees><LongitudeDegrees>3.075004</LongitudeDegrees></Position><AltitudeMeters>45.0</AltitudeMeters><Extensions><TPX xmlns="http://www.garmin.com/xmlschemas/ActivityExtension/v2"><Speed>2.58</Speed></TPX></Extensions></Trackpoint><Trackpoint><Time>2026-03-31T17:09:09+00:00</Time><DistanceMeters>4797.0</DistanceMeters><Position><LatitudeDegrees>50.578887</LatitudeDegrees><LongitudeDegrees>3.075014</LongitudeDegrees></Position><AltitudeMeters>45.1</AltitudeMeters><Extensions><TPX xmlns="http://www.garmin.com/xmlschemas/ActivityExtension/v2"><Speed>2.58</Speed></TPX></Extensions></Trackpoint><Trackpoint><Time>2026-03-31T17:09:10+00:00</Time><DistanceMeters>4799.5</DistanceMeters><Position><LatitudeDegrees>50.578907</LatitudeDegrees><LongitudeDegrees>3.075051</LongitudeDegrees></Position><AltitudeMeters>45.1</AltitudeMeters><Extensions><TPX xmlns="http://www.garmin.com/xmlschemas/ActivityExtension/v2"><Speed>2.59</Speed></TPX></Extensions></Trackpoint><Trackpoint><Time>2026-03-31T17:09:11+00:00</Time><DistanceMeters>4801.9</DistanceMeters><Position><LatitudeDegrees>50.578915</LatitudeDegrees><LongitudeDegrees>3.075067</LongitudeDegrees></Position><AltitudeMeters>45.2</AltitudeMeters><Extensions><TPX xmlns="http://www.garmin.com/xmlschemas/ActivityExtension/v2"><Speed>2.51</Speed></TPX></Extensions></Trackpoint><Trackpoint><Time>2026-03-31T17:09:12+00:00</Time><DistanceMeters>4804.4</DistanceMeters><Position><LatitudeDegrees>50.57893</LatitudeDegrees><LongitudeDegrees>3.075113</LongitudeDegrees></Position><AltitudeMeters>45.3</AltitudeMeters><Extensions><TPX xmlns="http://www.garmin.com/xmlschemas/ActivityExtension/v2"><Speed>2.44</Speed></TPX></Extensions></Trackpoint><Trackpoint><Time>2026-03-31T17:09:13+00:00</Time><DistanceMeters>4806.9</DistanceMeters><Position><LatitudeDegrees>50.578936</LatitudeDegrees><LongitudeDegrees>3.075129</LongitudeDegrees></Position><AltitudeMeters>45.3</AltitudeMeters><Extensions><TPX xmlns="http://www.garmin.com/xmlschemas/ActivityExtension/v2"><Speed>2.46</Speed></TPX></Extensions></Trackpoint><Trackpoint><Time>2026-03-31T17:09:14+00:00</Time><DistanceMeters>4809.7</DistanceMeters><Position><LatitudeDegrees>50.578958</LatitudeDegrees><LongitudeDegrees>3.075178</LongitudeDegrees></Position><AltitudeMeters>45.4</AltitudeMeters><Extensions><TPX xmlns="http://www.garmin.com/xmlschemas/ActivityExtension/v2"><Speed>2.54</Speed></TPX></Extensions></Trackpoint><Trackpoint><Time>2026-03-31T17:09:15+00:00</Time><DistanceMeters>4812.5</DistanceMeters><Position><LatitudeDegrees>50.578966</LatitudeDegrees><LongitudeDegrees>3.075193</LongitudeDegrees></Position><AltitudeMeters>45.4</AltitudeMeters><Extensions><TPX xmlns="http://www.garmin.com/xmlschemas/ActivityExtension/v2"><Speed>2.61</Speed></TPX></Extensions></Trackpoint><Trackpoint><Time>2026-03-31T17:09:16+00:00</Time><DistanceMeters>4815.3</DistanceMeters><Position><LatitudeDegrees>50.578986</LatitudeDegrees><LongitudeDegrees>3.075243</LongitudeDegrees></Position><AltitudeMeters>45.5</AltitudeMeters><Extensions><TPX xmlns="http://www.garmin.com/xmlschemas/ActivityExtension/v2"><Speed>2.67</Speed></TPX></Extensions></Trackpoint><Trackpoint><Time>2026-03-31T17:09:17+00:00</Time><DistanceMeters>4818.0</DistanceMeters><Position><LatitudeDegrees>50.578994</LatitudeDegrees><LongitudeDegrees>3.075257</LongitudeDegrees></Position><AltitudeMeters>45.6</AltitudeMeters><Extensions><TPX xmlns="http://www.garmin.com/xmlschemas/ActivityExtension/v2"><Speed>2.72</Speed></TPX></Extensions></Trackpoint><Trackpoint><Time>2026-03-31T17:09:18+00:00</Time><DistanceMeters>4821.5</DistanceMeters><Position><LatitudeDegrees>50.579014</LatitudeDegrees><LongitudeDegrees>3.075295</LongitudeDegrees></Position><AltitudeMeters>45.6</AltitudeMeters><Extensions><TPX xmlns="http://www.garmin.com/xmlschemas/ActivityExtension/v2"><Speed>2.92</Speed></TPX></Extensions></Trackpoint><Trackpoint><Time>2026-03-31T17:09:19+00:00</Time><DistanceMeters>4823.8</DistanceMeters><Position><LatitudeDegrees>50.579032</LatitudeDegrees><LongitudeDegrees>3.075336</LongitudeDegrees></Position><AltitudeMeters>45.7</AltitudeMeters><Extensions><TPX xmlns="http://www.garmin.com/xmlschemas/ActivityExtension/v2"><Speed>2.82</Speed></TPX></Extensions></Trackpoint><Trackpoint><Time>2026-03-31T17:09:20+00:00</Time><DistanceMeters>4826.1</DistanceMeters><Position><LatitudeDegrees>50.579037</LatitudeDegrees><LongitudeDegrees>3.075349</LongitudeDegrees></Position><AltitudeMeters>45.7</AltitudeMeters><Extensions><TPX xmlns="http://www.garmin.com/xmlschemas/ActivityExtension/v2"><Speed>2.72</Speed></TPX></Extensions></Trackpoint><Trackpoint><Time>2026-03-31T17:09:21+00:00</Time><DistanceMeters>4828.3</DistanceMeters><Position><LatitudeDegrees>50.579055</LatitudeDegrees><LongitudeDegrees>3.075383</LongitudeDegrees></Position><AltitudeMeters>45.8</AltitudeMeters><Extensions><TPX xmlns="http://www.garmin.com/xmlschemas/ActivityExtension/v2"><Speed>2.6</Speed></TPX></Extensions></Trackpoint><Trackpoint><Time>2026-03-31T17:09:22+00:00</Time><DistanceMeters>4830.4</DistanceMeters><Position><LatitudeDegrees>50.579062</LatitudeDegrees><LongitudeDegrees>3.075396</LongitudeDegrees></Position><AltitudeMeters>45.8</AltitudeMeters><Extensions><TPX xmlns="http://www.garmin.com/xmlschemas/ActivityExtension/v2"><Speed>2.48</Speed></TPX></Extensions></Trackpoint><Trackpoint><Time>2026-03-31T17:09:23+00:00</Time><DistanceMeters>4833.5</DistanceMeters><Position><LatitudeDegrees>50.579082</LatitudeDegrees><LongitudeDegrees>3.075426</LongitudeDegrees></Position><AltitudeMeters>45.9</AltitudeMeters><Extensions><TPX xmlns="http://www.garmin.com/xmlschemas/ActivityExtension/v2"><Speed>2.4</Speed></TPX></Extensions></Trackpoint><Trackpoint><Time>2026-03-31T17:09:24+00:00</Time><DistanceMeters>4836.2</DistanceMeters><Position><LatitudeDegrees>50.579104</LatitudeDegrees><LongitudeDegrees>3.075468</LongitudeDegrees></Position><AltitudeMeters>46.0</AltitudeMeters><Extensions><TPX xmlns="http://www.garmin.com/xmlschemas/ActivityExtension/v2"><Speed>2.48</Speed></TPX></Extensions></Trackpoint><Trackpoint><Time>2026-03-31T17:09:25+00:00</Time><DistanceMeters>4838.9</DistanceMeters><Position><LatitudeDegrees>50.579111</LatitudeDegrees><LongitudeDegrees>3.075487</LongitudeDegrees></Position><AltitudeMeters>46.0</AltitudeMeters><Extensions><TPX xmlns="http://www.garmin.com/xmlschemas/ActivityExtension/v2"><Speed>2.56</Speed></TPX></Extensions></Trackpoint><Trackpoint><Time>2026-03-31T17:09:26+00:00</Time><DistanceMeters>4841.2</DistanceMeters><Position><LatitudeDegrees>50.57913</LatitudeDegrees><LongitudeDegrees>3.075526</LongitudeDegrees></Position><AltitudeMeters>46.1</AltitudeMeters><Extensions><TPX xmlns="http://www.garmin.com/xmlschemas/ActivityExtension/v2"><Speed>2.59</Speed></TPX></Extensions></Trackpoint><Trackpoint><Time>2026-03-31T17:09:27+00:00</Time><DistanceMeters>4843.5</DistanceMeters><Position><LatitudeDegrees>50.579137</LatitudeDegrees><LongitudeDegrees>3.075538</LongitudeDegrees></Position><AltitudeMeters>46.1</AltitudeMeters><Extensions><TPX xmlns="http://www.garmin.com/xmlschemas/ActivityExtension/v2"><Speed>2.62</Speed></TPX></Extensions></Trackpoint><Trackpoint><Time>2026-03-31T17:09:28+00:00</Time><DistanceMeters>4846.0</DistanceMeters><Position><LatitudeDegrees>50.579158</LatitudeDegrees><LongitudeDegrees>3.075579</LongitudeDegrees></Position><AltitudeMeters>46.2</AltitudeMeters><Extensions><TPX xmlns="http://www.garmin.com/xmlschemas/ActivityExtension/v2"><Speed>2.5</Speed></TPX></Extensions></Trackpoint><Trackpoint><Time>2026-03-31T17:09:29+00:00</Time><DistanceMeters>4848.5</DistanceMeters><Position><LatitudeDegrees>50.579167</LatitudeDegrees><LongitudeDegrees>3.075591</LongitudeDegrees></Position><AltitudeMeters>46.2</AltitudeMeters><Extensions><TPX xmlns="http://www.garmin.com/xmlschemas/ActivityExtension/v2"><Speed>2.46</Speed></TPX></Extensions></Trackpoint><Trackpoint><Time>2026-03-31T17:09:30+00:00</Time><DistanceMeters>4851.1</DistanceMeters><Position><LatitudeDegrees>50.579189</LatitudeDegrees><LongitudeDegrees>3.075633</LongitudeDegrees></Position><AltitudeMeters>46.3</AltitudeMeters><Extensions><TPX xmlns="http://www.garmin.com/xmlschemas/ActivityExtension/v2"><Speed>2.43</Speed></TPX></Extensions></Trackpoint><Trackpoint><Time>2026-03-31T17:09:31+00:00</Time><DistanceMeters>4853.6</DistanceMeters><Position><LatitudeDegrees>50.579194</LatitudeDegrees><LongitudeDegrees>3.075649</LongitudeDegrees></Position><AltitudeMeters>46.3</AltitudeMeters><Extensions><TPX xmlns="http://www.garmin.com/xmlschemas/ActivityExtension/v2"><Speed>2.48</Speed></TPX></Extensions></Trackpoint><Trackpoint><Time>2026-03-31T17:09:32+00:00</Time><DistanceMeters>4856.3</DistanceMeters><Position><LatitudeDegrees>50.579216</LatitudeDegrees><LongitudeDegrees>3.075697</LongitudeDegrees></Position><AltitudeMeters>46.4</AltitudeMeters><Extensions><TPX xmlns="http://www.garmin.com/xmlschemas/ActivityExtension/v2"><Speed>2.56</Speed></TPX></Extensions></Trackpoint><Trackpoint><Time>2026-03-31T17:09:33+00:00</Time><DistanceMeters>4859.0</DistanceMeters><Position><LatitudeDegrees>50.579221</LatitudeDegrees><LongitudeDegrees>3.075712</LongitudeDegrees></Position><AltitudeMeters>46.4</AltitudeMeters><Extensions><TPX xmlns="http://www.garmin.com/xmlschemas/ActivityExtension/v2"><Speed>2.6</Speed></TPX></Extensions></Trackpoint><Trackpoint><Time>2026-03-31T17:09:34+00:00</Time><DistanceMeters>4862.2</DistanceMeters><Position><LatitudeDegrees>50.579241</LatitudeDegrees><LongitudeDegrees>3.075743</LongitudeDegrees></Position><AltitudeMeters>46.4</AltitudeMeters><Extensions><TPX xmlns="http://www.garmin.com/xmlschemas/ActivityExtension/v2"><Speed>2.74</Speed></TPX></Extensions></Trackpoint><Trackpoint><Time>2026-03-31T17:09:35+00:00</Time><DistanceMeters>4865.0</DistanceMeters><Position><LatitudeDegrees>50.579268</LatitudeDegrees><LongitudeDegrees>3.075786</LongitudeDegrees></Position><AltitudeMeters>46.5</AltitudeMeters><Extensions><TPX xmlns="http://www.garmin.com/xmlschemas/ActivityExtension/v2"><Speed>2.79</Speed></TPX></Extensions></Trackpoint><Trackpoint><Time>2026-03-31T17:09:36+00:00</Time><DistanceMeters>4867.8</DistanceMeters><Position><LatitudeDegrees>50.579277</LatitudeDegrees><LongitudeDegrees>3.0758</LongitudeDegrees></Position><AltitudeMeters>46.6</AltitudeMeters><Extensions><TPX xmlns="http://www.garmin.com/xmlschemas/ActivityExtension/v2"><Speed>2.84</Speed></TPX></Extensions></Trackpoint><Trackpoint><Time>2026-03-31T17:09:37+00:00</Time><DistanceMeters>4870.7</DistanceMeters><Position><LatitudeDegrees>50.579304</LatitudeDegrees><LongitudeDegrees>3.075838</LongitudeDegrees></Position><AltitudeMeters>46.6</AltitudeMeters><Extensions><TPX xmlns="http://www.garmin.com/xmlschemas/ActivityExtension/v2"><Speed>2.87</Speed></TPX></Extensions></Trackpoint><Trackpoint><Time>2026-03-31T17:09:38+00:00</Time><DistanceMeters>4873.5</DistanceMeters><Position><LatitudeDegrees>50.579313</LatitudeDegrees><LongitudeDegrees>3.075858</LongitudeDegrees></Position><AltitudeMeters>46.7</AltitudeMeters><Extensions><TPX xmlns="http://www.garmin.com/xmlschemas/ActivityExtension/v2"><Speed>2.9</Speed></TPX></Extensions></Trackpoint><Trackpoint><Time>2026-03-31T17:09:39+00:00</Time><DistanceMeters>4876.5</DistanceMeters><Position><LatitudeDegrees>50.579336</LatitudeDegrees><LongitudeDegrees>3.075908</LongitudeDegrees></Position><AltitudeMeters>46.8</AltitudeMeters><Extensions><TPX xmlns="http://www.garmin.com/xmlschemas/ActivityExtension/v2"><Speed>2.86</Speed></TPX></Extensions></Trackpoint><Trackpoint><Time>2026-03-31T17:09:40+00:00</Time><DistanceMeters>4879.5</DistanceMeters><Position><LatitudeDegrees>50.579344</LatitudeDegrees><LongitudeDegrees>3.075925</LongitudeDegrees></Position><AltitudeMeters>46.8</AltitudeMeters><Extensions><TPX xmlns="http://www.garmin.com/xmlschemas/ActivityExtension/v2"><Speed>2.9</Speed></TPX></Extensions></Trackpoint><Trackpoint><Time>2026-03-31T17:09:41+00:00</Time><DistanceMeters>4882.5</DistanceMeters><Position><LatitudeDegrees>50.579366</LatitudeDegrees><LongitudeDegrees>3.075951</LongitudeDegrees></Position><AltitudeMeters>46.8</AltitudeMeters><Extensions><TPX xmlns="http://www.garmin.com/xmlschemas/ActivityExtension/v2"><Speed>2.94</Speed></TPX></Extensions></Trackpoint><Trackpoint><Time>2026-03-31T17:09:42+00:00</Time><DistanceMeters>4884.8</DistanceMeters><Position><LatitudeDegrees>50.579384</LatitudeDegrees><LongitudeDegrees>3.075993</LongitudeDegrees></Position><AltitudeMeters>46.9</AltitudeMeters><Extensions><TPX xmlns="http://www.garmin.com/xmlschemas/ActivityExtension/v2"><Speed>2.82</Speed></TPX></Extensions></Trackpoint><Trackpoint><Time>2026-03-31T17:09:43+00:00</Time><DistanceMeters>4887.0</DistanceMeters><Position><LatitudeDegrees>50.579389</LatitudeDegrees><LongitudeDegrees>3.076003</LongitudeDegrees></Position><AltitudeMeters>46.9</AltitudeMeters><Extensions><TPX xmlns="http://www.garmin.com/xmlschemas/ActivityExtension/v2"><Speed>2.7</Speed></TPX></Extensions></Trackpoint><Trackpoint><Time>2026-03-31T17:09:44+00:00</Time><DistanceMeters>4889.4</DistanceMeters><Position><LatitudeDegrees>50.579403</LatitudeDegrees><LongitudeDegrees>3.076047</LongitudeDegrees></Position><AltitudeMeters>47.0</AltitudeMeters><Extensions><TPX xmlns="http://www.garmin.com/xmlschemas/ActivityExtension/v2"><Speed>2.57</Speed></TPX></Extensions></Trackpoint><Trackpoint><Time>2026-03-31T17:09:45+00:00</Time><DistanceMeters>4891.7</DistanceMeters><Position><LatitudeDegrees>50.579408</LatitudeDegrees><LongitudeDegrees>3.076063</LongitudeDegrees></Position><AltitudeMeters>47.0</AltitudeMeters><Extensions><TPX xmlns="http://www.garmin.com/xmlschemas/ActivityExtension/v2"><Speed>2.44</Speed></TPX></Extensions></Trackpoint><Trackpoint><Time>2026-03-31T17:09:46+00:00</Time><DistanceMeters>4894.0</DistanceMeters><Position><LatitudeDegrees>50.57942</LatitudeDegrees><LongitudeDegrees>3.076105</LongitudeDegrees></Position><AltitudeMeters>47.1</AltitudeMeters><Extensions><TPX xmlns="http://www.garmin.com/xmlschemas/ActivityExtension/v2"><Speed>2.29</Speed></TPX></Extensions></Trackpoint><Trackpoint><Time>2026-03-31T17:09:47+00:00</Time><DistanceMeters>4896.2</DistanceMeters><Position><LatitudeDegrees>50.579423</LatitudeDegrees><LongitudeDegrees>3.076122</LongitudeDegrees></Position><AltitudeMeters>47.1</AltitudeMeters><Extensions><TPX xmlns="http://www.garmin.com/xmlschemas/ActivityExtension/v2"><Speed>2.29</Speed></TPX></Extensions></Trackpoint><Trackpoint><Time>2026-03-31T17:09:48+00:00</Time><DistanceMeters>4898.7</DistanceMeters><Position><LatitudeDegrees>50.579444</LatitudeDegrees><LongitudeDegrees>3.076164</LongitudeDegrees></Position><AltitudeMeters>47.2</AltitudeMeters><Extensions><TPX xmlns="http://www.garmin.com/xmlschemas/ActivityExtension/v2"><Speed>2.34</Speed></TPX></Extensions></Trackpoint><Trackpoint><Time>2026-03-31T17:09:49+00:00</Time><DistanceMeters>4901.2</DistanceMeters><Position><LatitudeDegrees>50.579449</LatitudeDegrees><LongitudeDegrees>3.076179</LongitudeDegrees></Position><AltitudeMeters>47.2</AltitudeMeters><Extensions><TPX xmlns="http://www.garmin.com/xmlschemas/ActivityExtension/v2"><Speed>2.37</Speed></TPX></Extensions></Trackpoint><Trackpoint><Time>2026-03-31T17:09:50+00:00</Time><DistanceMeters>4903.3</DistanceMeters><Position><LatitudeDegrees>50.579465</LatitudeDegrees><LongitudeDegrees>3.076215</LongitudeDegrees></Position><AltitudeMeters>47.3</AltitudeMeters><Extensions><TPX xmlns="http://www.garmin.com/xmlschemas/ActivityExtension/v2"><Speed>2.32</Speed></TPX></Extensions></Trackpoint><Trackpoint><Time>2026-03-31T17:09:51+00:00</Time><DistanceMeters>4905.4</DistanceMeters><Position><LatitudeDegrees>50.579468</LatitudeDegrees><LongitudeDegrees>3.07623</LongitudeDegrees></Position><AltitudeMeters>47.3</AltitudeMeters><Extensions><TPX xmlns="http://www.garmin.com/xmlschemas/ActivityExtension/v2"><Speed>2.29</Speed></TPX></Extensions></Trackpoint><Trackpoint><Time>2026-03-31T17:09:52+00:00</Time><DistanceMeters>4908.0</DistanceMeters><Position><LatitudeDegrees>50.579493</LatitudeDegrees><LongitudeDegrees>3.076268</LongitudeDegrees></Position><AltitudeMeters>47.4</AltitudeMeters><Extensions><TPX xmlns="http://www.garmin.com/xmlschemas/ActivityExtension/v2"><Speed>2.37</Speed></TPX></Extensions></Trackpoint><Trackpoint><Time>2026-03-31T17:09:53+00:00</Time><DistanceMeters>4910.7</DistanceMeters><Position><LatitudeDegrees>50.579504</LatitudeDegrees><LongitudeDegrees>3.076278</LongitudeDegrees></Position><AltitudeMeters>47.4</AltitudeMeters><Extensions><TPX xmlns="http://www.garmin.com/xmlschemas/ActivityExtension/v2"><Speed>2.4</Speed></TPX></Extensions></Trackpoint><Trackpoint><Time>2026-03-31T17:09:54+00:00</Time><DistanceMeters>4913.0</DistanceMeters><Position><LatitudeDegrees>50.579529</LatitudeDegrees><LongitudeDegrees>3.076309</LongitudeDegrees></Position><AltitudeMeters>47.5</AltitudeMeters><Extensions><TPX xmlns="http://www.garmin.com/xmlschemas/ActivityExtension/v2"><Speed>2.36</Speed></TPX></Extensions></Trackpoint><Trackpoint><Time>2026-03-31T17:09:55+00:00</Time><DistanceMeters>4915.3</DistanceMeters><Position><LatitudeDegrees>50.579538</LatitudeDegrees><LongitudeDegrees>3.076317</LongitudeDegrees></Position><AltitudeMeters>47.5</AltitudeMeters><Extensions><TPX xmlns="http://www.garmin.com/xmlschemas/ActivityExtension/v2"><Speed>2.4</Speed></TPX></Extensions></Trackpoint><Trackpoint><Time>2026-03-31T17:09:56+00:00</Time><DistanceMeters>4917.5</DistanceMeters><Position><LatitudeDegrees>50.579563</LatitudeDegrees><LongitudeDegrees>3.076339</LongitudeDegrees></Position><AltitudeMeters>47.5</AltitudeMeters><Extensions><TPX xmlns="http://www.garmin.com/xmlschemas/ActivityExtension/v2"><Speed>2.41</Speed></TPX></Extensions></Trackpoint><Trackpoint><Time>2026-03-31T17:09:57+00:00</Time><DistanceMeters>4919.6</DistanceMeters><Position><LatitudeDegrees>50.579572</LatitudeDegrees><LongitudeDegrees>3.076345</LongitudeDegrees></Position><AltitudeMeters>47.6</AltitudeMeters><Extensions><TPX xmlns="http://www.garmin.com/xmlschemas/ActivityExtension/v2"><Speed>2.31</Speed></TPX></Extensions></Trackpoint><Trackpoint><Time>2026-03-31T17:09:58+00:00</Time><DistanceMeters>4922.3</DistanceMeters><Position><LatitudeDegrees>50.5796</LatitudeDegrees><LongitudeDegrees>3.076379</LongitudeDegrees></Position><AltitudeMeters>47.6</AltitudeMeters><Extensions><TPX xmlns="http://www.garmin.com/xmlschemas/ActivityExtension/v2"><Speed>2.31</Speed></TPX></Extensions></Trackpoint><Trackpoint><Time>2026-03-31T17:09:59+00:00</Time><DistanceMeters>4924.9</DistanceMeters><Position><LatitudeDegrees>50.579608</LatitudeDegrees><LongitudeDegrees>3.076395</LongitudeDegrees></Position><AltitudeMeters>47.7</AltitudeMeters><Extensions><TPX xmlns="http://www.garmin.com/xmlschemas/ActivityExtension/v2"><Speed>2.38</Speed></TPX></Extensions></Trackpoint><Trackpoint><Time>2026-03-31T17:10:00+00:00</Time><DistanceMeters>4927.7</DistanceMeters><Position><LatitudeDegrees>50.579629</LatitudeDegrees><LongitudeDegrees>3.076439</LongitudeDegrees></Position><AltitudeMeters>47.8</AltitudeMeters><Extensions><TPX xmlns="http://www.garmin.com/xmlschemas/ActivityExtension/v2"><Speed>2.47</Speed></TPX></Extensions></Trackpoint><Trackpoint><Time>2026-03-31T17:10:01+00:00</Time><DistanceMeters>4930.4</DistanceMeters><Position><LatitudeDegrees>50.579638</LatitudeDegrees><LongitudeDegrees>3.076456</LongitudeDegrees></Position><AltitudeMeters>47.8</AltitudeMeters><Extensions><TPX xmlns="http://www.garmin.com/xmlschemas/ActivityExtension/v2"><Speed>2.59</Speed></TPX></Extensions></Trackpoint><Trackpoint><Time>2026-03-31T17:10:02+00:00</Time><DistanceMeters>4934.1</DistanceMeters><Position><LatitudeDegrees>50.579658</LatitudeDegrees><LongitudeDegrees>3.076497</LongitudeDegrees></Position><AltitudeMeters>47.9</AltitudeMeters><Extensions><TPX xmlns="http://www.garmin.com/xmlschemas/ActivityExtension/v2"><Speed>2.9</Speed></TPX></Extensions></Trackpoint><Trackpoint><Time>2026-03-31T17:10:03+00:00</Time><DistanceMeters>4937.6</DistanceMeters><Position><LatitudeDegrees>50.579678</LatitudeDegrees><LongitudeDegrees>3.076534</LongitudeDegrees></Position><AltitudeMeters>48.0</AltitudeMeters><Extensions><TPX xmlns="http://www.garmin.com/xmlschemas/ActivityExtension/v2"><Speed>3.07</Speed></TPX></Extensions></Trackpoint><Trackpoint><Time>2026-03-31T17:10:04+00:00</Time><DistanceMeters>4940.6</DistanceMeters><Position><LatitudeDegrees>50.579695</LatitudeDegrees><LongitudeDegrees>3.076569</LongitudeDegrees></Position><AltitudeMeters>48.0</AltitudeMeters><Extensions><TPX xmlns="http://www.garmin.com/xmlschemas/ActivityExtension/v2"><Speed>3.14</Speed></TPX></Extensions></Trackpoint><Trackpoint><Time>2026-03-31T17:10:05+00:00</Time><DistanceMeters>4944.5</DistanceMeters><Position><LatitudeDegrees>50.579708</LatitudeDegrees><LongitudeDegrees>3.076619</LongitudeDegrees></Position><AltitudeMeters>48.1</AltitudeMeters><Extensions><TPX xmlns="http://www.garmin.com/xmlschemas/ActivityExtension/v2"><Speed>3.37</Speed></TPX></Extensions></Trackpoint><Trackpoint><Time>2026-03-31T17:10:06+00:00</Time><DistanceMeters>4947.5</DistanceMeters><Position><LatitudeDegrees>50.579722</LatitudeDegrees><LongitudeDegrees>3.076657</LongitudeDegrees></Position><AltitudeMeters>48.2</AltitudeMeters><Extensions><TPX xmlns="http://www.garmin.com/xmlschemas/ActivityExtension/v2"><Speed>3.42</Speed></TPX></Extensions></Trackpoint><Trackpoint><Time>2026-03-31T17:10:07+00:00</Time><DistanceMeters>4950.9</DistanceMeters><Position><LatitudeDegrees>50.57974</LatitudeDegrees><LongitudeDegrees>3.076695</LongitudeDegrees></Position><AltitudeMeters>48.3</AltitudeMeters><Extensions><TPX xmlns="http://www.garmin.com/xmlschemas/ActivityExtension/v2"><Speed>3.36</Speed></TPX></Extensions></Trackpoint><Trackpoint><Time>2026-03-31T17:10:08+00:00</Time><DistanceMeters>4954.1</DistanceMeters><Position><LatitudeDegrees>50.579758</LatitudeDegrees><LongitudeDegrees>3.076729</LongitudeDegrees></Position><AltitudeMeters>48.3</AltitudeMeters><Extensions><TPX xmlns="http://www.garmin.com/xmlschemas/ActivityExtension/v2"><Speed>3.3</Speed></TPX></Extensions></Trackpoint><Trackpoint><Time>2026-03-31T17:10:09+00:00</Time><DistanceMeters>4957.6</DistanceMeters><Position><LatitudeDegrees>50.579776</LatitudeDegrees><LongitudeDegrees>3.076771</LongitudeDegrees></Position><AltitudeMeters>48.4</AltitudeMeters><Extensions><TPX xmlns="http://www.garmin.com/xmlschemas/ActivityExtension/v2"><Speed>3.4</Speed></TPX></Extensions></Trackpoint><Trackpoint><Time>2026-03-31T17:10:10+00:00</Time><DistanceMeters>4960.3</DistanceMeters><Position><LatitudeDegrees>50.5798</LatitudeDegrees><LongitudeDegrees>3.076811</LongitudeDegrees></Position><AltitudeMeters>48.5</AltitudeMeters><Extensions><TPX xmlns="http://www.garmin.com/xmlschemas/ActivityExtension/v2"><Speed>3.16</Speed></TPX></Extensions></Trackpoint><Trackpoint><Time>2026-03-31T17:10:11+00:00</Time><DistanceMeters>4963.0</DistanceMeters><Position><LatitudeDegrees>50.579806</LatitudeDegrees><LongitudeDegrees>3.07683</LongitudeDegrees></Position><AltitudeMeters>48.5</AltitudeMeters><Extensions><TPX xmlns="http://www.garmin.com/xmlschemas/ActivityExtension/v2"><Speed>3.1</Speed></TPX></Extensions></Trackpoint><Trackpoint><Time>2026-03-31T17:10:12+00:00</Time><DistanceMeters>4965.3</DistanceMeters><Position><LatitudeDegrees>50.57981</LatitudeDegrees><LongitudeDegrees>3.076878</LongitudeDegrees></Position><AltitudeMeters>48.6</AltitudeMeters><Extensions><TPX xmlns="http://www.garmin.com/xmlschemas/ActivityExtension/v2"><Speed>2.87</Speed></TPX></Extensions></Trackpoint><Trackpoint><Time>2026-03-31T17:10:13+00:00</Time><DistanceMeters>4967.5</DistanceMeters><Position><LatitudeDegrees>50.57981</LatitudeDegrees><LongitudeDegrees>3.076893</LongitudeDegrees></Position><AltitudeMeters>48.6</AltitudeMeters><Extensions><TPX xmlns="http://www.garmin.com/xmlschemas/ActivityExtension/v2"><Speed>2.68</Speed></TPX></Extensions></Trackpoint><Trackpoint><Time>2026-03-31T17:10:14+00:00</Time><DistanceMeters>4970.5</DistanceMeters><Position><LatitudeDegrees>50.579839</LatitudeDegrees><LongitudeDegrees>3.076933</LongitudeDegrees></Position><AltitudeMeters>48.7</AltitudeMeters><Extensions><TPX xmlns="http://www.garmin.com/xmlschemas/ActivityExtension/v2"><Speed>2.57</Speed></TPX></Extensions></Trackpoint><Trackpoint><Time>2026-03-31T17:10:15+00:00</Time><DistanceMeters>4973.4</DistanceMeters><Position><LatitudeDegrees>50.579851</LatitudeDegrees><LongitudeDegrees>3.076947</LongitudeDegrees></Position><AltitudeMeters>48.8</AltitudeMeters><Extensions><TPX xmlns="http://www.garmin.com/xmlschemas/ActivityExtension/v2"><Speed>2.62</Speed></TPX></Extensions></Trackpoint><Trackpoint><Time>2026-03-31T17:10:16+00:00</Time><DistanceMeters>4976.5</DistanceMeters><Position><LatitudeDegrees>50.579875</LatitudeDegrees><LongitudeDegrees>3.076969</LongitudeDegrees></Position><AltitudeMeters>48.9</AltitudeMeters><Extensions><TPX xmlns="http://www.garmin.com/xmlschemas/ActivityExtension/v2"><Speed>2.7</Speed></TPX></Extensions></Trackpoint><Trackpoint><Time>2026-03-31T17:10:17+00:00</Time><DistanceMeters>4979.7</DistanceMeters><Position><LatitudeDegrees>50.5799</LatitudeDegrees><LongitudeDegrees>3.076988</LongitudeDegrees></Position><AltitudeMeters>48.9</AltitudeMeters><Extensions><TPX xmlns="http://www.garmin.com/xmlschemas/ActivityExtension/v2"><Speed>2.89</Speed></TPX></Extensions></Trackpoint><Trackpoint><Time>2026-03-31T17:10:18+00:00</Time><DistanceMeters>4982.3</DistanceMeters><Position><LatitudeDegrees>50.579935</LatitudeDegrees><LongitudeDegrees>3.076998</LongitudeDegrees></Position><AltitudeMeters>49.0</AltitudeMeters><Extensions><TPX xmlns="http://www.garmin.com/xmlschemas/ActivityExtension/v2"><Speed>2.96</Speed></TPX></Extensions></Trackpoint><Trackpoint><Time>2026-03-31T17:10:19+00:00</Time><DistanceMeters>4984.9</DistanceMeters><Position><LatitudeDegrees>50.579947</LatitudeDegrees><LongitudeDegrees>3.076998</LongitudeDegrees></Position><AltitudeMeters>49.0</AltitudeMeters><Extensions><TPX xmlns="http://www.garmin.com/xmlschemas/ActivityExtension/v2"><Speed>2.89</Speed></TPX></Extensions></Trackpoint><Trackpoint><Time>2026-03-31T17:10:20+00:00</Time><DistanceMeters>4988.5</DistanceMeters><Position><LatitudeDegrees>50.579976</LatitudeDegrees><LongitudeDegrees>3.07702</LongitudeDegrees></Position><AltitudeMeters>49.1</AltitudeMeters><Extensions><TPX xmlns="http://www.garmin.com/xmlschemas/ActivityExtension/v2"><Speed>3.02</Speed></TPX></Extensions></Trackpoint><Trackpoint><Time>2026-03-31T17:10:21+00:00</Time><DistanceMeters>4991.8</DistanceMeters><Position><LatitudeDegrees>50.580001</LatitudeDegrees><LongitudeDegrees>3.077046</LongitudeDegrees></Position><AltitudeMeters>49.1</AltitudeMeters><Extensions><TPX xmlns="http://www.garmin.com/xmlschemas/ActivityExtension/v2"><Speed>3.06</Speed></TPX></Extensions></Trackpoint><Trackpoint><Time>2026-03-31T17:10:22+00:00</Time><DistanceMeters>4994.8</DistanceMeters><Position><LatitudeDegrees>50.580026</LatitudeDegrees><LongitudeDegrees>3.077093</LongitudeDegrees></Position><AltitudeMeters>49.2</AltitudeMeters><Extensions><TPX xmlns="http://www.garmin.com/xmlschemas/ActivityExtension/v2"><Speed>3.02</Speed></TPX></Extensions></Trackpoint><Trackpoint><Time>2026-03-31T17:10:23+00:00</Time><DistanceMeters>4997.8</DistanceMeters><Position><LatitudeDegrees>50.580035</LatitudeDegrees><LongitudeDegrees>3.077111</LongitudeDegrees></Position><AltitudeMeters>49.3</AltitudeMeters><Extensions><TPX xmlns="http://www.garmin.com/xmlschemas/ActivityExtension/v2"><Speed>3.1</Speed></TPX></Extensions></Trackpoint><Trackpoint><Time>2026-03-31T17:10:24+00:00</Time><DistanceMeters>5001.0</DistanceMeters><Position><LatitudeDegrees>50.580057</LatitudeDegrees><LongitudeDegrees>3.077141</LongitudeDegrees></Position><AltitudeMeters>49.3</AltitudeMeters><Extensions><TPX xmlns="http://www.garmin.com/xmlschemas/ActivityExtension/v2"><Speed>3.22</Speed></TPX></Extensions></Trackpoint><Trackpoint><Time>2026-03-31T17:10:25+00:00</Time><DistanceMeters>5003.7</DistanceMeters><Position><LatitudeDegrees>50.58008</LatitudeDegrees><LongitudeDegrees>3.077182</LongitudeDegrees></Position><AltitudeMeters>49.4</AltitudeMeters><Extensions><TPX xmlns="http://www.garmin.com/xmlschemas/ActivityExtension/v2"><Speed>3.04</Speed></TPX></Extensions></Trackpoint><Trackpoint><Time>2026-03-31T17:10:26+00:00</Time><DistanceMeters>5006.4</DistanceMeters><Position><LatitudeDegrees>50.58009</LatitudeDegrees><LongitudeDegrees>3.077196</LongitudeDegrees></Position><AltitudeMeters>49.4</AltitudeMeters><Extensions><TPX xmlns="http://www.garmin.com/xmlschemas/ActivityExtension/v2"><Speed>2.92</Speed></TPX></Extensions></Trackpoint><Trackpoint><Time>2026-03-31T17:10:27+00:00</Time><DistanceMeters>5009.3</DistanceMeters><Position><LatitudeDegrees>50.580117</LatitudeDegrees><LongitudeDegrees>3.07724</LongitudeDegrees></Position><AltitudeMeters>49.5</AltitudeMeters><Extensions><TPX xmlns="http://www.garmin.com/xmlschemas/ActivityExtension/v2"><Speed>2.9</Speed></TPX></Extensions></Trackpoint><Trackpoint><Time>2026-03-31T17:10:28+00:00</Time><DistanceMeters>5012.2</DistanceMeters><Position><LatitudeDegrees>50.580126</LatitudeDegrees><LongitudeDegrees>3.077256</LongitudeDegrees></Position><AltitudeMeters>49.6</AltitudeMeters><Extensions><TPX xmlns="http://www.garmin.com/xmlschemas/ActivityExtension/v2"><Speed>2.88</Speed></TPX></Extensions></Trackpoint><Trackpoint><Time>2026-03-31T17:10:29+00:00</Time><DistanceMeters>5015.3</DistanceMeters><Position><LatitudeDegrees>50.580146</LatitudeDegrees><LongitudeDegrees>3.077286</LongitudeDegrees></Position><AltitudeMeters>49.6</AltitudeMeters><Extensions><TPX xmlns="http://www.garmin.com/xmlschemas/ActivityExtension/v2"><Speed>2.86</Speed></TPX></Extensions></Trackpoint><Trackpoint><Time>2026-03-31T17:10:30+00:00</Time><DistanceMeters>5018.2</DistanceMeters><Position><LatitudeDegrees>50.580173</LatitudeDegrees><LongitudeDegrees>3.07733</LongitudeDegrees></Position><AltitudeMeters>49.7</AltitudeMeters><Extensions><TPX xmlns="http://www.garmin.com/xmlschemas/ActivityExtension/v2"><Speed>2.89</Speed></TPX></Extensions></Trackpoint><Trackpoint><Time>2026-03-31T17:10:31+00:00</Time><DistanceMeters>5021.0</DistanceMeters><Position><LatitudeDegrees>50.580181</LatitudeDegrees><LongitudeDegrees>3.077345</LongitudeDegrees></Position><AltitudeMeters>49.8</AltitudeMeters><Extensions><TPX xmlns="http://www.garmin.com/xmlschemas/ActivityExtension/v2"><Speed>2.92</Speed></TPX></Extensions></Trackpoint><Trackpoint><Time>2026-03-31T17:10:32+00:00</Time><DistanceMeters>5023.6</DistanceMeters><Position><LatitudeDegrees>50.580204</LatitudeDegrees><LongitudeDegrees>3.077385</LongitudeDegrees></Position><AltitudeMeters>49.8</AltitudeMeters><Extensions><TPX xmlns="http://www.garmin.com/xmlschemas/ActivityExtension/v2"><Speed>2.86</Speed></TPX></Extensions></Trackpoint><Trackpoint><Time>2026-03-31T17:10:33+00:00</Time><DistanceMeters>5026.2</DistanceMeters><Position><LatitudeDegrees>50.580213</LatitudeDegrees><LongitudeDegrees>3.077399</LongitudeDegrees></Position><AltitudeMeters>49.9</AltitudeMeters><Extensions><TPX xmlns="http://www.garmin.com/xmlschemas/ActivityExtension/v2"><Speed>2.8</Speed></TPX></Extensions></Trackpoint><Trackpoint><Time>2026-03-31T17:10:34+00:00</Time><DistanceMeters>5029.3</DistanceMeters><Position><LatitudeDegrees>50.58023</LatitudeDegrees><LongitudeDegrees>3.077432</LongitudeDegrees></Position><AltitudeMeters>49.9</AltitudeMeters><Extensions><TPX xmlns="http://www.garmin.com/xmlschemas/ActivityExtension/v2"><Speed>2.8</Speed></TPX></Extensions></Trackpoint><Trackpoint><Time>2026-03-31T17:10:35+00:00</Time><DistanceMeters>5032.6</DistanceMeters><Position><LatitudeDegrees>50.580256</LatitudeDegrees><LongitudeDegrees>3.077485</LongitudeDegrees></Position><AltitudeMeters>50.0</AltitudeMeters><Extensions><TPX xmlns="http://www.garmin.com/xmlschemas/ActivityExtension/v2"><Speed>2.88</Speed></TPX></Extensions></Trackpoint><Trackpoint><Time>2026-03-31T17:10:36+00:00</Time><DistanceMeters>5035.8</DistanceMeters><Position><LatitudeDegrees>50.580265</LatitudeDegrees><LongitudeDegrees>3.077506</LongitudeDegrees></Position><AltitudeMeters>50.1</AltitudeMeters><Extensions><TPX xmlns="http://www.garmin.com/xmlschemas/ActivityExtension/v2"><Speed>2.96</Speed></TPX></Extensions></Trackpoint><Trackpoint><Time>2026-03-31T17:10:37+00:00</Time><DistanceMeters>5038.8</DistanceMeters><Position><LatitudeDegrees>50.58028</LatitudeDegrees><LongitudeDegrees>3.077541</LongitudeDegrees></Position><AltitudeMeters>50.1</AltitudeMeters><Extensions><TPX xmlns="http://www.garmin.com/xmlschemas/ActivityExtension/v2"><Speed>3.04</Speed></TPX></Extensions></Trackpoint><Trackpoint><Time>2026-03-31T17:10:38+00:00</Time><DistanceMeters>5041.3</DistanceMeters><Position><LatitudeDegrees>50.580305</LatitudeDegrees><LongitudeDegrees>3.077576</LongitudeDegrees></Position><AltitudeMeters>50.2</AltitudeMeters><Extensions><TPX xmlns="http://www.garmin.com/xmlschemas/ActivityExtension/v2"><Speed>3.01</Speed></TPX></Extensions></Trackpoint><Trackpoint><Time>2026-03-31T17:10:39+00:00</Time><DistanceMeters>5043.7</DistanceMeters><Position><LatitudeDegrees>50.580312</LatitudeDegrees><LongitudeDegrees>3.07759</LongitudeDegrees></Position><AltitudeMeters>50.3</AltitudeMeters><Extensions><TPX xmlns="http://www.garmin.com/xmlschemas/ActivityExtension/v2"><Speed>2.88</Speed></TPX></Extensions></Trackpoint><Trackpoint><Time>2026-03-31T17:10:40+00:00</Time><DistanceMeters>5046.8</DistanceMeters><Position><LatitudeDegrees>50.58033</LatitudeDegrees><LongitudeDegrees>3.077623</LongitudeDegrees></Position><AltitudeMeters>50.3</AltitudeMeters><Extensions><TPX xmlns="http://www.garmin.com/xmlschemas/ActivityExtension/v2"><Speed>2.85</Speed></TPX></Extensions></Trackpoint><Trackpoint><Time>2026-03-31T17:10:41+00:00</Time><DistanceMeters>5049.6</DistanceMeters><Position><LatitudeDegrees>50.580355</LatitudeDegrees><LongitudeDegrees>3.077666</LongitudeDegrees></Position><AltitudeMeters>50.4</AltitudeMeters><Extensions><TPX xmlns="http://www.garmin.com/xmlschemas/ActivityExtension/v2"><Speed>2.76</Speed></TPX></Extensions></Trackpoint><Trackpoint><Time>2026-03-31T17:10:42+00:00</Time><DistanceMeters>5052.4</DistanceMeters><Position><LatitudeDegrees>50.580364</LatitudeDegrees><LongitudeDegrees>3.077681</LongitudeDegrees></Position><AltitudeMeters>50.4</AltitudeMeters><Extensions><TPX xmlns="http://www.garmin.com/xmlschemas/ActivityExtension/v2"><Speed>2.72</Speed></TPX></Extensions></Trackpoint><Trackpoint><Time>2026-03-31T17:10:43+00:00</Time><DistanceMeters>5055.4</DistanceMeters><Position><LatitudeDegrees>50.580391</LatitudeDegrees><LongitudeDegrees>3.077727</LongitudeDegrees></Position><AltitudeMeters>50.5</AltitudeMeters><Extensions><TPX xmlns="http://www.garmin.com/xmlschemas/ActivityExtension/v2"><Speed>2.83</Speed></TPX></Extensions></Trackpoint><Trackpoint><Time>2026-03-31T17:10:44+00:00</Time><DistanceMeters>5058.4</DistanceMeters><Position><LatitudeDegrees>50.5804</LatitudeDegrees><LongitudeDegrees>3.077744</LongitudeDegrees></Position><AltitudeMeters>50.5</AltitudeMeters><Extensions><TPX xmlns="http://www.garmin.com/xmlschemas/ActivityExtension/v2"><Speed>2.94</Speed></TPX></Extensions></Trackpoint><Trackpoint><Time>2026-03-31T17:10:45+00:00</Time><DistanceMeters>5061.7</DistanceMeters><Position><LatitudeDegrees>50.58042</LatitudeDegrees><LongitudeDegrees>3.077779</LongitudeDegrees></Position><AltitudeMeters>50.6</AltitudeMeters><Extensions><TPX xmlns="http://www.garmin.com/xmlschemas/ActivityExtension/v2"><Speed>2.98</Speed></TPX></Extensions></Trackpoint><Trackpoint><Time>2026-03-31T17:10:46+00:00</Time><DistanceMeters>5064.3</DistanceMeters><Position><LatitudeDegrees>50.580442</LatitudeDegrees><LongitudeDegrees>3.07782</LongitudeDegrees></Position><AltitudeMeters>50.7</AltitudeMeters><Extensions><TPX xmlns="http://www.garmin.com/xmlschemas/ActivityExtension/v2"><Speed>2.93</Speed></TPX></Extensions></Trackpoint><Trackpoint><Time>2026-03-31T17:10:47+00:00</Time><DistanceMeters>5066.8</DistanceMeters><Position><LatitudeDegrees>50.58045</LatitudeDegrees><LongitudeDegrees>3.077834</LongitudeDegrees></Position><AltitudeMeters>50.7</AltitudeMeters><Extensions><TPX xmlns="http://www.garmin.com/xmlschemas/ActivityExtension/v2"><Speed>2.88</Speed></TPX></Extensions></Trackpoint><Trackpoint><Time>2026-03-31T17:10:48+00:00</Time><DistanceMeters>5069.6</DistanceMeters><Position><LatitudeDegrees>50.58047</LatitudeDegrees><LongitudeDegrees>3.07788</LongitudeDegrees></Position><AltitudeMeters>50.8</AltitudeMeters><Extensions><TPX xmlns="http://www.garmin.com/xmlschemas/ActivityExtension/v2"><Speed>2.83</Speed></TPX></Extensions></Trackpoint><Trackpoint><Time>2026-03-31T17:10:49+00:00</Time><DistanceMeters>5072.3</DistanceMeters><Position><LatitudeDegrees>50.580477</LatitudeDegrees><LongitudeDegrees>3.077899</LongitudeDegrees></Position><AltitudeMeters>50.8</AltitudeMeters><Extensions><TPX xmlns="http://www.garmin.com/xmlschemas/ActivityExtension/v2"><Speed>2.78</Speed></TPX></Extensions></Trackpoint><Trackpoint><Time>2026-03-31T17:10:50+00:00</Time><DistanceMeters>5075.3</DistanceMeters><Position><LatitudeDegrees>50.580502</LatitudeDegrees><LongitudeDegrees>3.077944</LongitudeDegrees></Position><AltitudeMeters>50.9</AltitudeMeters><Extensions><TPX xmlns="http://www.garmin.com/xmlschemas/ActivityExtension/v2"><Speed>2.71</Speed></TPX></Extensions></Trackpoint><Trackpoint><Time>2026-03-31T17:10:51+00:00</Time><DistanceMeters>5078.2</DistanceMeters><Position><LatitudeDegrees>50.580511</LatitudeDegrees><LongitudeDegrees>3.077961</LongitudeDegrees></Position><AltitudeMeters>50.9</AltitudeMeters><Extensions><TPX xmlns="http://www.garmin.com/xmlschemas/ActivityExtension/v2"><Speed>2.79</Speed></TPX></Extensions></Trackpoint><Trackpoint><Time>2026-03-31T17:10:52+00:00</Time><DistanceMeters>5080.9</DistanceMeters><Position><LatitudeDegrees>50.580533</LatitudeDegrees><LongitudeDegrees>3.078005</LongitudeDegrees></Position><AltitudeMeters>51.0</AltitudeMeters><Extensions><TPX xmlns="http://www.garmin.com/xmlschemas/ActivityExtension/v2"><Speed>2.81</Speed></TPX></Extensions></Trackpoint><Trackpoint><Time>2026-03-31T17:10:53+00:00</Time><DistanceMeters>5083.5</DistanceMeters><Position><LatitudeDegrees>50.580539</LatitudeDegrees><LongitudeDegrees>3.078022</LongitudeDegrees></Position><AltitudeMeters>51.0</AltitudeMeters><Extensions><TPX xmlns="http://www.garmin.com/xmlschemas/ActivityExtension/v2"><Speed>2.79</Speed></TPX></Extensions></Trackpoint><Trackpoint><Time>2026-03-31T17:10:54+00:00</Time><DistanceMeters>5086.4</DistanceMeters><Position><LatitudeDegrees>50.580561</LatitudeDegrees><LongitudeDegrees>3.078073</LongitudeDegrees></Position><AltitudeMeters>51.1</AltitudeMeters><Extensions><TPX xmlns="http://www.garmin.com/xmlschemas/ActivityExtension/v2"><Speed>2.81</Speed></TPX></Extensions></Trackpoint><Trackpoint><Time>2026-03-31T17:10:55+00:00</Time><DistanceMeters>5089.2</DistanceMeters><Position><LatitudeDegrees>50.580565</LatitudeDegrees><LongitudeDegrees>3.078091</LongitudeDegrees></Position><AltitudeMeters>51.1</AltitudeMeters><Extensions><TPX xmlns="http://www.garmin.com/xmlschemas/ActivityExtension/v2"><Speed>2.79</Speed></TPX></Extensions></Trackpoint><Trackpoint><Time>2026-03-31T17:10:56+00:00</Time><DistanceMeters>5092.1</DistanceMeters><Position><LatitudeDegrees>50.580592</LatitudeDegrees><LongitudeDegrees>3.078135</LongitudeDegrees></Position><AltitudeMeters>51.2</AltitudeMeters><Extensions><TPX xmlns="http://www.garmin.com/xmlschemas/ActivityExtension/v2"><Speed>2.78</Speed></TPX></Extensions></Trackpoint><Trackpoint><Time>2026-03-31T17:10:57+00:00</Time><DistanceMeters>5095.0</DistanceMeters><Position><LatitudeDegrees>50.580602</LatitudeDegrees><LongitudeDegrees>3.078149</LongitudeDegrees></Position><AltitudeMeters>51.2</AltitudeMeters><Extensions><TPX xmlns="http://www.garmin.com/xmlschemas/ActivityExtension/v2"><Speed>2.83</Speed></TPX></Extensions></Trackpoint><Trackpoint><Time>2026-03-31T17:10:58+00:00</Time><DistanceMeters>5097.8</DistanceMeters><Position><LatitudeDegrees>50.580627</LatitudeDegrees><LongitudeDegrees>3.078192</LongitudeDegrees></Position><AltitudeMeters>51.3</AltitudeMeters><Extensions><TPX xmlns="http://www.garmin.com/xmlschemas/ActivityExtension/v2"><Speed>2.86</Speed></TPX></Extensions></Trackpoint><Trackpoint><Time>2026-03-31T17:10:59+00:00</Time><DistanceMeters>5100.6</DistanceMeters><Position><LatitudeDegrees>50.580635</LatitudeDegrees><LongitudeDegrees>3.07821</LongitudeDegrees></Position><AltitudeMeters>51.4</AltitudeMeters><Extensions><TPX xmlns="http://www.garmin.com/xmlschemas/ActivityExtension/v2"><Speed>2.85</Speed></TPX></Extensions></Trackpoint><Trackpoint><Time>2026-03-31T17:11:00+00:00</Time><DistanceMeters>5103.4</DistanceMeters><Position><LatitudeDegrees>50.580655</LatitudeDegrees><LongitudeDegrees>3.078256</LongitudeDegrees></Position><AltitudeMeters>51.5</AltitudeMeters><Extensions><TPX xmlns="http://www.garmin.com/xmlschemas/ActivityExtension/v2"><Speed>2.83</Speed></TPX></Extensions></Trackpoint><Trackpoint><Time>2026-03-31T17:11:01+00:00</Time><DistanceMeters>5106.1</DistanceMeters><Position><LatitudeDegrees>50.580663</LatitudeDegrees><LongitudeDegrees>3.078274</LongitudeDegrees></Position><AltitudeMeters>51.5</AltitudeMeters><Extensions><TPX xmlns="http://www.garmin.com/xmlschemas/ActivityExtension/v2"><Speed>2.8</Speed></TPX></Extensions></Trackpoint><Trackpoint><Time>2026-03-31T17:11:02+00:00</Time><DistanceMeters>5108.9</DistanceMeters><Position><LatitudeDegrees>50.580685</LatitudeDegrees><LongitudeDegrees>3.078319</LongitudeDegrees></Position><AltitudeMeters>51.6</AltitudeMeters><Extensions><TPX xmlns="http://www.garmin.com/xmlschemas/ActivityExtension/v2"><Speed>2.78</Speed></TPX></Extensions></Trackpoint><Trackpoint><Time>2026-03-31T17:11:03+00:00</Time><DistanceMeters>5111.7</DistanceMeters><Position><LatitudeDegrees>50.580694</LatitudeDegrees><LongitudeDegrees>3.078336</LongitudeDegrees></Position><AltitudeMeters>51.7</AltitudeMeters><Extensions><TPX xmlns="http://www.garmin.com/xmlschemas/ActivityExtension/v2"><Speed>2.78</Speed></TPX></Extensions></Trackpoint><Trackpoint><Time>2026-03-31T17:11:04+00:00</Time><DistanceMeters>5114.4</DistanceMeters><Position><LatitudeDegrees>50.580719</LatitudeDegrees><LongitudeDegrees>3.078377</LongitudeDegrees></Position><AltitudeMeters>51.8</AltitudeMeters><Extensions><TPX xmlns="http://www.garmin.com/xmlschemas/ActivityExtension/v2"><Speed>2.76</Speed></TPX></Extensions></Trackpoint><Trackpoint><Time>2026-03-31T17:11:05+00:00</Time><DistanceMeters>5117.1</DistanceMeters><Position><LatitudeDegrees>50.580726</LatitudeDegrees><LongitudeDegrees>3.078394</LongitudeDegrees></Position><AltitudeMeters>51.8</AltitudeMeters><Extensions><TPX xmlns="http://www.garmin.com/xmlschemas/ActivityExtension/v2"><Speed>2.75</Speed></TPX></Extensions></Trackpoint><Trackpoint><Time>2026-03-31T17:11:06+00:00</Time><DistanceMeters>5119.9</DistanceMeters><Position><LatitudeDegrees>50.580749</LatitudeDegrees><LongitudeDegrees>3.078434</LongitudeDegrees></Position><AltitudeMeters>51.9</AltitudeMeters><Extensions><TPX xmlns="http://www.garmin.com/xmlschemas/ActivityExtension/v2"><Speed>2.75</Speed></TPX></Extensions></Trackpoint><Trackpoint><Time>2026-03-31T17:11:07+00:00</Time><DistanceMeters>5122.6</DistanceMeters><Position><LatitudeDegrees>50.580759</LatitudeDegrees><LongitudeDegrees>3.078452</LongitudeDegrees></Position><AltitudeMeters>52.0</AltitudeMeters><Extensions><TPX xmlns="http://www.garmin.com/xmlschemas/ActivityExtension/v2"><Speed>2.74</Speed></TPX></Extensions></Trackpoint><Trackpoint><Time>2026-03-31T17:11:08+00:00</Time><DistanceMeters>5122.6</DistanceMeters><Position><LatitudeDegrees>50.580764</LatitudeDegrees><LongitudeDegrees>3.078472</LongitudeDegrees></Position><AltitudeMeters>52.0</AltitudeMeters><Extensions><TPX xmlns="http://www.garmin.com/xmlschemas/ActivityExtension/v2"><Speed>2.18</Speed></TPX></Extensions></Trackpoint><Trackpoint><Time>2026-03-31T17:11:09+00:00</Time><DistanceMeters>5126.5</DistanceMeters><Position><LatitudeDegrees>50.580779</LatitudeDegrees><LongitudeDegrees>3.078496</LongitudeDegrees></Position><AltitudeMeters>52.1</AltitudeMeters><Extensions><TPX xmlns="http://www.garmin.com/xmlschemas/ActivityExtension/v2"><Speed>2.42</Speed></TPX></Extensions></Trackpoint><Trackpoint><Time>2026-03-31T17:11:10+00:00</Time><DistanceMeters>5129.9</DistanceMeters><Position><LatitudeDegrees>50.580793</LatitudeDegrees><LongitudeDegrees>3.078539</LongitudeDegrees></Position><AltitudeMeters>52.2</AltitudeMeters><Extensions><TPX xmlns="http://www.garmin.com/xmlschemas/ActivityExtension/v2"><Speed>2.56</Speed></TPX></Extensions></Trackpoint><Trackpoint><Time>2026-03-31T17:11:11+00:00</Time><DistanceMeters>5133.1</DistanceMeters><Position><LatitudeDegrees>50.580811</LatitudeDegrees><LongitudeDegrees>3.078573</LongitudeDegrees></Position><AltitudeMeters>52.3</AltitudeMeters><Extensions><TPX xmlns="http://www.garmin.com/xmlschemas/ActivityExtension/v2"><Speed>2.65</Speed></TPX></Extensions></Trackpoint><Trackpoint><Time>2026-03-31T17:11:12+00:00</Time><DistanceMeters>5136.0</DistanceMeters><Position><LatitudeDegrees>50.580842</LatitudeDegrees><LongitudeDegrees>3.078606</LongitudeDegrees></Position><AltitudeMeters>52.4</AltitudeMeters><Extensions><TPX xmlns="http://www.garmin.com/xmlschemas/ActivityExtension/v2"><Speed>2.67</Speed></TPX></Extensions></Trackpoint><Trackpoint><Time>2026-03-31T17:11:13+00:00</Time><DistanceMeters>5138.8</DistanceMeters><Position><LatitudeDegrees>50.580853</LatitudeDegrees><LongitudeDegrees>3.078621</LongitudeDegrees></Position><AltitudeMeters>52.4</AltitudeMeters><Extensions><TPX xmlns="http://www.garmin.com/xmlschemas/ActivityExtension/v2"><Speed>3.24</Speed></TPX></Extensions></Trackpoint><Trackpoint><Time>2026-03-31T17:11:14+00:00</Time><DistanceMeters>5141.5</DistanceMeters><Position><LatitudeDegrees>50.580882</LatitudeDegrees><LongitudeDegrees>3.078655</LongitudeDegrees></Position><AltitudeMeters>52.5</AltitudeMeters><Extensions><TPX xmlns="http://www.garmin.com/xmlschemas/ActivityExtension/v2"><Speed>2.99</Speed></TPX></Extensions></Trackpoint><Trackpoint><Time>2026-03-31T17:11:15+00:00</Time><DistanceMeters>5144.1</DistanceMeters><Position><LatitudeDegrees>50.580892</LatitudeDegrees><LongitudeDegrees>3.078664</LongitudeDegrees></Position><AltitudeMeters>52.6</AltitudeMeters><Extensions><TPX xmlns="http://www.garmin.com/xmlschemas/ActivityExtension/v2"><Speed>2.84</Speed></TPX></Extensions></Trackpoint><Trackpoint><Time>2026-03-31T17:11:16+00:00</Time><DistanceMeters>5146.2</DistanceMeters><Position><LatitudeDegrees>50.580918</LatitudeDegrees><LongitudeDegrees>3.078679</LongitudeDegrees></Position><AltitudeMeters>52.7</AltitudeMeters><Extensions><TPX xmlns="http://www.garmin.com/xmlschemas/ActivityExtension/v2"><Speed>2.62</Speed></TPX></Extensions></Trackpoint><Trackpoint><Time>2026-03-31T17:11:17+00:00</Time><DistanceMeters>5148.3</DistanceMeters><Position><LatitudeDegrees>50.580926</LatitudeDegrees><LongitudeDegrees>3.078688</LongitudeDegrees></Position><AltitudeMeters>52.7</AltitudeMeters><Extensions><TPX xmlns="http://www.garmin.com/xmlschemas/ActivityExtension/v2"><Speed>2.47</Speed></TPX></Extensions></Trackpoint><Trackpoint><Time>2026-03-31T17:11:18+00:00</Time><DistanceMeters>5151.3</DistanceMeters><Position><LatitudeDegrees>50.58095</LatitudeDegrees><LongitudeDegrees>3.078709</LongitudeDegrees></Position><AltitudeMeters>52.8</AltitudeMeters><Extensions><TPX xmlns="http://www.garmin.com/xmlschemas/ActivityExtension/v2"><Speed>2.5</Speed></TPX></Extensions></Trackpoint><Trackpoint><Time>2026-03-31T17:11:19+00:00</Time><DistanceMeters>5154.1</DistanceMeters><Position><LatitudeDegrees>50.580986</LatitudeDegrees><LongitudeDegrees>3.078728</LongitudeDegrees></Position><AltitudeMeters>52.8</AltitudeMeters><Extensions><TPX xmlns="http://www.garmin.com/xmlschemas/ActivityExtension/v2"><Speed>2.53</Speed></TPX></Extensions></Trackpoint><Trackpoint><Time>2026-03-31T17:11:20+00:00</Time><DistanceMeters>5156.9</DistanceMeters><Position><LatitudeDegrees>50.580997</LatitudeDegrees><LongitudeDegrees>3.078737</LongitudeDegrees></Position><AltitudeMeters>52.8</AltitudeMeters><Extensions><TPX xmlns="http://www.garmin.com/xmlschemas/ActivityExtension/v2"><Speed>2.56</Speed></TPX></Extensions></Trackpoint><Trackpoint><Time>2026-03-31T17:11:21+00:00</Time><DistanceMeters>5160.3</DistanceMeters><Position><LatitudeDegrees>50.581018</LatitudeDegrees><LongitudeDegrees>3.078773</LongitudeDegrees></Position><AltitudeMeters>52.8</AltitudeMeters><Extensions><TPX xmlns="http://www.garmin.com/xmlschemas/ActivityExtension/v2"><Speed>2.82</Speed></TPX></Extensions></Trackpoint><Trackpoint><Time>2026-03-31T17:11:22+00:00</Time><DistanceMeters>5163.5</DistanceMeters><Position><LatitudeDegrees>50.581038</LatitudeDegrees><LongitudeDegrees>3.078804</LongitudeDegrees></Position><AltitudeMeters>52.8</AltitudeMeters><Extensions><TPX xmlns="http://www.garmin.com/xmlschemas/ActivityExtension/v2"><Speed>3.04</Speed></TPX></Extensions></Trackpoint><Trackpoint><Time>2026-03-31T17:11:23+00:00</Time><DistanceMeters>5166.2</DistanceMeters><Position><LatitudeDegrees>50.581072</LatitudeDegrees><LongitudeDegrees>3.078823</LongitudeDegrees></Position><AltitudeMeters>52.8</AltitudeMeters><Extensions><TPX xmlns="http://www.garmin.com/xmlschemas/ActivityExtension/v2"><Speed>2.97</Speed></TPX></Extensions></Trackpoint><Trackpoint><Time>2026-03-31T17:11:24+00:00</Time><DistanceMeters>5168.8</DistanceMeters><Position><LatitudeDegrees>50.581084</LatitudeDegrees><LongitudeDegrees>3.078824</LongitudeDegrees></Position><AltitudeMeters>52.8</AltitudeMeters><Extensions><TPX xmlns="http://www.garmin.com/xmlschemas/ActivityExtension/v2"><Speed>2.94</Speed></TPX></Extensions></Trackpoint><Trackpoint><Time>2026-03-31T17:11:25+00:00</Time><DistanceMeters>5171.4</DistanceMeters><Position><LatitudeDegrees>50.581119</LatitudeDegrees><LongitudeDegrees>3.078834</LongitudeDegrees></Position><AltitudeMeters>52.8</AltitudeMeters><Extensions><TPX xmlns="http://www.garmin.com/xmlschemas/ActivityExtension/v2"><Speed>2.89</Speed></TPX></Extensions></Trackpoint><Trackpoint><Time>2026-03-31T17:11:26+00:00</Time><DistanceMeters>5173.9</DistanceMeters><Position><LatitudeDegrees>50.581128</LatitudeDegrees><LongitudeDegrees>3.078843</LongitudeDegrees></Position><AltitudeMeters>52.8</AltitudeMeters><Extensions><TPX xmlns="http://www.garmin.com/xmlschemas/ActivityExtension/v2"><Speed>2.72</Speed></TPX></Extensions></Trackpoint><Trackpoint><Time>2026-03-31T17:11:27+00:00</Time><DistanceMeters>5177.0</DistanceMeters><Position><LatitudeDegrees>50.581166</LatitudeDegrees><LongitudeDegrees>3.078868</LongitudeDegrees></Position><AltitudeMeters>52.8</AltitudeMeters><Extensions><TPX xmlns="http://www.garmin.com/xmlschemas/ActivityExtension/v2"><Speed>2.69</Speed></TPX></Extensions></Trackpoint><Trackpoint><Time>2026-03-31T17:11:28+00:00</Time><DistanceMeters>5180.0</DistanceMeters><Position><LatitudeDegrees>50.58118</LatitudeDegrees><LongitudeDegrees>3.078874</LongitudeDegrees></Position><AltitudeMeters>52.8</AltitudeMeters><Extensions><TPX xmlns="http://www.garmin.com/xmlschemas/ActivityExtension/v2"><Speed>2.77</Speed></TPX></Extensions></Trackpoint><Trackpoint><Time>2026-03-31T17:11:29+00:00</Time><DistanceMeters>5182.7</DistanceMeters><Position><LatitudeDegrees>50.581215</LatitudeDegrees><LongitudeDegrees>3.078886</LongitudeDegrees></Position><AltitudeMeters>52.8</AltitudeMeters><Extensions><TPX xmlns="http://www.garmin.com/xmlschemas/ActivityExtension/v2"><Speed>2.78</Speed></TPX></Extensions></Trackpoint><Trackpoint><Time>2026-03-31T17:11:30+00:00</Time><DistanceMeters>5185.4</DistanceMeters><Position><LatitudeDegrees>50.581227</LatitudeDegrees><LongitudeDegrees>3.078888</LongitudeDegrees></Position><AltitudeMeters>52.8</AltitudeMeters><Extensions><TPX xmlns="http://www.garmin.com/xmlschemas/ActivityExtension/v2"><Speed>2.81</Speed></TPX></Extensions></Trackpoint><Trackpoint><Time>2026-03-31T17:11:31+00:00</Time><DistanceMeters>5187.9</DistanceMeters><Position><LatitudeDegrees>50.581259</LatitudeDegrees><LongitudeDegrees>3.078909</LongitudeDegrees></Position><AltitudeMeters>52.8</AltitudeMeters><Extensions><TPX xmlns="http://www.garmin.com/xmlschemas/ActivityExtension/v2"><Speed>2.8</Speed></TPX></Extensions></Trackpoint><Trackpoint><Time>2026-03-31T17:11:32+00:00</Time><DistanceMeters>5190.4</DistanceMeters><Position><LatitudeDegrees>50.581269</LatitudeDegrees><LongitudeDegrees>3.078914</LongitudeDegrees></Position><AltitudeMeters>52.8</AltitudeMeters><Extensions><TPX xmlns="http://www.garmin.com/xmlschemas/ActivityExtension/v2"><Speed>2.69</Speed></TPX></Extensions></Trackpoint><Trackpoint><Time>2026-03-31T17:11:33+00:00</Time><DistanceMeters>5193.8</DistanceMeters><Position><LatitudeDegrees>50.581296</LatitudeDegrees><LongitudeDegrees>3.078935</LongitudeDegrees></Position><AltitudeMeters>52.8</AltitudeMeters><Extensions><TPX xmlns="http://www.garmin.com/xmlschemas/ActivityExtension/v2"><Speed>2.76</Speed></TPX></Extensions></Trackpoint><Trackpoint><Time>2026-03-31T17:11:34+00:00</Time><DistanceMeters>5196.6</DistanceMeters><Position><LatitudeDegrees>50.581332</LatitudeDegrees><LongitudeDegrees>3.078949</LongitudeDegrees></Position><AltitudeMeters>52.8</AltitudeMeters><Extensions><TPX xmlns="http://www.garmin.com/xmlschemas/ActivityExtension/v2"><Speed>2.77</Speed></TPX></Extensions></Trackpoint><Trackpoint><Time>2026-03-31T17:11:35+00:00</Time><DistanceMeters>5199.3</DistanceMeters><Position><LatitudeDegrees>50.581344</LatitudeDegrees><LongitudeDegrees>3.078954</LongitudeDegrees></Position><AltitudeMeters>52.8</AltitudeMeters><Extensions><TPX xmlns="http://www.garmin.com/xmlschemas/ActivityExtension/v2"><Speed>2.78</Speed></TPX></Extensions></Trackpoint><Trackpoint><Time>2026-03-31T17:11:36+00:00</Time><DistanceMeters>5202.0</DistanceMeters><Position><LatitudeDegrees>50.581375</LatitudeDegrees><LongitudeDegrees>3.078969</LongitudeDegrees></Position><AltitudeMeters>52.8</AltitudeMeters><Extensions><TPX xmlns="http://www.garmin.com/xmlschemas/ActivityExtension/v2"><Speed>2.81</Speed></TPX></Extensions></Trackpoint><Trackpoint><Time>2026-03-31T17:11:37+00:00</Time><DistanceMeters>5204.6</DistanceMeters><Position><LatitudeDegrees>50.58139</LatitudeDegrees><LongitudeDegrees>3.078973</LongitudeDegrees></Position><AltitudeMeters>52.8</AltitudeMeters><Extensions><TPX xmlns="http://www.garmin.com/xmlschemas/ActivityExtension/v2"><Speed>2.84</Speed></TPX></Extensions></Trackpoint><Trackpoint><Time>2026-03-31T17:11:38+00:00</Time><DistanceMeters>5207.3</DistanceMeters><Position><LatitudeDegrees>50.581425</LatitudeDegrees><LongitudeDegrees>3.078986</LongitudeDegrees></Position><AltitudeMeters>52.8</AltitudeMeters><Extensions><TPX xmlns="http://www.garmin.com/xmlschemas/ActivityExtension/v2"><Speed>2.69</Speed></TPX></Extensions></Trackpoint><Trackpoint><Time>2026-03-31T17:11:39+00:00</Time><DistanceMeters>5209.9</DistanceMeters><Position><LatitudeDegrees>50.581436</LatitudeDegrees><LongitudeDegrees>3.078994</LongitudeDegrees></Position><AltitudeMeters>52.8</AltitudeMeters><Extensions><TPX xmlns="http://www.garmin.com/xmlschemas/ActivityExtension/v2"><Speed>2.67</Speed></TPX></Extensions></Trackpoint><Trackpoint><Time>2026-03-31T17:11:40+00:00</Time><DistanceMeters>5212.5</DistanceMeters><Position><LatitudeDegrees>50.581472</LatitudeDegrees><LongitudeDegrees>3.07899</LongitudeDegrees></Position><AltitudeMeters>52.9</AltitudeMeters><Extensions><TPX xmlns="http://www.garmin.com/xmlschemas/ActivityExtension/v2"><Speed>2.64</Speed></TPX></Extensions></Trackpoint><Trackpoint><Time>2026-03-31T17:11:41+00:00</Time><DistanceMeters>5215.1</DistanceMeters><Position><LatitudeDegrees>50.581482</LatitudeDegrees><LongitudeDegrees>3.078987</LongitudeDegrees></Position><AltitudeMeters>52.9</AltitudeMeters><Extensions><TPX xmlns="http://www.garmin.com/xmlschemas/ActivityExtension/v2"><Speed>2.63</Speed></TPX></Extensions></Trackpoint><Trackpoint><Time>2026-03-31T17:11:42+00:00</Time><DistanceMeters>5218.5</DistanceMeters><Position><LatitudeDegrees>50.58151</LatitudeDegrees><LongitudeDegrees>3.079009</LongitudeDegrees></Position><AltitudeMeters>52.9</AltitudeMeters><Extensions><TPX xmlns="http://www.garmin.com/xmlschemas/ActivityExtension/v2"><Speed>2.78</Speed></TPX></Extensions></Trackpoint><Trackpoint><Time>2026-03-31T17:11:43+00:00</Time><DistanceMeters>5221.4</DistanceMeters><Position><LatitudeDegrees>50.581544</LatitudeDegrees><LongitudeDegrees>3.079028</LongitudeDegrees></Position><AltitudeMeters>52.9</AltitudeMeters><Extensions><TPX xmlns="http://www.garmin.com/xmlschemas/ActivityExtension/v2"><Speed>2.82</Speed></TPX></Extensions></Trackpoint><Trackpoint><Time>2026-03-31T17:11:44+00:00</Time><DistanceMeters>5224.2</DistanceMeters><Position><LatitudeDegrees>50.581558</LatitudeDegrees><LongitudeDegrees>3.079037</LongitudeDegrees></Position><AltitudeMeters>52.9</AltitudeMeters><Extensions><TPX xmlns="http://www.garmin.com/xmlschemas/ActivityExtension/v2"><Speed>2.86</Speed></TPX></Extensions></Trackpoint><Trackpoint><Time>2026-03-31T17:11:45+00:00</Time><DistanceMeters>5226.9</DistanceMeters><Position><LatitudeDegrees>50.581594</LatitudeDegrees><LongitudeDegrees>3.079037</LongitudeDegrees></Position><AltitudeMeters>52.9</AltitudeMeters><Extensions><TPX xmlns="http://www.garmin.com/xmlschemas/ActivityExtension/v2"><Speed>2.88</Speed></TPX></Extensions></Trackpoint><Trackpoint><Time>2026-03-31T17:11:46+00:00</Time><DistanceMeters>5229.6</DistanceMeters><Position><LatitudeDegrees>50.581606</LatitudeDegrees><LongitudeDegrees>3.07903</LongitudeDegrees></Position><AltitudeMeters>52.9</AltitudeMeters><Extensions><TPX xmlns="http://www.garmin.com/xmlschemas/ActivityExtension/v2"><Speed>2.9</Speed></TPX></Extensions></Trackpoint><Trackpoint><Time>2026-03-31T17:11:47+00:00</Time><DistanceMeters>5232.8</DistanceMeters><Position><LatitudeDegrees>50.581632</LatitudeDegrees><LongitudeDegrees>3.079048</LongitudeDegrees></Position><AltitudeMeters>53.0</AltitudeMeters><Extensions><TPX xmlns="http://www.garmin.com/xmlschemas/ActivityExtension/v2"><Speed>2.86</Speed></TPX></Extensions></Trackpoint><Trackpoint><Time>2026-03-31T17:11:48+00:00</Time><DistanceMeters>5235.4</DistanceMeters><Position><LatitudeDegrees>50.581664</LatitudeDegrees><LongitudeDegrees>3.079073</LongitudeDegrees></Position><AltitudeMeters>53.0</AltitudeMeters><Extensions><TPX xmlns="http://www.garmin.com/xmlschemas/ActivityExtension/v2"><Speed>2.81</Speed></TPX></Extensions></Trackpoint><Trackpoint><Time>2026-03-31T17:11:49+00:00</Time><DistanceMeters>5238.0</DistanceMeters><Position><LatitudeDegrees>50.581676</LatitudeDegrees><LongitudeDegrees>3.079075</LongitudeDegrees></Position><AltitudeMeters>53.0</AltitudeMeters><Extensions><TPX xmlns="http://www.garmin.com/xmlschemas/ActivityExtension/v2"><Speed>2.76</Speed></TPX></Extensions></Trackpoint><Trackpoint><Time>2026-03-31T17:11:50+00:00</Time><DistanceMeters>5241.0</DistanceMeters><Position><LatitudeDegrees>50.581701</LatitudeDegrees><LongitudeDegrees>3.079092</LongitudeDegrees></Position><AltitudeMeters>53.1</AltitudeMeters><Extensions><TPX xmlns="http://www.garmin.com/xmlschemas/ActivityExtension/v2"><Speed>2.82</Speed></TPX></Extensions></Trackpoint><Trackpoint><Time>2026-03-31T17:11:51+00:00</Time><DistanceMeters>5244.2</DistanceMeters><Position><LatitudeDegrees>50.581729</LatitudeDegrees><LongitudeDegrees>3.079087</LongitudeDegrees></Position><AltitudeMeters>53.2</AltitudeMeters><Extensions><TPX xmlns="http://www.garmin.com/xmlschemas/ActivityExtension/v2"><Speed>2.92</Speed></TPX></Extensions></Trackpoint><Trackpoint><Time>2026-03-31T17:11:52+00:00</Time><DistanceMeters>5246.7</DistanceMeters><Position><LatitudeDegrees>50.581765</LatitudeDegrees><LongitudeDegrees>3.079093</LongitudeDegrees></Position><AltitudeMeters>53.2</AltitudeMeters><Extensions><TPX xmlns="http://www.garmin.com/xmlschemas/ActivityExtension/v2"><Speed>2.77</Speed></TPX></Extensions></Trackpoint><Trackpoint><Time>2026-03-31T17:11:53+00:00</Time><DistanceMeters>5249.1</DistanceMeters><Position><LatitudeDegrees>50.581773</LatitudeDegrees><LongitudeDegrees>3.079095</LongitudeDegrees></Position><AltitudeMeters>53.2</AltitudeMeters><Extensions><TPX xmlns="http://www.garmin.com/xmlschemas/ActivityExtension/v2"><Speed>2.74</Speed></TPX></Extensions></Trackpoint><Trackpoint><Time>2026-03-31T17:11:54+00:00</Time><DistanceMeters>5252.4</DistanceMeters><Position><LatitudeDegrees>50.581798</LatitudeDegrees><LongitudeDegrees>3.079119</LongitudeDegrees></Position><AltitudeMeters>53.3</AltitudeMeters><Extensions><TPX xmlns="http://www.garmin.com/xmlschemas/ActivityExtension/v2"><Speed>2.88</Speed></TPX></Extensions></Trackpoint><Trackpoint><Time>2026-03-31T17:11:55+00:00</Time><DistanceMeters>5255.8</DistanceMeters><Position><LatitudeDegrees>50.581825</LatitudeDegrees><LongitudeDegrees>3.079143</LongitudeDegrees></Position><AltitudeMeters>53.4</AltitudeMeters><Extensions><TPX xmlns="http://www.garmin.com/xmlschemas/ActivityExtension/v2"><Speed>2.96</Speed></TPX></Extensions></Trackpoint><Trackpoint><Time>2026-03-31T17:11:56+00:00</Time><DistanceMeters>5258.6</DistanceMeters><Position><LatitudeDegrees>50.581859</LatitudeDegrees><LongitudeDegrees>3.079155</LongitudeDegrees></Position><AltitudeMeters>53.4</AltitudeMeters><Extensions><TPX xmlns="http://www.garmin.com/xmlschemas/ActivityExtension/v2"><Speed>2.87</Speed></TPX></Extensions></Trackpoint><Trackpoint><Time>2026-03-31T17:11:57+00:00</Time><DistanceMeters>5261.3</DistanceMeters><Position><LatitudeDegrees>50.581871</LatitudeDegrees><LongitudeDegrees>3.07917</LongitudeDegrees></Position><AltitudeMeters>53.5</AltitudeMeters><Extensions><TPX xmlns="http://www.garmin.com/xmlschemas/ActivityExtension/v2"><Speed>2.93</Speed></TPX></Extensions></Trackpoint><Trackpoint><Time>2026-03-31T17:11:58+00:00</Time><DistanceMeters>5264.2</DistanceMeters><Position><LatitudeDegrees>50.581909</LatitudeDegrees><LongitudeDegrees>3.079183</LongitudeDegrees></Position><AltitudeMeters>53.5</AltitudeMeters><Extensions><TPX xmlns="http://www.garmin.com/xmlschemas/ActivityExtension/v2"><Speed>3.01</Speed></TPX></Extensions></Trackpoint><Trackpoint><Time>2026-03-31T17:11:59+00:00</Time><DistanceMeters>5267.0</DistanceMeters><Position><LatitudeDegrees>50.581921</LatitudeDegrees><LongitudeDegrees>3.079188</LongitudeDegrees></Position><AltitudeMeters>53.6</AltitudeMeters><Extensions><TPX xmlns="http://www.garmin.com/xmlschemas/ActivityExtension/v2"><Speed>2.92</Speed></TPX></Extensions></Trackpoint><Trackpoint><Time>2026-03-31T17:12:00+00:00</Time><DistanceMeters>5269.9</DistanceMeters><Position><LatitudeDegrees>50.581959</LatitudeDegrees><LongitudeDegrees>3.079201</LongitudeDegrees></Position><AltitudeMeters>53.6</AltitudeMeters><Extensions><TPX xmlns="http://www.garmin.com/xmlschemas/ActivityExtension/v2"><Speed>2.82</Speed></TPX></Extensions></Trackpoint><Trackpoint><Time>2026-03-31T17:12:01+00:00</Time><DistanceMeters>5272.8</DistanceMeters><Position><LatitudeDegrees>50.581972</LatitudeDegrees><LongitudeDegrees>3.079203</LongitudeDegrees></Position><AltitudeMeters>53.6</AltitudeMeters><Extensions><TPX xmlns="http://www.garmin.com/xmlschemas/ActivityExtension/v2"><Speed>2.85</Speed></TPX></Extensions></Trackpoint><Trackpoint><Time>2026-03-31T17:12:02+00:00</Time><DistanceMeters>5276.1</DistanceMeters><Position><LatitudeDegrees>50.582002</LatitudeDegrees><LongitudeDegrees>3.079201</LongitudeDegrees></Position><AltitudeMeters>53.7</AltitudeMeters><Extensions><TPX xmlns="http://www.garmin.com/xmlschemas/ActivityExtension/v2"><Speed>2.96</Speed></TPX></Extensions></Trackpoint><Trackpoint><Time>2026-03-31T17:12:03+00:00</Time><DistanceMeters>5279.7</DistanceMeters><Position><LatitudeDegrees>50.582034</LatitudeDegrees><LongitudeDegrees>3.079212</LongitudeDegrees></Position><AltitudeMeters>53.8</AltitudeMeters><Extensions><TPX xmlns="http://www.garmin.com/xmlschemas/ActivityExtension/v2"><Speed>3.11</Speed></TPX></Extensions></Trackpoint><Trackpoint><Time>2026-03-31T17:12:04+00:00</Time><DistanceMeters>5282.3</DistanceMeters><Position><LatitudeDegrees>50.582067</LatitudeDegrees><LongitudeDegrees>3.079233</LongitudeDegrees></Position><AltitudeMeters>53.8</AltitudeMeters><Extensions><TPX xmlns="http://www.garmin.com/xmlschemas/ActivityExtension/v2"><Speed>3.06</Speed></TPX></Extensions></Trackpoint><Trackpoint><Time>2026-03-31T17:12:05+00:00</Time><DistanceMeters>5284.9</DistanceMeters><Position><LatitudeDegrees>50.582078</LatitudeDegrees><LongitudeDegrees>3.079235</LongitudeDegrees></Position><AltitudeMeters>53.8</AltitudeMeters><Extensions><TPX xmlns="http://www.garmin.com/xmlschemas/ActivityExtension/v2"><Speed>3.0</Speed></TPX></Extensions></Trackpoint><Trackpoint><Time>2026-03-31T17:12:06+00:00</Time><DistanceMeters>5284.9</DistanceMeters><Position><LatitudeDegrees>50.582104</LatitudeDegrees><LongitudeDegrees>3.079237</LongitudeDegrees></Position><AltitudeMeters>53.9</AltitudeMeters><Extensions><TPX xmlns="http://www.garmin.com/xmlschemas/ActivityExtension/v2"><Speed>2.42</Speed></TPX></Extensions></Trackpoint><Trackpoint><Time>2026-03-31T17:12:07+00:00</Time><DistanceMeters>5288.8</DistanceMeters><Position><LatitudeDegrees>50.582113</LatitudeDegrees><LongitudeDegrees>3.07924</LongitudeDegrees></Position><AltitudeMeters>53.9</AltitudeMeters><Extensions><TPX xmlns="http://www.garmin.com/xmlschemas/ActivityExtension/v2"><Speed>2.54</Speed></TPX></Extensions></Trackpoint><Trackpoint><Time>2026-03-31T17:12:08+00:00</Time><DistanceMeters>5292.2</DistanceMeters><Position><LatitudeDegrees>50.582143</LatitudeDegrees><LongitudeDegrees>3.079241</LongitudeDegrees></Position><AltitudeMeters>53.9</AltitudeMeters><Extensions><TPX xmlns="http://www.garmin.com/xmlschemas/ActivityExtension/v2"><Speed>2.5</Speed></TPX></Extensions></Trackpoint><Trackpoint><Time>2026-03-31T17:12:09+00:00</Time><DistanceMeters>5294.7</DistanceMeters><Position><LatitudeDegrees>50.582177</LatitudeDegrees><LongitudeDegrees>3.079253</LongitudeDegrees></Position><AltitudeMeters>54.0</AltitudeMeters><Extensions><TPX xmlns="http://www.garmin.com/xmlschemas/ActivityExtension/v2"><Speed>2.48</Speed></TPX></Extensions></Trackpoint><Trackpoint><Time>2026-03-31T17:12:10+00:00</Time><DistanceMeters>5297.2</DistanceMeters><Position><LatitudeDegrees>50.582187</LatitudeDegrees><LongitudeDegrees>3.079259</LongitudeDegrees></Position><AltitudeMeters>54.0</AltitudeMeters><Extensions><TPX xmlns="http://www.garmin.com/xmlschemas/ActivityExtension/v2"><Speed>2.46</Speed></TPX></Extensions></Trackpoint><Trackpoint><Time>2026-03-31T17:12:11+00:00</Time><DistanceMeters>5299.9</DistanceMeters><Position><LatitudeDegrees>50.582217</LatitudeDegrees><LongitudeDegrees>3.07928</LongitudeDegrees></Position><AltitudeMeters>54.1</AltitudeMeters><Extensions><TPX xmlns="http://www.garmin.com/xmlschemas/ActivityExtension/v2"><Speed>2.99</Speed></TPX></Extensions></Trackpoint><Trackpoint><Time>2026-03-31T17:12:12+00:00</Time><DistanceMeters>5302.5</DistanceMeters><Position><LatitudeDegrees>50.582229</LatitudeDegrees><LongitudeDegrees>3.079295</LongitudeDegrees></Position><AltitudeMeters>54.1</AltitudeMeters><Extensions><TPX xmlns="http://www.garmin.com/xmlschemas/ActivityExtension/v2"><Speed>2.74</Speed></TPX></Extensions></Trackpoint><Trackpoint><Time>2026-03-31T17:12:13+00:00</Time><DistanceMeters>5305.7</DistanceMeters><Position><LatitudeDegrees>50.582258</LatitudeDegrees><LongitudeDegrees>3.079301</LongitudeDegrees></Position><AltitudeMeters>54.1</AltitudeMeters><Extensions><TPX xmlns="http://www.garmin.com/xmlschemas/ActivityExtension/v2"><Speed>2.7</Speed></TPX></Extensions></Trackpoint><Trackpoint><Time>2026-03-31T17:12:14+00:00</Time><DistanceMeters>5309.6</DistanceMeters><Position><LatitudeDegrees>50.582284</LatitudeDegrees><LongitudeDegrees>3.079335</LongitudeDegrees></Position><AltitudeMeters>54.1</AltitudeMeters><Extensions><TPX xmlns="http://www.garmin.com/xmlschemas/ActivityExtension/v2"><Speed>2.98</Speed></TPX></Extensions></Trackpoint><Trackpoint><Time>2026-03-31T17:12:15+00:00</Time><DistanceMeters>5313.1</DistanceMeters><Position><LatitudeDegrees>50.582314</LatitudeDegrees><LongitudeDegrees>3.079316</LongitudeDegrees></Position><AltitudeMeters>54.2</AltitudeMeters><Extensions><TPX xmlns="http://www.garmin.com/xmlschemas/ActivityExtension/v2"><Speed>3.18</Speed></TPX></Extensions></Trackpoint><Trackpoint><Time>2026-03-31T17:12:16+00:00</Time><DistanceMeters>5315.9</DistanceMeters><Position><LatitudeDegrees>50.582352</LatitudeDegrees><LongitudeDegrees>3.079325</LongitudeDegrees></Position><AltitudeMeters>54.2</AltitudeMeters><Extensions><TPX xmlns="http://www.garmin.com/xmlschemas/ActivityExtension/v2"><Speed>3.21</Speed></TPX></Extensions></Trackpoint><Trackpoint><Time>2026-03-31T17:12:17+00:00</Time><DistanceMeters>5318.7</DistanceMeters><Position><LatitudeDegrees>50.582364</LatitudeDegrees><LongitudeDegrees>3.079327</LongitudeDegrees></Position><AltitudeMeters>54.2</AltitudeMeters><Extensions><TPX xmlns="http://www.garmin.com/xmlschemas/ActivityExtension/v2"><Speed>3.24</Speed></TPX></Extensions></Trackpoint><Trackpoint><Time>2026-03-31T17:12:18+00:00</Time><DistanceMeters>5321.9</DistanceMeters><Position><LatitudeDegrees>50.582392</LatitudeDegrees><LongitudeDegrees>3.079326</LongitudeDegrees></Position><AltitudeMeters>54.3</AltitudeMeters><Extensions><TPX xmlns="http://www.garmin.com/xmlschemas/ActivityExtension/v2"><Speed>3.24</Speed></TPX></Extensions></Trackpoint><Trackpoint><Time>2026-03-31T17:12:19+00:00</Time><DistanceMeters>5324.2</DistanceMeters><Position><LatitudeDegrees>50.582422</LatitudeDegrees><LongitudeDegrees>3.079316</LongitudeDegrees></Position><AltitudeMeters>54.3</AltitudeMeters><Extensions><TPX xmlns="http://www.garmin.com/xmlschemas/ActivityExtension/v2"><Speed>2.91</Speed></TPX></Extensions></Trackpoint><Trackpoint><Time>2026-03-31T17:12:20+00:00</Time><DistanceMeters>5326.4</DistanceMeters><Position><LatitudeDegrees>50.582432</LatitudeDegrees><LongitudeDegrees>3.079311</LongitudeDegrees></Position><AltitudeMeters>54.3</AltitudeMeters><Extensions><TPX xmlns="http://www.garmin.com/xmlschemas/ActivityExtension/v2"><Speed>2.66</Speed></TPX></Extensions></Trackpoint><Trackpoint><Time>2026-03-31T17:12:21+00:00</Time><DistanceMeters>5328.8</DistanceMeters><Position><LatitudeDegrees>50.582461</LatitudeDegrees><LongitudeDegrees>3.079334</LongitudeDegrees></Position><AltitudeMeters>54.3</AltitudeMeters><Extensions><TPX xmlns="http://www.garmin.com/xmlschemas/ActivityExtension/v2"><Speed>2.57</Speed></TPX></Extensions></Trackpoint><Trackpoint><Time>2026-03-31T17:12:22+00:00</Time><DistanceMeters>5331.1</DistanceMeters><Position><LatitudeDegrees>50.582468</LatitudeDegrees><LongitudeDegrees>3.079344</LongitudeDegrees></Position><AltitudeMeters>54.3</AltitudeMeters><Extensions><TPX xmlns="http://www.garmin.com/xmlschemas/ActivityExtension/v2"><Speed>2.48</Speed></TPX></Extensions></Trackpoint><Trackpoint><Time>2026-03-31T17:12:23+00:00</Time><DistanceMeters>5334.3</DistanceMeters><Position><LatitudeDegrees>50.582497</LatitudeDegrees><LongitudeDegrees>3.079349</LongitudeDegrees></Position><AltitudeMeters>54.4</AltitudeMeters><Extensions><TPX xmlns="http://www.garmin.com/xmlschemas/ActivityExtension/v2"><Speed>2.48</Speed></TPX></Extensions></Trackpoint><Trackpoint><Time>2026-03-31T17:12:24+00:00</Time><DistanceMeters>5337.1</DistanceMeters><Position><LatitudeDegrees>50.582534</LatitudeDegrees><LongitudeDegrees>3.079357</LongitudeDegrees></Position><AltitudeMeters>54.4</AltitudeMeters><Extensions><TPX xmlns="http://www.garmin.com/xmlschemas/ActivityExtension/v2"><Speed>2.58</Speed></TPX></Extensions></Trackpoint><Trackpoint><Time>2026-03-31T17:12:25+00:00</Time><DistanceMeters>5339.8</DistanceMeters><Position><LatitudeDegrees>50.582546</LatitudeDegrees><LongitudeDegrees>3.079359</LongitudeDegrees></Position><AltitudeMeters>54.4</AltitudeMeters><Extensions><TPX xmlns="http://www.garmin.com/xmlschemas/ActivityExtension/v2"><Speed>2.68</Speed></TPX></Extensions></Trackpoint><Trackpoint><Time>2026-03-31T17:12:26+00:00</Time><DistanceMeters>5342.1</DistanceMeters><Position><LatitudeDegrees>50.582577</LatitudeDegrees><LongitudeDegrees>3.07936</LongitudeDegrees></Position><AltitudeMeters>54.4</AltitudeMeters><Extensions><TPX xmlns="http://www.garmin.com/xmlschemas/ActivityExtension/v2"><Speed>2.66</Speed></TPX></Extensions></Trackpoint><Trackpoint><Time>2026-03-31T17:12:27+00:00</Time><DistanceMeters>5344.3</DistanceMeters><Position><LatitudeDegrees>50.582586</LatitudeDegrees><LongitudeDegrees>3.079364</LongitudeDegrees></Position><AltitudeMeters>54.5</AltitudeMeters><Extensions><TPX xmlns="http://www.garmin.com/xmlschemas/ActivityExtension/v2"><Speed>2.64</Speed></TPX></Extensions></Trackpoint><Trackpoint><Time>2026-03-31T17:12:28+00:00</Time><DistanceMeters>5347.4</DistanceMeters><Position><LatitudeDegrees>50.582625</LatitudeDegrees><LongitudeDegrees>3.079389</LongitudeDegrees></Position><AltitudeMeters>54.5</AltitudeMeters><Extensions><TPX xmlns="http://www.garmin.com/xmlschemas/ActivityExtension/v2"><Speed>2.62</Speed></TPX></Extensions></Trackpoint><Trackpoint><Time>2026-03-31T17:12:29+00:00</Time><DistanceMeters>5350.5</DistanceMeters><Position><LatitudeDegrees>50.582638</LatitudeDegrees><LongitudeDegrees>3.079398</LongitudeDegrees></Position><AltitudeMeters>54.5</AltitudeMeters><Extensions><TPX xmlns="http://www.garmin.com/xmlschemas/ActivityExtension/v2"><Speed>2.69</Speed></TPX></Extensions></Trackpoint><Trackpoint><Time>2026-03-31T17:12:30+00:00</Time><DistanceMeters>5353.7</DistanceMeters><Position><LatitudeDegrees>50.58266</LatitudeDegrees><LongitudeDegrees>3.079426</LongitudeDegrees></Position><AltitudeMeters>54.5</AltitudeMeters><Extensions><TPX xmlns="http://www.garmin.com/xmlschemas/ActivityExtension/v2"><Speed>2.78</Speed></TPX></Extensions></Trackpoint><Trackpoint><Time>2026-03-31T17:12:31+00:00</Time><DistanceMeters>5356.5</DistanceMeters><Position><LatitudeDegrees>50.582698</LatitudeDegrees><LongitudeDegrees>3.079427</LongitudeDegrees></Position><AltitudeMeters>54.6</AltitudeMeters><Extensions><TPX xmlns="http://www.garmin.com/xmlschemas/ActivityExtension/v2"><Speed>2.9</Speed></TPX></Extensions></Trackpoint><Trackpoint><Time>2026-03-31T17:12:32+00:00</Time><DistanceMeters>5359.4</DistanceMeters><Position><LatitudeDegrees>50.582711</LatitudeDegrees><LongitudeDegrees>3.079425</LongitudeDegrees></Position><AltitudeMeters>54.6</AltitudeMeters><Extensions><TPX xmlns="http://www.garmin.com/xmlschemas/ActivityExtension/v2"><Speed>3.02</Speed></TPX></Extensions></Trackpoint><Trackpoint><Time>2026-03-31T17:12:33+00:00</Time><DistanceMeters>5362.2</DistanceMeters><Position><LatitudeDegrees>50.582747</LatitudeDegrees><LongitudeDegrees>3.079439</LongitudeDegrees></Position><AltitudeMeters>54.6</AltitudeMeters><Extensions><TPX xmlns="http://www.garmin.com/xmlschemas/ActivityExtension/v2"><Speed>2.95</Speed></TPX></Extensions></Trackpoint><Trackpoint><Time>2026-03-31T17:12:34+00:00</Time><DistanceMeters>5364.9</DistanceMeters><Position><LatitudeDegrees>50.582759</LatitudeDegrees><LongitudeDegrees>3.079446</LongitudeDegrees></Position><AltitudeMeters>54.6</AltitudeMeters><Extensions><TPX xmlns="http://www.garmin.com/xmlschemas/ActivityExtension/v2"><Speed>2.88</Speed></TPX></Extensions></Trackpoint><Trackpoint><Time>2026-03-31T17:12:35+00:00</Time><DistanceMeters>5367.6</DistanceMeters><Position><LatitudeDegrees>50.582794</LatitudeDegrees><LongitudeDegrees>3.079456</LongitudeDegrees></Position><AltitudeMeters>54.7</AltitudeMeters><Extensions><TPX xmlns="http://www.garmin.com/xmlschemas/ActivityExtension/v2"><Speed>2.78</Speed></TPX></Extensions></Trackpoint><Trackpoint><Time>2026-03-31T17:12:36+00:00</Time><DistanceMeters>5370.3</DistanceMeters><Position><LatitudeDegrees>50.582806</LatitudeDegrees><LongitudeDegrees>3.079463</LongitudeDegrees></Position><AltitudeMeters>54.7</AltitudeMeters><Extensions><TPX xmlns="http://www.garmin.com/xmlschemas/ActivityExtension/v2"><Speed>2.75</Speed></TPX></Extensions></Trackpoint><Trackpoint><Time>2026-03-31T17:12:37+00:00</Time><DistanceMeters>5373.1</DistanceMeters><Position><LatitudeDegrees>50.582844</LatitudeDegrees><LongitudeDegrees>3.079464</LongitudeDegrees></Position><AltitudeMeters>54.7</AltitudeMeters><Extensions><TPX xmlns="http://www.garmin.com/xmlschemas/ActivityExtension/v2"><Speed>2.74</Speed></TPX></Extensions></Trackpoint><Trackpoint><Time>2026-03-31T17:12:38+00:00</Time><DistanceMeters>5375.9</DistanceMeters><Position><LatitudeDegrees>50.582856</LatitudeDegrees><LongitudeDegrees>3.079469</LongitudeDegrees></Position><AltitudeMeters>54.8</AltitudeMeters><Extensions><TPX xmlns="http://www.garmin.com/xmlschemas/ActivityExtension/v2"><Speed>2.75</Speed></TPX></Extensions></Trackpoint><Trackpoint><Time>2026-03-31T17:12:39+00:00</Time><DistanceMeters>5379.1</DistanceMeters><Position><LatitudeDegrees>50.582883</LatitudeDegrees><LongitudeDegrees>3.079488</LongitudeDegrees></Position><AltitudeMeters>54.8</AltitudeMeters><Extensions><TPX xmlns="http://www.garmin.com/xmlschemas/ActivityExtension/v2"><Speed>2.84</Speed></TPX></Extensions></Trackpoint><Trackpoint><Time>2026-03-31T17:12:40+00:00</Time><DistanceMeters>5382.6</DistanceMeters><Position><LatitudeDegrees>50.582913</LatitudeDegrees><LongitudeDegrees>3.079496</LongitudeDegrees></Position><AltitudeMeters>54.9</AltitudeMeters><Extensions><TPX xmlns="http://www.garmin.com/xmlschemas/ActivityExtension/v2"><Speed>3.0</Speed></TPX></Extensions></Trackpoint><Trackpoint><Time>2026-03-31T17:12:41+00:00</Time><DistanceMeters>5386.6</DistanceMeters><Position><LatitudeDegrees>50.58295</LatitudeDegrees><LongitudeDegrees>3.079498</LongitudeDegrees></Position><AltitudeMeters>54.9</AltitudeMeters><Extensions><TPX xmlns="http://www.garmin.com/xmlschemas/ActivityExtension/v2"><Speed>3.26</Speed></TPX></Extensions></Trackpoint><Trackpoint><Time>2026-03-31T17:12:42+00:00</Time><DistanceMeters>5389.6</DistanceMeters><Position><LatitudeDegrees>50.582974</LatitudeDegrees><LongitudeDegrees>3.079545</LongitudeDegrees></Position><AltitudeMeters>55.0</AltitudeMeters><Extensions><TPX xmlns="http://www.garmin.com/xmlschemas/ActivityExtension/v2"><Speed>3.29</Speed></TPX></Extensions></Trackpoint><Trackpoint><Time>2026-03-31T17:12:43+00:00</Time><DistanceMeters>5392.5</DistanceMeters><Position><LatitudeDegrees>50.582984</LatitudeDegrees><LongitudeDegrees>3.079561</LongitudeDegrees></Position><AltitudeMeters>55.0</AltitudeMeters><Extensions><TPX xmlns="http://www.garmin.com/xmlschemas/ActivityExtension/v2"><Speed>3.32</Speed></TPX></Extensions></Trackpoint><Trackpoint><Time>2026-03-31T17:12:44+00:00</Time><DistanceMeters>5395.3</DistanceMeters><Position><LatitudeDegrees>50.583017</LatitudeDegrees><LongitudeDegrees>3.079584</LongitudeDegrees></Position><AltitudeMeters>55.1</AltitudeMeters><Extensions><TPX xmlns="http://www.garmin.com/xmlschemas/ActivityExtension/v2"><Speed>3.23</Speed></TPX></Extensions></Trackpoint><Trackpoint><Time>2026-03-31T17:12:45+00:00</Time><DistanceMeters>5398.0</DistanceMeters><Position><LatitudeDegrees>50.58303</LatitudeDegrees><LongitudeDegrees>3.079589</LongitudeDegrees></Position><AltitudeMeters>55.1</AltitudeMeters><Extensions><TPX xmlns="http://www.garmin.com/xmlschemas/ActivityExtension/v2"><Speed>3.08</Speed></TPX></Extensions></Trackpoint><Trackpoint><Time>2026-03-31T17:12:46+00:00</Time><DistanceMeters>5401.1</DistanceMeters><Position><LatitudeDegrees>50.583058</LatitudeDegrees><LongitudeDegrees>3.079589</LongitudeDegrees></Position><AltitudeMeters>55.2</AltitudeMeters><Extensions><TPX xmlns="http://www.garmin.com/xmlschemas/ActivityExtension/v2"><Speed>2.9</Speed></TPX></Extensions></Trackpoint><Trackpoint><Time>2026-03-31T17:12:47+00:00</Time><DistanceMeters>5403.7</DistanceMeters><Position><LatitudeDegrees>50.583079</LatitudeDegrees><LongitudeDegrees>3.079634</LongitudeDegrees></Position><AltitudeMeters>55.2</AltitudeMeters><Extensions><TPX xmlns="http://www.garmin.com/xmlschemas/ActivityExtension/v2"><Speed>2.82</Speed></TPX></Extensions></Trackpoint><Trackpoint><Time>2026-03-31T17:12:48+00:00</Time><DistanceMeters>5406.2</DistanceMeters><Position><LatitudeDegrees>50.583088</LatitudeDegrees><LongitudeDegrees>3.079644</LongitudeDegrees></Position><AltitudeMeters>55.2</AltitudeMeters><Extensions><TPX xmlns="http://www.garmin.com/xmlschemas/ActivityExtension/v2"><Speed>2.74</Speed></TPX></Extensions></Trackpoint><Trackpoint><Time>2026-03-31T17:12:49+00:00</Time><DistanceMeters>5408.7</DistanceMeters><Position><LatitudeDegrees>50.583118</LatitudeDegrees><LongitudeDegrees>3.079669</LongitudeDegrees></Position><AltitudeMeters>55.3</AltitudeMeters><Extensions><TPX xmlns="http://www.garmin.com/xmlschemas/ActivityExtension/v2"><Speed>2.69</Speed></TPX></Extensions></Trackpoint><Trackpoint><Time>2026-03-31T17:12:50+00:00</Time><DistanceMeters>5411.2</DistanceMeters><Position><LatitudeDegrees>50.583126</LatitudeDegrees><LongitudeDegrees>3.07968</LongitudeDegrees></Position><AltitudeMeters>55.3</AltitudeMeters><Extensions><TPX xmlns="http://www.garmin.com/xmlschemas/ActivityExtension/v2"><Speed>2.64</Speed></TPX></Extensions></Trackpoint><Trackpoint><Time>2026-03-31T17:12:51+00:00</Time><DistanceMeters>5414.7</DistanceMeters><Position><LatitudeDegrees>50.583157</LatitudeDegrees><LongitudeDegrees>3.079673</LongitudeDegrees></Position><AltitudeMeters>55.3</AltitudeMeters><Extensions><TPX xmlns="http://www.garmin.com/xmlschemas/ActivityExtension/v2"><Speed>2.72</Speed></TPX></Extensions></Trackpoint><Trackpoint><Time>2026-03-31T17:12:52+00:00</Time><DistanceMeters>5417.4</DistanceMeters><Position><LatitudeDegrees>50.583189</LatitudeDegrees><LongitudeDegrees>3.079692</LongitudeDegrees></Position><AltitudeMeters>55.4</AltitudeMeters><Extensions><TPX xmlns="http://www.garmin.com/xmlschemas/ActivityExtension/v2"><Speed>2.74</Speed></TPX></Extensions></Trackpoint><Trackpoint><Time>2026-03-31T17:12:53+00:00</Time><DistanceMeters>5420.0</DistanceMeters><Position><LatitudeDegrees>50.5832</LatitudeDegrees><LongitudeDegrees>3.079704</LongitudeDegrees></Position><AltitudeMeters>55.4</AltitudeMeters><Extensions><TPX xmlns="http://www.garmin.com/xmlschemas/ActivityExtension/v2"><Speed>2.76</Speed></TPX></Extensions></Trackpoint><Trackpoint><Time>2026-03-31T17:12:54+00:00</Time><DistanceMeters>5422.7</DistanceMeters><Position><LatitudeDegrees>50.583229</LatitudeDegrees><LongitudeDegrees>3.07974</LongitudeDegrees></Position><AltitudeMeters>55.4</AltitudeMeters><Extensions><TPX xmlns="http://www.garmin.com/xmlschemas/ActivityExtension/v2"><Speed>2.79</Speed></TPX></Extensions></Trackpoint><Trackpoint><Time>2026-03-31T17:12:55+00:00</Time><DistanceMeters>5425.3</DistanceMeters><Position><LatitudeDegrees>50.583237</LatitudeDegrees><LongitudeDegrees>3.079752</LongitudeDegrees></Position><AltitudeMeters>55.4</AltitudeMeters><Extensions><TPX xmlns="http://www.garmin.com/xmlschemas/ActivityExtension/v2"><Speed>2.82</Speed></TPX></Extensions></Trackpoint><Trackpoint><Time>2026-03-31T17:12:56+00:00</Time><DistanceMeters>5427.6</DistanceMeters><Position><LatitudeDegrees>50.583267</LatitudeDegrees><LongitudeDegrees>3.079761</LongitudeDegrees></Position><AltitudeMeters>55.5</AltitudeMeters><Extensions><TPX xmlns="http://www.garmin.com/xmlschemas/ActivityExtension/v2"><Speed>2.58</Speed></TPX></Extensions></Trackpoint><Trackpoint><Time>2026-03-31T17:12:57+00:00</Time><DistanceMeters>5429.9</DistanceMeters><Position><LatitudeDegrees>50.583276</LatitudeDegrees><LongitudeDegrees>3.079773</LongitudeDegrees></Position><AltitudeMeters>55.5</AltitudeMeters><Extensions><TPX xmlns="http://www.garmin.com/xmlschemas/ActivityExtension/v2"><Speed>2.51</Speed></TPX></Extensions></Trackpoint><Trackpoint><Time>2026-03-31T17:12:58+00:00</Time><DistanceMeters>5433.1</DistanceMeters><Position><LatitudeDegrees>50.583311</LatitudeDegrees><LongitudeDegrees>3.079809</LongitudeDegrees></Position><AltitudeMeters>55.5</AltitudeMeters><Extensions><TPX xmlns="http://www.garmin.com/xmlschemas/ActivityExtension/v2"><Speed>2.62</Speed></TPX></Extensions></Trackpoint><Trackpoint><Time>2026-03-31T17:12:59+00:00</Time><DistanceMeters>5436.3</DistanceMeters><Position><LatitudeDegrees>50.583322</LatitudeDegrees><LongitudeDegrees>3.079827</LongitudeDegrees></Position><AltitudeMeters>55.5</AltitudeMeters><Extensions><TPX xmlns="http://www.garmin.com/xmlschemas/ActivityExtension/v2"><Speed>2.73</Speed></TPX></Extensions></Trackpoint><Trackpoint><Time>2026-03-31T17:13:00+00:00</Time><DistanceMeters>5439.2</DistanceMeters><Position><LatitudeDegrees>50.583357</LatitudeDegrees><LongitudeDegrees>3.079855</LongitudeDegrees></Position><AltitudeMeters>55.5</AltitudeMeters><Extensions><TPX xmlns="http://www.garmin.com/xmlschemas/ActivityExtension/v2"><Speed>2.77</Speed></TPX></Extensions></Trackpoint><Trackpoint><Time>2026-03-31T17:13:01+00:00</Time><DistanceMeters>5442.0</DistanceMeters><Position><LatitudeDegrees>50.583367</LatitudeDegrees><LongitudeDegrees>3.079865</LongitudeDegrees></Position><AltitudeMeters>55.5</AltitudeMeters><Extensions><TPX xmlns="http://www.garmin.com/xmlschemas/ActivityExtension/v2"><Speed>2.88</Speed></TPX></Extensions></Trackpoint><Trackpoint><Time>2026-03-31T17:13:02+00:00</Time><DistanceMeters>5445.0</DistanceMeters><Position><LatitudeDegrees>50.583405</LatitudeDegrees><LongitudeDegrees>3.079881</LongitudeDegrees></Position><AltitudeMeters>55.5</AltitudeMeters><Extensions><TPX xmlns="http://www.garmin.com/xmlschemas/ActivityExtension/v2"><Speed>3.01</Speed></TPX></Extensions></Trackpoint><Trackpoint><Time>2026-03-31T17:13:03+00:00</Time><DistanceMeters>5447.9</DistanceMeters><Position><LatitudeDegrees>50.583418</LatitudeDegrees><LongitudeDegrees>3.079887</LongitudeDegrees></Position><AltitudeMeters>55.5</AltitudeMeters><Extensions><TPX xmlns="http://www.garmin.com/xmlschemas/ActivityExtension/v2"><Speed>2.96</Speed></TPX></Extensions></Trackpoint><Trackpoint><Time>2026-03-31T17:13:04+00:00</Time><DistanceMeters>5450.0</DistanceMeters><Position><LatitudeDegrees>50.583446</LatitudeDegrees><LongitudeDegrees>3.079866</LongitudeDegrees></Position><AltitudeMeters>55.5</AltitudeMeters><Extensions><TPX xmlns="http://www.garmin.com/xmlschemas/ActivityExtension/v2"><Speed>2.75</Speed></TPX></Extensions></Trackpoint><Trackpoint><Time>2026-03-31T17:13:05+00:00</Time><DistanceMeters>5452.2</DistanceMeters><Position><LatitudeDegrees>50.583455</LatitudeDegrees><LongitudeDegrees>3.079865</LongitudeDegrees></Position><AltitudeMeters>55.5</AltitudeMeters><Extensions><TPX xmlns="http://www.garmin.com/xmlschemas/ActivityExtension/v2"><Speed>2.61</Speed></TPX></Extensions></Trackpoint><Trackpoint><Time>2026-03-31T17:13:06+00:00</Time><DistanceMeters>5455.0</DistanceMeters><Position><LatitudeDegrees>50.583493</LatitudeDegrees><LongitudeDegrees>3.079873</LongitudeDegrees></Position><AltitudeMeters>55.5</AltitudeMeters><Extensions><TPX xmlns="http://www.garmin.com/xmlschemas/ActivityExtension/v2"><Speed>2.6</Speed></TPX></Extensions></Trackpoint><Trackpoint><Time>2026-03-31T17:13:07+00:00</Time><DistanceMeters>5457.8</DistanceMeters><Position><LatitudeDegrees>50.583504</LatitudeDegrees><LongitudeDegrees>3.079878</LongitudeDegrees></Position><AltitudeMeters>55.5</AltitudeMeters><Extensions><TPX xmlns="http://www.garmin.com/xmlschemas/ActivityExtension/v2"><Speed>2.57</Speed></TPX></Extensions></Trackpoint><Trackpoint><Time>2026-03-31T17:13:08+00:00</Time><DistanceMeters>5461.5</DistanceMeters><Position><LatitudeDegrees>50.583535</LatitudeDegrees><LongitudeDegrees>3.079858</LongitudeDegrees></Position><AltitudeMeters>55.6</AltitudeMeters><Extensions><TPX xmlns="http://www.garmin.com/xmlschemas/ActivityExtension/v2"><Speed>2.72</Speed></TPX></Extensions></Trackpoint><Trackpoint><Time>2026-03-31T17:13:09+00:00</Time><DistanceMeters>5464.5</DistanceMeters><Position><LatitudeDegrees>50.583565</LatitudeDegrees><LongitudeDegrees>3.079887</LongitudeDegrees></Position><AltitudeMeters>55.6</AltitudeMeters><Extensions><TPX xmlns="http://www.garmin.com/xmlschemas/ActivityExtension/v2"><Speed>2.88</Speed></TPX></Extensions></Trackpoint><Trackpoint><Time>2026-03-31T17:13:10+00:00</Time><DistanceMeters>5467.4</DistanceMeters><Position><LatitudeDegrees>50.583581</LatitudeDegrees><LongitudeDegrees>3.079897</LongitudeDegrees></Position><AltitudeMeters>55.6</AltitudeMeters><Extensions><TPX xmlns="http://www.garmin.com/xmlschemas/ActivityExtension/v2"><Speed>3.04</Speed></TPX></Extensions></Trackpoint><Trackpoint><Time>2026-03-31T17:13:11+00:00</Time><DistanceMeters>5470.4</DistanceMeters><Position><LatitudeDegrees>50.58362</LatitudeDegrees><LongitudeDegrees>3.079894</LongitudeDegrees></Position><AltitudeMeters>55.6</AltitudeMeters><Extensions><TPX xmlns="http://www.garmin.com/xmlschemas/ActivityExtension/v2"><Speed>3.08</Speed></TPX></Extensions></Trackpoint><Trackpoint><Time>2026-03-31T17:13:12+00:00</Time><DistanceMeters>5473.4</DistanceMeters><Position><LatitudeDegrees>50.583635</LatitudeDegrees><LongitudeDegrees>3.079884</LongitudeDegrees></Position><AltitudeMeters>55.7</AltitudeMeters><Extensions><TPX xmlns="http://www.garmin.com/xmlschemas/ActivityExtension/v2"><Speed>3.12</Speed></TPX></Extensions></Trackpoint><Trackpoint><Time>2026-03-31T17:13:14+00:00</Time><DistanceMeters>5477.5</DistanceMeters><Position><LatitudeDegrees>50.583664</LatitudeDegrees><LongitudeDegrees>3.079851</LongitudeDegrees></Position><AltitudeMeters>55.7</AltitudeMeters><Extensions><TPX xmlns="http://www.garmin.com/xmlschemas/ActivityExtension/v2"><Speed>2.61</Speed></TPX></Extensions></Trackpoint><Trackpoint><Time>2026-03-31T17:13:15+00:00</Time><DistanceMeters>5480.5</DistanceMeters><Position><LatitudeDegrees>50.583705</LatitudeDegrees><LongitudeDegrees>3.079849</LongitudeDegrees></Position><AltitudeMeters>55.7</AltitudeMeters><Extensions><TPX xmlns="http://www.garmin.com/xmlschemas/ActivityExtension/v2"><Speed>2.62</Speed></TPX></Extensions></Trackpoint><Trackpoint><Time>2026-03-31T17:13:16+00:00</Time><DistanceMeters>5483.5</DistanceMeters><Position><LatitudeDegrees>50.583719</LatitudeDegrees><LongitudeDegrees>3.079852</LongitudeDegrees></Position><AltitudeMeters>55.7</AltitudeMeters><Extensions><TPX xmlns="http://www.garmin.com/xmlschemas/ActivityExtension/v2"><Speed>2.62</Speed></TPX></Extensions></Trackpoint><Trackpoint><Time>2026-03-31T17:13:17+00:00</Time><DistanceMeters>5486.9</DistanceMeters><Position><LatitudeDegrees>50.583757</LatitudeDegrees><LongitudeDegrees>3.079877</LongitudeDegrees></Position><AltitudeMeters>55.8</AltitudeMeters><Extensions><TPX xmlns="http://www.garmin.com/xmlschemas/ActivityExtension/v2"><Speed>2.69</Speed></TPX></Extensions></Trackpoint><Trackpoint><Time>2026-03-31T17:13:18+00:00</Time><DistanceMeters>5490.2</DistanceMeters><Position><LatitudeDegrees>50.583773</LatitudeDegrees><LongitudeDegrees>3.079894</LongitudeDegrees></Position><AltitudeMeters>55.8</AltitudeMeters><Extensions><TPX xmlns="http://www.garmin.com/xmlschemas/ActivityExtension/v2"><Speed>2.8</Speed></TPX></Extensions></Trackpoint><Trackpoint><Time>2026-03-31T17:13:19+00:00</Time><DistanceMeters>5493.7</DistanceMeters><Position><LatitudeDegrees>50.583802</LatitudeDegrees><LongitudeDegrees>3.079914</LongitudeDegrees></Position><AltitudeMeters>55.8</AltitudeMeters><Extensions><TPX xmlns="http://www.garmin.com/xmlschemas/ActivityExtension/v2"><Speed>3.24</Speed></TPX></Extensions></Trackpoint><Trackpoint><Time>2026-03-31T17:13:20+00:00</Time><DistanceMeters>5496.8</DistanceMeters><Position><LatitudeDegrees>50.583828</LatitudeDegrees><LongitudeDegrees>3.079927</LongitudeDegrees></Position><AltitudeMeters>55.9</AltitudeMeters><Extensions><TPX xmlns="http://www.garmin.com/xmlschemas/ActivityExtension/v2"><Speed>3.26</Speed></TPX></Extensions></Trackpoint><Trackpoint><Time>2026-03-31T17:13:21+00:00</Time><DistanceMeters>5499.9</DistanceMeters><Position><LatitudeDegrees>50.583853</LatitudeDegrees><LongitudeDegrees>3.079944</LongitudeDegrees></Position><AltitudeMeters>55.9</AltitudeMeters><Extensions><TPX xmlns="http://www.garmin.com/xmlschemas/ActivityExtension/v2"><Speed>3.28</Speed></TPX></Extensions></Trackpoint><Trackpoint><Time>2026-03-31T17:13:22+00:00</Time><DistanceMeters>5503.9</DistanceMeters><Position><LatitudeDegrees>50.583885</LatitudeDegrees><LongitudeDegrees>3.079973</LongitudeDegrees></Position><AltitudeMeters>55.9</AltitudeMeters><Extensions><TPX xmlns="http://www.garmin.com/xmlschemas/ActivityExtension/v2"><Speed>3.41</Speed></TPX></Extensions></Trackpoint><Trackpoint><Time>2026-03-31T17:13:23+00:00</Time><DistanceMeters>5509.5</DistanceMeters><Position><LatitudeDegrees>50.583931</LatitudeDegrees><LongitudeDegrees>3.080005</LongitudeDegrees></Position><AltitudeMeters>55.9</AltitudeMeters><Extensions><TPX xmlns="http://www.garmin.com/xmlschemas/ActivityExtension/v2"><Speed>3.86</Speed></TPX></Extensions></Trackpoint><Trackpoint><Time>2026-03-31T17:13:24+00:00</Time><DistanceMeters>5513.0</DistanceMeters><Position><LatitudeDegrees>50.583957</LatitudeDegrees><LongitudeDegrees>3.080033</LongitudeDegrees></Position><AltitudeMeters>55.9</AltitudeMeters><Extensions><TPX xmlns="http://www.garmin.com/xmlschemas/ActivityExtension/v2"><Speed>3.86</Speed></TPX></Extensions></Trackpoint><Trackpoint><Time>2026-03-31T17:13:25+00:00</Time><DistanceMeters>5515.3</DistanceMeters><Position><LatitudeDegrees>50.583982</LatitudeDegrees><LongitudeDegrees>3.080057</LongitudeDegrees></Position><AltitudeMeters>56.0</AltitudeMeters><Extensions><TPX xmlns="http://www.garmin.com/xmlschemas/ActivityExtension/v2"><Speed>3.7</Speed></TPX></Extensions></Trackpoint><Trackpoint><Time>2026-03-31T17:13:26+00:00</Time><DistanceMeters>5517.6</DistanceMeters><Position><LatitudeDegrees>50.583994</LatitudeDegrees><LongitudeDegrees>3.080061</LongitudeDegrees></Position><AltitudeMeters>56.0</AltitudeMeters><Extensions><TPX xmlns="http://www.garmin.com/xmlschemas/ActivityExtension/v2"><Speed>3.54</Speed></TPX></Extensions></Trackpoint><Trackpoint><Time>2026-03-31T17:13:27+00:00</Time><DistanceMeters>5520.9</DistanceMeters><Position><LatitudeDegrees>50.584033</LatitudeDegrees><LongitudeDegrees>3.080063</LongitudeDegrees></Position><AltitudeMeters>56.0</AltitudeMeters><Extensions><TPX xmlns="http://www.garmin.com/xmlschemas/ActivityExtension/v2"><Speed>3.39</Speed></TPX></Extensions></Trackpoint><Trackpoint><Time>2026-03-31T17:13:28+00:00</Time><DistanceMeters>5524.1</DistanceMeters><Position><LatitudeDegrees>50.584052</LatitudeDegrees><LongitudeDegrees>3.080072</LongitudeDegrees></Position><AltitudeMeters>56.0</AltitudeMeters><Extensions><TPX xmlns="http://www.garmin.com/xmlschemas/ActivityExtension/v2"><Speed>2.92</Speed></TPX></Extensions></Trackpoint><Trackpoint><Time>2026-03-31T17:13:29+00:00</Time><DistanceMeters>5527.6</DistanceMeters><Position><LatitudeDegrees>50.58408</LatitudeDegrees><LongitudeDegrees>3.080095</LongitudeDegrees></Position><AltitudeMeters>56.0</AltitudeMeters><Extensions><TPX xmlns="http://www.garmin.com/xmlschemas/ActivityExtension/v2"><Speed>2.92</Speed></TPX></Extensions></Trackpoint><Trackpoint><Time>2026-03-31T17:13:30+00:00</Time><DistanceMeters>5533.9</DistanceMeters><Position><LatitudeDegrees>50.584135</LatitudeDegrees><LongitudeDegrees>3.080071</LongitudeDegrees></Position><AltitudeMeters>56.0</AltitudeMeters><Extensions><TPX xmlns="http://www.garmin.com/xmlschemas/ActivityExtension/v2"><Speed>3.72</Speed></TPX></Extensions></Trackpoint><Trackpoint><Time>2026-03-31T17:13:31+00:00</Time><DistanceMeters>5537.1</DistanceMeters><Position><LatitudeDegrees>50.584163</LatitudeDegrees><LongitudeDegrees>3.080078</LongitudeDegrees></Position><AltitudeMeters>56.0</AltitudeMeters><Extensions><TPX xmlns="http://www.garmin.com/xmlschemas/ActivityExtension/v2"><Speed>3.9</Speed></TPX></Extensions></Trackpoint><Trackpoint><Time>2026-03-31T17:13:32+00:00</Time><DistanceMeters>5540.3</DistanceMeters><Position><LatitudeDegrees>50.584204</LatitudeDegrees><LongitudeDegrees>3.080084</LongitudeDegrees></Position><AltitudeMeters>55.9</AltitudeMeters><Extensions><TPX xmlns="http://www.garmin.com/xmlschemas/ActivityExtension/v2"><Speed>3.88</Speed></TPX></Extensions></Trackpoint><Trackpoint><Time>2026-03-31T17:13:33+00:00</Time><DistanceMeters>5543.4</DistanceMeters><Position><LatitudeDegrees>50.584219</LatitudeDegrees><LongitudeDegrees>3.080089</LongitudeDegrees></Position><AltitudeMeters>55.9</AltitudeMeters><Extensions><TPX xmlns="http://www.garmin.com/xmlschemas/ActivityExtension/v2"><Speed>3.86</Speed></TPX></Extensions></Trackpoint><Trackpoint><Time>2026-03-31T17:13:34+00:00</Time><DistanceMeters>5546.6</DistanceMeters><Position><LatitudeDegrees>50.584246</LatitudeDegrees><LongitudeDegrees>3.080107</LongitudeDegrees></Position><AltitudeMeters>55.9</AltitudeMeters><Extensions><TPX xmlns="http://www.garmin.com/xmlschemas/ActivityExtension/v2"><Speed>3.8</Speed></TPX></Extensions></Trackpoint><Trackpoint><Time>2026-03-31T17:13:35+00:00</Time><DistanceMeters>5549.0</DistanceMeters><Position><LatitudeDegrees>50.584276</LatitudeDegrees><LongitudeDegrees>3.080108</LongitudeDegrees></Position><AltitudeMeters>55.9</AltitudeMeters><Extensions><TPX xmlns="http://www.garmin.com/xmlschemas/ActivityExtension/v2"><Speed>3.01</Speed></TPX></Extensions></Trackpoint><Trackpoint><Time>2026-03-31T17:13:36+00:00</Time><DistanceMeters>5551.3</DistanceMeters><Position><LatitudeDegrees>50.584287</LatitudeDegrees><LongitudeDegrees>3.080116</LongitudeDegrees></Position><AltitudeMeters>55.9</AltitudeMeters><Extensions><TPX xmlns="http://www.garmin.com/xmlschemas/ActivityExtension/v2"><Speed>2.84</Speed></TPX></Extensions></Trackpoint><Trackpoint><Time>2026-03-31T17:13:37+00:00</Time><DistanceMeters>5554.3</DistanceMeters><Position><LatitudeDegrees>50.584324</LatitudeDegrees><LongitudeDegrees>3.080138</LongitudeDegrees></Position><AltitudeMeters>55.9</AltitudeMeters><Extensions><TPX xmlns="http://www.garmin.com/xmlschemas/ActivityExtension/v2"><Speed>2.81</Speed></TPX></Extensions></Trackpoint><Trackpoint><Time>2026-03-31T17:13:38+00:00</Time><DistanceMeters>5557.3</DistanceMeters><Position><LatitudeDegrees>50.584337</LatitudeDegrees><LongitudeDegrees>3.080146</LongitudeDegrees></Position><AltitudeMeters>55.9</AltitudeMeters><Extensions><TPX xmlns="http://www.garmin.com/xmlschemas/ActivityExtension/v2"><Speed>2.78</Speed></TPX></Extensions></Trackpoint><Trackpoint><Time>2026-03-31T17:13:39+00:00</Time><DistanceMeters>5560.5</DistanceMeters><Position><LatitudeDegrees>50.584375</LatitudeDegrees><LongitudeDegrees>3.080156</LongitudeDegrees></Position><AltitudeMeters>55.9</AltitudeMeters><Extensions><TPX xmlns="http://www.garmin.com/xmlschemas/ActivityExtension/v2"><Speed>2.77</Speed></TPX></Extensions></Trackpoint><Trackpoint><Time>2026-03-31T17:13:40+00:00</Time><DistanceMeters>5563.6</DistanceMeters><Position><LatitudeDegrees>50.584393</LatitudeDegrees><LongitudeDegrees>3.080163</LongitudeDegrees></Position><AltitudeMeters>55.8</AltitudeMeters><Extensions><TPX xmlns="http://www.garmin.com/xmlschemas/ActivityExtension/v2"><Speed>2.93</Speed></TPX></Extensions></Trackpoint><Trackpoint><Time>2026-03-31T17:13:41+00:00</Time><DistanceMeters>5566.8</DistanceMeters><Position><LatitudeDegrees>50.584422</LatitudeDegrees><LongitudeDegrees>3.080171</LongitudeDegrees></Position><AltitudeMeters>55.8</AltitudeMeters><Extensions><TPX xmlns="http://www.garmin.com/xmlschemas/ActivityExtension/v2"><Speed>3.1</Speed></TPX></Extensions></Trackpoint><Trackpoint><Time>2026-03-31T17:13:42+00:00</Time><DistanceMeters>5569.1</DistanceMeters><Position><LatitudeDegrees>50.58445</LatitudeDegrees><LongitudeDegrees>3.080188</LongitudeDegrees></Position><AltitudeMeters>55.8</AltitudeMeters><Extensions><TPX xmlns="http://www.garmin.com/xmlschemas/ActivityExtension/v2"><Speed>2.96</Speed></TPX></Extensions></Trackpoint><Trackpoint><Time>2026-03-31T17:13:43+00:00</Time><DistanceMeters>5571.4</DistanceMeters><Position><LatitudeDegrees>50.584462</LatitudeDegrees><LongitudeDegrees>3.080188</LongitudeDegrees></Position><AltitudeMeters>55.8</AltitudeMeters><Extensions><TPX xmlns="http://www.garmin.com/xmlschemas/ActivityExtension/v2"><Speed>2.82</Speed></TPX></Extensions></Trackpoint><Trackpoint><Time>2026-03-31T17:13:44+00:00</Time><DistanceMeters>5574.2</DistanceMeters><Position><LatitudeDegrees>50.584497</LatitudeDegrees><LongitudeDegrees>3.080194</LongitudeDegrees></Position><AltitudeMeters>55.8</AltitudeMeters><Extensions><TPX xmlns="http://www.garmin.com/xmlschemas/ActivityExtension/v2"><Speed>2.74</Speed></TPX></Extensions></Trackpoint><Trackpoint><Time>2026-03-31T17:13:45+00:00</Time><DistanceMeters>5576.9</DistanceMeters><Position><LatitudeDegrees>50.58451</LatitudeDegrees><LongitudeDegrees>3.08019</LongitudeDegrees></Position><AltitudeMeters>55.8</AltitudeMeters><Extensions><TPX xmlns="http://www.garmin.com/xmlschemas/ActivityExtension/v2"><Speed>2.66</Speed></TPX></Extensions></Trackpoint><Trackpoint><Time>2026-03-31T17:13:46+00:00</Time><DistanceMeters>5580.0</DistanceMeters><Position><LatitudeDegrees>50.584539</LatitudeDegrees><LongitudeDegrees>3.080199</LongitudeDegrees></Position><AltitudeMeters>55.8</AltitudeMeters><Extensions><TPX xmlns="http://www.garmin.com/xmlschemas/ActivityExtension/v2"><Speed>2.64</Speed></TPX></Extensions></Trackpoint><Trackpoint><Time>2026-03-31T17:13:47+00:00</Time><DistanceMeters>5583.4</DistanceMeters><Position><LatitudeDegrees>50.584566</LatitudeDegrees><LongitudeDegrees>3.080219</LongitudeDegrees></Position><AltitudeMeters>55.7</AltitudeMeters><Extensions><TPX xmlns="http://www.garmin.com/xmlschemas/ActivityExtension/v2"><Speed>2.86</Speed></TPX></Extensions></Trackpoint><Trackpoint><Time>2026-03-31T17:13:48+00:00</Time><DistanceMeters>5586.7</DistanceMeters><Position><LatitudeDegrees>50.584592</LatitudeDegrees><LongitudeDegrees>3.080241</LongitudeDegrees></Position><AltitudeMeters>55.7</AltitudeMeters><Extensions><TPX xmlns="http://www.garmin.com/xmlschemas/ActivityExtension/v2"><Speed>3.06</Speed></TPX></Extensions></Trackpoint><Trackpoint><Time>2026-03-31T17:13:49+00:00</Time><DistanceMeters>5590.2</DistanceMeters><Position><LatitudeDegrees>50.584623</LatitudeDegrees><LongitudeDegrees>3.080247</LongitudeDegrees></Position><AltitudeMeters>55.7</AltitudeMeters><Extensions><TPX xmlns="http://www.garmin.com/xmlschemas/ActivityExtension/v2"><Speed>3.21</Speed></TPX></Extensions></Trackpoint><Trackpoint><Time>2026-03-31T17:13:50+00:00</Time><DistanceMeters>5593.2</DistanceMeters><Position><LatitudeDegrees>50.584662</LatitudeDegrees><LongitudeDegrees>3.080254</LongitudeDegrees></Position><AltitudeMeters>55.7</AltitudeMeters><Extensions><TPX xmlns="http://www.garmin.com/xmlschemas/ActivityExtension/v2"><Speed>3.25</Speed></TPX></Extensions></Trackpoint><Trackpoint><Time>2026-03-31T17:13:51+00:00</Time><DistanceMeters>5596.1</DistanceMeters><Position><LatitudeDegrees>50.584676</LatitudeDegrees><LongitudeDegrees>3.080257</LongitudeDegrees></Position><AltitudeMeters>55.7</AltitudeMeters><Extensions><TPX xmlns="http://www.garmin.com/xmlschemas/ActivityExtension/v2"><Speed>3.22</Speed></TPX></Extensions></Trackpoint><Trackpoint><Time>2026-03-31T17:13:52+00:00</Time><DistanceMeters>5599.5</DistanceMeters><Position><LatitudeDegrees>50.584706</LatitudeDegrees><LongitudeDegrees>3.08026</LongitudeDegrees></Position><AltitudeMeters>55.7</AltitudeMeters><Extensions><TPX xmlns="http://www.garmin.com/xmlschemas/ActivityExtension/v2"><Speed>3.22</Speed></TPX></Extensions></Trackpoint><Trackpoint><Time>2026-03-31T17:13:53+00:00</Time><DistanceMeters>5602.8</DistanceMeters><Position><LatitudeDegrees>50.584735</LatitudeDegrees><LongitudeDegrees>3.080267</LongitudeDegrees></Position><AltitudeMeters>55.6</AltitudeMeters><Extensions><TPX xmlns="http://www.garmin.com/xmlschemas/ActivityExtension/v2"><Speed>3.22</Speed></TPX></Extensions></Trackpoint><Trackpoint><Time>2026-03-31T17:13:54+00:00</Time><DistanceMeters>5605.9</DistanceMeters><Position><LatitudeDegrees>50.584776</LatitudeDegrees><LongitudeDegrees>3.080268</LongitudeDegrees></Position><AltitudeMeters>55.6</AltitudeMeters><Extensions><TPX xmlns="http://www.garmin.com/xmlschemas/ActivityExtension/v2"><Speed>3.14</Speed></TPX></Extensions></Trackpoint><Trackpoint><Time>2026-03-31T17:13:55+00:00</Time><DistanceMeters>5609.0</DistanceMeters><Position><LatitudeDegrees>50.584791</LatitudeDegrees><LongitudeDegrees>3.080256</LongitudeDegrees></Position><AltitudeMeters>55.6</AltitudeMeters><Extensions><TPX xmlns="http://www.garmin.com/xmlschemas/ActivityExtension/v2"><Speed>3.17</Speed></TPX></Extensions></Trackpoint><Trackpoint><Time>2026-03-31T17:13:56+00:00</Time><DistanceMeters>5612.1</DistanceMeters><Position><LatitudeDegrees>50.584829</LatitudeDegrees><LongitudeDegrees>3.080279</LongitudeDegrees></Position><AltitudeMeters>55.6</AltitudeMeters><Extensions><TPX xmlns="http://www.garmin.com/xmlschemas/ActivityExtension/v2"><Speed>3.2</Speed></TPX></Extensions></Trackpoint><Trackpoint><Time>2026-03-31T17:13:57+00:00</Time><DistanceMeters>5615.2</DistanceMeters><Position><LatitudeDegrees>50.584843</LatitudeDegrees><LongitudeDegrees>3.08029</LongitudeDegrees></Position><AltitudeMeters>55.6</AltitudeMeters><Extensions><TPX xmlns="http://www.garmin.com/xmlschemas/ActivityExtension/v2"><Speed>3.14</Speed></TPX></Extensions></Trackpoint><Trackpoint><Time>2026-03-31T17:13:58+00:00</Time><DistanceMeters>5618.8</DistanceMeters><Position><LatitudeDegrees>50.584871</LatitudeDegrees><LongitudeDegrees>3.080315</LongitudeDegrees></Position><AltitudeMeters>55.6</AltitudeMeters><Extensions><TPX xmlns="http://www.garmin.com/xmlschemas/ActivityExtension/v2"><Speed>3.2</Speed></TPX></Extensions></Trackpoint><Trackpoint><Time>2026-03-31T17:13:59+00:00</Time><DistanceMeters>5622.1</DistanceMeters><Position><LatitudeDegrees>50.58491</LatitudeDegrees><LongitudeDegrees>3.08034</LongitudeDegrees></Position><AltitudeMeters>55.6</AltitudeMeters><Extensions><TPX xmlns="http://www.garmin.com/xmlschemas/ActivityExtension/v2"><Speed>3.24</Speed></TPX></Extensions></Trackpoint><Trackpoint><Time>2026-03-31T17:14:00+00:00</Time><DistanceMeters>5625.4</DistanceMeters><Position><LatitudeDegrees>50.584925</LatitudeDegrees><LongitudeDegrees>3.080353</LongitudeDegrees></Position><AltitudeMeters>55.6</AltitudeMeters><Extensions><TPX xmlns="http://www.garmin.com/xmlschemas/ActivityExtension/v2"><Speed>3.28</Speed></TPX></Extensions></Trackpoint><Trackpoint><Time>2026-03-31T17:14:01+00:00</Time><DistanceMeters>5628.5</DistanceMeters><Position><LatitudeDegrees>50.58496</LatitudeDegrees><LongitudeDegrees>3.080383</LongitudeDegrees></Position><AltitudeMeters>55.6</AltitudeMeters><Extensions><TPX xmlns="http://www.garmin.com/xmlschemas/ActivityExtension/v2"><Speed>3.27</Speed></TPX></Extensions></Trackpoint><Trackpoint><Time>2026-03-31T17:14:02+00:00</Time><DistanceMeters>5631.5</DistanceMeters><Position><LatitudeDegrees>50.58497</LatitudeDegrees><LongitudeDegrees>3.080401</LongitudeDegrees></Position><AltitudeMeters>55.6</AltitudeMeters><Extensions><TPX xmlns="http://www.garmin.com/xmlschemas/ActivityExtension/v2"><Speed>3.26</Speed></TPX></Extensions></Trackpoint><Trackpoint><Time>2026-03-31T17:14:03+00:00</Time><DistanceMeters>5634.4</DistanceMeters><Position><LatitudeDegrees>50.585006</LatitudeDegrees><LongitudeDegrees>3.080422</LongitudeDegrees></Position><AltitudeMeters>55.6</AltitudeMeters><Extensions><TPX xmlns="http://www.garmin.com/xmlschemas/ActivityExtension/v2"><Speed>3.11</Speed></TPX></Extensions></Trackpoint><Trackpoint><Time>2026-03-31T17:14:04+00:00</Time><DistanceMeters>5637.2</DistanceMeters><Position><LatitudeDegrees>50.585019</LatitudeDegrees><LongitudeDegrees>3.080429</LongitudeDegrees></Position><AltitudeMeters>55.6</AltitudeMeters><Extensions><TPX xmlns="http://www.garmin.com/xmlschemas/ActivityExtension/v2"><Speed>3.02</Speed></TPX></Extensions></Trackpoint><Trackpoint><Time>2026-03-31T17:14:05+00:00</Time><DistanceMeters>5640.1</DistanceMeters><Position><LatitudeDegrees>50.585054</LatitudeDegrees><LongitudeDegrees>3.080457</LongitudeDegrees></Position><AltitudeMeters>55.7</AltitudeMeters><Extensions><TPX xmlns="http://www.garmin.com/xmlschemas/ActivityExtension/v2"><Speed>2.94</Speed></TPX></Extensions></Trackpoint><Trackpoint><Time>2026-03-31T17:14:06+00:00</Time><DistanceMeters>5643.0</DistanceMeters><Position><LatitudeDegrees>50.585065</LatitudeDegrees><LongitudeDegrees>3.080468</LongitudeDegrees></Position><AltitudeMeters>55.7</AltitudeMeters><Extensions><TPX xmlns="http://www.garmin.com/xmlschemas/ActivityExtension/v2"><Speed>2.91</Speed></TPX></Extensions></Trackpoint><Trackpoint><Time>2026-03-31T17:14:07+00:00</Time><DistanceMeters>5646.1</DistanceMeters><Position><LatitudeDegrees>50.5851</LatitudeDegrees><LongitudeDegrees>3.080491</LongitudeDegrees></Position><AltitudeMeters>55.7</AltitudeMeters><Extensions><TPX xmlns="http://www.garmin.com/xmlschemas/ActivityExtension/v2"><Speed>2.92</Speed></TPX></Extensions></Trackpoint><Trackpoint><Time>2026-03-31T17:14:08+00:00</Time><DistanceMeters>5649.2</DistanceMeters><Position><LatitudeDegrees>50.585113</LatitudeDegrees><LongitudeDegrees>3.08051</LongitudeDegrees></Position><AltitudeMeters>55.7</AltitudeMeters><Extensions><TPX xmlns="http://www.garmin.com/xmlschemas/ActivityExtension/v2"><Speed>2.97</Speed></TPX></Extensions></Trackpoint><Trackpoint><Time>2026-03-31T17:14:09+00:00</Time><DistanceMeters>5651.3</DistanceMeters><Position><LatitudeDegrees>50.585134</LatitudeDegrees><LongitudeDegrees>3.080521</LongitudeDegrees></Position><AltitudeMeters>55.7</AltitudeMeters><Extensions><TPX xmlns="http://www.garmin.com/xmlschemas/ActivityExtension/v2"><Speed>2.82</Speed></TPX></Extensions></Trackpoint><Trackpoint><Time>2026-03-31T17:14:10+00:00</Time><DistanceMeters>5653.4</DistanceMeters><Position><LatitudeDegrees>50.585149</LatitudeDegrees><LongitudeDegrees>3.080529</LongitudeDegrees></Position><AltitudeMeters>55.7</AltitudeMeters><Extensions><TPX xmlns="http://www.garmin.com/xmlschemas/ActivityExtension/v2"><Speed>2.66</Speed></TPX></Extensions></Trackpoint><Trackpoint><Time>2026-03-31T17:14:11+00:00</Time><DistanceMeters>5657.0</DistanceMeters><Position><LatitudeDegrees>50.585178</LatitudeDegrees><LongitudeDegrees>3.08055</LongitudeDegrees></Position><AltitudeMeters>55.7</AltitudeMeters><Extensions><TPX xmlns="http://www.garmin.com/xmlschemas/ActivityExtension/v2"><Speed>2.8</Speed></TPX></Extensions></Trackpoint><Trackpoint><Time>2026-03-31T17:14:12+00:00</Time><DistanceMeters>5660.8</DistanceMeters><Position><LatitudeDegrees>50.585209</LatitudeDegrees><LongitudeDegrees>3.080574</LongitudeDegrees></Position><AltitudeMeters>55.8</AltitudeMeters><Extensions><TPX xmlns="http://www.garmin.com/xmlschemas/ActivityExtension/v2"><Speed>2.94</Speed></TPX></Extensions></Trackpoint><Trackpoint><Time>2026-03-31T17:14:13+00:00</Time><DistanceMeters>5664.2</DistanceMeters><Position><LatitudeDegrees>50.585234</LatitudeDegrees><LongitudeDegrees>3.080601</LongitudeDegrees></Position><AltitudeMeters>55.8</AltitudeMeters><Extensions><TPX xmlns="http://www.garmin.com/xmlschemas/ActivityExtension/v2"><Speed>3.0</Speed></TPX></Extensions></Trackpoint><Trackpoint><Time>2026-03-31T17:14:14+00:00</Time><DistanceMeters>5667.6</DistanceMeters><Position><LatitudeDegrees>50.585259</LatitudeDegrees><LongitudeDegrees>3.080627</LongitudeDegrees></Position><AltitudeMeters>55.8</AltitudeMeters><Extensions><TPX xmlns="http://www.garmin.com/xmlschemas/ActivityExtension/v2"><Speed>3.26</Speed></TPX></Extensions></Trackpoint><Trackpoint><Time>2026-03-31T17:14:15+00:00</Time><DistanceMeters>5671.8</DistanceMeters><Position><LatitudeDegrees>50.585286</LatitudeDegrees><LongitudeDegrees>3.080668</LongitudeDegrees></Position><AltitudeMeters>55.8</AltitudeMeters><Extensions><TPX xmlns="http://www.garmin.com/xmlschemas/ActivityExtension/v2"><Speed>3.68</Speed></TPX></Extensions></Trackpoint><Trackpoint><Time>2026-03-31T17:14:16+00:00</Time><DistanceMeters>5674.8</DistanceMeters><Position><LatitudeDegrees>50.58531</LatitudeDegrees><LongitudeDegrees>3.08069</LongitudeDegrees></Position><AltitudeMeters>55.9</AltitudeMeters><Extensions><TPX xmlns="http://www.garmin.com/xmlschemas/ActivityExtension/v2"><Speed>3.56</Speed></TPX></Extensions></Trackpoint><Trackpoint><Time>2026-03-31T17:14:17+00:00</Time><DistanceMeters>5678.1</DistanceMeters><Position><LatitudeDegrees>50.585338</LatitudeDegrees><LongitudeDegrees>3.080707</LongitudeDegrees></Position><AltitudeMeters>55.9</AltitudeMeters><Extensions><TPX xmlns="http://www.garmin.com/xmlschemas/ActivityExtension/v2"><Speed>3.46</Speed></TPX></Extensions></Trackpoint><Trackpoint><Time>2026-03-31T17:14:18+00:00</Time><DistanceMeters>5681.6</DistanceMeters><Position><LatitudeDegrees>50.585367</LatitudeDegrees><LongitudeDegrees>3.080726</LongitudeDegrees></Position><AltitudeMeters>55.9</AltitudeMeters><Extensions><TPX xmlns="http://www.garmin.com/xmlschemas/ActivityExtension/v2"><Speed>3.48</Speed></TPX></Extensions></Trackpoint><Trackpoint><Time>2026-03-31T17:14:19+00:00</Time><DistanceMeters>5684.2</DistanceMeters><Position><LatitudeDegrees>50.585391</LatitudeDegrees><LongitudeDegrees>3.080761</LongitudeDegrees></Position><AltitudeMeters>55.9</AltitudeMeters><Extensions><TPX xmlns="http://www.garmin.com/xmlschemas/ActivityExtension/v2"><Speed>3.31</Speed></TPX></Extensions></Trackpoint><Trackpoint><Time>2026-03-31T17:14:20+00:00</Time><DistanceMeters>5686.7</DistanceMeters><Position><LatitudeDegrees>50.5854</LatitudeDegrees><LongitudeDegrees>3.080775</LongitudeDegrees></Position><AltitudeMeters>55.9</AltitudeMeters><Extensions><TPX xmlns="http://www.garmin.com/xmlschemas/ActivityExtension/v2"><Speed>2.98</Speed></TPX></Extensions></Trackpoint><Trackpoint><Time>2026-03-31T17:14:21+00:00</Time><DistanceMeters>5690.1</DistanceMeters><Position><LatitudeDegrees>50.585426</LatitudeDegrees><LongitudeDegrees>3.080801</LongitudeDegrees></Position><AltitudeMeters>56.0</AltitudeMeters><Extensions><TPX xmlns="http://www.garmin.com/xmlschemas/ActivityExtension/v2"><Speed>3.06</Speed></TPX></Extensions></Trackpoint><Trackpoint><Time>2026-03-31T17:14:22+00:00</Time><DistanceMeters>5693.1</DistanceMeters><Position><LatitudeDegrees>50.585451</LatitudeDegrees><LongitudeDegrees>3.080817</LongitudeDegrees></Position><AltitudeMeters>56.0</AltitudeMeters><Extensions><TPX xmlns="http://www.garmin.com/xmlschemas/ActivityExtension/v2"><Speed>3.0</Speed></TPX></Extensions></Trackpoint><Trackpoint><Time>2026-03-31T17:14:23+00:00</Time><DistanceMeters>5697.1</DistanceMeters><Position><LatitudeDegrees>50.585483</LatitudeDegrees><LongitudeDegrees>3.080842</LongitudeDegrees></Position><AltitudeMeters>56.0</AltitudeMeters><Extensions><TPX xmlns="http://www.garmin.com/xmlschemas/ActivityExtension/v2"><Speed>3.1</Speed></TPX></Extensions></Trackpoint><Trackpoint><Time>2026-03-31T17:14:24+00:00</Time><DistanceMeters>5700.1</DistanceMeters><Position><LatitudeDegrees>50.585502</LatitudeDegrees><LongitudeDegrees>3.080873</LongitudeDegrees></Position><AltitudeMeters>56.0</AltitudeMeters><Extensions><TPX xmlns="http://www.garmin.com/xmlschemas/ActivityExtension/v2"><Speed>3.19</Speed></TPX></Extensions></Trackpoint><Trackpoint><Time>2026-03-31T17:14:25+00:00</Time><DistanceMeters>5703.0</DistanceMeters><Position><LatitudeDegrees>50.585534</LatitudeDegrees><LongitudeDegrees>3.080903</LongitudeDegrees></Position><AltitudeMeters>56.0</AltitudeMeters><Extensions><TPX xmlns="http://www.garmin.com/xmlschemas/ActivityExtension/v2"><Speed>3.25</Speed></TPX></Extensions></Trackpoint><Trackpoint><Time>2026-03-31T17:14:26+00:00</Time><DistanceMeters>5705.8</DistanceMeters><Position><LatitudeDegrees>50.585547</LatitudeDegrees><LongitudeDegrees>3.08091</LongitudeDegrees></Position><AltitudeMeters>56.0</AltitudeMeters><Extensions><TPX xmlns="http://www.garmin.com/xmlschemas/ActivityExtension/v2"><Speed>3.14</Speed></TPX></Extensions></Trackpoint><Trackpoint><Time>2026-03-31T17:14:27+00:00</Time><DistanceMeters>5709.0</DistanceMeters><Position><LatitudeDegrees>50.585581</LatitudeDegrees><LongitudeDegrees>3.080948</LongitudeDegrees></Position><AltitudeMeters>56.1</AltitudeMeters><Extensions><TPX xmlns="http://www.garmin.com/xmlschemas/ActivityExtension/v2"><Speed>3.18</Speed></TPX></Extensions></Trackpoint><Trackpoint><Time>2026-03-31T17:14:28+00:00</Time><DistanceMeters>5712.2</DistanceMeters><Position><LatitudeDegrees>50.585591</LatitudeDegrees><LongitudeDegrees>3.080969</LongitudeDegrees></Position><AltitudeMeters>56.1</AltitudeMeters><Extensions><TPX xmlns="http://www.garmin.com/xmlschemas/ActivityExtension/v2"><Speed>3.02</Speed></TPX></Extensions></Trackpoint><Trackpoint><Time>2026-03-31T17:14:29+00:00</Time><DistanceMeters>5714.7</DistanceMeters><Position><LatitudeDegrees>50.585615</LatitudeDegrees><LongitudeDegrees>3.081003</LongitudeDegrees></Position><AltitudeMeters>56.1</AltitudeMeters><Extensions><TPX xmlns="http://www.garmin.com/xmlschemas/ActivityExtension/v2"><Speed>2.92</Speed></TPX></Extensions></Trackpoint><Trackpoint><Time>2026-03-31T17:14:30+00:00</Time><DistanceMeters>5717.2</DistanceMeters><Position><LatitudeDegrees>50.585623</LatitudeDegrees><LongitudeDegrees>3.081019</LongitudeDegrees></Position><AltitudeMeters>56.1</AltitudeMeters><Extensions><TPX xmlns="http://www.garmin.com/xmlschemas/ActivityExtension/v2"><Speed>2.85</Speed></TPX></Extensions></Trackpoint><Trackpoint><Time>2026-03-31T17:14:31+00:00</Time><DistanceMeters>5720.4</DistanceMeters><Position><LatitudeDegrees>50.585645</LatitudeDegrees><LongitudeDegrees>3.081047</LongitudeDegrees></Position><AltitudeMeters>56.1</AltitudeMeters><Extensions><TPX xmlns="http://www.garmin.com/xmlschemas/ActivityExtension/v2"><Speed>2.92</Speed></TPX></Extensions></Trackpoint><Trackpoint><Time>2026-03-31T17:14:32+00:00</Time><DistanceMeters>5722.9</DistanceMeters><Position><LatitudeDegrees>50.585673</LatitudeDegrees><LongitudeDegrees>3.081076</LongitudeDegrees></Position><AltitudeMeters>56.1</AltitudeMeters><Extensions><TPX xmlns="http://www.garmin.com/xmlschemas/ActivityExtension/v2"><Speed>2.77</Speed></TPX></Extensions></Trackpoint><Trackpoint><Time>2026-03-31T17:14:33+00:00</Time><DistanceMeters>5725.3</DistanceMeters><Position><LatitudeDegrees>50.585682</LatitudeDegrees><LongitudeDegrees>3.081082</LongitudeDegrees></Position><AltitudeMeters>56.1</AltitudeMeters><Extensions><TPX xmlns="http://www.garmin.com/xmlschemas/ActivityExtension/v2"><Speed>2.62</Speed></TPX></Extensions></Trackpoint><Trackpoint><Time>2026-03-31T17:14:34+00:00</Time><DistanceMeters>5728.1</DistanceMeters><Position><LatitudeDegrees>50.585704</LatitudeDegrees><LongitudeDegrees>3.08113</LongitudeDegrees></Position><AltitudeMeters>56.1</AltitudeMeters><Extensions><TPX xmlns="http://www.garmin.com/xmlschemas/ActivityExtension/v2"><Speed>2.67</Speed></TPX></Extensions></Trackpoint><Trackpoint><Time>2026-03-31T17:14:35+00:00</Time><DistanceMeters>5730.8</DistanceMeters><Position><LatitudeDegrees>50.585712</LatitudeDegrees><LongitudeDegrees>3.081144</LongitudeDegrees></Position><AltitudeMeters>56.1</AltitudeMeters><Extensions><TPX xmlns="http://www.garmin.com/xmlschemas/ActivityExtension/v2"><Speed>2.72</Speed></TPX></Extensions></Trackpoint><Trackpoint><Time>2026-03-31T17:14:36+00:00</Time><DistanceMeters>5734.7</DistanceMeters><Position><LatitudeDegrees>50.58574</LatitudeDegrees><LongitudeDegrees>3.081179</LongitudeDegrees></Position><AltitudeMeters>56.2</AltitudeMeters><Extensions><TPX xmlns="http://www.garmin.com/xmlschemas/ActivityExtension/v2"><Speed>2.86</Speed></TPX></Extensions></Trackpoint><Trackpoint><Time>2026-03-31T17:14:37+00:00</Time><DistanceMeters>5737.7</DistanceMeters><Position><LatitudeDegrees>50.585769</LatitudeDegrees><LongitudeDegrees>3.081219</LongitudeDegrees></Position><AltitudeMeters>56.2</AltitudeMeters><Extensions><TPX xmlns="http://www.garmin.com/xmlschemas/ActivityExtension/v2"><Speed>2.96</Speed></TPX></Extensions></Trackpoint><Trackpoint><Time>2026-03-31T17:14:38+00:00</Time><DistanceMeters>5740.6</DistanceMeters><Position><LatitudeDegrees>50.585778</LatitudeDegrees><LongitudeDegrees>3.081236</LongitudeDegrees></Position><AltitudeMeters>56.2</AltitudeMeters><Extensions><TPX xmlns="http://www.garmin.com/xmlschemas/ActivityExtension/v2"><Speed>3.06</Speed></TPX></Extensions></Trackpoint><Trackpoint><Time>2026-03-31T17:14:39+00:00</Time><DistanceMeters>5742.8</DistanceMeters><Position><LatitudeDegrees>50.585805</LatitudeDegrees><LongitudeDegrees>3.081259</LongitudeDegrees></Position><AltitudeMeters>56.2</AltitudeMeters><Extensions><TPX xmlns="http://www.garmin.com/xmlschemas/ActivityExtension/v2"><Speed>2.95</Speed></TPX></Extensions></Trackpoint><Trackpoint><Time>2026-03-31T17:14:40+00:00</Time><DistanceMeters>5745.0</DistanceMeters><Position><LatitudeDegrees>50.585812</LatitudeDegrees><LongitudeDegrees>3.081269</LongitudeDegrees></Position><AltitudeMeters>56.2</AltitudeMeters><Extensions><TPX xmlns="http://www.garmin.com/xmlschemas/ActivityExtension/v2"><Speed>2.84</Speed></TPX></Extensions></Trackpoint><Trackpoint><Time>2026-03-31T17:14:41+00:00</Time><DistanceMeters>5749.8</DistanceMeters><Position><LatitudeDegrees>50.585846</LatitudeDegrees><LongitudeDegrees>3.081311</LongitudeDegrees></Position><AltitudeMeters>56.2</AltitudeMeters><Extensions><TPX xmlns="http://www.garmin.com/xmlschemas/ActivityExtension/v2"><Speed>3.02</Speed></TPX></Extensions></Trackpoint><Trackpoint><Time>2026-03-31T17:14:42+00:00</Time><DistanceMeters>5752.9</DistanceMeters><Position><LatitudeDegrees>50.585864</LatitudeDegrees><LongitudeDegrees>3.081366</LongitudeDegrees></Position><AltitudeMeters>56.2</AltitudeMeters><Extensions><TPX xmlns="http://www.garmin.com/xmlschemas/ActivityExtension/v2"><Speed>3.04</Speed></TPX></Extensions></Trackpoint><Trackpoint><Time>2026-03-31T17:14:43+00:00</Time><DistanceMeters>5755.9</DistanceMeters><Position><LatitudeDegrees>50.585869</LatitudeDegrees><LongitudeDegrees>3.08139</LongitudeDegrees></Position><AltitudeMeters>56.2</AltitudeMeters><Extensions><TPX xmlns="http://www.garmin.com/xmlschemas/ActivityExtension/v2"><Speed>3.06</Speed></TPX></Extensions></Trackpoint><Trackpoint><Time>2026-03-31T17:14:44+00:00</Time><DistanceMeters>5759.3</DistanceMeters><Position><LatitudeDegrees>50.585888</LatitudeDegrees><LongitudeDegrees>3.081426</LongitudeDegrees></Position><AltitudeMeters>56.3</AltitudeMeters><Extensions><TPX xmlns="http://www.garmin.com/xmlschemas/ActivityExtension/v2"><Speed>3.3</Speed></TPX></Extensions></Trackpoint><Trackpoint><Time>2026-03-31T17:14:45+00:00</Time><DistanceMeters>5762.3</DistanceMeters><Position><LatitudeDegrees>50.585898</LatitudeDegrees><LongitudeDegrees>3.081466</LongitudeDegrees></Position><AltitudeMeters>56.3</AltitudeMeters><Extensions><TPX xmlns="http://www.garmin.com/xmlschemas/ActivityExtension/v2"><Speed>3.46</Speed></TPX></Extensions></Trackpoint><Trackpoint><Time>2026-03-31T17:14:46+00:00</Time><DistanceMeters>5765.3</DistanceMeters><Position><LatitudeDegrees>50.585911</LatitudeDegrees><LongitudeDegrees>3.081524</LongitudeDegrees></Position><AltitudeMeters>56.3</AltitudeMeters><Extensions><TPX xmlns="http://www.garmin.com/xmlschemas/ActivityExtension/v2"><Speed>3.1</Speed></TPX></Extensions></Trackpoint><Trackpoint><Time>2026-03-31T17:14:47+00:00</Time><DistanceMeters>5768.3</DistanceMeters><Position><LatitudeDegrees>50.585913</LatitudeDegrees><LongitudeDegrees>3.081548</LongitudeDegrees></Position><AltitudeMeters>56.3</AltitudeMeters><Extensions><TPX xmlns="http://www.garmin.com/xmlschemas/ActivityExtension/v2"><Speed>3.09</Speed></TPX></Extensions></Trackpoint><Trackpoint><Time>2026-03-31T17:14:48+00:00</Time><DistanceMeters>5771.4</DistanceMeters><Position><LatitudeDegrees>50.58593</LatitudeDegrees><LongitudeDegrees>3.081581</LongitudeDegrees></Position><AltitudeMeters>56.3</AltitudeMeters><Extensions><TPX xmlns="http://www.garmin.com/xmlschemas/ActivityExtension/v2"><Speed>3.1</Speed></TPX></Extensions></Trackpoint><Trackpoint><Time>2026-03-31T17:14:49+00:00</Time><DistanceMeters>5773.7</DistanceMeters><Position><LatitudeDegrees>50.58595</LatitudeDegrees><LongitudeDegrees>3.081616</LongitudeDegrees></Position><AltitudeMeters>56.3</AltitudeMeters><Extensions><TPX xmlns="http://www.garmin.com/xmlschemas/ActivityExtension/v2"><Speed>2.88</Speed></TPX></Extensions></Trackpoint><Trackpoint><Time>2026-03-31T17:14:50+00:00</Time><DistanceMeters>5776.0</DistanceMeters><Position><LatitudeDegrees>50.585957</LatitudeDegrees><LongitudeDegrees>3.081631</LongitudeDegrees></Position><AltitudeMeters>56.3</AltitudeMeters><Extensions><TPX xmlns="http://www.garmin.com/xmlschemas/ActivityExtension/v2"><Speed>2.74</Speed></TPX></Extensions></Trackpoint><Trackpoint><Time>2026-03-31T17:14:51+00:00</Time><DistanceMeters>5779.3</DistanceMeters><Position><LatitudeDegrees>50.585974</LatitudeDegrees><LongitudeDegrees>3.081669</LongitudeDegrees></Position><AltitudeMeters>56.3</AltitudeMeters><Extensions><TPX xmlns="http://www.garmin.com/xmlschemas/ActivityExtension/v2"><Speed>2.8</Speed></TPX></Extensions></Trackpoint><Trackpoint><Time>2026-03-31T17:14:52+00:00</Time><DistanceMeters>5782.4</DistanceMeters><Position><LatitudeDegrees>50.585984</LatitudeDegrees><LongitudeDegrees>3.081709</LongitudeDegrees></Position><AltitudeMeters>56.3</AltitudeMeters><Extensions><TPX xmlns="http://www.garmin.com/xmlschemas/ActivityExtension/v2"><Speed>2.82</Speed></TPX></Extensions></Trackpoint><Trackpoint><Time>2026-03-31T17:14:53+00:00</Time><DistanceMeters>5785.6</DistanceMeters><Position><LatitudeDegrees>50.586002</LatitudeDegrees><LongitudeDegrees>3.081744</LongitudeDegrees></Position><AltitudeMeters>56.3</AltitudeMeters><Extensions><TPX xmlns="http://www.garmin.com/xmlschemas/ActivityExtension/v2"><Speed>2.84</Speed></TPX></Extensions></Trackpoint><Trackpoint><Time>2026-03-31T17:14:54+00:00</Time><DistanceMeters>5788.5</DistanceMeters><Position><LatitudeDegrees>50.586023</LatitudeDegrees><LongitudeDegrees>3.081795</LongitudeDegrees></Position><AltitudeMeters>56.3</AltitudeMeters><Extensions><TPX xmlns="http://www.garmin.com/xmlschemas/ActivityExtension/v2"><Speed>2.96</Speed></TPX></Extensions></Trackpoint><Trackpoint><Time>2026-03-31T17:14:55+00:00</Time><DistanceMeters>5791.4</DistanceMeters><Position><LatitudeDegrees>50.586031</LatitudeDegrees><LongitudeDegrees>3.081812</LongitudeDegrees></Position><AltitudeMeters>56.4</AltitudeMeters><Extensions><TPX xmlns="http://www.garmin.com/xmlschemas/ActivityExtension/v2"><Speed>3.08</Speed></TPX></Extensions></Trackpoint><Trackpoint><Time>2026-03-31T17:14:56+00:00</Time><DistanceMeters>5794.5</DistanceMeters><Position><LatitudeDegrees>50.586051</LatitudeDegrees><LongitudeDegrees>3.081845</LongitudeDegrees></Position><AltitudeMeters>56.4</AltitudeMeters><Extensions><TPX xmlns="http://www.garmin.com/xmlschemas/ActivityExtension/v2"><Speed>3.04</Speed></TPX></Extensions></Trackpoint><Trackpoint><Time>2026-03-31T17:14:57+00:00</Time><DistanceMeters>5798.4</DistanceMeters><Position><LatitudeDegrees>50.586062</LatitudeDegrees><LongitudeDegrees>3.081897</LongitudeDegrees></Position><AltitudeMeters>56.4</AltitudeMeters><Extensions><TPX xmlns="http://www.garmin.com/xmlschemas/ActivityExtension/v2"><Speed>3.2</Speed></TPX></Extensions></Trackpoint><Trackpoint><Time>2026-03-31T17:14:58+00:00</Time><DistanceMeters>5801.7</DistanceMeters><Position><LatitudeDegrees>50.586078</LatitudeDegrees><LongitudeDegrees>3.081936</LongitudeDegrees></Position><AltitudeMeters>56.4</AltitudeMeters><Extensions><TPX xmlns="http://www.garmin.com/xmlschemas/ActivityExtension/v2"><Speed>3.22</Speed></TPX></Extensions></Trackpoint><Trackpoint><Time>2026-03-31T17:14:59+00:00</Time><DistanceMeters>5804.0</DistanceMeters><Position><LatitudeDegrees>50.586104</LatitudeDegrees><LongitudeDegrees>3.081968</LongitudeDegrees></Position><AltitudeMeters>56.4</AltitudeMeters><Extensions><TPX xmlns="http://www.garmin.com/xmlschemas/ActivityExtension/v2"><Speed>3.1</Speed></TPX></Extensions></Trackpoint><Trackpoint><Time>2026-03-31T17:15:00+00:00</Time><DistanceMeters>5806.3</DistanceMeters><Position><LatitudeDegrees>50.586115</LatitudeDegrees><LongitudeDegrees>3.081965</LongitudeDegrees></Position><AltitudeMeters>56.4</AltitudeMeters><Extensions><TPX xmlns="http://www.garmin.com/xmlschemas/ActivityExtension/v2"><Speed>2.98</Speed></TPX></Extensions></Trackpoint><Trackpoint><Time>2026-03-31T17:15:01+00:00</Time><DistanceMeters>5809.4</DistanceMeters><Position><LatitudeDegrees>50.586124</LatitudeDegrees><LongitudeDegrees>3.081989</LongitudeDegrees></Position><AltitudeMeters>56.4</AltitudeMeters><Extensions><TPX xmlns="http://www.garmin.com/xmlschemas/ActivityExtension/v2"><Speed>2.987</Speed></TPX></Extensions></Trackpoint><Trackpoint><Time>2026-03-31T17:15:02+00:00</Time><DistanceMeters>5812.6</DistanceMeters><Position><LatitudeDegrees>50.586137</LatitudeDegrees><LongitudeDegrees>3.082037</LongitudeDegrees></Position><AltitudeMeters>56.4</AltitudeMeters><Extensions><TPX xmlns="http://www.garmin.com/xmlschemas/ActivityExtension/v2"><Speed>2.833</Speed></TPX></Extensions></Trackpoint><Trackpoint><Time>2026-03-31T17:15:03+00:00</Time><DistanceMeters>5815.7</DistanceMeters><Position><LatitudeDegrees>50.58615</LatitudeDegrees><LongitudeDegrees>3.082086</LongitudeDegrees></Position><AltitudeMeters>56.4</AltitudeMeters><Extensions><TPX xmlns="http://www.garmin.com/xmlschemas/ActivityExtension/v2"><Speed>2.8</Speed></TPX></Extensions></Trackpoint><Trackpoint><Time>2026-03-31T17:15:04+00:00</Time><DistanceMeters>5821.9</DistanceMeters><Position><LatitudeDegrees>50.586181</LatitudeDegrees><LongitudeDegrees>3.082158</LongitudeDegrees></Position><AltitudeMeters>56.4</AltitudeMeters><Extensions><TPX xmlns="http://www.garmin.com/xmlschemas/ActivityExtension/v2"><Speed>3.58</Speed></TPX></Extensions></Trackpoint><Trackpoint><Time>2026-03-31T17:15:05+00:00</Time><DistanceMeters>5825.9</DistanceMeters><Position><LatitudeDegrees>50.586194</LatitudeDegrees><LongitudeDegrees>3.082211</LongitudeDegrees></Position><AltitudeMeters>56.4</AltitudeMeters><Extensions><TPX xmlns="http://www.garmin.com/xmlschemas/ActivityExtension/v2"><Speed>3.92</Speed></TPX></Extensions></Trackpoint><Trackpoint><Time>2026-03-31T17:15:06+00:00</Time><DistanceMeters>5829.0</DistanceMeters><Position><LatitudeDegrees>50.586215</LatitudeDegrees><LongitudeDegrees>3.08224</LongitudeDegrees></Position><AltitudeMeters>56.4</AltitudeMeters><Extensions><TPX xmlns="http://www.garmin.com/xmlschemas/ActivityExtension/v2"><Speed>3.913</Speed></TPX></Extensions></Trackpoint><Trackpoint><Time>2026-03-31T17:15:07+00:00</Time><DistanceMeters>5832.1</DistanceMeters><Position><LatitudeDegrees>50.586236</LatitudeDegrees><LongitudeDegrees>3.082269</LongitudeDegrees></Position><AltitudeMeters>56.4</AltitudeMeters><Extensions><TPX xmlns="http://www.garmin.com/xmlschemas/ActivityExtension/v2"><Speed>3.907</Speed></TPX></Extensions></Trackpoint><Trackpoint><Time>2026-03-31T17:15:08+00:00</Time><DistanceMeters>5832.1</DistanceMeters><Position><LatitudeDegrees>50.586242</LatitudeDegrees><LongitudeDegrees>3.082296</LongitudeDegrees></Position><AltitudeMeters>56.4</AltitudeMeters><Extensions><TPX xmlns="http://www.garmin.com/xmlschemas/ActivityExtension/v2"><Speed>3.28</Speed></TPX></Extensions></Trackpoint><Trackpoint><Time>2026-03-31T17:15:09+00:00</Time><DistanceMeters>5835.6</DistanceMeters><Position><LatitudeDegrees>50.586254</LatitudeDegrees><LongitudeDegrees>3.08231</LongitudeDegrees></Position><AltitudeMeters>56.4</AltitudeMeters><Extensions><TPX xmlns="http://www.garmin.com/xmlschemas/ActivityExtension/v2"><Speed>2.74</Speed></TPX></Extensions></Trackpoint><Trackpoint><Time>2026-03-31T17:15:10+00:00</Time><DistanceMeters>5835.6</DistanceMeters><Position><LatitudeDegrees>50.586264</LatitudeDegrees><LongitudeDegrees>3.082326</LongitudeDegrees></Position><AltitudeMeters>56.4</AltitudeMeters><Extensions><TPX xmlns="http://www.garmin.com/xmlschemas/ActivityExtension/v2"><Speed>1.94</Speed></TPX></Extensions></Trackpoint><Trackpoint><Time>2026-03-31T17:15:11+00:00</Time><DistanceMeters>5835.6</DistanceMeters><Position><LatitudeDegrees>50.586264</LatitudeDegrees><LongitudeDegrees>3.082326</LongitudeDegrees></Position><AltitudeMeters>56.4</AltitudeMeters><Extensions><TPX xmlns="http://www.garmin.com/xmlschemas/ActivityExtension/v2"><Speed>1.32</Speed></TPX></Extensions></Trackpoint></Track></Lap></Activity></Activities></TrainingCenterDatabase>