<?xml version="1.0" encoding="UTF-8"?><TrainingCenterDatabase xsi:schemaLocation="http://www.garmin.com/xmlschemas/TrainingCenterDatabase/v2 http://www.garmin.com/xmlschemas/TrainingCenterDatabasev2.xsd" xmlns:ns5="http://www.garmin.com/xmlschemas/ActivityGoals/v1" xmlns:ns3="http://www.garmin.com/xmlschemas/ActivityExtension/v2" xmlns:ns2="http://www.garmin.com/xmlschemas/UserProfile/v2" xmlns="http://www.garmin.com/xmlschemas/TrainingCenterDatabase/v2" xmlns:xsi="http://www.w3.org/2001/XMLSchema-instance"><Activities><Activity Sport="Biking"><Id>2026-03-11T16:40:03+00:00</Id><Lap StartTime="2026-03-11T16:40:03+00:00"><TotalTimeSeconds>2309</TotalTimeSeconds><DistanceMeters>3881.0</DistanceMeters><Track><Trackpoint><Time>2026-03-11T16:40:03+00:00</Time><Position><LatitudeDegrees>50.596816</LatitudeDegrees><LongitudeDegrees>3.057448</LongitudeDegrees></Position><AltitudeMeters>50.4</AltitudeMeters><Extensions><TPX xmlns="http://www.garmin.com/xmlschemas/ActivityExtension/v2"><Speed>0.0</Speed></TPX></Extensions></Trackpoint><Trackpoint><Time>2026-03-11T16:40:04+00:00</Time><DistanceMeters>3.4</DistanceMeters><Position><LatitudeDegrees>50.596844</LatitudeDegrees><LongitudeDegrees>3.057428</LongitudeDegrees></Position><AltitudeMeters>50.4</AltitudeMeters><Extensions><TPX xmlns="http://www.garmin.com/xmlschemas/ActivityExtension/v2"><Speed>0.0</Speed></TPX></Extensions></Trackpoint><Trackpoint><Time>2026-03-11T16:40:05+00:00</Time><DistanceMeters>6.8</DistanceMeters><Position><LatitudeDegrees>50.596872</LatitudeDegrees><LongitudeDegrees>3.057409</LongitudeDegrees></Position><AltitudeMeters>50.4</AltitudeMeters><Extensions><TPX xmlns="http://www.garmin.com/xmlschemas/ActivityExtension/v2"><Speed>3.4</Speed></TPX></Extensions></Trackpoint><Trackpoint><Time>2026-03-11T16:40:06+00:00</Time><DistanceMeters>10.2</DistanceMeters><Position><LatitudeDegrees>50.596899</LatitudeDegrees><LongitudeDegrees>3.057389</LongitudeDegrees></Position><AltitudeMeters>50.4</AltitudeMeters><Extensions><TPX xmlns="http://www.garmin.com/xmlschemas/ActivityExtension/v2"><Speed>3.4</Speed></TPX></Extensions></Trackpoint><Trackpoint><Time>2026-03-11T16:40:07+00:00</Time><DistanceMeters>13.6</DistanceMeters><Position><LatitudeDegrees>50.596927</LatitudeDegrees><LongitudeDegrees>3.057369</LongitudeDegrees></Position><AltitudeMeters>50.4</AltitudeMeters><Extensions><TPX xmlns="http://www.garmin.com/xmlschemas/ActivityExtension/v2"><Speed>3.4</Speed></TPX></Extensions></Trackpoint><Trackpoint><Time>2026-03-11T16:40:08+00:00</Time><DistanceMeters>16.1</DistanceMeters><Position><LatitudeDegrees>50.59696</LatitudeDegrees><LongitudeDegrees>3.057378</LongitudeDegrees></Position><AltitudeMeters>50.4</AltitudeMeters><Extensions><TPX xmlns="http://www.garmin.com/xmlschemas/ActivityExtension/v2"><Speed>3.22</Speed></TPX></Extensions></Trackpoint><Trackpoint><Time>2026-03-11T16:40:09+00:00</Time><DistanceMeters>18.6</DistanceMeters><Position><LatitudeDegrees>50.596971</LatitudeDegrees><LongitudeDegrees>3.057385</LongitudeDegrees></Position><AltitudeMeters>50.4</AltitudeMeters><Extensions><TPX xmlns="http://www.garmin.com/xmlschemas/ActivityExtension/v2"><Speed>3.04</Speed></TPX></Extensions></Trackpoint><Trackpoint><Time>2026-03-11T16:40:10+00:00</Time><DistanceMeters>21.2</DistanceMeters><Position><LatitudeDegrees>50.596996</LatitudeDegrees><LongitudeDegrees>3.057417</LongitudeDegrees></Position><AltitudeMeters>50.4</AltitudeMeters><Extensions><TPX xmlns="http://www.garmin.com/xmlschemas/ActivityExtension/v2"><Speed>2.87</Speed></TPX></Extensions></Trackpoint><Trackpoint><Time>2026-03-11T16:40:11+00:00</Time><DistanceMeters>23.7</DistanceMeters><Position><LatitudeDegrees>50.597008</LatitudeDegrees><LongitudeDegrees>3.057427</LongitudeDegrees></Position><AltitudeMeters>50.4</AltitudeMeters><Extensions><TPX xmlns="http://www.garmin.com/xmlschemas/ActivityExtension/v2"><Speed>2.7</Speed></TPX></Extensions></Trackpoint><Trackpoint><Time>2026-03-11T16:40:12+00:00</Time><DistanceMeters>26.8</DistanceMeters><Position><LatitudeDegrees>50.597035</LatitudeDegrees><LongitudeDegrees>3.057439</LongitudeDegrees></Position><AltitudeMeters>50.4</AltitudeMeters><Extensions><TPX xmlns="http://www.garmin.com/xmlschemas/ActivityExtension/v2"><Speed>2.64</Speed></TPX></Extensions></Trackpoint><Trackpoint><Time>2026-03-11T16:40:13+00:00</Time><DistanceMeters>29.7</DistanceMeters><Position><LatitudeDegrees>50.597073</LatitudeDegrees><LongitudeDegrees>3.057442</LongitudeDegrees></Position><AltitudeMeters>50.4</AltitudeMeters><Extensions><TPX xmlns="http://www.garmin.com/xmlschemas/ActivityExtension/v2"><Speed>2.71</Speed></TPX></Extensions></Trackpoint><Trackpoint><Time>2026-03-11T16:40:14+00:00</Time><DistanceMeters>32.5</DistanceMeters><Position><LatitudeDegrees>50.597086</LatitudeDegrees><LongitudeDegrees>3.057447</LongitudeDegrees></Position><AltitudeMeters>50.4</AltitudeMeters><Extensions><TPX xmlns="http://www.garmin.com/xmlschemas/ActivityExtension/v2"><Speed>2.78</Speed></TPX></Extensions></Trackpoint><Trackpoint><Time>2026-03-11T16:40:15+00:00</Time><DistanceMeters>35.3</DistanceMeters><Position><LatitudeDegrees>50.597122</LatitudeDegrees><LongitudeDegrees>3.057446</LongitudeDegrees></Position><AltitudeMeters>50.4</AltitudeMeters><Extensions><TPX xmlns="http://www.garmin.com/xmlschemas/ActivityExtension/v2"><Speed>2.82</Speed></TPX></Extensions></Trackpoint><Trackpoint><Time>2026-03-11T16:40:16+00:00</Time><DistanceMeters>38.0</DistanceMeters><Position><LatitudeDegrees>50.597135</LatitudeDegrees><LongitudeDegrees>3.057444</LongitudeDegrees></Position><AltitudeMeters>50.4</AltitudeMeters><Extensions><TPX xmlns="http://www.garmin.com/xmlschemas/ActivityExtension/v2"><Speed>2.86</Speed></TPX></Extensions></Trackpoint><Trackpoint><Time>2026-03-11T16:40:17+00:00</Time><DistanceMeters>40.7</DistanceMeters><Position><LatitudeDegrees>50.597171</LatitudeDegrees><LongitudeDegrees>3.057439</LongitudeDegrees></Position><AltitudeMeters>50.4</AltitudeMeters><Extensions><TPX xmlns="http://www.garmin.com/xmlschemas/ActivityExtension/v2"><Speed>2.77</Speed></TPX></Extensions></Trackpoint><Trackpoint><Time>2026-03-11T16:40:18+00:00</Time><DistanceMeters>43.3</DistanceMeters><Position><LatitudeDegrees>50.597182</LatitudeDegrees><LongitudeDegrees>3.057437</LongitudeDegrees></Position><AltitudeMeters>50.4</AltitudeMeters><Extensions><TPX xmlns="http://www.garmin.com/xmlschemas/ActivityExtension/v2"><Speed>2.73</Speed></TPX></Extensions></Trackpoint><Trackpoint><Time>2026-03-11T16:40:19+00:00</Time><DistanceMeters>45.8</DistanceMeters><Position><LatitudeDegrees>50.597217</LatitudeDegrees><LongitudeDegrees>3.05743</LongitudeDegrees></Position><AltitudeMeters>50.4</AltitudeMeters><Extensions><TPX xmlns="http://www.garmin.com/xmlschemas/ActivityExtension/v2"><Speed>2.66</Speed></TPX></Extensions></Trackpoint><Trackpoint><Time>2026-03-11T16:40:20+00:00</Time><DistanceMeters>48.3</DistanceMeters><Position><LatitudeDegrees>50.597227</LatitudeDegrees><LongitudeDegrees>3.057428</LongitudeDegrees></Position><AltitudeMeters>50.4</AltitudeMeters><Extensions><TPX xmlns="http://www.garmin.com/xmlschemas/ActivityExtension/v2"><Speed>2.61</Speed></TPX></Extensions></Trackpoint><Trackpoint><Time>2026-03-11T16:40:21+00:00</Time><DistanceMeters>50.7</DistanceMeters><Position><LatitudeDegrees>50.597259</LatitudeDegrees><LongitudeDegrees>3.057429</LongitudeDegrees></Position><AltitudeMeters>50.4</AltitudeMeters><Extensions><TPX xmlns="http://www.garmin.com/xmlschemas/ActivityExtension/v2"><Speed>2.53</Speed></TPX></Extensions></Trackpoint><Trackpoint><Time>2026-03-11T16:40:22+00:00</Time><DistanceMeters>53.0</DistanceMeters><Position><LatitudeDegrees>50.59727</LatitudeDegrees><LongitudeDegrees>3.057431</LongitudeDegrees></Position><AltitudeMeters>50.4</AltitudeMeters><Extensions><TPX xmlns="http://www.garmin.com/xmlschemas/ActivityExtension/v2"><Speed>2.47</Speed></TPX></Extensions></Trackpoint><Trackpoint><Time>2026-03-11T16:40:23+00:00</Time><DistanceMeters>56.1</DistanceMeters><Position><LatitudeDegrees>50.597309</LatitudeDegrees><LongitudeDegrees>3.057446</LongitudeDegrees></Position><AltitudeMeters>50.3</AltitudeMeters><Extensions><TPX xmlns="http://www.garmin.com/xmlschemas/ActivityExtension/v2"><Speed>2.55</Speed></TPX></Extensions></Trackpoint><Trackpoint><Time>2026-03-11T16:40:24+00:00</Time><DistanceMeters>59.1</DistanceMeters><Position><LatitudeDegrees>50.597322</LatitudeDegrees><LongitudeDegrees>3.057455</LongitudeDegrees></Position><AltitudeMeters>50.3</AltitudeMeters><Extensions><TPX xmlns="http://www.garmin.com/xmlschemas/ActivityExtension/v2"><Speed>2.66</Speed></TPX></Extensions></Trackpoint><Trackpoint><Time>2026-03-11T16:40:25+00:00</Time><DistanceMeters>61.7</DistanceMeters><Position><LatitudeDegrees>50.597354</LatitudeDegrees><LongitudeDegrees>3.057476</LongitudeDegrees></Position><AltitudeMeters>50.3</AltitudeMeters><Extensions><TPX xmlns="http://www.garmin.com/xmlschemas/ActivityExtension/v2"><Speed>2.68</Speed></TPX></Extensions></Trackpoint><Trackpoint><Time>2026-03-11T16:40:26+00:00</Time><DistanceMeters>64.3</DistanceMeters><Position><LatitudeDegrees>50.597365</LatitudeDegrees><LongitudeDegrees>3.057484</LongitudeDegrees></Position><AltitudeMeters>50.3</AltitudeMeters><Extensions><TPX xmlns="http://www.garmin.com/xmlschemas/ActivityExtension/v2"><Speed>2.73</Speed></TPX></Extensions></Trackpoint><Trackpoint><Time>2026-03-11T16:40:27+00:00</Time><DistanceMeters>66.8</DistanceMeters><Position><LatitudeDegrees>50.597398</LatitudeDegrees><LongitudeDegrees>3.057497</LongitudeDegrees></Position><AltitudeMeters>50.2</AltitudeMeters><Extensions><TPX xmlns="http://www.garmin.com/xmlschemas/ActivityExtension/v2"><Speed>2.76</Speed></TPX></Extensions></Trackpoint><Trackpoint><Time>2026-03-11T16:40:28+00:00</Time><DistanceMeters>69.3</DistanceMeters><Position><LatitudeDegrees>50.597409</LatitudeDegrees><LongitudeDegrees>3.057501</LongitudeDegrees></Position><AltitudeMeters>50.2</AltitudeMeters><Extensions><TPX xmlns="http://www.garmin.com/xmlschemas/ActivityExtension/v2"><Speed>2.65</Speed></TPX></Extensions></Trackpoint><Trackpoint><Time>2026-03-11T16:40:29+00:00</Time><DistanceMeters>71.8</DistanceMeters><Position><LatitudeDegrees>50.597441</LatitudeDegrees><LongitudeDegrees>3.057506</LongitudeDegrees></Position><AltitudeMeters>50.2</AltitudeMeters><Extensions><TPX xmlns="http://www.garmin.com/xmlschemas/ActivityExtension/v2"><Speed>2.53</Speed></TPX></Extensions></Trackpoint><Trackpoint><Time>2026-03-11T16:40:30+00:00</Time><DistanceMeters>74.2</DistanceMeters><Position><LatitudeDegrees>50.597452</LatitudeDegrees><LongitudeDegrees>3.057508</LongitudeDegrees></Position><AltitudeMeters>50.2</AltitudeMeters><Extensions><TPX xmlns="http://www.garmin.com/xmlschemas/ActivityExtension/v2"><Speed>2.5</Speed></TPX></Extensions></Trackpoint><Trackpoint><Time>2026-03-11T16:40:31+00:00</Time><DistanceMeters>76.9</DistanceMeters><Position><LatitudeDegrees>50.597488</LatitudeDegrees><LongitudeDegrees>3.057494</LongitudeDegrees></Position><AltitudeMeters>50.1</AltitudeMeters><Extensions><TPX xmlns="http://www.garmin.com/xmlschemas/ActivityExtension/v2"><Speed>2.51</Speed></TPX></Extensions></Trackpoint><Trackpoint><Time>2026-03-11T16:40:32+00:00</Time><DistanceMeters>79.5</DistanceMeters><Position><LatitudeDegrees>50.597498</LatitudeDegrees><LongitudeDegrees>3.057487</LongitudeDegrees></Position><AltitudeMeters>50.1</AltitudeMeters><Extensions><TPX xmlns="http://www.garmin.com/xmlschemas/ActivityExtension/v2"><Speed>2.54</Speed></TPX></Extensions></Trackpoint><Trackpoint><Time>2026-03-11T16:40:33+00:00</Time><DistanceMeters>82.5</DistanceMeters><Position><LatitudeDegrees>50.597522</LatitudeDegrees><LongitudeDegrees>3.057468</LongitudeDegrees></Position><AltitudeMeters>50.1</AltitudeMeters><Extensions><TPX xmlns="http://www.garmin.com/xmlschemas/ActivityExtension/v2"><Speed>2.64</Speed></TPX></Extensions></Trackpoint><Trackpoint><Time>2026-03-11T16:40:34+00:00</Time><DistanceMeters>85.5</DistanceMeters><Position><LatitudeDegrees>50.597545</LatitudeDegrees><LongitudeDegrees>3.057446</LongitudeDegrees></Position><AltitudeMeters>50.1</AltitudeMeters><Extensions><TPX xmlns="http://www.garmin.com/xmlschemas/ActivityExtension/v2"><Speed>2.75</Speed></TPX></Extensions></Trackpoint><Trackpoint><Time>2026-03-11T16:40:35+00:00</Time><DistanceMeters>88.4</DistanceMeters><Position><LatitudeDegrees>50.59758</LatitudeDegrees><LongitudeDegrees>3.057419</LongitudeDegrees></Position><AltitudeMeters>50.0</AltitudeMeters><Extensions><TPX xmlns="http://www.garmin.com/xmlschemas/ActivityExtension/v2"><Speed>2.83</Speed></TPX></Extensions></Trackpoint><Trackpoint><Time>2026-03-11T16:40:36+00:00</Time><DistanceMeters>91.2</DistanceMeters><Position><LatitudeDegrees>50.597591</LatitudeDegrees><LongitudeDegrees>3.05741</LongitudeDegrees></Position><AltitudeMeters>50.0</AltitudeMeters><Extensions><TPX xmlns="http://www.garmin.com/xmlschemas/ActivityExtension/v2"><Speed>2.87</Speed></TPX></Extensions></Trackpoint><Trackpoint><Time>2026-03-11T16:40:37+00:00</Time><DistanceMeters>91.2</DistanceMeters><Position><LatitudeDegrees>50.597593</LatitudeDegrees><LongitudeDegrees>3.057417</LongitudeDegrees></Position><AltitudeMeters>50.0</AltitudeMeters><Extensions><TPX xmlns="http://www.garmin.com/xmlschemas/ActivityExtension/v2"><Speed>2.34</Speed></TPX></Extensions></Trackpoint><Trackpoint><Time>2026-03-11T16:40:38+00:00</Time><DistanceMeters>94.5</DistanceMeters><Position><LatitudeDegrees>50.597611</LatitudeDegrees><LongitudeDegrees>3.057444</LongitudeDegrees></Position><AltitudeMeters>50.0</AltitudeMeters><Extensions><TPX xmlns="http://www.garmin.com/xmlschemas/ActivityExtension/v2"><Speed>2.4</Speed></TPX></Extensions></Trackpoint><Trackpoint><Time>2026-03-11T16:40:39+00:00</Time><DistanceMeters>97.4</DistanceMeters><Position><LatitudeDegrees>50.597615</LatitudeDegrees><LongitudeDegrees>3.057506</LongitudeDegrees></Position><AltitudeMeters>49.9</AltitudeMeters><Extensions><TPX xmlns="http://www.garmin.com/xmlschemas/ActivityExtension/v2"><Speed>2.38</Speed></TPX></Extensions></Trackpoint><Trackpoint><Time>2026-03-11T16:40:40+00:00</Time><DistanceMeters>100.3</DistanceMeters><Position><LatitudeDegrees>50.597616</LatitudeDegrees><LongitudeDegrees>3.057527</LongitudeDegrees></Position><AltitudeMeters>49.9</AltitudeMeters><Extensions><TPX xmlns="http://www.garmin.com/xmlschemas/ActivityExtension/v2"><Speed>2.39</Speed></TPX></Extensions></Trackpoint><Trackpoint><Time>2026-03-11T16:40:41+00:00</Time><DistanceMeters>102.6</DistanceMeters><Position><LatitudeDegrees>50.597626</LatitudeDegrees><LongitudeDegrees>3.057575</LongitudeDegrees></Position><AltitudeMeters>49.8</AltitudeMeters><Extensions><TPX xmlns="http://www.garmin.com/xmlschemas/ActivityExtension/v2"><Speed>2.27</Speed></TPX></Extensions></Trackpoint><Trackpoint><Time>2026-03-11T16:40:42+00:00</Time><DistanceMeters>104.8</DistanceMeters><Position><LatitudeDegrees>50.597626</LatitudeDegrees><LongitudeDegrees>3.057588</LongitudeDegrees></Position><AltitudeMeters>49.8</AltitudeMeters><Extensions><TPX xmlns="http://www.garmin.com/xmlschemas/ActivityExtension/v2"><Speed>2.72</Speed></TPX></Extensions></Trackpoint><Trackpoint><Time>2026-03-11T16:40:43+00:00</Time><DistanceMeters>104.8</DistanceMeters><Position><LatitudeDegrees>50.597625</LatitudeDegrees><LongitudeDegrees>3.057622</LongitudeDegrees></Position><AltitudeMeters>49.8</AltitudeMeters><Extensions><TPX xmlns="http://www.garmin.com/xmlschemas/ActivityExtension/v2"><Speed>2.06</Speed></TPX></Extensions></Trackpoint><Trackpoint><Time>2026-03-11T16:40:44+00:00</Time><DistanceMeters>108.0</DistanceMeters><Position><LatitudeDegrees>50.597627</LatitudeDegrees><LongitudeDegrees>3.057632</LongitudeDegrees></Position><AltitudeMeters>49.7</AltitudeMeters><Extensions><TPX xmlns="http://www.garmin.com/xmlschemas/ActivityExtension/v2"><Speed>2.12</Speed></TPX></Extensions></Trackpoint><Trackpoint><Time>2026-03-11T16:40:45+00:00</Time><DistanceMeters>108.0</DistanceMeters><Position><LatitudeDegrees>50.597639</LatitudeDegrees><LongitudeDegrees>3.057643</LongitudeDegrees></Position><AltitudeMeters>49.7</AltitudeMeters><Extensions><TPX xmlns="http://www.garmin.com/xmlschemas/ActivityExtension/v2"><Speed>1.54</Speed></TPX></Extensions></Trackpoint><Trackpoint><Time>2026-03-11T16:40:46+00:00</Time><DistanceMeters>112.0</DistanceMeters><Position><LatitudeDegrees>50.597654</LatitudeDegrees><LongitudeDegrees>3.057669</LongitudeDegrees></Position><AltitudeMeters>49.7</AltitudeMeters><Extensions><TPX xmlns="http://www.garmin.com/xmlschemas/ActivityExtension/v2"><Speed>1.89</Speed></TPX></Extensions></Trackpoint><Trackpoint><Time>2026-03-11T16:40:47+00:00</Time><DistanceMeters>113.7</DistanceMeters><Position><LatitudeDegrees>50.597666</LatitudeDegrees><LongitudeDegrees>3.057692</LongitudeDegrees></Position><AltitudeMeters>49.6</AltitudeMeters><Extensions><TPX xmlns="http://www.garmin.com/xmlschemas/ActivityExtension/v2"><Speed>1.787</Speed></TPX></Extensions></Trackpoint><Trackpoint><Time>2026-03-11T16:40:48+00:00</Time><DistanceMeters>115.5</DistanceMeters><Position><LatitudeDegrees>50.597673</LatitudeDegrees><LongitudeDegrees>3.057712</LongitudeDegrees></Position><AltitudeMeters>49.6</AltitudeMeters><Extensions><TPX xmlns="http://www.garmin.com/xmlschemas/ActivityExtension/v2"><Speed>2.133</Speed></TPX></Extensions></Trackpoint><Trackpoint><Time>2026-03-11T16:40:49+00:00</Time><DistanceMeters>117.2</DistanceMeters><Position><LatitudeDegrees>50.59768</LatitudeDegrees><LongitudeDegrees>3.057731</LongitudeDegrees></Position><AltitudeMeters>49.6</AltitudeMeters><Extensions><TPX xmlns="http://www.garmin.com/xmlschemas/ActivityExtension/v2"><Speed>1.84</Speed></TPX></Extensions></Trackpoint><Trackpoint><Time>2026-03-11T16:40:50+00:00</Time><DistanceMeters>120.5</DistanceMeters><Position><LatitudeDegrees>50.597693</LatitudeDegrees><LongitudeDegrees>3.057773</LongitudeDegrees></Position><AltitudeMeters>49.5</AltitudeMeters><Extensions><TPX xmlns="http://www.garmin.com/xmlschemas/ActivityExtension/v2"><Speed>2.5</Speed></TPX></Extensions></Trackpoint><Trackpoint><Time>2026-03-11T16:40:51+00:00</Time><DistanceMeters>120.5</DistanceMeters><Position><LatitudeDegrees>50.597706</LatitudeDegrees><LongitudeDegrees>3.057787</LongitudeDegrees></Position><AltitudeMeters>49.5</AltitudeMeters><Extensions><TPX xmlns="http://www.garmin.com/xmlschemas/ActivityExtension/v2"><Speed>1.7</Speed></TPX></Extensions></Trackpoint><Trackpoint><Time>2026-03-11T16:40:52+00:00</Time><DistanceMeters>124.0</DistanceMeters><Position><LatitudeDegrees>50.597719</LatitudeDegrees><LongitudeDegrees>3.057801</LongitudeDegrees></Position><AltitudeMeters>49.5</AltitudeMeters><Extensions><TPX xmlns="http://www.garmin.com/xmlschemas/ActivityExtension/v2"><Speed>2.053</Speed></TPX></Extensions></Trackpoint><Trackpoint><Time>2026-03-11T16:40:53+00:00</Time><DistanceMeters>126.4</DistanceMeters><Position><LatitudeDegrees>50.597731</LatitudeDegrees><LongitudeDegrees>3.057847</LongitudeDegrees></Position><AltitudeMeters>49.4</AltitudeMeters><Extensions><TPX xmlns="http://www.garmin.com/xmlschemas/ActivityExtension/v2"><Speed>2.187</Speed></TPX></Extensions></Trackpoint><Trackpoint><Time>2026-03-11T16:40:54+00:00</Time><DistanceMeters>128.8</DistanceMeters><Position><LatitudeDegrees>50.59773</LatitudeDegrees><LongitudeDegrees>3.057866</LongitudeDegrees></Position><AltitudeMeters>49.4</AltitudeMeters><Extensions><TPX xmlns="http://www.garmin.com/xmlschemas/ActivityExtension/v2"><Speed>2.32</Speed></TPX></Extensions></Trackpoint><Trackpoint><Time>2026-03-11T16:40:55+00:00</Time><DistanceMeters>128.8</DistanceMeters><Position><LatitudeDegrees>50.597732</LatitudeDegrees><LongitudeDegrees>3.057883</LongitudeDegrees></Position><AltitudeMeters>49.4</AltitudeMeters><Extensions><TPX xmlns="http://www.garmin.com/xmlschemas/ActivityExtension/v2"><Speed>1.66</Speed></TPX></Extensions></Trackpoint><Trackpoint><Time>2026-03-11T16:40:56+00:00</Time><DistanceMeters>132.1</DistanceMeters><Position><LatitudeDegrees>50.597743</LatitudeDegrees><LongitudeDegrees>3.057909</LongitudeDegrees></Position><AltitudeMeters>49.3</AltitudeMeters><Extensions><TPX xmlns="http://www.garmin.com/xmlschemas/ActivityExtension/v2"><Speed>2.32</Speed></TPX></Extensions></Trackpoint><Trackpoint><Time>2026-03-11T16:40:57+00:00</Time><DistanceMeters>133.7</DistanceMeters><Position><LatitudeDegrees>50.597761</LatitudeDegrees><LongitudeDegrees>3.057939</LongitudeDegrees></Position><AltitudeMeters>49.2</AltitudeMeters><Extensions><TPX xmlns="http://www.garmin.com/xmlschemas/ActivityExtension/v2"><Speed>1.935</Speed></TPX></Extensions></Trackpoint><Trackpoint><Time>2026-03-11T16:40:58+00:00</Time><DistanceMeters>135.3</DistanceMeters><Position><LatitudeDegrees>50.597767</LatitudeDegrees><LongitudeDegrees>3.057952</LongitudeDegrees></Position><AltitudeMeters>49.2</AltitudeMeters><Extensions><TPX xmlns="http://www.garmin.com/xmlschemas/ActivityExtension/v2"><Speed>1.77</Speed></TPX></Extensions></Trackpoint><Trackpoint><Time>2026-03-11T16:40:59+00:00</Time><DistanceMeters>136.8</DistanceMeters><Position><LatitudeDegrees>50.597772</LatitudeDegrees><LongitudeDegrees>3.057966</LongitudeDegrees></Position><AltitudeMeters>49.2</AltitudeMeters><Extensions><TPX xmlns="http://www.garmin.com/xmlschemas/ActivityExtension/v2"><Speed>1.605</Speed></TPX></Extensions></Trackpoint><Trackpoint><Time>2026-03-11T16:41:00+00:00</Time><DistanceMeters>138.4</DistanceMeters><Position><LatitudeDegrees>50.597778</LatitudeDegrees><LongitudeDegrees>3.057979</LongitudeDegrees></Position><AltitudeMeters>49.2</AltitudeMeters><Extensions><TPX xmlns="http://www.garmin.com/xmlschemas/ActivityExtension/v2"><Speed>1.92</Speed></TPX></Extensions></Trackpoint><Trackpoint><Time>2026-03-11T16:41:01+00:00</Time><DistanceMeters>142.4</DistanceMeters><Position><LatitudeDegrees>50.59779</LatitudeDegrees><LongitudeDegrees>3.058031</LongitudeDegrees></Position><AltitudeMeters>49.1</AltitudeMeters><Extensions><TPX xmlns="http://www.garmin.com/xmlschemas/ActivityExtension/v2"><Speed>2.06</Speed></TPX></Extensions></Trackpoint><Trackpoint><Time>2026-03-11T16:41:02+00:00</Time><DistanceMeters>144.8</DistanceMeters><Position><LatitudeDegrees>50.597805</LatitudeDegrees><LongitudeDegrees>3.058075</LongitudeDegrees></Position><AltitudeMeters>49.0</AltitudeMeters><Extensions><TPX xmlns="http://www.garmin.com/xmlschemas/ActivityExtension/v2"><Speed>2.225</Speed></TPX></Extensions></Trackpoint><Trackpoint><Time>2026-03-11T16:41:03+00:00</Time><DistanceMeters>147.2</DistanceMeters><Position><LatitudeDegrees>50.59781</LatitudeDegrees><LongitudeDegrees>3.058091</LongitudeDegrees></Position><AltitudeMeters>49.0</AltitudeMeters><Extensions><TPX xmlns="http://www.garmin.com/xmlschemas/ActivityExtension/v2"><Speed>2.39</Speed></TPX></Extensions></Trackpoint><Trackpoint><Time>2026-03-11T16:41:04+00:00</Time><DistanceMeters>149.7</DistanceMeters><Position><LatitudeDegrees>50.597826</LatitudeDegrees><LongitudeDegrees>3.058137</LongitudeDegrees></Position><AltitudeMeters>48.9</AltitudeMeters><Extensions><TPX xmlns="http://www.garmin.com/xmlschemas/ActivityExtension/v2"><Speed>2.575</Speed></TPX></Extensions></Trackpoint><Trackpoint><Time>2026-03-11T16:41:05+00:00</Time><DistanceMeters>152.2</DistanceMeters><Position><LatitudeDegrees>50.597832</LatitudeDegrees><LongitudeDegrees>3.058153</LongitudeDegrees></Position><AltitudeMeters>48.8</AltitudeMeters><Extensions><TPX xmlns="http://www.garmin.com/xmlschemas/ActivityExtension/v2"><Speed>2.76</Speed></TPX></Extensions></Trackpoint><Trackpoint><Time>2026-03-11T16:41:06+00:00</Time><DistanceMeters>155.3</DistanceMeters><Position><LatitudeDegrees>50.597847</LatitudeDegrees><LongitudeDegrees>3.05819</LongitudeDegrees></Position><AltitudeMeters>48.8</AltitudeMeters><Extensions><TPX xmlns="http://www.garmin.com/xmlschemas/ActivityExtension/v2"><Speed>2.58</Speed></TPX></Extensions></Trackpoint><Trackpoint><Time>2026-03-11T16:41:07+00:00</Time><DistanceMeters>158.3</DistanceMeters><Position><LatitudeDegrees>50.597867</LatitudeDegrees><LongitudeDegrees>3.058218</LongitudeDegrees></Position><AltitudeMeters>48.7</AltitudeMeters><Extensions><TPX xmlns="http://www.garmin.com/xmlschemas/ActivityExtension/v2"><Speed>2.7</Speed></TPX></Extensions></Trackpoint><Trackpoint><Time>2026-03-11T16:41:08+00:00</Time><DistanceMeters>161.4</DistanceMeters><Position><LatitudeDegrees>50.597886</LatitudeDegrees><LongitudeDegrees>3.058251</LongitudeDegrees></Position><AltitudeMeters>48.6</AltitudeMeters><Extensions><TPX xmlns="http://www.garmin.com/xmlschemas/ActivityExtension/v2"><Speed>2.84</Speed></TPX></Extensions></Trackpoint><Trackpoint><Time>2026-03-11T16:41:09+00:00</Time><DistanceMeters>163.6</DistanceMeters><Position><LatitudeDegrees>50.597891</LatitudeDegrees><LongitudeDegrees>3.058299</LongitudeDegrees></Position><AltitudeMeters>48.5</AltitudeMeters><Extensions><TPX xmlns="http://www.garmin.com/xmlschemas/ActivityExtension/v2"><Speed>2.78</Speed></TPX></Extensions></Trackpoint><Trackpoint><Time>2026-03-11T16:41:10+00:00</Time><DistanceMeters>165.8</DistanceMeters><Position><LatitudeDegrees>50.597898</LatitudeDegrees><LongitudeDegrees>3.058311</LongitudeDegrees></Position><AltitudeMeters>48.5</AltitudeMeters><Extensions><TPX xmlns="http://www.garmin.com/xmlschemas/ActivityExtension/v2"><Speed>2.72</Speed></TPX></Extensions></Trackpoint><Trackpoint><Time>2026-03-11T16:41:11+00:00</Time><DistanceMeters>168.4</DistanceMeters><Position><LatitudeDegrees>50.597918</LatitudeDegrees><LongitudeDegrees>3.058356</LongitudeDegrees></Position><AltitudeMeters>48.4</AltitudeMeters><Extensions><TPX xmlns="http://www.garmin.com/xmlschemas/ActivityExtension/v2"><Speed>2.61</Speed></TPX></Extensions></Trackpoint><Trackpoint><Time>2026-03-11T16:41:12+00:00</Time><DistanceMeters>170.9</DistanceMeters><Position><LatitudeDegrees>50.597925</LatitudeDegrees><LongitudeDegrees>3.058368</LongitudeDegrees></Position><AltitudeMeters>48.4</AltitudeMeters><Extensions><TPX xmlns="http://www.garmin.com/xmlschemas/ActivityExtension/v2"><Speed>2.52</Speed></TPX></Extensions></Trackpoint><Trackpoint><Time>2026-03-11T16:41:13+00:00</Time><DistanceMeters>173.5</DistanceMeters><Position><LatitudeDegrees>50.597949</LatitudeDegrees><LongitudeDegrees>3.058403</LongitudeDegrees></Position><AltitudeMeters>48.3</AltitudeMeters><Extensions><TPX xmlns="http://www.garmin.com/xmlschemas/ActivityExtension/v2"><Speed>2.41</Speed></TPX></Extensions></Trackpoint><Trackpoint><Time>2026-03-11T16:41:14+00:00</Time><DistanceMeters>176.0</DistanceMeters><Position><LatitudeDegrees>50.597962</LatitudeDegrees><LongitudeDegrees>3.058411</LongitudeDegrees></Position><AltitudeMeters>48.3</AltitudeMeters><Extensions><TPX xmlns="http://www.garmin.com/xmlschemas/ActivityExtension/v2"><Speed>2.48</Speed></TPX></Extensions></Trackpoint><Trackpoint><Time>2026-03-11T16:41:15+00:00</Time><DistanceMeters>179.5</DistanceMeters><Position><LatitudeDegrees>50.597969</LatitudeDegrees><LongitudeDegrees>3.058459</LongitudeDegrees></Position><AltitudeMeters>48.2</AltitudeMeters><Extensions><TPX xmlns="http://www.garmin.com/xmlschemas/ActivityExtension/v2"><Speed>2.74</Speed></TPX></Extensions></Trackpoint><Trackpoint><Time>2026-03-11T16:41:16+00:00</Time><DistanceMeters>182.2</DistanceMeters><Position><LatitudeDegrees>50.597975</LatitudeDegrees><LongitudeDegrees>3.058517</LongitudeDegrees></Position><AltitudeMeters>48.1</AltitudeMeters><Extensions><TPX xmlns="http://www.garmin.com/xmlschemas/ActivityExtension/v2"><Speed>2.77</Speed></TPX></Extensions></Trackpoint><Trackpoint><Time>2026-03-11T16:41:17+00:00</Time><DistanceMeters>184.9</DistanceMeters><Position><LatitudeDegrees>50.597978</LatitudeDegrees><LongitudeDegrees>3.058534</LongitudeDegrees></Position><AltitudeMeters>48.0</AltitudeMeters><Extensions><TPX xmlns="http://www.garmin.com/xmlschemas/ActivityExtension/v2"><Speed>2.8</Speed></TPX></Extensions></Trackpoint><Trackpoint><Time>2026-03-11T16:41:18+00:00</Time><DistanceMeters>188.1</DistanceMeters><Position><LatitudeDegrees>50.597982</LatitudeDegrees><LongitudeDegrees>3.058579</LongitudeDegrees></Position><AltitudeMeters>48.0</AltitudeMeters><Extensions><TPX xmlns="http://www.garmin.com/xmlschemas/ActivityExtension/v2"><Speed>2.93</Speed></TPX></Extensions></Trackpoint><Trackpoint><Time>2026-03-11T16:41:19+00:00</Time><DistanceMeters>190.7</DistanceMeters><Position><LatitudeDegrees>50.598</LatitudeDegrees><LongitudeDegrees>3.058622</LongitudeDegrees></Position><AltitudeMeters>47.9</AltitudeMeters><Extensions><TPX xmlns="http://www.garmin.com/xmlschemas/ActivityExtension/v2"><Speed>2.94</Speed></TPX></Extensions></Trackpoint><Trackpoint><Time>2026-03-11T16:41:20+00:00</Time><DistanceMeters>193.3</DistanceMeters><Position><LatitudeDegrees>50.598008</LatitudeDegrees><LongitudeDegrees>3.058638</LongitudeDegrees></Position><AltitudeMeters>47.8</AltitudeMeters><Extensions><TPX xmlns="http://www.garmin.com/xmlschemas/ActivityExtension/v2"><Speed>2.76</Speed></TPX></Extensions></Trackpoint><Trackpoint><Time>2026-03-11T16:41:21+00:00</Time><DistanceMeters>196.9</DistanceMeters><Position><LatitudeDegrees>50.598027</LatitudeDegrees><LongitudeDegrees>3.058681</LongitudeDegrees></Position><AltitudeMeters>47.7</AltitudeMeters><Extensions><TPX xmlns="http://www.garmin.com/xmlschemas/ActivityExtension/v2"><Speed>2.94</Speed></TPX></Extensions></Trackpoint><Trackpoint><Time>2026-03-11T16:41:22+00:00</Time><DistanceMeters>199.9</DistanceMeters><Position><LatitudeDegrees>50.59804</LatitudeDegrees><LongitudeDegrees>3.058738</LongitudeDegrees></Position><AltitudeMeters>47.6</AltitudeMeters><Extensions><TPX xmlns="http://www.garmin.com/xmlschemas/ActivityExtension/v2"><Speed>2.99</Speed></TPX></Extensions></Trackpoint><Trackpoint><Time>2026-03-11T16:41:23+00:00</Time><DistanceMeters>202.8</DistanceMeters><Position><LatitudeDegrees>50.598045</LatitudeDegrees><LongitudeDegrees>3.058759</LongitudeDegrees></Position><AltitudeMeters>47.6</AltitudeMeters><Extensions><TPX xmlns="http://www.garmin.com/xmlschemas/ActivityExtension/v2"><Speed>2.94</Speed></TPX></Extensions></Trackpoint><Trackpoint><Time>2026-03-11T16:41:24+00:00</Time><DistanceMeters>205.2</DistanceMeters><Position><LatitudeDegrees>50.598062</LatitudeDegrees><LongitudeDegrees>3.058802</LongitudeDegrees></Position><AltitudeMeters>47.5</AltitudeMeters><Extensions><TPX xmlns="http://www.garmin.com/xmlschemas/ActivityExtension/v2"><Speed>2.9</Speed></TPX></Extensions></Trackpoint><Trackpoint><Time>2026-03-11T16:41:25+00:00</Time><DistanceMeters>207.6</DistanceMeters><Position><LatitudeDegrees>50.598069</LatitudeDegrees><LongitudeDegrees>3.058815</LongitudeDegrees></Position><AltitudeMeters>47.4</AltitudeMeters><Extensions><TPX xmlns="http://www.garmin.com/xmlschemas/ActivityExtension/v2"><Speed>2.86</Speed></TPX></Extensions></Trackpoint><Trackpoint><Time>2026-03-11T16:41:26+00:00</Time><DistanceMeters>211.7</DistanceMeters><Position><LatitudeDegrees>50.598075</LatitudeDegrees><LongitudeDegrees>3.058872</LongitudeDegrees></Position><AltitudeMeters>47.3</AltitudeMeters><Extensions><TPX xmlns="http://www.garmin.com/xmlschemas/ActivityExtension/v2"><Speed>2.96</Speed></TPX></Extensions></Trackpoint><Trackpoint><Time>2026-03-11T16:41:27+00:00</Time><DistanceMeters>214.3</DistanceMeters><Position><LatitudeDegrees>50.598091</LatitudeDegrees><LongitudeDegrees>3.05892</LongitudeDegrees></Position><AltitudeMeters>47.2</AltitudeMeters><Extensions><TPX xmlns="http://www.garmin.com/xmlschemas/ActivityExtension/v2"><Speed>2.88</Speed></TPX></Extensions></Trackpoint><Trackpoint><Time>2026-03-11T16:41:28+00:00</Time><DistanceMeters>216.8</DistanceMeters><Position><LatitudeDegrees>50.598094</LatitudeDegrees><LongitudeDegrees>3.058937</LongitudeDegrees></Position><AltitudeMeters>47.2</AltitudeMeters><Extensions><TPX xmlns="http://www.garmin.com/xmlschemas/ActivityExtension/v2"><Speed>2.8</Speed></TPX></Extensions></Trackpoint><Trackpoint><Time>2026-03-11T16:41:29+00:00</Time><DistanceMeters>219.8</DistanceMeters><Position><LatitudeDegrees>50.59811</LatitudeDegrees><LongitudeDegrees>3.058972</LongitudeDegrees></Position><AltitudeMeters>47.1</AltitudeMeters><Extensions><TPX xmlns="http://www.garmin.com/xmlschemas/ActivityExtension/v2"><Speed>2.92</Speed></TPX></Extensions></Trackpoint><Trackpoint><Time>2026-03-11T16:41:30+00:00</Time><DistanceMeters>222.0</DistanceMeters><Position><LatitudeDegrees>50.598125</LatitudeDegrees><LongitudeDegrees>3.059014</LongitudeDegrees></Position><AltitudeMeters>47.1</AltitudeMeters><Extensions><TPX xmlns="http://www.garmin.com/xmlschemas/ActivityExtension/v2"><Speed>2.87</Speed></TPX></Extensions></Trackpoint><Trackpoint><Time>2026-03-11T16:41:31+00:00</Time><DistanceMeters>224.1</DistanceMeters><Position><LatitudeDegrees>50.598123</LatitudeDegrees><LongitudeDegrees>3.05903</LongitudeDegrees></Position><AltitudeMeters>47.0</AltitudeMeters><Extensions><TPX xmlns="http://www.garmin.com/xmlschemas/ActivityExtension/v2"><Speed>2.48</Speed></TPX></Extensions></Trackpoint><Trackpoint><Time>2026-03-11T16:41:32+00:00</Time><DistanceMeters>226.9</DistanceMeters><Position><LatitudeDegrees>50.59814</LatitudeDegrees><LongitudeDegrees>3.059081</LongitudeDegrees></Position><AltitudeMeters>46.9</AltitudeMeters><Extensions><TPX xmlns="http://www.garmin.com/xmlschemas/ActivityExtension/v2"><Speed>2.52</Speed></TPX></Extensions></Trackpoint><Trackpoint><Time>2026-03-11T16:41:33+00:00</Time><DistanceMeters>229.6</DistanceMeters><Position><LatitudeDegrees>50.598146</LatitudeDegrees><LongitudeDegrees>3.059099</LongitudeDegrees></Position><AltitudeMeters>46.9</AltitudeMeters><Extensions><TPX xmlns="http://www.garmin.com/xmlschemas/ActivityExtension/v2"><Speed>2.56</Speed></TPX></Extensions></Trackpoint><Trackpoint><Time>2026-03-11T16:41:34+00:00</Time><DistanceMeters>233.4</DistanceMeters><Position><LatitudeDegrees>50.598158</LatitudeDegrees><LongitudeDegrees>3.059148</LongitudeDegrees></Position><AltitudeMeters>46.8</AltitudeMeters><Extensions><TPX xmlns="http://www.garmin.com/xmlschemas/ActivityExtension/v2"><Speed>2.72</Speed></TPX></Extensions></Trackpoint><Trackpoint><Time>2026-03-11T16:41:35+00:00</Time><DistanceMeters>236.0</DistanceMeters><Position><LatitudeDegrees>50.598172</LatitudeDegrees><LongitudeDegrees>3.059201</LongitudeDegrees></Position><AltitudeMeters>46.7</AltitudeMeters><Extensions><TPX xmlns="http://www.garmin.com/xmlschemas/ActivityExtension/v2"><Speed>2.8</Speed></TPX></Extensions></Trackpoint><Trackpoint><Time>2026-03-11T16:41:36+00:00</Time><DistanceMeters>238.5</DistanceMeters><Position><LatitudeDegrees>50.598176</LatitudeDegrees><LongitudeDegrees>3.059215</LongitudeDegrees></Position><AltitudeMeters>46.7</AltitudeMeters><Extensions><TPX xmlns="http://www.garmin.com/xmlschemas/ActivityExtension/v2"><Speed>2.88</Speed></TPX></Extensions></Trackpoint><Trackpoint><Time>2026-03-11T16:41:37+00:00</Time><DistanceMeters>241.7</DistanceMeters><Position><LatitudeDegrees>50.598174</LatitudeDegrees><LongitudeDegrees>3.05926</LongitudeDegrees></Position><AltitudeMeters>46.6</AltitudeMeters><Extensions><TPX xmlns="http://www.garmin.com/xmlschemas/ActivityExtension/v2"><Speed>2.97</Speed></TPX></Extensions></Trackpoint><Trackpoint><Time>2026-03-11T16:41:38+00:00</Time><DistanceMeters>244.3</DistanceMeters><Position><LatitudeDegrees>50.598187</LatitudeDegrees><LongitudeDegrees>3.059308</LongitudeDegrees></Position><AltitudeMeters>46.5</AltitudeMeters><Extensions><TPX xmlns="http://www.garmin.com/xmlschemas/ActivityExtension/v2"><Speed>2.93</Speed></TPX></Extensions></Trackpoint><Trackpoint><Time>2026-03-11T16:41:39+00:00</Time><DistanceMeters>246.8</DistanceMeters><Position><LatitudeDegrees>50.598193</LatitudeDegrees><LongitudeDegrees>3.059324</LongitudeDegrees></Position><AltitudeMeters>46.4</AltitudeMeters><Extensions><TPX xmlns="http://www.garmin.com/xmlschemas/ActivityExtension/v2"><Speed>2.68</Speed></TPX></Extensions></Trackpoint><Trackpoint><Time>2026-03-11T16:41:40+00:00</Time><DistanceMeters>249.8</DistanceMeters><Position><LatitudeDegrees>50.598202</LatitudeDegrees><LongitudeDegrees>3.059364</LongitudeDegrees></Position><AltitudeMeters>46.4</AltitudeMeters><Extensions><TPX xmlns="http://www.garmin.com/xmlschemas/ActivityExtension/v2"><Speed>2.77</Speed></TPX></Extensions></Trackpoint><Trackpoint><Time>2026-03-11T16:41:41+00:00</Time><DistanceMeters>253.7</DistanceMeters><Position><LatitudeDegrees>50.598218</LatitudeDegrees><LongitudeDegrees>3.059414</LongitudeDegrees></Position><AltitudeMeters>46.2</AltitudeMeters><Extensions><TPX xmlns="http://www.garmin.com/xmlschemas/ActivityExtension/v2"><Speed>3.04</Speed></TPX></Extensions></Trackpoint><Trackpoint><Time>2026-03-11T16:41:42+00:00</Time><DistanceMeters>257.7</DistanceMeters><Position><LatitudeDegrees>50.598242</LatitudeDegrees><LongitudeDegrees>3.059455</LongitudeDegrees></Position><AltitudeMeters>46.1</AltitudeMeters><Extensions><TPX xmlns="http://www.garmin.com/xmlschemas/ActivityExtension/v2"><Speed>3.2</Speed></TPX></Extensions></Trackpoint><Trackpoint><Time>2026-03-11T16:41:43+00:00</Time><DistanceMeters>263.8</DistanceMeters><Position><LatitudeDegrees>50.598263</LatitudeDegrees><LongitudeDegrees>3.059534</LongitudeDegrees></Position><AltitudeMeters>46.0</AltitudeMeters><Extensions><TPX xmlns="http://www.garmin.com/xmlschemas/ActivityExtension/v2"><Speed>3.91</Speed></TPX></Extensions></Trackpoint><Trackpoint><Time>2026-03-11T16:41:44+00:00</Time><DistanceMeters>268.8</DistanceMeters><Position><LatitudeDegrees>50.598255</LatitudeDegrees><LongitudeDegrees>3.059605</LongitudeDegrees></Position><AltitudeMeters>45.8</AltitudeMeters><Extensions><TPX xmlns="http://www.garmin.com/xmlschemas/ActivityExtension/v2"><Speed>4.4</Speed></TPX></Extensions></Trackpoint><Trackpoint><Time>2026-03-11T16:41:45+00:00</Time><DistanceMeters>272.8</DistanceMeters><Position><LatitudeDegrees>50.598238</LatitudeDegrees><LongitudeDegrees>3.059654</LongitudeDegrees></Position><AltitudeMeters>45.8</AltitudeMeters><Extensions><TPX xmlns="http://www.garmin.com/xmlschemas/ActivityExtension/v2"><Speed>4.6</Speed></TPX></Extensions></Trackpoint><Trackpoint><Time>2026-03-11T16:41:46+00:00</Time><DistanceMeters>275.1</DistanceMeters><Position><LatitudeDegrees>50.598214</LatitudeDegrees><LongitudeDegrees>3.059686</LongitudeDegrees></Position><AltitudeMeters>45.9</AltitudeMeters><Extensions><TPX xmlns="http://www.garmin.com/xmlschemas/ActivityExtension/v2"><Speed>4.28</Speed></TPX></Extensions></Trackpoint><Trackpoint><Time>2026-03-11T16:41:47+00:00</Time><DistanceMeters>277.4</DistanceMeters><Position><LatitudeDegrees>50.598205</LatitudeDegrees><LongitudeDegrees>3.059692</LongitudeDegrees></Position><AltitudeMeters>45.9</AltitudeMeters><Extensions><TPX xmlns="http://www.garmin.com/xmlschemas/ActivityExtension/v2"><Speed>3.94</Speed></TPX></Extensions></Trackpoint><Trackpoint><Time>2026-03-11T16:41:48+00:00</Time><DistanceMeters>280.5</DistanceMeters><Position><LatitudeDegrees>50.598186</LatitudeDegrees><LongitudeDegrees>3.059727</LongitudeDegrees></Position><AltitudeMeters>45.9</AltitudeMeters><Extensions><TPX xmlns="http://www.garmin.com/xmlschemas/ActivityExtension/v2"><Speed>3.34</Speed></TPX></Extensions></Trackpoint><Trackpoint><Time>2026-03-11T16:41:49+00:00</Time><DistanceMeters>284.1</DistanceMeters><Position><LatitudeDegrees>50.598171</LatitudeDegrees><LongitudeDegrees>3.059771</LongitudeDegrees></Position><AltitudeMeters>46.0</AltitudeMeters><Extensions><TPX xmlns="http://www.garmin.com/xmlschemas/ActivityExtension/v2"><Speed>3.06</Speed></TPX></Extensions></Trackpoint><Trackpoint><Time>2026-03-11T16:41:50+00:00</Time><DistanceMeters>288.4</DistanceMeters><Position><LatitudeDegrees>50.598168</LatitudeDegrees><LongitudeDegrees>3.059832</LongitudeDegrees></Position><AltitudeMeters>46.1</AltitudeMeters><Extensions><TPX xmlns="http://www.garmin.com/xmlschemas/ActivityExtension/v2"><Speed>3.12</Speed></TPX></Extensions></Trackpoint><Trackpoint><Time>2026-03-11T16:41:51+00:00</Time><DistanceMeters>292.6</DistanceMeters><Position><LatitudeDegrees>50.598137</LatitudeDegrees><LongitudeDegrees>3.059863</LongitudeDegrees></Position><AltitudeMeters>46.2</AltitudeMeters><Extensions><TPX xmlns="http://www.garmin.com/xmlschemas/ActivityExtension/v2"><Speed>3.5</Speed></TPX></Extensions></Trackpoint><Trackpoint><Time>2026-03-11T16:41:52+00:00</Time><DistanceMeters>295.2</DistanceMeters><Position><LatitudeDegrees>50.598109</LatitudeDegrees><LongitudeDegrees>3.059896</LongitudeDegrees></Position><AltitudeMeters>46.3</AltitudeMeters><Extensions><TPX xmlns="http://www.garmin.com/xmlschemas/ActivityExtension/v2"><Speed>3.56</Speed></TPX></Extensions></Trackpoint><Trackpoint><Time>2026-03-11T16:41:53+00:00</Time><DistanceMeters>297.8</DistanceMeters><Position><LatitudeDegrees>50.598097</LatitudeDegrees><LongitudeDegrees>3.059904</LongitudeDegrees></Position><AltitudeMeters>46.3</AltitudeMeters><Extensions><TPX xmlns="http://www.garmin.com/xmlschemas/ActivityExtension/v2"><Speed>3.46</Speed></TPX></Extensions></Trackpoint><Trackpoint><Time>2026-03-11T16:41:54+00:00</Time><DistanceMeters>301.0</DistanceMeters><Position><LatitudeDegrees>50.598076</LatitudeDegrees><LongitudeDegrees>3.059932</LongitudeDegrees></Position><AltitudeMeters>46.4</AltitudeMeters><Extensions><TPX xmlns="http://www.garmin.com/xmlschemas/ActivityExtension/v2"><Speed>3.38</Speed></TPX></Extensions></Trackpoint><Trackpoint><Time>2026-03-11T16:41:55+00:00</Time><DistanceMeters>303.9</DistanceMeters><Position><LatitudeDegrees>50.598048</LatitudeDegrees><LongitudeDegrees>3.059975</LongitudeDegrees></Position><AltitudeMeters>46.5</AltitudeMeters><Extensions><TPX xmlns="http://www.garmin.com/xmlschemas/ActivityExtension/v2"><Speed>3.09</Speed></TPX></Extensions></Trackpoint><Trackpoint><Time>2026-03-11T16:41:56+00:00</Time><DistanceMeters>306.7</DistanceMeters><Position><LatitudeDegrees>50.598039</LatitudeDegrees><LongitudeDegrees>3.05999</LongitudeDegrees></Position><AltitudeMeters>46.5</AltitudeMeters><Extensions><TPX xmlns="http://www.garmin.com/xmlschemas/ActivityExtension/v2"><Speed>2.82</Speed></TPX></Extensions></Trackpoint><Trackpoint><Time>2026-03-11T16:41:57+00:00</Time><DistanceMeters>309.0</DistanceMeters><Position><LatitudeDegrees>50.598017</LatitudeDegrees><LongitudeDegrees>3.060023</LongitudeDegrees></Position><AltitudeMeters>46.6</AltitudeMeters><Extensions><TPX xmlns="http://www.garmin.com/xmlschemas/ActivityExtension/v2"><Speed>2.77</Speed></TPX></Extensions></Trackpoint><Trackpoint><Time>2026-03-11T16:41:58+00:00</Time><DistanceMeters>311.4</DistanceMeters><Position><LatitudeDegrees>50.598009</LatitudeDegrees><LongitudeDegrees>3.060035</LongitudeDegrees></Position><AltitudeMeters>46.6</AltitudeMeters><Extensions><TPX xmlns="http://www.garmin.com/xmlschemas/ActivityExtension/v2"><Speed>2.72</Speed></TPX></Extensions></Trackpoint><Trackpoint><Time>2026-03-11T16:41:59+00:00</Time><DistanceMeters>314.4</DistanceMeters><Position><LatitudeDegrees>50.597985</LatitudeDegrees><LongitudeDegrees>3.060056</LongitudeDegrees></Position><AltitudeMeters>46.7</AltitudeMeters><Extensions><TPX xmlns="http://www.garmin.com/xmlschemas/ActivityExtension/v2"><Speed>2.68</Speed></TPX></Extensions></Trackpoint><Trackpoint><Time>2026-03-11T16:42:00+00:00</Time><DistanceMeters>317.2</DistanceMeters><Position><LatitudeDegrees>50.597955</LatitudeDegrees><LongitudeDegrees>3.060091</LongitudeDegrees></Position><AltitudeMeters>46.7</AltitudeMeters><Extensions><TPX xmlns="http://www.garmin.com/xmlschemas/ActivityExtension/v2"><Speed>2.67</Speed></TPX></Extensions></Trackpoint><Trackpoint><Time>2026-03-11T16:42:01+00:00</Time><DistanceMeters>320.0</DistanceMeters><Position><LatitudeDegrees>50.597943</LatitudeDegrees><LongitudeDegrees>3.060097</LongitudeDegrees></Position><AltitudeMeters>46.8</AltitudeMeters><Extensions><TPX xmlns="http://www.garmin.com/xmlschemas/ActivityExtension/v2"><Speed>2.66</Speed></TPX></Extensions></Trackpoint><Trackpoint><Time>2026-03-11T16:42:02+00:00</Time><DistanceMeters>322.5</DistanceMeters><Position><LatitudeDegrees>50.597913</LatitudeDegrees><LongitudeDegrees>3.060127</LongitudeDegrees></Position><AltitudeMeters>46.8</AltitudeMeters><Extensions><TPX xmlns="http://www.garmin.com/xmlschemas/ActivityExtension/v2"><Speed>2.68</Speed></TPX></Extensions></Trackpoint><Trackpoint><Time>2026-03-11T16:42:03+00:00</Time><DistanceMeters>324.9</DistanceMeters><Position><LatitudeDegrees>50.597906</LatitudeDegrees><LongitudeDegrees>3.060136</LongitudeDegrees></Position><AltitudeMeters>46.8</AltitudeMeters><Extensions><TPX xmlns="http://www.garmin.com/xmlschemas/ActivityExtension/v2"><Speed>2.7</Speed></TPX></Extensions></Trackpoint><Trackpoint><Time>2026-03-11T16:42:04+00:00</Time><DistanceMeters>327.0</DistanceMeters><Position><LatitudeDegrees>50.59788</LatitudeDegrees><LongitudeDegrees>3.060163</LongitudeDegrees></Position><AltitudeMeters>46.9</AltitudeMeters><Extensions><TPX xmlns="http://www.garmin.com/xmlschemas/ActivityExtension/v2"><Speed>2.51</Speed></TPX></Extensions></Trackpoint><Trackpoint><Time>2026-03-11T16:42:05+00:00</Time><DistanceMeters>329.0</DistanceMeters><Position><LatitudeDegrees>50.597875</LatitudeDegrees><LongitudeDegrees>3.060169</LongitudeDegrees></Position><AltitudeMeters>46.9</AltitudeMeters><Extensions><TPX xmlns="http://www.garmin.com/xmlschemas/ActivityExtension/v2"><Speed>2.36</Speed></TPX></Extensions></Trackpoint><Trackpoint><Time>2026-03-11T16:42:06+00:00</Time><DistanceMeters>329.0</DistanceMeters><Position><LatitudeDegrees>50.597863</LatitudeDegrees><LongitudeDegrees>3.060194</LongitudeDegrees></Position><AltitudeMeters>46.9</AltitudeMeters><Extensions><TPX xmlns="http://www.garmin.com/xmlschemas/ActivityExtension/v2"><Speed>1.8</Speed></TPX></Extensions></Trackpoint><Trackpoint><Time>2026-03-11T16:42:07+00:00</Time><DistanceMeters>333.0</DistanceMeters><Position><LatitudeDegrees>50.597859</LatitudeDegrees><LongitudeDegrees>3.060218</LongitudeDegrees></Position><AltitudeMeters>46.9</AltitudeMeters><Extensions><TPX xmlns="http://www.garmin.com/xmlschemas/ActivityExtension/v2"><Speed>2.11</Speed></TPX></Extensions></Trackpoint><Trackpoint><Time>2026-03-11T16:42:08+00:00</Time><DistanceMeters>336.1</DistanceMeters><Position><LatitudeDegrees>50.597866</LatitudeDegrees><LongitudeDegrees>3.060272</LongitudeDegrees></Position><AltitudeMeters>46.9</AltitudeMeters><Extensions><TPX xmlns="http://www.garmin.com/xmlschemas/ActivityExtension/v2"><Speed>2.23</Speed></TPX></Extensions></Trackpoint><Trackpoint><Time>2026-03-11T16:42:09+00:00</Time><DistanceMeters>339.1</DistanceMeters><Position><LatitudeDegrees>50.59787</LatitudeDegrees><LongitudeDegrees>3.060303</LongitudeDegrees></Position><AltitudeMeters>46.9</AltitudeMeters><Extensions><TPX xmlns="http://www.garmin.com/xmlschemas/ActivityExtension/v2"><Speed>2.43</Speed></TPX></Extensions></Trackpoint><Trackpoint><Time>2026-03-11T16:42:10+00:00</Time><DistanceMeters>339.1</DistanceMeters><Position><LatitudeDegrees>50.597878</LatitudeDegrees><LongitudeDegrees>3.060311</LongitudeDegrees></Position><AltitudeMeters>46.9</AltitudeMeters><Extensions><TPX xmlns="http://www.garmin.com/xmlschemas/ActivityExtension/v2"><Speed>2.02</Speed></TPX></Extensions></Trackpoint><Trackpoint><Time>2026-03-11T16:42:11+00:00</Time><DistanceMeters>342.2</DistanceMeters><Position><LatitudeDegrees>50.597886</LatitudeDegrees><LongitudeDegrees>3.060339</LongitudeDegrees></Position><AltitudeMeters>46.8</AltitudeMeters><Extensions><TPX xmlns="http://www.garmin.com/xmlschemas/ActivityExtension/v2"><Speed>2.64</Speed></TPX></Extensions></Trackpoint><Trackpoint><Time>2026-03-11T16:42:12+00:00</Time><DistanceMeters>345.3</DistanceMeters><Position><LatitudeDegrees>50.597904</LatitudeDegrees><LongitudeDegrees>3.060386</LongitudeDegrees></Position><AltitudeMeters>46.8</AltitudeMeters><Extensions><TPX xmlns="http://www.garmin.com/xmlschemas/ActivityExtension/v2"><Speed>2.46</Speed></TPX></Extensions></Trackpoint><Trackpoint><Time>2026-03-11T16:42:13+00:00</Time><DistanceMeters>348.4</DistanceMeters><Position><LatitudeDegrees>50.59791</LatitudeDegrees><LongitudeDegrees>3.060417</LongitudeDegrees></Position><AltitudeMeters>46.8</AltitudeMeters><Extensions><TPX xmlns="http://www.garmin.com/xmlschemas/ActivityExtension/v2"><Speed>2.47</Speed></TPX></Extensions></Trackpoint><Trackpoint><Time>2026-03-11T16:42:14+00:00</Time><DistanceMeters>348.4</DistanceMeters><Position><LatitudeDegrees>50.597897</LatitudeDegrees><LongitudeDegrees>3.060437</LongitudeDegrees></Position><AltitudeMeters>46.7</AltitudeMeters><Extensions><TPX xmlns="http://www.garmin.com/xmlschemas/ActivityExtension/v2"><Speed>1.86</Speed></TPX></Extensions></Trackpoint><Trackpoint><Time>2026-03-11T16:42:15+00:00</Time><DistanceMeters>351.9</DistanceMeters><Position><LatitudeDegrees>50.59791</LatitudeDegrees><LongitudeDegrees>3.060467</LongitudeDegrees></Position><AltitudeMeters>46.7</AltitudeMeters><Extensions><TPX xmlns="http://www.garmin.com/xmlschemas/ActivityExtension/v2"><Speed>2.56</Speed></TPX></Extensions></Trackpoint><Trackpoint><Time>2026-03-11T16:42:16+00:00</Time><DistanceMeters>354.8</DistanceMeters><Position><LatitudeDegrees>50.597928</LatitudeDegrees><LongitudeDegrees>3.060515</LongitudeDegrees></Position><AltitudeMeters>46.6</AltitudeMeters><Extensions><TPX xmlns="http://www.garmin.com/xmlschemas/ActivityExtension/v2"><Speed>2.51</Speed></TPX></Extensions></Trackpoint><Trackpoint><Time>2026-03-11T16:42:17+00:00</Time><DistanceMeters>357.6</DistanceMeters><Position><LatitudeDegrees>50.597935</LatitudeDegrees><LongitudeDegrees>3.060537</LongitudeDegrees></Position><AltitudeMeters>46.6</AltitudeMeters><Extensions><TPX xmlns="http://www.garmin.com/xmlschemas/ActivityExtension/v2"><Speed>2.46</Speed></TPX></Extensions></Trackpoint><Trackpoint><Time>2026-03-11T16:42:18+00:00</Time><DistanceMeters>357.6</DistanceMeters><Position><LatitudeDegrees>50.59794</LatitudeDegrees><LongitudeDegrees>3.060553</LongitudeDegrees></Position><AltitudeMeters>46.5</AltitudeMeters><Extensions><TPX xmlns="http://www.garmin.com/xmlschemas/ActivityExtension/v2"><Speed>1.84</Speed></TPX></Extensions></Trackpoint><Trackpoint><Time>2026-03-11T16:42:19+00:00</Time><DistanceMeters>361.6</DistanceMeters><Position><LatitudeDegrees>50.597943</LatitudeDegrees><LongitudeDegrees>3.060592</LongitudeDegrees></Position><AltitudeMeters>46.5</AltitudeMeters><Extensions><TPX xmlns="http://www.garmin.com/xmlschemas/ActivityExtension/v2"><Speed>2.64</Speed></TPX></Extensions></Trackpoint><Trackpoint><Time>2026-03-11T16:42:20+00:00</Time><DistanceMeters>364.3</DistanceMeters><Position><LatitudeDegrees>50.597951</LatitudeDegrees><LongitudeDegrees>3.060636</LongitudeDegrees></Position><AltitudeMeters>46.4</AltitudeMeters><Extensions><TPX xmlns="http://www.garmin.com/xmlschemas/ActivityExtension/v2"><Speed>2.47</Speed></TPX></Extensions></Trackpoint><Trackpoint><Time>2026-03-11T16:42:21+00:00</Time><DistanceMeters>366.9</DistanceMeters><Position><LatitudeDegrees>50.597958</LatitudeDegrees><LongitudeDegrees>3.060664</LongitudeDegrees></Position><AltitudeMeters>46.4</AltitudeMeters><Extensions><TPX xmlns="http://www.garmin.com/xmlschemas/ActivityExtension/v2"><Speed>2.43</Speed></TPX></Extensions></Trackpoint><Trackpoint><Time>2026-03-11T16:42:22+00:00</Time><DistanceMeters>366.9</DistanceMeters><Position><LatitudeDegrees>50.597961</LatitudeDegrees><LongitudeDegrees>3.060672</LongitudeDegrees></Position><AltitudeMeters>46.4</AltitudeMeters><Extensions><TPX xmlns="http://www.garmin.com/xmlschemas/ActivityExtension/v2"><Speed>1.86</Speed></TPX></Extensions></Trackpoint><Trackpoint><Time>2026-03-11T16:42:23+00:00</Time><DistanceMeters>370.3</DistanceMeters><Position><LatitudeDegrees>50.597955</LatitudeDegrees><LongitudeDegrees>3.060712</LongitudeDegrees></Position><AltitudeMeters>46.3</AltitudeMeters><Extensions><TPX xmlns="http://www.garmin.com/xmlschemas/ActivityExtension/v2"><Speed>2.54</Speed></TPX></Extensions></Trackpoint><Trackpoint><Time>2026-03-11T16:42:24+00:00</Time><DistanceMeters>370.3</DistanceMeters><Position><LatitudeDegrees>50.597971</LatitudeDegrees><LongitudeDegrees>3.06071</LongitudeDegrees></Position><AltitudeMeters>46.3</AltitudeMeters><Extensions><TPX xmlns="http://www.garmin.com/xmlschemas/ActivityExtension/v2"><Speed>1.74</Speed></TPX></Extensions></Trackpoint><Trackpoint><Time>2026-03-11T16:42:25+00:00</Time><DistanceMeters>370.3</DistanceMeters><Position><LatitudeDegrees>50.597958</LatitudeDegrees><LongitudeDegrees>3.060733</LongitudeDegrees></Position><AltitudeMeters>46.2</AltitudeMeters><Extensions><TPX xmlns="http://www.garmin.com/xmlschemas/ActivityExtension/v2"><Speed>1.21</Speed></TPX></Extensions></Trackpoint><Trackpoint><Time>2026-03-11T16:42:26+00:00</Time><DistanceMeters>373.8</DistanceMeters><Position><LatitudeDegrees>50.597969</LatitudeDegrees><LongitudeDegrees>3.060755</LongitudeDegrees></Position><AltitudeMeters>46.2</AltitudeMeters><Extensions><TPX xmlns="http://www.garmin.com/xmlschemas/ActivityExtension/v2"><Speed>1.38</Speed></TPX></Extensions></Trackpoint><Trackpoint><Time>2026-03-11T16:42:27+00:00</Time><DistanceMeters>376.7</DistanceMeters><Position><LatitudeDegrees>50.59798</LatitudeDegrees><LongitudeDegrees>3.060802</LongitudeDegrees></Position><AltitudeMeters>46.1</AltitudeMeters><Extensions><TPX xmlns="http://www.garmin.com/xmlschemas/ActivityExtension/v2"><Speed>1.95</Speed></TPX></Extensions></Trackpoint><Trackpoint><Time>2026-03-11T16:42:28+00:00</Time><DistanceMeters>379.5</DistanceMeters><Position><LatitudeDegrees>50.597986</LatitudeDegrees><LongitudeDegrees>3.060831</LongitudeDegrees></Position><AltitudeMeters>46.1</AltitudeMeters><Extensions><TPX xmlns="http://www.garmin.com/xmlschemas/ActivityExtension/v2"><Speed>1.84</Speed></TPX></Extensions></Trackpoint><Trackpoint><Time>2026-03-11T16:42:29+00:00</Time><DistanceMeters>382.6</DistanceMeters><Position><LatitudeDegrees>50.598012</LatitudeDegrees><LongitudeDegrees>3.060878</LongitudeDegrees></Position><AltitudeMeters>46.0</AltitudeMeters><Extensions><TPX xmlns="http://www.garmin.com/xmlschemas/ActivityExtension/v2"><Speed>2.46</Speed></TPX></Extensions></Trackpoint><Trackpoint><Time>2026-03-11T16:42:30+00:00</Time><DistanceMeters>385.7</DistanceMeters><Position><LatitudeDegrees>50.598019</LatitudeDegrees><LongitudeDegrees>3.060902</LongitudeDegrees></Position><AltitudeMeters>46.0</AltitudeMeters><Extensions><TPX xmlns="http://www.garmin.com/xmlschemas/ActivityExtension/v2"><Speed>3.08</Speed></TPX></Extensions></Trackpoint><Trackpoint><Time>2026-03-11T16:42:31+00:00</Time><DistanceMeters>388.7</DistanceMeters><Position><LatitudeDegrees>50.598031</LatitudeDegrees><LongitudeDegrees>3.060959</LongitudeDegrees></Position><AltitudeMeters>46.0</AltitudeMeters><Extensions><TPX xmlns="http://www.garmin.com/xmlschemas/ActivityExtension/v2"><Speed>2.98</Speed></TPX></Extensions></Trackpoint><Trackpoint><Time>2026-03-11T16:42:32+00:00</Time><DistanceMeters>391.7</DistanceMeters><Position><LatitudeDegrees>50.598039</LatitudeDegrees><LongitudeDegrees>3.060981</LongitudeDegrees></Position><AltitudeMeters>45.9</AltitudeMeters><Extensions><TPX xmlns="http://www.garmin.com/xmlschemas/ActivityExtension/v2"><Speed>3.01</Speed></TPX></Extensions></Trackpoint><Trackpoint><Time>2026-03-11T16:42:33+00:00</Time><DistanceMeters>394.9</DistanceMeters><Position><LatitudeDegrees>50.598047</LatitudeDegrees><LongitudeDegrees>3.061024</LongitudeDegrees></Position><AltitudeMeters>45.9</AltitudeMeters><Extensions><TPX xmlns="http://www.garmin.com/xmlschemas/ActivityExtension/v2"><Speed>3.08</Speed></TPX></Extensions></Trackpoint><Trackpoint><Time>2026-03-11T16:42:34+00:00</Time><DistanceMeters>397.5</DistanceMeters><Position><LatitudeDegrees>50.598054</LatitudeDegrees><LongitudeDegrees>3.061076</LongitudeDegrees></Position><AltitudeMeters>45.8</AltitudeMeters><Extensions><TPX xmlns="http://www.garmin.com/xmlschemas/ActivityExtension/v2"><Speed>2.97</Speed></TPX></Extensions></Trackpoint><Trackpoint><Time>2026-03-11T16:42:35+00:00</Time><DistanceMeters>400.0</DistanceMeters><Position><LatitudeDegrees>50.598053</LatitudeDegrees><LongitudeDegrees>3.061095</LongitudeDegrees></Position><AltitudeMeters>45.8</AltitudeMeters><Extensions><TPX xmlns="http://www.garmin.com/xmlschemas/ActivityExtension/v2"><Speed>2.86</Speed></TPX></Extensions></Trackpoint><Trackpoint><Time>2026-03-11T16:42:36+00:00</Time><DistanceMeters>402.6</DistanceMeters><Position><LatitudeDegrees>50.598064</LatitudeDegrees><LongitudeDegrees>3.061145</LongitudeDegrees></Position><AltitudeMeters>45.7</AltitudeMeters><Extensions><TPX xmlns="http://www.garmin.com/xmlschemas/ActivityExtension/v2"><Speed>2.78</Speed></TPX></Extensions></Trackpoint><Trackpoint><Time>2026-03-11T16:42:37+00:00</Time><DistanceMeters>405.2</DistanceMeters><Position><LatitudeDegrees>50.598074</LatitudeDegrees><LongitudeDegrees>3.061161</LongitudeDegrees></Position><AltitudeMeters>45.7</AltitudeMeters><Extensions><TPX xmlns="http://www.garmin.com/xmlschemas/ActivityExtension/v2"><Speed>2.7</Speed></TPX></Extensions></Trackpoint><Trackpoint><Time>2026-03-11T16:42:38+00:00</Time><DistanceMeters>408.4</DistanceMeters><Position><LatitudeDegrees>50.598099</LatitudeDegrees><LongitudeDegrees>3.061209</LongitudeDegrees></Position><AltitudeMeters>45.6</AltitudeMeters><Extensions><TPX xmlns="http://www.garmin.com/xmlschemas/ActivityExtension/v2"><Speed>2.69</Speed></TPX></Extensions></Trackpoint><Trackpoint><Time>2026-03-11T16:42:39+00:00</Time><DistanceMeters>411.5</DistanceMeters><Position><LatitudeDegrees>50.598115</LatitudeDegrees><LongitudeDegrees>3.061222</LongitudeDegrees></Position><AltitudeMeters>45.6</AltitudeMeters><Extensions><TPX xmlns="http://www.garmin.com/xmlschemas/ActivityExtension/v2"><Speed>2.81</Speed></TPX></Extensions></Trackpoint><Trackpoint><Time>2026-03-11T16:42:40+00:00</Time><DistanceMeters>415.3</DistanceMeters><Position><LatitudeDegrees>50.598149</LatitudeDegrees><LongitudeDegrees>3.061214</LongitudeDegrees></Position><AltitudeMeters>45.5</AltitudeMeters><Extensions><TPX xmlns="http://www.garmin.com/xmlschemas/ActivityExtension/v2"><Speed>3.06</Speed></TPX></Extensions></Trackpoint><Trackpoint><Time>2026-03-11T16:42:41+00:00</Time><DistanceMeters>418.2</DistanceMeters><Position><LatitudeDegrees>50.598184</LatitudeDegrees><LongitudeDegrees>3.061193</LongitudeDegrees></Position><AltitudeMeters>45.4</AltitudeMeters><Extensions><TPX xmlns="http://www.garmin.com/xmlschemas/ActivityExtension/v2"><Speed>3.11</Speed></TPX></Extensions></Trackpoint><Trackpoint><Time>2026-03-11T16:42:42+00:00</Time><DistanceMeters>421.0</DistanceMeters><Position><LatitudeDegrees>50.598198</LatitudeDegrees><LongitudeDegrees>3.061189</LongitudeDegrees></Position><AltitudeMeters>45.4</AltitudeMeters><Extensions><TPX xmlns="http://www.garmin.com/xmlschemas/ActivityExtension/v2"><Speed>3.16</Speed></TPX></Extensions></Trackpoint><Trackpoint><Time>2026-03-11T16:42:43+00:00</Time><DistanceMeters>423.9</DistanceMeters><Position><LatitudeDegrees>50.598233</LatitudeDegrees><LongitudeDegrees>3.061167</LongitudeDegrees></Position><AltitudeMeters>45.3</AltitudeMeters><Extensions><TPX xmlns="http://www.garmin.com/xmlschemas/ActivityExtension/v2"><Speed>3.11</Speed></TPX></Extensions></Trackpoint><Trackpoint><Time>2026-03-11T16:42:44+00:00</Time><DistanceMeters>426.8</DistanceMeters><Position><LatitudeDegrees>50.598245</LatitudeDegrees><LongitudeDegrees>3.061158</LongitudeDegrees></Position><AltitudeMeters>45.2</AltitudeMeters><Extensions><TPX xmlns="http://www.garmin.com/xmlschemas/ActivityExtension/v2"><Speed>3.06</Speed></TPX></Extensions></Trackpoint><Trackpoint><Time>2026-03-11T16:42:45+00:00</Time><DistanceMeters>429.8</DistanceMeters><Position><LatitudeDegrees>50.598279</LatitudeDegrees><LongitudeDegrees>3.061133</LongitudeDegrees></Position><AltitudeMeters>45.1</AltitudeMeters><Extensions><TPX xmlns="http://www.garmin.com/xmlschemas/ActivityExtension/v2"><Speed>2.89</Speed></TPX></Extensions></Trackpoint><Trackpoint><Time>2026-03-11T16:42:46+00:00</Time><DistanceMeters>432.7</DistanceMeters><Position><LatitudeDegrees>50.598293</LatitudeDegrees><LongitudeDegrees>3.061121</LongitudeDegrees></Position><AltitudeMeters>45.1</AltitudeMeters><Extensions><TPX xmlns="http://www.garmin.com/xmlschemas/ActivityExtension/v2"><Speed>2.91</Speed></TPX></Extensions></Trackpoint><Trackpoint><Time>2026-03-11T16:42:47+00:00</Time><DistanceMeters>435.8</DistanceMeters><Position><LatitudeDegrees>50.598311</LatitudeDegrees><LongitudeDegrees>3.061087</LongitudeDegrees></Position><AltitudeMeters>45.0</AltitudeMeters><Extensions><TPX xmlns="http://www.garmin.com/xmlschemas/ActivityExtension/v2"><Speed>2.96</Speed></TPX></Extensions></Trackpoint><Trackpoint><Time>2026-03-11T16:42:48+00:00</Time><DistanceMeters>438.2</DistanceMeters><Position><LatitudeDegrees>50.598335</LatitudeDegrees><LongitudeDegrees>3.061053</LongitudeDegrees></Position><AltitudeMeters>45.0</AltitudeMeters><Extensions><TPX xmlns="http://www.garmin.com/xmlschemas/ActivityExtension/v2"><Speed>2.85</Speed></TPX></Extensions></Trackpoint><Trackpoint><Time>2026-03-11T16:42:49+00:00</Time><DistanceMeters>440.5</DistanceMeters><Position><LatitudeDegrees>50.598343</LatitudeDegrees><LongitudeDegrees>3.061043</LongitudeDegrees></Position><AltitudeMeters>44.9</AltitudeMeters><Extensions><TPX xmlns="http://www.garmin.com/xmlschemas/ActivityExtension/v2"><Speed>2.74</Speed></TPX></Extensions></Trackpoint><Trackpoint><Time>2026-03-11T16:42:50+00:00</Time><DistanceMeters>442.8</DistanceMeters><Position><LatitudeDegrees>50.598365</LatitudeDegrees><LongitudeDegrees>3.061009</LongitudeDegrees></Position><AltitudeMeters>44.8</AltitudeMeters><Extensions><TPX xmlns="http://www.garmin.com/xmlschemas/ActivityExtension/v2"><Speed>2.6</Speed></TPX></Extensions></Trackpoint><Trackpoint><Time>2026-03-11T16:42:51+00:00</Time><DistanceMeters>445.0</DistanceMeters><Position><LatitudeDegrees>50.59837</LatitudeDegrees><LongitudeDegrees>3.060997</LongitudeDegrees></Position><AltitudeMeters>44.8</AltitudeMeters><Extensions><TPX xmlns="http://www.garmin.com/xmlschemas/ActivityExtension/v2"><Speed>2.46</Speed></TPX></Extensions></Trackpoint><Trackpoint><Time>2026-03-11T16:42:52+00:00</Time><DistanceMeters>445.0</DistanceMeters><Position><LatitudeDegrees>50.598386</LatitudeDegrees><LongitudeDegrees>3.06098</LongitudeDegrees></Position><AltitudeMeters>44.8</AltitudeMeters><Extensions><TPX xmlns="http://www.garmin.com/xmlschemas/ActivityExtension/v2"><Speed>1.84</Speed></TPX></Extensions></Trackpoint><Trackpoint><Time>2026-03-11T16:42:53+00:00</Time><DistanceMeters>448.5</DistanceMeters><Position><LatitudeDegrees>50.5984</LatitudeDegrees><LongitudeDegrees>3.06098</LongitudeDegrees></Position><AltitudeMeters>44.7</AltitudeMeters><Extensions><TPX xmlns="http://www.garmin.com/xmlschemas/ActivityExtension/v2"><Speed>2.07</Speed></TPX></Extensions></Trackpoint><Trackpoint><Time>2026-03-11T16:42:54+00:00</Time><DistanceMeters>452.1</DistanceMeters><Position><LatitudeDegrees>50.598421</LatitudeDegrees><LongitudeDegrees>3.060941</LongitudeDegrees></Position><AltitudeMeters>44.6</AltitudeMeters><Extensions><TPX xmlns="http://www.garmin.com/xmlschemas/ActivityExtension/v2"><Speed>2.32</Speed></TPX></Extensions></Trackpoint><Trackpoint><Time>2026-03-11T16:42:55+00:00</Time><DistanceMeters>454.5</DistanceMeters><Position><LatitudeDegrees>50.598444</LatitudeDegrees><LongitudeDegrees>3.060907</LongitudeDegrees></Position><AltitudeMeters>44.5</AltitudeMeters><Extensions><TPX xmlns="http://www.garmin.com/xmlschemas/ActivityExtension/v2"><Speed>2.34</Speed></TPX></Extensions></Trackpoint><Trackpoint><Time>2026-03-11T16:42:56+00:00</Time><DistanceMeters>456.8</DistanceMeters><Position><LatitudeDegrees>50.598452</LatitudeDegrees><LongitudeDegrees>3.060897</LongitudeDegrees></Position><AltitudeMeters>44.4</AltitudeMeters><Extensions><TPX xmlns="http://www.garmin.com/xmlschemas/ActivityExtension/v2"><Speed>2.36</Speed></TPX></Extensions></Trackpoint><Trackpoint><Time>2026-03-11T16:42:57+00:00</Time><DistanceMeters>459.3</DistanceMeters><Position><LatitudeDegrees>50.59848</LatitudeDegrees><LongitudeDegrees>3.060861</LongitudeDegrees></Position><AltitudeMeters>44.3</AltitudeMeters><Extensions><TPX xmlns="http://www.garmin.com/xmlschemas/ActivityExtension/v2"><Speed>2.85</Speed></TPX></Extensions></Trackpoint><Trackpoint><Time>2026-03-11T16:42:58+00:00</Time><DistanceMeters>461.7</DistanceMeters><Position><LatitudeDegrees>50.598487</LatitudeDegrees><LongitudeDegrees>3.060853</LongitudeDegrees></Position><AltitudeMeters>44.2</AltitudeMeters><Extensions><TPX xmlns="http://www.garmin.com/xmlschemas/ActivityExtension/v2"><Speed>2.64</Speed></TPX></Extensions></Trackpoint><Trackpoint><Time>2026-03-11T16:42:59+00:00</Time><DistanceMeters>463.8</DistanceMeters><Position><LatitudeDegrees>50.598515</LatitudeDegrees><LongitudeDegrees>3.060848</LongitudeDegrees></Position><AltitudeMeters>44.1</AltitudeMeters><Extensions><TPX xmlns="http://www.garmin.com/xmlschemas/ActivityExtension/v2"><Speed>2.33</Speed></TPX></Extensions></Trackpoint><Trackpoint><Time>2026-03-11T16:43:00+00:00</Time><DistanceMeters>465.8</DistanceMeters><Position><LatitudeDegrees>50.598523</LatitudeDegrees><LongitudeDegrees>3.060847</LongitudeDegrees></Position><AltitudeMeters>44.0</AltitudeMeters><Extensions><TPX xmlns="http://www.garmin.com/xmlschemas/ActivityExtension/v2"><Speed>2.27</Speed></TPX></Extensions></Trackpoint><Trackpoint><Time>2026-03-11T16:43:01+00:00</Time><DistanceMeters>468.4</DistanceMeters><Position><LatitudeDegrees>50.598555</LatitudeDegrees><LongitudeDegrees>3.060873</LongitudeDegrees></Position><AltitudeMeters>43.7</AltitudeMeters><Extensions><TPX xmlns="http://www.garmin.com/xmlschemas/ActivityExtension/v2"><Speed>2.31</Speed></TPX></Extensions></Trackpoint><Trackpoint><Time>2026-03-11T16:43:02+00:00</Time><DistanceMeters>470.9</DistanceMeters><Position><LatitudeDegrees>50.598564</LatitudeDegrees><LongitudeDegrees>3.060881</LongitudeDegrees></Position><AltitudeMeters>43.7</AltitudeMeters><Extensions><TPX xmlns="http://www.garmin.com/xmlschemas/ActivityExtension/v2"><Speed>2.33</Speed></TPX></Extensions></Trackpoint><Trackpoint><Time>2026-03-11T16:43:03+00:00</Time><DistanceMeters>470.9</DistanceMeters><Position><LatitudeDegrees>50.598573</LatitudeDegrees><LongitudeDegrees>3.060892</LongitudeDegrees></Position><AltitudeMeters>43.7</AltitudeMeters><Extensions><TPX xmlns="http://www.garmin.com/xmlschemas/ActivityExtension/v2"><Speed>1.84</Speed></TPX></Extensions></Trackpoint><Trackpoint><Time>2026-03-11T16:43:04+00:00</Time><DistanceMeters>470.9</DistanceMeters><Position><LatitudeDegrees>50.598584</LatitudeDegrees><LongitudeDegrees>3.06089</LongitudeDegrees></Position><AltitudeMeters>43.6</AltitudeMeters><Extensions><TPX xmlns="http://www.garmin.com/xmlschemas/ActivityExtension/v2"><Speed>1.43</Speed></TPX></Extensions></Trackpoint><Trackpoint><Time>2026-03-11T16:43:05+00:00</Time><DistanceMeters>474.2</DistanceMeters><Position><LatitudeDegrees>50.598589</LatitudeDegrees><LongitudeDegrees>3.060907</LongitudeDegrees></Position><AltitudeMeters>43.6</AltitudeMeters><Extensions><TPX xmlns="http://www.garmin.com/xmlschemas/ActivityExtension/v2"><Speed>1.68</Speed></TPX></Extensions></Trackpoint><Trackpoint><Time>2026-03-11T16:43:06+00:00</Time><DistanceMeters>477.7</DistanceMeters><Position><LatitudeDegrees>50.598589</LatitudeDegrees><LongitudeDegrees>3.060955</LongitudeDegrees></Position><AltitudeMeters>43.5</AltitudeMeters><Extensions><TPX xmlns="http://www.garmin.com/xmlschemas/ActivityExtension/v2"><Speed>1.87</Speed></TPX></Extensions></Trackpoint><Trackpoint><Time>2026-03-11T16:43:07+00:00</Time><DistanceMeters>481.8</DistanceMeters><Position><LatitudeDegrees>50.598605</LatitudeDegrees><LongitudeDegrees>3.061008</LongitudeDegrees></Position><AltitudeMeters>43.4</AltitudeMeters><Extensions><TPX xmlns="http://www.garmin.com/xmlschemas/ActivityExtension/v2"><Speed>2.18</Speed></TPX></Extensions></Trackpoint><Trackpoint><Time>2026-03-11T16:43:08+00:00</Time><DistanceMeters>484.1</DistanceMeters><Position><LatitudeDegrees>50.598623</LatitudeDegrees><LongitudeDegrees>3.061049</LongitudeDegrees></Position><AltitudeMeters>43.3</AltitudeMeters><Extensions><TPX xmlns="http://www.garmin.com/xmlschemas/ActivityExtension/v2"><Speed>2.64</Speed></TPX></Extensions></Trackpoint><Trackpoint><Time>2026-03-11T16:43:09+00:00</Time><DistanceMeters>486.4</DistanceMeters><Position><LatitudeDegrees>50.598626</LatitudeDegrees><LongitudeDegrees>3.061064</LongitudeDegrees></Position><AltitudeMeters>43.3</AltitudeMeters><Extensions><TPX xmlns="http://www.garmin.com/xmlschemas/ActivityExtension/v2"><Speed>3.1</Speed></TPX></Extensions></Trackpoint><Trackpoint><Time>2026-03-11T16:43:10+00:00</Time><DistanceMeters>486.4</DistanceMeters><Position><LatitudeDegrees>50.59864</LatitudeDegrees><LongitudeDegrees>3.06108</LongitudeDegrees></Position><AltitudeMeters>43.3</AltitudeMeters><Extensions><TPX xmlns="http://www.garmin.com/xmlschemas/ActivityExtension/v2"><Speed>2.44</Speed></TPX></Extensions></Trackpoint><Trackpoint><Time>2026-03-11T16:43:11+00:00</Time><DistanceMeters>489.9</DistanceMeters><Position><LatitudeDegrees>50.598641</LatitudeDegrees><LongitudeDegrees>3.061107</LongitudeDegrees></Position><AltitudeMeters>43.2</AltitudeMeters><Extensions><TPX xmlns="http://www.garmin.com/xmlschemas/ActivityExtension/v2"><Speed>2.44</Speed></TPX></Extensions></Trackpoint><Trackpoint><Time>2026-03-11T16:43:12+00:00</Time><DistanceMeters>492.9</DistanceMeters><Position><LatitudeDegrees>50.598642</LatitudeDegrees><LongitudeDegrees>3.061169</LongitudeDegrees></Position><AltitudeMeters>43.2</AltitudeMeters><Extensions><TPX xmlns="http://www.garmin.com/xmlschemas/ActivityExtension/v2"><Speed>2.21</Speed></TPX></Extensions></Trackpoint><Trackpoint><Time>2026-03-11T16:43:13+00:00</Time><DistanceMeters>495.8</DistanceMeters><Position><LatitudeDegrees>50.598645</LatitudeDegrees><LongitudeDegrees>3.061191</LongitudeDegrees></Position><AltitudeMeters>43.2</AltitudeMeters><Extensions><TPX xmlns="http://www.garmin.com/xmlschemas/ActivityExtension/v2"><Speed>2.34</Speed></TPX></Extensions></Trackpoint><Trackpoint><Time>2026-03-11T16:43:14+00:00</Time><DistanceMeters>499.2</DistanceMeters><Position><LatitudeDegrees>50.598645</LatitudeDegrees><LongitudeDegrees>3.061239</LongitudeDegrees></Position><AltitudeMeters>43.1</AltitudeMeters><Extensions><TPX xmlns="http://www.garmin.com/xmlschemas/ActivityExtension/v2"><Speed>2.56</Speed></TPX></Extensions></Trackpoint><Trackpoint><Time>2026-03-11T16:43:15+00:00</Time><DistanceMeters>502.3</DistanceMeters><Position><LatitudeDegrees>50.598648</LatitudeDegrees><LongitudeDegrees>3.061282</LongitudeDegrees></Position><AltitudeMeters>43.1</AltitudeMeters><Extensions><TPX xmlns="http://www.garmin.com/xmlschemas/ActivityExtension/v2"><Speed>3.18</Speed></TPX></Extensions></Trackpoint><Trackpoint><Time>2026-03-11T16:43:16+00:00</Time><DistanceMeters>504.9</DistanceMeters><Position><LatitudeDegrees>50.598647</LatitudeDegrees><LongitudeDegrees>3.061337</LongitudeDegrees></Position><AltitudeMeters>43.1</AltitudeMeters><Extensions><TPX xmlns="http://www.garmin.com/xmlschemas/ActivityExtension/v2"><Speed>3.0</Speed></TPX></Extensions></Trackpoint><Trackpoint><Time>2026-03-11T16:43:17+00:00</Time><DistanceMeters>507.5</DistanceMeters><Position><LatitudeDegrees>50.598648</LatitudeDegrees><LongitudeDegrees>3.061356</LongitudeDegrees></Position><AltitudeMeters>43.1</AltitudeMeters><Extensions><TPX xmlns="http://www.garmin.com/xmlschemas/ActivityExtension/v2"><Speed>2.93</Speed></TPX></Extensions></Trackpoint><Trackpoint><Time>2026-03-11T16:43:18+00:00</Time><DistanceMeters>510.2</DistanceMeters><Position><LatitudeDegrees>50.598659</LatitudeDegrees><LongitudeDegrees>3.061408</LongitudeDegrees></Position><AltitudeMeters>43.0</AltitudeMeters><Extensions><TPX xmlns="http://www.garmin.com/xmlschemas/ActivityExtension/v2"><Speed>2.88</Speed></TPX></Extensions></Trackpoint><Trackpoint><Time>2026-03-11T16:43:19+00:00</Time><DistanceMeters>512.9</DistanceMeters><Position><LatitudeDegrees>50.598663</LatitudeDegrees><LongitudeDegrees>3.061428</LongitudeDegrees></Position><AltitudeMeters>43.0</AltitudeMeters><Extensions><TPX xmlns="http://www.garmin.com/xmlschemas/ActivityExtension/v2"><Speed>2.74</Speed></TPX></Extensions></Trackpoint><Trackpoint><Time>2026-03-11T16:43:20+00:00</Time><DistanceMeters>515.6</DistanceMeters><Position><LatitudeDegrees>50.598669</LatitudeDegrees><LongitudeDegrees>3.06148</LongitudeDegrees></Position><AltitudeMeters>43.0</AltitudeMeters><Extensions><TPX xmlns="http://www.garmin.com/xmlschemas/ActivityExtension/v2"><Speed>2.65</Speed></TPX></Extensions></Trackpoint><Trackpoint><Time>2026-03-11T16:43:21+00:00</Time><DistanceMeters>518.2</DistanceMeters><Position><LatitudeDegrees>50.598669</LatitudeDegrees><LongitudeDegrees>3.061502</LongitudeDegrees></Position><AltitudeMeters>43.0</AltitudeMeters><Extensions><TPX xmlns="http://www.garmin.com/xmlschemas/ActivityExtension/v2"><Speed>2.66</Speed></TPX></Extensions></Trackpoint><Trackpoint><Time>2026-03-11T16:43:22+00:00</Time><DistanceMeters>520.3</DistanceMeters><Position><LatitudeDegrees>50.598667</LatitudeDegrees><LongitudeDegrees>3.061545</LongitudeDegrees></Position><AltitudeMeters>42.9</AltitudeMeters><Extensions><TPX xmlns="http://www.garmin.com/xmlschemas/ActivityExtension/v2"><Speed>2.55</Speed></TPX></Extensions></Trackpoint><Trackpoint><Time>2026-03-11T16:43:23+00:00</Time><DistanceMeters>522.3</DistanceMeters><Position><LatitudeDegrees>50.598664</LatitudeDegrees><LongitudeDegrees>3.06156</LongitudeDegrees></Position><AltitudeMeters>42.9</AltitudeMeters><Extensions><TPX xmlns="http://www.garmin.com/xmlschemas/ActivityExtension/v2"><Speed>2.42</Speed></TPX></Extensions></Trackpoint><Trackpoint><Time>2026-03-11T16:43:24+00:00</Time><DistanceMeters>525.0</DistanceMeters><Position><LatitudeDegrees>50.598672</LatitudeDegrees><LongitudeDegrees>3.061617</LongitudeDegrees></Position><AltitudeMeters>42.9</AltitudeMeters><Extensions><TPX xmlns="http://www.garmin.com/xmlschemas/ActivityExtension/v2"><Speed>2.42</Speed></TPX></Extensions></Trackpoint><Trackpoint><Time>2026-03-11T16:43:25+00:00</Time><DistanceMeters>527.7</DistanceMeters><Position><LatitudeDegrees>50.598674</LatitudeDegrees><LongitudeDegrees>3.061634</LongitudeDegrees></Position><AltitudeMeters>42.9</AltitudeMeters><Extensions><TPX xmlns="http://www.garmin.com/xmlschemas/ActivityExtension/v2"><Speed>2.43</Speed></TPX></Extensions></Trackpoint><Trackpoint><Time>2026-03-11T16:43:26+00:00</Time><DistanceMeters>530.1</DistanceMeters><Position><LatitudeDegrees>50.598674</LatitudeDegrees><LongitudeDegrees>3.061685</LongitudeDegrees></Position><AltitudeMeters>42.8</AltitudeMeters><Extensions><TPX xmlns="http://www.garmin.com/xmlschemas/ActivityExtension/v2"><Speed>2.38</Speed></TPX></Extensions></Trackpoint><Trackpoint><Time>2026-03-11T16:43:27+00:00</Time><DistanceMeters>532.5</DistanceMeters><Position><LatitudeDegrees>50.598678</LatitudeDegrees><LongitudeDegrees>3.061701</LongitudeDegrees></Position><AltitudeMeters>42.8</AltitudeMeters><Extensions><TPX xmlns="http://www.garmin.com/xmlschemas/ActivityExtension/v2"><Speed>2.45</Speed></TPX></Extensions></Trackpoint><Trackpoint><Time>2026-03-11T16:43:28+00:00</Time><DistanceMeters>535.7</DistanceMeters><Position><LatitudeDegrees>50.598673</LatitudeDegrees><LongitudeDegrees>3.061745</LongitudeDegrees></Position><AltitudeMeters>42.8</AltitudeMeters><Extensions><TPX xmlns="http://www.garmin.com/xmlschemas/ActivityExtension/v2"><Speed>2.68</Speed></TPX></Extensions></Trackpoint><Trackpoint><Time>2026-03-11T16:43:29+00:00</Time><DistanceMeters>538.9</DistanceMeters><Position><LatitudeDegrees>50.598676</LatitudeDegrees><LongitudeDegrees>3.06179</LongitudeDegrees></Position><AltitudeMeters>42.8</AltitudeMeters><Extensions><TPX xmlns="http://www.garmin.com/xmlschemas/ActivityExtension/v2"><Speed>2.78</Speed></TPX></Extensions></Trackpoint><Trackpoint><Time>2026-03-11T16:43:30+00:00</Time><DistanceMeters>541.3</DistanceMeters><Position><LatitudeDegrees>50.598675</LatitudeDegrees><LongitudeDegrees>3.061844</LongitudeDegrees></Position><AltitudeMeters>42.7</AltitudeMeters><Extensions><TPX xmlns="http://www.garmin.com/xmlschemas/ActivityExtension/v2"><Speed>2.73</Speed></TPX></Extensions></Trackpoint><Trackpoint><Time>2026-03-11T16:43:31+00:00</Time><DistanceMeters>543.8</DistanceMeters><Position><LatitudeDegrees>50.598673</LatitudeDegrees><LongitudeDegrees>3.061859</LongitudeDegrees></Position><AltitudeMeters>42.7</AltitudeMeters><Extensions><TPX xmlns="http://www.garmin.com/xmlschemas/ActivityExtension/v2"><Speed>2.74</Speed></TPX></Extensions></Trackpoint><Trackpoint><Time>2026-03-11T16:43:32+00:00</Time><DistanceMeters>546.8</DistanceMeters><Position><LatitudeDegrees>50.598672</LatitudeDegrees><LongitudeDegrees>3.061924</LongitudeDegrees></Position><AltitudeMeters>42.7</AltitudeMeters><Extensions><TPX xmlns="http://www.garmin.com/xmlschemas/ActivityExtension/v2"><Speed>2.87</Speed></TPX></Extensions></Trackpoint><Trackpoint><Time>2026-03-11T16:43:33+00:00</Time><DistanceMeters>549.9</DistanceMeters><Position><LatitudeDegrees>50.598672</LatitudeDegrees><LongitudeDegrees>3.061946</LongitudeDegrees></Position><AltitudeMeters>42.7</AltitudeMeters><Extensions><TPX xmlns="http://www.garmin.com/xmlschemas/ActivityExtension/v2"><Speed>2.84</Speed></TPX></Extensions></Trackpoint><Trackpoint><Time>2026-03-11T16:43:34+00:00</Time><DistanceMeters>553.8</DistanceMeters><Position><LatitudeDegrees>50.59867</LatitudeDegrees><LongitudeDegrees>3.062001</LongitudeDegrees></Position><AltitudeMeters>42.6</AltitudeMeters><Extensions><TPX xmlns="http://www.garmin.com/xmlschemas/ActivityExtension/v2"><Speed>2.98</Speed></TPX></Extensions></Trackpoint><Trackpoint><Time>2026-03-11T16:43:35+00:00</Time><DistanceMeters>556.8</DistanceMeters><Position><LatitudeDegrees>50.598673</LatitudeDegrees><LongitudeDegrees>3.062058</LongitudeDegrees></Position><AltitudeMeters>42.6</AltitudeMeters><Extensions><TPX xmlns="http://www.garmin.com/xmlschemas/ActivityExtension/v2"><Speed>3.08</Speed></TPX></Extensions></Trackpoint><Trackpoint><Time>2026-03-11T16:43:36+00:00</Time><DistanceMeters>559.7</DistanceMeters><Position><LatitudeDegrees>50.598673</LatitudeDegrees><LongitudeDegrees>3.062085</LongitudeDegrees></Position><AltitudeMeters>42.6</AltitudeMeters><Extensions><TPX xmlns="http://www.garmin.com/xmlschemas/ActivityExtension/v2"><Speed>3.18</Speed></TPX></Extensions></Trackpoint><Trackpoint><Time>2026-03-11T16:43:37+00:00</Time><DistanceMeters>562.7</DistanceMeters><Position><LatitudeDegrees>50.598677</LatitudeDegrees><LongitudeDegrees>3.062145</LongitudeDegrees></Position><AltitudeMeters>42.5</AltitudeMeters><Extensions><TPX xmlns="http://www.garmin.com/xmlschemas/ActivityExtension/v2"><Speed>3.17</Speed></TPX></Extensions></Trackpoint><Trackpoint><Time>2026-03-11T16:43:38+00:00</Time><DistanceMeters>565.7</DistanceMeters><Position><LatitudeDegrees>50.598677</LatitudeDegrees><LongitudeDegrees>3.062168</LongitudeDegrees></Position><AltitudeMeters>42.5</AltitudeMeters><Extensions><TPX xmlns="http://www.garmin.com/xmlschemas/ActivityExtension/v2"><Speed>3.16</Speed></TPX></Extensions></Trackpoint><Trackpoint><Time>2026-03-11T16:43:39+00:00</Time><DistanceMeters>569.1</DistanceMeters><Position><LatitudeDegrees>50.598685</LatitudeDegrees><LongitudeDegrees>3.062215</LongitudeDegrees></Position><AltitudeMeters>42.5</AltitudeMeters><Extensions><TPX xmlns="http://www.garmin.com/xmlschemas/ActivityExtension/v2"><Speed>3.06</Speed></TPX></Extensions></Trackpoint><Trackpoint><Time>2026-03-11T16:43:40+00:00</Time><DistanceMeters>573.0</DistanceMeters><Position><LatitudeDegrees>50.59869</LatitudeDegrees><LongitudeDegrees>3.06227</LongitudeDegrees></Position><AltitudeMeters>42.5</AltitudeMeters><Extensions><TPX xmlns="http://www.garmin.com/xmlschemas/ActivityExtension/v2"><Speed>3.25</Speed></TPX></Extensions></Trackpoint><Trackpoint><Time>2026-03-11T16:43:41+00:00</Time><DistanceMeters>576.0</DistanceMeters><Position><LatitudeDegrees>50.598687</LatitudeDegrees><LongitudeDegrees>3.06233</LongitudeDegrees></Position><AltitudeMeters>42.4</AltitudeMeters><Extensions><TPX xmlns="http://www.garmin.com/xmlschemas/ActivityExtension/v2"><Speed>3.25</Speed></TPX></Extensions></Trackpoint><Trackpoint><Time>2026-03-11T16:43:42+00:00</Time><DistanceMeters>578.9</DistanceMeters><Position><LatitudeDegrees>50.598685</LatitudeDegrees><LongitudeDegrees>3.062352</LongitudeDegrees></Position><AltitudeMeters>42.4</AltitudeMeters><Extensions><TPX xmlns="http://www.garmin.com/xmlschemas/ActivityExtension/v2"><Speed>3.24</Speed></TPX></Extensions></Trackpoint><Trackpoint><Time>2026-03-11T16:43:43+00:00</Time><DistanceMeters>582.2</DistanceMeters><Position><LatitudeDegrees>50.598687</LatitudeDegrees><LongitudeDegrees>3.062399</LongitudeDegrees></Position><AltitudeMeters>42.4</AltitudeMeters><Extensions><TPX xmlns="http://www.garmin.com/xmlschemas/ActivityExtension/v2"><Speed>3.3</Speed></TPX></Extensions></Trackpoint><Trackpoint><Time>2026-03-11T16:43:44+00:00</Time><DistanceMeters>585.4</DistanceMeters><Position><LatitudeDegrees>50.598689</LatitudeDegrees><LongitudeDegrees>3.062444</LongitudeDegrees></Position><AltitudeMeters>42.4</AltitudeMeters><Extensions><TPX xmlns="http://www.garmin.com/xmlschemas/ActivityExtension/v2"><Speed>3.26</Speed></TPX></Extensions></Trackpoint><Trackpoint><Time>2026-03-11T16:43:45+00:00</Time><DistanceMeters>588.5</DistanceMeters><Position><LatitudeDegrees>50.598687</LatitudeDegrees><LongitudeDegrees>3.062488</LongitudeDegrees></Position><AltitudeMeters>42.4</AltitudeMeters><Extensions><TPX xmlns="http://www.garmin.com/xmlschemas/ActivityExtension/v2"><Speed>3.1</Speed></TPX></Extensions></Trackpoint><Trackpoint><Time>2026-03-11T16:43:46+00:00</Time><DistanceMeters>591.6</DistanceMeters><Position><LatitudeDegrees>50.598692</LatitudeDegrees><LongitudeDegrees>3.062531</LongitudeDegrees></Position><AltitudeMeters>42.3</AltitudeMeters><Extensions><TPX xmlns="http://www.garmin.com/xmlschemas/ActivityExtension/v2"><Speed>3.13</Speed></TPX></Extensions></Trackpoint><Trackpoint><Time>2026-03-11T16:43:47+00:00</Time><DistanceMeters>594.2</DistanceMeters><Position><LatitudeDegrees>50.598697</LatitudeDegrees><LongitudeDegrees>3.062587</LongitudeDegrees></Position><AltitudeMeters>42.3</AltitudeMeters><Extensions><TPX xmlns="http://www.garmin.com/xmlschemas/ActivityExtension/v2"><Speed>3.06</Speed></TPX></Extensions></Trackpoint><Trackpoint><Time>2026-03-11T16:43:48+00:00</Time><DistanceMeters>596.8</DistanceMeters><Position><LatitudeDegrees>50.598699</LatitudeDegrees><LongitudeDegrees>3.062605</LongitudeDegrees></Position><AltitudeMeters>42.3</AltitudeMeters><Extensions><TPX xmlns="http://www.garmin.com/xmlschemas/ActivityExtension/v2"><Speed>2.92</Speed></TPX></Extensions></Trackpoint><Trackpoint><Time>2026-03-11T16:43:49+00:00</Time><DistanceMeters>599.9</DistanceMeters><Position><LatitudeDegrees>50.5987</LatitudeDegrees><LongitudeDegrees>3.062647</LongitudeDegrees></Position><AltitudeMeters>42.3</AltitudeMeters><Extensions><TPX xmlns="http://www.garmin.com/xmlschemas/ActivityExtension/v2"><Speed>2.9</Speed></TPX></Extensions></Trackpoint><Trackpoint><Time>2026-03-11T16:43:50+00:00</Time><DistanceMeters>602.2</DistanceMeters><Position><LatitudeDegrees>50.598701</LatitudeDegrees><LongitudeDegrees>3.062696</LongitudeDegrees></Position><AltitudeMeters>42.2</AltitudeMeters><Extensions><TPX xmlns="http://www.garmin.com/xmlschemas/ActivityExtension/v2"><Speed>2.73</Speed></TPX></Extensions></Trackpoint><Trackpoint><Time>2026-03-11T16:43:51+00:00</Time><DistanceMeters>604.4</DistanceMeters><Position><LatitudeDegrees>50.598703</LatitudeDegrees><LongitudeDegrees>3.062711</LongitudeDegrees></Position><AltitudeMeters>42.2</AltitudeMeters><Extensions><TPX xmlns="http://www.garmin.com/xmlschemas/ActivityExtension/v2"><Speed>2.56</Speed></TPX></Extensions></Trackpoint><Trackpoint><Time>2026-03-11T16:43:52+00:00</Time><DistanceMeters>607.5</DistanceMeters><Position><LatitudeDegrees>50.598708</LatitudeDegrees><LongitudeDegrees>3.062753</LongitudeDegrees></Position><AltitudeMeters>42.2</AltitudeMeters><Extensions><TPX xmlns="http://www.garmin.com/xmlschemas/ActivityExtension/v2"><Speed>2.66</Speed></TPX></Extensions></Trackpoint><Trackpoint><Time>2026-03-11T16:43:53+00:00</Time><DistanceMeters>610.2</DistanceMeters><Position><LatitudeDegrees>50.598708</LatitudeDegrees><LongitudeDegrees>3.06281</LongitudeDegrees></Position><AltitudeMeters>42.2</AltitudeMeters><Extensions><TPX xmlns="http://www.garmin.com/xmlschemas/ActivityExtension/v2"><Speed>2.67</Speed></TPX></Extensions></Trackpoint><Trackpoint><Time>2026-03-11T16:43:54+00:00</Time><DistanceMeters>612.8</DistanceMeters><Position><LatitudeDegrees>50.598707</LatitudeDegrees><LongitudeDegrees>3.062828</LongitudeDegrees></Position><AltitudeMeters>42.2</AltitudeMeters><Extensions><TPX xmlns="http://www.garmin.com/xmlschemas/ActivityExtension/v2"><Speed>2.58</Speed></TPX></Extensions></Trackpoint><Trackpoint><Time>2026-03-11T16:43:55+00:00</Time><DistanceMeters>615.9</DistanceMeters><Position><LatitudeDegrees>50.598705</LatitudeDegrees><LongitudeDegrees>3.062872</LongitudeDegrees></Position><AltitudeMeters>42.1</AltitudeMeters><Extensions><TPX xmlns="http://www.garmin.com/xmlschemas/ActivityExtension/v2"><Speed>2.75</Speed></TPX></Extensions></Trackpoint><Trackpoint><Time>2026-03-11T16:43:56+00:00</Time><DistanceMeters>618.1</DistanceMeters><Position><LatitudeDegrees>50.598714</LatitudeDegrees><LongitudeDegrees>3.062912</LongitudeDegrees></Position><AltitudeMeters>42.1</AltitudeMeters><Extensions><TPX xmlns="http://www.garmin.com/xmlschemas/ActivityExtension/v2"><Speed>2.74</Speed></TPX></Extensions></Trackpoint><Trackpoint><Time>2026-03-11T16:43:57+00:00</Time><DistanceMeters>620.3</DistanceMeters><Position><LatitudeDegrees>50.598715</LatitudeDegrees><LongitudeDegrees>3.062933</LongitudeDegrees></Position><AltitudeMeters>42.1</AltitudeMeters><Extensions><TPX xmlns="http://www.garmin.com/xmlschemas/ActivityExtension/v2"><Speed>2.56</Speed></TPX></Extensions></Trackpoint><Trackpoint><Time>2026-03-11T16:43:58+00:00</Time><DistanceMeters>623.3</DistanceMeters><Position><LatitudeDegrees>50.598715</LatitudeDegrees><LongitudeDegrees>3.062995</LongitudeDegrees></Position><AltitudeMeters>42.1</AltitudeMeters><Extensions><TPX xmlns="http://www.garmin.com/xmlschemas/ActivityExtension/v2"><Speed>2.63</Speed></TPX></Extensions></Trackpoint><Trackpoint><Time>2026-03-11T16:43:59+00:00</Time><DistanceMeters>626.3</DistanceMeters><Position><LatitudeDegrees>50.598715</LatitudeDegrees><LongitudeDegrees>3.063018</LongitudeDegrees></Position><AltitudeMeters>42.1</AltitudeMeters><Extensions><TPX xmlns="http://www.garmin.com/xmlschemas/ActivityExtension/v2"><Speed>2.7</Speed></TPX></Extensions></Trackpoint><Trackpoint><Time>2026-03-11T16:44:00+00:00</Time><DistanceMeters>628.3</DistanceMeters><Position><LatitudeDegrees>50.598713</LatitudeDegrees><LongitudeDegrees>3.063057</LongitudeDegrees></Position><AltitudeMeters>42.1</AltitudeMeters><Extensions><TPX xmlns="http://www.garmin.com/xmlschemas/ActivityExtension/v2"><Speed>2.49</Speed></TPX></Extensions></Trackpoint><Trackpoint><Time>2026-03-11T16:44:01+00:00</Time><DistanceMeters>630.4</DistanceMeters><Position><LatitudeDegrees>50.598714</LatitudeDegrees><LongitudeDegrees>3.063076</LongitudeDegrees></Position><AltitudeMeters>42.0</AltitudeMeters><Extensions><TPX xmlns="http://www.garmin.com/xmlschemas/ActivityExtension/v2"><Speed>2.46</Speed></TPX></Extensions></Trackpoint><Trackpoint><Time>2026-03-11T16:44:02+00:00</Time><DistanceMeters>633.6</DistanceMeters><Position><LatitudeDegrees>50.598722</LatitudeDegrees><LongitudeDegrees>3.063118</LongitudeDegrees></Position><AltitudeMeters>42.0</AltitudeMeters><Extensions><TPX xmlns="http://www.garmin.com/xmlschemas/ActivityExtension/v2"><Speed>2.66</Speed></TPX></Extensions></Trackpoint><Trackpoint><Time>2026-03-11T16:44:03+00:00</Time><DistanceMeters>636.3</DistanceMeters><Position><LatitudeDegrees>50.598726</LatitudeDegrees><LongitudeDegrees>3.063177</LongitudeDegrees></Position><AltitudeMeters>42.0</AltitudeMeters><Extensions><TPX xmlns="http://www.garmin.com/xmlschemas/ActivityExtension/v2"><Speed>2.59</Speed></TPX></Extensions></Trackpoint><Trackpoint><Time>2026-03-11T16:44:04+00:00</Time><DistanceMeters>638.9</DistanceMeters><Position><LatitudeDegrees>50.598725</LatitudeDegrees><LongitudeDegrees>3.063194</LongitudeDegrees></Position><AltitudeMeters>42.0</AltitudeMeters><Extensions><TPX xmlns="http://www.garmin.com/xmlschemas/ActivityExtension/v2"><Speed>2.52</Speed></TPX></Extensions></Trackpoint><Trackpoint><Time>2026-03-11T16:44:05+00:00</Time><DistanceMeters>640.5</DistanceMeters><Position><LatitudeDegrees>50.598718</LatitudeDegrees><LongitudeDegrees>3.063227</LongitudeDegrees></Position><AltitudeMeters>42.0</AltitudeMeters><Extensions><TPX xmlns="http://www.garmin.com/xmlschemas/ActivityExtension/v2"><Speed>2.423</Speed></TPX></Extensions></Trackpoint><Trackpoint><Time>2026-03-11T16:44:06+00:00</Time><DistanceMeters>642.0</DistanceMeters><Position><LatitudeDegrees>50.598705</LatitudeDegrees><LongitudeDegrees>3.063231</LongitudeDegrees></Position><AltitudeMeters>42.0</AltitudeMeters><Extensions><TPX xmlns="http://www.garmin.com/xmlschemas/ActivityExtension/v2"><Speed>2.327</Speed></TPX></Extensions></Trackpoint><Trackpoint><Time>2026-03-11T16:44:07+00:00</Time><DistanceMeters>643.6</DistanceMeters><Position><LatitudeDegrees>50.598693</LatitudeDegrees><LongitudeDegrees>3.063235</LongitudeDegrees></Position><AltitudeMeters>42.0</AltitudeMeters><Extensions><TPX xmlns="http://www.garmin.com/xmlschemas/ActivityExtension/v2"><Speed>2.0</Speed></TPX></Extensions></Trackpoint><Trackpoint><Time>2026-03-11T16:44:08+00:00</Time><DistanceMeters>647.0</DistanceMeters><Position><LatitudeDegrees>50.598678</LatitudeDegrees><LongitudeDegrees>3.063278</LongitudeDegrees></Position><AltitudeMeters>42.0</AltitudeMeters><Extensions><TPX xmlns="http://www.garmin.com/xmlschemas/ActivityExtension/v2"><Speed>2.15</Speed></TPX></Extensions></Trackpoint><Trackpoint><Time>2026-03-11T16:44:09+00:00</Time><DistanceMeters>650.2</DistanceMeters><Position><LatitudeDegrees>50.598656</LatitudeDegrees><LongitudeDegrees>3.063307</LongitudeDegrees></Position><AltitudeMeters>42.0</AltitudeMeters><Extensions><TPX xmlns="http://www.garmin.com/xmlschemas/ActivityExtension/v2"><Speed>2.26</Speed></TPX></Extensions></Trackpoint><Trackpoint><Time>2026-03-11T16:44:10+00:00</Time><DistanceMeters>653.0</DistanceMeters><Position><LatitudeDegrees>50.598622</LatitudeDegrees><LongitudeDegrees>3.063322</LongitudeDegrees></Position><AltitudeMeters>42.0</AltitudeMeters><Extensions><TPX xmlns="http://www.garmin.com/xmlschemas/ActivityExtension/v2"><Speed>2.497</Speed></TPX></Extensions></Trackpoint><Trackpoint><Time>2026-03-11T16:44:11+00:00</Time><DistanceMeters>655.7</DistanceMeters><Position><LatitudeDegrees>50.598608</LatitudeDegrees><LongitudeDegrees>3.063327</LongitudeDegrees></Position><AltitudeMeters>42.0</AltitudeMeters><Extensions><TPX xmlns="http://www.garmin.com/xmlschemas/ActivityExtension/v2"><Speed>2.733</Speed></TPX></Extensions></Trackpoint><Trackpoint><Time>2026-03-11T16:44:12+00:00</Time><DistanceMeters>658.3</DistanceMeters><Position><LatitudeDegrees>50.598575</LatitudeDegrees><LongitudeDegrees>3.063338</LongitudeDegrees></Position><AltitudeMeters>42.1</AltitudeMeters><Extensions><TPX xmlns="http://www.garmin.com/xmlschemas/ActivityExtension/v2"><Speed>2.93</Speed></TPX></Extensions></Trackpoint><Trackpoint><Time>2026-03-11T16:44:13+00:00</Time><DistanceMeters>660.8</DistanceMeters><Position><LatitudeDegrees>50.598563</LatitudeDegrees><LongitudeDegrees>3.063339</LongitudeDegrees></Position><AltitudeMeters>42.1</AltitudeMeters><Extensions><TPX xmlns="http://www.garmin.com/xmlschemas/ActivityExtension/v2"><Speed>2.76</Speed></TPX></Extensions></Trackpoint><Trackpoint><Time>2026-03-11T16:44:14+00:00</Time><DistanceMeters>660.8</DistanceMeters><Position><LatitudeDegrees>50.598546</LatitudeDegrees><LongitudeDegrees>3.063342</LongitudeDegrees></Position><AltitudeMeters>42.1</AltitudeMeters><Extensions><TPX xmlns="http://www.garmin.com/xmlschemas/ActivityExtension/v2"><Speed>2.12</Speed></TPX></Extensions></Trackpoint><Trackpoint><Time>2026-03-11T16:44:15+00:00</Time><DistanceMeters>664.7</DistanceMeters><Position><LatitudeDegrees>50.598528</LatitudeDegrees><LongitudeDegrees>3.06333</LongitudeDegrees></Position><AltitudeMeters>42.2</AltitudeMeters><Extensions><TPX xmlns="http://www.garmin.com/xmlschemas/ActivityExtension/v2"><Speed>2.35</Speed></TPX></Extensions></Trackpoint><Trackpoint><Time>2026-03-11T16:44:16+00:00</Time><DistanceMeters>667.0</DistanceMeters><Position><LatitudeDegrees>50.598501</LatitudeDegrees><LongitudeDegrees>3.06331</LongitudeDegrees></Position><AltitudeMeters>42.2</AltitudeMeters><Extensions><TPX xmlns="http://www.garmin.com/xmlschemas/ActivityExtension/v2"><Speed>2.26</Speed></TPX></Extensions></Trackpoint><Trackpoint><Time>2026-03-11T16:44:17+00:00</Time><DistanceMeters>669.3</DistanceMeters><Position><LatitudeDegrees>50.59849</LatitudeDegrees><LongitudeDegrees>3.063307</LongitudeDegrees></Position><AltitudeMeters>42.2</AltitudeMeters><Extensions><TPX xmlns="http://www.garmin.com/xmlschemas/ActivityExtension/v2"><Speed>2.21</Speed></TPX></Extensions></Trackpoint><Trackpoint><Time>2026-03-11T16:44:18+00:00</Time><DistanceMeters>672.3</DistanceMeters><Position><LatitudeDegrees>50.59845</LatitudeDegrees><LongitudeDegrees>3.063298</LongitudeDegrees></Position><AltitudeMeters>42.3</AltitudeMeters><Extensions><TPX xmlns="http://www.garmin.com/xmlschemas/ActivityExtension/v2"><Speed>2.3</Speed></TPX></Extensions></Trackpoint><Trackpoint><Time>2026-03-11T16:44:19+00:00</Time><DistanceMeters>675.3</DistanceMeters><Position><LatitudeDegrees>50.598436</LatitudeDegrees><LongitudeDegrees>3.063294</LongitudeDegrees></Position><AltitudeMeters>42.4</AltitudeMeters><Extensions><TPX xmlns="http://www.garmin.com/xmlschemas/ActivityExtension/v2"><Speed>2.9</Speed></TPX></Extensions></Trackpoint><Trackpoint><Time>2026-03-11T16:44:20+00:00</Time><DistanceMeters>677.4</DistanceMeters><Position><LatitudeDegrees>50.598413</LatitudeDegrees><LongitudeDegrees>3.063273</LongitudeDegrees></Position><AltitudeMeters>42.4</AltitudeMeters><Extensions><TPX xmlns="http://www.garmin.com/xmlschemas/ActivityExtension/v2"><Speed>2.54</Speed></TPX></Extensions></Trackpoint><Trackpoint><Time>2026-03-11T16:44:21+00:00</Time><DistanceMeters>679.5</DistanceMeters><Position><LatitudeDegrees>50.598403</LatitudeDegrees><LongitudeDegrees>3.063266</LongitudeDegrees></Position><AltitudeMeters>42.4</AltitudeMeters><Extensions><TPX xmlns="http://www.garmin.com/xmlschemas/ActivityExtension/v2"><Speed>2.5</Speed></TPX></Extensions></Trackpoint><Trackpoint><Time>2026-03-11T16:44:22+00:00</Time><DistanceMeters>682.0</DistanceMeters><Position><LatitudeDegrees>50.598378</LatitudeDegrees><LongitudeDegrees>3.063234</LongitudeDegrees></Position><AltitudeMeters>42.5</AltitudeMeters><Extensions><TPX xmlns="http://www.garmin.com/xmlschemas/ActivityExtension/v2"><Speed>2.54</Speed></TPX></Extensions></Trackpoint><Trackpoint><Time>2026-03-11T16:44:23+00:00</Time><DistanceMeters>684.5</DistanceMeters><Position><LatitudeDegrees>50.598369</LatitudeDegrees><LongitudeDegrees>3.063221</LongitudeDegrees></Position><AltitudeMeters>42.5</AltitudeMeters><Extensions><TPX xmlns="http://www.garmin.com/xmlschemas/ActivityExtension/v2"><Speed>2.44</Speed></TPX></Extensions></Trackpoint><Trackpoint><Time>2026-03-11T16:44:24+00:00</Time><DistanceMeters>686.9</DistanceMeters><Position><LatitudeDegrees>50.598337</LatitudeDegrees><LongitudeDegrees>3.063205</LongitudeDegrees></Position><AltitudeMeters>42.6</AltitudeMeters><Extensions><TPX xmlns="http://www.garmin.com/xmlschemas/ActivityExtension/v2"><Speed>2.32</Speed></TPX></Extensions></Trackpoint><Trackpoint><Time>2026-03-11T16:44:25+00:00</Time><DistanceMeters>689.3</DistanceMeters><Position><LatitudeDegrees>50.598327</LatitudeDegrees><LongitudeDegrees>3.063201</LongitudeDegrees></Position><AltitudeMeters>42.6</AltitudeMeters><Extensions><TPX xmlns="http://www.garmin.com/xmlschemas/ActivityExtension/v2"><Speed>2.38</Speed></TPX></Extensions></Trackpoint><Trackpoint><Time>2026-03-11T16:44:26+00:00</Time><DistanceMeters>692.6</DistanceMeters><Position><LatitudeDegrees>50.5983</LatitudeDegrees><LongitudeDegrees>3.063182</LongitudeDegrees></Position><AltitudeMeters>42.7</AltitudeMeters><Extensions><TPX xmlns="http://www.garmin.com/xmlschemas/ActivityExtension/v2"><Speed>2.62</Speed></TPX></Extensions></Trackpoint><Trackpoint><Time>2026-03-11T16:44:27+00:00</Time><DistanceMeters>695.2</DistanceMeters><Position><LatitudeDegrees>50.59827</LatitudeDegrees><LongitudeDegrees>3.063158</LongitudeDegrees></Position><AltitudeMeters>42.8</AltitudeMeters><Extensions><TPX xmlns="http://www.garmin.com/xmlschemas/ActivityExtension/v2"><Speed>2.64</Speed></TPX></Extensions></Trackpoint><Trackpoint><Time>2026-03-11T16:44:28+00:00</Time><DistanceMeters>697.8</DistanceMeters><Position><LatitudeDegrees>50.598259</LatitudeDegrees><LongitudeDegrees>3.063147</LongitudeDegrees></Position><AltitudeMeters>42.8</AltitudeMeters><Extensions><TPX xmlns="http://www.garmin.com/xmlschemas/ActivityExtension/v2"><Speed>2.66</Speed></TPX></Extensions></Trackpoint><Trackpoint><Time>2026-03-11T16:44:29+00:00</Time><DistanceMeters>700.5</DistanceMeters><Position><LatitudeDegrees>50.598229</LatitudeDegrees><LongitudeDegrees>3.063113</LongitudeDegrees></Position><AltitudeMeters>42.9</AltitudeMeters><Extensions><TPX xmlns="http://www.garmin.com/xmlschemas/ActivityExtension/v2"><Speed>2.71</Speed></TPX></Extensions></Trackpoint><Trackpoint><Time>2026-03-11T16:44:30+00:00</Time><DistanceMeters>703.1</DistanceMeters><Position><LatitudeDegrees>50.598218</LatitudeDegrees><LongitudeDegrees>3.063109</LongitudeDegrees></Position><AltitudeMeters>42.9</AltitudeMeters><Extensions><TPX xmlns="http://www.garmin.com/xmlschemas/ActivityExtension/v2"><Speed>2.76</Speed></TPX></Extensions></Trackpoint><Trackpoint><Time>2026-03-11T16:44:31+00:00</Time><DistanceMeters>705.6</DistanceMeters><Position><LatitudeDegrees>50.598185</LatitudeDegrees><LongitudeDegrees>3.063091</LongitudeDegrees></Position><AltitudeMeters>42.9</AltitudeMeters><Extensions><TPX xmlns="http://www.garmin.com/xmlschemas/ActivityExtension/v2"><Speed>2.6</Speed></TPX></Extensions></Trackpoint><Trackpoint><Time>2026-03-11T16:44:32+00:00</Time><DistanceMeters>708.1</DistanceMeters><Position><LatitudeDegrees>50.598175</LatitudeDegrees><LongitudeDegrees>3.063085</LongitudeDegrees></Position><AltitudeMeters>43.0</AltitudeMeters><Extensions><TPX xmlns="http://www.garmin.com/xmlschemas/ActivityExtension/v2"><Speed>2.58</Speed></TPX></Extensions></Trackpoint><Trackpoint><Time>2026-03-11T16:44:33+00:00</Time><DistanceMeters>710.3</DistanceMeters><Position><LatitudeDegrees>50.598151</LatitudeDegrees><LongitudeDegrees>3.063051</LongitudeDegrees></Position><AltitudeMeters>43.0</AltitudeMeters><Extensions><TPX xmlns="http://www.garmin.com/xmlschemas/ActivityExtension/v2"><Speed>2.49</Speed></TPX></Extensions></Trackpoint><Trackpoint><Time>2026-03-11T16:44:34+00:00</Time><DistanceMeters>712.4</DistanceMeters><Position><LatitudeDegrees>50.598146</LatitudeDegrees><LongitudeDegrees>3.063045</LongitudeDegrees></Position><AltitudeMeters>43.0</AltitudeMeters><Extensions><TPX xmlns="http://www.garmin.com/xmlschemas/ActivityExtension/v2"><Speed>2.39</Speed></TPX></Extensions></Trackpoint><Trackpoint><Time>2026-03-11T16:44:35+00:00</Time><DistanceMeters>715.3</DistanceMeters><Position><LatitudeDegrees>50.598116</LatitudeDegrees><LongitudeDegrees>3.063009</LongitudeDegrees></Position><AltitudeMeters>43.1</AltitudeMeters><Extensions><TPX xmlns="http://www.garmin.com/xmlschemas/ActivityExtension/v2"><Speed>2.43</Speed></TPX></Extensions></Trackpoint><Trackpoint><Time>2026-03-11T16:44:36+00:00</Time><DistanceMeters>718.1</DistanceMeters><Position><LatitudeDegrees>50.598106</LatitudeDegrees><LongitudeDegrees>3.062996</LongitudeDegrees></Position><AltitudeMeters>43.2</AltitudeMeters><Extensions><TPX xmlns="http://www.garmin.com/xmlschemas/ActivityExtension/v2"><Speed>2.5</Speed></TPX></Extensions></Trackpoint><Trackpoint><Time>2026-03-11T16:44:37+00:00</Time><DistanceMeters>721.3</DistanceMeters><Position><LatitudeDegrees>50.598079</LatitudeDegrees><LongitudeDegrees>3.062982</LongitudeDegrees></Position><AltitudeMeters>43.2</AltitudeMeters><Extensions><TPX xmlns="http://www.garmin.com/xmlschemas/ActivityExtension/v2"><Speed>2.64</Speed></TPX></Extensions></Trackpoint><Trackpoint><Time>2026-03-11T16:44:38+00:00</Time><DistanceMeters>723.7</DistanceMeters><Position><LatitudeDegrees>50.598051</LatitudeDegrees><LongitudeDegrees>3.062948</LongitudeDegrees></Position><AltitudeMeters>43.3</AltitudeMeters><Extensions><TPX xmlns="http://www.garmin.com/xmlschemas/ActivityExtension/v2"><Speed>2.69</Speed></TPX></Extensions></Trackpoint><Trackpoint><Time>2026-03-11T16:44:39+00:00</Time><DistanceMeters>726.1</DistanceMeters><Position><LatitudeDegrees>50.598045</LatitudeDegrees><LongitudeDegrees>3.062939</LongitudeDegrees></Position><AltitudeMeters>43.3</AltitudeMeters><Extensions><TPX xmlns="http://www.garmin.com/xmlschemas/ActivityExtension/v2"><Speed>2.74</Speed></TPX></Extensions></Trackpoint><Trackpoint><Time>2026-03-11T16:44:40+00:00</Time><DistanceMeters>728.3</DistanceMeters><Position><LatitudeDegrees>50.598022</LatitudeDegrees><LongitudeDegrees>3.062904</LongitudeDegrees></Position><AltitudeMeters>43.4</AltitudeMeters><Extensions><TPX xmlns="http://www.garmin.com/xmlschemas/ActivityExtension/v2"><Speed>2.61</Speed></TPX></Extensions></Trackpoint><Trackpoint><Time>2026-03-11T16:44:41+00:00</Time><DistanceMeters>730.5</DistanceMeters><Position><LatitudeDegrees>50.598018</LatitudeDegrees><LongitudeDegrees>3.062895</LongitudeDegrees></Position><AltitudeMeters>43.4</AltitudeMeters><Extensions><TPX xmlns="http://www.garmin.com/xmlschemas/ActivityExtension/v2"><Speed>2.48</Speed></TPX></Extensions></Trackpoint><Trackpoint><Time>2026-03-11T16:44:42+00:00</Time><DistanceMeters>732.8</DistanceMeters><Position><LatitudeDegrees>50.597998</LatitudeDegrees><LongitudeDegrees>3.062861</LongitudeDegrees></Position><AltitudeMeters>43.5</AltitudeMeters><Extensions><TPX xmlns="http://www.garmin.com/xmlschemas/ActivityExtension/v2"><Speed>2.3</Speed></TPX></Extensions></Trackpoint><Trackpoint><Time>2026-03-11T16:44:43+00:00</Time><DistanceMeters>735.1</DistanceMeters><Position><LatitudeDegrees>50.597988</LatitudeDegrees><LongitudeDegrees>3.06285</LongitudeDegrees></Position><AltitudeMeters>43.5</AltitudeMeters><Extensions><TPX xmlns="http://www.garmin.com/xmlschemas/ActivityExtension/v2"><Speed>2.28</Speed></TPX></Extensions></Trackpoint><Trackpoint><Time>2026-03-11T16:44:44+00:00</Time><DistanceMeters>738.3</DistanceMeters><Position><LatitudeDegrees>50.597963</LatitudeDegrees><LongitudeDegrees>3.062827</LongitudeDegrees></Position><AltitudeMeters>43.6</AltitudeMeters><Extensions><TPX xmlns="http://www.garmin.com/xmlschemas/ActivityExtension/v2"><Speed>2.44</Speed></TPX></Extensions></Trackpoint><Trackpoint><Time>2026-03-11T16:44:45+00:00</Time><DistanceMeters>740.4</DistanceMeters><Position><LatitudeDegrees>50.597941</LatitudeDegrees><LongitudeDegrees>3.062794</LongitudeDegrees></Position><AltitudeMeters>43.7</AltitudeMeters><Extensions><TPX xmlns="http://www.garmin.com/xmlschemas/ActivityExtension/v2"><Speed>2.42</Speed></TPX></Extensions></Trackpoint><Trackpoint><Time>2026-03-11T16:44:46+00:00</Time><DistanceMeters>742.5</DistanceMeters><Position><LatitudeDegrees>50.597934</LatitudeDegrees><LongitudeDegrees>3.062788</LongitudeDegrees></Position><AltitudeMeters>43.7</AltitudeMeters><Extensions><TPX xmlns="http://www.garmin.com/xmlschemas/ActivityExtension/v2"><Speed>2.4</Speed></TPX></Extensions></Trackpoint><Trackpoint><Time>2026-03-11T16:44:47+00:00</Time><DistanceMeters>745.1</DistanceMeters><Position><LatitudeDegrees>50.597906</LatitudeDegrees><LongitudeDegrees>3.062757</LongitudeDegrees></Position><AltitudeMeters>43.8</AltitudeMeters><Extensions><TPX xmlns="http://www.garmin.com/xmlschemas/ActivityExtension/v2"><Speed>2.45</Speed></TPX></Extensions></Trackpoint><Trackpoint><Time>2026-03-11T16:44:48+00:00</Time><DistanceMeters>747.6</DistanceMeters><Position><LatitudeDegrees>50.597896</LatitudeDegrees><LongitudeDegrees>3.062749</LongitudeDegrees></Position><AltitudeMeters>43.9</AltitudeMeters><Extensions><TPX xmlns="http://www.garmin.com/xmlschemas/ActivityExtension/v2"><Speed>2.5</Speed></TPX></Extensions></Trackpoint><Trackpoint><Time>2026-03-11T16:44:49+00:00</Time><DistanceMeters>749.8</DistanceMeters><Position><LatitudeDegrees>50.597874</LatitudeDegrees><LongitudeDegrees>3.062728</LongitudeDegrees></Position><AltitudeMeters>44.0</AltitudeMeters><Extensions><TPX xmlns="http://www.garmin.com/xmlschemas/ActivityExtension/v2"><Speed>2.29</Speed></TPX></Extensions></Trackpoint><Trackpoint><Time>2026-03-11T16:44:50+00:00</Time><DistanceMeters>751.9</DistanceMeters><Position><LatitudeDegrees>50.597863</LatitudeDegrees><LongitudeDegrees>3.062717</LongitudeDegrees></Position><AltitudeMeters>44.0</AltitudeMeters><Extensions><TPX xmlns="http://www.garmin.com/xmlschemas/ActivityExtension/v2"><Speed>2.3</Speed></TPX></Extensions></Trackpoint><Trackpoint><Time>2026-03-11T16:44:51+00:00</Time><DistanceMeters>754.5</DistanceMeters><Position><LatitudeDegrees>50.597835</LatitudeDegrees><LongitudeDegrees>3.06269</LongitudeDegrees></Position><AltitudeMeters>44.1</AltitudeMeters><Extensions><TPX xmlns="http://www.garmin.com/xmlschemas/ActivityExtension/v2"><Speed>2.39</Speed></TPX></Extensions></Trackpoint><Trackpoint><Time>2026-03-11T16:44:52+00:00</Time><DistanceMeters>757.0</DistanceMeters><Position><LatitudeDegrees>50.597823</LatitudeDegrees><LongitudeDegrees>3.062681</LongitudeDegrees></Position><AltitudeMeters>44.1</AltitudeMeters><Extensions><TPX xmlns="http://www.garmin.com/xmlschemas/ActivityExtension/v2"><Speed>2.39</Speed></TPX></Extensions></Trackpoint><Trackpoint><Time>2026-03-11T16:44:53+00:00</Time><DistanceMeters>759.6</DistanceMeters><Position><LatitudeDegrees>50.597791</LatitudeDegrees><LongitudeDegrees>3.062658</LongitudeDegrees></Position><AltitudeMeters>44.3</AltitudeMeters><Extensions><TPX xmlns="http://www.garmin.com/xmlschemas/ActivityExtension/v2"><Speed>2.4</Speed></TPX></Extensions></Trackpoint><Trackpoint><Time>2026-03-11T16:44:54+00:00</Time><DistanceMeters>762.2</DistanceMeters><Position><LatitudeDegrees>50.597781</LatitudeDegrees><LongitudeDegrees>3.062651</LongitudeDegrees></Position><AltitudeMeters>44.3</AltitudeMeters><Extensions><TPX xmlns="http://www.garmin.com/xmlschemas/ActivityExtension/v2"><Speed>2.49</Speed></TPX></Extensions></Trackpoint><Trackpoint><Time>2026-03-11T16:44:55+00:00</Time><DistanceMeters>764.4</DistanceMeters><Position><LatitudeDegrees>50.597756</LatitudeDegrees><LongitudeDegrees>3.062624</LongitudeDegrees></Position><AltitudeMeters>44.4</AltitudeMeters><Extensions><TPX xmlns="http://www.garmin.com/xmlschemas/ActivityExtension/v2"><Speed>2.49</Speed></TPX></Extensions></Trackpoint><Trackpoint><Time>2026-03-11T16:44:56+00:00</Time><DistanceMeters>766.5</DistanceMeters><Position><LatitudeDegrees>50.59775</LatitudeDegrees><LongitudeDegrees>3.062616</LongitudeDegrees></Position><AltitudeMeters>44.4</AltitudeMeters><Extensions><TPX xmlns="http://www.garmin.com/xmlschemas/ActivityExtension/v2"><Speed>2.41</Speed></TPX></Extensions></Trackpoint><Trackpoint><Time>2026-03-11T16:44:57+00:00</Time><DistanceMeters>769.4</DistanceMeters><Position><LatitudeDegrees>50.597718</LatitudeDegrees><LongitudeDegrees>3.062588</LongitudeDegrees></Position><AltitudeMeters>44.5</AltitudeMeters><Extensions><TPX xmlns="http://www.garmin.com/xmlschemas/ActivityExtension/v2"><Speed>2.48</Speed></TPX></Extensions></Trackpoint><Trackpoint><Time>2026-03-11T16:44:58+00:00</Time><DistanceMeters>772.3</DistanceMeters><Position><LatitudeDegrees>50.597702</LatitudeDegrees><LongitudeDegrees>3.062579</LongitudeDegrees></Position><AltitudeMeters>44.6</AltitudeMeters><Extensions><TPX xmlns="http://www.garmin.com/xmlschemas/ActivityExtension/v2"><Speed>2.54</Speed></TPX></Extensions></Trackpoint><Trackpoint><Time>2026-03-11T16:44:59+00:00</Time><DistanceMeters>774.5</DistanceMeters><Position><LatitudeDegrees>50.597674</LatitudeDegrees><LongitudeDegrees>3.062564</LongitudeDegrees></Position><AltitudeMeters>44.6</AltitudeMeters><Extensions><TPX xmlns="http://www.garmin.com/xmlschemas/ActivityExtension/v2"><Speed>2.46</Speed></TPX></Extensions></Trackpoint><Trackpoint><Time>2026-03-11T16:45:00+00:00</Time><DistanceMeters>776.7</DistanceMeters><Position><LatitudeDegrees>50.597664</LatitudeDegrees><LongitudeDegrees>3.062562</LongitudeDegrees></Position><AltitudeMeters>44.7</AltitudeMeters><Extensions><TPX xmlns="http://www.garmin.com/xmlschemas/ActivityExtension/v2"><Speed>2.47</Speed></TPX></Extensions></Trackpoint><Trackpoint><Time>2026-03-11T16:45:01+00:00</Time><DistanceMeters>779.8</DistanceMeters><Position><LatitudeDegrees>50.597637</LatitudeDegrees><LongitudeDegrees>3.062554</LongitudeDegrees></Position><AltitudeMeters>44.7</AltitudeMeters><Extensions><TPX xmlns="http://www.garmin.com/xmlschemas/ActivityExtension/v2"><Speed>2.66</Speed></TPX></Extensions></Trackpoint><Trackpoint><Time>2026-03-11T16:45:02+00:00</Time><DistanceMeters>782.7</DistanceMeters><Position><LatitudeDegrees>50.597601</LatitudeDegrees><LongitudeDegrees>3.062534</LongitudeDegrees></Position><AltitudeMeters>44.8</AltitudeMeters><Extensions><TPX xmlns="http://www.garmin.com/xmlschemas/ActivityExtension/v2"><Speed>2.65</Speed></TPX></Extensions></Trackpoint><Trackpoint><Time>2026-03-11T16:45:03+00:00</Time><DistanceMeters>785.5</DistanceMeters><Position><LatitudeDegrees>50.597588</LatitudeDegrees><LongitudeDegrees>3.062527</LongitudeDegrees></Position><AltitudeMeters>44.9</AltitudeMeters><Extensions><TPX xmlns="http://www.garmin.com/xmlschemas/ActivityExtension/v2"><Speed>2.64</Speed></TPX></Extensions></Trackpoint><Trackpoint><Time>2026-03-11T16:45:04+00:00</Time><DistanceMeters>785.5</DistanceMeters><Position><LatitudeDegrees>50.597578</LatitudeDegrees><LongitudeDegrees>3.06251</LongitudeDegrees></Position><AltitudeMeters>44.9</AltitudeMeters><Extensions><TPX xmlns="http://www.garmin.com/xmlschemas/ActivityExtension/v2"><Speed>2.2</Speed></TPX></Extensions></Trackpoint><Trackpoint><Time>2026-03-11T16:45:05+00:00</Time><DistanceMeters>789.0</DistanceMeters><Position><LatitudeDegrees>50.597565</LatitudeDegrees><LongitudeDegrees>3.062495</LongitudeDegrees></Position><AltitudeMeters>45.0</AltitudeMeters><Extensions><TPX xmlns="http://www.garmin.com/xmlschemas/ActivityExtension/v2"><Speed>2.46</Speed></TPX></Extensions></Trackpoint><Trackpoint><Time>2026-03-11T16:45:06+00:00</Time><DistanceMeters>789.0</DistanceMeters><Position><LatitudeDegrees>50.597558</LatitudeDegrees><LongitudeDegrees>3.062485</LongitudeDegrees></Position><AltitudeMeters>45.0</AltitudeMeters><Extensions><TPX xmlns="http://www.garmin.com/xmlschemas/ActivityExtension/v2"><Speed>1.84</Speed></TPX></Extensions></Trackpoint><Trackpoint><Time>2026-03-11T16:45:07+00:00</Time><DistanceMeters>789.0</DistanceMeters><Position><LatitudeDegrees>50.597556</LatitudeDegrees><LongitudeDegrees>3.062479</LongitudeDegrees></Position><AltitudeMeters>45.0</AltitudeMeters><Extensions><TPX xmlns="http://www.garmin.com/xmlschemas/ActivityExtension/v2"><Speed>1.27</Speed></TPX></Extensions></Trackpoint><Trackpoint><Time>2026-03-11T16:45:08+00:00</Time><DistanceMeters>789.0</DistanceMeters><Position><LatitudeDegrees>50.597555</LatitudeDegrees><LongitudeDegrees>3.06248</LongitudeDegrees></Position><AltitudeMeters>45.0</AltitudeMeters><Extensions><TPX xmlns="http://www.garmin.com/xmlschemas/ActivityExtension/v2"><Speed>0.7</Speed></TPX></Extensions></Trackpoint><Trackpoint><Time>2026-03-11T16:45:09+00:00</Time><DistanceMeters>792.1</DistanceMeters><Position><LatitudeDegrees>50.597542</LatitudeDegrees><LongitudeDegrees>3.062469</LongitudeDegrees></Position><AltitudeMeters>45.0</AltitudeMeters><Extensions><TPX xmlns="http://www.garmin.com/xmlschemas/ActivityExtension/v2"><Speed>1.32</Speed></TPX></Extensions></Trackpoint><Trackpoint><Time>2026-03-11T16:45:10+00:00</Time><DistanceMeters>794.8</DistanceMeters><Position><LatitudeDegrees>50.59752</LatitudeDegrees><LongitudeDegrees>3.062423</LongitudeDegrees></Position><AltitudeMeters>45.1</AltitudeMeters><Extensions><TPX xmlns="http://www.garmin.com/xmlschemas/ActivityExtension/v2"><Speed>1.16</Speed></TPX></Extensions></Trackpoint><Trackpoint><Time>2026-03-11T16:45:11+00:00</Time><DistanceMeters>797.5</DistanceMeters><Position><LatitudeDegrees>50.597512</LatitudeDegrees><LongitudeDegrees>3.06241</LongitudeDegrees></Position><AltitudeMeters>45.1</AltitudeMeters><Extensions><TPX xmlns="http://www.garmin.com/xmlschemas/ActivityExtension/v2"><Speed>1.7</Speed></TPX></Extensions></Trackpoint><Trackpoint><Time>2026-03-11T16:45:12+00:00</Time><DistanceMeters>799.7</DistanceMeters><Position><LatitudeDegrees>50.597488</LatitudeDegrees><LongitudeDegrees>3.062381</LongitudeDegrees></Position><AltitudeMeters>45.1</AltitudeMeters><Extensions><TPX xmlns="http://www.garmin.com/xmlschemas/ActivityExtension/v2"><Speed>2.13</Speed></TPX></Extensions></Trackpoint><Trackpoint><Time>2026-03-11T16:45:13+00:00</Time><DistanceMeters>801.8</DistanceMeters><Position><LatitudeDegrees>50.597482</LatitudeDegrees><LongitudeDegrees>3.06237</LongitudeDegrees></Position><AltitudeMeters>45.1</AltitudeMeters><Extensions><TPX xmlns="http://www.garmin.com/xmlschemas/ActivityExtension/v2"><Speed>2.56</Speed></TPX></Extensions></Trackpoint><Trackpoint><Time>2026-03-11T16:45:14+00:00</Time><DistanceMeters>804.3</DistanceMeters><Position><LatitudeDegrees>50.597458</LatitudeDegrees><LongitudeDegrees>3.062338</LongitudeDegrees></Position><AltitudeMeters>45.2</AltitudeMeters><Extensions><TPX xmlns="http://www.garmin.com/xmlschemas/ActivityExtension/v2"><Speed>2.43</Speed></TPX></Extensions></Trackpoint><Trackpoint><Time>2026-03-11T16:45:15+00:00</Time><DistanceMeters>806.7</DistanceMeters><Position><LatitudeDegrees>50.597448</LatitudeDegrees><LongitudeDegrees>3.062327</LongitudeDegrees></Position><AltitudeMeters>45.2</AltitudeMeters><Extensions><TPX xmlns="http://www.garmin.com/xmlschemas/ActivityExtension/v2"><Speed>2.38</Speed></TPX></Extensions></Trackpoint><Trackpoint><Time>2026-03-11T16:45:16+00:00</Time><DistanceMeters>809.7</DistanceMeters><Position><LatitudeDegrees>50.597415</LatitudeDegrees><LongitudeDegrees>3.062302</LongitudeDegrees></Position><AltitudeMeters>45.2</AltitudeMeters><Extensions><TPX xmlns="http://www.garmin.com/xmlschemas/ActivityExtension/v2"><Speed>2.43</Speed></TPX></Extensions></Trackpoint><Trackpoint><Time>2026-03-11T16:45:17+00:00</Time><DistanceMeters>812.6</DistanceMeters><Position><LatitudeDegrees>50.597401</LatitudeDegrees><LongitudeDegrees>3.062289</LongitudeDegrees></Position><AltitudeMeters>45.2</AltitudeMeters><Extensions><TPX xmlns="http://www.garmin.com/xmlschemas/ActivityExtension/v2"><Speed>2.59</Speed></TPX></Extensions></Trackpoint><Trackpoint><Time>2026-03-11T16:45:18+00:00</Time><DistanceMeters>816.2</DistanceMeters><Position><LatitudeDegrees>50.597377</LatitudeDegrees><LongitudeDegrees>3.062256</LongitudeDegrees></Position><AltitudeMeters>45.2</AltitudeMeters><Extensions><TPX xmlns="http://www.garmin.com/xmlschemas/ActivityExtension/v2"><Speed>2.88</Speed></TPX></Extensions></Trackpoint><Trackpoint><Time>2026-03-11T16:45:19+00:00</Time><DistanceMeters>818.0</DistanceMeters><Position><LatitudeDegrees>50.597366</LatitudeDegrees><LongitudeDegrees>3.062231</LongitudeDegrees></Position><AltitudeMeters>45.3</AltitudeMeters><Extensions><TPX xmlns="http://www.garmin.com/xmlschemas/ActivityExtension/v2"><Speed>2.757</Speed></TPX></Extensions></Trackpoint><Trackpoint><Time>2026-03-11T16:45:20+00:00</Time><DistanceMeters>819.9</DistanceMeters><Position><LatitudeDegrees>50.597351</LatitudeDegrees><LongitudeDegrees>3.062221</LongitudeDegrees></Position><AltitudeMeters>45.3</AltitudeMeters><Extensions><TPX xmlns="http://www.garmin.com/xmlschemas/ActivityExtension/v2"><Speed>2.633</Speed></TPX></Extensions></Trackpoint><Trackpoint><Time>2026-03-11T16:45:21+00:00</Time><DistanceMeters>821.7</DistanceMeters><Position><LatitudeDegrees>50.597336</LatitudeDegrees><LongitudeDegrees>3.06221</LongitudeDegrees></Position><AltitudeMeters>45.3</AltitudeMeters><Extensions><TPX xmlns="http://www.garmin.com/xmlschemas/ActivityExtension/v2"><Speed>2.41</Speed></TPX></Extensions></Trackpoint><Trackpoint><Time>2026-03-11T16:45:22+00:00</Time><DistanceMeters>824.2</DistanceMeters><Position><LatitudeDegrees>50.597308</LatitudeDegrees><LongitudeDegrees>3.062177</LongitudeDegrees></Position><AltitudeMeters>45.3</AltitudeMeters><Extensions><TPX xmlns="http://www.garmin.com/xmlschemas/ActivityExtension/v2"><Speed>2.32</Speed></TPX></Extensions></Trackpoint><Trackpoint><Time>2026-03-11T16:45:23+00:00</Time><DistanceMeters>826.7</DistanceMeters><Position><LatitudeDegrees>50.597301</LatitudeDegrees><LongitudeDegrees>3.062166</LongitudeDegrees></Position><AltitudeMeters>45.3</AltitudeMeters><Extensions><TPX xmlns="http://www.garmin.com/xmlschemas/ActivityExtension/v2"><Speed>2.1</Speed></TPX></Extensions></Trackpoint><Trackpoint><Time>2026-03-11T16:45:24+00:00</Time><DistanceMeters>829.4</DistanceMeters><Position><LatitudeDegrees>50.597275</LatitudeDegrees><LongitudeDegrees>3.062133</LongitudeDegrees></Position><AltitudeMeters>45.4</AltitudeMeters><Extensions><TPX xmlns="http://www.garmin.com/xmlschemas/ActivityExtension/v2"><Speed>2.263</Speed></TPX></Extensions></Trackpoint><Trackpoint><Time>2026-03-11T16:45:25+00:00</Time><DistanceMeters>832.0</DistanceMeters><Position><LatitudeDegrees>50.597263</LatitudeDegrees><LongitudeDegrees>3.062123</LongitudeDegrees></Position><AltitudeMeters>45.4</AltitudeMeters><Extensions><TPX xmlns="http://www.garmin.com/xmlschemas/ActivityExtension/v2"><Speed>2.427</Speed></TPX></Extensions></Trackpoint><Trackpoint><Time>2026-03-11T16:45:26+00:00</Time><DistanceMeters>834.6</DistanceMeters><Position><LatitudeDegrees>50.597232</LatitudeDegrees><LongitudeDegrees>3.062102</LongitudeDegrees></Position><AltitudeMeters>45.4</AltitudeMeters><Extensions><TPX xmlns="http://www.garmin.com/xmlschemas/ActivityExtension/v2"><Speed>2.57</Speed></TPX></Extensions></Trackpoint><Trackpoint><Time>2026-03-11T16:45:27+00:00</Time><DistanceMeters>837.1</DistanceMeters><Position><LatitudeDegrees>50.597221</LatitudeDegrees><LongitudeDegrees>3.062092</LongitudeDegrees></Position><AltitudeMeters>45.4</AltitudeMeters><Extensions><TPX xmlns="http://www.garmin.com/xmlschemas/ActivityExtension/v2"><Speed>2.58</Speed></TPX></Extensions></Trackpoint><Trackpoint><Time>2026-03-11T16:45:28+00:00</Time><DistanceMeters>840.3</DistanceMeters><Position><LatitudeDegrees>50.597195</LatitudeDegrees><LongitudeDegrees>3.062074</LongitudeDegrees></Position><AltitudeMeters>45.5</AltitudeMeters><Extensions><TPX xmlns="http://www.garmin.com/xmlschemas/ActivityExtension/v2"><Speed>2.72</Speed></TPX></Extensions></Trackpoint><Trackpoint><Time>2026-03-11T16:45:29+00:00</Time><DistanceMeters>843.0</DistanceMeters><Position><LatitudeDegrees>50.597164</LatitudeDegrees><LongitudeDegrees>3.062043</LongitudeDegrees></Position><AltitudeMeters>45.6</AltitudeMeters><Extensions><TPX xmlns="http://www.garmin.com/xmlschemas/ActivityExtension/v2"><Speed>2.73</Speed></TPX></Extensions></Trackpoint><Trackpoint><Time>2026-03-11T16:45:30+00:00</Time><DistanceMeters>845.7</DistanceMeters><Position><LatitudeDegrees>50.597152</LatitudeDegrees><LongitudeDegrees>3.062036</LongitudeDegrees></Position><AltitudeMeters>45.6</AltitudeMeters><Extensions><TPX xmlns="http://www.garmin.com/xmlschemas/ActivityExtension/v2"><Speed>2.74</Speed></TPX></Extensions></Trackpoint><Trackpoint><Time>2026-03-11T16:45:31+00:00</Time><DistanceMeters>848.8</DistanceMeters><Position><LatitudeDegrees>50.597129</LatitudeDegrees><LongitudeDegrees>3.062013</LongitudeDegrees></Position><AltitudeMeters>45.6</AltitudeMeters><Extensions><TPX xmlns="http://www.garmin.com/xmlschemas/ActivityExtension/v2"><Speed>2.85</Speed></TPX></Extensions></Trackpoint><Trackpoint><Time>2026-03-11T16:45:32+00:00</Time><DistanceMeters>851.0</DistanceMeters><Position><LatitudeDegrees>50.597105</LatitudeDegrees><LongitudeDegrees>3.061988</LongitudeDegrees></Position><AltitudeMeters>45.7</AltitudeMeters><Extensions><TPX xmlns="http://www.garmin.com/xmlschemas/ActivityExtension/v2"><Speed>2.77</Speed></TPX></Extensions></Trackpoint><Trackpoint><Time>2026-03-11T16:45:33+00:00</Time><DistanceMeters>853.1</DistanceMeters><Position><LatitudeDegrees>50.597095</LatitudeDegrees><LongitudeDegrees>3.061984</LongitudeDegrees></Position><AltitudeMeters>45.7</AltitudeMeters><Extensions><TPX xmlns="http://www.garmin.com/xmlschemas/ActivityExtension/v2"><Speed>2.56</Speed></TPX></Extensions></Trackpoint><Trackpoint><Time>2026-03-11T16:45:34+00:00</Time><DistanceMeters>856.6</DistanceMeters><Position><LatitudeDegrees>50.597065</LatitudeDegrees><LongitudeDegrees>3.061971</LongitudeDegrees></Position><AltitudeMeters>45.8</AltitudeMeters><Extensions><TPX xmlns="http://www.garmin.com/xmlschemas/ActivityExtension/v2"><Speed>2.72</Speed></TPX></Extensions></Trackpoint><Trackpoint><Time>2026-03-11T16:45:35+00:00</Time><DistanceMeters>859.4</DistanceMeters><Position><LatitudeDegrees>50.597029</LatitudeDegrees><LongitudeDegrees>3.061961</LongitudeDegrees></Position><AltitudeMeters>45.9</AltitudeMeters><Extensions><TPX xmlns="http://www.garmin.com/xmlschemas/ActivityExtension/v2"><Speed>2.73</Speed></TPX></Extensions></Trackpoint><Trackpoint><Time>2026-03-11T16:45:36+00:00</Time><DistanceMeters>862.1</DistanceMeters><Position><LatitudeDegrees>50.597017</LatitudeDegrees><LongitudeDegrees>3.061954</LongitudeDegrees></Position><AltitudeMeters>45.9</AltitudeMeters><Extensions><TPX xmlns="http://www.garmin.com/xmlschemas/ActivityExtension/v2"><Speed>2.66</Speed></TPX></Extensions></Trackpoint><Trackpoint><Time>2026-03-11T16:45:37+00:00</Time><DistanceMeters>864.5</DistanceMeters><Position><LatitudeDegrees>50.596983</LatitudeDegrees><LongitudeDegrees>3.061951</LongitudeDegrees></Position><AltitudeMeters>46.0</AltitudeMeters><Extensions><TPX xmlns="http://www.garmin.com/xmlschemas/ActivityExtension/v2"><Speed>2.71</Speed></TPX></Extensions></Trackpoint><Trackpoint><Time>2026-03-11T16:45:38+00:00</Time><DistanceMeters>866.9</DistanceMeters><Position><LatitudeDegrees>50.596973</LatitudeDegrees><LongitudeDegrees>3.061952</LongitudeDegrees></Position><AltitudeMeters>46.0</AltitudeMeters><Extensions><TPX xmlns="http://www.garmin.com/xmlschemas/ActivityExtension/v2"><Speed>2.76</Speed></TPX></Extensions></Trackpoint><Trackpoint><Time>2026-03-11T16:45:39+00:00</Time><DistanceMeters>866.9</DistanceMeters><Position><LatitudeDegrees>50.59695</LatitudeDegrees><LongitudeDegrees>3.061966</LongitudeDegrees></Position><AltitudeMeters>46.1</AltitudeMeters><Extensions><TPX xmlns="http://www.garmin.com/xmlschemas/ActivityExtension/v2"><Speed>2.06</Speed></TPX></Extensions></Trackpoint><Trackpoint><Time>2026-03-11T16:45:40+00:00</Time><DistanceMeters>870.8</DistanceMeters><Position><LatitudeDegrees>50.596941</LatitudeDegrees><LongitudeDegrees>3.061973</LongitudeDegrees></Position><AltitudeMeters>46.1</AltitudeMeters><Extensions><TPX xmlns="http://www.garmin.com/xmlschemas/ActivityExtension/v2"><Speed>2.29</Speed></TPX></Extensions></Trackpoint><Trackpoint><Time>2026-03-11T16:45:41+00:00</Time><DistanceMeters>873.4</DistanceMeters><Position><LatitudeDegrees>50.596908</LatitudeDegrees><LongitudeDegrees>3.061992</LongitudeDegrees></Position><AltitudeMeters>46.2</AltitudeMeters><Extensions><TPX xmlns="http://www.garmin.com/xmlschemas/ActivityExtension/v2"><Speed>2.26</Speed></TPX></Extensions></Trackpoint><Trackpoint><Time>2026-03-11T16:45:42+00:00</Time><DistanceMeters>876.0</DistanceMeters><Position><LatitudeDegrees>50.596897</LatitudeDegrees><LongitudeDegrees>3.061999</LongitudeDegrees></Position><AltitudeMeters>46.2</AltitudeMeters><Extensions><TPX xmlns="http://www.garmin.com/xmlschemas/ActivityExtension/v2"><Speed>2.3</Speed></TPX></Extensions></Trackpoint><Trackpoint><Time>2026-03-11T16:45:43+00:00</Time><DistanceMeters>879.1</DistanceMeters><Position><LatitudeDegrees>50.596867</LatitudeDegrees><LongitudeDegrees>3.062039</LongitudeDegrees></Position><AltitudeMeters>46.3</AltitudeMeters><Extensions><TPX xmlns="http://www.garmin.com/xmlschemas/ActivityExtension/v2"><Speed>2.43</Speed></TPX></Extensions></Trackpoint><Trackpoint><Time>2026-03-11T16:45:44+00:00</Time><DistanceMeters>882.1</DistanceMeters><Position><LatitudeDegrees>50.596855</LatitudeDegrees><LongitudeDegrees>3.062054</LongitudeDegrees></Position><AltitudeMeters>46.4</AltitudeMeters><Extensions><TPX xmlns="http://www.garmin.com/xmlschemas/ActivityExtension/v2"><Speed>3.04</Speed></TPX></Extensions></Trackpoint><Trackpoint><Time>2026-03-11T16:45:45+00:00</Time><DistanceMeters>884.3</DistanceMeters><Position><LatitudeDegrees>50.596829</LatitudeDegrees><LongitudeDegrees>3.062077</LongitudeDegrees></Position><AltitudeMeters>46.4</AltitudeMeters><Extensions><TPX xmlns="http://www.garmin.com/xmlschemas/ActivityExtension/v2"><Speed>2.69</Speed></TPX></Extensions></Trackpoint><Trackpoint><Time>2026-03-11T16:45:46+00:00</Time><DistanceMeters>886.4</DistanceMeters><Position><LatitudeDegrees>50.596821</LatitudeDegrees><LongitudeDegrees>3.062084</LongitudeDegrees></Position><AltitudeMeters>46.5</AltitudeMeters><Extensions><TPX xmlns="http://www.garmin.com/xmlschemas/ActivityExtension/v2"><Speed>2.6</Speed></TPX></Extensions></Trackpoint><Trackpoint><Time>2026-03-11T16:45:47+00:00</Time><DistanceMeters>888.7</DistanceMeters><Position><LatitudeDegrees>50.596794</LatitudeDegrees><LongitudeDegrees>3.062111</LongitudeDegrees></Position><AltitudeMeters>46.5</AltitudeMeters><Extensions><TPX xmlns="http://www.garmin.com/xmlschemas/ActivityExtension/v2"><Speed>2.53</Speed></TPX></Extensions></Trackpoint><Trackpoint><Time>2026-03-11T16:45:48+00:00</Time><DistanceMeters>890.9</DistanceMeters><Position><LatitudeDegrees>50.596788</LatitudeDegrees><LongitudeDegrees>3.06212</LongitudeDegrees></Position><AltitudeMeters>46.6</AltitudeMeters><Extensions><TPX xmlns="http://www.garmin.com/xmlschemas/ActivityExtension/v2"><Speed>2.37</Speed></TPX></Extensions></Trackpoint><Trackpoint><Time>2026-03-11T16:45:49+00:00</Time><DistanceMeters>890.9</DistanceMeters><Position><LatitudeDegrees>50.596776</LatitudeDegrees><LongitudeDegrees>3.062134</LongitudeDegrees></Position><AltitudeMeters>46.6</AltitudeMeters><Extensions><TPX xmlns="http://www.garmin.com/xmlschemas/ActivityExtension/v2"><Speed>1.76</Speed></TPX></Extensions></Trackpoint><Trackpoint><Time>2026-03-11T16:45:50+00:00</Time><DistanceMeters>894.7</DistanceMeters><Position><LatitudeDegrees>50.596756</LatitudeDegrees><LongitudeDegrees>3.06214</LongitudeDegrees></Position><AltitudeMeters>46.6</AltitudeMeters><Extensions><TPX xmlns="http://www.garmin.com/xmlschemas/ActivityExtension/v2"><Speed>2.09</Speed></TPX></Extensions></Trackpoint><Trackpoint><Time>2026-03-11T16:45:51+00:00</Time><DistanceMeters>897.0</DistanceMeters><Position><LatitudeDegrees>50.596736</LatitudeDegrees><LongitudeDegrees>3.062171</LongitudeDegrees></Position><AltitudeMeters>46.6</AltitudeMeters><Extensions><TPX xmlns="http://www.garmin.com/xmlschemas/ActivityExtension/v2"><Speed>2.11</Speed></TPX></Extensions></Trackpoint><Trackpoint><Time>2026-03-11T16:45:52+00:00</Time><DistanceMeters>899.2</DistanceMeters><Position><LatitudeDegrees>50.596729</LatitudeDegrees><LongitudeDegrees>3.062186</LongitudeDegrees></Position><AltitudeMeters>46.7</AltitudeMeters><Extensions><TPX xmlns="http://www.garmin.com/xmlschemas/ActivityExtension/v2"><Speed>2.11</Speed></TPX></Extensions></Trackpoint><Trackpoint><Time>2026-03-11T16:45:53+00:00</Time><DistanceMeters>901.8</DistanceMeters><Position><LatitudeDegrees>50.596713</LatitudeDegrees><LongitudeDegrees>3.062237</LongitudeDegrees></Position><AltitudeMeters>46.7</AltitudeMeters><Extensions><TPX xmlns="http://www.garmin.com/xmlschemas/ActivityExtension/v2"><Speed>2.18</Speed></TPX></Extensions></Trackpoint><Trackpoint><Time>2026-03-11T16:45:54+00:00</Time><DistanceMeters>904.4</DistanceMeters><Position><LatitudeDegrees>50.596709</LatitudeDegrees><LongitudeDegrees>3.062253</LongitudeDegrees></Position><AltitudeMeters>46.7</AltitudeMeters><Extensions><TPX xmlns="http://www.garmin.com/xmlschemas/ActivityExtension/v2"><Speed>2.7</Speed></TPX></Extensions></Trackpoint><Trackpoint><Time>2026-03-11T16:45:55+00:00</Time><DistanceMeters>906.7</DistanceMeters><Position><LatitudeDegrees>50.5967</LatitudeDegrees><LongitudeDegrees>3.062299</LongitudeDegrees></Position><AltitudeMeters>46.8</AltitudeMeters><Extensions><TPX xmlns="http://www.garmin.com/xmlschemas/ActivityExtension/v2"><Speed>2.4</Speed></TPX></Extensions></Trackpoint><Trackpoint><Time>2026-03-11T16:45:56+00:00</Time><DistanceMeters>909.0</DistanceMeters><Position><LatitudeDegrees>50.596697</LatitudeDegrees><LongitudeDegrees>3.062314</LongitudeDegrees></Position><AltitudeMeters>46.8</AltitudeMeters><Extensions><TPX xmlns="http://www.garmin.com/xmlschemas/ActivityExtension/v2"><Speed>2.41</Speed></TPX></Extensions></Trackpoint><Trackpoint><Time>2026-03-11T16:45:57+00:00</Time><DistanceMeters>912.1</DistanceMeters><Position><LatitudeDegrees>50.596691</LatitudeDegrees><LongitudeDegrees>3.062357</LongitudeDegrees></Position><AltitudeMeters>46.8</AltitudeMeters><Extensions><TPX xmlns="http://www.garmin.com/xmlschemas/ActivityExtension/v2"><Speed>2.58</Speed></TPX></Extensions></Trackpoint><Trackpoint><Time>2026-03-11T16:45:58+00:00</Time><DistanceMeters>914.3</DistanceMeters><Position><LatitudeDegrees>50.596678</LatitudeDegrees><LongitudeDegrees>3.062397</LongitudeDegrees></Position><AltitudeMeters>46.9</AltitudeMeters><Extensions><TPX xmlns="http://www.garmin.com/xmlschemas/ActivityExtension/v2"><Speed>2.49</Speed></TPX></Extensions></Trackpoint><Trackpoint><Time>2026-03-11T16:45:59+00:00</Time><DistanceMeters>916.4</DistanceMeters><Position><LatitudeDegrees>50.596672</LatitudeDegrees><LongitudeDegrees>3.062411</LongitudeDegrees></Position><AltitudeMeters>46.9</AltitudeMeters><Extensions><TPX xmlns="http://www.garmin.com/xmlschemas/ActivityExtension/v2"><Speed>2.4</Speed></TPX></Extensions></Trackpoint><Trackpoint><Time>2026-03-11T16:46:00+00:00</Time><DistanceMeters>918.7</DistanceMeters><Position><LatitudeDegrees>50.596665</LatitudeDegrees><LongitudeDegrees>3.062459</LongitudeDegrees></Position><AltitudeMeters>46.9</AltitudeMeters><Extensions><TPX xmlns="http://www.garmin.com/xmlschemas/ActivityExtension/v2"><Speed>2.4</Speed></TPX></Extensions></Trackpoint><Trackpoint><Time>2026-03-11T16:46:01+00:00</Time><DistanceMeters>921.0</DistanceMeters><Position><LatitudeDegrees>50.596662</LatitudeDegrees><LongitudeDegrees>3.062474</LongitudeDegrees></Position><AltitudeMeters>46.9</AltitudeMeters><Extensions><TPX xmlns="http://www.garmin.com/xmlschemas/ActivityExtension/v2"><Speed>2.4</Speed></TPX></Extensions></Trackpoint><Trackpoint><Time>2026-03-11T16:46:02+00:00</Time><DistanceMeters>923.6</DistanceMeters><Position><LatitudeDegrees>50.596657</LatitudeDegrees><LongitudeDegrees>3.062526</LongitudeDegrees></Position><AltitudeMeters>47.0</AltitudeMeters><Extensions><TPX xmlns="http://www.garmin.com/xmlschemas/ActivityExtension/v2"><Speed>2.29</Speed></TPX></Extensions></Trackpoint><Trackpoint><Time>2026-03-11T16:46:03+00:00</Time><DistanceMeters>926.1</DistanceMeters><Position><LatitudeDegrees>50.596655</LatitudeDegrees><LongitudeDegrees>3.062544</LongitudeDegrees></Position><AltitudeMeters>47.0</AltitudeMeters><Extensions><TPX xmlns="http://www.garmin.com/xmlschemas/ActivityExtension/v2"><Speed>2.37</Speed></TPX></Extensions></Trackpoint><Trackpoint><Time>2026-03-11T16:46:04+00:00</Time><DistanceMeters>926.1</DistanceMeters><Position><LatitudeDegrees>50.596651</LatitudeDegrees><LongitudeDegrees>3.062566</LongitudeDegrees></Position><AltitudeMeters>47.0</AltitudeMeters><Extensions><TPX xmlns="http://www.garmin.com/xmlschemas/ActivityExtension/v2"><Speed>1.94</Speed></TPX></Extensions></Trackpoint><Trackpoint><Time>2026-03-11T16:46:05+00:00</Time><DistanceMeters>929.8</DistanceMeters><Position><LatitudeDegrees>50.596636</LatitudeDegrees><LongitudeDegrees>3.062588</LongitudeDegrees></Position><AltitudeMeters>47.1</AltitudeMeters><Extensions><TPX xmlns="http://www.garmin.com/xmlschemas/ActivityExtension/v2"><Speed>2.22</Speed></TPX></Extensions></Trackpoint><Trackpoint><Time>2026-03-11T16:46:06+00:00</Time><DistanceMeters>932.3</DistanceMeters><Position><LatitudeDegrees>50.59662</LatitudeDegrees><LongitudeDegrees>3.062631</LongitudeDegrees></Position><AltitudeMeters>47.1</AltitudeMeters><Extensions><TPX xmlns="http://www.garmin.com/xmlschemas/ActivityExtension/v2"><Speed>2.25</Speed></TPX></Extensions></Trackpoint><Trackpoint><Time>2026-03-11T16:46:07+00:00</Time><DistanceMeters>934.7</DistanceMeters><Position><LatitudeDegrees>50.596617</LatitudeDegrees><LongitudeDegrees>3.062649</LongitudeDegrees></Position><AltitudeMeters>47.1</AltitudeMeters><Extensions><TPX xmlns="http://www.garmin.com/xmlschemas/ActivityExtension/v2"><Speed>2.23</Speed></TPX></Extensions></Trackpoint><Trackpoint><Time>2026-03-11T16:46:08+00:00</Time><DistanceMeters>937.0</DistanceMeters><Position><LatitudeDegrees>50.596607</LatitudeDegrees><LongitudeDegrees>3.062693</LongitudeDegrees></Position><AltitudeMeters>47.2</AltitudeMeters><Extensions><TPX xmlns="http://www.garmin.com/xmlschemas/ActivityExtension/v2"><Speed>2.17</Speed></TPX></Extensions></Trackpoint><Trackpoint><Time>2026-03-11T16:46:09+00:00</Time><DistanceMeters>939.2</DistanceMeters><Position><LatitudeDegrees>50.596604</LatitudeDegrees><LongitudeDegrees>3.062711</LongitudeDegrees></Position><AltitudeMeters>47.2</AltitudeMeters><Extensions><TPX xmlns="http://www.garmin.com/xmlschemas/ActivityExtension/v2"><Speed>2.62</Speed></TPX></Extensions></Trackpoint><Trackpoint><Time>2026-03-11T16:46:10+00:00</Time><DistanceMeters>939.2</DistanceMeters><Position><LatitudeDegrees>50.59659</LatitudeDegrees><LongitudeDegrees>3.062738</LongitudeDegrees></Position><AltitudeMeters>47.2</AltitudeMeters><Extensions><TPX xmlns="http://www.garmin.com/xmlschemas/ActivityExtension/v2"><Speed>1.88</Speed></TPX></Extensions></Trackpoint><Trackpoint><Time>2026-03-11T16:46:11+00:00</Time><DistanceMeters>942.7</DistanceMeters><Position><LatitudeDegrees>50.596582</LatitudeDegrees><LongitudeDegrees>3.062745</LongitudeDegrees></Position><AltitudeMeters>47.2</AltitudeMeters><Extensions><TPX xmlns="http://www.garmin.com/xmlschemas/ActivityExtension/v2"><Speed>2.09</Speed></TPX></Extensions></Trackpoint><Trackpoint><Time>2026-03-11T16:46:12+00:00</Time><DistanceMeters>944.8</DistanceMeters><Position><LatitudeDegrees>50.596563</LatitudeDegrees><LongitudeDegrees>3.062776</LongitudeDegrees></Position><AltitudeMeters>47.3</AltitudeMeters><Extensions><TPX xmlns="http://www.garmin.com/xmlschemas/ActivityExtension/v2"><Speed>2.01</Speed></TPX></Extensions></Trackpoint><Trackpoint><Time>2026-03-11T16:46:13+00:00</Time><DistanceMeters>946.8</DistanceMeters><Position><LatitudeDegrees>50.596556</LatitudeDegrees><LongitudeDegrees>3.062786</LongitudeDegrees></Position><AltitudeMeters>47.3</AltitudeMeters><Extensions><TPX xmlns="http://www.garmin.com/xmlschemas/ActivityExtension/v2"><Speed>1.97</Speed></TPX></Extensions></Trackpoint><Trackpoint><Time>2026-03-11T16:46:14+00:00</Time><DistanceMeters>946.8</DistanceMeters><Position><LatitudeDegrees>50.596553</LatitudeDegrees><LongitudeDegrees>3.062822</LongitudeDegrees></Position><AltitudeMeters>47.3</AltitudeMeters><Extensions><TPX xmlns="http://www.garmin.com/xmlschemas/ActivityExtension/v2"><Speed>1.52</Speed></TPX></Extensions></Trackpoint><Trackpoint><Time>2026-03-11T16:46:15+00:00</Time><DistanceMeters>950.8</DistanceMeters><Position><LatitudeDegrees>50.596547</LatitudeDegrees><LongitudeDegrees>3.062841</LongitudeDegrees></Position><AltitudeMeters>47.3</AltitudeMeters><Extensions><TPX xmlns="http://www.garmin.com/xmlschemas/ActivityExtension/v2"><Speed>2.32</Speed></TPX></Extensions></Trackpoint><Trackpoint><Time>2026-03-11T16:46:16+00:00</Time><DistanceMeters>950.8</DistanceMeters><Position><LatitudeDegrees>50.596535</LatitudeDegrees><LongitudeDegrees>3.062851</LongitudeDegrees></Position><AltitudeMeters>47.3</AltitudeMeters><Extensions><TPX xmlns="http://www.garmin.com/xmlschemas/ActivityExtension/v2"><Speed>1.62</Speed></TPX></Extensions></Trackpoint><Trackpoint><Time>2026-03-11T16:46:17+00:00</Time><DistanceMeters>954.0</DistanceMeters><Position><LatitudeDegrees>50.596528</LatitudeDegrees><LongitudeDegrees>3.062876</LongitudeDegrees></Position><AltitudeMeters>47.3</AltitudeMeters><Extensions><TPX xmlns="http://www.garmin.com/xmlschemas/ActivityExtension/v2"><Speed>1.85</Speed></TPX></Extensions></Trackpoint><Trackpoint><Time>2026-03-11T16:46:18+00:00</Time><DistanceMeters>956.4</DistanceMeters><Position><LatitudeDegrees>50.596519</LatitudeDegrees><LongitudeDegrees>3.062923</LongitudeDegrees></Position><AltitudeMeters>47.4</AltitudeMeters><Extensions><TPX xmlns="http://www.garmin.com/xmlschemas/ActivityExtension/v2"><Speed>1.92</Speed></TPX></Extensions></Trackpoint><Trackpoint><Time>2026-03-11T16:46:19+00:00</Time><DistanceMeters>958.8</DistanceMeters><Position><LatitudeDegrees>50.596513</LatitudeDegrees><LongitudeDegrees>3.062939</LongitudeDegrees></Position><AltitudeMeters>47.4</AltitudeMeters><Extensions><TPX xmlns="http://www.garmin.com/xmlschemas/ActivityExtension/v2"><Speed>2.4</Speed></TPX></Extensions></Trackpoint><Trackpoint><Time>2026-03-11T16:46:20+00:00</Time><DistanceMeters>961.9</DistanceMeters><Position><LatitudeDegrees>50.596487</LatitudeDegrees><LongitudeDegrees>3.062954</LongitudeDegrees></Position><AltitudeMeters>47.4</AltitudeMeters><Extensions><TPX xmlns="http://www.garmin.com/xmlschemas/ActivityExtension/v2"><Speed>2.22</Speed></TPX></Extensions></Trackpoint><Trackpoint><Time>2026-03-11T16:46:21+00:00</Time><DistanceMeters>961.9</DistanceMeters><Position><LatitudeDegrees>50.596476</LatitudeDegrees><LongitudeDegrees>3.06297</LongitudeDegrees></Position><AltitudeMeters>47.4</AltitudeMeters><Extensions><TPX xmlns="http://www.garmin.com/xmlschemas/ActivityExtension/v2"><Speed>2.22</Speed></TPX></Extensions></Trackpoint><Trackpoint><Time>2026-03-11T16:46:22+00:00</Time><DistanceMeters>965.5</DistanceMeters><Position><LatitudeDegrees>50.596467</LatitudeDegrees><LongitudeDegrees>3.062993</LongitudeDegrees></Position><AltitudeMeters>47.4</AltitudeMeters><Extensions><TPX xmlns="http://www.garmin.com/xmlschemas/ActivityExtension/v2"><Speed>2.3</Speed></TPX></Extensions></Trackpoint><Trackpoint><Time>2026-03-11T16:46:23+00:00</Time><DistanceMeters>965.5</DistanceMeters><Position><LatitudeDegrees>50.596461</LatitudeDegrees><LongitudeDegrees>3.063017</LongitudeDegrees></Position><AltitudeMeters>47.4</AltitudeMeters><Extensions><TPX xmlns="http://www.garmin.com/xmlschemas/ActivityExtension/v2"><Speed>1.82</Speed></TPX></Extensions></Trackpoint><Trackpoint><Time>2026-03-11T16:46:24+00:00</Time><DistanceMeters>969.5</DistanceMeters><Position><LatitudeDegrees>50.596457</LatitudeDegrees><LongitudeDegrees>3.063048</LongitudeDegrees></Position><AltitudeMeters>47.4</AltitudeMeters><Extensions><TPX xmlns="http://www.garmin.com/xmlschemas/ActivityExtension/v2"><Speed>2.14</Speed></TPX></Extensions></Trackpoint><Trackpoint><Time>2026-03-11T16:46:25+00:00</Time><DistanceMeters>973.1</DistanceMeters><Position><LatitudeDegrees>50.596453</LatitudeDegrees><LongitudeDegrees>3.063098</LongitudeDegrees></Position><AltitudeMeters>47.5</AltitudeMeters><Extensions><TPX xmlns="http://www.garmin.com/xmlschemas/ActivityExtension/v2"><Speed>2.24</Speed></TPX></Extensions></Trackpoint><Trackpoint><Time>2026-03-11T16:46:27+00:00</Time><DistanceMeters>973.1</DistanceMeters><Position><LatitudeDegrees>50.596449</LatitudeDegrees><LongitudeDegrees>3.063122</LongitudeDegrees></Position><AltitudeMeters>47.5</AltitudeMeters><Extensions><TPX xmlns="http://www.garmin.com/xmlschemas/ActivityExtension/v2"><Speed>1.52</Speed></TPX></Extensions></Trackpoint><Trackpoint><Time>2026-03-11T16:46:28+00:00</Time><DistanceMeters>976.5</DistanceMeters><Position><LatitudeDegrees>50.596439</LatitudeDegrees><LongitudeDegrees>3.063141</LongitudeDegrees></Position><AltitudeMeters>47.5</AltitudeMeters><Extensions><TPX xmlns="http://www.garmin.com/xmlschemas/ActivityExtension/v2"><Speed>2.2</Speed></TPX></Extensions></Trackpoint><Trackpoint><Time>2026-03-11T16:46:29+00:00</Time><DistanceMeters>979.6</DistanceMeters><Position><LatitudeDegrees>50.596418</LatitudeDegrees><LongitudeDegrees>3.063191</LongitudeDegrees></Position><AltitudeMeters>47.5</AltitudeMeters><Extensions><TPX xmlns="http://www.garmin.com/xmlschemas/ActivityExtension/v2"><Speed>2.01</Speed></TPX></Extensions></Trackpoint><Trackpoint><Time>2026-03-11T16:46:30+00:00</Time><DistanceMeters>982.6</DistanceMeters><Position><LatitudeDegrees>50.596415</LatitudeDegrees><LongitudeDegrees>3.063218</LongitudeDegrees></Position><AltitudeMeters>47.5</AltitudeMeters><Extensions><TPX xmlns="http://www.garmin.com/xmlschemas/ActivityExtension/v2"><Speed>1.9</Speed></TPX></Extensions></Trackpoint><Trackpoint><Time>2026-03-11T16:46:31+00:00</Time><DistanceMeters>986.6</DistanceMeters><Position><LatitudeDegrees>50.596405</LatitudeDegrees><LongitudeDegrees>3.063273</LongitudeDegrees></Position><AltitudeMeters>47.6</AltitudeMeters><Extensions><TPX xmlns="http://www.garmin.com/xmlschemas/ActivityExtension/v2"><Speed>2.25</Speed></TPX></Extensions></Trackpoint><Trackpoint><Time>2026-03-11T16:46:32+00:00</Time><DistanceMeters>989.8</DistanceMeters><Position><LatitudeDegrees>50.59639</LatitudeDegrees><LongitudeDegrees>3.06331</LongitudeDegrees></Position><AltitudeMeters>47.6</AltitudeMeters><Extensions><TPX xmlns="http://www.garmin.com/xmlschemas/ActivityExtension/v2"><Speed>3.34</Speed></TPX></Extensions></Trackpoint><Trackpoint><Time>2026-03-11T16:46:33+00:00</Time><DistanceMeters>992.5</DistanceMeters><Position><LatitudeDegrees>50.59638</LatitudeDegrees><LongitudeDegrees>3.063363</LongitudeDegrees></Position><AltitudeMeters>47.6</AltitudeMeters><Extensions><TPX xmlns="http://www.garmin.com/xmlschemas/ActivityExtension/v2"><Speed>3.19</Speed></TPX></Extensions></Trackpoint><Trackpoint><Time>2026-03-11T16:46:34+00:00</Time><DistanceMeters>995.1</DistanceMeters><Position><LatitudeDegrees>50.596377</LatitudeDegrees><LongitudeDegrees>3.063383</LongitudeDegrees></Position><AltitudeMeters>47.6</AltitudeMeters><Extensions><TPX xmlns="http://www.garmin.com/xmlschemas/ActivityExtension/v2"><Speed>3.11</Speed></TPX></Extensions></Trackpoint><Trackpoint><Time>2026-03-11T16:46:35+00:00</Time><DistanceMeters>998.8</DistanceMeters><Position><LatitudeDegrees>50.596363</LatitudeDegrees><LongitudeDegrees>3.06343</LongitudeDegrees></Position><AltitudeMeters>47.6</AltitudeMeters><Extensions><TPX xmlns="http://www.garmin.com/xmlschemas/ActivityExtension/v2"><Speed>3.24</Speed></TPX></Extensions></Trackpoint><Trackpoint><Time>2026-03-11T16:46:36+00:00</Time><DistanceMeters>1001.0</DistanceMeters><Position><LatitudeDegrees>50.596344</LatitudeDegrees><LongitudeDegrees>3.063459</LongitudeDegrees></Position><AltitudeMeters>47.6</AltitudeMeters><Extensions><TPX xmlns="http://www.garmin.com/xmlschemas/ActivityExtension/v2"><Speed>2.87</Speed></TPX></Extensions></Trackpoint><Trackpoint><Time>2026-03-11T16:46:37+00:00</Time><DistanceMeters>1003.1</DistanceMeters><Position><LatitudeDegrees>50.596343</LatitudeDegrees><LongitudeDegrees>3.063483</LongitudeDegrees></Position><AltitudeMeters>47.6</AltitudeMeters><Extensions><TPX xmlns="http://www.garmin.com/xmlschemas/ActivityExtension/v2"><Speed>2.66</Speed></TPX></Extensions></Trackpoint><Trackpoint><Time>2026-03-11T16:46:38+00:00</Time><DistanceMeters>1006.8</DistanceMeters><Position><LatitudeDegrees>50.596338</LatitudeDegrees><LongitudeDegrees>3.063534</LongitudeDegrees></Position><AltitudeMeters>47.7</AltitudeMeters><Extensions><TPX xmlns="http://www.garmin.com/xmlschemas/ActivityExtension/v2"><Speed>2.87</Speed></TPX></Extensions></Trackpoint><Trackpoint><Time>2026-03-11T16:46:39+00:00</Time><DistanceMeters>1010.4</DistanceMeters><Position><LatitudeDegrees>50.596342</LatitudeDegrees><LongitudeDegrees>3.063585</LongitudeDegrees></Position><AltitudeMeters>47.7</AltitudeMeters><Extensions><TPX xmlns="http://www.garmin.com/xmlschemas/ActivityExtension/v2"><Speed>3.06</Speed></TPX></Extensions></Trackpoint><Trackpoint><Time>2026-03-11T16:46:40+00:00</Time><DistanceMeters>1014.9</DistanceMeters><Position><LatitudeDegrees>50.596353</LatitudeDegrees><LongitudeDegrees>3.063646</LongitudeDegrees></Position><AltitudeMeters>47.7</AltitudeMeters><Extensions><TPX xmlns="http://www.garmin.com/xmlschemas/ActivityExtension/v2"><Speed>3.22</Speed></TPX></Extensions></Trackpoint><Trackpoint><Time>2026-03-11T16:46:41+00:00</Time><DistanceMeters>1017.5</DistanceMeters><Position><LatitudeDegrees>50.596338</LatitudeDegrees><LongitudeDegrees>3.063692</LongitudeDegrees></Position><AltitudeMeters>47.7</AltitudeMeters><Extensions><TPX xmlns="http://www.garmin.com/xmlschemas/ActivityExtension/v2"><Speed>3.3</Speed></TPX></Extensions></Trackpoint><Trackpoint><Time>2026-03-11T16:46:42+00:00</Time><DistanceMeters>1020.0</DistanceMeters><Position><LatitudeDegrees>50.596329</LatitudeDegrees><LongitudeDegrees>3.063707</LongitudeDegrees></Position><AltitudeMeters>47.7</AltitudeMeters><Extensions><TPX xmlns="http://www.garmin.com/xmlschemas/ActivityExtension/v2"><Speed>3.38</Speed></TPX></Extensions></Trackpoint><Trackpoint><Time>2026-03-11T16:46:43+00:00</Time><DistanceMeters>1020.0</DistanceMeters><Position><LatitudeDegrees>50.596314</LatitudeDegrees><LongitudeDegrees>3.063723</LongitudeDegrees></Position><AltitudeMeters>47.7</AltitudeMeters><Extensions><TPX xmlns="http://www.garmin.com/xmlschemas/ActivityExtension/v2"><Speed>2.64</Speed></TPX></Extensions></Trackpoint><Trackpoint><Time>2026-03-11T16:46:44+00:00</Time><DistanceMeters>1024.0</DistanceMeters><Position><LatitudeDegrees>50.596304</LatitudeDegrees><LongitudeDegrees>3.063749</LongitudeDegrees></Position><AltitudeMeters>47.7</AltitudeMeters><Extensions><TPX xmlns="http://www.garmin.com/xmlschemas/ActivityExtension/v2"><Speed>2.72</Speed></TPX></Extensions></Trackpoint><Trackpoint><Time>2026-03-11T16:46:45+00:00</Time><DistanceMeters>1024.0</DistanceMeters><Position><LatitudeDegrees>50.596292</LatitudeDegrees><LongitudeDegrees>3.063774</LongitudeDegrees></Position><AltitudeMeters>47.7</AltitudeMeters><Extensions><TPX xmlns="http://www.garmin.com/xmlschemas/ActivityExtension/v2"><Speed>1.82</Speed></TPX></Extensions></Trackpoint><Trackpoint><Time>2026-03-11T16:46:46+00:00</Time><DistanceMeters>1027.3</DistanceMeters><Position><LatitudeDegrees>50.596289</LatitudeDegrees><LongitudeDegrees>3.063788</LongitudeDegrees></Position><AltitudeMeters>47.7</AltitudeMeters><Extensions><TPX xmlns="http://www.garmin.com/xmlschemas/ActivityExtension/v2"><Speed>1.97</Speed></TPX></Extensions></Trackpoint><Trackpoint><Time>2026-03-11T16:46:47+00:00</Time><DistanceMeters>1029.8</DistanceMeters><Position><LatitudeDegrees>50.596283</LatitudeDegrees><LongitudeDegrees>3.063844</LongitudeDegrees></Position><AltitudeMeters>47.7</AltitudeMeters><Extensions><TPX xmlns="http://www.garmin.com/xmlschemas/ActivityExtension/v2"><Speed>1.96</Speed></TPX></Extensions></Trackpoint><Trackpoint><Time>2026-03-11T16:46:48+00:00</Time><DistanceMeters>1032.3</DistanceMeters><Position><LatitudeDegrees>50.596282</LatitudeDegrees><LongitudeDegrees>3.06388</LongitudeDegrees></Position><AltitudeMeters>47.7</AltitudeMeters><Extensions><TPX xmlns="http://www.garmin.com/xmlschemas/ActivityExtension/v2"><Speed>2.46</Speed></TPX></Extensions></Trackpoint><Trackpoint><Time>2026-03-11T16:46:49+00:00</Time><DistanceMeters>1036.4</DistanceMeters><Position><LatitudeDegrees>50.59628</LatitudeDegrees><LongitudeDegrees>3.063917</LongitudeDegrees></Position><AltitudeMeters>47.7</AltitudeMeters><Extensions><TPX xmlns="http://www.garmin.com/xmlschemas/ActivityExtension/v2"><Speed>2.48</Speed></TPX></Extensions></Trackpoint><Trackpoint><Time>2026-03-11T16:46:50+00:00</Time><DistanceMeters>1036.4</DistanceMeters><Position><LatitudeDegrees>50.596281</LatitudeDegrees><LongitudeDegrees>3.063938</LongitudeDegrees></Position><AltitudeMeters>47.7</AltitudeMeters><Extensions><TPX xmlns="http://www.garmin.com/xmlschemas/ActivityExtension/v2"><Speed>2.48</Speed></TPX></Extensions></Trackpoint><Trackpoint><Time>2026-03-11T16:46:51+00:00</Time><DistanceMeters>1040.0</DistanceMeters><Position><LatitudeDegrees>50.596285</LatitudeDegrees><LongitudeDegrees>3.063967</LongitudeDegrees></Position><AltitudeMeters>47.7</AltitudeMeters><Extensions><TPX xmlns="http://www.garmin.com/xmlschemas/ActivityExtension/v2"><Speed>2.54</Speed></TPX></Extensions></Trackpoint><Trackpoint><Time>2026-03-11T16:46:52+00:00</Time><DistanceMeters>1042.7</DistanceMeters><Position><LatitudeDegrees>50.596293</LatitudeDegrees><LongitudeDegrees>3.064021</LongitudeDegrees></Position><AltitudeMeters>47.7</AltitudeMeters><Extensions><TPX xmlns="http://www.garmin.com/xmlschemas/ActivityExtension/v2"><Speed>2.57</Speed></TPX></Extensions></Trackpoint><Trackpoint><Time>2026-03-11T16:46:53+00:00</Time><DistanceMeters>1045.3</DistanceMeters><Position><LatitudeDegrees>50.596296</LatitudeDegrees><LongitudeDegrees>3.064039</LongitudeDegrees></Position><AltitudeMeters>47.7</AltitudeMeters><Extensions><TPX xmlns="http://www.garmin.com/xmlschemas/ActivityExtension/v2"><Speed>2.6</Speed></TPX></Extensions></Trackpoint><Trackpoint><Time>2026-03-11T16:46:54+00:00</Time><DistanceMeters>1045.3</DistanceMeters><Position><LatitudeDegrees>50.596313</LatitudeDegrees><LongitudeDegrees>3.064047</LongitudeDegrees></Position><AltitudeMeters>47.7</AltitudeMeters><Extensions><TPX xmlns="http://www.garmin.com/xmlschemas/ActivityExtension/v2"><Speed>1.78</Speed></TPX></Extensions></Trackpoint><Trackpoint><Time>2026-03-11T16:46:55+00:00</Time><DistanceMeters>1048.4</DistanceMeters><Position><LatitudeDegrees>50.596317</LatitudeDegrees><LongitudeDegrees>3.06407</LongitudeDegrees></Position><AltitudeMeters>47.7</AltitudeMeters><Extensions><TPX xmlns="http://www.garmin.com/xmlschemas/ActivityExtension/v2"><Speed>2.4</Speed></TPX></Extensions></Trackpoint><Trackpoint><Time>2026-03-11T16:46:56+00:00</Time><DistanceMeters>1048.4</DistanceMeters><Position><LatitudeDegrees>50.596315</LatitudeDegrees><LongitudeDegrees>3.064087</LongitudeDegrees></Position><AltitudeMeters>47.7</AltitudeMeters><Extensions><TPX xmlns="http://www.garmin.com/xmlschemas/ActivityExtension/v2"><Speed>1.68</Speed></TPX></Extensions></Trackpoint><Trackpoint><Time>2026-03-11T16:46:57+00:00</Time><DistanceMeters>1051.7</DistanceMeters><Position><LatitudeDegrees>50.596323</LatitudeDegrees><LongitudeDegrees>3.064114</LongitudeDegrees></Position><AltitudeMeters>47.7</AltitudeMeters><Extensions><TPX xmlns="http://www.garmin.com/xmlschemas/ActivityExtension/v2"><Speed>1.81</Speed></TPX></Extensions></Trackpoint><Trackpoint><Time>2026-03-11T16:46:58+00:00</Time><DistanceMeters>1054.4</DistanceMeters><Position><LatitudeDegrees>50.596317</LatitudeDegrees><LongitudeDegrees>3.06417</LongitudeDegrees></Position><AltitudeMeters>47.7</AltitudeMeters><Extensions><TPX xmlns="http://www.garmin.com/xmlschemas/ActivityExtension/v2"><Speed>1.82</Speed></TPX></Extensions></Trackpoint><Trackpoint><Time>2026-03-11T16:46:59+00:00</Time><DistanceMeters>1057.1</DistanceMeters><Position><LatitudeDegrees>50.596312</LatitudeDegrees><LongitudeDegrees>3.064189</LongitudeDegrees></Position><AltitudeMeters>47.7</AltitudeMeters><Extensions><TPX xmlns="http://www.garmin.com/xmlschemas/ActivityExtension/v2"><Speed>2.36</Speed></TPX></Extensions></Trackpoint><Trackpoint><Time>2026-03-11T16:47:00+00:00</Time><DistanceMeters>1057.1</DistanceMeters><Position><LatitudeDegrees>50.596312</LatitudeDegrees><LongitudeDegrees>3.064215</LongitudeDegrees></Position><AltitudeMeters>47.7</AltitudeMeters><Extensions><TPX xmlns="http://www.garmin.com/xmlschemas/ActivityExtension/v2"><Speed>1.74</Speed></TPX></Extensions></Trackpoint><Trackpoint><Time>2026-03-11T16:47:01+00:00</Time><DistanceMeters>1061.1</DistanceMeters><Position><LatitudeDegrees>50.59632</LatitudeDegrees><LongitudeDegrees>3.064244</LongitudeDegrees></Position><AltitudeMeters>47.8</AltitudeMeters><Extensions><TPX xmlns="http://www.garmin.com/xmlschemas/ActivityExtension/v2"><Speed>2.54</Speed></TPX></Extensions></Trackpoint><Trackpoint><Time>2026-03-11T16:47:02+00:00</Time><DistanceMeters>1061.1</DistanceMeters><Position><LatitudeDegrees>50.596316</LatitudeDegrees><LongitudeDegrees>3.064267</LongitudeDegrees></Position><AltitudeMeters>47.8</AltitudeMeters><Extensions><TPX xmlns="http://www.garmin.com/xmlschemas/ActivityExtension/v2"><Speed>1.88</Speed></TPX></Extensions></Trackpoint><Trackpoint><Time>2026-03-11T16:47:03+00:00</Time><DistanceMeters>1064.7</DistanceMeters><Position><LatitudeDegrees>50.596313</LatitudeDegrees><LongitudeDegrees>3.064294</LongitudeDegrees></Position><AltitudeMeters>47.8</AltitudeMeters><Extensions><TPX xmlns="http://www.garmin.com/xmlschemas/ActivityExtension/v2"><Speed>2.06</Speed></TPX></Extensions></Trackpoint><Trackpoint><Time>2026-03-11T16:47:04+00:00</Time><DistanceMeters>1066.9</DistanceMeters><Position><LatitudeDegrees>50.596292</LatitudeDegrees><LongitudeDegrees>3.064325</LongitudeDegrees></Position><AltitudeMeters>47.8</AltitudeMeters><Extensions><TPX xmlns="http://www.garmin.com/xmlschemas/ActivityExtension/v2"><Speed>1.95</Speed></TPX></Extensions></Trackpoint><Trackpoint><Time>2026-03-11T16:47:05+00:00</Time><DistanceMeters>1069.0</DistanceMeters><Position><LatitudeDegrees>50.596282</LatitudeDegrees><LongitudeDegrees>3.064331</LongitudeDegrees></Position><AltitudeMeters>47.8</AltitudeMeters><Extensions><TPX xmlns="http://www.garmin.com/xmlschemas/ActivityExtension/v2"><Speed>2.38</Speed></TPX></Extensions></Trackpoint><Trackpoint><Time>2026-03-11T16:47:06+00:00</Time><DistanceMeters>1071.2</DistanceMeters><Position><LatitudeDegrees>50.596258</LatitudeDegrees><LongitudeDegrees>3.064344</LongitudeDegrees></Position><AltitudeMeters>47.9</AltitudeMeters><Extensions><TPX xmlns="http://www.garmin.com/xmlschemas/ActivityExtension/v2"><Speed>2.01</Speed></TPX></Extensions></Trackpoint><Trackpoint><Time>2026-03-11T16:47:07+00:00</Time><DistanceMeters>1073.3</DistanceMeters><Position><LatitudeDegrees>50.596246</LatitudeDegrees><LongitudeDegrees>3.06435</LongitudeDegrees></Position><AltitudeMeters>47.9</AltitudeMeters><Extensions><TPX xmlns="http://www.garmin.com/xmlschemas/ActivityExtension/v2"><Speed>2.44</Speed></TPX></Extensions></Trackpoint><Trackpoint><Time>2026-03-11T16:47:08+00:00</Time><DistanceMeters>1073.3</DistanceMeters><Position><LatitudeDegrees>50.596231</LatitudeDegrees><LongitudeDegrees>3.064358</LongitudeDegrees></Position><AltitudeMeters>47.9</AltitudeMeters><Extensions><TPX xmlns="http://www.garmin.com/xmlschemas/ActivityExtension/v2"><Speed>1.72</Speed></TPX></Extensions></Trackpoint><Trackpoint><Time>2026-03-11T16:47:09+00:00</Time><DistanceMeters>1077.1</DistanceMeters><Position><LatitudeDegrees>50.596213</LatitudeDegrees><LongitudeDegrees>3.064361</LongitudeDegrees></Position><AltitudeMeters>47.9</AltitudeMeters><Extensions><TPX xmlns="http://www.garmin.com/xmlschemas/ActivityExtension/v2"><Speed>2.05</Speed></TPX></Extensions></Trackpoint><Trackpoint><Time>2026-03-11T16:47:10+00:00</Time><DistanceMeters>1077.1</DistanceMeters><Position><LatitudeDegrees>50.596206</LatitudeDegrees><LongitudeDegrees>3.064347</LongitudeDegrees></Position><AltitudeMeters>47.9</AltitudeMeters><Extensions><TPX xmlns="http://www.garmin.com/xmlschemas/ActivityExtension/v2"><Speed>1.62</Speed></TPX></Extensions></Trackpoint><Trackpoint><Time>2026-03-11T16:47:11+00:00</Time><DistanceMeters>1080.9</DistanceMeters><Position><LatitudeDegrees>50.59618</LatitudeDegrees><LongitudeDegrees>3.064342</LongitudeDegrees></Position><AltitudeMeters>48.0</AltitudeMeters><Extensions><TPX xmlns="http://www.garmin.com/xmlschemas/ActivityExtension/v2"><Speed>1.95</Speed></TPX></Extensions></Trackpoint><Trackpoint><Time>2026-03-11T16:47:12+00:00</Time><DistanceMeters>1083.4</DistanceMeters><Position><LatitudeDegrees>50.596147</LatitudeDegrees><LongitudeDegrees>3.064346</LongitudeDegrees></Position><AltitudeMeters>48.0</AltitudeMeters><Extensions><TPX xmlns="http://www.garmin.com/xmlschemas/ActivityExtension/v2"><Speed>2.02</Speed></TPX></Extensions></Trackpoint><Trackpoint><Time>2026-03-11T16:47:13+00:00</Time><DistanceMeters>1085.9</DistanceMeters><Position><LatitudeDegrees>50.596135</LatitudeDegrees><LongitudeDegrees>3.064345</LongitudeDegrees></Position><AltitudeMeters>48.1</AltitudeMeters><Extensions><TPX xmlns="http://www.garmin.com/xmlschemas/ActivityExtension/v2"><Speed>2.52</Speed></TPX></Extensions></Trackpoint><Trackpoint><Time>2026-03-11T16:47:14+00:00</Time><DistanceMeters>1088.2</DistanceMeters><Position><LatitudeDegrees>50.59611</LatitudeDegrees><LongitudeDegrees>3.064325</LongitudeDegrees></Position><AltitudeMeters>48.1</AltitudeMeters><Extensions><TPX xmlns="http://www.garmin.com/xmlschemas/ActivityExtension/v2"><Speed>2.21</Speed></TPX></Extensions></Trackpoint><Trackpoint><Time>2026-03-11T16:47:15+00:00</Time><DistanceMeters>1090.4</DistanceMeters><Position><LatitudeDegrees>50.596098</LatitudeDegrees><LongitudeDegrees>3.064319</LongitudeDegrees></Position><AltitudeMeters>48.1</AltitudeMeters><Extensions><TPX xmlns="http://www.garmin.com/xmlschemas/ActivityExtension/v2"><Speed>2.66</Speed></TPX></Extensions></Trackpoint><Trackpoint><Time>2026-03-11T16:47:16+00:00</Time><DistanceMeters>1093.0</DistanceMeters><Position><LatitudeDegrees>50.596068</LatitudeDegrees><LongitudeDegrees>3.064293</LongitudeDegrees></Position><AltitudeMeters>48.2</AltitudeMeters><Extensions><TPX xmlns="http://www.garmin.com/xmlschemas/ActivityExtension/v2"><Speed>2.41</Speed></TPX></Extensions></Trackpoint><Trackpoint><Time>2026-03-11T16:47:17+00:00</Time><DistanceMeters>1095.5</DistanceMeters><Position><LatitudeDegrees>50.596059</LatitudeDegrees><LongitudeDegrees>3.064283</LongitudeDegrees></Position><AltitudeMeters>48.2</AltitudeMeters><Extensions><TPX xmlns="http://www.garmin.com/xmlschemas/ActivityExtension/v2"><Speed>2.42</Speed></TPX></Extensions></Trackpoint><Trackpoint><Time>2026-03-11T16:47:18+00:00</Time><DistanceMeters>1097.7</DistanceMeters><Position><LatitudeDegrees>50.596034</LatitudeDegrees><LongitudeDegrees>3.064261</LongitudeDegrees></Position><AltitudeMeters>48.2</AltitudeMeters><Extensions><TPX xmlns="http://www.garmin.com/xmlschemas/ActivityExtension/v2"><Speed>2.35</Speed></TPX></Extensions></Trackpoint><Trackpoint><Time>2026-03-11T16:47:19+00:00</Time><DistanceMeters>1099.8</DistanceMeters><Position><LatitudeDegrees>50.596026</LatitudeDegrees><LongitudeDegrees>3.064252</LongitudeDegrees></Position><AltitudeMeters>48.3</AltitudeMeters><Extensions><TPX xmlns="http://www.garmin.com/xmlschemas/ActivityExtension/v2"><Speed>2.33</Speed></TPX></Extensions></Trackpoint><Trackpoint><Time>2026-03-11T16:47:20+00:00</Time><DistanceMeters>1099.8</DistanceMeters><Position><LatitudeDegrees>50.596013</LatitudeDegrees><LongitudeDegrees>3.064242</LongitudeDegrees></Position><AltitudeMeters>48.3</AltitudeMeters><Extensions><TPX xmlns="http://www.garmin.com/xmlschemas/ActivityExtension/v2"><Speed>1.88</Speed></TPX></Extensions></Trackpoint><Trackpoint><Time>2026-03-11T16:47:21+00:00</Time><DistanceMeters>1103.2</DistanceMeters><Position><LatitudeDegrees>50.596001</LatitudeDegrees><LongitudeDegrees>3.064224</LongitudeDegrees></Position><AltitudeMeters>48.3</AltitudeMeters><Extensions><TPX xmlns="http://www.garmin.com/xmlschemas/ActivityExtension/v2"><Speed>2.05</Speed></TPX></Extensions></Trackpoint><Trackpoint><Time>2026-03-11T16:47:22+00:00</Time><DistanceMeters>1104.4</DistanceMeters><Position><LatitudeDegrees>50.596001</LatitudeDegrees><LongitudeDegrees>3.064207</LongitudeDegrees></Position><AltitudeMeters>48.3</AltitudeMeters><Extensions><TPX xmlns="http://www.garmin.com/xmlschemas/ActivityExtension/v2"><Speed>1.77</Speed></TPX></Extensions></Trackpoint><Trackpoint><Time>2026-03-11T16:47:23+00:00</Time><DistanceMeters>1105.5</DistanceMeters><Position><LatitudeDegrees>50.595995</LatitudeDegrees><LongitudeDegrees>3.064193</LongitudeDegrees></Position><AltitudeMeters>48.3</AltitudeMeters><Extensions><TPX xmlns="http://www.garmin.com/xmlschemas/ActivityExtension/v2"><Speed>1.57</Speed></TPX></Extensions></Trackpoint><Trackpoint><Time>2026-03-11T16:47:24+00:00</Time><DistanceMeters>1106.7</DistanceMeters><Position><LatitudeDegrees>50.59599</LatitudeDegrees><LongitudeDegrees>3.064179</LongitudeDegrees></Position><AltitudeMeters>48.4</AltitudeMeters><Extensions><TPX xmlns="http://www.garmin.com/xmlschemas/ActivityExtension/v2"><Speed>1.37</Speed></TPX></Extensions></Trackpoint><Trackpoint><Time>2026-03-11T16:47:25+00:00</Time><DistanceMeters>1107.8</DistanceMeters><Position><LatitudeDegrees>50.595984</LatitudeDegrees><LongitudeDegrees>3.064165</LongitudeDegrees></Position><AltitudeMeters>48.4</AltitudeMeters><Extensions><TPX xmlns="http://www.garmin.com/xmlschemas/ActivityExtension/v2"><Speed>1.6</Speed></TPX></Extensions></Trackpoint><Trackpoint><Time>2026-03-11T16:47:26+00:00</Time><DistanceMeters>1107.8</DistanceMeters><Position><LatitudeDegrees>50.595986</LatitudeDegrees><LongitudeDegrees>3.06415</LongitudeDegrees></Position><AltitudeMeters>48.4</AltitudeMeters><Extensions><TPX xmlns="http://www.garmin.com/xmlschemas/ActivityExtension/v2"><Speed>0.92</Speed></TPX></Extensions></Trackpoint><Trackpoint><Time>2026-03-11T16:47:27+00:00</Time><DistanceMeters>1110.8</DistanceMeters><Position><LatitudeDegrees>50.595966</LatitudeDegrees><LongitudeDegrees>3.064132</LongitudeDegrees></Position><AltitudeMeters>48.4</AltitudeMeters><Extensions><TPX xmlns="http://www.garmin.com/xmlschemas/ActivityExtension/v2"><Speed>1.29</Speed></TPX></Extensions></Trackpoint><Trackpoint><Time>2026-03-11T16:47:28+00:00</Time><DistanceMeters>1114.2</DistanceMeters><Position><LatitudeDegrees>50.595948</LatitudeDegrees><LongitudeDegrees>3.064093</LongitudeDegrees></Position><AltitudeMeters>48.5</AltitudeMeters><Extensions><TPX xmlns="http://www.garmin.com/xmlschemas/ActivityExtension/v2"><Speed>1.74</Speed></TPX></Extensions></Trackpoint><Trackpoint><Time>2026-03-11T16:47:29+00:00</Time><DistanceMeters>1117.8</DistanceMeters><Position><LatitudeDegrees>50.595916</LatitudeDegrees><LongitudeDegrees>3.064044</LongitudeDegrees></Position><AltitudeMeters>48.5</AltitudeMeters><Extensions><TPX xmlns="http://www.garmin.com/xmlschemas/ActivityExtension/v2"><Speed>2.23</Speed></TPX></Extensions></Trackpoint><Trackpoint><Time>2026-03-11T16:47:30+00:00</Time><DistanceMeters>1121.4</DistanceMeters><Position><LatitudeDegrees>50.5959</LatitudeDegrees><LongitudeDegrees>3.064025</LongitudeDegrees></Position><AltitudeMeters>48.6</AltitudeMeters><Extensions><TPX xmlns="http://www.garmin.com/xmlschemas/ActivityExtension/v2"><Speed>2.72</Speed></TPX></Extensions></Trackpoint><Trackpoint><Time>2026-03-11T16:47:31+00:00</Time><DistanceMeters>1124.6</DistanceMeters><Position><LatitudeDegrees>50.595874</LatitudeDegrees><LongitudeDegrees>3.064005</LongitudeDegrees></Position><AltitudeMeters>48.6</AltitudeMeters><Extensions><TPX xmlns="http://www.garmin.com/xmlschemas/ActivityExtension/v2"><Speed>3.36</Speed></TPX></Extensions></Trackpoint><Trackpoint><Time>2026-03-11T16:47:32+00:00</Time><DistanceMeters>1126.8</DistanceMeters><Position><LatitudeDegrees>50.595857</LatitudeDegrees><LongitudeDegrees>3.063972</LongitudeDegrees></Position><AltitudeMeters>48.6</AltitudeMeters><Extensions><TPX xmlns="http://www.garmin.com/xmlschemas/ActivityExtension/v2"><Speed>3.19</Speed></TPX></Extensions></Trackpoint><Trackpoint><Time>2026-03-11T16:47:33+00:00</Time><DistanceMeters>1128.9</DistanceMeters><Position><LatitudeDegrees>50.595852</LatitudeDegrees><LongitudeDegrees>3.063956</LongitudeDegrees></Position><AltitudeMeters>48.7</AltitudeMeters><Extensions><TPX xmlns="http://www.garmin.com/xmlschemas/ActivityExtension/v2"><Speed>2.94</Speed></TPX></Extensions></Trackpoint><Trackpoint><Time>2026-03-11T16:47:34+00:00</Time><DistanceMeters>1128.9</DistanceMeters><Position><LatitudeDegrees>50.59584</LatitudeDegrees><LongitudeDegrees>3.063932</LongitudeDegrees></Position><AltitudeMeters>48.7</AltitudeMeters><Extensions><TPX xmlns="http://www.garmin.com/xmlschemas/ActivityExtension/v2"><Speed>2.22</Speed></TPX></Extensions></Trackpoint><Trackpoint><Time>2026-03-11T16:47:35+00:00</Time><DistanceMeters>1132.8</DistanceMeters><Position><LatitudeDegrees>50.595825</LatitudeDegrees><LongitudeDegrees>3.063922</LongitudeDegrees></Position><AltitudeMeters>48.7</AltitudeMeters><Extensions><TPX xmlns="http://www.garmin.com/xmlschemas/ActivityExtension/v2"><Speed>2.28</Speed></TPX></Extensions></Trackpoint><Trackpoint><Time>2026-03-11T16:47:36+00:00</Time><DistanceMeters>1134.9</DistanceMeters><Position><LatitudeDegrees>50.595799</LatitudeDegrees><LongitudeDegrees>3.063898</LongitudeDegrees></Position><AltitudeMeters>48.8</AltitudeMeters><Extensions><TPX xmlns="http://www.garmin.com/xmlschemas/ActivityExtension/v2"><Speed>2.06</Speed></TPX></Extensions></Trackpoint><Trackpoint><Time>2026-03-11T16:47:37+00:00</Time><DistanceMeters>1137.0</DistanceMeters><Position><LatitudeDegrees>50.595792</LatitudeDegrees><LongitudeDegrees>3.063891</LongitudeDegrees></Position><AltitudeMeters>48.8</AltitudeMeters><Extensions><TPX xmlns="http://www.garmin.com/xmlschemas/ActivityExtension/v2"><Speed>2.05</Speed></TPX></Extensions></Trackpoint><Trackpoint><Time>2026-03-11T16:47:38+00:00</Time><DistanceMeters>1139.4</DistanceMeters><Position><LatitudeDegrees>50.595768</LatitudeDegrees><LongitudeDegrees>3.063857</LongitudeDegrees></Position><AltitudeMeters>48.9</AltitudeMeters><Extensions><TPX xmlns="http://www.garmin.com/xmlschemas/ActivityExtension/v2"><Speed>2.09</Speed></TPX></Extensions></Trackpoint><Trackpoint><Time>2026-03-11T16:47:39+00:00</Time><DistanceMeters>1141.7</DistanceMeters><Position><LatitudeDegrees>50.595762</LatitudeDegrees><LongitudeDegrees>3.063846</LongitudeDegrees></Position><AltitudeMeters>48.9</AltitudeMeters><Extensions><TPX xmlns="http://www.garmin.com/xmlschemas/ActivityExtension/v2"><Speed>2.56</Speed></TPX></Extensions></Trackpoint><Trackpoint><Time>2026-03-11T16:47:40+00:00</Time><DistanceMeters>1144.0</DistanceMeters><Position><LatitudeDegrees>50.595736</LatitudeDegrees><LongitudeDegrees>3.063821</LongitudeDegrees></Position><AltitudeMeters>49.0</AltitudeMeters><Extensions><TPX xmlns="http://www.garmin.com/xmlschemas/ActivityExtension/v2"><Speed>2.24</Speed></TPX></Extensions></Trackpoint><Trackpoint><Time>2026-03-11T16:47:41+00:00</Time><DistanceMeters>1146.3</DistanceMeters><Position><LatitudeDegrees>50.595728</LatitudeDegrees><LongitudeDegrees>3.063809</LongitudeDegrees></Position><AltitudeMeters>49.0</AltitudeMeters><Extensions><TPX xmlns="http://www.garmin.com/xmlschemas/ActivityExtension/v2"><Speed>2.28</Speed></TPX></Extensions></Trackpoint><Trackpoint><Time>2026-03-11T16:47:42+00:00</Time><DistanceMeters>1148.7</DistanceMeters><Position><LatitudeDegrees>50.595702</LatitudeDegrees><LongitudeDegrees>3.063778</LongitudeDegrees></Position><AltitudeMeters>49.0</AltitudeMeters><Extensions><TPX xmlns="http://www.garmin.com/xmlschemas/ActivityExtension/v2"><Speed>2.34</Speed></TPX></Extensions></Trackpoint><Trackpoint><Time>2026-03-11T16:47:43+00:00</Time><DistanceMeters>1151.1</DistanceMeters><Position><LatitudeDegrees>50.595696</LatitudeDegrees><LongitudeDegrees>3.063763</LongitudeDegrees></Position><AltitudeMeters>49.1</AltitudeMeters><Extensions><TPX xmlns="http://www.garmin.com/xmlschemas/ActivityExtension/v2"><Speed>2.35</Speed></TPX></Extensions></Trackpoint><Trackpoint><Time>2026-03-11T16:47:44+00:00</Time><DistanceMeters>1154.4</DistanceMeters><Position><LatitudeDegrees>50.595669</LatitudeDegrees><LongitudeDegrees>3.063718</LongitudeDegrees></Position><AltitudeMeters>49.1</AltitudeMeters><Extensions><TPX xmlns="http://www.garmin.com/xmlschemas/ActivityExtension/v2"><Speed>2.53</Speed></TPX></Extensions></Trackpoint><Trackpoint><Time>2026-03-11T16:47:45+00:00</Time><DistanceMeters>1157.6</DistanceMeters><Position><LatitudeDegrees>50.595657</LatitudeDegrees><LongitudeDegrees>3.063694</LongitudeDegrees></Position><AltitudeMeters>49.1</AltitudeMeters><Extensions><TPX xmlns="http://www.garmin.com/xmlschemas/ActivityExtension/v2"><Speed>2.72</Speed></TPX></Extensions></Trackpoint><Trackpoint><Time>2026-03-11T16:47:46+00:00</Time><DistanceMeters>1161.5</DistanceMeters><Position><LatitudeDegrees>50.595651</LatitudeDegrees><LongitudeDegrees>3.06364</LongitudeDegrees></Position><AltitudeMeters>49.2</AltitudeMeters><Extensions><TPX xmlns="http://www.garmin.com/xmlschemas/ActivityExtension/v2"><Speed>3.04</Speed></TPX></Extensions></Trackpoint><Trackpoint><Time>2026-03-11T16:47:47+00:00</Time><DistanceMeters>1165.2</DistanceMeters><Position><LatitudeDegrees>50.595648</LatitudeDegrees><LongitudeDegrees>3.063587</LongitudeDegrees></Position><AltitudeMeters>49.2</AltitudeMeters><Extensions><TPX xmlns="http://www.garmin.com/xmlschemas/ActivityExtension/v2"><Speed>3.3</Speed></TPX></Extensions></Trackpoint><Trackpoint><Time>2026-03-11T16:47:48+00:00</Time><DistanceMeters>1168.2</DistanceMeters><Position><LatitudeDegrees>50.595636</LatitudeDegrees><LongitudeDegrees>3.063529</LongitudeDegrees></Position><AltitudeMeters>49.3</AltitudeMeters><Extensions><TPX xmlns="http://www.garmin.com/xmlschemas/ActivityExtension/v2"><Speed>3.41</Speed></TPX></Extensions></Trackpoint><Trackpoint><Time>2026-03-11T16:47:49+00:00</Time><DistanceMeters>1171.1</DistanceMeters><Position><LatitudeDegrees>50.595631</LatitudeDegrees><LongitudeDegrees>3.06351</LongitudeDegrees></Position><AltitudeMeters>49.3</AltitudeMeters><Extensions><TPX xmlns="http://www.garmin.com/xmlschemas/ActivityExtension/v2"><Speed>3.35</Speed></TPX></Extensions></Trackpoint><Trackpoint><Time>2026-03-11T16:47:50+00:00</Time><DistanceMeters>1174.4</DistanceMeters><Position><LatitudeDegrees>50.595623</LatitudeDegrees><LongitudeDegrees>3.063463</LongitudeDegrees></Position><AltitudeMeters>49.3</AltitudeMeters><Extensions><TPX xmlns="http://www.garmin.com/xmlschemas/ActivityExtension/v2"><Speed>3.36</Speed></TPX></Extensions></Trackpoint><Trackpoint><Time>2026-03-11T16:47:51+00:00</Time><DistanceMeters>1178.4</DistanceMeters><Position><LatitudeDegrees>50.595611</LatitudeDegrees><LongitudeDegrees>3.063411</LongitudeDegrees></Position><AltitudeMeters>49.3</AltitudeMeters><Extensions><TPX xmlns="http://www.garmin.com/xmlschemas/ActivityExtension/v2"><Speed>3.38</Speed></TPX></Extensions></Trackpoint><Trackpoint><Time>2026-03-11T16:47:52+00:00</Time><DistanceMeters>1182.3</DistanceMeters><Position><LatitudeDegrees>50.595603</LatitudeDegrees><LongitudeDegrees>3.063357</LongitudeDegrees></Position><AltitudeMeters>49.3</AltitudeMeters><Extensions><TPX xmlns="http://www.garmin.com/xmlschemas/ActivityExtension/v2"><Speed>3.42</Speed></TPX></Extensions></Trackpoint><Trackpoint><Time>2026-03-11T16:47:53+00:00</Time><DistanceMeters>1185.0</DistanceMeters><Position><LatitudeDegrees>50.595591</LatitudeDegrees><LongitudeDegrees>3.063303</LongitudeDegrees></Position><AltitudeMeters>49.4</AltitudeMeters><Extensions><TPX xmlns="http://www.garmin.com/xmlschemas/ActivityExtension/v2"><Speed>3.37</Speed></TPX></Extensions></Trackpoint><Trackpoint><Time>2026-03-11T16:47:54+00:00</Time><DistanceMeters>1187.7</DistanceMeters><Position><LatitudeDegrees>50.595588</LatitudeDegrees><LongitudeDegrees>3.063285</LongitudeDegrees></Position><AltitudeMeters>49.4</AltitudeMeters><Extensions><TPX xmlns="http://www.garmin.com/xmlschemas/ActivityExtension/v2"><Speed>3.32</Speed></TPX></Extensions></Trackpoint><Trackpoint><Time>2026-03-11T16:47:55+00:00</Time><DistanceMeters>1190.8</DistanceMeters><Position><LatitudeDegrees>50.595583</LatitudeDegrees><LongitudeDegrees>3.063241</LongitudeDegrees></Position><AltitudeMeters>49.4</AltitudeMeters><Extensions><TPX xmlns="http://www.garmin.com/xmlschemas/ActivityExtension/v2"><Speed>3.28</Speed></TPX></Extensions></Trackpoint><Trackpoint><Time>2026-03-11T16:47:56+00:00</Time><DistanceMeters>1190.8</DistanceMeters><Position><LatitudeDegrees>50.59558</LatitudeDegrees><LongitudeDegrees>3.063202</LongitudeDegrees></Position><AltitudeMeters>49.4</AltitudeMeters><Extensions><TPX xmlns="http://www.garmin.com/xmlschemas/ActivityExtension/v2"><Speed>2.48</Speed></TPX></Extensions></Trackpoint><Trackpoint><Time>2026-03-11T16:47:57+00:00</Time><DistanceMeters>1194.8</DistanceMeters><Position><LatitudeDegrees>50.595574</LatitudeDegrees><LongitudeDegrees>3.063186</LongitudeDegrees></Position><AltitudeMeters>49.4</AltitudeMeters><Extensions><TPX xmlns="http://www.garmin.com/xmlschemas/ActivityExtension/v2"><Speed>2.5</Speed></TPX></Extensions></Trackpoint><Trackpoint><Time>2026-03-11T16:47:58+00:00</Time><DistanceMeters>1198.3</DistanceMeters><Position><LatitudeDegrees>50.595566</LatitudeDegrees><LongitudeDegrees>3.063139</LongitudeDegrees></Position><AltitudeMeters>49.4</AltitudeMeters><Extensions><TPX xmlns="http://www.garmin.com/xmlschemas/ActivityExtension/v2"><Speed>2.66</Speed></TPX></Extensions></Trackpoint><Trackpoint><Time>2026-03-11T16:47:59+00:00</Time><DistanceMeters>1201.6</DistanceMeters><Position><LatitudeDegrees>50.595559</LatitudeDegrees><LongitudeDegrees>3.063094</LongitudeDegrees></Position><AltitudeMeters>49.4</AltitudeMeters><Extensions><TPX xmlns="http://www.garmin.com/xmlschemas/ActivityExtension/v2"><Speed>2.78</Speed></TPX></Extensions></Trackpoint><Trackpoint><Time>2026-03-11T16:48:00+00:00</Time><DistanceMeters>1204.3</DistanceMeters><Position><LatitudeDegrees>50.59555</LatitudeDegrees><LongitudeDegrees>3.063038</LongitudeDegrees></Position><AltitudeMeters>49.4</AltitudeMeters><Extensions><TPX xmlns="http://www.garmin.com/xmlschemas/ActivityExtension/v2"><Speed>2.7</Speed></TPX></Extensions></Trackpoint><Trackpoint><Time>2026-03-11T16:48:01+00:00</Time><DistanceMeters>1207.0</DistanceMeters><Position><LatitudeDegrees>50.595545</LatitudeDegrees><LongitudeDegrees>3.06302</LongitudeDegrees></Position><AltitudeMeters>49.4</AltitudeMeters><Extensions><TPX xmlns="http://www.garmin.com/xmlschemas/ActivityExtension/v2"><Speed>3.24</Speed></TPX></Extensions></Trackpoint><Trackpoint><Time>2026-03-11T16:48:02+00:00</Time><DistanceMeters>1210.2</DistanceMeters><Position><LatitudeDegrees>50.595522</LatitudeDegrees><LongitudeDegrees>3.062995</LongitudeDegrees></Position><AltitudeMeters>49.4</AltitudeMeters><Extensions><TPX xmlns="http://www.garmin.com/xmlschemas/ActivityExtension/v2"><Speed>3.08</Speed></TPX></Extensions></Trackpoint><Trackpoint><Time>2026-03-11T16:48:03+00:00</Time><DistanceMeters>1212.3</DistanceMeters><Position><LatitudeDegrees>50.595499</LatitudeDegrees><LongitudeDegrees>3.062969</LongitudeDegrees></Position><AltitudeMeters>49.4</AltitudeMeters><Extensions><TPX xmlns="http://www.garmin.com/xmlschemas/ActivityExtension/v2"><Speed>2.79</Speed></TPX></Extensions></Trackpoint><Trackpoint><Time>2026-03-11T16:48:04+00:00</Time><DistanceMeters>1214.3</DistanceMeters><Position><LatitudeDegrees>50.595493</LatitudeDegrees><LongitudeDegrees>3.062958</LongitudeDegrees></Position><AltitudeMeters>49.4</AltitudeMeters><Extensions><TPX xmlns="http://www.garmin.com/xmlschemas/ActivityExtension/v2"><Speed>2.54</Speed></TPX></Extensions></Trackpoint><Trackpoint><Time>2026-03-11T16:48:05+00:00</Time><DistanceMeters>1216.4</DistanceMeters><Position><LatitudeDegrees>50.595471</LatitudeDegrees><LongitudeDegrees>3.062933</LongitudeDegrees></Position><AltitudeMeters>49.4</AltitudeMeters><Extensions><TPX xmlns="http://www.garmin.com/xmlschemas/ActivityExtension/v2"><Speed>2.43</Speed></TPX></Extensions></Trackpoint><Trackpoint><Time>2026-03-11T16:48:06+00:00</Time><DistanceMeters>1218.6</DistanceMeters><Position><LatitudeDegrees>50.595464</LatitudeDegrees><LongitudeDegrees>3.062918</LongitudeDegrees></Position><AltitudeMeters>49.4</AltitudeMeters><Extensions><TPX xmlns="http://www.garmin.com/xmlschemas/ActivityExtension/v2"><Speed>2.32</Speed></TPX></Extensions></Trackpoint><Trackpoint><Time>2026-03-11T16:48:07+00:00</Time><DistanceMeters>1221.7</DistanceMeters><Position><LatitudeDegrees>50.595447</LatitudeDegrees><LongitudeDegrees>3.062884</LongitudeDegrees></Position><AltitudeMeters>49.4</AltitudeMeters><Extensions><TPX xmlns="http://www.garmin.com/xmlschemas/ActivityExtension/v2"><Speed>2.3</Speed></TPX></Extensions></Trackpoint><Trackpoint><Time>2026-03-11T16:48:08+00:00</Time><DistanceMeters>1224.1</DistanceMeters><Position><LatitudeDegrees>50.595417</LatitudeDegrees><LongitudeDegrees>3.062872</LongitudeDegrees></Position><AltitudeMeters>49.4</AltitudeMeters><Extensions><TPX xmlns="http://www.garmin.com/xmlschemas/ActivityExtension/v2"><Speed>2.36</Speed></TPX></Extensions></Trackpoint><Trackpoint><Time>2026-03-11T16:48:09+00:00</Time><DistanceMeters>1226.4</DistanceMeters><Position><LatitudeDegrees>50.595407</LatitudeDegrees><LongitudeDegrees>3.062862</LongitudeDegrees></Position><AltitudeMeters>49.4</AltitudeMeters><Extensions><TPX xmlns="http://www.garmin.com/xmlschemas/ActivityExtension/v2"><Speed>2.42</Speed></TPX></Extensions></Trackpoint><Trackpoint><Time>2026-03-11T16:48:10+00:00</Time><DistanceMeters>1229.2</DistanceMeters><Position><LatitudeDegrees>50.595378</LatitudeDegrees><LongitudeDegrees>3.062837</LongitudeDegrees></Position><AltitudeMeters>49.4</AltitudeMeters><Extensions><TPX xmlns="http://www.garmin.com/xmlschemas/ActivityExtension/v2"><Speed>2.55</Speed></TPX></Extensions></Trackpoint><Trackpoint><Time>2026-03-11T16:48:11+00:00</Time><DistanceMeters>1232.0</DistanceMeters><Position><LatitudeDegrees>50.595367</LatitudeDegrees><LongitudeDegrees>3.062814</LongitudeDegrees></Position><AltitudeMeters>49.4</AltitudeMeters><Extensions><TPX xmlns="http://www.garmin.com/xmlschemas/ActivityExtension/v2"><Speed>2.68</Speed></TPX></Extensions></Trackpoint><Trackpoint><Time>2026-03-11T16:48:12+00:00</Time><DistanceMeters>1235.2</DistanceMeters><Position><LatitudeDegrees>50.59535</LatitudeDegrees><LongitudeDegrees>3.062777</LongitudeDegrees></Position><AltitudeMeters>49.4</AltitudeMeters><Extensions><TPX xmlns="http://www.garmin.com/xmlschemas/ActivityExtension/v2"><Speed>2.7</Speed></TPX></Extensions></Trackpoint><Trackpoint><Time>2026-03-11T16:48:13+00:00</Time><DistanceMeters>1239.0</DistanceMeters><Position><LatitudeDegrees>50.595338</LatitudeDegrees><LongitudeDegrees>3.062727</LongitudeDegrees></Position><AltitudeMeters>49.5</AltitudeMeters><Extensions><TPX xmlns="http://www.garmin.com/xmlschemas/ActivityExtension/v2"><Speed>2.99</Speed></TPX></Extensions></Trackpoint><Trackpoint><Time>2026-03-11T16:48:14+00:00</Time><DistanceMeters>1242.1</DistanceMeters><Position><LatitudeDegrees>50.59532</LatitudeDegrees><LongitudeDegrees>3.062694</LongitudeDegrees></Position><AltitudeMeters>49.5</AltitudeMeters><Extensions><TPX xmlns="http://www.garmin.com/xmlschemas/ActivityExtension/v2"><Speed>3.14</Speed></TPX></Extensions></Trackpoint><Trackpoint><Time>2026-03-11T16:48:15+00:00</Time><DistanceMeters>1245.7</DistanceMeters><Position><LatitudeDegrees>50.595311</LatitudeDegrees><LongitudeDegrees>3.062645</LongitudeDegrees></Position><AltitudeMeters>49.5</AltitudeMeters><Extensions><TPX xmlns="http://www.garmin.com/xmlschemas/ActivityExtension/v2"><Speed>3.3</Speed></TPX></Extensions></Trackpoint><Trackpoint><Time>2026-03-11T16:48:16+00:00</Time><DistanceMeters>1248.7</DistanceMeters><Position><LatitudeDegrees>50.595319</LatitudeDegrees><LongitudeDegrees>3.062604</LongitudeDegrees></Position><AltitudeMeters>49.5</AltitudeMeters><Extensions><TPX xmlns="http://www.garmin.com/xmlschemas/ActivityExtension/v2"><Speed>3.34</Speed></TPX></Extensions></Trackpoint><Trackpoint><Time>2026-03-11T16:48:17+00:00</Time><DistanceMeters>1250.8</DistanceMeters><Position><LatitudeDegrees>50.595299</LatitudeDegrees><LongitudeDegrees>3.062569</LongitudeDegrees></Position><AltitudeMeters>49.6</AltitudeMeters><Extensions><TPX xmlns="http://www.garmin.com/xmlschemas/ActivityExtension/v2"><Speed>3.11</Speed></TPX></Extensions></Trackpoint><Trackpoint><Time>2026-03-11T16:48:18+00:00</Time><DistanceMeters>1252.8</DistanceMeters><Position><LatitudeDegrees>50.595294</LatitudeDegrees><LongitudeDegrees>3.062562</LongitudeDegrees></Position><AltitudeMeters>49.6</AltitudeMeters><Extensions><TPX xmlns="http://www.garmin.com/xmlschemas/ActivityExtension/v2"><Speed>2.76</Speed></TPX></Extensions></Trackpoint><Trackpoint><Time>2026-03-11T16:48:19+00:00</Time><DistanceMeters>1252.8</DistanceMeters><Position><LatitudeDegrees>50.595277</LatitudeDegrees><LongitudeDegrees>3.062541</LongitudeDegrees></Position><AltitudeMeters>49.6</AltitudeMeters><Extensions><TPX xmlns="http://www.garmin.com/xmlschemas/ActivityExtension/v2"><Speed>2.14</Speed></TPX></Extensions></Trackpoint><Trackpoint><Time>2026-03-11T16:48:20+00:00</Time><DistanceMeters>1256.6</DistanceMeters><Position><LatitudeDegrees>50.595265</LatitudeDegrees><LongitudeDegrees>3.062533</LongitudeDegrees></Position><AltitudeMeters>49.6</AltitudeMeters><Extensions><TPX xmlns="http://www.garmin.com/xmlschemas/ActivityExtension/v2"><Speed>2.18</Speed></TPX></Extensions></Trackpoint><Trackpoint><Time>2026-03-11T16:48:21+00:00</Time><DistanceMeters>1260.6</DistanceMeters><Position><LatitudeDegrees>50.595236</LatitudeDegrees><LongitudeDegrees>3.0625</LongitudeDegrees></Position><AltitudeMeters>49.6</AltitudeMeters><Extensions><TPX xmlns="http://www.garmin.com/xmlschemas/ActivityExtension/v2"><Speed>2.38</Speed></TPX></Extensions></Trackpoint><Trackpoint><Time>2026-03-11T16:48:22+00:00</Time><DistanceMeters>1263.1</DistanceMeters><Position><LatitudeDegrees>50.595208</LatitudeDegrees><LongitudeDegrees>3.062473</LongitudeDegrees></Position><AltitudeMeters>49.7</AltitudeMeters><Extensions><TPX xmlns="http://www.garmin.com/xmlschemas/ActivityExtension/v2"><Speed>2.47</Speed></TPX></Extensions></Trackpoint><Trackpoint><Time>2026-03-11T16:48:23+00:00</Time><DistanceMeters>1265.6</DistanceMeters><Position><LatitudeDegrees>50.595196</LatitudeDegrees><LongitudeDegrees>3.062468</LongitudeDegrees></Position><AltitudeMeters>49.7</AltitudeMeters><Extensions><TPX xmlns="http://www.garmin.com/xmlschemas/ActivityExtension/v2"><Speed>2.56</Speed></TPX></Extensions></Trackpoint><Trackpoint><Time>2026-03-11T16:48:24+00:00</Time><DistanceMeters>1268.7</DistanceMeters><Position><LatitudeDegrees>50.595161</LatitudeDegrees><LongitudeDegrees>3.062437</LongitudeDegrees></Position><AltitudeMeters>49.7</AltitudeMeters><Extensions><TPX xmlns="http://www.garmin.com/xmlschemas/ActivityExtension/v2"><Speed>3.17</Speed></TPX></Extensions></Trackpoint><Trackpoint><Time>2026-03-11T16:48:25+00:00</Time><DistanceMeters>1271.7</DistanceMeters><Position><LatitudeDegrees>50.595147</LatitudeDegrees><LongitudeDegrees>3.062427</LongitudeDegrees></Position><AltitudeMeters>49.7</AltitudeMeters><Extensions><TPX xmlns="http://www.garmin.com/xmlschemas/ActivityExtension/v2"><Speed>3.02</Speed></TPX></Extensions></Trackpoint><Trackpoint><Time>2026-03-11T16:48:26+00:00</Time><DistanceMeters>1274.6</DistanceMeters><Position><LatitudeDegrees>50.595109</LatitudeDegrees><LongitudeDegrees>3.062419</LongitudeDegrees></Position><AltitudeMeters>49.8</AltitudeMeters><Extensions><TPX xmlns="http://www.garmin.com/xmlschemas/ActivityExtension/v2"><Speed>2.8</Speed></TPX></Extensions></Trackpoint><Trackpoint><Time>2026-03-11T16:48:27+00:00</Time><DistanceMeters>1277.5</DistanceMeters><Position><LatitudeDegrees>50.595095</LatitudeDegrees><LongitudeDegrees>3.062421</LongitudeDegrees></Position><AltitudeMeters>49.8</AltitudeMeters><Extensions><TPX xmlns="http://www.garmin.com/xmlschemas/ActivityExtension/v2"><Speed>2.88</Speed></TPX></Extensions></Trackpoint><Trackpoint><Time>2026-03-11T16:48:28+00:00</Time><DistanceMeters>1281.0</DistanceMeters><Position><LatitudeDegrees>50.595064</LatitudeDegrees><LongitudeDegrees>3.062422</LongitudeDegrees></Position><AltitudeMeters>49.8</AltitudeMeters><Extensions><TPX xmlns="http://www.garmin.com/xmlschemas/ActivityExtension/v2"><Speed>3.08</Speed></TPX></Extensions></Trackpoint><Trackpoint><Time>2026-03-11T16:48:29+00:00</Time><DistanceMeters>1284.1</DistanceMeters><Position><LatitudeDegrees>50.595036</LatitudeDegrees><LongitudeDegrees>3.062418</LongitudeDegrees></Position><AltitudeMeters>49.9</AltitudeMeters><Extensions><TPX xmlns="http://www.garmin.com/xmlschemas/ActivityExtension/v2"><Speed>3.09</Speed></TPX></Extensions></Trackpoint><Trackpoint><Time>2026-03-11T16:48:30+00:00</Time><DistanceMeters>1287.2</DistanceMeters><Position><LatitudeDegrees>50.594996</LatitudeDegrees><LongitudeDegrees>3.06242</LongitudeDegrees></Position><AltitudeMeters>49.9</AltitudeMeters><Extensions><TPX xmlns="http://www.garmin.com/xmlschemas/ActivityExtension/v2"><Speed>3.09</Speed></TPX></Extensions></Trackpoint><Trackpoint><Time>2026-03-11T16:48:31+00:00</Time><DistanceMeters>1290.2</DistanceMeters><Position><LatitudeDegrees>50.594982</LatitudeDegrees><LongitudeDegrees>3.06242</LongitudeDegrees></Position><AltitudeMeters>49.9</AltitudeMeters><Extensions><TPX xmlns="http://www.garmin.com/xmlschemas/ActivityExtension/v2"><Speed>3.12</Speed></TPX></Extensions></Trackpoint><Trackpoint><Time>2026-03-11T16:48:33+00:00</Time><DistanceMeters>1293.1</DistanceMeters><Position><LatitudeDegrees>50.594944</LatitudeDegrees><LongitudeDegrees>3.062426</LongitudeDegrees></Position><AltitudeMeters>50.0</AltitudeMeters><Extensions><TPX xmlns="http://www.garmin.com/xmlschemas/ActivityExtension/v2"><Speed>2.41</Speed></TPX></Extensions></Trackpoint><Trackpoint><Time>2026-03-11T16:48:34+00:00</Time><DistanceMeters>1295.9</DistanceMeters><Position><LatitudeDegrees>50.59493</LatitudeDegrees><LongitudeDegrees>3.062426</LongitudeDegrees></Position><AltitudeMeters>50.0</AltitudeMeters><Extensions><TPX xmlns="http://www.garmin.com/xmlschemas/ActivityExtension/v2"><Speed>2.36</Speed></TPX></Extensions></Trackpoint><Trackpoint><Time>2026-03-11T16:48:35+00:00</Time><DistanceMeters>1298.4</DistanceMeters><Position><LatitudeDegrees>50.5949</LatitudeDegrees><LongitudeDegrees>3.062422</LongitudeDegrees></Position><AltitudeMeters>50.1</AltitudeMeters><Extensions><TPX xmlns="http://www.garmin.com/xmlschemas/ActivityExtension/v2"><Speed>2.25</Speed></TPX></Extensions></Trackpoint><Trackpoint><Time>2026-03-11T16:48:36+00:00</Time><DistanceMeters>1300.9</DistanceMeters><Position><LatitudeDegrees>50.594886</LatitudeDegrees><LongitudeDegrees>3.062415</LongitudeDegrees></Position><AltitudeMeters>50.1</AltitudeMeters><Extensions><TPX xmlns="http://www.garmin.com/xmlschemas/ActivityExtension/v2"><Speed>2.14</Speed></TPX></Extensions></Trackpoint><Trackpoint><Time>2026-03-11T16:48:37+00:00</Time><DistanceMeters>1303.6</DistanceMeters><Position><LatitudeDegrees>50.594849</LatitudeDegrees><LongitudeDegrees>3.062407</LongitudeDegrees></Position><AltitudeMeters>50.1</AltitudeMeters><Extensions><TPX xmlns="http://www.garmin.com/xmlschemas/ActivityExtension/v2"><Speed>2.233</Speed></TPX></Extensions></Trackpoint><Trackpoint><Time>2026-03-11T16:48:38+00:00</Time><DistanceMeters>1306.3</DistanceMeters><Position><LatitudeDegrees>50.594837</LatitudeDegrees><LongitudeDegrees>3.062407</LongitudeDegrees></Position><AltitudeMeters>50.2</AltitudeMeters><Extensions><TPX xmlns="http://www.garmin.com/xmlschemas/ActivityExtension/v2"><Speed>2.65</Speed></TPX></Extensions></Trackpoint><Trackpoint><Time>2026-03-11T16:48:39+00:00</Time><DistanceMeters>1309.2</DistanceMeters><Position><LatitudeDegrees>50.594802</LatitudeDegrees><LongitudeDegrees>3.06242</LongitudeDegrees></Position><AltitudeMeters>50.2</AltitudeMeters><Extensions><TPX xmlns="http://www.garmin.com/xmlschemas/ActivityExtension/v2"><Speed>2.65</Speed></TPX></Extensions></Trackpoint><Trackpoint><Time>2026-03-11T16:48:40+00:00</Time><DistanceMeters>1312.0</DistanceMeters><Position><LatitudeDegrees>50.594787</LatitudeDegrees><LongitudeDegrees>3.062422</LongitudeDegrees></Position><AltitudeMeters>50.2</AltitudeMeters><Extensions><TPX xmlns="http://www.garmin.com/xmlschemas/ActivityExtension/v2"><Speed>2.72</Speed></TPX></Extensions></Trackpoint><Trackpoint><Time>2026-03-11T16:48:41+00:00</Time><DistanceMeters>1314.4</DistanceMeters><Position><LatitudeDegrees>50.594758</LatitudeDegrees><LongitudeDegrees>3.062436</LongitudeDegrees></Position><AltitudeMeters>50.3</AltitudeMeters><Extensions><TPX xmlns="http://www.garmin.com/xmlschemas/ActivityExtension/v2"><Speed>2.7</Speed></TPX></Extensions></Trackpoint><Trackpoint><Time>2026-03-11T16:48:42+00:00</Time><DistanceMeters>1316.8</DistanceMeters><Position><LatitudeDegrees>50.594746</LatitudeDegrees><LongitudeDegrees>3.062445</LongitudeDegrees></Position><AltitudeMeters>50.3</AltitudeMeters><Extensions><TPX xmlns="http://www.garmin.com/xmlschemas/ActivityExtension/v2"><Speed>2.64</Speed></TPX></Extensions></Trackpoint><Trackpoint><Time>2026-03-11T16:48:43+00:00</Time><DistanceMeters>1319.4</DistanceMeters><Position><LatitudeDegrees>50.594713</LatitudeDegrees><LongitudeDegrees>3.062462</LongitudeDegrees></Position><AltitudeMeters>50.3</AltitudeMeters><Extensions><TPX xmlns="http://www.garmin.com/xmlschemas/ActivityExtension/v2"><Speed>2.63</Speed></TPX></Extensions></Trackpoint><Trackpoint><Time>2026-03-11T16:48:44+00:00</Time><DistanceMeters>1322.1</DistanceMeters><Position><LatitudeDegrees>50.594701</LatitudeDegrees><LongitudeDegrees>3.062466</LongitudeDegrees></Position><AltitudeMeters>50.3</AltitudeMeters><Extensions><TPX xmlns="http://www.garmin.com/xmlschemas/ActivityExtension/v2"><Speed>2.59</Speed></TPX></Extensions></Trackpoint><Trackpoint><Time>2026-03-11T16:48:45+00:00</Time><DistanceMeters>1324.6</DistanceMeters><Position><LatitudeDegrees>50.594669</LatitudeDegrees><LongitudeDegrees>3.062488</LongitudeDegrees></Position><AltitudeMeters>50.4</AltitudeMeters><Extensions><TPX xmlns="http://www.garmin.com/xmlschemas/ActivityExtension/v2"><Speed>2.52</Speed></TPX></Extensions></Trackpoint><Trackpoint><Time>2026-03-11T16:48:46+00:00</Time><DistanceMeters>1327.1</DistanceMeters><Position><LatitudeDegrees>50.594659</LatitudeDegrees><LongitudeDegrees>3.062495</LongitudeDegrees></Position><AltitudeMeters>50.4</AltitudeMeters><Extensions><TPX xmlns="http://www.garmin.com/xmlschemas/ActivityExtension/v2"><Speed>2.54</Speed></TPX></Extensions></Trackpoint><Trackpoint><Time>2026-03-11T16:48:47+00:00</Time><DistanceMeters>1330.5</DistanceMeters><Position><LatitudeDegrees>50.59463</LatitudeDegrees><LongitudeDegrees>3.062502</LongitudeDegrees></Position><AltitudeMeters>50.4</AltitudeMeters><Extensions><TPX xmlns="http://www.garmin.com/xmlschemas/ActivityExtension/v2"><Speed>2.74</Speed></TPX></Extensions></Trackpoint><Trackpoint><Time>2026-03-11T16:48:48+00:00</Time><DistanceMeters>1333.1</DistanceMeters><Position><LatitudeDegrees>50.594597</LatitudeDegrees><LongitudeDegrees>3.062503</LongitudeDegrees></Position><AltitudeMeters>50.5</AltitudeMeters><Extensions><TPX xmlns="http://www.garmin.com/xmlschemas/ActivityExtension/v2"><Speed>2.73</Speed></TPX></Extensions></Trackpoint><Trackpoint><Time>2026-03-11T16:48:49+00:00</Time><DistanceMeters>1335.7</DistanceMeters><Position><LatitudeDegrees>50.594583</LatitudeDegrees><LongitudeDegrees>3.062503</LongitudeDegrees></Position><AltitudeMeters>50.5</AltitudeMeters><Extensions><TPX xmlns="http://www.garmin.com/xmlschemas/ActivityExtension/v2"><Speed>2.72</Speed></TPX></Extensions></Trackpoint><Trackpoint><Time>2026-03-11T16:48:50+00:00</Time><DistanceMeters>1338.8</DistanceMeters><Position><LatitudeDegrees>50.594555</LatitudeDegrees><LongitudeDegrees>3.062496</LongitudeDegrees></Position><AltitudeMeters>50.5</AltitudeMeters><Extensions><TPX xmlns="http://www.garmin.com/xmlschemas/ActivityExtension/v2"><Speed>2.84</Speed></TPX></Extensions></Trackpoint><Trackpoint><Time>2026-03-11T16:48:51+00:00</Time><DistanceMeters>1342.5</DistanceMeters><Position><LatitudeDegrees>50.594522</LatitudeDegrees><LongitudeDegrees>3.062489</LongitudeDegrees></Position><AltitudeMeters>50.6</AltitudeMeters><Extensions><TPX xmlns="http://www.garmin.com/xmlschemas/ActivityExtension/v2"><Speed>3.08</Speed></TPX></Extensions></Trackpoint><Trackpoint><Time>2026-03-11T16:48:52+00:00</Time><DistanceMeters>1345.5</DistanceMeters><Position><LatitudeDegrees>50.594496</LatitudeDegrees><LongitudeDegrees>3.06248</LongitudeDegrees></Position><AltitudeMeters>50.6</AltitudeMeters><Extensions><TPX xmlns="http://www.garmin.com/xmlschemas/ActivityExtension/v2"><Speed>3.0</Speed></TPX></Extensions></Trackpoint><Trackpoint><Time>2026-03-11T16:48:53+00:00</Time><DistanceMeters>1351.6</DistanceMeters><Position><LatitudeDegrees>50.594444</LatitudeDegrees><LongitudeDegrees>3.062451</LongitudeDegrees></Position><AltitudeMeters>50.7</AltitudeMeters><Extensions><TPX xmlns="http://www.garmin.com/xmlschemas/ActivityExtension/v2"><Speed>3.7</Speed></TPX></Extensions></Trackpoint><Trackpoint><Time>2026-03-11T16:48:54+00:00</Time><DistanceMeters>1354.4</DistanceMeters><Position><LatitudeDegrees>50.594409</LatitudeDegrees><LongitudeDegrees>3.062426</LongitudeDegrees></Position><AltitudeMeters>50.8</AltitudeMeters><Extensions><TPX xmlns="http://www.garmin.com/xmlschemas/ActivityExtension/v2"><Speed>3.75</Speed></TPX></Extensions></Trackpoint><Trackpoint><Time>2026-03-11T16:48:55+00:00</Time><DistanceMeters>1357.3</DistanceMeters><Position><LatitudeDegrees>50.594399</LatitudeDegrees><LongitudeDegrees>3.062414</LongitudeDegrees></Position><AltitudeMeters>50.8</AltitudeMeters><Extensions><TPX xmlns="http://www.garmin.com/xmlschemas/ActivityExtension/v2"><Speed>3.7</Speed></TPX></Extensions></Trackpoint><Trackpoint><Time>2026-03-11T16:48:56+00:00</Time><DistanceMeters>1359.6</DistanceMeters><Position><LatitudeDegrees>50.594374</LatitudeDegrees><LongitudeDegrees>3.062388</LongitudeDegrees></Position><AltitudeMeters>50.8</AltitudeMeters><Extensions><TPX xmlns="http://www.garmin.com/xmlschemas/ActivityExtension/v2"><Speed>3.41</Speed></TPX></Extensions></Trackpoint><Trackpoint><Time>2026-03-11T16:48:57+00:00</Time><DistanceMeters>1361.8</DistanceMeters><Position><LatitudeDegrees>50.594365</LatitudeDegrees><LongitudeDegrees>3.06238</LongitudeDegrees></Position><AltitudeMeters>50.8</AltitudeMeters><Extensions><TPX xmlns="http://www.garmin.com/xmlschemas/ActivityExtension/v2"><Speed>3.26</Speed></TPX></Extensions></Trackpoint><Trackpoint><Time>2026-03-11T16:48:58+00:00</Time><DistanceMeters>1363.9</DistanceMeters><Position><LatitudeDegrees>50.59434</LatitudeDegrees><LongitudeDegrees>3.062352</LongitudeDegrees></Position><AltitudeMeters>50.9</AltitudeMeters><Extensions><TPX xmlns="http://www.garmin.com/xmlschemas/ActivityExtension/v2"><Speed>2.47</Speed></TPX></Extensions></Trackpoint><Trackpoint><Time>2026-03-11T16:48:59+00:00</Time><DistanceMeters>1366.1</DistanceMeters><Position><LatitudeDegrees>50.594333</LatitudeDegrees><LongitudeDegrees>3.062345</LongitudeDegrees></Position><AltitudeMeters>50.9</AltitudeMeters><Extensions><TPX xmlns="http://www.garmin.com/xmlschemas/ActivityExtension/v2"><Speed>2.33</Speed></TPX></Extensions></Trackpoint><Trackpoint><Time>2026-03-11T16:49:00+00:00</Time><DistanceMeters>1368.8</DistanceMeters><Position><LatitudeDegrees>50.594303</LatitudeDegrees><LongitudeDegrees>3.062316</LongitudeDegrees></Position><AltitudeMeters>50.9</AltitudeMeters><Extensions><TPX xmlns="http://www.garmin.com/xmlschemas/ActivityExtension/v2"><Speed>2.29</Speed></TPX></Extensions></Trackpoint><Trackpoint><Time>2026-03-11T16:49:01+00:00</Time><DistanceMeters>1371.4</DistanceMeters><Position><LatitudeDegrees>50.594292</LatitudeDegrees><LongitudeDegrees>3.062308</LongitudeDegrees></Position><AltitudeMeters>51.0</AltitudeMeters><Extensions><TPX xmlns="http://www.garmin.com/xmlschemas/ActivityExtension/v2"><Speed>2.37</Speed></TPX></Extensions></Trackpoint><Trackpoint><Time>2026-03-11T16:49:02+00:00</Time><DistanceMeters>1374.1</DistanceMeters><Position><LatitudeDegrees>50.594262</LatitudeDegrees><LongitudeDegrees>3.062281</LongitudeDegrees></Position><AltitudeMeters>51.0</AltitudeMeters><Extensions><TPX xmlns="http://www.garmin.com/xmlschemas/ActivityExtension/v2"><Speed>2.46</Speed></TPX></Extensions></Trackpoint><Trackpoint><Time>2026-03-11T16:49:03+00:00</Time><DistanceMeters>1376.8</DistanceMeters><Position><LatitudeDegrees>50.59425</LatitudeDegrees><LongitudeDegrees>3.062267</LongitudeDegrees></Position><AltitudeMeters>51.0</AltitudeMeters><Extensions><TPX xmlns="http://www.garmin.com/xmlschemas/ActivityExtension/v2"><Speed>2.57</Speed></TPX></Extensions></Trackpoint><Trackpoint><Time>2026-03-11T16:49:04+00:00</Time><DistanceMeters>1378.9</DistanceMeters><Position><LatitudeDegrees>50.594226</LatitudeDegrees><LongitudeDegrees>3.062245</LongitudeDegrees></Position><AltitudeMeters>51.0</AltitudeMeters><Extensions><TPX xmlns="http://www.garmin.com/xmlschemas/ActivityExtension/v2"><Speed>2.57</Speed></TPX></Extensions></Trackpoint><Trackpoint><Time>2026-03-11T16:49:05+00:00</Time><DistanceMeters>1381.1</DistanceMeters><Position><LatitudeDegrees>50.594217</LatitudeDegrees><LongitudeDegrees>3.062239</LongitudeDegrees></Position><AltitudeMeters>51.0</AltitudeMeters><Extensions><TPX xmlns="http://www.garmin.com/xmlschemas/ActivityExtension/v2"><Speed>2.47</Speed></TPX></Extensions></Trackpoint><Trackpoint><Time>2026-03-11T16:49:06+00:00</Time><DistanceMeters>1381.1</DistanceMeters><Position><LatitudeDegrees>50.594202</LatitudeDegrees><LongitudeDegrees>3.062245</LongitudeDegrees></Position><AltitudeMeters>51.0</AltitudeMeters><Extensions><TPX xmlns="http://www.garmin.com/xmlschemas/ActivityExtension/v2"><Speed>1.94</Speed></TPX></Extensions></Trackpoint><Trackpoint><Time>2026-03-11T16:49:07+00:00</Time><DistanceMeters>1384.7</DistanceMeters><Position><LatitudeDegrees>50.594185</LatitudeDegrees><LongitudeDegrees>3.062226</LongitudeDegrees></Position><AltitudeMeters>51.0</AltitudeMeters><Extensions><TPX xmlns="http://www.garmin.com/xmlschemas/ActivityExtension/v2"><Speed>2.12</Speed></TPX></Extensions></Trackpoint><Trackpoint><Time>2026-03-11T16:49:08+00:00</Time><DistanceMeters>1388.2</DistanceMeters><Position><LatitudeDegrees>50.594164</LatitudeDegrees><LongitudeDegrees>3.062189</LongitudeDegrees></Position><AltitudeMeters>51.0</AltitudeMeters><Extensions><TPX xmlns="http://www.garmin.com/xmlschemas/ActivityExtension/v2"><Speed>2.28</Speed></TPX></Extensions></Trackpoint><Trackpoint><Time>2026-03-11T16:49:09+00:00</Time><DistanceMeters>1390.7</DistanceMeters><Position><LatitudeDegrees>50.594141</LatitudeDegrees><LongitudeDegrees>3.06215</LongitudeDegrees></Position><AltitudeMeters>51.0</AltitudeMeters><Extensions><TPX xmlns="http://www.garmin.com/xmlschemas/ActivityExtension/v2"><Speed>2.34</Speed></TPX></Extensions></Trackpoint><Trackpoint><Time>2026-03-11T16:49:10+00:00</Time><DistanceMeters>1393.1</DistanceMeters><Position><LatitudeDegrees>50.594132</LatitudeDegrees><LongitudeDegrees>3.062141</LongitudeDegrees></Position><AltitudeMeters>51.0</AltitudeMeters><Extensions><TPX xmlns="http://www.garmin.com/xmlschemas/ActivityExtension/v2"><Speed>2.4</Speed></TPX></Extensions></Trackpoint><Trackpoint><Time>2026-03-11T16:49:11+00:00</Time><DistanceMeters>1395.6</DistanceMeters><Position><LatitudeDegrees>50.594108</LatitudeDegrees><LongitudeDegrees>3.062103</LongitudeDegrees></Position><AltitudeMeters>51.0</AltitudeMeters><Extensions><TPX xmlns="http://www.garmin.com/xmlschemas/ActivityExtension/v2"><Speed>2.89</Speed></TPX></Extensions></Trackpoint><Trackpoint><Time>2026-03-11T16:49:12+00:00</Time><DistanceMeters>1398.0</DistanceMeters><Position><LatitudeDegrees>50.594101</LatitudeDegrees><LongitudeDegrees>3.062092</LongitudeDegrees></Position><AltitudeMeters>51.0</AltitudeMeters><Extensions><TPX xmlns="http://www.garmin.com/xmlschemas/ActivityExtension/v2"><Speed>2.66</Speed></TPX></Extensions></Trackpoint><Trackpoint><Time>2026-03-11T16:49:13+00:00</Time><DistanceMeters>1398.0</DistanceMeters><Position><LatitudeDegrees>50.594084</LatitudeDegrees><LongitudeDegrees>3.062071</LongitudeDegrees></Position><AltitudeMeters>51.0</AltitudeMeters><Extensions><TPX xmlns="http://www.garmin.com/xmlschemas/ActivityExtension/v2"><Speed>1.96</Speed></TPX></Extensions></Trackpoint><Trackpoint><Time>2026-03-11T16:49:14+00:00</Time><DistanceMeters>1401.2</DistanceMeters><Position><LatitudeDegrees>50.594077</LatitudeDegrees><LongitudeDegrees>3.062069</LongitudeDegrees></Position><AltitudeMeters>51.0</AltitudeMeters><Extensions><TPX xmlns="http://www.garmin.com/xmlschemas/ActivityExtension/v2"><Speed>2.11</Speed></TPX></Extensions></Trackpoint><Trackpoint><Time>2026-03-11T16:49:15+00:00</Time><DistanceMeters>1403.8</DistanceMeters><Position><LatitudeDegrees>50.594047</LatitudeDegrees><LongitudeDegrees>3.062043</LongitudeDegrees></Position><AltitudeMeters>51.0</AltitudeMeters><Extensions><TPX xmlns="http://www.garmin.com/xmlschemas/ActivityExtension/v2"><Speed>2.14</Speed></TPX></Extensions></Trackpoint><Trackpoint><Time>2026-03-11T16:49:16+00:00</Time><DistanceMeters>1406.4</DistanceMeters><Position><LatitudeDegrees>50.594034</LatitudeDegrees><LongitudeDegrees>3.062039</LongitudeDegrees></Position><AltitudeMeters>51.0</AltitudeMeters><Extensions><TPX xmlns="http://www.garmin.com/xmlschemas/ActivityExtension/v2"><Speed>2.17</Speed></TPX></Extensions></Trackpoint><Trackpoint><Time>2026-03-11T16:49:17+00:00</Time><DistanceMeters>1408.7</DistanceMeters><Position><LatitudeDegrees>50.594013</LatitudeDegrees><LongitudeDegrees>3.062004</LongitudeDegrees></Position><AltitudeMeters>51.0</AltitudeMeters><Extensions><TPX xmlns="http://www.garmin.com/xmlschemas/ActivityExtension/v2"><Speed>2.13</Speed></TPX></Extensions></Trackpoint><Trackpoint><Time>2026-03-11T16:49:18+00:00</Time><DistanceMeters>1410.9</DistanceMeters><Position><LatitudeDegrees>50.594003</LatitudeDegrees><LongitudeDegrees>3.061998</LongitudeDegrees></Position><AltitudeMeters>51.0</AltitudeMeters><Extensions><TPX xmlns="http://www.garmin.com/xmlschemas/ActivityExtension/v2"><Speed>2.58</Speed></TPX></Extensions></Trackpoint><Trackpoint><Time>2026-03-11T16:49:19+00:00</Time><DistanceMeters>1413.1</DistanceMeters><Position><LatitudeDegrees>50.593978</LatitudeDegrees><LongitudeDegrees>3.061975</LongitudeDegrees></Position><AltitudeMeters>51.0</AltitudeMeters><Extensions><TPX xmlns="http://www.garmin.com/xmlschemas/ActivityExtension/v2"><Speed>2.37</Speed></TPX></Extensions></Trackpoint><Trackpoint><Time>2026-03-11T16:49:20+00:00</Time><DistanceMeters>1415.2</DistanceMeters><Position><LatitudeDegrees>50.593971</LatitudeDegrees><LongitudeDegrees>3.061966</LongitudeDegrees></Position><AltitudeMeters>51.0</AltitudeMeters><Extensions><TPX xmlns="http://www.garmin.com/xmlschemas/ActivityExtension/v2"><Speed>2.28</Speed></TPX></Extensions></Trackpoint><Trackpoint><Time>2026-03-11T16:49:21+00:00</Time><DistanceMeters>1417.9</DistanceMeters><Position><LatitudeDegrees>50.593946</LatitudeDegrees><LongitudeDegrees>3.061932</LongitudeDegrees></Position><AltitudeMeters>51.0</AltitudeMeters><Extensions><TPX xmlns="http://www.garmin.com/xmlschemas/ActivityExtension/v2"><Speed>2.29</Speed></TPX></Extensions></Trackpoint><Trackpoint><Time>2026-03-11T16:49:22+00:00</Time><DistanceMeters>1420.5</DistanceMeters><Position><LatitudeDegrees>50.593935</LatitudeDegrees><LongitudeDegrees>3.061915</LongitudeDegrees></Position><AltitudeMeters>51.0</AltitudeMeters><Extensions><TPX xmlns="http://www.garmin.com/xmlschemas/ActivityExtension/v2"><Speed>2.37</Speed></TPX></Extensions></Trackpoint><Trackpoint><Time>2026-03-11T16:49:23+00:00</Time><DistanceMeters>1420.5</DistanceMeters><Position><LatitudeDegrees>50.593919</LatitudeDegrees><LongitudeDegrees>3.061895</LongitudeDegrees></Position><AltitudeMeters>51.0</AltitudeMeters><Extensions><TPX xmlns="http://www.garmin.com/xmlschemas/ActivityExtension/v2"><Speed>1.92</Speed></TPX></Extensions></Trackpoint><Trackpoint><Time>2026-03-11T16:49:24+00:00</Time><DistanceMeters>1424.2</DistanceMeters><Position><LatitudeDegrees>50.593906</LatitudeDegrees><LongitudeDegrees>3.06189</LongitudeDegrees></Position><AltitudeMeters>51.0</AltitudeMeters><Extensions><TPX xmlns="http://www.garmin.com/xmlschemas/ActivityExtension/v2"><Speed>2.23</Speed></TPX></Extensions></Trackpoint><Trackpoint><Time>2026-03-11T16:49:25+00:00</Time><DistanceMeters>1426.9</DistanceMeters><Position><LatitudeDegrees>50.593873</LatitudeDegrees><LongitudeDegrees>3.061868</LongitudeDegrees></Position><AltitudeMeters>51.0</AltitudeMeters><Extensions><TPX xmlns="http://www.garmin.com/xmlschemas/ActivityExtension/v2"><Speed>2.33</Speed></TPX></Extensions></Trackpoint><Trackpoint><Time>2026-03-11T16:49:26+00:00</Time><DistanceMeters>1429.5</DistanceMeters><Position><LatitudeDegrees>50.593863</LatitudeDegrees><LongitudeDegrees>3.061858</LongitudeDegrees></Position><AltitudeMeters>51.0</AltitudeMeters><Extensions><TPX xmlns="http://www.garmin.com/xmlschemas/ActivityExtension/v2"><Speed>2.33</Speed></TPX></Extensions></Trackpoint><Trackpoint><Time>2026-03-11T16:49:27+00:00</Time><DistanceMeters>1431.6</DistanceMeters><Position><LatitudeDegrees>50.593838</LatitudeDegrees><LongitudeDegrees>3.061846</LongitudeDegrees></Position><AltitudeMeters>51.0</AltitudeMeters><Extensions><TPX xmlns="http://www.garmin.com/xmlschemas/ActivityExtension/v2"><Speed>2.21</Speed></TPX></Extensions></Trackpoint><Trackpoint><Time>2026-03-11T16:49:28+00:00</Time><DistanceMeters>1433.6</DistanceMeters><Position><LatitudeDegrees>50.593829</LatitudeDegrees><LongitudeDegrees>3.061833</LongitudeDegrees></Position><AltitudeMeters>51.0</AltitudeMeters><Extensions><TPX xmlns="http://www.garmin.com/xmlschemas/ActivityExtension/v2"><Speed>2.62</Speed></TPX></Extensions></Trackpoint><Trackpoint><Time>2026-03-11T16:49:29+00:00</Time><DistanceMeters>1436.3</DistanceMeters><Position><LatitudeDegrees>50.593804</LatitudeDegrees><LongitudeDegrees>3.061795</LongitudeDegrees></Position><AltitudeMeters>51.0</AltitudeMeters><Extensions><TPX xmlns="http://www.garmin.com/xmlschemas/ActivityExtension/v2"><Speed>2.42</Speed></TPX></Extensions></Trackpoint><Trackpoint><Time>2026-03-11T16:49:30+00:00</Time><DistanceMeters>1439.0</DistanceMeters><Position><LatitudeDegrees>50.593792</LatitudeDegrees><LongitudeDegrees>3.061785</LongitudeDegrees></Position><AltitudeMeters>51.0</AltitudeMeters><Extensions><TPX xmlns="http://www.garmin.com/xmlschemas/ActivityExtension/v2"><Speed>2.43</Speed></TPX></Extensions></Trackpoint><Trackpoint><Time>2026-03-11T16:49:31+00:00</Time><DistanceMeters>1442.5</DistanceMeters><Position><LatitudeDegrees>50.593775</LatitudeDegrees><LongitudeDegrees>3.061744</LongitudeDegrees></Position><AltitudeMeters>51.0</AltitudeMeters><Extensions><TPX xmlns="http://www.garmin.com/xmlschemas/ActivityExtension/v2"><Speed>2.6</Speed></TPX></Extensions></Trackpoint><Trackpoint><Time>2026-03-11T16:49:32+00:00</Time><DistanceMeters>1445.0</DistanceMeters><Position><LatitudeDegrees>50.593751</LatitudeDegrees><LongitudeDegrees>3.061707</LongitudeDegrees></Position><AltitudeMeters>51.0</AltitudeMeters><Extensions><TPX xmlns="http://www.garmin.com/xmlschemas/ActivityExtension/v2"><Speed>2.69</Speed></TPX></Extensions></Trackpoint><Trackpoint><Time>2026-03-11T16:49:33+00:00</Time><DistanceMeters>1447.5</DistanceMeters><Position><LatitudeDegrees>50.593741</LatitudeDegrees><LongitudeDegrees>3.061697</LongitudeDegrees></Position><AltitudeMeters>51.0</AltitudeMeters><Extensions><TPX xmlns="http://www.garmin.com/xmlschemas/ActivityExtension/v2"><Speed>2.78</Speed></TPX></Extensions></Trackpoint><Trackpoint><Time>2026-03-11T16:49:34+00:00</Time><DistanceMeters>1450.2</DistanceMeters><Position><LatitudeDegrees>50.59372</LatitudeDegrees><LongitudeDegrees>3.061655</LongitudeDegrees></Position><AltitudeMeters>51.0</AltitudeMeters><Extensions><TPX xmlns="http://www.garmin.com/xmlschemas/ActivityExtension/v2"><Speed>2.78</Speed></TPX></Extensions></Trackpoint><Trackpoint><Time>2026-03-11T16:49:35+00:00</Time><DistanceMeters>1452.9</DistanceMeters><Position><LatitudeDegrees>50.59371</LatitudeDegrees><LongitudeDegrees>3.061637</LongitudeDegrees></Position><AltitudeMeters>51.0</AltitudeMeters><Extensions><TPX xmlns="http://www.garmin.com/xmlschemas/ActivityExtension/v2"><Speed>2.78</Speed></TPX></Extensions></Trackpoint><Trackpoint><Time>2026-03-11T16:49:36+00:00</Time><DistanceMeters>1455.1</DistanceMeters><Position><LatitudeDegrees>50.593686</LatitudeDegrees><LongitudeDegrees>3.061611</LongitudeDegrees></Position><AltitudeMeters>51.0</AltitudeMeters><Extensions><TPX xmlns="http://www.garmin.com/xmlschemas/ActivityExtension/v2"><Speed>2.52</Speed></TPX></Extensions></Trackpoint><Trackpoint><Time>2026-03-11T16:49:37+00:00</Time><DistanceMeters>1457.3</DistanceMeters><Position><LatitudeDegrees>50.593678</LatitudeDegrees><LongitudeDegrees>3.061602</LongitudeDegrees></Position><AltitudeMeters>51.0</AltitudeMeters><Extensions><TPX xmlns="http://www.garmin.com/xmlschemas/ActivityExtension/v2"><Speed>2.46</Speed></TPX></Extensions></Trackpoint><Trackpoint><Time>2026-03-11T16:49:38+00:00</Time><DistanceMeters>1459.9</DistanceMeters><Position><LatitudeDegrees>50.593652</LatitudeDegrees><LongitudeDegrees>3.06157</LongitudeDegrees></Position><AltitudeMeters>51.0</AltitudeMeters><Extensions><TPX xmlns="http://www.garmin.com/xmlschemas/ActivityExtension/v2"><Speed>2.47</Speed></TPX></Extensions></Trackpoint><Trackpoint><Time>2026-03-11T16:49:39+00:00</Time><DistanceMeters>1462.4</DistanceMeters><Position><LatitudeDegrees>50.593642</LatitudeDegrees><LongitudeDegrees>3.061559</LongitudeDegrees></Position><AltitudeMeters>51.0</AltitudeMeters><Extensions><TPX xmlns="http://www.garmin.com/xmlschemas/ActivityExtension/v2"><Speed>2.44</Speed></TPX></Extensions></Trackpoint><Trackpoint><Time>2026-03-11T16:49:40+00:00</Time><DistanceMeters>1464.8</DistanceMeters><Position><LatitudeDegrees>50.593619</LatitudeDegrees><LongitudeDegrees>3.061522</LongitudeDegrees></Position><AltitudeMeters>51.0</AltitudeMeters><Extensions><TPX xmlns="http://www.garmin.com/xmlschemas/ActivityExtension/v2"><Speed>2.37</Speed></TPX></Extensions></Trackpoint><Trackpoint><Time>2026-03-11T16:49:41+00:00</Time><DistanceMeters>1467.1</DistanceMeters><Position><LatitudeDegrees>50.593611</LatitudeDegrees><LongitudeDegrees>3.061513</LongitudeDegrees></Position><AltitudeMeters>51.0</AltitudeMeters><Extensions><TPX xmlns="http://www.garmin.com/xmlschemas/ActivityExtension/v2"><Speed>2.4</Speed></TPX></Extensions></Trackpoint><Trackpoint><Time>2026-03-11T16:49:42+00:00</Time><DistanceMeters>1469.5</DistanceMeters><Position><LatitudeDegrees>50.593589</LatitudeDegrees><LongitudeDegrees>3.061481</LongitudeDegrees></Position><AltitudeMeters>51.0</AltitudeMeters><Extensions><TPX xmlns="http://www.garmin.com/xmlschemas/ActivityExtension/v2"><Speed>2.44</Speed></TPX></Extensions></Trackpoint><Trackpoint><Time>2026-03-11T16:49:43+00:00</Time><DistanceMeters>1471.9</DistanceMeters><Position><LatitudeDegrees>50.593583</LatitudeDegrees><LongitudeDegrees>3.061462</LongitudeDegrees></Position><AltitudeMeters>51.0</AltitudeMeters><Extensions><TPX xmlns="http://www.garmin.com/xmlschemas/ActivityExtension/v2"><Speed>2.41</Speed></TPX></Extensions></Trackpoint><Trackpoint><Time>2026-03-11T16:49:44+00:00</Time><DistanceMeters>1474.4</DistanceMeters><Position><LatitudeDegrees>50.593563</LatitudeDegrees><LongitudeDegrees>3.061419</LongitudeDegrees></Position><AltitudeMeters>51.0</AltitudeMeters><Extensions><TPX xmlns="http://www.garmin.com/xmlschemas/ActivityExtension/v2"><Speed>2.4</Speed></TPX></Extensions></Trackpoint><Trackpoint><Time>2026-03-11T16:49:45+00:00</Time><DistanceMeters>1476.9</DistanceMeters><Position><LatitudeDegrees>50.593558</LatitudeDegrees><LongitudeDegrees>3.061402</LongitudeDegrees></Position><AltitudeMeters>51.0</AltitudeMeters><Extensions><TPX xmlns="http://www.garmin.com/xmlschemas/ActivityExtension/v2"><Speed>2.43</Speed></TPX></Extensions></Trackpoint><Trackpoint><Time>2026-03-11T16:49:46+00:00</Time><DistanceMeters>1479.1</DistanceMeters><Position><LatitudeDegrees>50.593549</LatitudeDegrees><LongitudeDegrees>3.061362</LongitudeDegrees></Position><AltitudeMeters>51.0</AltitudeMeters><Extensions><TPX xmlns="http://www.garmin.com/xmlschemas/ActivityExtension/v2"><Speed>2.39</Speed></TPX></Extensions></Trackpoint><Trackpoint><Time>2026-03-11T16:49:47+00:00</Time><DistanceMeters>1481.2</DistanceMeters><Position><LatitudeDegrees>50.593544</LatitudeDegrees><LongitudeDegrees>3.061346</LongitudeDegrees></Position><AltitudeMeters>50.9</AltitudeMeters><Extensions><TPX xmlns="http://www.garmin.com/xmlschemas/ActivityExtension/v2"><Speed>2.34</Speed></TPX></Extensions></Trackpoint><Trackpoint><Time>2026-03-11T16:49:48+00:00</Time><DistanceMeters>1483.5</DistanceMeters><Position><LatitudeDegrees>50.593526</LatitudeDegrees><LongitudeDegrees>3.06131</LongitudeDegrees></Position><AltitudeMeters>50.9</AltitudeMeters><Extensions><TPX xmlns="http://www.garmin.com/xmlschemas/ActivityExtension/v2"><Speed>2.32</Speed></TPX></Extensions></Trackpoint><Trackpoint><Time>2026-03-11T16:49:49+00:00</Time><DistanceMeters>1485.8</DistanceMeters><Position><LatitudeDegrees>50.59352</LatitudeDegrees><LongitudeDegrees>3.061293</LongitudeDegrees></Position><AltitudeMeters>50.9</AltitudeMeters><Extensions><TPX xmlns="http://www.garmin.com/xmlschemas/ActivityExtension/v2"><Speed>2.28</Speed></TPX></Extensions></Trackpoint><Trackpoint><Time>2026-03-11T16:49:50+00:00</Time><DistanceMeters>1488.4</DistanceMeters><Position><LatitudeDegrees>50.593509</LatitudeDegrees><LongitudeDegrees>3.061245</LongitudeDegrees></Position><AltitudeMeters>50.9</AltitudeMeters><Extensions><TPX xmlns="http://www.garmin.com/xmlschemas/ActivityExtension/v2"><Speed>2.3</Speed></TPX></Extensions></Trackpoint><Trackpoint><Time>2026-03-11T16:49:51+00:00</Time><DistanceMeters>1491.0</DistanceMeters><Position><LatitudeDegrees>50.593504</LatitudeDegrees><LongitudeDegrees>3.061225</LongitudeDegrees></Position><AltitudeMeters>50.9</AltitudeMeters><Extensions><TPX xmlns="http://www.garmin.com/xmlschemas/ActivityExtension/v2"><Speed>2.39</Speed></TPX></Extensions></Trackpoint><Trackpoint><Time>2026-03-11T16:49:52+00:00</Time><DistanceMeters>1491.0</DistanceMeters><Position><LatitudeDegrees>50.593498</LatitudeDegrees><LongitudeDegrees>3.061201</LongitudeDegrees></Position><AltitudeMeters>50.9</AltitudeMeters><Extensions><TPX xmlns="http://www.garmin.com/xmlschemas/ActivityExtension/v2"><Speed>1.96</Speed></TPX></Extensions></Trackpoint><Trackpoint><Time>2026-03-11T16:49:53+00:00</Time><DistanceMeters>1494.3</DistanceMeters><Position><LatitudeDegrees>50.593495</LatitudeDegrees><LongitudeDegrees>3.061179</LongitudeDegrees></Position><AltitudeMeters>50.8</AltitudeMeters><Extensions><TPX xmlns="http://www.garmin.com/xmlschemas/ActivityExtension/v2"><Speed>2.16</Speed></TPX></Extensions></Trackpoint><Trackpoint><Time>2026-03-11T16:49:54+00:00</Time><DistanceMeters>1497.4</DistanceMeters><Position><LatitudeDegrees>50.593481</LatitudeDegrees><LongitudeDegrees>3.061123</LongitudeDegrees></Position><AltitudeMeters>50.8</AltitudeMeters><Extensions><TPX xmlns="http://www.garmin.com/xmlschemas/ActivityExtension/v2"><Speed>2.31</Speed></TPX></Extensions></Trackpoint><Trackpoint><Time>2026-03-11T16:49:55+00:00</Time><DistanceMeters>1500.4</DistanceMeters><Position><LatitudeDegrees>50.593473</LatitudeDegrees><LongitudeDegrees>3.061101</LongitudeDegrees></Position><AltitudeMeters>50.8</AltitudeMeters><Extensions><TPX xmlns="http://www.garmin.com/xmlschemas/ActivityExtension/v2"><Speed>2.4</Speed></TPX></Extensions></Trackpoint><Trackpoint><Time>2026-03-11T16:49:56+00:00</Time><DistanceMeters>1503.4</DistanceMeters><Position><LatitudeDegrees>50.593459</LatitudeDegrees><LongitudeDegrees>3.061043</LongitudeDegrees></Position><AltitudeMeters>50.7</AltitudeMeters><Extensions><TPX xmlns="http://www.garmin.com/xmlschemas/ActivityExtension/v2"><Speed>2.47</Speed></TPX></Extensions></Trackpoint><Trackpoint><Time>2026-03-11T16:49:57+00:00</Time><DistanceMeters>1506.3</DistanceMeters><Position><LatitudeDegrees>50.593456</LatitudeDegrees><LongitudeDegrees>3.061022</LongitudeDegrees></Position><AltitudeMeters>50.7</AltitudeMeters><Extensions><TPX xmlns="http://www.garmin.com/xmlschemas/ActivityExtension/v2"><Speed>3.06</Speed></TPX></Extensions></Trackpoint><Trackpoint><Time>2026-03-11T16:49:58+00:00</Time><DistanceMeters>1508.9</DistanceMeters><Position><LatitudeDegrees>50.593446</LatitudeDegrees><LongitudeDegrees>3.060968</LongitudeDegrees></Position><AltitudeMeters>50.7</AltitudeMeters><Extensions><TPX xmlns="http://www.garmin.com/xmlschemas/ActivityExtension/v2"><Speed>2.91</Speed></TPX></Extensions></Trackpoint><Trackpoint><Time>2026-03-11T16:49:59+00:00</Time><DistanceMeters>1511.4</DistanceMeters><Position><LatitudeDegrees>50.593441</LatitudeDegrees><LongitudeDegrees>3.060954</LongitudeDegrees></Position><AltitudeMeters>50.7</AltitudeMeters><Extensions><TPX xmlns="http://www.garmin.com/xmlschemas/ActivityExtension/v2"><Speed>2.81</Speed></TPX></Extensions></Trackpoint><Trackpoint><Time>2026-03-11T16:50:00+00:00</Time><DistanceMeters>1513.9</DistanceMeters><Position><LatitudeDegrees>50.593427</LatitudeDegrees><LongitudeDegrees>3.060911</LongitudeDegrees></Position><AltitudeMeters>50.7</AltitudeMeters><Extensions><TPX xmlns="http://www.garmin.com/xmlschemas/ActivityExtension/v2"><Speed>2.7</Speed></TPX></Extensions></Trackpoint><Trackpoint><Time>2026-03-11T16:50:01+00:00</Time><DistanceMeters>1516.4</DistanceMeters><Position><LatitudeDegrees>50.593419</LatitudeDegrees><LongitudeDegrees>3.060893</LongitudeDegrees></Position><AltitudeMeters>50.7</AltitudeMeters><Extensions><TPX xmlns="http://www.garmin.com/xmlschemas/ActivityExtension/v2"><Speed>2.61</Speed></TPX></Extensions></Trackpoint><Trackpoint><Time>2026-03-11T16:50:02+00:00</Time><DistanceMeters>1518.8</DistanceMeters><Position><LatitudeDegrees>50.593412</LatitudeDegrees><LongitudeDegrees>3.060843</LongitudeDegrees></Position><AltitudeMeters>50.6</AltitudeMeters><Extensions><TPX xmlns="http://www.garmin.com/xmlschemas/ActivityExtension/v2"><Speed>2.5</Speed></TPX></Extensions></Trackpoint><Trackpoint><Time>2026-03-11T16:50:03+00:00</Time><DistanceMeters>1521.2</DistanceMeters><Position><LatitudeDegrees>50.593411</LatitudeDegrees><LongitudeDegrees>3.060826</LongitudeDegrees></Position><AltitudeMeters>50.6</AltitudeMeters><Extensions><TPX xmlns="http://www.garmin.com/xmlschemas/ActivityExtension/v2"><Speed>2.47</Speed></TPX></Extensions></Trackpoint><Trackpoint><Time>2026-03-11T16:50:04+00:00</Time><DistanceMeters>1524.3</DistanceMeters><Position><LatitudeDegrees>50.593415</LatitudeDegrees><LongitudeDegrees>3.060783</LongitudeDegrees></Position><AltitudeMeters>50.6</AltitudeMeters><Extensions><TPX xmlns="http://www.garmin.com/xmlschemas/ActivityExtension/v2"><Speed>2.58</Speed></TPX></Extensions></Trackpoint><Trackpoint><Time>2026-03-11T16:50:05+00:00</Time><DistanceMeters>1526.9</DistanceMeters><Position><LatitudeDegrees>50.593415</LatitudeDegrees><LongitudeDegrees>3.060726</LongitudeDegrees></Position><AltitudeMeters>50.6</AltitudeMeters><Extensions><TPX xmlns="http://www.garmin.com/xmlschemas/ActivityExtension/v2"><Speed>2.59</Speed></TPX></Extensions></Trackpoint><Trackpoint><Time>2026-03-11T16:50:06+00:00</Time><DistanceMeters>1529.4</DistanceMeters><Position><LatitudeDegrees>50.593411</LatitudeDegrees><LongitudeDegrees>3.06071</LongitudeDegrees></Position><AltitudeMeters>50.6</AltitudeMeters><Extensions><TPX xmlns="http://www.garmin.com/xmlschemas/ActivityExtension/v2"><Speed>2.6</Speed></TPX></Extensions></Trackpoint><Trackpoint><Time>2026-03-11T16:50:07+00:00</Time><DistanceMeters>1532.5</DistanceMeters><Position><LatitudeDegrees>50.593405</LatitudeDegrees><LongitudeDegrees>3.060667</LongitudeDegrees></Position><AltitudeMeters>50.6</AltitudeMeters><Extensions><TPX xmlns="http://www.garmin.com/xmlschemas/ActivityExtension/v2"><Speed>2.74</Speed></TPX></Extensions></Trackpoint><Trackpoint><Time>2026-03-11T16:50:08+00:00</Time><DistanceMeters>1535.8</DistanceMeters><Position><LatitudeDegrees>50.593398</LatitudeDegrees><LongitudeDegrees>3.060623</LongitudeDegrees></Position><AltitudeMeters>50.6</AltitudeMeters><Extensions><TPX xmlns="http://www.garmin.com/xmlschemas/ActivityExtension/v2"><Speed>2.92</Speed></TPX></Extensions></Trackpoint><Trackpoint><Time>2026-03-11T16:50:09+00:00</Time><DistanceMeters>1539.3</DistanceMeters><Position><LatitudeDegrees>50.59339</LatitudeDegrees><LongitudeDegrees>3.060574</LongitudeDegrees></Position><AltitudeMeters>50.6</AltitudeMeters><Extensions><TPX xmlns="http://www.garmin.com/xmlschemas/ActivityExtension/v2"><Speed>3.0</Speed></TPX></Extensions></Trackpoint><Trackpoint><Time>2026-03-11T16:50:10+00:00</Time><DistanceMeters>1543.2</DistanceMeters><Position><LatitudeDegrees>50.593377</LatitudeDegrees><LongitudeDegrees>3.060524</LongitudeDegrees></Position><AltitudeMeters>50.6</AltitudeMeters><Extensions><TPX xmlns="http://www.garmin.com/xmlschemas/ActivityExtension/v2"><Speed>3.27</Speed></TPX></Extensions></Trackpoint><Trackpoint><Time>2026-03-11T16:50:11+00:00</Time><DistanceMeters>1546.3</DistanceMeters><Position><LatitudeDegrees>50.593366</LatitudeDegrees><LongitudeDegrees>3.060483</LongitudeDegrees></Position><AltitudeMeters>50.5</AltitudeMeters><Extensions><TPX xmlns="http://www.garmin.com/xmlschemas/ActivityExtension/v2"><Speed>3.38</Speed></TPX></Extensions></Trackpoint><Trackpoint><Time>2026-03-11T16:50:12+00:00</Time><DistanceMeters>1549.7</DistanceMeters><Position><LatitudeDegrees>50.593362</LatitudeDegrees><LongitudeDegrees>3.060435</LongitudeDegrees></Position><AltitudeMeters>50.5</AltitudeMeters><Extensions><TPX xmlns="http://www.garmin.com/xmlschemas/ActivityExtension/v2"><Speed>3.44</Speed></TPX></Extensions></Trackpoint><Trackpoint><Time>2026-03-11T16:50:13+00:00</Time><DistanceMeters>1552.1</DistanceMeters><Position><LatitudeDegrees>50.593356</LatitudeDegrees><LongitudeDegrees>3.060386</LongitudeDegrees></Position><AltitudeMeters>50.5</AltitudeMeters><Extensions><TPX xmlns="http://www.garmin.com/xmlschemas/ActivityExtension/v2"><Speed>3.26</Speed></TPX></Extensions></Trackpoint><Trackpoint><Time>2026-03-11T16:50:14+00:00</Time><DistanceMeters>1554.5</DistanceMeters><Position><LatitudeDegrees>50.59335</LatitudeDegrees><LongitudeDegrees>3.06037</LongitudeDegrees></Position><AltitudeMeters>50.5</AltitudeMeters><Extensions><TPX xmlns="http://www.garmin.com/xmlschemas/ActivityExtension/v2"><Speed>3.04</Speed></TPX></Extensions></Trackpoint><Trackpoint><Time>2026-03-11T16:50:15+00:00</Time><DistanceMeters>1557.7</DistanceMeters><Position><LatitudeDegrees>50.593342</LatitudeDegrees><LongitudeDegrees>3.060327</LongitudeDegrees></Position><AltitudeMeters>50.5</AltitudeMeters><Extensions><TPX xmlns="http://www.garmin.com/xmlschemas/ActivityExtension/v2"><Speed>2.9</Speed></TPX></Extensions></Trackpoint><Trackpoint><Time>2026-03-11T16:50:16+00:00</Time><DistanceMeters>1560.3</DistanceMeters><Position><LatitudeDegrees>50.59333</LatitudeDegrees><LongitudeDegrees>3.060276</LongitudeDegrees></Position><AltitudeMeters>50.5</AltitudeMeters><Extensions><TPX xmlns="http://www.garmin.com/xmlschemas/ActivityExtension/v2"><Speed>2.79</Speed></TPX></Extensions></Trackpoint><Trackpoint><Time>2026-03-11T16:50:17+00:00</Time><DistanceMeters>1562.8</DistanceMeters><Position><LatitudeDegrees>50.593328</LatitudeDegrees><LongitudeDegrees>3.060259</LongitudeDegrees></Position><AltitudeMeters>50.5</AltitudeMeters><Extensions><TPX xmlns="http://www.garmin.com/xmlschemas/ActivityExtension/v2"><Speed>2.62</Speed></TPX></Extensions></Trackpoint><Trackpoint><Time>2026-03-11T16:50:18+00:00</Time><DistanceMeters>1566.0</DistanceMeters><Position><LatitudeDegrees>50.593318</LatitudeDegrees><LongitudeDegrees>3.060216</LongitudeDegrees></Position><AltitudeMeters>50.5</AltitudeMeters><Extensions><TPX xmlns="http://www.garmin.com/xmlschemas/ActivityExtension/v2"><Speed>2.78</Speed></TPX></Extensions></Trackpoint><Trackpoint><Time>2026-03-11T16:50:19+00:00</Time><DistanceMeters>1568.5</DistanceMeters><Position><LatitudeDegrees>50.593314</LatitudeDegrees><LongitudeDegrees>3.060165</LongitudeDegrees></Position><AltitudeMeters>50.5</AltitudeMeters><Extensions><TPX xmlns="http://www.garmin.com/xmlschemas/ActivityExtension/v2"><Speed>2.79</Speed></TPX></Extensions></Trackpoint><Trackpoint><Time>2026-03-11T16:50:20+00:00</Time><DistanceMeters>1570.9</DistanceMeters><Position><LatitudeDegrees>50.593313</LatitudeDegrees><LongitudeDegrees>3.060147</LongitudeDegrees></Position><AltitudeMeters>50.5</AltitudeMeters><Extensions><TPX xmlns="http://www.garmin.com/xmlschemas/ActivityExtension/v2"><Speed>2.64</Speed></TPX></Extensions></Trackpoint><Trackpoint><Time>2026-03-11T16:50:21+00:00</Time><DistanceMeters>1573.6</DistanceMeters><Position><LatitudeDegrees>50.593306</LatitudeDegrees><LongitudeDegrees>3.060091</LongitudeDegrees></Position><AltitudeMeters>50.5</AltitudeMeters><Extensions><TPX xmlns="http://www.garmin.com/xmlschemas/ActivityExtension/v2"><Speed>2.66</Speed></TPX></Extensions></Trackpoint><Trackpoint><Time>2026-03-11T16:50:22+00:00</Time><DistanceMeters>1576.2</DistanceMeters><Position><LatitudeDegrees>50.593304</LatitudeDegrees><LongitudeDegrees>3.060074</LongitudeDegrees></Position><AltitudeMeters>50.5</AltitudeMeters><Extensions><TPX xmlns="http://www.garmin.com/xmlschemas/ActivityExtension/v2"><Speed>2.68</Speed></TPX></Extensions></Trackpoint><Trackpoint><Time>2026-03-11T16:50:23+00:00</Time><DistanceMeters>1578.5</DistanceMeters><Position><LatitudeDegrees>50.593295</LatitudeDegrees><LongitudeDegrees>3.060027</LongitudeDegrees></Position><AltitudeMeters>50.4</AltitudeMeters><Extensions><TPX xmlns="http://www.garmin.com/xmlschemas/ActivityExtension/v2"><Speed>2.49</Speed></TPX></Extensions></Trackpoint><Trackpoint><Time>2026-03-11T16:50:24+00:00</Time><DistanceMeters>1580.7</DistanceMeters><Position><LatitudeDegrees>50.593289</LatitudeDegrees><LongitudeDegrees>3.060014</LongitudeDegrees></Position><AltitudeMeters>50.4</AltitudeMeters><Extensions><TPX xmlns="http://www.garmin.com/xmlschemas/ActivityExtension/v2"><Speed>2.45</Speed></TPX></Extensions></Trackpoint><Trackpoint><Time>2026-03-11T16:50:25+00:00</Time><DistanceMeters>1583.2</DistanceMeters><Position><LatitudeDegrees>50.593285</LatitudeDegrees><LongitudeDegrees>3.059963</LongitudeDegrees></Position><AltitudeMeters>50.4</AltitudeMeters><Extensions><TPX xmlns="http://www.garmin.com/xmlschemas/ActivityExtension/v2"><Speed>2.45</Speed></TPX></Extensions></Trackpoint><Trackpoint><Time>2026-03-11T16:50:26+00:00</Time><DistanceMeters>1585.6</DistanceMeters><Position><LatitudeDegrees>50.593283</LatitudeDegrees><LongitudeDegrees>3.059946</LongitudeDegrees></Position><AltitudeMeters>50.4</AltitudeMeters><Extensions><TPX xmlns="http://www.garmin.com/xmlschemas/ActivityExtension/v2"><Speed>2.41</Speed></TPX></Extensions></Trackpoint><Trackpoint><Time>2026-03-11T16:50:27+00:00</Time><DistanceMeters>1585.6</DistanceMeters><Position><LatitudeDegrees>50.593282</LatitudeDegrees><LongitudeDegrees>3.059917</LongitudeDegrees></Position><AltitudeMeters>50.3</AltitudeMeters><Extensions><TPX xmlns="http://www.garmin.com/xmlschemas/ActivityExtension/v2"><Speed>1.88</Speed></TPX></Extensions></Trackpoint><Trackpoint><Time>2026-03-11T16:50:28+00:00</Time><DistanceMeters>1589.0</DistanceMeters><Position><LatitudeDegrees>50.593279</LatitudeDegrees><LongitudeDegrees>3.059899</LongitudeDegrees></Position><AltitudeMeters>50.3</AltitudeMeters><Extensions><TPX xmlns="http://www.garmin.com/xmlschemas/ActivityExtension/v2"><Speed>2.11</Speed></TPX></Extensions></Trackpoint><Trackpoint><Time>2026-03-11T16:50:29+00:00</Time><DistanceMeters>1591.2</DistanceMeters><Position><LatitudeDegrees>50.593266</LatitudeDegrees><LongitudeDegrees>3.059854</LongitudeDegrees></Position><AltitudeMeters>50.3</AltitudeMeters><Extensions><TPX xmlns="http://www.garmin.com/xmlschemas/ActivityExtension/v2"><Speed>2.1</Speed></TPX></Extensions></Trackpoint><Trackpoint><Time>2026-03-11T16:50:30+00:00</Time><DistanceMeters>1593.4</DistanceMeters><Position><LatitudeDegrees>50.593262</LatitudeDegrees><LongitudeDegrees>3.059843</LongitudeDegrees></Position><AltitudeMeters>50.2</AltitudeMeters><Extensions><TPX xmlns="http://www.garmin.com/xmlschemas/ActivityExtension/v2"><Speed>2.05</Speed></TPX></Extensions></Trackpoint><Trackpoint><Time>2026-03-11T16:50:31+00:00</Time><DistanceMeters>1595.7</DistanceMeters><Position><LatitudeDegrees>50.593251</LatitudeDegrees><LongitudeDegrees>3.059804</LongitudeDegrees></Position><AltitudeMeters>50.2</AltitudeMeters><Extensions><TPX xmlns="http://www.garmin.com/xmlschemas/ActivityExtension/v2"><Speed>2.01</Speed></TPX></Extensions></Trackpoint><Trackpoint><Time>2026-03-11T16:50:32+00:00</Time><DistanceMeters>1597.9</DistanceMeters><Position><LatitudeDegrees>50.593247</LatitudeDegrees><LongitudeDegrees>3.059783</LongitudeDegrees></Position><AltitudeMeters>50.1</AltitudeMeters><Extensions><TPX xmlns="http://www.garmin.com/xmlschemas/ActivityExtension/v2"><Speed>2.46</Speed></TPX></Extensions></Trackpoint><Trackpoint><Time>2026-03-11T16:50:33+00:00</Time><DistanceMeters>1597.9</DistanceMeters><Position><LatitudeDegrees>50.593243</LatitudeDegrees><LongitudeDegrees>3.059761</LongitudeDegrees></Position><AltitudeMeters>50.1</AltitudeMeters><Extensions><TPX xmlns="http://www.garmin.com/xmlschemas/ActivityExtension/v2"><Speed>1.78</Speed></TPX></Extensions></Trackpoint><Trackpoint><Time>2026-03-11T16:50:34+00:00</Time><DistanceMeters>1597.9</DistanceMeters><Position><LatitudeDegrees>50.593253</LatitudeDegrees><LongitudeDegrees>3.059767</LongitudeDegrees></Position><AltitudeMeters>50.1</AltitudeMeters><Extensions><TPX xmlns="http://www.garmin.com/xmlschemas/ActivityExtension/v2"><Speed>1.34</Speed></TPX></Extensions></Trackpoint><Trackpoint><Time>2026-03-11T16:50:35+00:00</Time><DistanceMeters>1597.9</DistanceMeters><Position><LatitudeDegrees>50.593254</LatitudeDegrees><LongitudeDegrees>3.059788</LongitudeDegrees></Position><AltitudeMeters>50.2</AltitudeMeters><Extensions><TPX xmlns="http://www.garmin.com/xmlschemas/ActivityExtension/v2"><Speed>0.9</Speed></TPX></Extensions></Trackpoint><Trackpoint><Time>2026-03-11T16:50:36+00:00</Time><DistanceMeters>1597.9</DistanceMeters><Position><LatitudeDegrees>50.59326</LatitudeDegrees><LongitudeDegrees>3.059779</LongitudeDegrees></Position><AltitudeMeters>50.2</AltitudeMeters><Extensions><TPX xmlns="http://www.garmin.com/xmlschemas/ActivityExtension/v2"><Speed>0.45</Speed></TPX></Extensions></Trackpoint><Trackpoint><Time>2026-03-11T16:50:37+00:00</Time><DistanceMeters>1597.9</DistanceMeters><Position><LatitudeDegrees>50.593272</LatitudeDegrees><LongitudeDegrees>3.059785</LongitudeDegrees></Position><AltitudeMeters>50.2</AltitudeMeters><Extensions><TPX xmlns="http://www.garmin.com/xmlschemas/ActivityExtension/v2"><Speed>0.0</Speed></TPX></Extensions></Trackpoint><Trackpoint><Time>2026-03-11T16:50:39+00:00</Time><DistanceMeters>1601.2</DistanceMeters><Position><LatitudeDegrees>50.593272</LatitudeDegrees><LongitudeDegrees>3.059809</LongitudeDegrees></Position><AltitudeMeters>50.2</AltitudeMeters><Extensions><TPX xmlns="http://www.garmin.com/xmlschemas/ActivityExtension/v2"><Speed>0.66</Speed></TPX></Extensions></Trackpoint><Trackpoint><Time>2026-03-11T16:50:40+00:00</Time><DistanceMeters>1601.2</DistanceMeters><Position><LatitudeDegrees>50.593283</LatitudeDegrees><LongitudeDegrees>3.059834</LongitudeDegrees></Position><AltitudeMeters>50.3</AltitudeMeters><Extensions><TPX xmlns="http://www.garmin.com/xmlschemas/ActivityExtension/v2"><Speed>0.66</Speed></TPX></Extensions></Trackpoint><Trackpoint><Time>2026-03-11T16:50:41+00:00</Time><DistanceMeters>1604.9</DistanceMeters><Position><LatitudeDegrees>50.593285</LatitudeDegrees><LongitudeDegrees>3.059856</LongitudeDegrees></Position><AltitudeMeters>50.3</AltitudeMeters><Extensions><TPX xmlns="http://www.garmin.com/xmlschemas/ActivityExtension/v2"><Speed>1.4</Speed></TPX></Extensions></Trackpoint><Trackpoint><Time>2026-03-11T16:50:42+00:00</Time><DistanceMeters>1604.9</DistanceMeters><Position><LatitudeDegrees>50.593289</LatitudeDegrees><LongitudeDegrees>3.059864</LongitudeDegrees></Position><AltitudeMeters>50.3</AltitudeMeters><Extensions><TPX xmlns="http://www.garmin.com/xmlschemas/ActivityExtension/v2"><Speed>1.4</Speed></TPX></Extensions></Trackpoint><Trackpoint><Time>2026-03-11T16:50:43+00:00</Time><DistanceMeters>1604.9</DistanceMeters><Position><LatitudeDegrees>50.593289</LatitudeDegrees><LongitudeDegrees>3.059893</LongitudeDegrees></Position><AltitudeMeters>50.4</AltitudeMeters><Extensions><TPX xmlns="http://www.garmin.com/xmlschemas/ActivityExtension/v2"><Speed>1.167</Speed></TPX></Extensions></Trackpoint><Trackpoint><Time>2026-03-11T16:50:44+00:00</Time><DistanceMeters>1608.3</DistanceMeters><Position><LatitudeDegrees>50.593291</LatitudeDegrees><LongitudeDegrees>3.059903</LongitudeDegrees></Position><AltitudeMeters>50.4</AltitudeMeters><Extensions><TPX xmlns="http://www.garmin.com/xmlschemas/ActivityExtension/v2"><Speed>1.42</Speed></TPX></Extensions></Trackpoint><Trackpoint><Time>2026-03-11T16:50:45+00:00</Time><DistanceMeters>1610.7</DistanceMeters><Position><LatitudeDegrees>50.593299</LatitudeDegrees><LongitudeDegrees>3.059952</LongitudeDegrees></Position><AltitudeMeters>50.4</AltitudeMeters><Extensions><TPX xmlns="http://www.garmin.com/xmlschemas/ActivityExtension/v2"><Speed>1.9</Speed></TPX></Extensions></Trackpoint><Trackpoint><Time>2026-03-11T16:50:46+00:00</Time><DistanceMeters>1613.1</DistanceMeters><Position><LatitudeDegrees>50.5933</LatitudeDegrees><LongitudeDegrees>3.059969</LongitudeDegrees></Position><AltitudeMeters>50.4</AltitudeMeters><Extensions><TPX xmlns="http://www.garmin.com/xmlschemas/ActivityExtension/v2"><Speed>1.64</Speed></TPX></Extensions></Trackpoint><Trackpoint><Time>2026-03-11T16:50:47+00:00</Time><DistanceMeters>1615.0</DistanceMeters><Position><LatitudeDegrees>50.593305</LatitudeDegrees><LongitudeDegrees>3.060009</LongitudeDegrees></Position><AltitudeMeters>50.5</AltitudeMeters><Extensions><TPX xmlns="http://www.garmin.com/xmlschemas/ActivityExtension/v2"><Speed>2.02</Speed></TPX></Extensions></Trackpoint><Trackpoint><Time>2026-03-11T16:50:48+00:00</Time><DistanceMeters>1616.9</DistanceMeters><Position><LatitudeDegrees>50.593309</LatitudeDegrees><LongitudeDegrees>3.060028</LongitudeDegrees></Position><AltitudeMeters>50.5</AltitudeMeters><Extensions><TPX xmlns="http://www.garmin.com/xmlschemas/ActivityExtension/v2"><Speed>2.4</Speed></TPX></Extensions></Trackpoint><Trackpoint><Time>2026-03-11T16:50:49+00:00</Time><DistanceMeters>1618.8</DistanceMeters><Position><LatitudeDegrees>50.593312</LatitudeDegrees><LongitudeDegrees>3.060048</LongitudeDegrees></Position><AltitudeMeters>50.5</AltitudeMeters><Extensions><TPX xmlns="http://www.garmin.com/xmlschemas/ActivityExtension/v2"><Speed>2.1</Speed></TPX></Extensions></Trackpoint><Trackpoint><Time>2026-03-11T16:50:50+00:00</Time><DistanceMeters>1621.2</DistanceMeters><Position><LatitudeDegrees>50.593316</LatitudeDegrees><LongitudeDegrees>3.060095</LongitudeDegrees></Position><AltitudeMeters>50.5</AltitudeMeters><Extensions><TPX xmlns="http://www.garmin.com/xmlschemas/ActivityExtension/v2"><Speed>2.1</Speed></TPX></Extensions></Trackpoint><Trackpoint><Time>2026-03-11T16:50:51+00:00</Time><DistanceMeters>1623.6</DistanceMeters><Position><LatitudeDegrees>50.593319</LatitudeDegrees><LongitudeDegrees>3.060115</LongitudeDegrees></Position><AltitudeMeters>50.5</AltitudeMeters><Extensions><TPX xmlns="http://www.garmin.com/xmlschemas/ActivityExtension/v2"><Speed>2.1</Speed></TPX></Extensions></Trackpoint><Trackpoint><Time>2026-03-11T16:50:52+00:00</Time><DistanceMeters>1625.8</DistanceMeters><Position><LatitudeDegrees>50.593325</LatitudeDegrees><LongitudeDegrees>3.060158</LongitudeDegrees></Position><AltitudeMeters>50.5</AltitudeMeters><Extensions><TPX xmlns="http://www.garmin.com/xmlschemas/ActivityExtension/v2"><Speed>2.15</Speed></TPX></Extensions></Trackpoint><Trackpoint><Time>2026-03-11T16:50:53+00:00</Time><DistanceMeters>1627.9</DistanceMeters><Position><LatitudeDegrees>50.593328</LatitudeDegrees><LongitudeDegrees>3.060174</LongitudeDegrees></Position><AltitudeMeters>50.5</AltitudeMeters><Extensions><TPX xmlns="http://www.garmin.com/xmlschemas/ActivityExtension/v2"><Speed>2.2</Speed></TPX></Extensions></Trackpoint><Trackpoint><Time>2026-03-11T16:50:54+00:00</Time><DistanceMeters>1630.3</DistanceMeters><Position><LatitudeDegrees>50.593336</LatitudeDegrees><LongitudeDegrees>3.060219</LongitudeDegrees></Position><AltitudeMeters>50.5</AltitudeMeters><Extensions><TPX xmlns="http://www.garmin.com/xmlschemas/ActivityExtension/v2"><Speed>2.29</Speed></TPX></Extensions></Trackpoint><Trackpoint><Time>2026-03-11T16:50:55+00:00</Time><DistanceMeters>1632.6</DistanceMeters><Position><LatitudeDegrees>50.59334</LatitudeDegrees><LongitudeDegrees>3.060237</LongitudeDegrees></Position><AltitudeMeters>50.5</AltitudeMeters><Extensions><TPX xmlns="http://www.garmin.com/xmlschemas/ActivityExtension/v2"><Speed>2.28</Speed></TPX></Extensions></Trackpoint><Trackpoint><Time>2026-03-11T16:50:56+00:00</Time><DistanceMeters>1635.1</DistanceMeters><Position><LatitudeDegrees>50.593346</LatitudeDegrees><LongitudeDegrees>3.06029</LongitudeDegrees></Position><AltitudeMeters>50.5</AltitudeMeters><Extensions><TPX xmlns="http://www.garmin.com/xmlschemas/ActivityExtension/v2"><Speed>2.29</Speed></TPX></Extensions></Trackpoint><Trackpoint><Time>2026-03-11T16:50:57+00:00</Time><DistanceMeters>1637.5</DistanceMeters><Position><LatitudeDegrees>50.593347</LatitudeDegrees><LongitudeDegrees>3.060306</LongitudeDegrees></Position><AltitudeMeters>50.5</AltitudeMeters><Extensions><TPX xmlns="http://www.garmin.com/xmlschemas/ActivityExtension/v2"><Speed>2.35</Speed></TPX></Extensions></Trackpoint><Trackpoint><Time>2026-03-11T16:50:58+00:00</Time><DistanceMeters>1639.9</DistanceMeters><Position><LatitudeDegrees>50.593351</LatitudeDegrees><LongitudeDegrees>3.060377</LongitudeDegrees></Position><AltitudeMeters>50.5</AltitudeMeters><Extensions><TPX xmlns="http://www.garmin.com/xmlschemas/ActivityExtension/v2"><Speed>2.39</Speed></TPX></Extensions></Trackpoint><Trackpoint><Time>2026-03-11T16:50:59+00:00</Time><DistanceMeters>1642.2</DistanceMeters><Position><LatitudeDegrees>50.593354</LatitudeDegrees><LongitudeDegrees>3.060412</LongitudeDegrees></Position><AltitudeMeters>50.5</AltitudeMeters><Extensions><TPX xmlns="http://www.garmin.com/xmlschemas/ActivityExtension/v2"><Speed>2.39</Speed></TPX></Extensions></Trackpoint><Trackpoint><Time>2026-03-11T16:51:00+00:00</Time><DistanceMeters>1647.3</DistanceMeters><Position><LatitudeDegrees>50.593361</LatitudeDegrees><LongitudeDegrees>3.060443</LongitudeDegrees></Position><AltitudeMeters>50.5</AltitudeMeters><Extensions><TPX xmlns="http://www.garmin.com/xmlschemas/ActivityExtension/v2"><Speed>2.94</Speed></TPX></Extensions></Trackpoint><Trackpoint><Time>2026-03-11T16:51:01+00:00</Time><DistanceMeters>1649.8</DistanceMeters><Position><LatitudeDegrees>50.593374</LatitudeDegrees><LongitudeDegrees>3.060488</LongitudeDegrees></Position><AltitudeMeters>50.6</AltitudeMeters><Extensions><TPX xmlns="http://www.garmin.com/xmlschemas/ActivityExtension/v2"><Speed>2.95</Speed></TPX></Extensions></Trackpoint><Trackpoint><Time>2026-03-11T16:51:02+00:00</Time><DistanceMeters>1652.3</DistanceMeters><Position><LatitudeDegrees>50.593378</LatitudeDegrees><LongitudeDegrees>3.060507</LongitudeDegrees></Position><AltitudeMeters>50.6</AltitudeMeters><Extensions><TPX xmlns="http://www.garmin.com/xmlschemas/ActivityExtension/v2"><Speed>2.96</Speed></TPX></Extensions></Trackpoint><Trackpoint><Time>2026-03-11T16:51:03+00:00</Time><DistanceMeters>1654.7</DistanceMeters><Position><LatitudeDegrees>50.593383</LatitudeDegrees><LongitudeDegrees>3.060555</LongitudeDegrees></Position><AltitudeMeters>50.6</AltitudeMeters><Extensions><TPX xmlns="http://www.garmin.com/xmlschemas/ActivityExtension/v2"><Speed>2.96</Speed></TPX></Extensions></Trackpoint><Trackpoint><Time>2026-03-11T16:51:04+00:00</Time><DistanceMeters>1657.0</DistanceMeters><Position><LatitudeDegrees>50.593385</LatitudeDegrees><LongitudeDegrees>3.060573</LongitudeDegrees></Position><AltitudeMeters>50.6</AltitudeMeters><Extensions><TPX xmlns="http://www.garmin.com/xmlschemas/ActivityExtension/v2"><Speed>2.96</Speed></TPX></Extensions></Trackpoint><Trackpoint><Time>2026-03-11T16:51:05+00:00</Time><DistanceMeters>1660.1</DistanceMeters><Position><LatitudeDegrees>50.593383</LatitudeDegrees><LongitudeDegrees>3.060616</LongitudeDegrees></Position><AltitudeMeters>50.6</AltitudeMeters><Extensions><TPX xmlns="http://www.garmin.com/xmlschemas/ActivityExtension/v2"><Speed>2.56</Speed></TPX></Extensions></Trackpoint><Trackpoint><Time>2026-03-11T16:51:06+00:00</Time><DistanceMeters>1662.4</DistanceMeters><Position><LatitudeDegrees>50.593396</LatitudeDegrees><LongitudeDegrees>3.060658</LongitudeDegrees></Position><AltitudeMeters>50.6</AltitudeMeters><Extensions><TPX xmlns="http://www.garmin.com/xmlschemas/ActivityExtension/v2"><Speed>2.52</Speed></TPX></Extensions></Trackpoint><Trackpoint><Time>2026-03-11T16:51:07+00:00</Time><DistanceMeters>1664.7</DistanceMeters><Position><LatitudeDegrees>50.5934</LatitudeDegrees><LongitudeDegrees>3.060676</LongitudeDegrees></Position><AltitudeMeters>50.6</AltitudeMeters><Extensions><TPX xmlns="http://www.garmin.com/xmlschemas/ActivityExtension/v2"><Speed>2.48</Speed></TPX></Extensions></Trackpoint><Trackpoint><Time>2026-03-11T16:51:08+00:00</Time><DistanceMeters>1667.0</DistanceMeters><Position><LatitudeDegrees>50.593405</LatitudeDegrees><LongitudeDegrees>3.060727</LongitudeDegrees></Position><AltitudeMeters>50.6</AltitudeMeters><Extensions><TPX xmlns="http://www.garmin.com/xmlschemas/ActivityExtension/v2"><Speed>2.46</Speed></TPX></Extensions></Trackpoint><Trackpoint><Time>2026-03-11T16:51:09+00:00</Time><DistanceMeters>1669.2</DistanceMeters><Position><LatitudeDegrees>50.593409</LatitudeDegrees><LongitudeDegrees>3.060739</LongitudeDegrees></Position><AltitudeMeters>50.6</AltitudeMeters><Extensions><TPX xmlns="http://www.garmin.com/xmlschemas/ActivityExtension/v2"><Speed>2.44</Speed></TPX></Extensions></Trackpoint><Trackpoint><Time>2026-03-11T16:51:10+00:00</Time><DistanceMeters>1671.3</DistanceMeters><Position><LatitudeDegrees>50.593433</LatitudeDegrees><LongitudeDegrees>3.060764</LongitudeDegrees></Position><AltitudeMeters>50.6</AltitudeMeters><Extensions><TPX xmlns="http://www.garmin.com/xmlschemas/ActivityExtension/v2"><Speed>2.23</Speed></TPX></Extensions></Trackpoint><Trackpoint><Time>2026-03-11T16:51:11+00:00</Time><DistanceMeters>1673.3</DistanceMeters><Position><LatitudeDegrees>50.593435</LatitudeDegrees><LongitudeDegrees>3.060779</LongitudeDegrees></Position><AltitudeMeters>50.6</AltitudeMeters><Extensions><TPX xmlns="http://www.garmin.com/xmlschemas/ActivityExtension/v2"><Speed>2.18</Speed></TPX></Extensions></Trackpoint><Trackpoint><Time>2026-03-11T16:51:12+00:00</Time><DistanceMeters>1677.5</DistanceMeters><Position><LatitudeDegrees>50.593442</LatitudeDegrees><LongitudeDegrees>3.060838</LongitudeDegrees></Position><AltitudeMeters>50.7</AltitudeMeters><Extensions><TPX xmlns="http://www.garmin.com/xmlschemas/ActivityExtension/v2"><Speed>2.56</Speed></TPX></Extensions></Trackpoint><Trackpoint><Time>2026-03-11T16:51:13+00:00</Time><DistanceMeters>1680.3</DistanceMeters><Position><LatitudeDegrees>50.593453</LatitudeDegrees><LongitudeDegrees>3.060893</LongitudeDegrees></Position><AltitudeMeters>50.7</AltitudeMeters><Extensions><TPX xmlns="http://www.garmin.com/xmlschemas/ActivityExtension/v2"><Speed>2.67</Speed></TPX></Extensions></Trackpoint><Trackpoint><Time>2026-03-11T16:51:14+00:00</Time><DistanceMeters>1683.1</DistanceMeters><Position><LatitudeDegrees>50.593451</LatitudeDegrees><LongitudeDegrees>3.060915</LongitudeDegrees></Position><AltitudeMeters>50.7</AltitudeMeters><Extensions><TPX xmlns="http://www.garmin.com/xmlschemas/ActivityExtension/v2"><Speed>2.78</Speed></TPX></Extensions></Trackpoint><Trackpoint><Time>2026-03-11T16:51:15+00:00</Time><DistanceMeters>1686.2</DistanceMeters><Position><LatitudeDegrees>50.593454</LatitudeDegrees><LongitudeDegrees>3.060958</LongitudeDegrees></Position><AltitudeMeters>50.7</AltitudeMeters><Extensions><TPX xmlns="http://www.garmin.com/xmlschemas/ActivityExtension/v2"><Speed>2.99</Speed></TPX></Extensions></Trackpoint><Trackpoint><Time>2026-03-11T16:51:16+00:00</Time><DistanceMeters>1689.0</DistanceMeters><Position><LatitudeDegrees>50.593462</LatitudeDegrees><LongitudeDegrees>3.061016</LongitudeDegrees></Position><AltitudeMeters>50.8</AltitudeMeters><Extensions><TPX xmlns="http://www.garmin.com/xmlschemas/ActivityExtension/v2"><Speed>3.14</Speed></TPX></Extensions></Trackpoint><Trackpoint><Time>2026-03-11T16:51:17+00:00</Time><DistanceMeters>1691.8</DistanceMeters><Position><LatitudeDegrees>50.593467</LatitudeDegrees><LongitudeDegrees>3.061034</LongitudeDegrees></Position><AltitudeMeters>50.8</AltitudeMeters><Extensions><TPX xmlns="http://www.garmin.com/xmlschemas/ActivityExtension/v2"><Speed>2.86</Speed></TPX></Extensions></Trackpoint><Trackpoint><Time>2026-03-11T16:51:18+00:00</Time><DistanceMeters>1695.2</DistanceMeters><Position><LatitudeDegrees>50.593475</LatitudeDegrees><LongitudeDegrees>3.061081</LongitudeDegrees></Position><AltitudeMeters>50.8</AltitudeMeters><Extensions><TPX xmlns="http://www.garmin.com/xmlschemas/ActivityExtension/v2"><Speed>2.98</Speed></TPX></Extensions></Trackpoint><Trackpoint><Time>2026-03-11T16:51:19+00:00</Time><DistanceMeters>1698.4</DistanceMeters><Position><LatitudeDegrees>50.593476</LatitudeDegrees><LongitudeDegrees>3.061126</LongitudeDegrees></Position><AltitudeMeters>50.8</AltitudeMeters><Extensions><TPX xmlns="http://www.garmin.com/xmlschemas/ActivityExtension/v2"><Speed>3.06</Speed></TPX></Extensions></Trackpoint><Trackpoint><Time>2026-03-11T16:51:20+00:00</Time><DistanceMeters>1700.7</DistanceMeters><Position><LatitudeDegrees>50.593485</LatitudeDegrees><LongitudeDegrees>3.061173</LongitudeDegrees></Position><AltitudeMeters>50.9</AltitudeMeters><Extensions><TPX xmlns="http://www.garmin.com/xmlschemas/ActivityExtension/v2"><Speed>2.89</Speed></TPX></Extensions></Trackpoint><Trackpoint><Time>2026-03-11T16:51:21+00:00</Time><DistanceMeters>1702.9</DistanceMeters><Position><LatitudeDegrees>50.593486</LatitudeDegrees><LongitudeDegrees>3.061188</LongitudeDegrees></Position><AltitudeMeters>50.9</AltitudeMeters><Extensions><TPX xmlns="http://www.garmin.com/xmlschemas/ActivityExtension/v2"><Speed>2.78</Speed></TPX></Extensions></Trackpoint><Trackpoint><Time>2026-03-11T16:51:22+00:00</Time><DistanceMeters>1705.2</DistanceMeters><Position><LatitudeDegrees>50.593494</LatitudeDegrees><LongitudeDegrees>3.061234</LongitudeDegrees></Position><AltitudeMeters>50.9</AltitudeMeters><Extensions><TPX xmlns="http://www.garmin.com/xmlschemas/ActivityExtension/v2"><Speed>2.67</Speed></TPX></Extensions></Trackpoint><Trackpoint><Time>2026-03-11T16:51:23+00:00</Time><DistanceMeters>1707.4</DistanceMeters><Position><LatitudeDegrees>50.593498</LatitudeDegrees><LongitudeDegrees>3.061249</LongitudeDegrees></Position><AltitudeMeters>50.9</AltitudeMeters><Extensions><TPX xmlns="http://www.garmin.com/xmlschemas/ActivityExtension/v2"><Speed>2.44</Speed></TPX></Extensions></Trackpoint><Trackpoint><Time>2026-03-11T16:51:24+00:00</Time><DistanceMeters>1710.6</DistanceMeters><Position><LatitudeDegrees>50.593511</LatitudeDegrees><LongitudeDegrees>3.06129</LongitudeDegrees></Position><AltitudeMeters>50.9</AltitudeMeters><Extensions><TPX xmlns="http://www.garmin.com/xmlschemas/ActivityExtension/v2"><Speed>2.44</Speed></TPX></Extensions></Trackpoint><Trackpoint><Time>2026-03-11T16:51:25+00:00</Time><DistanceMeters>1713.9</DistanceMeters><Position><LatitudeDegrees>50.593531</LatitudeDegrees><LongitudeDegrees>3.061323</LongitudeDegrees></Position><AltitudeMeters>51.0</AltitudeMeters><Extensions><TPX xmlns="http://www.garmin.com/xmlschemas/ActivityExtension/v2"><Speed>2.65</Speed></TPX></Extensions></Trackpoint><Trackpoint><Time>2026-03-11T16:51:26+00:00</Time><DistanceMeters>1716.2</DistanceMeters><Position><LatitudeDegrees>50.593547</LatitudeDegrees><LongitudeDegrees>3.061366</LongitudeDegrees></Position><AltitudeMeters>51.0</AltitudeMeters><Extensions><TPX xmlns="http://www.garmin.com/xmlschemas/ActivityExtension/v2"><Speed>2.66</Speed></TPX></Extensions></Trackpoint><Trackpoint><Time>2026-03-11T16:51:27+00:00</Time><DistanceMeters>1718.5</DistanceMeters><Position><LatitudeDegrees>50.593551</LatitudeDegrees><LongitudeDegrees>3.061379</LongitudeDegrees></Position><AltitudeMeters>51.0</AltitudeMeters><Extensions><TPX xmlns="http://www.garmin.com/xmlschemas/ActivityExtension/v2"><Speed>2.67</Speed></TPX></Extensions></Trackpoint><Trackpoint><Time>2026-03-11T16:51:28+00:00</Time><DistanceMeters>1720.7</DistanceMeters><Position><LatitudeDegrees>50.593569</LatitudeDegrees><LongitudeDegrees>3.061416</LongitudeDegrees></Position><AltitudeMeters>51.0</AltitudeMeters><Extensions><TPX xmlns="http://www.garmin.com/xmlschemas/ActivityExtension/v2"><Speed>2.66</Speed></TPX></Extensions></Trackpoint><Trackpoint><Time>2026-03-11T16:51:29+00:00</Time><DistanceMeters>1722.9</DistanceMeters><Position><LatitudeDegrees>50.593576</LatitudeDegrees><LongitudeDegrees>3.061427</LongitudeDegrees></Position><AltitudeMeters>51.0</AltitudeMeters><Extensions><TPX xmlns="http://www.garmin.com/xmlschemas/ActivityExtension/v2"><Speed>2.46</Speed></TPX></Extensions></Trackpoint><Trackpoint><Time>2026-03-11T16:51:30+00:00</Time><DistanceMeters>1724.5</DistanceMeters><Position><LatitudeDegrees>50.593584</LatitudeDegrees><LongitudeDegrees>3.061467</LongitudeDegrees></Position><AltitudeMeters>51.0</AltitudeMeters><Extensions><TPX xmlns="http://www.garmin.com/xmlschemas/ActivityExtension/v2"><Speed>2.113</Speed></TPX></Extensions></Trackpoint><Trackpoint><Time>2026-03-11T16:51:31+00:00</Time><DistanceMeters>1726.0</DistanceMeters><Position><LatitudeDegrees>50.593592</LatitudeDegrees><LongitudeDegrees>3.061475</LongitudeDegrees></Position><AltitudeMeters>51.0</AltitudeMeters><Extensions><TPX xmlns="http://www.garmin.com/xmlschemas/ActivityExtension/v2"><Speed>1.967</Speed></TPX></Extensions></Trackpoint><Trackpoint><Time>2026-03-11T16:51:32+00:00</Time><DistanceMeters>1727.6</DistanceMeters><Position><LatitudeDegrees>50.5936</LatitudeDegrees><LongitudeDegrees>3.061483</LongitudeDegrees></Position><AltitudeMeters>51.0</AltitudeMeters><Extensions><TPX xmlns="http://www.garmin.com/xmlschemas/ActivityExtension/v2"><Speed>1.82</Speed></TPX></Extensions></Trackpoint><Trackpoint><Time>2026-03-11T16:51:33+00:00</Time><DistanceMeters>1729.7</DistanceMeters><Position><LatitudeDegrees>50.593621</LatitudeDegrees><LongitudeDegrees>3.061501</LongitudeDegrees></Position><AltitudeMeters>51.0</AltitudeMeters><Extensions><TPX xmlns="http://www.garmin.com/xmlschemas/ActivityExtension/v2"><Speed>1.8</Speed></TPX></Extensions></Trackpoint><Trackpoint><Time>2026-03-11T16:51:34+00:00</Time><DistanceMeters>1731.8</DistanceMeters><Position><LatitudeDegrees>50.593634</LatitudeDegrees><LongitudeDegrees>3.06151</LongitudeDegrees></Position><AltitudeMeters>51.0</AltitudeMeters><Extensions><TPX xmlns="http://www.garmin.com/xmlschemas/ActivityExtension/v2"><Speed>1.78</Speed></TPX></Extensions></Trackpoint><Trackpoint><Time>2026-03-11T16:51:35+00:00</Time><DistanceMeters>1735.2</DistanceMeters><Position><LatitudeDegrees>50.593653</LatitudeDegrees><LongitudeDegrees>3.061548</LongitudeDegrees></Position><AltitudeMeters>51.0</AltitudeMeters><Extensions><TPX xmlns="http://www.garmin.com/xmlschemas/ActivityExtension/v2"><Speed>2.147</Speed></TPX></Extensions></Trackpoint><Trackpoint><Time>2026-03-11T16:51:36+00:00</Time><DistanceMeters>1737.5</DistanceMeters><Position><LatitudeDegrees>50.593677</LatitudeDegrees><LongitudeDegrees>3.061582</LongitudeDegrees></Position><AltitudeMeters>51.0</AltitudeMeters><Extensions><TPX xmlns="http://www.garmin.com/xmlschemas/ActivityExtension/v2"><Speed>2.293</Speed></TPX></Extensions></Trackpoint><Trackpoint><Time>2026-03-11T16:51:37+00:00</Time><DistanceMeters>1739.8</DistanceMeters><Position><LatitudeDegrees>50.593682</LatitudeDegrees><LongitudeDegrees>3.061593</LongitudeDegrees></Position><AltitudeMeters>51.0</AltitudeMeters><Extensions><TPX xmlns="http://www.garmin.com/xmlschemas/ActivityExtension/v2"><Speed>2.44</Speed></TPX></Extensions></Trackpoint><Trackpoint><Time>2026-03-11T16:51:38+00:00</Time><DistanceMeters>1742.8</DistanceMeters><Position><LatitudeDegrees>50.593705</LatitudeDegrees><LongitudeDegrees>3.061637</LongitudeDegrees></Position><AltitudeMeters>51.0</AltitudeMeters><Extensions><TPX xmlns="http://www.garmin.com/xmlschemas/ActivityExtension/v2"><Speed>2.61</Speed></TPX></Extensions></Trackpoint><Trackpoint><Time>2026-03-11T16:51:39+00:00</Time><DistanceMeters>1745.7</DistanceMeters><Position><LatitudeDegrees>50.593716</LatitudeDegrees><LongitudeDegrees>3.061658</LongitudeDegrees></Position><AltitudeMeters>51.0</AltitudeMeters><Extensions><TPX xmlns="http://www.garmin.com/xmlschemas/ActivityExtension/v2"><Speed>2.78</Speed></TPX></Extensions></Trackpoint><Trackpoint><Time>2026-03-11T16:51:40+00:00</Time><DistanceMeters>1748.7</DistanceMeters><Position><LatitudeDegrees>50.593747</LatitudeDegrees><LongitudeDegrees>3.061694</LongitudeDegrees></Position><AltitudeMeters>51.0</AltitudeMeters><Extensions><TPX xmlns="http://www.garmin.com/xmlschemas/ActivityExtension/v2"><Speed>2.69</Speed></TPX></Extensions></Trackpoint><Trackpoint><Time>2026-03-11T16:51:41+00:00</Time><DistanceMeters>1751.6</DistanceMeters><Position><LatitudeDegrees>50.593759</LatitudeDegrees><LongitudeDegrees>3.061706</LongitudeDegrees></Position><AltitudeMeters>51.0</AltitudeMeters><Extensions><TPX xmlns="http://www.garmin.com/xmlschemas/ActivityExtension/v2"><Speed>2.82</Speed></TPX></Extensions></Trackpoint><Trackpoint><Time>2026-03-11T16:51:42+00:00</Time><DistanceMeters>1754.5</DistanceMeters><Position><LatitudeDegrees>50.593793</LatitudeDegrees><LongitudeDegrees>3.061729</LongitudeDegrees></Position><AltitudeMeters>51.0</AltitudeMeters><Extensions><TPX xmlns="http://www.garmin.com/xmlschemas/ActivityExtension/v2"><Speed>2.93</Speed></TPX></Extensions></Trackpoint><Trackpoint><Time>2026-03-11T16:51:43+00:00</Time><DistanceMeters>1757.3</DistanceMeters><Position><LatitudeDegrees>50.593805</LatitudeDegrees><LongitudeDegrees>3.061739</LongitudeDegrees></Position><AltitudeMeters>51.0</AltitudeMeters><Extensions><TPX xmlns="http://www.garmin.com/xmlschemas/ActivityExtension/v2"><Speed>2.91</Speed></TPX></Extensions></Trackpoint><Trackpoint><Time>2026-03-11T16:51:44+00:00</Time><DistanceMeters>1760.4</DistanceMeters><Position><LatitudeDegrees>50.59383</LatitudeDegrees><LongitudeDegrees>3.061757</LongitudeDegrees></Position><AltitudeMeters>51.0</AltitudeMeters><Extensions><TPX xmlns="http://www.garmin.com/xmlschemas/ActivityExtension/v2"><Speed>2.94</Speed></TPX></Extensions></Trackpoint><Trackpoint><Time>2026-03-11T16:51:45+00:00</Time><DistanceMeters>1763.6</DistanceMeters><Position><LatitudeDegrees>50.593853</LatitudeDegrees><LongitudeDegrees>3.061786</LongitudeDegrees></Position><AltitudeMeters>51.0</AltitudeMeters><Extensions><TPX xmlns="http://www.garmin.com/xmlschemas/ActivityExtension/v2"><Speed>2.99</Speed></TPX></Extensions></Trackpoint><Trackpoint><Time>2026-03-11T16:51:46+00:00</Time><DistanceMeters>1766.9</DistanceMeters><Position><LatitudeDegrees>50.593881</LatitudeDegrees><LongitudeDegrees>3.061802</LongitudeDegrees></Position><AltitudeMeters>51.0</AltitudeMeters><Extensions><TPX xmlns="http://www.garmin.com/xmlschemas/ActivityExtension/v2"><Speed>3.06</Speed></TPX></Extensions></Trackpoint><Trackpoint><Time>2026-03-11T16:51:47+00:00</Time><DistanceMeters>1769.6</DistanceMeters><Position><LatitudeDegrees>50.593905</LatitudeDegrees><LongitudeDegrees>3.061846</LongitudeDegrees></Position><AltitudeMeters>51.0</AltitudeMeters><Extensions><TPX xmlns="http://www.garmin.com/xmlschemas/ActivityExtension/v2"><Speed>3.02</Speed></TPX></Extensions></Trackpoint><Trackpoint><Time>2026-03-11T16:51:48+00:00</Time><DistanceMeters>1772.2</DistanceMeters><Position><LatitudeDegrees>50.593914</LatitudeDegrees><LongitudeDegrees>3.061858</LongitudeDegrees></Position><AltitudeMeters>51.0</AltitudeMeters><Extensions><TPX xmlns="http://www.garmin.com/xmlschemas/ActivityExtension/v2"><Speed>2.98</Speed></TPX></Extensions></Trackpoint><Trackpoint><Time>2026-03-11T16:51:49+00:00</Time><DistanceMeters>1775.3</DistanceMeters><Position><LatitudeDegrees>50.593936</LatitudeDegrees><LongitudeDegrees>3.061884</LongitudeDegrees></Position><AltitudeMeters>51.0</AltitudeMeters><Extensions><TPX xmlns="http://www.garmin.com/xmlschemas/ActivityExtension/v2"><Speed>2.98</Speed></TPX></Extensions></Trackpoint><Trackpoint><Time>2026-03-11T16:51:50+00:00</Time><DistanceMeters>1779.4</DistanceMeters><Position><LatitudeDegrees>50.593966</LatitudeDegrees><LongitudeDegrees>3.061917</LongitudeDegrees></Position><AltitudeMeters>51.0</AltitudeMeters><Extensions><TPX xmlns="http://www.garmin.com/xmlschemas/ActivityExtension/v2"><Speed>3.16</Speed></TPX></Extensions></Trackpoint><Trackpoint><Time>2026-03-11T16:51:51+00:00</Time><DistanceMeters>1782.1</DistanceMeters><Position><LatitudeDegrees>50.593994</LatitudeDegrees><LongitudeDegrees>3.061953</LongitudeDegrees></Position><AltitudeMeters>51.0</AltitudeMeters><Extensions><TPX xmlns="http://www.garmin.com/xmlschemas/ActivityExtension/v2"><Speed>3.03</Speed></TPX></Extensions></Trackpoint><Trackpoint><Time>2026-03-11T16:51:52+00:00</Time><DistanceMeters>1784.7</DistanceMeters><Position><LatitudeDegrees>50.594003</LatitudeDegrees><LongitudeDegrees>3.061964</LongitudeDegrees></Position><AltitudeMeters>51.0</AltitudeMeters><Extensions><TPX xmlns="http://www.garmin.com/xmlschemas/ActivityExtension/v2"><Speed>3.03</Speed></TPX></Extensions></Trackpoint><Trackpoint><Time>2026-03-11T16:51:53+00:00</Time><DistanceMeters>1784.7</DistanceMeters><Position><LatitudeDegrees>50.594019</LatitudeDegrees><LongitudeDegrees>3.061985</LongitudeDegrees></Position><AltitudeMeters>51.0</AltitudeMeters><Extensions><TPX xmlns="http://www.garmin.com/xmlschemas/ActivityExtension/v2"><Speed>2.5</Speed></TPX></Extensions></Trackpoint><Trackpoint><Time>2026-03-11T16:51:54+00:00</Time><DistanceMeters>1788.6</DistanceMeters><Position><LatitudeDegrees>50.59403</LatitudeDegrees><LongitudeDegrees>3.061999</LongitudeDegrees></Position><AltitudeMeters>51.0</AltitudeMeters><Extensions><TPX xmlns="http://www.garmin.com/xmlschemas/ActivityExtension/v2"><Speed>2.66</Speed></TPX></Extensions></Trackpoint><Trackpoint><Time>2026-03-11T16:51:55+00:00</Time><DistanceMeters>1792.0</DistanceMeters><Position><LatitudeDegrees>50.594056</LatitudeDegrees><LongitudeDegrees>3.062023</LongitudeDegrees></Position><AltitudeMeters>51.0</AltitudeMeters><Extensions><TPX xmlns="http://www.garmin.com/xmlschemas/ActivityExtension/v2"><Speed>2.52</Speed></TPX></Extensions></Trackpoint><Trackpoint><Time>2026-03-11T16:51:56+00:00</Time><DistanceMeters>1795.1</DistanceMeters><Position><LatitudeDegrees>50.594079</LatitudeDegrees><LongitudeDegrees>3.06205</LongitudeDegrees></Position><AltitudeMeters>51.0</AltitudeMeters><Extensions><TPX xmlns="http://www.garmin.com/xmlschemas/ActivityExtension/v2"><Speed>2.61</Speed></TPX></Extensions></Trackpoint><Trackpoint><Time>2026-03-11T16:51:57+00:00</Time><DistanceMeters>1798.6</DistanceMeters><Position><LatitudeDegrees>50.594097</LatitudeDegrees><LongitudeDegrees>3.06209</LongitudeDegrees></Position><AltitudeMeters>51.0</AltitudeMeters><Extensions><TPX xmlns="http://www.garmin.com/xmlschemas/ActivityExtension/v2"><Speed>2.78</Speed></TPX></Extensions></Trackpoint><Trackpoint><Time>2026-03-11T16:51:58+00:00</Time><DistanceMeters>1801.2</DistanceMeters><Position><LatitudeDegrees>50.594122</LatitudeDegrees><LongitudeDegrees>3.062126</LongitudeDegrees></Position><AltitudeMeters>51.0</AltitudeMeters><Extensions><TPX xmlns="http://www.garmin.com/xmlschemas/ActivityExtension/v2"><Speed>3.29</Speed></TPX></Extensions></Trackpoint><Trackpoint><Time>2026-03-11T16:51:59+00:00</Time><DistanceMeters>1803.7</DistanceMeters><Position><LatitudeDegrees>50.594131</LatitudeDegrees><LongitudeDegrees>3.062137</LongitudeDegrees></Position><AltitudeMeters>51.0</AltitudeMeters><Extensions><TPX xmlns="http://www.garmin.com/xmlschemas/ActivityExtension/v2"><Speed>3.02</Speed></TPX></Extensions></Trackpoint><Trackpoint><Time>2026-03-11T16:52:00+00:00</Time><DistanceMeters>1805.8</DistanceMeters><Position><LatitudeDegrees>50.594154</LatitudeDegrees><LongitudeDegrees>3.062164</LongitudeDegrees></Position><AltitudeMeters>51.0</AltitudeMeters><Extensions><TPX xmlns="http://www.garmin.com/xmlschemas/ActivityExtension/v2"><Speed>2.75</Speed></TPX></Extensions></Trackpoint><Trackpoint><Time>2026-03-11T16:52:01+00:00</Time><DistanceMeters>1807.8</DistanceMeters><Position><LatitudeDegrees>50.59416</LatitudeDegrees><LongitudeDegrees>3.062173</LongitudeDegrees></Position><AltitudeMeters>51.0</AltitudeMeters><Extensions><TPX xmlns="http://www.garmin.com/xmlschemas/ActivityExtension/v2"><Speed>2.54</Speed></TPX></Extensions></Trackpoint><Trackpoint><Time>2026-03-11T16:52:02+00:00</Time><DistanceMeters>1811.1</DistanceMeters><Position><LatitudeDegrees>50.59418</LatitudeDegrees><LongitudeDegrees>3.062208</LongitudeDegrees></Position><AltitudeMeters>51.0</AltitudeMeters><Extensions><TPX xmlns="http://www.garmin.com/xmlschemas/ActivityExtension/v2"><Speed>2.5</Speed></TPX></Extensions></Trackpoint><Trackpoint><Time>2026-03-11T16:52:03+00:00</Time><DistanceMeters>1814.5</DistanceMeters><Position><LatitudeDegrees>50.594209</LatitudeDegrees><LongitudeDegrees>3.062224</LongitudeDegrees></Position><AltitudeMeters>51.0</AltitudeMeters><Extensions><TPX xmlns="http://www.garmin.com/xmlschemas/ActivityExtension/v2"><Speed>2.67</Speed></TPX></Extensions></Trackpoint><Trackpoint><Time>2026-03-11T16:52:04+00:00</Time><DistanceMeters>1817.1</DistanceMeters><Position><LatitudeDegrees>50.594235</LatitudeDegrees><LongitudeDegrees>3.062264</LongitudeDegrees></Position><AltitudeMeters>51.0</AltitudeMeters><Extensions><TPX xmlns="http://www.garmin.com/xmlschemas/ActivityExtension/v2"><Speed>2.68</Speed></TPX></Extensions></Trackpoint><Trackpoint><Time>2026-03-11T16:52:05+00:00</Time><DistanceMeters>1819.7</DistanceMeters><Position><LatitudeDegrees>50.594241</LatitudeDegrees><LongitudeDegrees>3.062278</LongitudeDegrees></Position><AltitudeMeters>51.0</AltitudeMeters><Extensions><TPX xmlns="http://www.garmin.com/xmlschemas/ActivityExtension/v2"><Speed>2.79</Speed></TPX></Extensions></Trackpoint><Trackpoint><Time>2026-03-11T16:52:06+00:00</Time><DistanceMeters>1822.2</DistanceMeters><Position><LatitudeDegrees>50.594268</LatitudeDegrees><LongitudeDegrees>3.062308</LongitudeDegrees></Position><AltitudeMeters>51.0</AltitudeMeters><Extensions><TPX xmlns="http://www.garmin.com/xmlschemas/ActivityExtension/v2"><Speed>2.87</Speed></TPX></Extensions></Trackpoint><Trackpoint><Time>2026-03-11T16:52:07+00:00</Time><DistanceMeters>1824.6</DistanceMeters><Position><LatitudeDegrees>50.594277</LatitudeDegrees><LongitudeDegrees>3.062317</LongitudeDegrees></Position><AltitudeMeters>51.0</AltitudeMeters><Extensions><TPX xmlns="http://www.garmin.com/xmlschemas/ActivityExtension/v2"><Speed>2.7</Speed></TPX></Extensions></Trackpoint><Trackpoint><Time>2026-03-11T16:52:08+00:00</Time><DistanceMeters>1827.9</DistanceMeters><Position><LatitudeDegrees>50.594297</LatitudeDegrees><LongitudeDegrees>3.062353</LongitudeDegrees></Position><AltitudeMeters>50.9</AltitudeMeters><Extensions><TPX xmlns="http://www.garmin.com/xmlschemas/ActivityExtension/v2"><Speed>2.68</Speed></TPX></Extensions></Trackpoint><Trackpoint><Time>2026-03-11T16:52:09+00:00</Time><DistanceMeters>1831.7</DistanceMeters><Position><LatitudeDegrees>50.594326</LatitudeDegrees><LongitudeDegrees>3.062382</LongitudeDegrees></Position><AltitudeMeters>50.9</AltitudeMeters><Extensions><TPX xmlns="http://www.garmin.com/xmlschemas/ActivityExtension/v2"><Speed>2.92</Speed></TPX></Extensions></Trackpoint><Trackpoint><Time>2026-03-11T16:52:10+00:00</Time><DistanceMeters>1834.9</DistanceMeters><Position><LatitudeDegrees>50.594351</LatitudeDegrees><LongitudeDegrees>3.062402</LongitudeDegrees></Position><AltitudeMeters>50.8</AltitudeMeters><Extensions><TPX xmlns="http://www.garmin.com/xmlschemas/ActivityExtension/v2"><Speed>3.04</Speed></TPX></Extensions></Trackpoint><Trackpoint><Time>2026-03-11T16:52:11+00:00</Time><DistanceMeters>1837.6</DistanceMeters><Position><LatitudeDegrees>50.594385</LatitudeDegrees><LongitudeDegrees>3.062428</LongitudeDegrees></Position><AltitudeMeters>50.8</AltitudeMeters><Extensions><TPX xmlns="http://www.garmin.com/xmlschemas/ActivityExtension/v2"><Speed>3.09</Speed></TPX></Extensions></Trackpoint><Trackpoint><Time>2026-03-11T16:52:12+00:00</Time><DistanceMeters>1840.3</DistanceMeters><Position><LatitudeDegrees>50.594395</LatitudeDegrees><LongitudeDegrees>3.062434</LongitudeDegrees></Position><AltitudeMeters>50.8</AltitudeMeters><Extensions><TPX xmlns="http://www.garmin.com/xmlschemas/ActivityExtension/v2"><Speed>3.14</Speed></TPX></Extensions></Trackpoint><Trackpoint><Time>2026-03-11T16:52:13+00:00</Time><DistanceMeters>1843.5</DistanceMeters><Position><LatitudeDegrees>50.594434</LatitudeDegrees><LongitudeDegrees>3.062451</LongitudeDegrees></Position><AltitudeMeters>50.7</AltitudeMeters><Extensions><TPX xmlns="http://www.garmin.com/xmlschemas/ActivityExtension/v2"><Speed>3.11</Speed></TPX></Extensions></Trackpoint><Trackpoint><Time>2026-03-11T16:52:14+00:00</Time><DistanceMeters>1846.6</DistanceMeters><Position><LatitudeDegrees>50.59445</LatitudeDegrees><LongitudeDegrees>3.062458</LongitudeDegrees></Position><AltitudeMeters>50.7</AltitudeMeters><Extensions><TPX xmlns="http://www.garmin.com/xmlschemas/ActivityExtension/v2"><Speed>2.98</Speed></TPX></Extensions></Trackpoint><Trackpoint><Time>2026-03-11T16:52:15+00:00</Time><DistanceMeters>1849.4</DistanceMeters><Position><LatitudeDegrees>50.594487</LatitudeDegrees><LongitudeDegrees>3.062477</LongitudeDegrees></Position><AltitudeMeters>50.6</AltitudeMeters><Extensions><TPX xmlns="http://www.garmin.com/xmlschemas/ActivityExtension/v2"><Speed>2.9</Speed></TPX></Extensions></Trackpoint><Trackpoint><Time>2026-03-11T16:52:16+00:00</Time><DistanceMeters>1852.2</DistanceMeters><Position><LatitudeDegrees>50.594498</LatitudeDegrees><LongitudeDegrees>3.062483</LongitudeDegrees></Position><AltitudeMeters>50.6</AltitudeMeters><Extensions><TPX xmlns="http://www.garmin.com/xmlschemas/ActivityExtension/v2"><Speed>2.92</Speed></TPX></Extensions></Trackpoint><Trackpoint><Time>2026-03-11T16:52:17+00:00</Time><DistanceMeters>1855.5</DistanceMeters><Position><LatitudeDegrees>50.594527</LatitudeDegrees><LongitudeDegrees>3.062478</LongitudeDegrees></Position><AltitudeMeters>50.5</AltitudeMeters><Extensions><TPX xmlns="http://www.garmin.com/xmlschemas/ActivityExtension/v2"><Speed>3.04</Speed></TPX></Extensions></Trackpoint><Trackpoint><Time>2026-03-11T16:52:18+00:00</Time><DistanceMeters>1859.1</DistanceMeters><Position><LatitudeDegrees>50.59456</LatitudeDegrees><LongitudeDegrees>3.062475</LongitudeDegrees></Position><AltitudeMeters>50.5</AltitudeMeters><Extensions><TPX xmlns="http://www.garmin.com/xmlschemas/ActivityExtension/v2"><Speed>3.13</Speed></TPX></Extensions></Trackpoint><Trackpoint><Time>2026-03-11T16:52:19+00:00</Time><DistanceMeters>1861.6</DistanceMeters><Position><LatitudeDegrees>50.594592</LatitudeDegrees><LongitudeDegrees>3.062473</LongitudeDegrees></Position><AltitudeMeters>50.5</AltitudeMeters><Extensions><TPX xmlns="http://www.garmin.com/xmlschemas/ActivityExtension/v2"><Speed>2.99</Speed></TPX></Extensions></Trackpoint><Trackpoint><Time>2026-03-11T16:52:20+00:00</Time><DistanceMeters>1864.0</DistanceMeters><Position><LatitudeDegrees>50.594604</LatitudeDegrees><LongitudeDegrees>3.062473</LongitudeDegrees></Position><AltitudeMeters>50.4</AltitudeMeters><Extensions><TPX xmlns="http://www.garmin.com/xmlschemas/ActivityExtension/v2"><Speed>2.92</Speed></TPX></Extensions></Trackpoint><Trackpoint><Time>2026-03-11T16:52:21+00:00</Time><DistanceMeters>1866.1</DistanceMeters><Position><LatitudeDegrees>50.594632</LatitudeDegrees><LongitudeDegrees>3.062462</LongitudeDegrees></Position><AltitudeMeters>50.4</AltitudeMeters><Extensions><TPX xmlns="http://www.garmin.com/xmlschemas/ActivityExtension/v2"><Speed>2.78</Speed></TPX></Extensions></Trackpoint><Trackpoint><Time>2026-03-11T16:52:22+00:00</Time><DistanceMeters>1868.2</DistanceMeters><Position><LatitudeDegrees>50.59464</LatitudeDegrees><LongitudeDegrees>3.062458</LongitudeDegrees></Position><AltitudeMeters>50.4</AltitudeMeters><Extensions><TPX xmlns="http://www.garmin.com/xmlschemas/ActivityExtension/v2"><Speed>2.54</Speed></TPX></Extensions></Trackpoint><Trackpoint><Time>2026-03-11T16:52:23+00:00</Time><DistanceMeters>1870.9</DistanceMeters><Position><LatitudeDegrees>50.594675</LatitudeDegrees><LongitudeDegrees>3.062446</LongitudeDegrees></Position><AltitudeMeters>50.4</AltitudeMeters><Extensions><TPX xmlns="http://www.garmin.com/xmlschemas/ActivityExtension/v2"><Speed>2.36</Speed></TPX></Extensions></Trackpoint><Trackpoint><Time>2026-03-11T16:52:24+00:00</Time><DistanceMeters>1873.6</DistanceMeters><Position><LatitudeDegrees>50.594687</LatitudeDegrees><LongitudeDegrees>3.062442</LongitudeDegrees></Position><AltitudeMeters>50.3</AltitudeMeters><Extensions><TPX xmlns="http://www.garmin.com/xmlschemas/ActivityExtension/v2"><Speed>2.41</Speed></TPX></Extensions></Trackpoint><Trackpoint><Time>2026-03-11T16:52:25+00:00</Time><DistanceMeters>1876.0</DistanceMeters><Position><LatitudeDegrees>50.594718</LatitudeDegrees><LongitudeDegrees>3.062434</LongitudeDegrees></Position><AltitudeMeters>50.3</AltitudeMeters><Extensions><TPX xmlns="http://www.garmin.com/xmlschemas/ActivityExtension/v2"><Speed>2.39</Speed></TPX></Extensions></Trackpoint><Trackpoint><Time>2026-03-11T16:52:26+00:00</Time><DistanceMeters>1878.3</DistanceMeters><Position><LatitudeDegrees>50.594729</LatitudeDegrees><LongitudeDegrees>3.062429</LongitudeDegrees></Position><AltitudeMeters>50.3</AltitudeMeters><Extensions><TPX xmlns="http://www.garmin.com/xmlschemas/ActivityExtension/v2"><Speed>2.44</Speed></TPX></Extensions></Trackpoint><Trackpoint><Time>2026-03-11T16:52:27+00:00</Time><DistanceMeters>1878.3</DistanceMeters><Position><LatitudeDegrees>50.594742</LatitudeDegrees><LongitudeDegrees>3.062417</LongitudeDegrees></Position><AltitudeMeters>50.3</AltitudeMeters><Extensions><TPX xmlns="http://www.garmin.com/xmlschemas/ActivityExtension/v2"><Speed>2.02</Speed></TPX></Extensions></Trackpoint><Trackpoint><Time>2026-03-11T16:52:28+00:00</Time><DistanceMeters>1881.5</DistanceMeters><Position><LatitudeDegrees>50.594754</LatitudeDegrees><LongitudeDegrees>3.062409</LongitudeDegrees></Position><AltitudeMeters>50.2</AltitudeMeters><Extensions><TPX xmlns="http://www.garmin.com/xmlschemas/ActivityExtension/v2"><Speed>2.12</Speed></TPX></Extensions></Trackpoint><Trackpoint><Time>2026-03-11T16:52:29+00:00</Time><DistanceMeters>1883.6</DistanceMeters><Position><LatitudeDegrees>50.59478</LatitudeDegrees><LongitudeDegrees>3.062402</LongitudeDegrees></Position><AltitudeMeters>50.2</AltitudeMeters><Extensions><TPX xmlns="http://www.garmin.com/xmlschemas/ActivityExtension/v2"><Speed>1.99</Speed></TPX></Extensions></Trackpoint><Trackpoint><Time>2026-03-11T16:52:30+00:00</Time><DistanceMeters>1885.6</DistanceMeters><Position><LatitudeDegrees>50.59479</LatitudeDegrees><LongitudeDegrees>3.062393</LongitudeDegrees></Position><AltitudeMeters>50.2</AltitudeMeters><Extensions><TPX xmlns="http://www.garmin.com/xmlschemas/ActivityExtension/v2"><Speed>1.93</Speed></TPX></Extensions></Trackpoint><Trackpoint><Time>2026-03-11T16:52:31+00:00</Time><DistanceMeters>1888.1</DistanceMeters><Position><LatitudeDegrees>50.594826</LatitudeDegrees><LongitudeDegrees>3.062386</LongitudeDegrees></Position><AltitudeMeters>50.2</AltitudeMeters><Extensions><TPX xmlns="http://www.garmin.com/xmlschemas/ActivityExtension/v2"><Speed>1.96</Speed></TPX></Extensions></Trackpoint><Trackpoint><Time>2026-03-11T16:52:32+00:00</Time><DistanceMeters>1890.6</DistanceMeters><Position><LatitudeDegrees>50.594835</LatitudeDegrees><LongitudeDegrees>3.062384</LongitudeDegrees></Position><AltitudeMeters>50.1</AltitudeMeters><Extensions><TPX xmlns="http://www.garmin.com/xmlschemas/ActivityExtension/v2"><Speed>2.46</Speed></TPX></Extensions></Trackpoint><Trackpoint><Time>2026-03-11T16:52:33+00:00</Time><DistanceMeters>1893.9</DistanceMeters><Position><LatitudeDegrees>50.594864</LatitudeDegrees><LongitudeDegrees>3.062393</LongitudeDegrees></Position><AltitudeMeters>50.1</AltitudeMeters><Extensions><TPX xmlns="http://www.garmin.com/xmlschemas/ActivityExtension/v2"><Speed>2.48</Speed></TPX></Extensions></Trackpoint><Trackpoint><Time>2026-03-11T16:52:34+00:00</Time><DistanceMeters>1896.3</DistanceMeters><Position><LatitudeDegrees>50.594895</LatitudeDegrees><LongitudeDegrees>3.062404</LongitudeDegrees></Position><AltitudeMeters>50.0</AltitudeMeters><Extensions><TPX xmlns="http://www.garmin.com/xmlschemas/ActivityExtension/v2"><Speed>2.54</Speed></TPX></Extensions></Trackpoint><Trackpoint><Time>2026-03-11T16:52:35+00:00</Time><DistanceMeters>1898.6</DistanceMeters><Position><LatitudeDegrees>50.594905</LatitudeDegrees><LongitudeDegrees>3.062412</LongitudeDegrees></Position><AltitudeMeters>50.0</AltitudeMeters><Extensions><TPX xmlns="http://www.garmin.com/xmlschemas/ActivityExtension/v2"><Speed>2.6</Speed></TPX></Extensions></Trackpoint><Trackpoint><Time>2026-03-11T16:52:36+00:00</Time><DistanceMeters>1901.7</DistanceMeters><Position><LatitudeDegrees>50.594945</LatitudeDegrees><LongitudeDegrees>3.062408</LongitudeDegrees></Position><AltitudeMeters>50.0</AltitudeMeters><Extensions><TPX xmlns="http://www.garmin.com/xmlschemas/ActivityExtension/v2"><Speed>2.71</Speed></TPX></Extensions></Trackpoint><Trackpoint><Time>2026-03-11T16:52:37+00:00</Time><DistanceMeters>1904.7</DistanceMeters><Position><LatitudeDegrees>50.594959</LatitudeDegrees><LongitudeDegrees>3.062404</LongitudeDegrees></Position><AltitudeMeters>49.9</AltitudeMeters><Extensions><TPX xmlns="http://www.garmin.com/xmlschemas/ActivityExtension/v2"><Speed>2.82</Speed></TPX></Extensions></Trackpoint><Trackpoint><Time>2026-03-11T16:52:38+00:00</Time><DistanceMeters>1908.6</DistanceMeters><Position><LatitudeDegrees>50.594993</LatitudeDegrees><LongitudeDegrees>3.062413</LongitudeDegrees></Position><AltitudeMeters>49.9</AltitudeMeters><Extensions><TPX xmlns="http://www.garmin.com/xmlschemas/ActivityExtension/v2"><Speed>2.94</Speed></TPX></Extensions></Trackpoint><Trackpoint><Time>2026-03-11T16:52:39+00:00</Time><DistanceMeters>1911.5</DistanceMeters><Position><LatitudeDegrees>50.595027</LatitudeDegrees><LongitudeDegrees>3.062441</LongitudeDegrees></Position><AltitudeMeters>49.9</AltitudeMeters><Extensions><TPX xmlns="http://www.garmin.com/xmlschemas/ActivityExtension/v2"><Speed>3.05</Speed></TPX></Extensions></Trackpoint><Trackpoint><Time>2026-03-11T16:52:40+00:00</Time><DistanceMeters>1914.4</DistanceMeters><Position><LatitudeDegrees>50.595042</LatitudeDegrees><LongitudeDegrees>3.062446</LongitudeDegrees></Position><AltitudeMeters>49.8</AltitudeMeters><Extensions><TPX xmlns="http://www.garmin.com/xmlschemas/ActivityExtension/v2"><Speed>3.16</Speed></TPX></Extensions></Trackpoint><Trackpoint><Time>2026-03-11T16:52:41+00:00</Time><DistanceMeters>1917.7</DistanceMeters><Position><LatitudeDegrees>50.595071</LatitudeDegrees><LongitudeDegrees>3.062444</LongitudeDegrees></Position><AltitudeMeters>49.8</AltitudeMeters><Extensions><TPX xmlns="http://www.garmin.com/xmlschemas/ActivityExtension/v2"><Speed>3.21</Speed></TPX></Extensions></Trackpoint><Trackpoint><Time>2026-03-11T16:52:42+00:00</Time><DistanceMeters>1920.2</DistanceMeters><Position><LatitudeDegrees>50.595107</LatitudeDegrees><LongitudeDegrees>3.062453</LongitudeDegrees></Position><AltitudeMeters>49.8</AltitudeMeters><Extensions><TPX xmlns="http://www.garmin.com/xmlschemas/ActivityExtension/v2"><Speed>3.1</Speed></TPX></Extensions></Trackpoint><Trackpoint><Time>2026-03-11T16:52:43+00:00</Time><DistanceMeters>1922.7</DistanceMeters><Position><LatitudeDegrees>50.595116</LatitudeDegrees><LongitudeDegrees>3.062452</LongitudeDegrees></Position><AltitudeMeters>49.8</AltitudeMeters><Extensions><TPX xmlns="http://www.garmin.com/xmlschemas/ActivityExtension/v2"><Speed>2.82</Speed></TPX></Extensions></Trackpoint><Trackpoint><Time>2026-03-11T16:52:45+00:00</Time><DistanceMeters>1924.9</DistanceMeters><Position><LatitudeDegrees>50.595147</LatitudeDegrees><LongitudeDegrees>3.062464</LongitudeDegrees></Position><AltitudeMeters>49.7</AltitudeMeters><Extensions><TPX xmlns="http://www.garmin.com/xmlschemas/ActivityExtension/v2"><Speed>2.1</Speed></TPX></Extensions></Trackpoint><Trackpoint><Time>2026-03-11T16:52:46+00:00</Time><DistanceMeters>1927.1</DistanceMeters><Position><LatitudeDegrees>50.595153</LatitudeDegrees><LongitudeDegrees>3.062468</LongitudeDegrees></Position><AltitudeMeters>49.7</AltitudeMeters><Extensions><TPX xmlns="http://www.garmin.com/xmlschemas/ActivityExtension/v2"><Speed>1.88</Speed></TPX></Extensions></Trackpoint><Trackpoint><Time>2026-03-11T16:52:47+00:00</Time><DistanceMeters>1929.6</DistanceMeters><Position><LatitudeDegrees>50.59519</LatitudeDegrees><LongitudeDegrees>3.062475</LongitudeDegrees></Position><AltitudeMeters>49.7</AltitudeMeters><Extensions><TPX xmlns="http://www.garmin.com/xmlschemas/ActivityExtension/v2"><Speed>1.88</Speed></TPX></Extensions></Trackpoint><Trackpoint><Time>2026-03-11T16:52:48+00:00</Time><DistanceMeters>1932.1</DistanceMeters><Position><LatitudeDegrees>50.595199</LatitudeDegrees><LongitudeDegrees>3.062473</LongitudeDegrees></Position><AltitudeMeters>49.7</AltitudeMeters><Extensions><TPX xmlns="http://www.garmin.com/xmlschemas/ActivityExtension/v2"><Speed>1.88</Speed></TPX></Extensions></Trackpoint><Trackpoint><Time>2026-03-11T16:52:49+00:00</Time><DistanceMeters>1932.1</DistanceMeters><Position><LatitudeDegrees>50.595211</LatitudeDegrees><LongitudeDegrees>3.062474</LongitudeDegrees></Position><AltitudeMeters>49.7</AltitudeMeters><Extensions><TPX xmlns="http://www.garmin.com/xmlschemas/ActivityExtension/v2"><Speed>1.567</Speed></TPX></Extensions></Trackpoint><Trackpoint><Time>2026-03-11T16:52:50+00:00</Time><DistanceMeters>1935.7</DistanceMeters><Position><LatitudeDegrees>50.595225</LatitudeDegrees><LongitudeDegrees>3.062504</LongitudeDegrees></Position><AltitudeMeters>49.7</AltitudeMeters><Extensions><TPX xmlns="http://www.garmin.com/xmlschemas/ActivityExtension/v2"><Speed>2.16</Speed></TPX></Extensions></Trackpoint><Trackpoint><Time>2026-03-11T16:52:51+00:00</Time><DistanceMeters>1935.7</DistanceMeters><Position><LatitudeDegrees>50.595236</LatitudeDegrees><LongitudeDegrees>3.06251</LongitudeDegrees></Position><AltitudeMeters>49.7</AltitudeMeters><Extensions><TPX xmlns="http://www.garmin.com/xmlschemas/ActivityExtension/v2"><Speed>1.72</Speed></TPX></Extensions></Trackpoint><Trackpoint><Time>2026-03-11T16:52:52+00:00</Time><DistanceMeters>1939.0</DistanceMeters><Position><LatitudeDegrees>50.595254</LatitudeDegrees><LongitudeDegrees>3.062494</LongitudeDegrees></Position><AltitudeMeters>49.6</AltitudeMeters><Extensions><TPX xmlns="http://www.garmin.com/xmlschemas/ActivityExtension/v2"><Speed>1.88</Speed></TPX></Extensions></Trackpoint><Trackpoint><Time>2026-03-11T16:52:53+00:00</Time><DistanceMeters>1941.2</DistanceMeters><Position><LatitudeDegrees>50.595269</LatitudeDegrees><LongitudeDegrees>3.062532</LongitudeDegrees></Position><AltitudeMeters>49.6</AltitudeMeters><Extensions><TPX xmlns="http://www.garmin.com/xmlschemas/ActivityExtension/v2"><Speed>1.81</Speed></TPX></Extensions></Trackpoint><Trackpoint><Time>2026-03-11T16:52:54+00:00</Time><DistanceMeters>1943.3</DistanceMeters><Position><LatitudeDegrees>50.595273</LatitudeDegrees><LongitudeDegrees>3.062546</LongitudeDegrees></Position><AltitudeMeters>49.6</AltitudeMeters><Extensions><TPX xmlns="http://www.garmin.com/xmlschemas/ActivityExtension/v2"><Speed>2.24</Speed></TPX></Extensions></Trackpoint><Trackpoint><Time>2026-03-11T16:52:55+00:00</Time><DistanceMeters>1946.3</DistanceMeters><Position><LatitudeDegrees>50.595288</LatitudeDegrees><LongitudeDegrees>3.062582</LongitudeDegrees></Position><AltitudeMeters>49.6</AltitudeMeters><Extensions><TPX xmlns="http://www.garmin.com/xmlschemas/ActivityExtension/v2"><Speed>2.12</Speed></TPX></Extensions></Trackpoint><Trackpoint><Time>2026-03-11T16:52:56+00:00</Time><DistanceMeters>1947.8</DistanceMeters><Position><LatitudeDegrees>50.595309</LatitudeDegrees><LongitudeDegrees>3.062586</LongitudeDegrees></Position><AltitudeMeters>49.6</AltitudeMeters><Extensions><TPX xmlns="http://www.garmin.com/xmlschemas/ActivityExtension/v2"><Speed>2.42</Speed></TPX></Extensions></Trackpoint><Trackpoint><Time>2026-03-11T16:52:57+00:00</Time><DistanceMeters>1949.3</DistanceMeters><Position><LatitudeDegrees>50.595317</LatitudeDegrees><LongitudeDegrees>3.062594</LongitudeDegrees></Position><AltitudeMeters>49.6</AltitudeMeters><Extensions><TPX xmlns="http://www.garmin.com/xmlschemas/ActivityExtension/v2"><Speed>2.06</Speed></TPX></Extensions></Trackpoint><Trackpoint><Time>2026-03-11T16:52:58+00:00</Time><DistanceMeters>1950.8</DistanceMeters><Position><LatitudeDegrees>50.595325</LatitudeDegrees><LongitudeDegrees>3.062603</LongitudeDegrees></Position><AltitudeMeters>49.6</AltitudeMeters><Extensions><TPX xmlns="http://www.garmin.com/xmlschemas/ActivityExtension/v2"><Speed>1.93</Speed></TPX></Extensions></Trackpoint><Trackpoint><Time>2026-03-11T16:52:59+00:00</Time><DistanceMeters>1952.9</DistanceMeters><Position><LatitudeDegrees>50.595342</LatitudeDegrees><LongitudeDegrees>3.062628</LongitudeDegrees></Position><AltitudeMeters>49.5</AltitudeMeters><Extensions><TPX xmlns="http://www.garmin.com/xmlschemas/ActivityExtension/v2"><Speed>1.91</Speed></TPX></Extensions></Trackpoint><Trackpoint><Time>2026-03-11T16:53:00+00:00</Time><DistanceMeters>1954.9</DistanceMeters><Position><LatitudeDegrees>50.595355</LatitudeDegrees><LongitudeDegrees>3.062639</LongitudeDegrees></Position><AltitudeMeters>49.5</AltitudeMeters><Extensions><TPX xmlns="http://www.garmin.com/xmlschemas/ActivityExtension/v2"><Speed>1.72</Speed></TPX></Extensions></Trackpoint><Trackpoint><Time>2026-03-11T16:53:01+00:00</Time><DistanceMeters>1954.9</DistanceMeters><Position><LatitudeDegrees>50.595367</LatitudeDegrees><LongitudeDegrees>3.062668</LongitudeDegrees></Position><AltitudeMeters>49.5</AltitudeMeters><Extensions><TPX xmlns="http://www.garmin.com/xmlschemas/ActivityExtension/v2"><Speed>1.42</Speed></TPX></Extensions></Trackpoint><Trackpoint><Time>2026-03-11T16:53:02+00:00</Time><DistanceMeters>1958.2</DistanceMeters><Position><LatitudeDegrees>50.595367</LatitudeDegrees><LongitudeDegrees>3.062681</LongitudeDegrees></Position><AltitudeMeters>49.5</AltitudeMeters><Extensions><TPX xmlns="http://www.garmin.com/xmlschemas/ActivityExtension/v2"><Speed>1.78</Speed></TPX></Extensions></Trackpoint><Trackpoint><Time>2026-03-11T16:53:03+00:00</Time><DistanceMeters>1964.4</DistanceMeters><Position><LatitudeDegrees>50.595413</LatitudeDegrees><LongitudeDegrees>3.062727</LongitudeDegrees></Position><AltitudeMeters>49.5</AltitudeMeters><Extensions><TPX xmlns="http://www.garmin.com/xmlschemas/ActivityExtension/v2"><Speed>2.72</Speed></TPX></Extensions></Trackpoint><Trackpoint><Time>2026-03-11T16:53:04+00:00</Time><DistanceMeters>1967.7</DistanceMeters><Position><LatitudeDegrees>50.59544</LatitudeDegrees><LongitudeDegrees>3.062746</LongitudeDegrees></Position><AltitudeMeters>49.4</AltitudeMeters><Extensions><TPX xmlns="http://www.garmin.com/xmlschemas/ActivityExtension/v2"><Speed>2.97</Speed></TPX></Extensions></Trackpoint><Trackpoint><Time>2026-03-11T16:53:05+00:00</Time><DistanceMeters>1970.9</DistanceMeters><Position><LatitudeDegrees>50.595468</LatitudeDegrees><LongitudeDegrees>3.062755</LongitudeDegrees></Position><AltitudeMeters>49.4</AltitudeMeters><Extensions><TPX xmlns="http://www.garmin.com/xmlschemas/ActivityExtension/v2"><Speed>3.2</Speed></TPX></Extensions></Trackpoint><Trackpoint><Time>2026-03-11T16:53:06+00:00</Time><DistanceMeters>1974.7</DistanceMeters><Position><LatitudeDegrees>50.595497</LatitudeDegrees><LongitudeDegrees>3.062784</LongitudeDegrees></Position><AltitudeMeters>49.4</AltitudeMeters><Extensions><TPX xmlns="http://www.garmin.com/xmlschemas/ActivityExtension/v2"><Speed>3.96</Speed></TPX></Extensions></Trackpoint><Trackpoint><Time>2026-03-11T16:53:07+00:00</Time><DistanceMeters>1978.0</DistanceMeters><Position><LatitudeDegrees>50.595525</LatitudeDegrees><LongitudeDegrees>3.062801</LongitudeDegrees></Position><AltitudeMeters>49.4</AltitudeMeters><Extensions><TPX xmlns="http://www.garmin.com/xmlschemas/ActivityExtension/v2"><Speed>3.96</Speed></TPX></Extensions></Trackpoint><Trackpoint><Time>2026-03-11T16:53:08+00:00</Time><DistanceMeters>1981.7</DistanceMeters><Position><LatitudeDegrees>50.595556</LatitudeDegrees><LongitudeDegrees>3.062821</LongitudeDegrees></Position><AltitudeMeters>49.3</AltitudeMeters><Extensions><TPX xmlns="http://www.garmin.com/xmlschemas/ActivityExtension/v2"><Speed>3.46</Speed></TPX></Extensions></Trackpoint><Trackpoint><Time>2026-03-11T16:53:09+00:00</Time><DistanceMeters>1984.8</DistanceMeters><Position><LatitudeDegrees>50.595581</LatitudeDegrees><LongitudeDegrees>3.062838</LongitudeDegrees></Position><AltitudeMeters>49.3</AltitudeMeters><Extensions><TPX xmlns="http://www.garmin.com/xmlschemas/ActivityExtension/v2"><Speed>3.42</Speed></TPX></Extensions></Trackpoint><Trackpoint><Time>2026-03-11T16:53:10+00:00</Time><DistanceMeters>1987.9</DistanceMeters><Position><LatitudeDegrees>50.595609</LatitudeDegrees><LongitudeDegrees>3.062846</LongitudeDegrees></Position><AltitudeMeters>49.2</AltitudeMeters><Extensions><TPX xmlns="http://www.garmin.com/xmlschemas/ActivityExtension/v2"><Speed>3.4</Speed></TPX></Extensions></Trackpoint><Trackpoint><Time>2026-03-11T16:53:11+00:00</Time><DistanceMeters>1991.0</DistanceMeters><Position><LatitudeDegrees>50.595635</LatitudeDegrees><LongitudeDegrees>3.062861</LongitudeDegrees></Position><AltitudeMeters>49.2</AltitudeMeters><Extensions><TPX xmlns="http://www.garmin.com/xmlschemas/ActivityExtension/v2"><Speed>3.26</Speed></TPX></Extensions></Trackpoint><Trackpoint><Time>2026-03-11T16:53:12+00:00</Time><DistanceMeters>1993.6</DistanceMeters><Position><LatitudeDegrees>50.595668</LatitudeDegrees><LongitudeDegrees>3.062878</LongitudeDegrees></Position><AltitudeMeters>49.2</AltitudeMeters><Extensions><TPX xmlns="http://www.garmin.com/xmlschemas/ActivityExtension/v2"><Speed>3.12</Speed></TPX></Extensions></Trackpoint><Trackpoint><Time>2026-03-11T16:53:13+00:00</Time><DistanceMeters>1996.2</DistanceMeters><Position><LatitudeDegrees>50.59568</LatitudeDegrees><LongitudeDegrees>3.062883</LongitudeDegrees></Position><AltitudeMeters>49.2</AltitudeMeters><Extensions><TPX xmlns="http://www.garmin.com/xmlschemas/ActivityExtension/v2"><Speed>2.9</Speed></TPX></Extensions></Trackpoint><Trackpoint><Time>2026-03-11T16:53:14+00:00</Time><DistanceMeters>1998.4</DistanceMeters><Position><LatitudeDegrees>50.595703</LatitudeDegrees><LongitudeDegrees>3.062918</LongitudeDegrees></Position><AltitudeMeters>49.1</AltitudeMeters><Extensions><TPX xmlns="http://www.garmin.com/xmlschemas/ActivityExtension/v2"><Speed>2.72</Speed></TPX></Extensions></Trackpoint><Trackpoint><Time>2026-03-11T16:53:15+00:00</Time><DistanceMeters>2000.6</DistanceMeters><Position><LatitudeDegrees>50.595707</LatitudeDegrees><LongitudeDegrees>3.062928</LongitudeDegrees></Position><AltitudeMeters>49.1</AltitudeMeters><Extensions><TPX xmlns="http://www.garmin.com/xmlschemas/ActivityExtension/v2"><Speed>2.54</Speed></TPX></Extensions></Trackpoint><Trackpoint><Time>2026-03-11T16:53:16+00:00</Time><DistanceMeters>2003.7</DistanceMeters><Position><LatitudeDegrees>50.595734</LatitudeDegrees><LongitudeDegrees>3.062936</LongitudeDegrees></Position><AltitudeMeters>49.1</AltitudeMeters><Extensions><TPX xmlns="http://www.garmin.com/xmlschemas/ActivityExtension/v2"><Speed>2.54</Speed></TPX></Extensions></Trackpoint><Trackpoint><Time>2026-03-11T16:53:17+00:00</Time><DistanceMeters>2006.5</DistanceMeters><Position><LatitudeDegrees>50.595771</LatitudeDegrees><LongitudeDegrees>3.062935</LongitudeDegrees></Position><AltitudeMeters>49.0</AltitudeMeters><Extensions><TPX xmlns="http://www.garmin.com/xmlschemas/ActivityExtension/v2"><Speed>2.57</Speed></TPX></Extensions></Trackpoint><Trackpoint><Time>2026-03-11T16:53:18+00:00</Time><DistanceMeters>2009.2</DistanceMeters><Position><LatitudeDegrees>50.595783</LatitudeDegrees><LongitudeDegrees>3.062933</LongitudeDegrees></Position><AltitudeMeters>49.0</AltitudeMeters><Extensions><TPX xmlns="http://www.garmin.com/xmlschemas/ActivityExtension/v2"><Speed>2.6</Speed></TPX></Extensions></Trackpoint><Trackpoint><Time>2026-03-11T16:53:19+00:00</Time><DistanceMeters>2012.1</DistanceMeters><Position><LatitudeDegrees>50.59582</LatitudeDegrees><LongitudeDegrees>3.062936</LongitudeDegrees></Position><AltitudeMeters>48.9</AltitudeMeters><Extensions><TPX xmlns="http://www.garmin.com/xmlschemas/ActivityExtension/v2"><Speed>2.73</Speed></TPX></Extensions></Trackpoint><Trackpoint><Time>2026-03-11T16:53:20+00:00</Time><DistanceMeters>2014.9</DistanceMeters><Position><LatitudeDegrees>50.595835</LatitudeDegrees><LongitudeDegrees>3.06294</LongitudeDegrees></Position><AltitudeMeters>48.9</AltitudeMeters><Extensions><TPX xmlns="http://www.garmin.com/xmlschemas/ActivityExtension/v2"><Speed>2.86</Speed></TPX></Extensions></Trackpoint><Trackpoint><Time>2026-03-11T16:53:21+00:00</Time><DistanceMeters>2018.2</DistanceMeters><Position><LatitudeDegrees>50.595864</LatitudeDegrees><LongitudeDegrees>3.062941</LongitudeDegrees></Position><AltitudeMeters>48.8</AltitudeMeters><Extensions><TPX xmlns="http://www.garmin.com/xmlschemas/ActivityExtension/v2"><Speed>2.9</Speed></TPX></Extensions></Trackpoint><Trackpoint><Time>2026-03-11T16:53:22+00:00</Time><DistanceMeters>2021.5</DistanceMeters><Position><LatitudeDegrees>50.595894</LatitudeDegrees><LongitudeDegrees>3.062942</LongitudeDegrees></Position><AltitudeMeters>48.8</AltitudeMeters><Extensions><TPX xmlns="http://www.garmin.com/xmlschemas/ActivityExtension/v2"><Speed>3.01</Speed></TPX></Extensions></Trackpoint><Trackpoint><Time>2026-03-11T16:53:23+00:00</Time><DistanceMeters>2024.6</DistanceMeters><Position><LatitudeDegrees>50.595914</LatitudeDegrees><LongitudeDegrees>3.062911</LongitudeDegrees></Position><AltitudeMeters>48.7</AltitudeMeters><Extensions><TPX xmlns="http://www.garmin.com/xmlschemas/ActivityExtension/v2"><Speed>3.08</Speed></TPX></Extensions></Trackpoint><Trackpoint><Time>2026-03-11T16:53:24+00:00</Time><DistanceMeters>2027.5</DistanceMeters><Position><LatitudeDegrees>50.595948</LatitudeDegrees><LongitudeDegrees>3.062879</LongitudeDegrees></Position><AltitudeMeters>48.7</AltitudeMeters><Extensions><TPX xmlns="http://www.garmin.com/xmlschemas/ActivityExtension/v2"><Speed>3.09</Speed></TPX></Extensions></Trackpoint><Trackpoint><Time>2026-03-11T16:53:25+00:00</Time><DistanceMeters>2030.4</DistanceMeters><Position><LatitudeDegrees>50.595959</LatitudeDegrees><LongitudeDegrees>3.062869</LongitudeDegrees></Position><AltitudeMeters>48.6</AltitudeMeters><Extensions><TPX xmlns="http://www.garmin.com/xmlschemas/ActivityExtension/v2"><Speed>3.1</Speed></TPX></Extensions></Trackpoint><Trackpoint><Time>2026-03-11T16:53:26+00:00</Time><DistanceMeters>2032.8</DistanceMeters><Position><LatitudeDegrees>50.595987</LatitudeDegrees><LongitudeDegrees>3.062846</LongitudeDegrees></Position><AltitudeMeters>48.6</AltitudeMeters><Extensions><TPX xmlns="http://www.garmin.com/xmlschemas/ActivityExtension/v2"><Speed>2.92</Speed></TPX></Extensions></Trackpoint><Trackpoint><Time>2026-03-11T16:53:27+00:00</Time><DistanceMeters>2035.2</DistanceMeters><Position><LatitudeDegrees>50.595996</LatitudeDegrees><LongitudeDegrees>3.062834</LongitudeDegrees></Position><AltitudeMeters>48.6</AltitudeMeters><Extensions><TPX xmlns="http://www.garmin.com/xmlschemas/ActivityExtension/v2"><Speed>2.74</Speed></TPX></Extensions></Trackpoint><Trackpoint><Time>2026-03-11T16:53:28+00:00</Time><DistanceMeters>2038.3</DistanceMeters><Position><LatitudeDegrees>50.596022</LatitudeDegrees><LongitudeDegrees>3.06282</LongitudeDegrees></Position><AltitudeMeters>48.5</AltitudeMeters><Extensions><TPX xmlns="http://www.garmin.com/xmlschemas/ActivityExtension/v2"><Speed>2.74</Speed></TPX></Extensions></Trackpoint><Trackpoint><Time>2026-03-11T16:53:29+00:00</Time><DistanceMeters>2040.6</DistanceMeters><Position><LatitudeDegrees>50.596052</LatitudeDegrees><LongitudeDegrees>3.062817</LongitudeDegrees></Position><AltitudeMeters>48.5</AltitudeMeters><Extensions><TPX xmlns="http://www.garmin.com/xmlschemas/ActivityExtension/v2"><Speed>2.61</Speed></TPX></Extensions></Trackpoint><Trackpoint><Time>2026-03-11T16:53:30+00:00</Time><DistanceMeters>2042.8</DistanceMeters><Position><LatitudeDegrees>50.596062</LatitudeDegrees><LongitudeDegrees>3.062815</LongitudeDegrees></Position><AltitudeMeters>48.5</AltitudeMeters><Extensions><TPX xmlns="http://www.garmin.com/xmlschemas/ActivityExtension/v2"><Speed>2.48</Speed></TPX></Extensions></Trackpoint><Trackpoint><Time>2026-03-11T16:53:31+00:00</Time><DistanceMeters>2046.3</DistanceMeters><Position><LatitudeDegrees>50.596091</LatitudeDegrees><LongitudeDegrees>3.062799</LongitudeDegrees></Position><AltitudeMeters>48.4</AltitudeMeters><Extensions><TPX xmlns="http://www.garmin.com/xmlschemas/ActivityExtension/v2"><Speed>2.7</Speed></TPX></Extensions></Trackpoint><Trackpoint><Time>2026-03-11T16:53:32+00:00</Time><DistanceMeters>2048.9</DistanceMeters><Position><LatitudeDegrees>50.596121</LatitudeDegrees><LongitudeDegrees>3.062769</LongitudeDegrees></Position><AltitudeMeters>48.4</AltitudeMeters><Extensions><TPX xmlns="http://www.garmin.com/xmlschemas/ActivityExtension/v2"><Speed>2.74</Speed></TPX></Extensions></Trackpoint><Trackpoint><Time>2026-03-11T16:53:33+00:00</Time><DistanceMeters>2051.5</DistanceMeters><Position><LatitudeDegrees>50.596126</LatitudeDegrees><LongitudeDegrees>3.062748</LongitudeDegrees></Position><AltitudeMeters>48.3</AltitudeMeters><Extensions><TPX xmlns="http://www.garmin.com/xmlschemas/ActivityExtension/v2"><Speed>2.64</Speed></TPX></Extensions></Trackpoint><Trackpoint><Time>2026-03-11T16:53:34+00:00</Time><DistanceMeters>2054.8</DistanceMeters><Position><LatitudeDegrees>50.59614</LatitudeDegrees><LongitudeDegrees>3.062708</LongitudeDegrees></Position><AltitudeMeters>48.3</AltitudeMeters><Extensions><TPX xmlns="http://www.garmin.com/xmlschemas/ActivityExtension/v2"><Speed>2.85</Speed></TPX></Extensions></Trackpoint><Trackpoint><Time>2026-03-11T16:53:35+00:00</Time><DistanceMeters>2057.0</DistanceMeters><Position><LatitudeDegrees>50.596154</LatitudeDegrees><LongitudeDegrees>3.062667</LongitudeDegrees></Position><AltitudeMeters>48.2</AltitudeMeters><Extensions><TPX xmlns="http://www.garmin.com/xmlschemas/ActivityExtension/v2"><Speed>2.83</Speed></TPX></Extensions></Trackpoint><Trackpoint><Time>2026-03-11T16:53:36+00:00</Time><DistanceMeters>2059.1</DistanceMeters><Position><LatitudeDegrees>50.596157</LatitudeDegrees><LongitudeDegrees>3.062652</LongitudeDegrees></Position><AltitudeMeters>48.2</AltitudeMeters><Extensions><TPX xmlns="http://www.garmin.com/xmlschemas/ActivityExtension/v2"><Speed>2.56</Speed></TPX></Extensions></Trackpoint><Trackpoint><Time>2026-03-11T16:53:37+00:00</Time><DistanceMeters>2062.1</DistanceMeters><Position><LatitudeDegrees>50.596185</LatitudeDegrees><LongitudeDegrees>3.062607</LongitudeDegrees></Position><AltitudeMeters>48.1</AltitudeMeters><Extensions><TPX xmlns="http://www.garmin.com/xmlschemas/ActivityExtension/v2"><Speed>2.65</Speed></TPX></Extensions></Trackpoint><Trackpoint><Time>2026-03-11T16:53:38+00:00</Time><DistanceMeters>2065.2</DistanceMeters><Position><LatitudeDegrees>50.596193</LatitudeDegrees><LongitudeDegrees>3.062588</LongitudeDegrees></Position><AltitudeMeters>48.1</AltitudeMeters><Extensions><TPX xmlns="http://www.garmin.com/xmlschemas/ActivityExtension/v2"><Speed>2.74</Speed></TPX></Extensions></Trackpoint><Trackpoint><Time>2026-03-11T16:53:39+00:00</Time><DistanceMeters>2068.0</DistanceMeters><Position><LatitudeDegrees>50.596217</LatitudeDegrees><LongitudeDegrees>3.062547</LongitudeDegrees></Position><AltitudeMeters>48.0</AltitudeMeters><Extensions><TPX xmlns="http://www.garmin.com/xmlschemas/ActivityExtension/v2"><Speed>2.64</Speed></TPX></Extensions></Trackpoint><Trackpoint><Time>2026-03-11T16:53:40+00:00</Time><DistanceMeters>2070.8</DistanceMeters><Position><LatitudeDegrees>50.596225</LatitudeDegrees><LongitudeDegrees>3.062528</LongitudeDegrees></Position><AltitudeMeters>48.0</AltitudeMeters><Extensions><TPX xmlns="http://www.garmin.com/xmlschemas/ActivityExtension/v2"><Speed>2.77</Speed></TPX></Extensions></Trackpoint><Trackpoint><Time>2026-03-11T16:53:41+00:00</Time><DistanceMeters>2073.2</DistanceMeters><Position><LatitudeDegrees>50.596243</LatitudeDegrees><LongitudeDegrees>3.062487</LongitudeDegrees></Position><AltitudeMeters>48.0</AltitudeMeters><Extensions><TPX xmlns="http://www.garmin.com/xmlschemas/ActivityExtension/v2"><Speed>2.81</Speed></TPX></Extensions></Trackpoint><Trackpoint><Time>2026-03-11T16:53:42+00:00</Time><DistanceMeters>2075.5</DistanceMeters><Position><LatitudeDegrees>50.59625</LatitudeDegrees><LongitudeDegrees>3.062474</LongitudeDegrees></Position><AltitudeMeters>47.9</AltitudeMeters><Extensions><TPX xmlns="http://www.garmin.com/xmlschemas/ActivityExtension/v2"><Speed>2.67</Speed></TPX></Extensions></Trackpoint><Trackpoint><Time>2026-03-11T16:53:43+00:00</Time><DistanceMeters>2077.9</DistanceMeters><Position><LatitudeDegrees>50.59627</LatitudeDegrees><LongitudeDegrees>3.062439</LongitudeDegrees></Position><AltitudeMeters>47.9</AltitudeMeters><Extensions><TPX xmlns="http://www.garmin.com/xmlschemas/ActivityExtension/v2"><Speed>2.53</Speed></TPX></Extensions></Trackpoint><Trackpoint><Time>2026-03-11T16:53:44+00:00</Time><DistanceMeters>2080.2</DistanceMeters><Position><LatitudeDegrees>50.596282</LatitudeDegrees><LongitudeDegrees>3.06243</LongitudeDegrees></Position><AltitudeMeters>47.9</AltitudeMeters><Extensions><TPX xmlns="http://www.garmin.com/xmlschemas/ActivityExtension/v2"><Speed>2.44</Speed></TPX></Extensions></Trackpoint><Trackpoint><Time>2026-03-11T16:53:45+00:00</Time><DistanceMeters>2082.3</DistanceMeters><Position><LatitudeDegrees>50.596307</LatitudeDegrees><LongitudeDegrees>3.062416</LongitudeDegrees></Position><AltitudeMeters>47.8</AltitudeMeters><Extensions><TPX xmlns="http://www.garmin.com/xmlschemas/ActivityExtension/v2"><Speed>2.3</Speed></TPX></Extensions></Trackpoint><Trackpoint><Time>2026-03-11T16:53:46+00:00</Time><DistanceMeters>2084.4</DistanceMeters><Position><LatitudeDegrees>50.596317</LatitudeDegrees><LongitudeDegrees>3.062407</LongitudeDegrees></Position><AltitudeMeters>47.8</AltitudeMeters><Extensions><TPX xmlns="http://www.garmin.com/xmlschemas/ActivityExtension/v2"><Speed>2.25</Speed></TPX></Extensions></Trackpoint><Trackpoint><Time>2026-03-11T16:53:47+00:00</Time><DistanceMeters>2087.1</DistanceMeters><Position><LatitudeDegrees>50.596343</LatitudeDegrees><LongitudeDegrees>3.062366</LongitudeDegrees></Position><AltitudeMeters>47.7</AltitudeMeters><Extensions><TPX xmlns="http://www.garmin.com/xmlschemas/ActivityExtension/v2"><Speed>2.31</Speed></TPX></Extensions></Trackpoint><Trackpoint><Time>2026-03-11T16:53:48+00:00</Time><DistanceMeters>2089.7</DistanceMeters><Position><LatitudeDegrees>50.59635</LatitudeDegrees><LongitudeDegrees>3.062353</LongitudeDegrees></Position><AltitudeMeters>47.7</AltitudeMeters><Extensions><TPX xmlns="http://www.garmin.com/xmlschemas/ActivityExtension/v2"><Speed>2.37</Speed></TPX></Extensions></Trackpoint><Trackpoint><Time>2026-03-11T16:53:49+00:00</Time><DistanceMeters>2089.7</DistanceMeters><Position><LatitudeDegrees>50.596358</LatitudeDegrees><LongitudeDegrees>3.062346</LongitudeDegrees></Position><AltitudeMeters>47.7</AltitudeMeters><Extensions><TPX xmlns="http://www.garmin.com/xmlschemas/ActivityExtension/v2"><Speed>1.9</Speed></TPX></Extensions></Trackpoint><Trackpoint><Time>2026-03-11T16:53:50+00:00</Time><DistanceMeters>2093.4</DistanceMeters><Position><LatitudeDegrees>50.596367</LatitudeDegrees><LongitudeDegrees>3.062308</LongitudeDegrees></Position><AltitudeMeters>47.6</AltitudeMeters><Extensions><TPX xmlns="http://www.garmin.com/xmlschemas/ActivityExtension/v2"><Speed>2.22</Speed></TPX></Extensions></Trackpoint><Trackpoint><Time>2026-03-11T16:53:51+00:00</Time><DistanceMeters>2094.8</DistanceMeters><Position><LatitudeDegrees>50.59638</LatitudeDegrees><LongitudeDegrees>3.062291</LongitudeDegrees></Position><AltitudeMeters>47.6</AltitudeMeters><Extensions><TPX xmlns="http://www.garmin.com/xmlschemas/ActivityExtension/v2"><Speed>2.073</Speed></TPX></Extensions></Trackpoint><Trackpoint><Time>2026-03-11T16:53:52+00:00</Time><DistanceMeters>2096.1</DistanceMeters><Position><LatitudeDegrees>50.596385</LatitudeDegrees><LongitudeDegrees>3.062278</LongitudeDegrees></Position><AltitudeMeters>47.6</AltitudeMeters><Extensions><TPX xmlns="http://www.garmin.com/xmlschemas/ActivityExtension/v2"><Speed>1.817</Speed></TPX></Extensions></Trackpoint><Trackpoint><Time>2026-03-11T16:53:53+00:00</Time><DistanceMeters>2097.5</DistanceMeters><Position><LatitudeDegrees>50.596391</LatitudeDegrees><LongitudeDegrees>3.062264</LongitudeDegrees></Position><AltitudeMeters>47.6</AltitudeMeters><Extensions><TPX xmlns="http://www.garmin.com/xmlschemas/ActivityExtension/v2"><Speed>1.56</Speed></TPX></Extensions></Trackpoint><Trackpoint><Time>2026-03-11T16:53:54+00:00</Time><DistanceMeters>2097.5</DistanceMeters><Position><LatitudeDegrees>50.596403</LatitudeDegrees><LongitudeDegrees>3.062252</LongitudeDegrees></Position><AltitudeMeters>47.5</AltitudeMeters><Extensions><TPX xmlns="http://www.garmin.com/xmlschemas/ActivityExtension/v2"><Speed>1.56</Speed></TPX></Extensions></Trackpoint><Trackpoint><Time>2026-03-11T16:53:55+00:00</Time><DistanceMeters>2101.2</DistanceMeters><Position><LatitudeDegrees>50.596422</LatitudeDegrees><LongitudeDegrees>3.062244</LongitudeDegrees></Position><AltitudeMeters>47.5</AltitudeMeters><Extensions><TPX xmlns="http://www.garmin.com/xmlschemas/ActivityExtension/v2"><Speed>1.56</Speed></TPX></Extensions></Trackpoint><Trackpoint><Time>2026-03-11T16:53:56+00:00</Time><DistanceMeters>2104.1</DistanceMeters><Position><LatitudeDegrees>50.596456</LatitudeDegrees><LongitudeDegrees>3.062217</LongitudeDegrees></Position><AltitudeMeters>47.4</AltitudeMeters><Extensions><TPX xmlns="http://www.garmin.com/xmlschemas/ActivityExtension/v2"><Speed>1.877</Speed></TPX></Extensions></Trackpoint><Trackpoint><Time>2026-03-11T16:53:57+00:00</Time><DistanceMeters>2107.1</DistanceMeters><Position><LatitudeDegrees>50.596467</LatitudeDegrees><LongitudeDegrees>3.062202</LongitudeDegrees></Position><AltitudeMeters>47.3</AltitudeMeters><Extensions><TPX xmlns="http://www.garmin.com/xmlschemas/ActivityExtension/v2"><Speed>2.193</Speed></TPX></Extensions></Trackpoint><Trackpoint><Time>2026-03-11T16:53:58+00:00</Time><DistanceMeters>2111.8</DistanceMeters><Position><LatitudeDegrees>50.596507</LatitudeDegrees><LongitudeDegrees>3.06218</LongitudeDegrees></Position><AltitudeMeters>47.2</AltitudeMeters><Extensions><TPX xmlns="http://www.garmin.com/xmlschemas/ActivityExtension/v2"><Speed>2.86</Speed></TPX></Extensions></Trackpoint><Trackpoint><Time>2026-03-11T16:53:59+00:00</Time><DistanceMeters>2114.9</DistanceMeters><Position><LatitudeDegrees>50.596531</LatitudeDegrees><LongitudeDegrees>3.062159</LongitudeDegrees></Position><AltitudeMeters>47.2</AltitudeMeters><Extensions><TPX xmlns="http://www.garmin.com/xmlschemas/ActivityExtension/v2"><Speed>3.48</Speed></TPX></Extensions></Trackpoint><Trackpoint><Time>2026-03-11T16:54:00+00:00</Time><DistanceMeters>2118.0</DistanceMeters><Position><LatitudeDegrees>50.596557</LatitudeDegrees><LongitudeDegrees>3.062142</LongitudeDegrees></Position><AltitudeMeters>47.1</AltitudeMeters><Extensions><TPX xmlns="http://www.garmin.com/xmlschemas/ActivityExtension/v2"><Speed>3.36</Speed></TPX></Extensions></Trackpoint><Trackpoint><Time>2026-03-11T16:54:01+00:00</Time><DistanceMeters>2121.4</DistanceMeters><Position><LatitudeDegrees>50.596588</LatitudeDegrees><LongitudeDegrees>3.062148</LongitudeDegrees></Position><AltitudeMeters>47.0</AltitudeMeters><Extensions><TPX xmlns="http://www.garmin.com/xmlschemas/ActivityExtension/v2"><Speed>3.45</Speed></TPX></Extensions></Trackpoint><Trackpoint><Time>2026-03-11T16:54:02+00:00</Time><DistanceMeters>2124.8</DistanceMeters><Position><LatitudeDegrees>50.596628</LatitudeDegrees><LongitudeDegrees>3.062142</LongitudeDegrees></Position><AltitudeMeters>46.9</AltitudeMeters><Extensions><TPX xmlns="http://www.garmin.com/xmlschemas/ActivityExtension/v2"><Speed>3.53</Speed></TPX></Extensions></Trackpoint><Trackpoint><Time>2026-03-11T16:54:03+00:00</Time><DistanceMeters>2128.1</DistanceMeters><Position><LatitudeDegrees>50.596646</LatitudeDegrees><LongitudeDegrees>3.06213</LongitudeDegrees></Position><AltitudeMeters>46.8</AltitudeMeters><Extensions><TPX xmlns="http://www.garmin.com/xmlschemas/ActivityExtension/v2"><Speed>3.26</Speed></TPX></Extensions></Trackpoint><Trackpoint><Time>2026-03-11T16:54:04+00:00</Time><DistanceMeters>2130.6</DistanceMeters><Position><LatitudeDegrees>50.596682</LatitudeDegrees><LongitudeDegrees>3.062135</LongitudeDegrees></Position><AltitudeMeters>46.7</AltitudeMeters><Extensions><TPX xmlns="http://www.garmin.com/xmlschemas/ActivityExtension/v2"><Speed>3.15</Speed></TPX></Extensions></Trackpoint><Trackpoint><Time>2026-03-11T16:54:05+00:00</Time><DistanceMeters>2133.2</DistanceMeters><Position><LatitudeDegrees>50.596693</LatitudeDegrees><LongitudeDegrees>3.062133</LongitudeDegrees></Position><AltitudeMeters>46.7</AltitudeMeters><Extensions><TPX xmlns="http://www.garmin.com/xmlschemas/ActivityExtension/v2"><Speed>3.04</Speed></TPX></Extensions></Trackpoint><Trackpoint><Time>2026-03-11T16:54:06+00:00</Time><DistanceMeters>2133.2</DistanceMeters><Position><LatitudeDegrees>50.596713</LatitudeDegrees><LongitudeDegrees>3.062144</LongitudeDegrees></Position><AltitudeMeters>46.6</AltitudeMeters><Extensions><TPX xmlns="http://www.garmin.com/xmlschemas/ActivityExtension/v2"><Speed>2.36</Speed></TPX></Extensions></Trackpoint><Trackpoint><Time>2026-03-11T16:54:07+00:00</Time><DistanceMeters>2137.0</DistanceMeters><Position><LatitudeDegrees>50.596726</LatitudeDegrees><LongitudeDegrees>3.062147</LongitudeDegrees></Position><AltitudeMeters>46.6</AltitudeMeters><Extensions><TPX xmlns="http://www.garmin.com/xmlschemas/ActivityExtension/v2"><Speed>2.45</Speed></TPX></Extensions></Trackpoint><Trackpoint><Time>2026-03-11T16:54:08+00:00</Time><DistanceMeters>2141.7</DistanceMeters><Position><LatitudeDegrees>50.596751</LatitudeDegrees><LongitudeDegrees>3.062093</LongitudeDegrees></Position><AltitudeMeters>46.5</AltitudeMeters><Extensions><TPX xmlns="http://www.garmin.com/xmlschemas/ActivityExtension/v2"><Speed>2.72</Speed></TPX></Extensions></Trackpoint><Trackpoint><Time>2026-03-11T16:54:09+00:00</Time><DistanceMeters>2144.3</DistanceMeters><Position><LatitudeDegrees>50.596778</LatitudeDegrees><LongitudeDegrees>3.062061</LongitudeDegrees></Position><AltitudeMeters>46.4</AltitudeMeters><Extensions><TPX xmlns="http://www.garmin.com/xmlschemas/ActivityExtension/v2"><Speed>2.72</Speed></TPX></Extensions></Trackpoint><Trackpoint><Time>2026-03-11T16:54:10+00:00</Time><DistanceMeters>2146.8</DistanceMeters><Position><LatitudeDegrees>50.596791</LatitudeDegrees><LongitudeDegrees>3.06206</LongitudeDegrees></Position><AltitudeMeters>46.4</AltitudeMeters><Extensions><TPX xmlns="http://www.garmin.com/xmlschemas/ActivityExtension/v2"><Speed>2.72</Speed></TPX></Extensions></Trackpoint><Trackpoint><Time>2026-03-11T16:54:11+00:00</Time><DistanceMeters>2150.0</DistanceMeters><Position><LatitudeDegrees>50.596832</LatitudeDegrees><LongitudeDegrees>3.062044</LongitudeDegrees></Position><AltitudeMeters>46.3</AltitudeMeters><Extensions><TPX xmlns="http://www.garmin.com/xmlschemas/ActivityExtension/v2"><Speed>3.36</Speed></TPX></Extensions></Trackpoint><Trackpoint><Time>2026-03-11T16:54:12+00:00</Time><DistanceMeters>2153.2</DistanceMeters><Position><LatitudeDegrees>50.596846</LatitudeDegrees><LongitudeDegrees>3.062036</LongitudeDegrees></Position><AltitudeMeters>46.3</AltitudeMeters><Extensions><TPX xmlns="http://www.garmin.com/xmlschemas/ActivityExtension/v2"><Speed>3.24</Speed></TPX></Extensions></Trackpoint><Trackpoint><Time>2026-03-11T16:54:13+00:00</Time><DistanceMeters>2155.7</DistanceMeters><Position><LatitudeDegrees>50.596877</LatitudeDegrees><LongitudeDegrees>3.062034</LongitudeDegrees></Position><AltitudeMeters>46.2</AltitudeMeters><Extensions><TPX xmlns="http://www.garmin.com/xmlschemas/ActivityExtension/v2"><Speed>2.8</Speed></TPX></Extensions></Trackpoint><Trackpoint><Time>2026-03-11T16:54:14+00:00</Time><DistanceMeters>2158.2</DistanceMeters><Position><LatitudeDegrees>50.596891</LatitudeDegrees><LongitudeDegrees>3.06203</LongitudeDegrees></Position><AltitudeMeters>46.2</AltitudeMeters><Extensions><TPX xmlns="http://www.garmin.com/xmlschemas/ActivityExtension/v2"><Speed>2.79</Speed></TPX></Extensions></Trackpoint><Trackpoint><Time>2026-03-11T16:54:15+00:00</Time><DistanceMeters>2161.9</DistanceMeters><Position><LatitudeDegrees>50.596925</LatitudeDegrees><LongitudeDegrees>3.062029</LongitudeDegrees></Position><AltitudeMeters>46.1</AltitudeMeters><Extensions><TPX xmlns="http://www.garmin.com/xmlschemas/ActivityExtension/v2"><Speed>3.02</Speed></TPX></Extensions></Trackpoint><Trackpoint><Time>2026-03-11T16:54:16+00:00</Time><DistanceMeters>2165.6</DistanceMeters><Position><LatitudeDegrees>50.596958</LatitudeDegrees><LongitudeDegrees>3.062021</LongitudeDegrees></Position><AltitudeMeters>46.0</AltitudeMeters><Extensions><TPX xmlns="http://www.garmin.com/xmlschemas/ActivityExtension/v2"><Speed>3.12</Speed></TPX></Extensions></Trackpoint><Trackpoint><Time>2026-03-11T16:54:17+00:00</Time><DistanceMeters>2169.0</DistanceMeters><Position><LatitudeDegrees>50.596987</LatitudeDegrees><LongitudeDegrees>3.062035</LongitudeDegrees></Position><AltitudeMeters>45.9</AltitudeMeters><Extensions><TPX xmlns="http://www.garmin.com/xmlschemas/ActivityExtension/v2"><Speed>3.16</Speed></TPX></Extensions></Trackpoint><Trackpoint><Time>2026-03-11T16:54:18+00:00</Time><DistanceMeters>2172.1</DistanceMeters><Position><LatitudeDegrees>50.597028</LatitudeDegrees><LongitudeDegrees>3.062035</LongitudeDegrees></Position><AltitudeMeters>45.8</AltitudeMeters><Extensions><TPX xmlns="http://www.garmin.com/xmlschemas/ActivityExtension/v2"><Speed>3.27</Speed></TPX></Extensions></Trackpoint><Trackpoint><Time>2026-03-11T16:54:19+00:00</Time><DistanceMeters>2175.1</DistanceMeters><Position><LatitudeDegrees>50.597042</LatitudeDegrees><LongitudeDegrees>3.062039</LongitudeDegrees></Position><AltitudeMeters>45.8</AltitudeMeters><Extensions><TPX xmlns="http://www.garmin.com/xmlschemas/ActivityExtension/v2"><Speed>3.38</Speed></TPX></Extensions></Trackpoint><Trackpoint><Time>2026-03-11T16:54:20+00:00</Time><DistanceMeters>2178.2</DistanceMeters><Position><LatitudeDegrees>50.597081</LatitudeDegrees><LongitudeDegrees>3.062051</LongitudeDegrees></Position><AltitudeMeters>45.7</AltitudeMeters><Extensions><TPX xmlns="http://www.garmin.com/xmlschemas/ActivityExtension/v2"><Speed>3.26</Speed></TPX></Extensions></Trackpoint><Trackpoint><Time>2026-03-11T16:54:21+00:00</Time><DistanceMeters>2181.3</DistanceMeters><Position><LatitudeDegrees>50.597096</LatitudeDegrees><LongitudeDegrees>3.062057</LongitudeDegrees></Position><AltitudeMeters>45.7</AltitudeMeters><Extensions><TPX xmlns="http://www.garmin.com/xmlschemas/ActivityExtension/v2"><Speed>3.14</Speed></TPX></Extensions></Trackpoint><Trackpoint><Time>2026-03-11T16:54:22+00:00</Time><DistanceMeters>2183.8</DistanceMeters><Position><LatitudeDegrees>50.597127</LatitudeDegrees><LongitudeDegrees>3.062081</LongitudeDegrees></Position><AltitudeMeters>45.6</AltitudeMeters><Extensions><TPX xmlns="http://www.garmin.com/xmlschemas/ActivityExtension/v2"><Speed>2.96</Speed></TPX></Extensions></Trackpoint><Trackpoint><Time>2026-03-11T16:54:23+00:00</Time><DistanceMeters>2186.3</DistanceMeters><Position><LatitudeDegrees>50.597137</LatitudeDegrees><LongitudeDegrees>3.062087</LongitudeDegrees></Position><AltitudeMeters>45.6</AltitudeMeters><Extensions><TPX xmlns="http://www.garmin.com/xmlschemas/ActivityExtension/v2"><Speed>2.85</Speed></TPX></Extensions></Trackpoint><Trackpoint><Time>2026-03-11T16:54:24+00:00</Time><DistanceMeters>2189.0</DistanceMeters><Position><LatitudeDegrees>50.597172</LatitudeDegrees><LongitudeDegrees>3.062101</LongitudeDegrees></Position><AltitudeMeters>45.5</AltitudeMeters><Extensions><TPX xmlns="http://www.garmin.com/xmlschemas/ActivityExtension/v2"><Speed>2.77</Speed></TPX></Extensions></Trackpoint><Trackpoint><Time>2026-03-11T16:54:25+00:00</Time><DistanceMeters>2191.6</DistanceMeters><Position><LatitudeDegrees>50.597182</LatitudeDegrees><LongitudeDegrees>3.06211</LongitudeDegrees></Position><AltitudeMeters>45.5</AltitudeMeters><Extensions><TPX xmlns="http://www.garmin.com/xmlschemas/ActivityExtension/v2"><Speed>2.68</Speed></TPX></Extensions></Trackpoint><Trackpoint><Time>2026-03-11T16:54:26+00:00</Time><DistanceMeters>2194.6</DistanceMeters><Position><LatitudeDegrees>50.597204</LatitudeDegrees><LongitudeDegrees>3.062136</LongitudeDegrees></Position><AltitudeMeters>45.5</AltitudeMeters><Extensions><TPX xmlns="http://www.garmin.com/xmlschemas/ActivityExtension/v2"><Speed>2.66</Speed></TPX></Extensions></Trackpoint><Trackpoint><Time>2026-03-11T16:54:27+00:00</Time><DistanceMeters>2196.8</DistanceMeters><Position><LatitudeDegrees>50.597231</LatitudeDegrees><LongitudeDegrees>3.06215</LongitudeDegrees></Position><AltitudeMeters>45.4</AltitudeMeters><Extensions><TPX xmlns="http://www.garmin.com/xmlschemas/ActivityExtension/v2"><Speed>2.59</Speed></TPX></Extensions></Trackpoint><Trackpoint><Time>2026-03-11T16:54:28+00:00</Time><DistanceMeters>2198.9</DistanceMeters><Position><LatitudeDegrees>50.597239</LatitudeDegrees><LongitudeDegrees>3.062161</LongitudeDegrees></Position><AltitudeMeters>45.4</AltitudeMeters><Extensions><TPX xmlns="http://www.garmin.com/xmlschemas/ActivityExtension/v2"><Speed>2.52</Speed></TPX></Extensions></Trackpoint><Trackpoint><Time>2026-03-11T16:54:29+00:00</Time><DistanceMeters>2201.7</DistanceMeters><Position><LatitudeDegrees>50.597271</LatitudeDegrees><LongitudeDegrees>3.062191</LongitudeDegrees></Position><AltitudeMeters>45.4</AltitudeMeters><Extensions><TPX xmlns="http://www.garmin.com/xmlschemas/ActivityExtension/v2"><Speed>2.54</Speed></TPX></Extensions></Trackpoint><Trackpoint><Time>2026-03-11T16:54:30+00:00</Time><DistanceMeters>2204.4</DistanceMeters><Position><LatitudeDegrees>50.597281</LatitudeDegrees><LongitudeDegrees>3.062199</LongitudeDegrees></Position><AltitudeMeters>45.3</AltitudeMeters><Extensions><TPX xmlns="http://www.garmin.com/xmlschemas/ActivityExtension/v2"><Speed>2.56</Speed></TPX></Extensions></Trackpoint><Trackpoint><Time>2026-03-11T16:54:31+00:00</Time><DistanceMeters>2206.9</DistanceMeters><Position><LatitudeDegrees>50.59731</LatitudeDegrees><LongitudeDegrees>3.062227</LongitudeDegrees></Position><AltitudeMeters>45.3</AltitudeMeters><Extensions><TPX xmlns="http://www.garmin.com/xmlschemas/ActivityExtension/v2"><Speed>2.46</Speed></TPX></Extensions></Trackpoint><Trackpoint><Time>2026-03-11T16:54:32+00:00</Time><DistanceMeters>2209.4</DistanceMeters><Position><LatitudeDegrees>50.597321</LatitudeDegrees><LongitudeDegrees>3.062235</LongitudeDegrees></Position><AltitudeMeters>45.3</AltitudeMeters><Extensions><TPX xmlns="http://www.garmin.com/xmlschemas/ActivityExtension/v2"><Speed>2.53</Speed></TPX></Extensions></Trackpoint><Trackpoint><Time>2026-03-11T16:54:33+00:00</Time><DistanceMeters>2212.4</DistanceMeters><Position><LatitudeDegrees>50.597344</LatitudeDegrees><LongitudeDegrees>3.062257</LongitudeDegrees></Position><AltitudeMeters>45.3</AltitudeMeters><Extensions><TPX xmlns="http://www.garmin.com/xmlschemas/ActivityExtension/v2"><Speed>2.7</Speed></TPX></Extensions></Trackpoint><Trackpoint><Time>2026-03-11T16:54:34+00:00</Time><DistanceMeters>2214.8</DistanceMeters><Position><LatitudeDegrees>50.597368</LatitudeDegrees><LongitudeDegrees>3.062285</LongitudeDegrees></Position><AltitudeMeters>45.2</AltitudeMeters><Extensions><TPX xmlns="http://www.garmin.com/xmlschemas/ActivityExtension/v2"><Speed>2.62</Speed></TPX></Extensions></Trackpoint><Trackpoint><Time>2026-03-11T16:54:35+00:00</Time><DistanceMeters>2217.1</DistanceMeters><Position><LatitudeDegrees>50.597378</LatitudeDegrees><LongitudeDegrees>3.062296</LongitudeDegrees></Position><AltitudeMeters>45.2</AltitudeMeters><Extensions><TPX xmlns="http://www.garmin.com/xmlschemas/ActivityExtension/v2"><Speed>2.54</Speed></TPX></Extensions></Trackpoint><Trackpoint><Time>2026-03-11T16:54:36+00:00</Time><DistanceMeters>2219.9</DistanceMeters><Position><LatitudeDegrees>50.597412</LatitudeDegrees><LongitudeDegrees>3.062322</LongitudeDegrees></Position><AltitudeMeters>45.2</AltitudeMeters><Extensions><TPX xmlns="http://www.garmin.com/xmlschemas/ActivityExtension/v2"><Speed>2.59</Speed></TPX></Extensions></Trackpoint><Trackpoint><Time>2026-03-11T16:54:37+00:00</Time><DistanceMeters>2222.6</DistanceMeters><Position><LatitudeDegrees>50.597422</LatitudeDegrees><LongitudeDegrees>3.062331</LongitudeDegrees></Position><AltitudeMeters>45.2</AltitudeMeters><Extensions><TPX xmlns="http://www.garmin.com/xmlschemas/ActivityExtension/v2"><Speed>2.64</Speed></TPX></Extensions></Trackpoint><Trackpoint><Time>2026-03-11T16:54:38+00:00</Time><DistanceMeters>2224.8</DistanceMeters><Position><LatitudeDegrees>50.597446</LatitudeDegrees><LongitudeDegrees>3.062359</LongitudeDegrees></Position><AltitudeMeters>45.2</AltitudeMeters><Extensions><TPX xmlns="http://www.garmin.com/xmlschemas/ActivityExtension/v2"><Speed>2.48</Speed></TPX></Extensions></Trackpoint><Trackpoint><Time>2026-03-11T16:54:39+00:00</Time><DistanceMeters>2227.0</DistanceMeters><Position><LatitudeDegrees>50.597454</LatitudeDegrees><LongitudeDegrees>3.062367</LongitudeDegrees></Position><AltitudeMeters>45.2</AltitudeMeters><Extensions><TPX xmlns="http://www.garmin.com/xmlschemas/ActivityExtension/v2"><Speed>2.45</Speed></TPX></Extensions></Trackpoint><Trackpoint><Time>2026-03-11T16:54:40+00:00</Time><DistanceMeters>2229.1</DistanceMeters><Position><LatitudeDegrees>50.597468</LatitudeDegrees><LongitudeDegrees>3.062404</LongitudeDegrees></Position><AltitudeMeters>45.2</AltitudeMeters><Extensions><TPX xmlns="http://www.garmin.com/xmlschemas/ActivityExtension/v2"><Speed>2.4</Speed></TPX></Extensions></Trackpoint><Trackpoint><Time>2026-03-11T16:54:41+00:00</Time><DistanceMeters>2231.2</DistanceMeters><Position><LatitudeDegrees>50.597473</LatitudeDegrees><LongitudeDegrees>3.062418</LongitudeDegrees></Position><AltitudeMeters>45.1</AltitudeMeters><Extensions><TPX xmlns="http://www.garmin.com/xmlschemas/ActivityExtension/v2"><Speed>2.27</Speed></TPX></Extensions></Trackpoint><Trackpoint><Time>2026-03-11T16:54:42+00:00</Time><DistanceMeters>2232.5</DistanceMeters><Position><LatitudeDegrees>50.597494</LatitudeDegrees><LongitudeDegrees>3.062429</LongitudeDegrees></Position><AltitudeMeters>45.1</AltitudeMeters><Extensions><TPX xmlns="http://www.garmin.com/xmlschemas/ActivityExtension/v2"><Speed>1.984</Speed></TPX></Extensions></Trackpoint><Trackpoint><Time>2026-03-11T16:54:43+00:00</Time><DistanceMeters>2233.8</DistanceMeters><Position><LatitudeDegrees>50.597503</LatitudeDegrees><LongitudeDegrees>3.06243</LongitudeDegrees></Position><AltitudeMeters>45.1</AltitudeMeters><Extensions><TPX xmlns="http://www.garmin.com/xmlschemas/ActivityExtension/v2"><Speed>1.808</Speed></TPX></Extensions></Trackpoint><Trackpoint><Time>2026-03-11T16:54:44+00:00</Time><DistanceMeters>2235.2</DistanceMeters><Position><LatitudeDegrees>50.597513</LatitudeDegrees><LongitudeDegrees>3.06243</LongitudeDegrees></Position><AltitudeMeters>45.1</AltitudeMeters><Extensions><TPX xmlns="http://www.garmin.com/xmlschemas/ActivityExtension/v2"><Speed>1.632</Speed></TPX></Extensions></Trackpoint><Trackpoint><Time>2026-03-11T16:54:45+00:00</Time><DistanceMeters>2236.5</DistanceMeters><Position><LatitudeDegrees>50.597522</LatitudeDegrees><LongitudeDegrees>3.062431</LongitudeDegrees></Position><AltitudeMeters>45.1</AltitudeMeters><Extensions><TPX xmlns="http://www.garmin.com/xmlschemas/ActivityExtension/v2"><Speed>1.476</Speed></TPX></Extensions></Trackpoint><Trackpoint><Time>2026-03-11T16:54:46+00:00</Time><DistanceMeters>2237.8</DistanceMeters><Position><LatitudeDegrees>50.597532</LatitudeDegrees><LongitudeDegrees>3.062432</LongitudeDegrees></Position><AltitudeMeters>45.1</AltitudeMeters><Extensions><TPX xmlns="http://www.garmin.com/xmlschemas/ActivityExtension/v2"><Speed>1.32</Speed></TPX></Extensions></Trackpoint><Trackpoint><Time>2026-03-11T16:54:47+00:00</Time><DistanceMeters>2241.1</DistanceMeters><Position><LatitudeDegrees>50.597558</LatitudeDegrees><LongitudeDegrees>3.062454</LongitudeDegrees></Position><AltitudeMeters>45.0</AltitudeMeters><Extensions><TPX xmlns="http://www.garmin.com/xmlschemas/ActivityExtension/v2"><Speed>1.716</Speed></TPX></Extensions></Trackpoint><Trackpoint><Time>2026-03-11T16:54:48+00:00</Time><DistanceMeters>2244.1</DistanceMeters><Position><LatitudeDegrees>50.597582</LatitudeDegrees><LongitudeDegrees>3.062476</LongitudeDegrees></Position><AltitudeMeters>44.9</AltitudeMeters><Extensions><TPX xmlns="http://www.garmin.com/xmlschemas/ActivityExtension/v2"><Speed>2.052</Speed></TPX></Extensions></Trackpoint><Trackpoint><Time>2026-03-11T16:54:49+00:00</Time><DistanceMeters>2247.4</DistanceMeters><Position><LatitudeDegrees>50.597608</LatitudeDegrees><LongitudeDegrees>3.062496</LongitudeDegrees></Position><AltitudeMeters>44.9</AltitudeMeters><Extensions><TPX xmlns="http://www.garmin.com/xmlschemas/ActivityExtension/v2"><Speed>2.448</Speed></TPX></Extensions></Trackpoint><Trackpoint><Time>2026-03-11T16:54:51+00:00</Time><DistanceMeters>2250.2</DistanceMeters><Position><LatitudeDegrees>50.59764</LatitudeDegrees><LongitudeDegrees>3.062527</LongitudeDegrees></Position><AltitudeMeters>44.8</AltitudeMeters><Extensions><TPX xmlns="http://www.garmin.com/xmlschemas/ActivityExtension/v2"><Speed>2.48</Speed></TPX></Extensions></Trackpoint><Trackpoint><Time>2026-03-11T16:54:52+00:00</Time><DistanceMeters>2253.0</DistanceMeters><Position><LatitudeDegrees>50.597652</LatitudeDegrees><LongitudeDegrees>3.062536</LongitudeDegrees></Position><AltitudeMeters>44.7</AltitudeMeters><Extensions><TPX xmlns="http://www.garmin.com/xmlschemas/ActivityExtension/v2"><Speed>2.38</Speed></TPX></Extensions></Trackpoint><Trackpoint><Time>2026-03-11T16:54:53+00:00</Time><DistanceMeters>2255.8</DistanceMeters><Position><LatitudeDegrees>50.597679</LatitudeDegrees><LongitudeDegrees>3.062573</LongitudeDegrees></Position><AltitudeMeters>44.6</AltitudeMeters><Extensions><TPX xmlns="http://www.garmin.com/xmlschemas/ActivityExtension/v2"><Speed>2.34</Speed></TPX></Extensions></Trackpoint><Trackpoint><Time>2026-03-11T16:54:54+00:00</Time><DistanceMeters>2258.6</DistanceMeters><Position><LatitudeDegrees>50.597691</LatitudeDegrees><LongitudeDegrees>3.062585</LongitudeDegrees></Position><AltitudeMeters>44.6</AltitudeMeters><Extensions><TPX xmlns="http://www.garmin.com/xmlschemas/ActivityExtension/v2"><Speed>2.24</Speed></TPX></Extensions></Trackpoint><Trackpoint><Time>2026-03-11T16:54:55+00:00</Time><DistanceMeters>2261.5</DistanceMeters><Position><LatitudeDegrees>50.597724</LatitudeDegrees><LongitudeDegrees>3.062613</LongitudeDegrees></Position><AltitudeMeters>44.5</AltitudeMeters><Extensions><TPX xmlns="http://www.garmin.com/xmlschemas/ActivityExtension/v2"><Speed>2.342</Speed></TPX></Extensions></Trackpoint><Trackpoint><Time>2026-03-11T16:54:56+00:00</Time><DistanceMeters>2264.3</DistanceMeters><Position><LatitudeDegrees>50.597736</LatitudeDegrees><LongitudeDegrees>3.062622</LongitudeDegrees></Position><AltitudeMeters>44.4</AltitudeMeters><Extensions><TPX xmlns="http://www.garmin.com/xmlschemas/ActivityExtension/v2"><Speed>2.82</Speed></TPX></Extensions></Trackpoint><Trackpoint><Time>2026-03-11T16:54:57+00:00</Time><DistanceMeters>2267.4</DistanceMeters><Position><LatitudeDegrees>50.597763</LatitudeDegrees><LongitudeDegrees>3.062633</LongitudeDegrees></Position><AltitudeMeters>44.4</AltitudeMeters><Extensions><TPX xmlns="http://www.garmin.com/xmlschemas/ActivityExtension/v2"><Speed>2.88</Speed></TPX></Extensions></Trackpoint><Trackpoint><Time>2026-03-11T16:54:58+00:00</Time><DistanceMeters>2270.3</DistanceMeters><Position><LatitudeDegrees>50.597794</LatitudeDegrees><LongitudeDegrees>3.062669</LongitudeDegrees></Position><AltitudeMeters>44.2</AltitudeMeters><Extensions><TPX xmlns="http://www.garmin.com/xmlschemas/ActivityExtension/v2"><Speed>2.89</Speed></TPX></Extensions></Trackpoint><Trackpoint><Time>2026-03-11T16:54:59+00:00</Time><DistanceMeters>2273.1</DistanceMeters><Position><LatitudeDegrees>50.597803</LatitudeDegrees><LongitudeDegrees>3.062684</LongitudeDegrees></Position><AltitudeMeters>44.2</AltitudeMeters><Extensions><TPX xmlns="http://www.garmin.com/xmlschemas/ActivityExtension/v2"><Speed>2.9</Speed></TPX></Extensions></Trackpoint><Trackpoint><Time>2026-03-11T16:55:00+00:00</Time><DistanceMeters>2275.4</DistanceMeters><Position><LatitudeDegrees>50.597831</LatitudeDegrees><LongitudeDegrees>3.062706</LongitudeDegrees></Position><AltitudeMeters>44.1</AltitudeMeters><Extensions><TPX xmlns="http://www.garmin.com/xmlschemas/ActivityExtension/v2"><Speed>2.78</Speed></TPX></Extensions></Trackpoint><Trackpoint><Time>2026-03-11T16:55:01+00:00</Time><DistanceMeters>2277.6</DistanceMeters><Position><LatitudeDegrees>50.597838</LatitudeDegrees><LongitudeDegrees>3.062715</LongitudeDegrees></Position><AltitudeMeters>44.1</AltitudeMeters><Extensions><TPX xmlns="http://www.garmin.com/xmlschemas/ActivityExtension/v2"><Speed>2.66</Speed></TPX></Extensions></Trackpoint><Trackpoint><Time>2026-03-11T16:55:02+00:00</Time><DistanceMeters>2280.1</DistanceMeters><Position><LatitudeDegrees>50.597866</LatitudeDegrees><LongitudeDegrees>3.062749</LongitudeDegrees></Position><AltitudeMeters>44.0</AltitudeMeters><Extensions><TPX xmlns="http://www.garmin.com/xmlschemas/ActivityExtension/v2"><Speed>2.55</Speed></TPX></Extensions></Trackpoint><Trackpoint><Time>2026-03-11T16:55:03+00:00</Time><DistanceMeters>2282.7</DistanceMeters><Position><LatitudeDegrees>50.597874</LatitudeDegrees><LongitudeDegrees>3.062759</LongitudeDegrees></Position><AltitudeMeters>43.9</AltitudeMeters><Extensions><TPX xmlns="http://www.garmin.com/xmlschemas/ActivityExtension/v2"><Speed>2.49</Speed></TPX></Extensions></Trackpoint><Trackpoint><Time>2026-03-11T16:55:04+00:00</Time><DistanceMeters>2285.3</DistanceMeters><Position><LatitudeDegrees>50.597904</LatitudeDegrees><LongitudeDegrees>3.062789</LongitudeDegrees></Position><AltitudeMeters>43.8</AltitudeMeters><Extensions><TPX xmlns="http://www.garmin.com/xmlschemas/ActivityExtension/v2"><Speed>2.43</Speed></TPX></Extensions></Trackpoint><Trackpoint><Time>2026-03-11T16:55:05+00:00</Time><DistanceMeters>2287.8</DistanceMeters><Position><LatitudeDegrees>50.597912</LatitudeDegrees><LongitudeDegrees>3.062802</LongitudeDegrees></Position><AltitudeMeters>43.8</AltitudeMeters><Extensions><TPX xmlns="http://www.garmin.com/xmlschemas/ActivityExtension/v2"><Speed>2.49</Speed></TPX></Extensions></Trackpoint><Trackpoint><Time>2026-03-11T16:55:06+00:00</Time><DistanceMeters>2293.7</DistanceMeters><Position><LatitudeDegrees>50.597955</LatitudeDegrees><LongitudeDegrees>3.06285</LongitudeDegrees></Position><AltitudeMeters>43.6</AltitudeMeters><Extensions><TPX xmlns="http://www.garmin.com/xmlschemas/ActivityExtension/v2"><Speed>3.22</Speed></TPX></Extensions></Trackpoint><Trackpoint><Time>2026-03-11T16:55:07+00:00</Time><DistanceMeters>2295.9</DistanceMeters><Position><LatitudeDegrees>50.597981</LatitudeDegrees><LongitudeDegrees>3.062874</LongitudeDegrees></Position><AltitudeMeters>43.5</AltitudeMeters><Extensions><TPX xmlns="http://www.garmin.com/xmlschemas/ActivityExtension/v2"><Speed>3.15</Speed></TPX></Extensions></Trackpoint><Trackpoint><Time>2026-03-11T16:55:08+00:00</Time><DistanceMeters>2298.1</DistanceMeters><Position><LatitudeDegrees>50.59799</LatitudeDegrees><LongitudeDegrees>3.062879</LongitudeDegrees></Position><AltitudeMeters>43.5</AltitudeMeters><Extensions><TPX xmlns="http://www.garmin.com/xmlschemas/ActivityExtension/v2"><Speed>3.08</Speed></TPX></Extensions></Trackpoint><Trackpoint><Time>2026-03-11T16:55:09+00:00</Time><DistanceMeters>2300.6</DistanceMeters><Position><LatitudeDegrees>50.59802</LatitudeDegrees><LongitudeDegrees>3.062901</LongitudeDegrees></Position><AltitudeMeters>43.4</AltitudeMeters><Extensions><TPX xmlns="http://www.garmin.com/xmlschemas/ActivityExtension/v2"><Speed>3.07</Speed></TPX></Extensions></Trackpoint><Trackpoint><Time>2026-03-11T16:55:10+00:00</Time><DistanceMeters>2303.1</DistanceMeters><Position><LatitudeDegrees>50.598028</LatitudeDegrees><LongitudeDegrees>3.062917</LongitudeDegrees></Position><AltitudeMeters>43.4</AltitudeMeters><Extensions><TPX xmlns="http://www.garmin.com/xmlschemas/ActivityExtension/v2"><Speed>3.06</Speed></TPX></Extensions></Trackpoint><Trackpoint><Time>2026-03-11T16:55:11+00:00</Time><DistanceMeters>2305.5</DistanceMeters><Position><LatitudeDegrees>50.598054</LatitudeDegrees><LongitudeDegrees>3.062937</LongitudeDegrees></Position><AltitudeMeters>43.3</AltitudeMeters><Extensions><TPX xmlns="http://www.garmin.com/xmlschemas/ActivityExtension/v2"><Speed>2.35</Speed></TPX></Extensions></Trackpoint><Trackpoint><Time>2026-03-11T16:55:12+00:00</Time><DistanceMeters>2307.8</DistanceMeters><Position><LatitudeDegrees>50.598065</LatitudeDegrees><LongitudeDegrees>3.062949</LongitudeDegrees></Position><AltitudeMeters>43.3</AltitudeMeters><Extensions><TPX xmlns="http://www.garmin.com/xmlschemas/ActivityExtension/v2"><Speed>2.38</Speed></TPX></Extensions></Trackpoint><Trackpoint><Time>2026-03-11T16:55:13+00:00</Time><DistanceMeters>2310.6</DistanceMeters><Position><LatitudeDegrees>50.598096</LatitudeDegrees><LongitudeDegrees>3.06298</LongitudeDegrees></Position><AltitudeMeters>43.2</AltitudeMeters><Extensions><TPX xmlns="http://www.garmin.com/xmlschemas/ActivityExtension/v2"><Speed>2.5</Speed></TPX></Extensions></Trackpoint><Trackpoint><Time>2026-03-11T16:55:14+00:00</Time><DistanceMeters>2313.4</DistanceMeters><Position><LatitudeDegrees>50.598108</LatitudeDegrees><LongitudeDegrees>3.06299</LongitudeDegrees></Position><AltitudeMeters>43.2</AltitudeMeters><Extensions><TPX xmlns="http://www.garmin.com/xmlschemas/ActivityExtension/v2"><Speed>2.56</Speed></TPX></Extensions></Trackpoint><Trackpoint><Time>2026-03-11T16:55:15+00:00</Time><DistanceMeters>2315.6</DistanceMeters><Position><LatitudeDegrees>50.598134</LatitudeDegrees><LongitudeDegrees>3.063013</LongitudeDegrees></Position><AltitudeMeters>43.1</AltitudeMeters><Extensions><TPX xmlns="http://www.garmin.com/xmlschemas/ActivityExtension/v2"><Speed>2.5</Speed></TPX></Extensions></Trackpoint><Trackpoint><Time>2026-03-11T16:55:16+00:00</Time><DistanceMeters>2317.8</DistanceMeters><Position><LatitudeDegrees>50.598142</LatitudeDegrees><LongitudeDegrees>3.063022</LongitudeDegrees></Position><AltitudeMeters>43.1</AltitudeMeters><Extensions><TPX xmlns="http://www.garmin.com/xmlschemas/ActivityExtension/v2"><Speed>2.47</Speed></TPX></Extensions></Trackpoint><Trackpoint><Time>2026-03-11T16:55:17+00:00</Time><DistanceMeters>2321.0</DistanceMeters><Position><LatitudeDegrees>50.598164</LatitudeDegrees><LongitudeDegrees>3.06305</LongitudeDegrees></Position><AltitudeMeters>43.0</AltitudeMeters><Extensions><TPX xmlns="http://www.garmin.com/xmlschemas/ActivityExtension/v2"><Speed>2.64</Speed></TPX></Extensions></Trackpoint><Trackpoint><Time>2026-03-11T16:55:18+00:00</Time><DistanceMeters>2323.5</DistanceMeters><Position><LatitudeDegrees>50.598192</LatitudeDegrees><LongitudeDegrees>3.063082</LongitudeDegrees></Position><AltitudeMeters>42.9</AltitudeMeters><Extensions><TPX xmlns="http://www.garmin.com/xmlschemas/ActivityExtension/v2"><Speed>2.58</Speed></TPX></Extensions></Trackpoint><Trackpoint><Time>2026-03-11T16:55:19+00:00</Time><DistanceMeters>2326.0</DistanceMeters><Position><LatitudeDegrees>50.5982</LatitudeDegrees><LongitudeDegrees>3.063093</LongitudeDegrees></Position><AltitudeMeters>42.9</AltitudeMeters><Extensions><TPX xmlns="http://www.garmin.com/xmlschemas/ActivityExtension/v2"><Speed>2.52</Speed></TPX></Extensions></Trackpoint><Trackpoint><Time>2026-03-11T16:55:20+00:00</Time><DistanceMeters>2329.1</DistanceMeters><Position><LatitudeDegrees>50.59822</LatitudeDegrees><LongitudeDegrees>3.063123</LongitudeDegrees></Position><AltitudeMeters>42.9</AltitudeMeters><Extensions><TPX xmlns="http://www.garmin.com/xmlschemas/ActivityExtension/v2"><Speed>2.7</Speed></TPX></Extensions></Trackpoint><Trackpoint><Time>2026-03-11T16:55:21+00:00</Time><DistanceMeters>2331.6</DistanceMeters><Position><LatitudeDegrees>50.598253</LatitudeDegrees><LongitudeDegrees>3.063145</LongitudeDegrees></Position><AltitudeMeters>42.8</AltitudeMeters><Extensions><TPX xmlns="http://www.garmin.com/xmlschemas/ActivityExtension/v2"><Speed>2.76</Speed></TPX></Extensions></Trackpoint><Trackpoint><Time>2026-03-11T16:55:22+00:00</Time><DistanceMeters>2334.1</DistanceMeters><Position><LatitudeDegrees>50.598263</LatitudeDegrees><LongitudeDegrees>3.063146</LongitudeDegrees></Position><AltitudeMeters>42.8</AltitudeMeters><Extensions><TPX xmlns="http://www.garmin.com/xmlschemas/ActivityExtension/v2"><Speed>2.62</Speed></TPX></Extensions></Trackpoint><Trackpoint><Time>2026-03-11T16:55:23+00:00</Time><DistanceMeters>2336.4</DistanceMeters><Position><LatitudeDegrees>50.59829</LatitudeDegrees><LongitudeDegrees>3.063166</LongitudeDegrees></Position><AltitudeMeters>42.7</AltitudeMeters><Extensions><TPX xmlns="http://www.garmin.com/xmlschemas/ActivityExtension/v2"><Speed>2.57</Speed></TPX></Extensions></Trackpoint><Trackpoint><Time>2026-03-11T16:55:24+00:00</Time><DistanceMeters>2338.6</DistanceMeters><Position><LatitudeDegrees>50.598297</LatitudeDegrees><LongitudeDegrees>3.063181</LongitudeDegrees></Position><AltitudeMeters>42.7</AltitudeMeters><Extensions><TPX xmlns="http://www.garmin.com/xmlschemas/ActivityExtension/v2"><Speed>2.52</Speed></TPX></Extensions></Trackpoint><Trackpoint><Time>2026-03-11T16:55:25+00:00</Time><DistanceMeters>2341.6</DistanceMeters><Position><LatitudeDegrees>50.598327</LatitudeDegrees><LongitudeDegrees>3.063211</LongitudeDegrees></Position><AltitudeMeters>42.6</AltitudeMeters><Extensions><TPX xmlns="http://www.garmin.com/xmlschemas/ActivityExtension/v2"><Speed>2.49</Speed></TPX></Extensions></Trackpoint><Trackpoint><Time>2026-03-11T16:55:26+00:00</Time><DistanceMeters>2344.5</DistanceMeters><Position><LatitudeDegrees>50.598341</LatitudeDegrees><LongitudeDegrees>3.063226</LongitudeDegrees></Position><AltitudeMeters>42.6</AltitudeMeters><Extensions><TPX xmlns="http://www.garmin.com/xmlschemas/ActivityExtension/v2"><Speed>2.58</Speed></TPX></Extensions></Trackpoint><Trackpoint><Time>2026-03-11T16:55:27+00:00</Time><DistanceMeters>2347.2</DistanceMeters><Position><LatitudeDegrees>50.598372</LatitudeDegrees><LongitudeDegrees>3.063255</LongitudeDegrees></Position><AltitudeMeters>42.5</AltitudeMeters><Extensions><TPX xmlns="http://www.garmin.com/xmlschemas/ActivityExtension/v2"><Speed>2.62</Speed></TPX></Extensions></Trackpoint><Trackpoint><Time>2026-03-11T16:55:28+00:00</Time><DistanceMeters>2349.9</DistanceMeters><Position><LatitudeDegrees>50.598382</LatitudeDegrees><LongitudeDegrees>3.063267</LongitudeDegrees></Position><AltitudeMeters>42.5</AltitudeMeters><Extensions><TPX xmlns="http://www.garmin.com/xmlschemas/ActivityExtension/v2"><Speed>2.71</Speed></TPX></Extensions></Trackpoint><Trackpoint><Time>2026-03-11T16:55:29+00:00</Time><DistanceMeters>2352.2</DistanceMeters><Position><LatitudeDegrees>50.598408</LatitudeDegrees><LongitudeDegrees>3.063292</LongitudeDegrees></Position><AltitudeMeters>42.4</AltitudeMeters><Extensions><TPX xmlns="http://www.garmin.com/xmlschemas/ActivityExtension/v2"><Speed>2.72</Speed></TPX></Extensions></Trackpoint><Trackpoint><Time>2026-03-11T16:55:30+00:00</Time><DistanceMeters>2354.5</DistanceMeters><Position><LatitudeDegrees>50.598417</LatitudeDegrees><LongitudeDegrees>3.0633</LongitudeDegrees></Position><AltitudeMeters>42.4</AltitudeMeters><Extensions><TPX xmlns="http://www.garmin.com/xmlschemas/ActivityExtension/v2"><Speed>2.59</Speed></TPX></Extensions></Trackpoint><Trackpoint><Time>2026-03-11T16:55:31+00:00</Time><DistanceMeters>2357.1</DistanceMeters><Position><LatitudeDegrees>50.598446</LatitudeDegrees><LongitudeDegrees>3.063331</LongitudeDegrees></Position><AltitudeMeters>42.3</AltitudeMeters><Extensions><TPX xmlns="http://www.garmin.com/xmlschemas/ActivityExtension/v2"><Speed>2.52</Speed></TPX></Extensions></Trackpoint><Trackpoint><Time>2026-03-11T16:55:32+00:00</Time><DistanceMeters>2359.7</DistanceMeters><Position><LatitudeDegrees>50.598456</LatitudeDegrees><LongitudeDegrees>3.063343</LongitudeDegrees></Position><AltitudeMeters>42.3</AltitudeMeters><Extensions><TPX xmlns="http://www.garmin.com/xmlschemas/ActivityExtension/v2"><Speed>2.5</Speed></TPX></Extensions></Trackpoint><Trackpoint><Time>2026-03-11T16:55:33+00:00</Time><DistanceMeters>2362.6</DistanceMeters><Position><LatitudeDegrees>50.598492</LatitudeDegrees><LongitudeDegrees>3.06336</LongitudeDegrees></Position><AltitudeMeters>42.2</AltitudeMeters><Extensions><TPX xmlns="http://www.garmin.com/xmlschemas/ActivityExtension/v2"><Speed>2.53</Speed></TPX></Extensions></Trackpoint><Trackpoint><Time>2026-03-11T16:55:34+00:00</Time><DistanceMeters>2365.4</DistanceMeters><Position><LatitudeDegrees>50.598506</LatitudeDegrees><LongitudeDegrees>3.063361</LongitudeDegrees></Position><AltitudeMeters>42.2</AltitudeMeters><Extensions><TPX xmlns="http://www.garmin.com/xmlschemas/ActivityExtension/v2"><Speed>2.64</Speed></TPX></Extensions></Trackpoint><Trackpoint><Time>2026-03-11T16:55:35+00:00</Time><DistanceMeters>2368.7</DistanceMeters><Position><LatitudeDegrees>50.598535</LatitudeDegrees><LongitudeDegrees>3.06337</LongitudeDegrees></Position><AltitudeMeters>42.1</AltitudeMeters><Extensions><TPX xmlns="http://www.garmin.com/xmlschemas/ActivityExtension/v2"><Speed>2.84</Speed></TPX></Extensions></Trackpoint><Trackpoint><Time>2026-03-11T16:55:36+00:00</Time><DistanceMeters>2371.7</DistanceMeters><Position><LatitudeDegrees>50.598562</LatitudeDegrees><LongitudeDegrees>3.063374</LongitudeDegrees></Position><AltitudeMeters>42.1</AltitudeMeters><Extensions><TPX xmlns="http://www.garmin.com/xmlschemas/ActivityExtension/v2"><Speed>2.92</Speed></TPX></Extensions></Trackpoint><Trackpoint><Time>2026-03-11T16:55:37+00:00</Time><DistanceMeters>2374.6</DistanceMeters><Position><LatitudeDegrees>50.5986</LatitudeDegrees><LongitudeDegrees>3.063381</LongitudeDegrees></Position><AltitudeMeters>42.0</AltitudeMeters><Extensions><TPX xmlns="http://www.garmin.com/xmlschemas/ActivityExtension/v2"><Speed>2.98</Speed></TPX></Extensions></Trackpoint><Trackpoint><Time>2026-03-11T16:55:38+00:00</Time><DistanceMeters>2377.5</DistanceMeters><Position><LatitudeDegrees>50.598613</LatitudeDegrees><LongitudeDegrees>3.063379</LongitudeDegrees></Position><AltitudeMeters>42.0</AltitudeMeters><Extensions><TPX xmlns="http://www.garmin.com/xmlschemas/ActivityExtension/v2"><Speed>2.99</Speed></TPX></Extensions></Trackpoint><Trackpoint><Time>2026-03-11T16:55:39+00:00</Time><DistanceMeters>2380.2</DistanceMeters><Position><LatitudeDegrees>50.598649</LatitudeDegrees><LongitudeDegrees>3.063373</LongitudeDegrees></Position><AltitudeMeters>42.0</AltitudeMeters><Extensions><TPX xmlns="http://www.garmin.com/xmlschemas/ActivityExtension/v2"><Speed>2.96</Speed></TPX></Extensions></Trackpoint><Trackpoint><Time>2026-03-11T16:55:40+00:00</Time><DistanceMeters>2382.9</DistanceMeters><Position><LatitudeDegrees>50.598661</LatitudeDegrees><LongitudeDegrees>3.063364</LongitudeDegrees></Position><AltitudeMeters>42.0</AltitudeMeters><Extensions><TPX xmlns="http://www.garmin.com/xmlschemas/ActivityExtension/v2"><Speed>2.84</Speed></TPX></Extensions></Trackpoint><Trackpoint><Time>2026-03-11T16:55:41+00:00</Time><DistanceMeters>2386.9</DistanceMeters><Position><LatitudeDegrees>50.598689</LatitudeDegrees><LongitudeDegrees>3.06333</LongitudeDegrees></Position><AltitudeMeters>42.0</AltitudeMeters><Extensions><TPX xmlns="http://www.garmin.com/xmlschemas/ActivityExtension/v2"><Speed>3.04</Speed></TPX></Extensions></Trackpoint><Trackpoint><Time>2026-03-11T16:55:42+00:00</Time><DistanceMeters>2386.9</DistanceMeters><Position><LatitudeDegrees>50.598706</LatitudeDegrees><LongitudeDegrees>3.063313</LongitudeDegrees></Position><AltitudeMeters>42.0</AltitudeMeters><Extensions><TPX xmlns="http://www.garmin.com/xmlschemas/ActivityExtension/v2"><Speed>2.46</Speed></TPX></Extensions></Trackpoint><Trackpoint><Time>2026-03-11T16:55:43+00:00</Time><DistanceMeters>2390.7</DistanceMeters><Position><LatitudeDegrees>50.598714</LatitudeDegrees><LongitudeDegrees>3.063292</LongitudeDegrees></Position><AltitudeMeters>42.0</AltitudeMeters><Extensions><TPX xmlns="http://www.garmin.com/xmlschemas/ActivityExtension/v2"><Speed>2.64</Speed></TPX></Extensions></Trackpoint><Trackpoint><Time>2026-03-11T16:55:44+00:00</Time><DistanceMeters>2390.7</DistanceMeters><Position><LatitudeDegrees>50.59871</LatitudeDegrees><LongitudeDegrees>3.063266</LongitudeDegrees></Position><AltitudeMeters>42.0</AltitudeMeters><Extensions><TPX xmlns="http://www.garmin.com/xmlschemas/ActivityExtension/v2"><Speed>2.1</Speed></TPX></Extensions></Trackpoint><Trackpoint><Time>2026-03-11T16:55:45+00:00</Time><DistanceMeters>2390.7</DistanceMeters><Position><LatitudeDegrees>50.598711</LatitudeDegrees><LongitudeDegrees>3.063262</LongitudeDegrees></Position><AltitudeMeters>42.0</AltitudeMeters><Extensions><TPX xmlns="http://www.garmin.com/xmlschemas/ActivityExtension/v2"><Speed>1.56</Speed></TPX></Extensions></Trackpoint><Trackpoint><Time>2026-03-11T16:55:46+00:00</Time><DistanceMeters>2394.7</DistanceMeters><Position><LatitudeDegrees>50.598707</LatitudeDegrees><LongitudeDegrees>3.063236</LongitudeDegrees></Position><AltitudeMeters>42.0</AltitudeMeters><Extensions><TPX xmlns="http://www.garmin.com/xmlschemas/ActivityExtension/v2"><Speed>1.56</Speed></TPX></Extensions></Trackpoint><Trackpoint><Time>2026-03-11T16:55:47+00:00</Time><DistanceMeters>2397.1</DistanceMeters><Position><LatitudeDegrees>50.59871</LatitudeDegrees><LongitudeDegrees>3.063188</LongitudeDegrees></Position><AltitudeMeters>42.0</AltitudeMeters><Extensions><TPX xmlns="http://www.garmin.com/xmlschemas/ActivityExtension/v2"><Speed>2.05</Speed></TPX></Extensions></Trackpoint><Trackpoint><Time>2026-03-11T16:55:48+00:00</Time><DistanceMeters>2399.6</DistanceMeters><Position><LatitudeDegrees>50.598712</LatitudeDegrees><LongitudeDegrees>3.063168</LongitudeDegrees></Position><AltitudeMeters>42.0</AltitudeMeters><Extensions><TPX xmlns="http://www.garmin.com/xmlschemas/ActivityExtension/v2"><Speed>1.78</Speed></TPX></Extensions></Trackpoint><Trackpoint><Time>2026-03-11T16:55:49+00:00</Time><DistanceMeters>2399.6</DistanceMeters><Position><LatitudeDegrees>50.598712</LatitudeDegrees><LongitudeDegrees>3.063149</LongitudeDegrees></Position><AltitudeMeters>42.1</AltitudeMeters><Extensions><TPX xmlns="http://www.garmin.com/xmlschemas/ActivityExtension/v2"><Speed>1.78</Speed></TPX></Extensions></Trackpoint><Trackpoint><Time>2026-03-11T16:55:50+00:00</Time><DistanceMeters>2403.2</DistanceMeters><Position><LatitudeDegrees>50.598712</LatitudeDegrees><LongitudeDegrees>3.063118</LongitudeDegrees></Position><AltitudeMeters>42.1</AltitudeMeters><Extensions><TPX xmlns="http://www.garmin.com/xmlschemas/ActivityExtension/v2"><Speed>2.5</Speed></TPX></Extensions></Trackpoint><Trackpoint><Time>2026-03-11T16:55:51+00:00</Time><DistanceMeters>2403.2</DistanceMeters><Position><LatitudeDegrees>50.598711</LatitudeDegrees><LongitudeDegrees>3.063093</LongitudeDegrees></Position><AltitudeMeters>42.1</AltitudeMeters><Extensions><TPX xmlns="http://www.garmin.com/xmlschemas/ActivityExtension/v2"><Speed>1.7</Speed></TPX></Extensions></Trackpoint><Trackpoint><Time>2026-03-11T16:55:52+00:00</Time><DistanceMeters>2406.6</DistanceMeters><Position><LatitudeDegrees>50.598711</LatitudeDegrees><LongitudeDegrees>3.063068</LongitudeDegrees></Position><AltitudeMeters>42.1</AltitudeMeters><Extensions><TPX xmlns="http://www.garmin.com/xmlschemas/ActivityExtension/v2"><Speed>1.89</Speed></TPX></Extensions></Trackpoint><Trackpoint><Time>2026-03-11T16:55:53+00:00</Time><DistanceMeters>2406.6</DistanceMeters><Position><LatitudeDegrees>50.598711</LatitudeDegrees><LongitudeDegrees>3.06304</LongitudeDegrees></Position><AltitudeMeters>42.1</AltitudeMeters><Extensions><TPX xmlns="http://www.garmin.com/xmlschemas/ActivityExtension/v2"><Speed>1.4</Speed></TPX></Extensions></Trackpoint><Trackpoint><Time>2026-03-11T16:55:54+00:00</Time><DistanceMeters>2410.6</DistanceMeters><Position><LatitudeDegrees>50.598712</LatitudeDegrees><LongitudeDegrees>3.063013</LongitudeDegrees></Position><AltitudeMeters>42.1</AltitudeMeters><Extensions><TPX xmlns="http://www.garmin.com/xmlschemas/ActivityExtension/v2"><Speed>2.2</Speed></TPX></Extensions></Trackpoint><Trackpoint><Time>2026-03-11T16:55:55+00:00</Time><DistanceMeters>2410.6</DistanceMeters><Position><LatitudeDegrees>50.598714</LatitudeDegrees><LongitudeDegrees>3.062985</LongitudeDegrees></Position><AltitudeMeters>42.1</AltitudeMeters><Extensions><TPX xmlns="http://www.garmin.com/xmlschemas/ActivityExtension/v2"><Speed>1.48</Speed></TPX></Extensions></Trackpoint><Trackpoint><Time>2026-03-11T16:55:56+00:00</Time><DistanceMeters>2414.5</DistanceMeters><Position><LatitudeDegrees>50.598714</LatitudeDegrees><LongitudeDegrees>3.062958</LongitudeDegrees></Position><AltitudeMeters>42.1</AltitudeMeters><Extensions><TPX xmlns="http://www.garmin.com/xmlschemas/ActivityExtension/v2"><Speed>2.26</Speed></TPX></Extensions></Trackpoint><Trackpoint><Time>2026-03-11T16:55:57+00:00</Time><DistanceMeters>2416.7</DistanceMeters><Position><LatitudeDegrees>50.598715</LatitudeDegrees><LongitudeDegrees>3.06291</LongitudeDegrees></Position><AltitudeMeters>42.2</AltitudeMeters><Extensions><TPX xmlns="http://www.garmin.com/xmlschemas/ActivityExtension/v2"><Speed>2.01</Speed></TPX></Extensions></Trackpoint><Trackpoint><Time>2026-03-11T16:55:58+00:00</Time><DistanceMeters>2418.8</DistanceMeters><Position><LatitudeDegrees>50.598714</LatitudeDegrees><LongitudeDegrees>3.062897</LongitudeDegrees></Position><AltitudeMeters>42.2</AltitudeMeters><Extensions><TPX xmlns="http://www.garmin.com/xmlschemas/ActivityExtension/v2"><Speed>2.44</Speed></TPX></Extensions></Trackpoint><Trackpoint><Time>2026-03-11T16:55:59+00:00</Time><DistanceMeters>2420.5</DistanceMeters><Position><LatitudeDegrees>50.598713</LatitudeDegrees><LongitudeDegrees>3.06287</LongitudeDegrees></Position><AltitudeMeters>42.2</AltitudeMeters><Extensions><TPX xmlns="http://www.garmin.com/xmlschemas/ActivityExtension/v2"><Speed>1.98</Speed></TPX></Extensions></Trackpoint><Trackpoint><Time>2026-03-11T16:56:00+00:00</Time><DistanceMeters>2422.2</DistanceMeters><Position><LatitudeDegrees>50.598714</LatitudeDegrees><LongitudeDegrees>3.062847</LongitudeDegrees></Position><AltitudeMeters>42.2</AltitudeMeters><Extensions><TPX xmlns="http://www.garmin.com/xmlschemas/ActivityExtension/v2"><Speed>2.32</Speed></TPX></Extensions></Trackpoint><Trackpoint><Time>2026-03-11T16:56:01+00:00</Time><DistanceMeters>2423.9</DistanceMeters><Position><LatitudeDegrees>50.598715</LatitudeDegrees><LongitudeDegrees>3.062825</LongitudeDegrees></Position><AltitudeMeters>42.2</AltitudeMeters><Extensions><TPX xmlns="http://www.garmin.com/xmlschemas/ActivityExtension/v2"><Speed>1.88</Speed></TPX></Extensions></Trackpoint><Trackpoint><Time>2026-03-11T16:56:02+00:00</Time><DistanceMeters>2423.9</DistanceMeters><Position><LatitudeDegrees>50.598712</LatitudeDegrees><LongitudeDegrees>3.0628</LongitudeDegrees></Position><AltitudeMeters>42.2</AltitudeMeters><Extensions><TPX xmlns="http://www.garmin.com/xmlschemas/ActivityExtension/v2"><Speed>1.45</Speed></TPX></Extensions></Trackpoint><Trackpoint><Time>2026-03-11T16:56:03+00:00</Time><DistanceMeters>2427.7</DistanceMeters><Position><LatitudeDegrees>50.598707</LatitudeDegrees><LongitudeDegrees>3.062773</LongitudeDegrees></Position><AltitudeMeters>42.2</AltitudeMeters><Extensions><TPX xmlns="http://www.garmin.com/xmlschemas/ActivityExtension/v2"><Speed>1.78</Speed></TPX></Extensions></Trackpoint><Trackpoint><Time>2026-03-11T16:56:04+00:00</Time><DistanceMeters>2429.8</DistanceMeters><Position><LatitudeDegrees>50.598709</LatitudeDegrees><LongitudeDegrees>3.062732</LongitudeDegrees></Position><AltitudeMeters>42.3</AltitudeMeters><Extensions><TPX xmlns="http://www.garmin.com/xmlschemas/ActivityExtension/v2"><Speed>1.85</Speed></TPX></Extensions></Trackpoint><Trackpoint><Time>2026-03-11T16:56:05+00:00</Time><DistanceMeters>2431.8</DistanceMeters><Position><LatitudeDegrees>50.598709</LatitudeDegrees><LongitudeDegrees>3.062715</LongitudeDegrees></Position><AltitudeMeters>42.3</AltitudeMeters><Extensions><TPX xmlns="http://www.garmin.com/xmlschemas/ActivityExtension/v2"><Speed>1.92</Speed></TPX></Extensions></Trackpoint><Trackpoint><Time>2026-03-11T16:56:06+00:00</Time><DistanceMeters>2434.3</DistanceMeters><Position><LatitudeDegrees>50.598704</LatitudeDegrees><LongitudeDegrees>3.062664</LongitudeDegrees></Position><AltitudeMeters>42.3</AltitudeMeters><Extensions><TPX xmlns="http://www.garmin.com/xmlschemas/ActivityExtension/v2"><Speed>2.07</Speed></TPX></Extensions></Trackpoint><Trackpoint><Time>2026-03-11T16:56:07+00:00</Time><DistanceMeters>2436.7</DistanceMeters><Position><LatitudeDegrees>50.598702</LatitudeDegrees><LongitudeDegrees>3.062646</LongitudeDegrees></Position><AltitudeMeters>42.3</AltitudeMeters><Extensions><TPX xmlns="http://www.garmin.com/xmlschemas/ActivityExtension/v2"><Speed>2.56</Speed></TPX></Extensions></Trackpoint><Trackpoint><Time>2026-03-11T16:56:08+00:00</Time><DistanceMeters>2439.3</DistanceMeters><Position><LatitudeDegrees>50.598702</LatitudeDegrees><LongitudeDegrees>3.062592</LongitudeDegrees></Position><AltitudeMeters>42.3</AltitudeMeters><Extensions><TPX xmlns="http://www.garmin.com/xmlschemas/ActivityExtension/v2"><Speed>2.31</Speed></TPX></Extensions></Trackpoint><Trackpoint><Time>2026-03-11T16:56:09+00:00</Time><DistanceMeters>2441.8</DistanceMeters><Position><LatitudeDegrees>50.598699</LatitudeDegrees><LongitudeDegrees>3.062574</LongitudeDegrees></Position><AltitudeMeters>42.3</AltitudeMeters><Extensions><TPX xmlns="http://www.garmin.com/xmlschemas/ActivityExtension/v2"><Speed>2.41</Speed></TPX></Extensions></Trackpoint><Trackpoint><Time>2026-03-11T16:56:10+00:00</Time><DistanceMeters>2444.8</DistanceMeters><Position><LatitudeDegrees>50.598699</LatitudeDegrees><LongitudeDegrees>3.062532</LongitudeDegrees></Position><AltitudeMeters>42.4</AltitudeMeters><Extensions><TPX xmlns="http://www.garmin.com/xmlschemas/ActivityExtension/v2"><Speed>2.6</Speed></TPX></Extensions></Trackpoint><Trackpoint><Time>2026-03-11T16:56:11+00:00</Time><DistanceMeters>2449.5</DistanceMeters><Position><LatitudeDegrees>50.5987</LatitudeDegrees><LongitudeDegrees>3.062466</LongitudeDegrees></Position><AltitudeMeters>42.4</AltitudeMeters><Extensions><TPX xmlns="http://www.garmin.com/xmlschemas/ActivityExtension/v2"><Speed>3.05</Speed></TPX></Extensions></Trackpoint><Trackpoint><Time>2026-03-11T16:56:12+00:00</Time><DistanceMeters>2452.0</DistanceMeters><Position><LatitudeDegrees>50.598694</LatitudeDegrees><LongitudeDegrees>3.06242</LongitudeDegrees></Position><AltitudeMeters>42.4</AltitudeMeters><Extensions><TPX xmlns="http://www.garmin.com/xmlschemas/ActivityExtension/v2"><Speed>3.05</Speed></TPX></Extensions></Trackpoint><Trackpoint><Time>2026-03-11T16:56:13+00:00</Time><DistanceMeters>2454.4</DistanceMeters><Position><LatitudeDegrees>50.598694</LatitudeDegrees><LongitudeDegrees>3.062397</LongitudeDegrees></Position><AltitudeMeters>42.4</AltitudeMeters><Extensions><TPX xmlns="http://www.garmin.com/xmlschemas/ActivityExtension/v2"><Speed>3.03</Speed></TPX></Extensions></Trackpoint><Trackpoint><Time>2026-03-11T16:56:14+00:00</Time><DistanceMeters>2454.4</DistanceMeters><Position><LatitudeDegrees>50.598694</LatitudeDegrees><LongitudeDegrees>3.062375</LongitudeDegrees></Position><AltitudeMeters>42.5</AltitudeMeters><Extensions><TPX xmlns="http://www.garmin.com/xmlschemas/ActivityExtension/v2"><Speed>2.52</Speed></TPX></Extensions></Trackpoint><Trackpoint><Time>2026-03-11T16:56:15+00:00</Time><DistanceMeters>2457.7</DistanceMeters><Position><LatitudeDegrees>50.598693</LatitudeDegrees><LongitudeDegrees>3.06235</LongitudeDegrees></Position><AltitudeMeters>42.5</AltitudeMeters><Extensions><TPX xmlns="http://www.garmin.com/xmlschemas/ActivityExtension/v2"><Speed>2.58</Speed></TPX></Extensions></Trackpoint><Trackpoint><Time>2026-03-11T16:56:16+00:00</Time><DistanceMeters>2460.8</DistanceMeters><Position><LatitudeDegrees>50.59869</LatitudeDegrees><LongitudeDegrees>3.062307</LongitudeDegrees></Position><AltitudeMeters>42.5</AltitudeMeters><Extensions><TPX xmlns="http://www.garmin.com/xmlschemas/ActivityExtension/v2"><Speed>2.26</Speed></TPX></Extensions></Trackpoint><Trackpoint><Time>2026-03-11T16:56:17+00:00</Time><DistanceMeters>2463.4</DistanceMeters><Position><LatitudeDegrees>50.598692</LatitudeDegrees><LongitudeDegrees>3.062254</LongitudeDegrees></Position><AltitudeMeters>42.5</AltitudeMeters><Extensions><TPX xmlns="http://www.garmin.com/xmlschemas/ActivityExtension/v2"><Speed>2.28</Speed></TPX></Extensions></Trackpoint><Trackpoint><Time>2026-03-11T16:56:18+00:00</Time><DistanceMeters>2465.9</DistanceMeters><Position><LatitudeDegrees>50.598692</LatitudeDegrees><LongitudeDegrees>3.062236</LongitudeDegrees></Position><AltitudeMeters>42.5</AltitudeMeters><Extensions><TPX xmlns="http://www.garmin.com/xmlschemas/ActivityExtension/v2"><Speed>2.3</Speed></TPX></Extensions></Trackpoint><Trackpoint><Time>2026-03-11T16:56:19+00:00</Time><DistanceMeters>2469.8</DistanceMeters><Position><LatitudeDegrees>50.598697</LatitudeDegrees><LongitudeDegrees>3.062181</LongitudeDegrees></Position><AltitudeMeters>42.6</AltitudeMeters><Extensions><TPX xmlns="http://www.garmin.com/xmlschemas/ActivityExtension/v2"><Speed>3.08</Speed></TPX></Extensions></Trackpoint><Trackpoint><Time>2026-03-11T16:56:20+00:00</Time><DistanceMeters>2473.4</DistanceMeters><Position><LatitudeDegrees>50.598712</LatitudeDegrees><LongitudeDegrees>3.062135</LongitudeDegrees></Position><AltitudeMeters>42.6</AltitudeMeters><Extensions><TPX xmlns="http://www.garmin.com/xmlschemas/ActivityExtension/v2"><Speed>3.14</Speed></TPX></Extensions></Trackpoint><Trackpoint><Time>2026-03-11T16:56:21+00:00</Time><DistanceMeters>2476.5</DistanceMeters><Position><LatitudeDegrees>50.598726</LatitudeDegrees><LongitudeDegrees>3.062098</LongitudeDegrees></Position><AltitudeMeters>42.6</AltitudeMeters><Extensions><TPX xmlns="http://www.garmin.com/xmlschemas/ActivityExtension/v2"><Speed>3.14</Speed></TPX></Extensions></Trackpoint><Trackpoint><Time>2026-03-11T16:56:22+00:00</Time><DistanceMeters>2478.9</DistanceMeters><Position><LatitudeDegrees>50.598738</LatitudeDegrees><LongitudeDegrees>3.062051</LongitudeDegrees></Position><AltitudeMeters>42.7</AltitudeMeters><Extensions><TPX xmlns="http://www.garmin.com/xmlschemas/ActivityExtension/v2"><Speed>3.1</Speed></TPX></Extensions></Trackpoint><Trackpoint><Time>2026-03-11T16:56:23+00:00</Time><DistanceMeters>2481.2</DistanceMeters><Position><LatitudeDegrees>50.598738</LatitudeDegrees><LongitudeDegrees>3.062034</LongitudeDegrees></Position><AltitudeMeters>42.7</AltitudeMeters><Extensions><TPX xmlns="http://www.garmin.com/xmlschemas/ActivityExtension/v2"><Speed>3.06</Speed></TPX></Extensions></Trackpoint><Trackpoint><Time>2026-03-11T16:56:24+00:00</Time><DistanceMeters>2484.4</DistanceMeters><Position><LatitudeDegrees>50.598744</LatitudeDegrees><LongitudeDegrees>3.061991</LongitudeDegrees></Position><AltitudeMeters>42.7</AltitudeMeters><Extensions><TPX xmlns="http://www.garmin.com/xmlschemas/ActivityExtension/v2"><Speed>2.92</Speed></TPX></Extensions></Trackpoint><Trackpoint><Time>2026-03-11T16:56:25+00:00</Time><DistanceMeters>2484.4</DistanceMeters><Position><LatitudeDegrees>50.598744</LatitudeDegrees><LongitudeDegrees>3.061967</LongitudeDegrees></Position><AltitudeMeters>42.7</AltitudeMeters><Extensions><TPX xmlns="http://www.garmin.com/xmlschemas/ActivityExtension/v2"><Speed>2.2</Speed></TPX></Extensions></Trackpoint><Trackpoint><Time>2026-03-11T16:56:26+00:00</Time><DistanceMeters>2487.6</DistanceMeters><Position><LatitudeDegrees>50.598743</LatitudeDegrees><LongitudeDegrees>3.061945</LongitudeDegrees></Position><AltitudeMeters>42.7</AltitudeMeters><Extensions><TPX xmlns="http://www.garmin.com/xmlschemas/ActivityExtension/v2"><Speed>2.22</Speed></TPX></Extensions></Trackpoint><Trackpoint><Time>2026-03-11T16:56:27+00:00</Time><DistanceMeters>2490.8</DistanceMeters><Position><LatitudeDegrees>50.598739</LatitudeDegrees><LongitudeDegrees>3.0619</LongitudeDegrees></Position><AltitudeMeters>42.8</AltitudeMeters><Extensions><TPX xmlns="http://www.garmin.com/xmlschemas/ActivityExtension/v2"><Speed>2.39</Speed></TPX></Extensions></Trackpoint><Trackpoint><Time>2026-03-11T16:56:28+00:00</Time><DistanceMeters>2494.0</DistanceMeters><Position><LatitudeDegrees>50.598736</LatitudeDegrees><LongitudeDegrees>3.061855</LongitudeDegrees></Position><AltitudeMeters>42.8</AltitudeMeters><Extensions><TPX xmlns="http://www.garmin.com/xmlschemas/ActivityExtension/v2"><Speed>2.56</Speed></TPX></Extensions></Trackpoint><Trackpoint><Time>2026-03-11T16:56:29+00:00</Time><DistanceMeters>2496.9</DistanceMeters><Position><LatitudeDegrees>50.598732</LatitudeDegrees><LongitudeDegrees>3.061797</LongitudeDegrees></Position><AltitudeMeters>42.8</AltitudeMeters><Extensions><TPX xmlns="http://www.garmin.com/xmlschemas/ActivityExtension/v2"><Speed>2.49</Speed></TPX></Extensions></Trackpoint><Trackpoint><Time>2026-03-11T16:56:30+00:00</Time><DistanceMeters>2499.7</DistanceMeters><Position><LatitudeDegrees>50.598731</LatitudeDegrees><LongitudeDegrees>3.061775</LongitudeDegrees></Position><AltitudeMeters>42.8</AltitudeMeters><Extensions><TPX xmlns="http://www.garmin.com/xmlschemas/ActivityExtension/v2"><Speed>3.06</Speed></TPX></Extensions></Trackpoint><Trackpoint><Time>2026-03-11T16:56:31+00:00</Time><DistanceMeters>2502.4</DistanceMeters><Position><LatitudeDegrees>50.598736</LatitudeDegrees><LongitudeDegrees>3.061719</LongitudeDegrees></Position><AltitudeMeters>42.9</AltitudeMeters><Extensions><TPX xmlns="http://www.garmin.com/xmlschemas/ActivityExtension/v2"><Speed>2.95</Speed></TPX></Extensions></Trackpoint><Trackpoint><Time>2026-03-11T16:56:32+00:00</Time><DistanceMeters>2505.0</DistanceMeters><Position><LatitudeDegrees>50.598737</LatitudeDegrees><LongitudeDegrees>3.061701</LongitudeDegrees></Position><AltitudeMeters>42.9</AltitudeMeters><Extensions><TPX xmlns="http://www.garmin.com/xmlschemas/ActivityExtension/v2"><Speed>2.84</Speed></TPX></Extensions></Trackpoint><Trackpoint><Time>2026-03-11T16:56:33+00:00</Time><DistanceMeters>2507.3</DistanceMeters><Position><LatitudeDegrees>50.598733</LatitudeDegrees><LongitudeDegrees>3.061656</LongitudeDegrees></Position><AltitudeMeters>42.9</AltitudeMeters><Extensions><TPX xmlns="http://www.garmin.com/xmlschemas/ActivityExtension/v2"><Speed>2.66</Speed></TPX></Extensions></Trackpoint><Trackpoint><Time>2026-03-11T16:56:34+00:00</Time><DistanceMeters>2509.6</DistanceMeters><Position><LatitudeDegrees>50.598731</LatitudeDegrees><LongitudeDegrees>3.061636</LongitudeDegrees></Position><AltitudeMeters>42.9</AltitudeMeters><Extensions><TPX xmlns="http://www.garmin.com/xmlschemas/ActivityExtension/v2"><Speed>2.55</Speed></TPX></Extensions></Trackpoint><Trackpoint><Time>2026-03-11T16:56:35+00:00</Time><DistanceMeters>2512.0</DistanceMeters><Position><LatitudeDegrees>50.598733</LatitudeDegrees><LongitudeDegrees>3.061584</LongitudeDegrees></Position><AltitudeMeters>43.0</AltitudeMeters><Extensions><TPX xmlns="http://www.garmin.com/xmlschemas/ActivityExtension/v2"><Speed>2.46</Speed></TPX></Extensions></Trackpoint><Trackpoint><Time>2026-03-11T16:56:36+00:00</Time><DistanceMeters>2514.4</DistanceMeters><Position><LatitudeDegrees>50.598735</LatitudeDegrees><LongitudeDegrees>3.061569</LongitudeDegrees></Position><AltitudeMeters>43.0</AltitudeMeters><Extensions><TPX xmlns="http://www.garmin.com/xmlschemas/ActivityExtension/v2"><Speed>2.41</Speed></TPX></Extensions></Trackpoint><Trackpoint><Time>2026-03-11T16:56:37+00:00</Time><DistanceMeters>2514.4</DistanceMeters><Position><LatitudeDegrees>50.598731</LatitudeDegrees><LongitudeDegrees>3.061561</LongitudeDegrees></Position><AltitudeMeters>43.0</AltitudeMeters><Extensions><TPX xmlns="http://www.garmin.com/xmlschemas/ActivityExtension/v2"><Speed>1.88</Speed></TPX></Extensions></Trackpoint><Trackpoint><Time>2026-03-11T16:56:38+00:00</Time><DistanceMeters>2514.4</DistanceMeters><Position><LatitudeDegrees>50.598728</LatitudeDegrees><LongitudeDegrees>3.061536</LongitudeDegrees></Position><AltitudeMeters>43.0</AltitudeMeters><Extensions><TPX xmlns="http://www.garmin.com/xmlschemas/ActivityExtension/v2"><Speed>1.42</Speed></TPX></Extensions></Trackpoint><Trackpoint><Time>2026-03-11T16:56:39+00:00</Time><DistanceMeters>2518.1</DistanceMeters><Position><LatitudeDegrees>50.598722</LatitudeDegrees><LongitudeDegrees>3.06152</LongitudeDegrees></Position><AltitudeMeters>43.0</AltitudeMeters><Extensions><TPX xmlns="http://www.garmin.com/xmlschemas/ActivityExtension/v2"><Speed>1.7</Speed></TPX></Extensions></Trackpoint><Trackpoint><Time>2026-03-11T16:56:40+00:00</Time><DistanceMeters>2519.8</DistanceMeters><Position><LatitudeDegrees>50.598726</LatitudeDegrees><LongitudeDegrees>3.061484</LongitudeDegrees></Position><AltitudeMeters>43.0</AltitudeMeters><Extensions><TPX xmlns="http://www.garmin.com/xmlschemas/ActivityExtension/v2"><Speed>1.553</Speed></TPX></Extensions></Trackpoint><Trackpoint><Time>2026-03-11T16:56:41+00:00</Time><DistanceMeters>2521.4</DistanceMeters><Position><LatitudeDegrees>50.59873</LatitudeDegrees><LongitudeDegrees>3.061468</LongitudeDegrees></Position><AltitudeMeters>43.0</AltitudeMeters><Extensions><TPX xmlns="http://www.garmin.com/xmlschemas/ActivityExtension/v2"><Speed>1.407</Speed></TPX></Extensions></Trackpoint><Trackpoint><Time>2026-03-11T16:56:42+00:00</Time><DistanceMeters>2523.1</DistanceMeters><Position><LatitudeDegrees>50.598733</LatitudeDegrees><LongitudeDegrees>3.061451</LongitudeDegrees></Position><AltitudeMeters>43.1</AltitudeMeters><Extensions><TPX xmlns="http://www.garmin.com/xmlschemas/ActivityExtension/v2"><Speed>1.74</Speed></TPX></Extensions></Trackpoint><Trackpoint><Time>2026-03-11T16:56:43+00:00</Time><DistanceMeters>2524.6</DistanceMeters><Position><LatitudeDegrees>50.598743</LatitudeDegrees><LongitudeDegrees>3.061425</LongitudeDegrees></Position><AltitudeMeters>43.1</AltitudeMeters><Extensions><TPX xmlns="http://www.garmin.com/xmlschemas/ActivityExtension/v2"><Speed>2.04</Speed></TPX></Extensions></Trackpoint><Trackpoint><Time>2026-03-11T16:56:44+00:00</Time><DistanceMeters>2526.1</DistanceMeters><Position><LatitudeDegrees>50.598747</LatitudeDegrees><LongitudeDegrees>3.061411</LongitudeDegrees></Position><AltitudeMeters>43.1</AltitudeMeters><Extensions><TPX xmlns="http://www.garmin.com/xmlschemas/ActivityExtension/v2"><Speed>1.6</Speed></TPX></Extensions></Trackpoint><Trackpoint><Time>2026-03-11T16:56:45+00:00</Time><DistanceMeters>2527.6</DistanceMeters><Position><LatitudeDegrees>50.598752</LatitudeDegrees><LongitudeDegrees>3.061397</LongitudeDegrees></Position><AltitudeMeters>43.1</AltitudeMeters><Extensions><TPX xmlns="http://www.garmin.com/xmlschemas/ActivityExtension/v2"><Speed>1.567</Speed></TPX></Extensions></Trackpoint><Trackpoint><Time>2026-03-11T16:56:46+00:00</Time><DistanceMeters>2530.6</DistanceMeters><Position><LatitudeDegrees>50.598787</LatitudeDegrees><LongitudeDegrees>3.061362</LongitudeDegrees></Position><AltitudeMeters>43.2</AltitudeMeters><Extensions><TPX xmlns="http://www.garmin.com/xmlschemas/ActivityExtension/v2"><Speed>1.843</Speed></TPX></Extensions></Trackpoint><Trackpoint><Time>2026-03-11T16:56:47+00:00</Time><DistanceMeters>2533.7</DistanceMeters><Position><LatitudeDegrees>50.598797</LatitudeDegrees><LongitudeDegrees>3.061346</LongitudeDegrees></Position><AltitudeMeters>43.1</AltitudeMeters><Extensions><TPX xmlns="http://www.garmin.com/xmlschemas/ActivityExtension/v2"><Speed>2.12</Speed></TPX></Extensions></Trackpoint><Trackpoint><Time>2026-03-11T16:56:48+00:00</Time><DistanceMeters>2537.4</DistanceMeters><Position><LatitudeDegrees>50.598817</LatitudeDegrees><LongitudeDegrees>3.061303</LongitudeDegrees></Position><AltitudeMeters>43.0</AltitudeMeters><Extensions><TPX xmlns="http://www.garmin.com/xmlschemas/ActivityExtension/v2"><Speed>2.56</Speed></TPX></Extensions></Trackpoint><Trackpoint><Time>2026-03-11T16:56:49+00:00</Time><DistanceMeters>2541.5</DistanceMeters><Position><LatitudeDegrees>50.598859</LatitudeDegrees><LongitudeDegrees>3.061271</LongitudeDegrees></Position><AltitudeMeters>42.9</AltitudeMeters><Extensions><TPX xmlns="http://www.garmin.com/xmlschemas/ActivityExtension/v2"><Speed>3.08</Speed></TPX></Extensions></Trackpoint><Trackpoint><Time>2026-03-11T16:56:50+00:00</Time><DistanceMeters>2545.6</DistanceMeters><Position><LatitudeDegrees>50.598883</LatitudeDegrees><LongitudeDegrees>3.061251</LongitudeDegrees></Position><AltitudeMeters>42.8</AltitudeMeters><Extensions><TPX xmlns="http://www.garmin.com/xmlschemas/ActivityExtension/v2"><Speed>3.6</Speed></TPX></Extensions></Trackpoint><Trackpoint><Time>2026-03-11T16:56:51+00:00</Time><DistanceMeters>2549.4</DistanceMeters><Position><LatitudeDegrees>50.598913</LatitudeDegrees><LongitudeDegrees>3.061227</LongitudeDegrees></Position><AltitudeMeters>42.7</AltitudeMeters><Extensions><TPX xmlns="http://www.garmin.com/xmlschemas/ActivityExtension/v2"><Speed>3.75</Speed></TPX></Extensions></Trackpoint><Trackpoint><Time>2026-03-11T16:56:52+00:00</Time><DistanceMeters>2553.1</DistanceMeters><Position><LatitudeDegrees>50.598937</LatitudeDegrees><LongitudeDegrees>3.061191</LongitudeDegrees></Position><AltitudeMeters>42.6</AltitudeMeters><Extensions><TPX xmlns="http://www.garmin.com/xmlschemas/ActivityExtension/v2"><Speed>3.88</Speed></TPX></Extensions></Trackpoint><Trackpoint><Time>2026-03-11T16:56:53+00:00</Time><DistanceMeters>2556.7</DistanceMeters><Position><LatitudeDegrees>50.598979</LatitudeDegrees><LongitudeDegrees>3.061175</LongitudeDegrees></Position><AltitudeMeters>42.4</AltitudeMeters><Extensions><TPX xmlns="http://www.garmin.com/xmlschemas/ActivityExtension/v2"><Speed>3.86</Speed></TPX></Extensions></Trackpoint><Trackpoint><Time>2026-03-11T16:56:54+00:00</Time><DistanceMeters>2560.3</DistanceMeters><Position><LatitudeDegrees>50.599001</LatitudeDegrees><LongitudeDegrees>3.061176</LongitudeDegrees></Position><AltitudeMeters>42.4</AltitudeMeters><Extensions><TPX xmlns="http://www.garmin.com/xmlschemas/ActivityExtension/v2"><Speed>3.76</Speed></TPX></Extensions></Trackpoint><Trackpoint><Time>2026-03-11T16:56:55+00:00</Time><DistanceMeters>2563.4</DistanceMeters><Position><LatitudeDegrees>50.599028</LatitudeDegrees><LongitudeDegrees>3.061161</LongitudeDegrees></Position><AltitudeMeters>42.3</AltitudeMeters><Extensions><TPX xmlns="http://www.garmin.com/xmlschemas/ActivityExtension/v2"><Speed>3.56</Speed></TPX></Extensions></Trackpoint><Trackpoint><Time>2026-03-11T16:56:56+00:00</Time><DistanceMeters>2566.5</DistanceMeters><Position><LatitudeDegrees>50.599056</LatitudeDegrees><LongitudeDegrees>3.061158</LongitudeDegrees></Position><AltitudeMeters>42.2</AltitudeMeters><Extensions><TPX xmlns="http://www.garmin.com/xmlschemas/ActivityExtension/v2"><Speed>3.42</Speed></TPX></Extensions></Trackpoint><Trackpoint><Time>2026-03-11T16:56:57+00:00</Time><DistanceMeters>2569.9</DistanceMeters><Position><LatitudeDegrees>50.599084</LatitudeDegrees><LongitudeDegrees>3.061144</LongitudeDegrees></Position><AltitudeMeters>42.2</AltitudeMeters><Extensions><TPX xmlns="http://www.garmin.com/xmlschemas/ActivityExtension/v2"><Speed>3.36</Speed></TPX></Extensions></Trackpoint><Trackpoint><Time>2026-03-11T16:56:58+00:00</Time><DistanceMeters>2574.9</DistanceMeters><Position><LatitudeDegrees>50.599122</LatitudeDegrees><LongitudeDegrees>3.061105</LongitudeDegrees></Position><AltitudeMeters>42.1</AltitudeMeters><Extensions><TPX xmlns="http://www.garmin.com/xmlschemas/ActivityExtension/v2"><Speed>3.64</Speed></TPX></Extensions></Trackpoint><Trackpoint><Time>2026-03-11T16:56:59+00:00</Time><DistanceMeters>2574.9</DistanceMeters><Position><LatitudeDegrees>50.599147</LatitudeDegrees><LongitudeDegrees>3.061092</LongitudeDegrees></Position><AltitudeMeters>42.1</AltitudeMeters><Extensions><TPX xmlns="http://www.garmin.com/xmlschemas/ActivityExtension/v2"><Speed>2.92</Speed></TPX></Extensions></Trackpoint><Trackpoint><Time>2026-03-11T16:57:01+00:00</Time><DistanceMeters>2580.8</DistanceMeters><Position><LatitudeDegrees>50.599172</LatitudeDegrees><LongitudeDegrees>3.061077</LongitudeDegrees></Position><AltitudeMeters>42.1</AltitudeMeters><Extensions><TPX xmlns="http://www.garmin.com/xmlschemas/ActivityExtension/v2"><Speed>2.86</Speed></TPX></Extensions></Trackpoint><Trackpoint><Time>2026-03-11T16:57:02+00:00</Time><DistanceMeters>2584.1</DistanceMeters><Position><LatitudeDegrees>50.599197</LatitudeDegrees><LongitudeDegrees>3.061053</LongitudeDegrees></Position><AltitudeMeters>42.1</AltitudeMeters><Extensions><TPX xmlns="http://www.garmin.com/xmlschemas/ActivityExtension/v2"><Speed>2.84</Speed></TPX></Extensions></Trackpoint><Trackpoint><Time>2026-03-11T16:57:03+00:00</Time><DistanceMeters>2586.8</DistanceMeters><Position><LatitudeDegrees>50.599229</LatitudeDegrees><LongitudeDegrees>3.061024</LongitudeDegrees></Position><AltitudeMeters>42.1</AltitudeMeters><Extensions><TPX xmlns="http://www.garmin.com/xmlschemas/ActivityExtension/v2"><Speed>2.37</Speed></TPX></Extensions></Trackpoint><Trackpoint><Time>2026-03-11T16:57:04+00:00</Time><DistanceMeters>2589.4</DistanceMeters><Position><LatitudeDegrees>50.59924</LatitudeDegrees><LongitudeDegrees>3.06102</LongitudeDegrees></Position><AltitudeMeters>42.1</AltitudeMeters><Extensions><TPX xmlns="http://www.garmin.com/xmlschemas/ActivityExtension/v2"><Speed>2.9</Speed></TPX></Extensions></Trackpoint><Trackpoint><Time>2026-03-11T16:57:05+00:00</Time><DistanceMeters>2591.9</DistanceMeters><Position><LatitudeDegrees>50.599272</LatitudeDegrees><LongitudeDegrees>3.060997</LongitudeDegrees></Position><AltitudeMeters>42.1</AltitudeMeters><Extensions><TPX xmlns="http://www.garmin.com/xmlschemas/ActivityExtension/v2"><Speed>2.833</Speed></TPX></Extensions></Trackpoint><Trackpoint><Time>2026-03-11T16:57:06+00:00</Time><DistanceMeters>2594.4</DistanceMeters><Position><LatitudeDegrees>50.59928</LatitudeDegrees><LongitudeDegrees>3.060986</LongitudeDegrees></Position><AltitudeMeters>42.1</AltitudeMeters><Extensions><TPX xmlns="http://www.garmin.com/xmlschemas/ActivityExtension/v2"><Speed>2.72</Speed></TPX></Extensions></Trackpoint><Trackpoint><Time>2026-03-11T16:57:07+00:00</Time><DistanceMeters>2597.6</DistanceMeters><Position><LatitudeDegrees>50.599306</LatitudeDegrees><LongitudeDegrees>3.060968</LongitudeDegrees></Position><AltitudeMeters>42.0</AltitudeMeters><Extensions><TPX xmlns="http://www.garmin.com/xmlschemas/ActivityExtension/v2"><Speed>2.7</Speed></TPX></Extensions></Trackpoint><Trackpoint><Time>2026-03-11T16:57:08+00:00</Time><DistanceMeters>2600.4</DistanceMeters><Position><LatitudeDegrees>50.599338</LatitudeDegrees><LongitudeDegrees>3.060945</LongitudeDegrees></Position><AltitudeMeters>42.0</AltitudeMeters><Extensions><TPX xmlns="http://www.garmin.com/xmlschemas/ActivityExtension/v2"><Speed>2.73</Speed></TPX></Extensions></Trackpoint><Trackpoint><Time>2026-03-11T16:57:09+00:00</Time><DistanceMeters>2603.2</DistanceMeters><Position><LatitudeDegrees>50.59935</LatitudeDegrees><LongitudeDegrees>3.06093</LongitudeDegrees></Position><AltitudeMeters>42.0</AltitudeMeters><Extensions><TPX xmlns="http://www.garmin.com/xmlschemas/ActivityExtension/v2"><Speed>2.76</Speed></TPX></Extensions></Trackpoint><Trackpoint><Time>2026-03-11T16:57:10+00:00</Time><DistanceMeters>2608.9</DistanceMeters><Position><LatitudeDegrees>50.599386</LatitudeDegrees><LongitudeDegrees>3.060872</LongitudeDegrees></Position><AltitudeMeters>42.0</AltitudeMeters><Extensions><TPX xmlns="http://www.garmin.com/xmlschemas/ActivityExtension/v2"><Speed>3.4</Speed></TPX></Extensions></Trackpoint><Trackpoint><Time>2026-03-11T16:57:11+00:00</Time><DistanceMeters>2611.4</DistanceMeters><Position><LatitudeDegrees>50.599413</LatitudeDegrees><LongitudeDegrees>3.060841</LongitudeDegrees></Position><AltitudeMeters>42.0</AltitudeMeters><Extensions><TPX xmlns="http://www.garmin.com/xmlschemas/ActivityExtension/v2"><Speed>3.39</Speed></TPX></Extensions></Trackpoint><Trackpoint><Time>2026-03-11T16:57:12+00:00</Time><DistanceMeters>2613.8</DistanceMeters><Position><LatitudeDegrees>50.599423</LatitudeDegrees><LongitudeDegrees>3.060835</LongitudeDegrees></Position><AltitudeMeters>42.0</AltitudeMeters><Extensions><TPX xmlns="http://www.garmin.com/xmlschemas/ActivityExtension/v2"><Speed>3.24</Speed></TPX></Extensions></Trackpoint><Trackpoint><Time>2026-03-11T16:57:13+00:00</Time><DistanceMeters>2616.1</DistanceMeters><Position><LatitudeDegrees>50.599447</LatitudeDegrees><LongitudeDegrees>3.060805</LongitudeDegrees></Position><AltitudeMeters>41.9</AltitudeMeters><Extensions><TPX xmlns="http://www.garmin.com/xmlschemas/ActivityExtension/v2"><Speed>3.14</Speed></TPX></Extensions></Trackpoint><Trackpoint><Time>2026-03-11T16:57:14+00:00</Time><DistanceMeters>2618.4</DistanceMeters><Position><LatitudeDegrees>50.599455</LatitudeDegrees><LongitudeDegrees>3.060794</LongitudeDegrees></Position><AltitudeMeters>41.9</AltitudeMeters><Extensions><TPX xmlns="http://www.garmin.com/xmlschemas/ActivityExtension/v2"><Speed>3.04</Speed></TPX></Extensions></Trackpoint><Trackpoint><Time>2026-03-11T16:57:15+00:00</Time><DistanceMeters>2622.1</DistanceMeters><Position><LatitudeDegrees>50.599487</LatitudeDegrees><LongitudeDegrees>3.060779</LongitudeDegrees></Position><AltitudeMeters>41.9</AltitudeMeters><Extensions><TPX xmlns="http://www.garmin.com/xmlschemas/ActivityExtension/v2"><Speed>2.64</Speed></TPX></Extensions></Trackpoint><Trackpoint><Time>2026-03-11T16:57:16+00:00</Time><DistanceMeters>2624.4</DistanceMeters><Position><LatitudeDegrees>50.59951</LatitudeDegrees><LongitudeDegrees>3.060748</LongitudeDegrees></Position><AltitudeMeters>41.9</AltitudeMeters><Extensions><TPX xmlns="http://www.garmin.com/xmlschemas/ActivityExtension/v2"><Speed>2.6</Speed></TPX></Extensions></Trackpoint><Trackpoint><Time>2026-03-11T16:57:17+00:00</Time><DistanceMeters>2626.6</DistanceMeters><Position><LatitudeDegrees>50.599515</LatitudeDegrees><LongitudeDegrees>3.060734</LongitudeDegrees></Position><AltitudeMeters>41.9</AltitudeMeters><Extensions><TPX xmlns="http://www.garmin.com/xmlschemas/ActivityExtension/v2"><Speed>2.56</Speed></TPX></Extensions></Trackpoint><Trackpoint><Time>2026-03-11T16:57:18+00:00</Time><DistanceMeters>2629.1</DistanceMeters><Position><LatitudeDegrees>50.599548</LatitudeDegrees><LongitudeDegrees>3.060717</LongitudeDegrees></Position><AltitudeMeters>41.9</AltitudeMeters><Extensions><TPX xmlns="http://www.garmin.com/xmlschemas/ActivityExtension/v2"><Speed>2.6</Speed></TPX></Extensions></Trackpoint><Trackpoint><Time>2026-03-11T16:57:19+00:00</Time><DistanceMeters>2631.6</DistanceMeters><Position><LatitudeDegrees>50.599558</LatitudeDegrees><LongitudeDegrees>3.060712</LongitudeDegrees></Position><AltitudeMeters>41.9</AltitudeMeters><Extensions><TPX xmlns="http://www.garmin.com/xmlschemas/ActivityExtension/v2"><Speed>2.64</Speed></TPX></Extensions></Trackpoint><Trackpoint><Time>2026-03-11T16:57:20+00:00</Time><DistanceMeters>2634.1</DistanceMeters><Position><LatitudeDegrees>50.599577</LatitudeDegrees><LongitudeDegrees>3.060667</LongitudeDegrees></Position><AltitudeMeters>41.8</AltitudeMeters><Extensions><TPX xmlns="http://www.garmin.com/xmlschemas/ActivityExtension/v2"><Speed>2.41</Speed></TPX></Extensions></Trackpoint><Trackpoint><Time>2026-03-11T16:57:21+00:00</Time><DistanceMeters>2636.7</DistanceMeters><Position><LatitudeDegrees>50.59958</LatitudeDegrees><LongitudeDegrees>3.060649</LongitudeDegrees></Position><AltitudeMeters>41.8</AltitudeMeters><Extensions><TPX xmlns="http://www.garmin.com/xmlschemas/ActivityExtension/v2"><Speed>2.47</Speed></TPX></Extensions></Trackpoint><Trackpoint><Time>2026-03-11T16:57:22+00:00</Time><DistanceMeters>2639.1</DistanceMeters><Position><LatitudeDegrees>50.599562</LatitudeDegrees><LongitudeDegrees>3.060604</LongitudeDegrees></Position><AltitudeMeters>41.8</AltitudeMeters><Extensions><TPX xmlns="http://www.garmin.com/xmlschemas/ActivityExtension/v2"><Speed>2.49</Speed></TPX></Extensions></Trackpoint><Trackpoint><Time>2026-03-11T16:57:23+00:00</Time><DistanceMeters>2641.4</DistanceMeters><Position><LatitudeDegrees>50.599559</LatitudeDegrees><LongitudeDegrees>3.060591</LongitudeDegrees></Position><AltitudeMeters>41.8</AltitudeMeters><Extensions><TPX xmlns="http://www.garmin.com/xmlschemas/ActivityExtension/v2"><Speed>2.46</Speed></TPX></Extensions></Trackpoint><Trackpoint><Time>2026-03-11T16:57:24+00:00</Time><DistanceMeters>2641.4</DistanceMeters><Position><LatitudeDegrees>50.599553</LatitudeDegrees><LongitudeDegrees>3.060571</LongitudeDegrees></Position><AltitudeMeters>41.8</AltitudeMeters><Extensions><TPX xmlns="http://www.garmin.com/xmlschemas/ActivityExtension/v2"><Speed>1.96</Speed></TPX></Extensions></Trackpoint><Trackpoint><Time>2026-03-11T16:57:25+00:00</Time><DistanceMeters>2644.6</DistanceMeters><Position><LatitudeDegrees>50.599552</LatitudeDegrees><LongitudeDegrees>3.060547</LongitudeDegrees></Position><AltitudeMeters>41.8</AltitudeMeters><Extensions><TPX xmlns="http://www.garmin.com/xmlschemas/ActivityExtension/v2"><Speed>2.09</Speed></TPX></Extensions></Trackpoint><Trackpoint><Time>2026-03-11T16:57:26+00:00</Time><DistanceMeters>2646.7</DistanceMeters><Position><LatitudeDegrees>50.59956</LatitudeDegrees><LongitudeDegrees>3.060503</LongitudeDegrees></Position><AltitudeMeters>41.8</AltitudeMeters><Extensions><TPX xmlns="http://www.garmin.com/xmlschemas/ActivityExtension/v2"><Speed>2.0</Speed></TPX></Extensions></Trackpoint><Trackpoint><Time>2026-03-11T16:57:27+00:00</Time><DistanceMeters>2648.8</DistanceMeters><Position><LatitudeDegrees>50.599562</LatitudeDegrees><LongitudeDegrees>3.06049</LongitudeDegrees></Position><AltitudeMeters>41.8</AltitudeMeters><Extensions><TPX xmlns="http://www.garmin.com/xmlschemas/ActivityExtension/v2"><Speed>1.95</Speed></TPX></Extensions></Trackpoint><Trackpoint><Time>2026-03-11T16:57:28+00:00</Time><DistanceMeters>2648.8</DistanceMeters><Position><LatitudeDegrees>50.599562</LatitudeDegrees><LongitudeDegrees>3.06046</LongitudeDegrees></Position><AltitudeMeters>41.9</AltitudeMeters><Extensions><TPX xmlns="http://www.garmin.com/xmlschemas/ActivityExtension/v2"><Speed>1.48</Speed></TPX></Extensions></Trackpoint><Trackpoint><Time>2026-03-11T16:57:29+00:00</Time><DistanceMeters>2651.9</DistanceMeters><Position><LatitudeDegrees>50.599552</LatitudeDegrees><LongitudeDegrees>3.06045</LongitudeDegrees></Position><AltitudeMeters>41.9</AltitudeMeters><Extensions><TPX xmlns="http://www.garmin.com/xmlschemas/ActivityExtension/v2"><Speed>2.1</Speed></TPX></Extensions></Trackpoint><Trackpoint><Time>2026-03-11T16:57:30+00:00</Time><DistanceMeters>2654.4</DistanceMeters><Position><LatitudeDegrees>50.599539</LatitudeDegrees><LongitudeDegrees>3.060407</LongitudeDegrees></Position><AltitudeMeters>42.0</AltitudeMeters><Extensions><TPX xmlns="http://www.garmin.com/xmlschemas/ActivityExtension/v2"><Speed>1.95</Speed></TPX></Extensions></Trackpoint><Trackpoint><Time>2026-03-11T16:57:31+00:00</Time><DistanceMeters>2656.8</DistanceMeters><Position><LatitudeDegrees>50.599531</LatitudeDegrees><LongitudeDegrees>3.060389</LongitudeDegrees></Position><AltitudeMeters>42.0</AltitudeMeters><Extensions><TPX xmlns="http://www.garmin.com/xmlschemas/ActivityExtension/v2"><Speed>2.02</Speed></TPX></Extensions></Trackpoint><Trackpoint><Time>2026-03-11T16:57:32+00:00</Time><DistanceMeters>2656.8</DistanceMeters><Position><LatitudeDegrees>50.599523</LatitudeDegrees><LongitudeDegrees>3.060368</LongitudeDegrees></Position><AltitudeMeters>42.1</AltitudeMeters><Extensions><TPX xmlns="http://www.garmin.com/xmlschemas/ActivityExtension/v2"><Speed>1.6</Speed></TPX></Extensions></Trackpoint><Trackpoint><Time>2026-03-11T16:57:33+00:00</Time><DistanceMeters>2660.3</DistanceMeters><Position><LatitudeDegrees>50.59952</LatitudeDegrees><LongitudeDegrees>3.060342</LongitudeDegrees></Position><AltitudeMeters>42.1</AltitudeMeters><Extensions><TPX xmlns="http://www.garmin.com/xmlschemas/ActivityExtension/v2"><Speed>2.3</Speed></TPX></Extensions></Trackpoint><Trackpoint><Time>2026-03-11T16:57:34+00:00</Time><DistanceMeters>2662.4</DistanceMeters><Position><LatitudeDegrees>50.599511</LatitudeDegrees><LongitudeDegrees>3.060298</LongitudeDegrees></Position><AltitudeMeters>42.1</AltitudeMeters><Extensions><TPX xmlns="http://www.garmin.com/xmlschemas/ActivityExtension/v2"><Speed>2.09</Speed></TPX></Extensions></Trackpoint><Trackpoint><Time>2026-03-11T16:57:35+00:00</Time><DistanceMeters>2664.4</DistanceMeters><Position><LatitudeDegrees>50.599513</LatitudeDegrees><LongitudeDegrees>3.060285</LongitudeDegrees></Position><AltitudeMeters>42.2</AltitudeMeters><Extensions><TPX xmlns="http://www.garmin.com/xmlschemas/ActivityExtension/v2"><Speed>2.01</Speed></TPX></Extensions></Trackpoint><Trackpoint><Time>2026-03-11T16:57:36+00:00</Time><DistanceMeters>2664.4</DistanceMeters><Position><LatitudeDegrees>50.599502</LatitudeDegrees><LongitudeDegrees>3.060262</LongitudeDegrees></Position><AltitudeMeters>42.2</AltitudeMeters><Extensions><TPX xmlns="http://www.garmin.com/xmlschemas/ActivityExtension/v2"><Speed>1.52</Speed></TPX></Extensions></Trackpoint><Trackpoint><Time>2026-03-11T16:57:37+00:00</Time><DistanceMeters>2668.0</DistanceMeters><Position><LatitudeDegrees>50.599502</LatitudeDegrees><LongitudeDegrees>3.060237</LongitudeDegrees></Position><AltitudeMeters>42.2</AltitudeMeters><Extensions><TPX xmlns="http://www.garmin.com/xmlschemas/ActivityExtension/v2"><Speed>2.24</Speed></TPX></Extensions></Trackpoint><Trackpoint><Time>2026-03-11T16:57:38+00:00</Time><DistanceMeters>2671.3</DistanceMeters><Position><LatitudeDegrees>50.599489</LatitudeDegrees><LongitudeDegrees>3.060197</LongitudeDegrees></Position><AltitudeMeters>42.3</AltitudeMeters><Extensions><TPX xmlns="http://www.garmin.com/xmlschemas/ActivityExtension/v2"><Speed>2.2</Speed></TPX></Extensions></Trackpoint><Trackpoint><Time>2026-03-11T16:57:39+00:00</Time><DistanceMeters>2674.3</DistanceMeters><Position><LatitudeDegrees>50.599476</LatitudeDegrees><LongitudeDegrees>3.060159</LongitudeDegrees></Position><AltitudeMeters>42.3</AltitudeMeters><Extensions><TPX xmlns="http://www.garmin.com/xmlschemas/ActivityExtension/v2"><Speed>2.39</Speed></TPX></Extensions></Trackpoint><Trackpoint><Time>2026-03-11T16:57:40+00:00</Time><DistanceMeters>2677.9</DistanceMeters><Position><LatitudeDegrees>50.59946</LatitudeDegrees><LongitudeDegrees>3.060115</LongitudeDegrees></Position><AltitudeMeters>42.3</AltitudeMeters><Extensions><TPX xmlns="http://www.garmin.com/xmlschemas/ActivityExtension/v2"><Speed>2.7</Speed></TPX></Extensions></Trackpoint><Trackpoint><Time>2026-03-11T16:57:41+00:00</Time><DistanceMeters>2680.6</DistanceMeters><Position><LatitudeDegrees>50.599443</LatitudeDegrees><LongitudeDegrees>3.060062</LongitudeDegrees></Position><AltitudeMeters>42.4</AltitudeMeters><Extensions><TPX xmlns="http://www.garmin.com/xmlschemas/ActivityExtension/v2"><Speed>3.23</Speed></TPX></Extensions></Trackpoint><Trackpoint><Time>2026-03-11T16:57:42+00:00</Time><DistanceMeters>2683.2</DistanceMeters><Position><LatitudeDegrees>50.599437</LatitudeDegrees><LongitudeDegrees>3.060048</LongitudeDegrees></Position><AltitudeMeters>42.4</AltitudeMeters><Extensions><TPX xmlns="http://www.garmin.com/xmlschemas/ActivityExtension/v2"><Speed>3.04</Speed></TPX></Extensions></Trackpoint><Trackpoint><Time>2026-03-11T16:57:43+00:00</Time><DistanceMeters>2686.1</DistanceMeters><Position><LatitudeDegrees>50.599427</LatitudeDegrees><LongitudeDegrees>3.05999</LongitudeDegrees></Position><AltitudeMeters>42.4</AltitudeMeters><Extensions><TPX xmlns="http://www.garmin.com/xmlschemas/ActivityExtension/v2"><Speed>2.96</Speed></TPX></Extensions></Trackpoint><Trackpoint><Time>2026-03-11T16:57:44+00:00</Time><DistanceMeters>2689.0</DistanceMeters><Position><LatitudeDegrees>50.599424</LatitudeDegrees><LongitudeDegrees>3.05997</LongitudeDegrees></Position><AltitudeMeters>42.4</AltitudeMeters><Extensions><TPX xmlns="http://www.garmin.com/xmlschemas/ActivityExtension/v2"><Speed>2.94</Speed></TPX></Extensions></Trackpoint><Trackpoint><Time>2026-03-11T16:57:45+00:00</Time><DistanceMeters>2692.6</DistanceMeters><Position><LatitudeDegrees>50.599413</LatitudeDegrees><LongitudeDegrees>3.059922</LongitudeDegrees></Position><AltitudeMeters>42.5</AltitudeMeters><Extensions><TPX xmlns="http://www.garmin.com/xmlschemas/ActivityExtension/v2"><Speed>2.94</Speed></TPX></Extensions></Trackpoint><Trackpoint><Time>2026-03-11T16:57:46+00:00</Time><DistanceMeters>2696.6</DistanceMeters><Position><LatitudeDegrees>50.599412</LatitudeDegrees><LongitudeDegrees>3.059865</LongitudeDegrees></Position><AltitudeMeters>42.5</AltitudeMeters><Extensions><TPX xmlns="http://www.garmin.com/xmlschemas/ActivityExtension/v2"><Speed>3.21</Speed></TPX></Extensions></Trackpoint><Trackpoint><Time>2026-03-11T16:57:47+00:00</Time><DistanceMeters>2699.8</DistanceMeters><Position><LatitudeDegrees>50.599411</LatitudeDegrees><LongitudeDegrees>3.05982</LongitudeDegrees></Position><AltitudeMeters>42.5</AltitudeMeters><Extensions><TPX xmlns="http://www.garmin.com/xmlschemas/ActivityExtension/v2"><Speed>3.32</Speed></TPX></Extensions></Trackpoint><Trackpoint><Time>2026-03-11T16:57:48+00:00</Time><DistanceMeters>2702.3</DistanceMeters><Position><LatitudeDegrees>50.599416</LatitudeDegrees><LongitudeDegrees>3.059768</LongitudeDegrees></Position><AltitudeMeters>42.6</AltitudeMeters><Extensions><TPX xmlns="http://www.garmin.com/xmlschemas/ActivityExtension/v2"><Speed>3.23</Speed></TPX></Extensions></Trackpoint><Trackpoint><Time>2026-03-11T16:57:49+00:00</Time><DistanceMeters>2704.7</DistanceMeters><Position><LatitudeDegrees>50.59942</LatitudeDegrees><LongitudeDegrees>3.059752</LongitudeDegrees></Position><AltitudeMeters>42.6</AltitudeMeters><Extensions><TPX xmlns="http://www.garmin.com/xmlschemas/ActivityExtension/v2"><Speed>3.14</Speed></TPX></Extensions></Trackpoint><Trackpoint><Time>2026-03-11T16:57:50+00:00</Time><DistanceMeters>2708.3</DistanceMeters><Position><LatitudeDegrees>50.59943</LatitudeDegrees><LongitudeDegrees>3.059705</LongitudeDegrees></Position><AltitudeMeters>42.6</AltitudeMeters><Extensions><TPX xmlns="http://www.garmin.com/xmlschemas/ActivityExtension/v2"><Speed>3.14</Speed></TPX></Extensions></Trackpoint><Trackpoint><Time>2026-03-11T16:57:51+00:00</Time><DistanceMeters>2708.3</DistanceMeters><Position><LatitudeDegrees>50.599435</LatitudeDegrees><LongitudeDegrees>3.059676</LongitudeDegrees></Position><AltitudeMeters>42.6</AltitudeMeters><Extensions><TPX xmlns="http://www.garmin.com/xmlschemas/ActivityExtension/v2"><Speed>2.34</Speed></TPX></Extensions></Trackpoint><Trackpoint><Time>2026-03-11T16:57:52+00:00</Time><DistanceMeters>2712.3</DistanceMeters><Position><LatitudeDegrees>50.599442</LatitudeDegrees><LongitudeDegrees>3.05965</LongitudeDegrees></Position><AltitudeMeters>42.6</AltitudeMeters><Extensions><TPX xmlns="http://www.garmin.com/xmlschemas/ActivityExtension/v2"><Speed>2.5</Speed></TPX></Extensions></Trackpoint><Trackpoint><Time>2026-03-11T16:57:53+00:00</Time><DistanceMeters>2714.4</DistanceMeters><Position><LatitudeDegrees>50.599451</LatitudeDegrees><LongitudeDegrees>3.05961</LongitudeDegrees></Position><AltitudeMeters>42.6</AltitudeMeters><Extensions><TPX xmlns="http://www.garmin.com/xmlschemas/ActivityExtension/v2"><Speed>2.42</Speed></TPX></Extensions></Trackpoint><Trackpoint><Time>2026-03-11T16:57:54+00:00</Time><DistanceMeters>2716.4</DistanceMeters><Position><LatitudeDegrees>50.599451</LatitudeDegrees><LongitudeDegrees>3.059595</LongitudeDegrees></Position><AltitudeMeters>42.6</AltitudeMeters><Extensions><TPX xmlns="http://www.garmin.com/xmlschemas/ActivityExtension/v2"><Speed>2.34</Speed></TPX></Extensions></Trackpoint><Trackpoint><Time>2026-03-11T16:57:55+00:00</Time><DistanceMeters>2718.7</DistanceMeters><Position><LatitudeDegrees>50.599467</LatitudeDegrees><LongitudeDegrees>3.059553</LongitudeDegrees></Position><AltitudeMeters>42.7</AltitudeMeters><Extensions><TPX xmlns="http://www.garmin.com/xmlschemas/ActivityExtension/v2"><Speed>2.07</Speed></TPX></Extensions></Trackpoint><Trackpoint><Time>2026-03-11T16:57:56+00:00</Time><DistanceMeters>2720.9</DistanceMeters><Position><LatitudeDegrees>50.599474</LatitudeDegrees><LongitudeDegrees>3.059541</LongitudeDegrees></Position><AltitudeMeters>42.7</AltitudeMeters><Extensions><TPX xmlns="http://www.garmin.com/xmlschemas/ActivityExtension/v2"><Speed>2.52</Speed></TPX></Extensions></Trackpoint><Trackpoint><Time>2026-03-11T16:57:57+00:00</Time><DistanceMeters>2723.4</DistanceMeters><Position><LatitudeDegrees>50.599502</LatitudeDegrees><LongitudeDegrees>3.059514</LongitudeDegrees></Position><AltitudeMeters>42.7</AltitudeMeters><Extensions><TPX xmlns="http://www.garmin.com/xmlschemas/ActivityExtension/v2"><Speed>2.21</Speed></TPX></Extensions></Trackpoint><Trackpoint><Time>2026-03-11T16:57:58+00:00</Time><DistanceMeters>2725.8</DistanceMeters><Position><LatitudeDegrees>50.59951</LatitudeDegrees><LongitudeDegrees>3.059503</LongitudeDegrees></Position><AltitudeMeters>42.7</AltitudeMeters><Extensions><TPX xmlns="http://www.garmin.com/xmlschemas/ActivityExtension/v2"><Speed>2.29</Speed></TPX></Extensions></Trackpoint><Trackpoint><Time>2026-03-11T16:57:59+00:00</Time><DistanceMeters>2728.1</DistanceMeters><Position><LatitudeDegrees>50.599533</LatitudeDegrees><LongitudeDegrees>3.059475</LongitudeDegrees></Position><AltitudeMeters>42.6</AltitudeMeters><Extensions><TPX xmlns="http://www.garmin.com/xmlschemas/ActivityExtension/v2"><Speed>2.34</Speed></TPX></Extensions></Trackpoint><Trackpoint><Time>2026-03-11T16:58:00+00:00</Time><DistanceMeters>2730.4</DistanceMeters><Position><LatitudeDegrees>50.599544</LatitudeDegrees><LongitudeDegrees>3.059465</LongitudeDegrees></Position><AltitudeMeters>42.6</AltitudeMeters><Extensions><TPX xmlns="http://www.garmin.com/xmlschemas/ActivityExtension/v2"><Speed>2.35</Speed></TPX></Extensions></Trackpoint><Trackpoint><Time>2026-03-11T16:58:01+00:00</Time><DistanceMeters>2732.5</DistanceMeters><Position><LatitudeDegrees>50.599566</LatitudeDegrees><LongitudeDegrees>3.059437</LongitudeDegrees></Position><AltitudeMeters>42.6</AltitudeMeters><Extensions><TPX xmlns="http://www.garmin.com/xmlschemas/ActivityExtension/v2"><Speed>2.32</Speed></TPX></Extensions></Trackpoint><Trackpoint><Time>2026-03-11T16:58:02+00:00</Time><DistanceMeters>2734.6</DistanceMeters><Position><LatitudeDegrees>50.599573</LatitudeDegrees><LongitudeDegrees>3.059427</LongitudeDegrees></Position><AltitudeMeters>42.6</AltitudeMeters><Extensions><TPX xmlns="http://www.garmin.com/xmlschemas/ActivityExtension/v2"><Speed>2.25</Speed></TPX></Extensions></Trackpoint><Trackpoint><Time>2026-03-11T16:58:03+00:00</Time><DistanceMeters>2738.1</DistanceMeters><Position><LatitudeDegrees>50.599597</LatitudeDegrees><LongitudeDegrees>3.059397</LongitudeDegrees></Position><AltitudeMeters>42.6</AltitudeMeters><Extensions><TPX xmlns="http://www.garmin.com/xmlschemas/ActivityExtension/v2"><Speed>2.46</Speed></TPX></Extensions></Trackpoint><Trackpoint><Time>2026-03-11T16:58:04+00:00</Time><DistanceMeters>2740.8</DistanceMeters><Position><LatitudeDegrees>50.599632</LatitudeDegrees><LongitudeDegrees>3.059374</LongitudeDegrees></Position><AltitudeMeters>42.6</AltitudeMeters><Extensions><TPX xmlns="http://www.garmin.com/xmlschemas/ActivityExtension/v2"><Speed>2.53</Speed></TPX></Extensions></Trackpoint><Trackpoint><Time>2026-03-11T16:58:05+00:00</Time><DistanceMeters>2743.4</DistanceMeters><Position><LatitudeDegrees>50.599642</LatitudeDegrees><LongitudeDegrees>3.059367</LongitudeDegrees></Position><AltitudeMeters>42.6</AltitudeMeters><Extensions><TPX xmlns="http://www.garmin.com/xmlschemas/ActivityExtension/v2"><Speed>2.6</Speed></TPX></Extensions></Trackpoint><Trackpoint><Time>2026-03-11T16:58:06+00:00</Time><DistanceMeters>2746.1</DistanceMeters><Position><LatitudeDegrees>50.599673</LatitudeDegrees><LongitudeDegrees>3.059341</LongitudeDegrees></Position><AltitudeMeters>42.6</AltitudeMeters><Extensions><TPX xmlns="http://www.garmin.com/xmlschemas/ActivityExtension/v2"><Speed>2.71</Speed></TPX></Extensions></Trackpoint><Trackpoint><Time>2026-03-11T16:58:07+00:00</Time><DistanceMeters>2748.7</DistanceMeters><Position><LatitudeDegrees>50.599682</LatitudeDegrees><LongitudeDegrees>3.059329</LongitudeDegrees></Position><AltitudeMeters>42.6</AltitudeMeters><Extensions><TPX xmlns="http://www.garmin.com/xmlschemas/ActivityExtension/v2"><Speed>2.82</Speed></TPX></Extensions></Trackpoint><Trackpoint><Time>2026-03-11T16:58:08+00:00</Time><DistanceMeters>2752.1</DistanceMeters><Position><LatitudeDegrees>50.599712</LatitudeDegrees><LongitudeDegrees>3.059318</LongitudeDegrees></Position><AltitudeMeters>42.6</AltitudeMeters><Extensions><TPX xmlns="http://www.garmin.com/xmlschemas/ActivityExtension/v2"><Speed>2.8</Speed></TPX></Extensions></Trackpoint><Trackpoint><Time>2026-03-11T16:58:09+00:00</Time><DistanceMeters>2754.2</DistanceMeters><Position><LatitudeDegrees>50.599736</LatitudeDegrees><LongitudeDegrees>3.059312</LongitudeDegrees></Position><AltitudeMeters>42.6</AltitudeMeters><Extensions><TPX xmlns="http://www.garmin.com/xmlschemas/ActivityExtension/v2"><Speed>2.69</Speed></TPX></Extensions></Trackpoint><Trackpoint><Time>2026-03-11T16:58:10+00:00</Time><DistanceMeters>2756.3</DistanceMeters><Position><LatitudeDegrees>50.59975</LatitudeDegrees><LongitudeDegrees>3.059309</LongitudeDegrees></Position><AltitudeMeters>42.6</AltitudeMeters><Extensions><TPX xmlns="http://www.garmin.com/xmlschemas/ActivityExtension/v2"><Speed>2.58</Speed></TPX></Extensions></Trackpoint><Trackpoint><Time>2026-03-11T16:58:11+00:00</Time><DistanceMeters>2758.4</DistanceMeters><Position><LatitudeDegrees>50.599778</LatitudeDegrees><LongitudeDegrees>3.059317</LongitudeDegrees></Position><AltitudeMeters>42.6</AltitudeMeters><Extensions><TPX xmlns="http://www.garmin.com/xmlschemas/ActivityExtension/v2"><Speed>2.47</Speed></TPX></Extensions></Trackpoint><Trackpoint><Time>2026-03-11T16:58:12+00:00</Time><DistanceMeters>2760.5</DistanceMeters><Position><LatitudeDegrees>50.599786</LatitudeDegrees><LongitudeDegrees>3.059325</LongitudeDegrees></Position><AltitudeMeters>42.6</AltitudeMeters><Extensions><TPX xmlns="http://www.garmin.com/xmlschemas/ActivityExtension/v2"><Speed>2.36</Speed></TPX></Extensions></Trackpoint><Trackpoint><Time>2026-03-11T16:58:13+00:00</Time><DistanceMeters>2763.7</DistanceMeters><Position><LatitudeDegrees>50.599806</LatitudeDegrees><LongitudeDegrees>3.059292</LongitudeDegrees></Position><AltitudeMeters>42.6</AltitudeMeters><Extensions><TPX xmlns="http://www.garmin.com/xmlschemas/ActivityExtension/v2"><Speed>2.32</Speed></TPX></Extensions></Trackpoint><Trackpoint><Time>2026-03-11T16:58:14+00:00</Time><DistanceMeters>2765.5</DistanceMeters><Position><LatitudeDegrees>50.599832</LatitudeDegrees><LongitudeDegrees>3.059277</LongitudeDegrees></Position><AltitudeMeters>42.6</AltitudeMeters><Extensions><TPX xmlns="http://www.garmin.com/xmlschemas/ActivityExtension/v2"><Speed>2.26</Speed></TPX></Extensions></Trackpoint><Trackpoint><Time>2026-03-11T16:58:15+00:00</Time><DistanceMeters>2767.3</DistanceMeters><Position><LatitudeDegrees>50.599842</LatitudeDegrees><LongitudeDegrees>3.059273</LongitudeDegrees></Position><AltitudeMeters>42.6</AltitudeMeters><Extensions><TPX xmlns="http://www.garmin.com/xmlschemas/ActivityExtension/v2"><Speed>2.2</Speed></TPX></Extensions></Trackpoint><Trackpoint><Time>2026-03-11T16:58:16+00:00</Time><DistanceMeters>2769.1</DistanceMeters><Position><LatitudeDegrees>50.599852</LatitudeDegrees><LongitudeDegrees>3.059268</LongitudeDegrees></Position><AltitudeMeters>42.6</AltitudeMeters><Extensions><TPX xmlns="http://www.garmin.com/xmlschemas/ActivityExtension/v2"><Speed>2.14</Speed></TPX></Extensions></Trackpoint><Trackpoint><Time>2026-03-11T16:58:17+00:00</Time><DistanceMeters>2771.1</DistanceMeters><Position><LatitudeDegrees>50.599877</LatitudeDegrees><LongitudeDegrees>3.059245</LongitudeDegrees></Position><AltitudeMeters>42.6</AltitudeMeters><Extensions><TPX xmlns="http://www.garmin.com/xmlschemas/ActivityExtension/v2"><Speed>2.13</Speed></TPX></Extensions></Trackpoint><Trackpoint><Time>2026-03-11T16:58:18+00:00</Time><DistanceMeters>2773.2</DistanceMeters><Position><LatitudeDegrees>50.599883</LatitudeDegrees><LongitudeDegrees>3.059236</LongitudeDegrees></Position><AltitudeMeters>42.6</AltitudeMeters><Extensions><TPX xmlns="http://www.garmin.com/xmlschemas/ActivityExtension/v2"><Speed>1.9</Speed></TPX></Extensions></Trackpoint><Trackpoint><Time>2026-03-11T16:58:19+00:00</Time><DistanceMeters>2775.4</DistanceMeters><Position><LatitudeDegrees>50.599912</LatitudeDegrees><LongitudeDegrees>3.059232</LongitudeDegrees></Position><AltitudeMeters>42.6</AltitudeMeters><Extensions><TPX xmlns="http://www.garmin.com/xmlschemas/ActivityExtension/v2"><Speed>1.97</Speed></TPX></Extensions></Trackpoint><Trackpoint><Time>2026-03-11T16:58:20+00:00</Time><DistanceMeters>2777.5</DistanceMeters><Position><LatitudeDegrees>50.599921</LatitudeDegrees><LongitudeDegrees>3.059229</LongitudeDegrees></Position><AltitudeMeters>42.6</AltitudeMeters><Extensions><TPX xmlns="http://www.garmin.com/xmlschemas/ActivityExtension/v2"><Speed>2.04</Speed></TPX></Extensions></Trackpoint><Trackpoint><Time>2026-03-11T16:58:21+00:00</Time><DistanceMeters>2779.8</DistanceMeters><Position><LatitudeDegrees>50.599953</LatitudeDegrees><LongitudeDegrees>3.059218</LongitudeDegrees></Position><AltitudeMeters>42.6</AltitudeMeters><Extensions><TPX xmlns="http://www.garmin.com/xmlschemas/ActivityExtension/v2"><Speed>2.14</Speed></TPX></Extensions></Trackpoint><Trackpoint><Time>2026-03-11T16:58:22+00:00</Time><DistanceMeters>2782.1</DistanceMeters><Position><LatitudeDegrees>50.599961</LatitudeDegrees><LongitudeDegrees>3.059214</LongitudeDegrees></Position><AltitudeMeters>42.6</AltitudeMeters><Extensions><TPX xmlns="http://www.garmin.com/xmlschemas/ActivityExtension/v2"><Speed>2.19</Speed></TPX></Extensions></Trackpoint><Trackpoint><Time>2026-03-11T16:58:23+00:00</Time><DistanceMeters>2782.1</DistanceMeters><Position><LatitudeDegrees>50.599967</LatitudeDegrees><LongitudeDegrees>3.059218</LongitudeDegrees></Position><AltitudeMeters>42.6</AltitudeMeters><Extensions><TPX xmlns="http://www.garmin.com/xmlschemas/ActivityExtension/v2"><Speed>1.78</Speed></TPX></Extensions></Trackpoint><Trackpoint><Time>2026-03-11T16:58:24+00:00</Time><DistanceMeters>2782.1</DistanceMeters><Position><LatitudeDegrees>50.599982</LatitudeDegrees><LongitudeDegrees>3.059226</LongitudeDegrees></Position><AltitudeMeters>42.6</AltitudeMeters><Extensions><TPX xmlns="http://www.garmin.com/xmlschemas/ActivityExtension/v2"><Speed>1.35</Speed></TPX></Extensions></Trackpoint><Trackpoint><Time>2026-03-11T16:58:25+00:00</Time><DistanceMeters>2786.0</DistanceMeters><Position><LatitudeDegrees>50.599995</LatitudeDegrees><LongitudeDegrees>3.059226</LongitudeDegrees></Position><AltitudeMeters>42.6</AltitudeMeters><Extensions><TPX xmlns="http://www.garmin.com/xmlschemas/ActivityExtension/v2"><Speed>1.7</Speed></TPX></Extensions></Trackpoint><Trackpoint><Time>2026-03-11T16:58:26+00:00</Time><DistanceMeters>2786.0</DistanceMeters><Position><LatitudeDegrees>50.600019</LatitudeDegrees><LongitudeDegrees>3.059217</LongitudeDegrees></Position><AltitudeMeters>42.6</AltitudeMeters><Extensions><TPX xmlns="http://www.garmin.com/xmlschemas/ActivityExtension/v2"><Speed>1.24</Speed></TPX></Extensions></Trackpoint><Trackpoint><Time>2026-03-11T16:58:27+00:00</Time><DistanceMeters>2790.0</DistanceMeters><Position><LatitudeDegrees>50.600031</LatitudeDegrees><LongitudeDegrees>3.059232</LongitudeDegrees></Position><AltitudeMeters>42.5</AltitudeMeters><Extensions><TPX xmlns="http://www.garmin.com/xmlschemas/ActivityExtension/v2"><Speed>1.58</Speed></TPX></Extensions></Trackpoint><Trackpoint><Time>2026-03-11T16:58:28+00:00</Time><DistanceMeters>2790.0</DistanceMeters><Position><LatitudeDegrees>50.600017</LatitudeDegrees><LongitudeDegrees>3.059233</LongitudeDegrees></Position><AltitudeMeters>42.5</AltitudeMeters><Extensions><TPX xmlns="http://www.garmin.com/xmlschemas/ActivityExtension/v2"><Speed>1.58</Speed></TPX></Extensions></Trackpoint><Trackpoint><Time>2026-03-11T16:58:29+00:00</Time><DistanceMeters>2790.0</DistanceMeters><Position><LatitudeDegrees>50.600029</LatitudeDegrees><LongitudeDegrees>3.059248</LongitudeDegrees></Position><AltitudeMeters>42.5</AltitudeMeters><Extensions><TPX xmlns="http://www.garmin.com/xmlschemas/ActivityExtension/v2"><Speed>1.58</Speed></TPX></Extensions></Trackpoint><Trackpoint><Time>2026-03-11T16:58:30+00:00</Time><DistanceMeters>2793.3</DistanceMeters><Position><LatitudeDegrees>50.600048</LatitudeDegrees><LongitudeDegrees>3.059271</LongitudeDegrees></Position><AltitudeMeters>42.5</AltitudeMeters><Extensions><TPX xmlns="http://www.garmin.com/xmlschemas/ActivityExtension/v2"><Speed>1.46</Speed></TPX></Extensions></Trackpoint><Trackpoint><Time>2026-03-11T16:58:31+00:00</Time><DistanceMeters>2795.5</DistanceMeters><Position><LatitudeDegrees>50.600076</LatitudeDegrees><LongitudeDegrees>3.059279</LongitudeDegrees></Position><AltitudeMeters>42.4</AltitudeMeters><Extensions><TPX xmlns="http://www.garmin.com/xmlschemas/ActivityExtension/v2"><Speed>1.89</Speed></TPX></Extensions></Trackpoint><Trackpoint><Time>2026-03-11T16:58:32+00:00</Time><DistanceMeters>2797.6</DistanceMeters><Position><LatitudeDegrees>50.600086</LatitudeDegrees><LongitudeDegrees>3.059285</LongitudeDegrees></Position><AltitudeMeters>42.4</AltitudeMeters><Extensions><TPX xmlns="http://www.garmin.com/xmlschemas/ActivityExtension/v2"><Speed>1.52</Speed></TPX></Extensions></Trackpoint><Trackpoint><Time>2026-03-11T16:58:33+00:00</Time><DistanceMeters>2799.8</DistanceMeters><Position><LatitudeDegrees>50.600101</LatitudeDegrees><LongitudeDegrees>3.059324</LongitudeDegrees></Position><AltitudeMeters>42.4</AltitudeMeters><Extensions><TPX xmlns="http://www.garmin.com/xmlschemas/ActivityExtension/v2"><Speed>1.95</Speed></TPX></Extensions></Trackpoint><Trackpoint><Time>2026-03-11T16:58:34+00:00</Time><DistanceMeters>2801.9</DistanceMeters><Position><LatitudeDegrees>50.600102</LatitudeDegrees><LongitudeDegrees>3.05934</LongitudeDegrees></Position><AltitudeMeters>42.4</AltitudeMeters><Extensions><TPX xmlns="http://www.garmin.com/xmlschemas/ActivityExtension/v2"><Speed>2.38</Speed></TPX></Extensions></Trackpoint><Trackpoint><Time>2026-03-11T16:58:35+00:00</Time><DistanceMeters>2804.0</DistanceMeters><Position><LatitudeDegrees>50.60012</LatitudeDegrees><LongitudeDegrees>3.059375</LongitudeDegrees></Position><AltitudeMeters>42.3</AltitudeMeters><Extensions><TPX xmlns="http://www.garmin.com/xmlschemas/ActivityExtension/v2"><Speed>2.14</Speed></TPX></Extensions></Trackpoint><Trackpoint><Time>2026-03-11T16:58:36+00:00</Time><DistanceMeters>2806.1</DistanceMeters><Position><LatitudeDegrees>50.600126</LatitudeDegrees><LongitudeDegrees>3.059386</LongitudeDegrees></Position><AltitudeMeters>42.3</AltitudeMeters><Extensions><TPX xmlns="http://www.garmin.com/xmlschemas/ActivityExtension/v2"><Speed>2.13</Speed></TPX></Extensions></Trackpoint><Trackpoint><Time>2026-03-11T16:58:37+00:00</Time><DistanceMeters>2808.2</DistanceMeters><Position><LatitudeDegrees>50.600129</LatitudeDegrees><LongitudeDegrees>3.059429</LongitudeDegrees></Position><AltitudeMeters>42.3</AltitudeMeters><Extensions><TPX xmlns="http://www.garmin.com/xmlschemas/ActivityExtension/v2"><Speed>2.12</Speed></TPX></Extensions></Trackpoint><Trackpoint><Time>2026-03-11T16:58:38+00:00</Time><DistanceMeters>2810.3</DistanceMeters><Position><LatitudeDegrees>50.600133</LatitudeDegrees><LongitudeDegrees>3.059445</LongitudeDegrees></Position><AltitudeMeters>42.3</AltitudeMeters><Extensions><TPX xmlns="http://www.garmin.com/xmlschemas/ActivityExtension/v2"><Speed>2.11</Speed></TPX></Extensions></Trackpoint><Trackpoint><Time>2026-03-11T16:58:39+00:00</Time><DistanceMeters>2813.6</DistanceMeters><Position><LatitudeDegrees>50.600147</LatitudeDegrees><LongitudeDegrees>3.059484</LongitudeDegrees></Position><AltitudeMeters>42.2</AltitudeMeters><Extensions><TPX xmlns="http://www.garmin.com/xmlschemas/ActivityExtension/v2"><Speed>2.34</Speed></TPX></Extensions></Trackpoint><Trackpoint><Time>2026-03-11T16:58:40+00:00</Time><DistanceMeters>2817.6</DistanceMeters><Position><LatitudeDegrees>50.600172</LatitudeDegrees><LongitudeDegrees>3.059527</LongitudeDegrees></Position><AltitudeMeters>42.2</AltitudeMeters><Extensions><TPX xmlns="http://www.garmin.com/xmlschemas/ActivityExtension/v2"><Speed>2.72</Speed></TPX></Extensions></Trackpoint><Trackpoint><Time>2026-03-11T16:58:41+00:00</Time><DistanceMeters>2820.9</DistanceMeters><Position><LatitudeDegrees>50.60019</LatitudeDegrees><LongitudeDegrees>3.059563</LongitudeDegrees></Position><AltitudeMeters>42.2</AltitudeMeters><Extensions><TPX xmlns="http://www.garmin.com/xmlschemas/ActivityExtension/v2"><Speed>2.96</Speed></TPX></Extensions></Trackpoint><Trackpoint><Time>2026-03-11T16:58:42+00:00</Time><DistanceMeters>2824.3</DistanceMeters><Position><LatitudeDegrees>50.600206</LatitudeDegrees><LongitudeDegrees>3.059627</LongitudeDegrees></Position><AltitudeMeters>42.1</AltitudeMeters><Extensions><TPX xmlns="http://www.garmin.com/xmlschemas/ActivityExtension/v2"><Speed>3.22</Speed></TPX></Extensions></Trackpoint><Trackpoint><Time>2026-03-11T16:58:43+00:00</Time><DistanceMeters>2827.7</DistanceMeters><Position><LatitudeDegrees>50.600212</LatitudeDegrees><LongitudeDegrees>3.059653</LongitudeDegrees></Position><AltitudeMeters>42.1</AltitudeMeters><Extensions><TPX xmlns="http://www.garmin.com/xmlschemas/ActivityExtension/v2"><Speed>3.48</Speed></TPX></Extensions></Trackpoint><Trackpoint><Time>2026-03-11T16:58:44+00:00</Time><DistanceMeters>2834.4</DistanceMeters><Position><LatitudeDegrees>50.600257</LatitudeDegrees><LongitudeDegrees>3.059713</LongitudeDegrees></Position><AltitudeMeters>42.0</AltitudeMeters><Extensions><TPX xmlns="http://www.garmin.com/xmlschemas/ActivityExtension/v2"><Speed>4.16</Speed></TPX></Extensions></Trackpoint><Trackpoint><Time>2026-03-11T16:58:45+00:00</Time><DistanceMeters>2838.1</DistanceMeters><Position><LatitudeDegrees>50.600286</LatitudeDegrees><LongitudeDegrees>3.059739</LongitudeDegrees></Position><AltitudeMeters>41.9</AltitudeMeters><Extensions><TPX xmlns="http://www.garmin.com/xmlschemas/ActivityExtension/v2"><Speed>4.1</Speed></TPX></Extensions></Trackpoint><Trackpoint><Time>2026-03-11T16:58:46+00:00</Time><DistanceMeters>2841.7</DistanceMeters><Position><LatitudeDegrees>50.600319</LatitudeDegrees><LongitudeDegrees>3.059743</LongitudeDegrees></Position><AltitudeMeters>41.9</AltitudeMeters><Extensions><TPX xmlns="http://www.garmin.com/xmlschemas/ActivityExtension/v2"><Speed>4.16</Speed></TPX></Extensions></Trackpoint><Trackpoint><Time>2026-03-11T16:58:47+00:00</Time><DistanceMeters>2844.8</DistanceMeters><Position><LatitudeDegrees>50.600347</LatitudeDegrees><LongitudeDegrees>3.059743</LongitudeDegrees></Position><AltitudeMeters>41.8</AltitudeMeters><Extensions><TPX xmlns="http://www.garmin.com/xmlschemas/ActivityExtension/v2"><Speed>4.1</Speed></TPX></Extensions></Trackpoint><Trackpoint><Time>2026-03-11T16:58:48+00:00</Time><DistanceMeters>2847.8</DistanceMeters><Position><LatitudeDegrees>50.600387</LatitudeDegrees><LongitudeDegrees>3.059739</LongitudeDegrees></Position><AltitudeMeters>41.8</AltitudeMeters><Extensions><TPX xmlns="http://www.garmin.com/xmlschemas/ActivityExtension/v2"><Speed>4.02</Speed></TPX></Extensions></Trackpoint><Trackpoint><Time>2026-03-11T16:58:49+00:00</Time><DistanceMeters>2850.8</DistanceMeters><Position><LatitudeDegrees>50.600401</LatitudeDegrees><LongitudeDegrees>3.059742</LongitudeDegrees></Position><AltitudeMeters>41.8</AltitudeMeters><Extensions><TPX xmlns="http://www.garmin.com/xmlschemas/ActivityExtension/v2"><Speed>3.28</Speed></TPX></Extensions></Trackpoint><Trackpoint><Time>2026-03-11T16:58:50+00:00</Time><DistanceMeters>2854.5</DistanceMeters><Position><LatitudeDegrees>50.600433</LatitudeDegrees><LongitudeDegrees>3.059733</LongitudeDegrees></Position><AltitudeMeters>41.8</AltitudeMeters><Extensions><TPX xmlns="http://www.garmin.com/xmlschemas/ActivityExtension/v2"><Speed>3.28</Speed></TPX></Extensions></Trackpoint><Trackpoint><Time>2026-03-11T16:58:51+00:00</Time><DistanceMeters>2857.6</DistanceMeters><Position><LatitudeDegrees>50.600461</LatitudeDegrees><LongitudeDegrees>3.059728</LongitudeDegrees></Position><AltitudeMeters>41.8</AltitudeMeters><Extensions><TPX xmlns="http://www.garmin.com/xmlschemas/ActivityExtension/v2"><Speed>3.18</Speed></TPX></Extensions></Trackpoint><Trackpoint><Time>2026-03-11T16:58:52+00:00</Time><DistanceMeters>2860.1</DistanceMeters><Position><LatitudeDegrees>50.600493</LatitudeDegrees><LongitudeDegrees>3.059706</LongitudeDegrees></Position><AltitudeMeters>41.8</AltitudeMeters><Extensions><TPX xmlns="http://www.garmin.com/xmlschemas/ActivityExtension/v2"><Speed>3.06</Speed></TPX></Extensions></Trackpoint><Trackpoint><Time>2026-03-11T16:58:53+00:00</Time><DistanceMeters>2862.6</DistanceMeters><Position><LatitudeDegrees>50.600502</LatitudeDegrees><LongitudeDegrees>3.059699</LongitudeDegrees></Position><AltitudeMeters>41.7</AltitudeMeters><Extensions><TPX xmlns="http://www.garmin.com/xmlschemas/ActivityExtension/v2"><Speed>2.96</Speed></TPX></Extensions></Trackpoint><Trackpoint><Time>2026-03-11T16:58:54+00:00</Time><DistanceMeters>2865.9</DistanceMeters><Position><LatitudeDegrees>50.600531</LatitudeDegrees><LongitudeDegrees>3.059694</LongitudeDegrees></Position><AltitudeMeters>41.7</AltitudeMeters><Extensions><TPX xmlns="http://www.garmin.com/xmlschemas/ActivityExtension/v2"><Speed>3.02</Speed></TPX></Extensions></Trackpoint><Trackpoint><Time>2026-03-11T16:58:55+00:00</Time><DistanceMeters>2869.4</DistanceMeters><Position><LatitudeDegrees>50.600563</LatitudeDegrees><LongitudeDegrees>3.059697</LongitudeDegrees></Position><AltitudeMeters>41.7</AltitudeMeters><Extensions><TPX xmlns="http://www.garmin.com/xmlschemas/ActivityExtension/v2"><Speed>2.98</Speed></TPX></Extensions></Trackpoint><Trackpoint><Time>2026-03-11T16:58:56+00:00</Time><DistanceMeters>2872.9</DistanceMeters><Position><LatitudeDegrees>50.600591</LatitudeDegrees><LongitudeDegrees>3.059675</LongitudeDegrees></Position><AltitudeMeters>41.7</AltitudeMeters><Extensions><TPX xmlns="http://www.garmin.com/xmlschemas/ActivityExtension/v2"><Speed>3.06</Speed></TPX></Extensions></Trackpoint><Trackpoint><Time>2026-03-11T16:58:57+00:00</Time><DistanceMeters>2875.9</DistanceMeters><Position><LatitudeDegrees>50.600627</LatitudeDegrees><LongitudeDegrees>3.059648</LongitudeDegrees></Position><AltitudeMeters>41.6</AltitudeMeters><Extensions><TPX xmlns="http://www.garmin.com/xmlschemas/ActivityExtension/v2"><Speed>3.16</Speed></TPX></Extensions></Trackpoint><Trackpoint><Time>2026-03-11T16:58:58+00:00</Time><DistanceMeters>2878.9</DistanceMeters><Position><LatitudeDegrees>50.600641</LatitudeDegrees><LongitudeDegrees>3.059642</LongitudeDegrees></Position><AltitudeMeters>41.6</AltitudeMeters><Extensions><TPX xmlns="http://www.garmin.com/xmlschemas/ActivityExtension/v2"><Speed>3.26</Speed></TPX></Extensions></Trackpoint><Trackpoint><Time>2026-03-11T16:58:59+00:00</Time><DistanceMeters>2882.2</DistanceMeters><Position><LatitudeDegrees>50.60067</LatitudeDegrees><LongitudeDegrees>3.059632</LongitudeDegrees></Position><AltitudeMeters>41.6</AltitudeMeters><Extensions><TPX xmlns="http://www.garmin.com/xmlschemas/ActivityExtension/v2"><Speed>3.26</Speed></TPX></Extensions></Trackpoint><Trackpoint><Time>2026-03-11T16:59:00+00:00</Time><DistanceMeters>2884.6</DistanceMeters><Position><LatitudeDegrees>50.600699</LatitudeDegrees><LongitudeDegrees>3.059604</LongitudeDegrees></Position><AltitudeMeters>41.6</AltitudeMeters><Extensions><TPX xmlns="http://www.garmin.com/xmlschemas/ActivityExtension/v2"><Speed>3.05</Speed></TPX></Extensions></Trackpoint><Trackpoint><Time>2026-03-11T16:59:01+00:00</Time><DistanceMeters>2887.1</DistanceMeters><Position><LatitudeDegrees>50.600709</LatitudeDegrees><LongitudeDegrees>3.059598</LongitudeDegrees></Position><AltitudeMeters>41.6</AltitudeMeters><Extensions><TPX xmlns="http://www.garmin.com/xmlschemas/ActivityExtension/v2"><Speed>2.84</Speed></TPX></Extensions></Trackpoint><Trackpoint><Time>2026-03-11T16:59:02+00:00</Time><DistanceMeters>2889.6</DistanceMeters><Position><LatitudeDegrees>50.60074</LatitudeDegrees><LongitudeDegrees>3.059584</LongitudeDegrees></Position><AltitudeMeters>41.6</AltitudeMeters><Extensions><TPX xmlns="http://www.garmin.com/xmlschemas/ActivityExtension/v2"><Speed>2.74</Speed></TPX></Extensions></Trackpoint><Trackpoint><Time>2026-03-11T16:59:03+00:00</Time><DistanceMeters>2892.1</DistanceMeters><Position><LatitudeDegrees>50.600751</LatitudeDegrees><LongitudeDegrees>3.059579</LongitudeDegrees></Position><AltitudeMeters>41.5</AltitudeMeters><Extensions><TPX xmlns="http://www.garmin.com/xmlschemas/ActivityExtension/v2"><Speed>2.64</Speed></TPX></Extensions></Trackpoint><Trackpoint><Time>2026-03-11T16:59:04+00:00</Time><DistanceMeters>2896.2</DistanceMeters><Position><LatitudeDegrees>50.600787</LatitudeDegrees><LongitudeDegrees>3.059562</LongitudeDegrees></Position><AltitudeMeters>41.5</AltitudeMeters><Extensions><TPX xmlns="http://www.garmin.com/xmlschemas/ActivityExtension/v2"><Speed>2.8</Speed></TPX></Extensions></Trackpoint><Trackpoint><Time>2026-03-11T16:59:05+00:00</Time><DistanceMeters>2898.8</DistanceMeters><Position><LatitudeDegrees>50.600818</LatitudeDegrees><LongitudeDegrees>3.05954</LongitudeDegrees></Position><AltitudeMeters>41.5</AltitudeMeters><Extensions><TPX xmlns="http://www.garmin.com/xmlschemas/ActivityExtension/v2"><Speed>2.83</Speed></TPX></Extensions></Trackpoint><Trackpoint><Time>2026-03-11T16:59:06+00:00</Time><DistanceMeters>2901.4</DistanceMeters><Position><LatitudeDegrees>50.600831</LatitudeDegrees><LongitudeDegrees>3.059536</LongitudeDegrees></Position><AltitudeMeters>41.5</AltitudeMeters><Extensions><TPX xmlns="http://www.garmin.com/xmlschemas/ActivityExtension/v2"><Speed>2.86</Speed></TPX></Extensions></Trackpoint><Trackpoint><Time>2026-03-11T16:59:07+00:00</Time><DistanceMeters>2903.8</DistanceMeters><Position><LatitudeDegrees>50.60086</LatitudeDegrees><LongitudeDegrees>3.059522</LongitudeDegrees></Position><AltitudeMeters>41.5</AltitudeMeters><Extensions><TPX xmlns="http://www.garmin.com/xmlschemas/ActivityExtension/v2"><Speed>2.83</Speed></TPX></Extensions></Trackpoint><Trackpoint><Time>2026-03-11T16:59:08+00:00</Time><DistanceMeters>2906.1</DistanceMeters><Position><LatitudeDegrees>50.600869</LatitudeDegrees><LongitudeDegrees>3.05951</LongitudeDegrees></Position><AltitudeMeters>41.5</AltitudeMeters><Extensions><TPX xmlns="http://www.garmin.com/xmlschemas/ActivityExtension/v2"><Speed>2.8</Speed></TPX></Extensions></Trackpoint><Trackpoint><Time>2026-03-11T16:59:09+00:00</Time><DistanceMeters>2909.0</DistanceMeters><Position><LatitudeDegrees>50.600907</LatitudeDegrees><LongitudeDegrees>3.059492</LongitudeDegrees></Position><AltitudeMeters>41.5</AltitudeMeters><Extensions><TPX xmlns="http://www.garmin.com/xmlschemas/ActivityExtension/v2"><Speed>2.55</Speed></TPX></Extensions></Trackpoint><Trackpoint><Time>2026-03-11T16:59:10+00:00</Time><DistanceMeters>2911.8</DistanceMeters><Position><LatitudeDegrees>50.600918</LatitudeDegrees><LongitudeDegrees>3.059481</LongitudeDegrees></Position><AltitudeMeters>41.4</AltitudeMeters><Extensions><TPX xmlns="http://www.garmin.com/xmlschemas/ActivityExtension/v2"><Speed>2.6</Speed></TPX></Extensions></Trackpoint><Trackpoint><Time>2026-03-11T16:59:11+00:00</Time><DistanceMeters>2915.5</DistanceMeters><Position><LatitudeDegrees>50.600946</LatitudeDegrees><LongitudeDegrees>3.059454</LongitudeDegrees></Position><AltitudeMeters>41.4</AltitudeMeters><Extensions><TPX xmlns="http://www.garmin.com/xmlschemas/ActivityExtension/v2"><Speed>2.82</Speed></TPX></Extensions></Trackpoint><Trackpoint><Time>2026-03-11T16:59:12+00:00</Time><DistanceMeters>2919.7</DistanceMeters><Position><LatitudeDegrees>50.600981</LatitudeDegrees><LongitudeDegrees>3.059432</LongitudeDegrees></Position><AltitudeMeters>41.4</AltitudeMeters><Extensions><TPX xmlns="http://www.garmin.com/xmlschemas/ActivityExtension/v2"><Speed>3.19</Speed></TPX></Extensions></Trackpoint><Trackpoint><Time>2026-03-11T16:59:13+00:00</Time><DistanceMeters>2922.4</DistanceMeters><Position><LatitudeDegrees>50.601018</LatitudeDegrees><LongitudeDegrees>3.059431</LongitudeDegrees></Position><AltitudeMeters>41.4</AltitudeMeters><Extensions><TPX xmlns="http://www.garmin.com/xmlschemas/ActivityExtension/v2"><Speed>3.26</Speed></TPX></Extensions></Trackpoint><Trackpoint><Time>2026-03-11T16:59:14+00:00</Time><DistanceMeters>2925.1</DistanceMeters><Position><LatitudeDegrees>50.60103</LatitudeDegrees><LongitudeDegrees>3.059427</LongitudeDegrees></Position><AltitudeMeters>41.4</AltitudeMeters><Extensions><TPX xmlns="http://www.garmin.com/xmlschemas/ActivityExtension/v2"><Speed>3.23</Speed></TPX></Extensions></Trackpoint><Trackpoint><Time>2026-03-11T16:59:15+00:00</Time><DistanceMeters>2927.6</DistanceMeters><Position><LatitudeDegrees>50.601057</LatitudeDegrees><LongitudeDegrees>3.059399</LongitudeDegrees></Position><AltitudeMeters>41.4</AltitudeMeters><Extensions><TPX xmlns="http://www.garmin.com/xmlschemas/ActivityExtension/v2"><Speed>3.15</Speed></TPX></Extensions></Trackpoint><Trackpoint><Time>2026-03-11T16:59:16+00:00</Time><DistanceMeters>2930.0</DistanceMeters><Position><LatitudeDegrees>50.601065</LatitudeDegrees><LongitudeDegrees>3.059388</LongitudeDegrees></Position><AltitudeMeters>41.4</AltitudeMeters><Extensions><TPX xmlns="http://www.garmin.com/xmlschemas/ActivityExtension/v2"><Speed>2.9</Speed></TPX></Extensions></Trackpoint><Trackpoint><Time>2026-03-11T16:59:17+00:00</Time><DistanceMeters>2932.2</DistanceMeters><Position><LatitudeDegrees>50.601088</LatitudeDegrees><LongitudeDegrees>3.05937</LongitudeDegrees></Position><AltitudeMeters>41.4</AltitudeMeters><Extensions><TPX xmlns="http://www.garmin.com/xmlschemas/ActivityExtension/v2"><Speed>2.5</Speed></TPX></Extensions></Trackpoint><Trackpoint><Time>2026-03-11T16:59:18+00:00</Time><DistanceMeters>2934.4</DistanceMeters><Position><LatitudeDegrees>50.601101</LatitudeDegrees><LongitudeDegrees>3.05936</LongitudeDegrees></Position><AltitudeMeters>41.4</AltitudeMeters><Extensions><TPX xmlns="http://www.garmin.com/xmlschemas/ActivityExtension/v2"><Speed>2.4</Speed></TPX></Extensions></Trackpoint><Trackpoint><Time>2026-03-11T16:59:19+00:00</Time><DistanceMeters>2937.0</DistanceMeters><Position><LatitudeDegrees>50.601129</LatitudeDegrees><LongitudeDegrees>3.059333</LongitudeDegrees></Position><AltitudeMeters>41.5</AltitudeMeters><Extensions><TPX xmlns="http://www.garmin.com/xmlschemas/ActivityExtension/v2"><Speed>2.37</Speed></TPX></Extensions></Trackpoint><Trackpoint><Time>2026-03-11T16:59:20+00:00</Time><DistanceMeters>2939.5</DistanceMeters><Position><LatitudeDegrees>50.60114</LatitudeDegrees><LongitudeDegrees>3.059322</LongitudeDegrees></Position><AltitudeMeters>41.5</AltitudeMeters><Extensions><TPX xmlns="http://www.garmin.com/xmlschemas/ActivityExtension/v2"><Speed>2.39</Speed></TPX></Extensions></Trackpoint><Trackpoint><Time>2026-03-11T16:59:21+00:00</Time><DistanceMeters>2942.8</DistanceMeters><Position><LatitudeDegrees>50.601167</LatitudeDegrees><LongitudeDegrees>3.059306</LongitudeDegrees></Position><AltitudeMeters>41.5</AltitudeMeters><Extensions><TPX xmlns="http://www.garmin.com/xmlschemas/ActivityExtension/v2"><Speed>2.56</Speed></TPX></Extensions></Trackpoint><Trackpoint><Time>2026-03-11T16:59:22+00:00</Time><DistanceMeters>2945.7</DistanceMeters><Position><LatitudeDegrees>50.601201</LatitudeDegrees><LongitudeDegrees>3.059278</LongitudeDegrees></Position><AltitudeMeters>41.5</AltitudeMeters><Extensions><TPX xmlns="http://www.garmin.com/xmlschemas/ActivityExtension/v2"><Speed>2.7</Speed></TPX></Extensions></Trackpoint><Trackpoint><Time>2026-03-11T16:59:23+00:00</Time><DistanceMeters>2948.6</DistanceMeters><Position><LatitudeDegrees>50.601214</LatitudeDegrees><LongitudeDegrees>3.059268</LongitudeDegrees></Position><AltitudeMeters>41.5</AltitudeMeters><Extensions><TPX xmlns="http://www.garmin.com/xmlschemas/ActivityExtension/v2"><Speed>2.84</Speed></TPX></Extensions></Trackpoint><Trackpoint><Time>2026-03-11T16:59:24+00:00</Time><DistanceMeters>2952.1</DistanceMeters><Position><LatitudeDegrees>50.601244</LatitudeDegrees><LongitudeDegrees>3.059253</LongitudeDegrees></Position><AltitudeMeters>41.6</AltitudeMeters><Extensions><TPX xmlns="http://www.garmin.com/xmlschemas/ActivityExtension/v2"><Speed>3.03</Speed></TPX></Extensions></Trackpoint><Trackpoint><Time>2026-03-11T16:59:25+00:00</Time><DistanceMeters>2955.2</DistanceMeters><Position><LatitudeDegrees>50.601269</LatitudeDegrees><LongitudeDegrees>3.059235</LongitudeDegrees></Position><AltitudeMeters>41.6</AltitudeMeters><Extensions><TPX xmlns="http://www.garmin.com/xmlschemas/ActivityExtension/v2"><Speed>3.14</Speed></TPX></Extensions></Trackpoint><Trackpoint><Time>2026-03-11T16:59:26+00:00</Time><DistanceMeters>2955.2</DistanceMeters><Position><LatitudeDegrees>50.601294</LatitudeDegrees><LongitudeDegrees>3.059228</LongitudeDegrees></Position><AltitudeMeters>41.6</AltitudeMeters><Extensions><TPX xmlns="http://www.garmin.com/xmlschemas/ActivityExtension/v2"><Speed>2.48</Speed></TPX></Extensions></Trackpoint><Trackpoint><Time>2026-03-11T16:59:27+00:00</Time><DistanceMeters>2958.3</DistanceMeters><Position><LatitudeDegrees>50.601291</LatitudeDegrees><LongitudeDegrees>3.059209</LongitudeDegrees></Position><AltitudeMeters>41.7</AltitudeMeters><Extensions><TPX xmlns="http://www.garmin.com/xmlschemas/ActivityExtension/v2"><Speed>2.52</Speed></TPX></Extensions></Trackpoint><Trackpoint><Time>2026-03-11T16:59:28+00:00</Time><DistanceMeters>2960.7</DistanceMeters><Position><LatitudeDegrees>50.60132</LatitudeDegrees><LongitudeDegrees>3.059188</LongitudeDegrees></Position><AltitudeMeters>41.7</AltitudeMeters><Extensions><TPX xmlns="http://www.garmin.com/xmlschemas/ActivityExtension/v2"><Speed>2.41</Speed></TPX></Extensions></Trackpoint><Trackpoint><Time>2026-03-11T16:59:29+00:00</Time><DistanceMeters>2963.0</DistanceMeters><Position><LatitudeDegrees>50.601327</LatitudeDegrees><LongitudeDegrees>3.059173</LongitudeDegrees></Position><AltitudeMeters>41.7</AltitudeMeters><Extensions><TPX xmlns="http://www.garmin.com/xmlschemas/ActivityExtension/v2"><Speed>2.18</Speed></TPX></Extensions></Trackpoint><Trackpoint><Time>2026-03-11T16:59:30+00:00</Time><DistanceMeters>2965.6</DistanceMeters><Position><LatitudeDegrees>50.601328</LatitudeDegrees><LongitudeDegrees>3.05912</LongitudeDegrees></Position><AltitudeMeters>41.8</AltitudeMeters><Extensions><TPX xmlns="http://www.garmin.com/xmlschemas/ActivityExtension/v2"><Speed>2.07</Speed></TPX></Extensions></Trackpoint><Trackpoint><Time>2026-03-11T16:59:31+00:00</Time><DistanceMeters>2968.1</DistanceMeters><Position><LatitudeDegrees>50.601328</LatitudeDegrees><LongitudeDegrees>3.059101</LongitudeDegrees></Position><AltitudeMeters>41.8</AltitudeMeters><Extensions><TPX xmlns="http://www.garmin.com/xmlschemas/ActivityExtension/v2"><Speed>2.58</Speed></TPX></Extensions></Trackpoint><Trackpoint><Time>2026-03-11T16:59:32+00:00</Time><DistanceMeters>2971.2</DistanceMeters><Position><LatitudeDegrees>50.60132</LatitudeDegrees><LongitudeDegrees>3.059059</LongitudeDegrees></Position><AltitudeMeters>41.8</AltitudeMeters><Extensions><TPX xmlns="http://www.garmin.com/xmlschemas/ActivityExtension/v2"><Speed>2.58</Speed></TPX></Extensions></Trackpoint><Trackpoint><Time>2026-03-11T16:59:33+00:00</Time><DistanceMeters>2974.0</DistanceMeters><Position><LatitudeDegrees>50.601323</LatitudeDegrees><LongitudeDegrees>3.059011</LongitudeDegrees></Position><AltitudeMeters>41.8</AltitudeMeters><Extensions><TPX xmlns="http://www.garmin.com/xmlschemas/ActivityExtension/v2"><Speed>2.66</Speed></TPX></Extensions></Trackpoint><Trackpoint><Time>2026-03-11T16:59:34+00:00</Time><DistanceMeters>2976.7</DistanceMeters><Position><LatitudeDegrees>50.601318</LatitudeDegrees><LongitudeDegrees>3.058982</LongitudeDegrees></Position><AltitudeMeters>41.8</AltitudeMeters><Extensions><TPX xmlns="http://www.garmin.com/xmlschemas/ActivityExtension/v2"><Speed>2.74</Speed></TPX></Extensions></Trackpoint><Trackpoint><Time>2026-03-11T16:59:35+00:00</Time><DistanceMeters>2976.7</DistanceMeters><Position><LatitudeDegrees>50.60131</LatitudeDegrees><LongitudeDegrees>3.058956</LongitudeDegrees></Position><AltitudeMeters>41.9</AltitudeMeters><Extensions><TPX xmlns="http://www.garmin.com/xmlschemas/ActivityExtension/v2"><Speed>2.23</Speed></TPX></Extensions></Trackpoint><Trackpoint><Time>2026-03-11T16:59:36+00:00</Time><DistanceMeters>2980.4</DistanceMeters><Position><LatitudeDegrees>50.601316</LatitudeDegrees><LongitudeDegrees>3.058929</LongitudeDegrees></Position><AltitudeMeters>41.9</AltitudeMeters><Extensions><TPX xmlns="http://www.garmin.com/xmlschemas/ActivityExtension/v2"><Speed>2.46</Speed></TPX></Extensions></Trackpoint><Trackpoint><Time>2026-03-11T16:59:37+00:00</Time><DistanceMeters>2983.4</DistanceMeters><Position><LatitudeDegrees>50.601309</LatitudeDegrees><LongitudeDegrees>3.058888</LongitudeDegrees></Position><AltitudeMeters>41.9</AltitudeMeters><Extensions><TPX xmlns="http://www.garmin.com/xmlschemas/ActivityExtension/v2"><Speed>2.44</Speed></TPX></Extensions></Trackpoint><Trackpoint><Time>2026-03-11T16:59:38+00:00</Time><DistanceMeters>2986.0</DistanceMeters><Position><LatitudeDegrees>50.601317</LatitudeDegrees><LongitudeDegrees>3.058835</LongitudeDegrees></Position><AltitudeMeters>41.9</AltitudeMeters><Extensions><TPX xmlns="http://www.garmin.com/xmlschemas/ActivityExtension/v2"><Speed>2.41</Speed></TPX></Extensions></Trackpoint><Trackpoint><Time>2026-03-11T16:59:39+00:00</Time><DistanceMeters>2988.6</DistanceMeters><Position><LatitudeDegrees>50.601315</LatitudeDegrees><LongitudeDegrees>3.058816</LongitudeDegrees></Position><AltitudeMeters>41.9</AltitudeMeters><Extensions><TPX xmlns="http://www.garmin.com/xmlschemas/ActivityExtension/v2"><Speed>2.38</Speed></TPX></Extensions></Trackpoint><Trackpoint><Time>2026-03-11T16:59:40+00:00</Time><DistanceMeters>2992.1</DistanceMeters><Position><LatitudeDegrees>50.601317</LatitudeDegrees><LongitudeDegrees>3.058766</LongitudeDegrees></Position><AltitudeMeters>41.9</AltitudeMeters><Extensions><TPX xmlns="http://www.garmin.com/xmlschemas/ActivityExtension/v2"><Speed>3.08</Speed></TPX></Extensions></Trackpoint><Trackpoint><Time>2026-03-11T16:59:41+00:00</Time><DistanceMeters>2994.9</DistanceMeters><Position><LatitudeDegrees>50.601304</LatitudeDegrees><LongitudeDegrees>3.058712</LongitudeDegrees></Position><AltitudeMeters>41.9</AltitudeMeters><Extensions><TPX xmlns="http://www.garmin.com/xmlschemas/ActivityExtension/v2"><Speed>2.89</Speed></TPX></Extensions></Trackpoint><Trackpoint><Time>2026-03-11T16:59:42+00:00</Time><DistanceMeters>2997.6</DistanceMeters><Position><LatitudeDegrees>50.601299</LatitudeDegrees><LongitudeDegrees>3.058693</LongitudeDegrees></Position><AltitudeMeters>41.9</AltitudeMeters><Extensions><TPX xmlns="http://www.garmin.com/xmlschemas/ActivityExtension/v2"><Speed>2.84</Speed></TPX></Extensions></Trackpoint><Trackpoint><Time>2026-03-11T16:59:43+00:00</Time><DistanceMeters>3000.2</DistanceMeters><Position><LatitudeDegrees>50.601303</LatitudeDegrees><LongitudeDegrees>3.05864</LongitudeDegrees></Position><AltitudeMeters>41.9</AltitudeMeters><Extensions><TPX xmlns="http://www.garmin.com/xmlschemas/ActivityExtension/v2"><Speed>2.84</Speed></TPX></Extensions></Trackpoint><Trackpoint><Time>2026-03-11T16:59:44+00:00</Time><DistanceMeters>3002.8</DistanceMeters><Position><LatitudeDegrees>50.601303</LatitudeDegrees><LongitudeDegrees>3.058619</LongitudeDegrees></Position><AltitudeMeters>41.9</AltitudeMeters><Extensions><TPX xmlns="http://www.garmin.com/xmlschemas/ActivityExtension/v2"><Speed>2.84</Speed></TPX></Extensions></Trackpoint><Trackpoint><Time>2026-03-11T16:59:45+00:00</Time><DistanceMeters>3005.9</DistanceMeters><Position><LatitudeDegrees>50.601307</LatitudeDegrees><LongitudeDegrees>3.058577</LongitudeDegrees></Position><AltitudeMeters>41.9</AltitudeMeters><Extensions><TPX xmlns="http://www.garmin.com/xmlschemas/ActivityExtension/v2"><Speed>2.76</Speed></TPX></Extensions></Trackpoint><Trackpoint><Time>2026-03-11T16:59:46+00:00</Time><DistanceMeters>3009.0</DistanceMeters><Position><LatitudeDegrees>50.601292</LatitudeDegrees><LongitudeDegrees>3.058539</LongitudeDegrees></Position><AltitudeMeters>41.8</AltitudeMeters><Extensions><TPX xmlns="http://www.garmin.com/xmlschemas/ActivityExtension/v2"><Speed>2.83</Speed></TPX></Extensions></Trackpoint><Trackpoint><Time>2026-03-11T16:59:47+00:00</Time><DistanceMeters>3012.1</DistanceMeters><Position><LatitudeDegrees>50.60129</LatitudeDegrees><LongitudeDegrees>3.058497</LongitudeDegrees></Position><AltitudeMeters>41.8</AltitudeMeters><Extensions><TPX xmlns="http://www.garmin.com/xmlschemas/ActivityExtension/v2"><Speed>2.9</Speed></TPX></Extensions></Trackpoint><Trackpoint><Time>2026-03-11T16:59:48+00:00</Time><DistanceMeters>3015.4</DistanceMeters><Position><LatitudeDegrees>50.601292</LatitudeDegrees><LongitudeDegrees>3.05845</LongitudeDegrees></Position><AltitudeMeters>41.8</AltitudeMeters><Extensions><TPX xmlns="http://www.garmin.com/xmlschemas/ActivityExtension/v2"><Speed>3.04</Speed></TPX></Extensions></Trackpoint><Trackpoint><Time>2026-03-11T16:59:49+00:00</Time><DistanceMeters>3019.0</DistanceMeters><Position><LatitudeDegrees>50.601286</LatitudeDegrees><LongitudeDegrees>3.058382</LongitudeDegrees></Position><AltitudeMeters>41.6</AltitudeMeters><Extensions><TPX xmlns="http://www.garmin.com/xmlschemas/ActivityExtension/v2"><Speed>3.24</Speed></TPX></Extensions></Trackpoint><Trackpoint><Time>2026-03-11T16:59:50+00:00</Time><DistanceMeters>3022.6</DistanceMeters><Position><LatitudeDegrees>50.601281</LatitudeDegrees><LongitudeDegrees>3.05835</LongitudeDegrees></Position><AltitudeMeters>41.6</AltitudeMeters><Extensions><TPX xmlns="http://www.garmin.com/xmlschemas/ActivityExtension/v2"><Speed>3.34</Speed></TPX></Extensions></Trackpoint><Trackpoint><Time>2026-03-11T16:59:51+00:00</Time><DistanceMeters>3025.4</DistanceMeters><Position><LatitudeDegrees>50.601285</LatitudeDegrees><LongitudeDegrees>3.058292</LongitudeDegrees></Position><AltitudeMeters>41.5</AltitudeMeters><Extensions><TPX xmlns="http://www.garmin.com/xmlschemas/ActivityExtension/v2"><Speed>3.27</Speed></TPX></Extensions></Trackpoint><Trackpoint><Time>2026-03-11T16:59:52+00:00</Time><DistanceMeters>3028.1</DistanceMeters><Position><LatitudeDegrees>50.601285</LatitudeDegrees><LongitudeDegrees>3.058272</LongitudeDegrees></Position><AltitudeMeters>41.5</AltitudeMeters><Extensions><TPX xmlns="http://www.garmin.com/xmlschemas/ActivityExtension/v2"><Speed>3.2</Speed></TPX></Extensions></Trackpoint><Trackpoint><Time>2026-03-11T16:59:53+00:00</Time><DistanceMeters>3031.4</DistanceMeters><Position><LatitudeDegrees>50.601287</LatitudeDegrees><LongitudeDegrees>3.058226</LongitudeDegrees></Position><AltitudeMeters>41.4</AltitudeMeters><Extensions><TPX xmlns="http://www.garmin.com/xmlschemas/ActivityExtension/v2"><Speed>3.2</Speed></TPX></Extensions></Trackpoint><Trackpoint><Time>2026-03-11T16:59:54+00:00</Time><DistanceMeters>3034.5</DistanceMeters><Position><LatitudeDegrees>50.601296</LatitudeDegrees><LongitudeDegrees>3.058184</LongitudeDegrees></Position><AltitudeMeters>41.3</AltitudeMeters><Extensions><TPX xmlns="http://www.garmin.com/xmlschemas/ActivityExtension/v2"><Speed>3.1</Speed></TPX></Extensions></Trackpoint><Trackpoint><Time>2026-03-11T16:59:55+00:00</Time><DistanceMeters>3037.1</DistanceMeters><Position><LatitudeDegrees>50.601296</LatitudeDegrees><LongitudeDegrees>3.058127</LongitudeDegrees></Position><AltitudeMeters>41.2</AltitudeMeters><Extensions><TPX xmlns="http://www.garmin.com/xmlschemas/ActivityExtension/v2"><Speed>2.9</Speed></TPX></Extensions></Trackpoint><Trackpoint><Time>2026-03-11T16:59:56+00:00</Time><DistanceMeters>3039.7</DistanceMeters><Position><LatitudeDegrees>50.601294</LatitudeDegrees><LongitudeDegrees>3.058111</LongitudeDegrees></Position><AltitudeMeters>41.2</AltitudeMeters><Extensions><TPX xmlns="http://www.garmin.com/xmlschemas/ActivityExtension/v2"><Speed>2.87</Speed></TPX></Extensions></Trackpoint><Trackpoint><Time>2026-03-11T16:59:57+00:00</Time><DistanceMeters>3042.8</DistanceMeters><Position><LatitudeDegrees>50.601293</LatitudeDegrees><LongitudeDegrees>3.058067</LongitudeDegrees></Position><AltitudeMeters>41.1</AltitudeMeters><Extensions><TPX xmlns="http://www.garmin.com/xmlschemas/ActivityExtension/v2"><Speed>2.94</Speed></TPX></Extensions></Trackpoint><Trackpoint><Time>2026-03-11T16:59:58+00:00</Time><DistanceMeters>3046.1</DistanceMeters><Position><LatitudeDegrees>50.60128</LatitudeDegrees><LongitudeDegrees>3.058026</LongitudeDegrees></Position><AltitudeMeters>41.1</AltitudeMeters><Extensions><TPX xmlns="http://www.garmin.com/xmlschemas/ActivityExtension/v2"><Speed>2.94</Speed></TPX></Extensions></Trackpoint><Trackpoint><Time>2026-03-11T16:59:59+00:00</Time><DistanceMeters>3049.7</DistanceMeters><Position><LatitudeDegrees>50.601284</LatitudeDegrees><LongitudeDegrees>3.057975</LongitudeDegrees></Position><AltitudeMeters>41.0</AltitudeMeters><Extensions><TPX xmlns="http://www.garmin.com/xmlschemas/ActivityExtension/v2"><Speed>3.04</Speed></TPX></Extensions></Trackpoint><Trackpoint><Time>2026-03-11T17:00:00+00:00</Time><DistanceMeters>3052.5</DistanceMeters><Position><LatitudeDegrees>50.6013</LatitudeDegrees><LongitudeDegrees>3.05792</LongitudeDegrees></Position><AltitudeMeters>41.0</AltitudeMeters><Extensions><TPX xmlns="http://www.garmin.com/xmlschemas/ActivityExtension/v2"><Speed>3.08</Speed></TPX></Extensions></Trackpoint><Trackpoint><Time>2026-03-11T17:00:01+00:00</Time><DistanceMeters>3055.3</DistanceMeters><Position><LatitudeDegrees>50.601306</LatitudeDegrees><LongitudeDegrees>3.057904</LongitudeDegrees></Position><AltitudeMeters>41.0</AltitudeMeters><Extensions><TPX xmlns="http://www.garmin.com/xmlschemas/ActivityExtension/v2"><Speed>3.12</Speed></TPX></Extensions></Trackpoint><Trackpoint><Time>2026-03-11T17:00:02+00:00</Time><DistanceMeters>3058.7</DistanceMeters><Position><LatitudeDegrees>50.60133</LatitudeDegrees><LongitudeDegrees>3.057873</LongitudeDegrees></Position><AltitudeMeters>41.0</AltitudeMeters><Extensions><TPX xmlns="http://www.garmin.com/xmlschemas/ActivityExtension/v2"><Speed>3.18</Speed></TPX></Extensions></Trackpoint><Trackpoint><Time>2026-03-11T17:00:03+00:00</Time><DistanceMeters>3061.4</DistanceMeters><Position><LatitudeDegrees>50.601356</LatitudeDegrees><LongitudeDegrees>3.057834</LongitudeDegrees></Position><AltitudeMeters>41.0</AltitudeMeters><Extensions><TPX xmlns="http://www.garmin.com/xmlschemas/ActivityExtension/v2"><Speed>3.05</Speed></TPX></Extensions></Trackpoint><Trackpoint><Time>2026-03-11T17:00:04+00:00</Time><DistanceMeters>3064.0</DistanceMeters><Position><LatitudeDegrees>50.601361</LatitudeDegrees><LongitudeDegrees>3.057817</LongitudeDegrees></Position><AltitudeMeters>41.0</AltitudeMeters><Extensions><TPX xmlns="http://www.garmin.com/xmlschemas/ActivityExtension/v2"><Speed>2.86</Speed></TPX></Extensions></Trackpoint><Trackpoint><Time>2026-03-11T17:00:05+00:00</Time><DistanceMeters>3067.5</DistanceMeters><Position><LatitudeDegrees>50.601388</LatitudeDegrees><LongitudeDegrees>3.057792</LongitudeDegrees></Position><AltitudeMeters>41.0</AltitudeMeters><Extensions><TPX xmlns="http://www.garmin.com/xmlschemas/ActivityExtension/v2"><Speed>3.0</Speed></TPX></Extensions></Trackpoint><Trackpoint><Time>2026-03-11T17:00:06+00:00</Time><DistanceMeters>3070.3</DistanceMeters><Position><LatitudeDegrees>50.601426</LatitudeDegrees><LongitudeDegrees>3.057787</LongitudeDegrees></Position><AltitudeMeters>40.9</AltitudeMeters><Extensions><TPX xmlns="http://www.garmin.com/xmlschemas/ActivityExtension/v2"><Speed>3.0</Speed></TPX></Extensions></Trackpoint><Trackpoint><Time>2026-03-11T17:00:07+00:00</Time><DistanceMeters>3073.1</DistanceMeters><Position><LatitudeDegrees>50.601438</LatitudeDegrees><LongitudeDegrees>3.057779</LongitudeDegrees></Position><AltitudeMeters>40.9</AltitudeMeters><Extensions><TPX xmlns="http://www.garmin.com/xmlschemas/ActivityExtension/v2"><Speed>2.88</Speed></TPX></Extensions></Trackpoint><Trackpoint><Time>2026-03-11T17:00:08+00:00</Time><DistanceMeters>3076.3</DistanceMeters><Position><LatitudeDegrees>50.601466</LatitudeDegrees><LongitudeDegrees>3.057766</LongitudeDegrees></Position><AltitudeMeters>40.9</AltitudeMeters><Extensions><TPX xmlns="http://www.garmin.com/xmlschemas/ActivityExtension/v2"><Speed>2.99</Speed></TPX></Extensions></Trackpoint><Trackpoint><Time>2026-03-11T17:00:09+00:00</Time><DistanceMeters>3078.6</DistanceMeters><Position><LatitudeDegrees>50.601496</LatitudeDegrees><LongitudeDegrees>3.057757</LongitudeDegrees></Position><AltitudeMeters>40.9</AltitudeMeters><Extensions><TPX xmlns="http://www.garmin.com/xmlschemas/ActivityExtension/v2"><Speed>2.91</Speed></TPX></Extensions></Trackpoint><Trackpoint><Time>2026-03-11T17:00:10+00:00</Time><DistanceMeters>3080.8</DistanceMeters><Position><LatitudeDegrees>50.601505</LatitudeDegrees><LongitudeDegrees>3.057759</LongitudeDegrees></Position><AltitudeMeters>40.9</AltitudeMeters><Extensions><TPX xmlns="http://www.garmin.com/xmlschemas/ActivityExtension/v2"><Speed>2.66</Speed></TPX></Extensions></Trackpoint><Trackpoint><Time>2026-03-11T17:00:11+00:00</Time><DistanceMeters>3083.4</DistanceMeters><Position><LatitudeDegrees>50.601538</LatitudeDegrees><LongitudeDegrees>3.057757</LongitudeDegrees></Position><AltitudeMeters>40.9</AltitudeMeters><Extensions><TPX xmlns="http://www.garmin.com/xmlschemas/ActivityExtension/v2"><Speed>2.62</Speed></TPX></Extensions></Trackpoint><Trackpoint><Time>2026-03-11T17:00:12+00:00</Time><DistanceMeters>3086.0</DistanceMeters><Position><LatitudeDegrees>50.601553</LatitudeDegrees><LongitudeDegrees>3.057756</LongitudeDegrees></Position><AltitudeMeters>40.9</AltitudeMeters><Extensions><TPX xmlns="http://www.garmin.com/xmlschemas/ActivityExtension/v2"><Speed>2.58</Speed></TPX></Extensions></Trackpoint><Trackpoint><Time>2026-03-11T17:00:13+00:00</Time><DistanceMeters>3087.1</DistanceMeters><Position><LatitudeDegrees>50.601533</LatitudeDegrees><LongitudeDegrees>3.057764</LongitudeDegrees></Position><AltitudeMeters>40.9</AltitudeMeters><Extensions><TPX xmlns="http://www.garmin.com/xmlschemas/ActivityExtension/v2"><Speed>2.155</Speed></TPX></Extensions></Trackpoint><Trackpoint><Time>2026-03-11T17:13:28+00:00</Time><DistanceMeters>3088.2</DistanceMeters><Position><LatitudeDegrees>50.601512</LatitudeDegrees><LongitudeDegrees>3.057775</LongitudeDegrees></Position><AltitudeMeters>40.8</AltitudeMeters><Extensions><TPX xmlns="http://www.garmin.com/xmlschemas/ActivityExtension/v2"><Speed>0.003</Speed></TPX></Extensions></Trackpoint><Trackpoint><Time>2026-03-11T17:13:29+00:00</Time><DistanceMeters>3089.2</DistanceMeters><Position><LatitudeDegrees>50.60149</LatitudeDegrees><LongitudeDegrees>3.057785</LongitudeDegrees></Position><AltitudeMeters>40.8</AltitudeMeters><Extensions><TPX xmlns="http://www.garmin.com/xmlschemas/ActivityExtension/v2"><Speed>0.003</Speed></TPX></Extensions></Trackpoint><Trackpoint><Time>2026-03-11T17:13:30+00:00</Time><DistanceMeters>3090.3</DistanceMeters><Position><LatitudeDegrees>50.601468</LatitudeDegrees><LongitudeDegrees>3.057795</LongitudeDegrees></Position><AltitudeMeters>40.8</AltitudeMeters><Extensions><TPX xmlns="http://www.garmin.com/xmlschemas/ActivityExtension/v2"><Speed>0.004</Speed></TPX></Extensions></Trackpoint><Trackpoint><Time>2026-03-11T17:13:31+00:00</Time><DistanceMeters>3093.8</DistanceMeters><Position><LatitudeDegrees>50.601437</LatitudeDegrees><LongitudeDegrees>3.05779</LongitudeDegrees></Position><AltitudeMeters>40.8</AltitudeMeters><Extensions><TPX xmlns="http://www.garmin.com/xmlschemas/ActivityExtension/v2"><Speed>0.008</Speed></TPX></Extensions></Trackpoint><Trackpoint><Time>2026-03-11T17:13:32+00:00</Time><DistanceMeters>3098.4</DistanceMeters><Position><LatitudeDegrees>50.601399</LatitudeDegrees><LongitudeDegrees>3.057817</LongitudeDegrees></Position><AltitudeMeters>40.8</AltitudeMeters><Extensions><TPX xmlns="http://www.garmin.com/xmlschemas/ActivityExtension/v2"><Speed>0.014</Speed></TPX></Extensions></Trackpoint><Trackpoint><Time>2026-03-11T17:13:33+00:00</Time><DistanceMeters>3102.6</DistanceMeters><Position><LatitudeDegrees>50.601362</LatitudeDegrees><LongitudeDegrees>3.057822</LongitudeDegrees></Position><AltitudeMeters>40.8</AltitudeMeters><Extensions><TPX xmlns="http://www.garmin.com/xmlschemas/ActivityExtension/v2"><Speed>0.014</Speed></TPX></Extensions></Trackpoint><Trackpoint><Time>2026-03-11T17:13:34+00:00</Time><DistanceMeters>3105.3</DistanceMeters><Position><LatitudeDegrees>50.601334</LatitudeDegrees><LongitudeDegrees>3.057855</LongitudeDegrees></Position><AltitudeMeters>40.9</AltitudeMeters><Extensions><TPX xmlns="http://www.garmin.com/xmlschemas/ActivityExtension/v2"><Speed>3.205</Speed></TPX></Extensions></Trackpoint><Trackpoint><Time>2026-03-11T17:13:35+00:00</Time><DistanceMeters>3107.9</DistanceMeters><Position><LatitudeDegrees>50.601324</LatitudeDegrees><LongitudeDegrees>3.057866</LongitudeDegrees></Position><AltitudeMeters>40.9</AltitudeMeters><Extensions><TPX xmlns="http://www.garmin.com/xmlschemas/ActivityExtension/v2"><Speed>3.52</Speed></TPX></Extensions></Trackpoint><Trackpoint><Time>2026-03-11T17:13:36+00:00</Time><DistanceMeters>3111.0</DistanceMeters><Position><LatitudeDegrees>50.6013</LatitudeDegrees><LongitudeDegrees>3.057917</LongitudeDegrees></Position><AltitudeMeters>41.0</AltitudeMeters><Extensions><TPX xmlns="http://www.garmin.com/xmlschemas/ActivityExtension/v2"><Speed>3.43</Speed></TPX></Extensions></Trackpoint><Trackpoint><Time>2026-03-11T17:13:37+00:00</Time><DistanceMeters>3114.0</DistanceMeters><Position><LatitudeDegrees>50.601293</LatitudeDegrees><LongitudeDegrees>3.057939</LongitudeDegrees></Position><AltitudeMeters>41.0</AltitudeMeters><Extensions><TPX xmlns="http://www.garmin.com/xmlschemas/ActivityExtension/v2"><Speed>3.12</Speed></TPX></Extensions></Trackpoint><Trackpoint><Time>2026-03-11T17:13:38+00:00</Time><DistanceMeters>3117.8</DistanceMeters><Position><LatitudeDegrees>50.601277</LatitudeDegrees><LongitudeDegrees>3.057985</LongitudeDegrees></Position><AltitudeMeters>41.0</AltitudeMeters><Extensions><TPX xmlns="http://www.garmin.com/xmlschemas/ActivityExtension/v2"><Speed>3.04</Speed></TPX></Extensions></Trackpoint><Trackpoint><Time>2026-03-11T17:13:39+00:00</Time><DistanceMeters>3121.1</DistanceMeters><Position><LatitudeDegrees>50.601271</LatitudeDegrees><LongitudeDegrees>3.058032</LongitudeDegrees></Position><AltitudeMeters>41.1</AltitudeMeters><Extensions><TPX xmlns="http://www.garmin.com/xmlschemas/ActivityExtension/v2"><Speed>3.17</Speed></TPX></Extensions></Trackpoint><Trackpoint><Time>2026-03-11T17:13:40+00:00</Time><DistanceMeters>3124.3</DistanceMeters><Position><LatitudeDegrees>50.60127</LatitudeDegrees><LongitudeDegrees>3.058076</LongitudeDegrees></Position><AltitudeMeters>41.1</AltitudeMeters><Extensions><TPX xmlns="http://www.garmin.com/xmlschemas/ActivityExtension/v2"><Speed>3.28</Speed></TPX></Extensions></Trackpoint><Trackpoint><Time>2026-03-11T17:13:41+00:00</Time><DistanceMeters>3127.8</DistanceMeters><Position><LatitudeDegrees>50.601278</LatitudeDegrees><LongitudeDegrees>3.058124</LongitudeDegrees></Position><AltitudeMeters>41.2</AltitudeMeters><Extensions><TPX xmlns="http://www.garmin.com/xmlschemas/ActivityExtension/v2"><Speed>3.37</Speed></TPX></Extensions></Trackpoint><Trackpoint><Time>2026-03-11T17:13:42+00:00</Time><DistanceMeters>3130.9</DistanceMeters><Position><LatitudeDegrees>50.601286</LatitudeDegrees><LongitudeDegrees>3.058166</LongitudeDegrees></Position><AltitudeMeters>41.3</AltitudeMeters><Extensions><TPX xmlns="http://www.garmin.com/xmlschemas/ActivityExtension/v2"><Speed>3.38</Speed></TPX></Extensions></Trackpoint><Trackpoint><Time>2026-03-11T17:13:43+00:00</Time><DistanceMeters>3133.0</DistanceMeters><Position><LatitudeDegrees>50.601295</LatitudeDegrees><LongitudeDegrees>3.058209</LongitudeDegrees></Position><AltitudeMeters>41.3</AltitudeMeters><Extensions><TPX xmlns="http://www.garmin.com/xmlschemas/ActivityExtension/v2"><Speed>3.03</Speed></TPX></Extensions></Trackpoint><Trackpoint><Time>2026-03-11T17:13:44+00:00</Time><DistanceMeters>3135.0</DistanceMeters><Position><LatitudeDegrees>50.601296</LatitudeDegrees><LongitudeDegrees>3.058222</LongitudeDegrees></Position><AltitudeMeters>41.4</AltitudeMeters><Extensions><TPX xmlns="http://www.garmin.com/xmlschemas/ActivityExtension/v2"><Speed>2.78</Speed></TPX></Extensions></Trackpoint><Trackpoint><Time>2026-03-11T17:13:45+00:00</Time><DistanceMeters>3142.5</DistanceMeters><Position><LatitudeDegrees>50.601317</LatitudeDegrees><LongitudeDegrees>3.058323</LongitudeDegrees></Position><AltitudeMeters>41.6</AltitudeMeters><Extensions><TPX xmlns="http://www.garmin.com/xmlschemas/ActivityExtension/v2"><Speed>3.64</Speed></TPX></Extensions></Trackpoint><Trackpoint><Time>2026-03-11T17:13:46+00:00</Time><DistanceMeters>3142.5</DistanceMeters><Position><LatitudeDegrees>50.601325</LatitudeDegrees><LongitudeDegrees>3.05833</LongitudeDegrees></Position><AltitudeMeters>41.6</AltitudeMeters><Extensions><TPX xmlns="http://www.garmin.com/xmlschemas/ActivityExtension/v2"><Speed>2.94</Speed></TPX></Extensions></Trackpoint><Trackpoint><Time>2026-03-11T17:13:47+00:00</Time><DistanceMeters>3146.0</DistanceMeters><Position><LatitudeDegrees>50.60132</LatitudeDegrees><LongitudeDegrees>3.058372</LongitudeDegrees></Position><AltitudeMeters>41.7</AltitudeMeters><Extensions><TPX xmlns="http://www.garmin.com/xmlschemas/ActivityExtension/v2"><Speed>3.02</Speed></TPX></Extensions></Trackpoint><Trackpoint><Time>2026-03-11T17:13:48+00:00</Time><DistanceMeters>3146.6</DistanceMeters><Position><LatitudeDegrees>50.601321</LatitudeDegrees><LongitudeDegrees>3.058401</LongitudeDegrees></Position><AltitudeMeters>41.7</AltitudeMeters><Extensions><TPX xmlns="http://www.garmin.com/xmlschemas/ActivityExtension/v2"><Speed>2.73</Speed></TPX></Extensions></Trackpoint><Trackpoint><Time>2026-03-11T17:13:49+00:00</Time><DistanceMeters>3147.2</DistanceMeters><Position><LatitudeDegrees>50.601321</LatitudeDegrees><LongitudeDegrees>3.058407</LongitudeDegrees></Position><AltitudeMeters>41.7</AltitudeMeters><Extensions><TPX xmlns="http://www.garmin.com/xmlschemas/ActivityExtension/v2"><Speed>2.44</Speed></TPX></Extensions></Trackpoint><Trackpoint><Time>2026-03-11T17:13:50+00:00</Time><DistanceMeters>3147.8</DistanceMeters><Position><LatitudeDegrees>50.601321</LatitudeDegrees><LongitudeDegrees>3.058412</LongitudeDegrees></Position><AltitudeMeters>41.7</AltitudeMeters><Extensions><TPX xmlns="http://www.garmin.com/xmlschemas/ActivityExtension/v2"><Speed>1.06</Speed></TPX></Extensions></Trackpoint><Trackpoint><Time>2026-03-11T17:13:51+00:00</Time><DistanceMeters>3148.4</DistanceMeters><Position><LatitudeDegrees>50.601321</LatitudeDegrees><LongitudeDegrees>3.058418</LongitudeDegrees></Position><AltitudeMeters>41.7</AltitudeMeters><Extensions><TPX xmlns="http://www.garmin.com/xmlschemas/ActivityExtension/v2"><Speed>1.18</Speed></TPX></Extensions></Trackpoint><Trackpoint><Time>2026-03-11T17:13:52+00:00</Time><DistanceMeters>3149.0</DistanceMeters><Position><LatitudeDegrees>50.60132</LatitudeDegrees><LongitudeDegrees>3.058423</LongitudeDegrees></Position><AltitudeMeters>41.7</AltitudeMeters><Extensions><TPX xmlns="http://www.garmin.com/xmlschemas/ActivityExtension/v2"><Speed>0.6</Speed></TPX></Extensions></Trackpoint><Trackpoint><Time>2026-03-11T17:13:53+00:00</Time><DistanceMeters>3149.6</DistanceMeters><Position><LatitudeDegrees>50.60132</LatitudeDegrees><LongitudeDegrees>3.058428</LongitudeDegrees></Position><AltitudeMeters>41.8</AltitudeMeters><Extensions><TPX xmlns="http://www.garmin.com/xmlschemas/ActivityExtension/v2"><Speed>0.6</Speed></TPX></Extensions></Trackpoint><Trackpoint><Time>2026-03-11T17:13:54+00:00</Time><DistanceMeters>3150.2</DistanceMeters><Position><LatitudeDegrees>50.60132</LatitudeDegrees><LongitudeDegrees>3.058434</LongitudeDegrees></Position><AltitudeMeters>41.8</AltitudeMeters><Extensions><TPX xmlns="http://www.garmin.com/xmlschemas/ActivityExtension/v2"><Speed>0.6</Speed></TPX></Extensions></Trackpoint><Trackpoint><Time>2026-03-11T17:13:55+00:00</Time><DistanceMeters>3150.8</DistanceMeters><Position><LatitudeDegrees>50.60132</LatitudeDegrees><LongitudeDegrees>3.058439</LongitudeDegrees></Position><AltitudeMeters>41.8</AltitudeMeters><Extensions><TPX xmlns="http://www.garmin.com/xmlschemas/ActivityExtension/v2"><Speed>0.6</Speed></TPX></Extensions></Trackpoint><Trackpoint><Time>2026-03-11T17:13:56+00:00</Time><DistanceMeters>3153.5</DistanceMeters><Position><LatitudeDegrees>50.601326</LatitudeDegrees><LongitudeDegrees>3.058494</LongitudeDegrees></Position><AltitudeMeters>41.8</AltitudeMeters><Extensions><TPX xmlns="http://www.garmin.com/xmlschemas/ActivityExtension/v2"><Speed>1.01</Speed></TPX></Extensions></Trackpoint><Trackpoint><Time>2026-03-11T17:13:57+00:00</Time><DistanceMeters>3156.1</DistanceMeters><Position><LatitudeDegrees>50.601325</LatitudeDegrees><LongitudeDegrees>3.058514</LongitudeDegrees></Position><AltitudeMeters>41.8</AltitudeMeters><Extensions><TPX xmlns="http://www.garmin.com/xmlschemas/ActivityExtension/v2"><Speed>1.42</Speed></TPX></Extensions></Trackpoint><Trackpoint><Time>2026-03-11T17:13:58+00:00</Time><DistanceMeters>3158.5</DistanceMeters><Position><LatitudeDegrees>50.60133</LatitudeDegrees><LongitudeDegrees>3.058564</LongitudeDegrees></Position><AltitudeMeters>41.9</AltitudeMeters><Extensions><TPX xmlns="http://www.garmin.com/xmlschemas/ActivityExtension/v2"><Speed>1.78</Speed></TPX></Extensions></Trackpoint><Trackpoint><Time>2026-03-11T17:13:59+00:00</Time><DistanceMeters>3160.9</DistanceMeters><Position><LatitudeDegrees>50.601331</LatitudeDegrees><LongitudeDegrees>3.058582</LongitudeDegrees></Position><AltitudeMeters>41.9</AltitudeMeters><Extensions><TPX xmlns="http://www.garmin.com/xmlschemas/ActivityExtension/v2"><Speed>2.14</Speed></TPX></Extensions></Trackpoint><Trackpoint><Time>2026-03-11T17:14:00+00:00</Time><DistanceMeters>3165.3</DistanceMeters><Position><LatitudeDegrees>50.601332</LatitudeDegrees><LongitudeDegrees>3.058643</LongitudeDegrees></Position><AltitudeMeters>41.9</AltitudeMeters><Extensions><TPX xmlns="http://www.garmin.com/xmlschemas/ActivityExtension/v2"><Speed>2.9</Speed></TPX></Extensions></Trackpoint><Trackpoint><Time>2026-03-11T17:14:01+00:00</Time><DistanceMeters>3167.9</DistanceMeters><Position><LatitudeDegrees>50.601336</LatitudeDegrees><LongitudeDegrees>3.058696</LongitudeDegrees></Position><AltitudeMeters>41.9</AltitudeMeters><Extensions><TPX xmlns="http://www.garmin.com/xmlschemas/ActivityExtension/v2"><Speed>2.89</Speed></TPX></Extensions></Trackpoint><Trackpoint><Time>2026-03-11T17:14:02+00:00</Time><DistanceMeters>3170.5</DistanceMeters><Position><LatitudeDegrees>50.601339</LatitudeDegrees><LongitudeDegrees>3.058716</LongitudeDegrees></Position><AltitudeMeters>41.9</AltitudeMeters><Extensions><TPX xmlns="http://www.garmin.com/xmlschemas/ActivityExtension/v2"><Speed>2.88</Speed></TPX></Extensions></Trackpoint><Trackpoint><Time>2026-03-11T17:14:03+00:00</Time><DistanceMeters>3173.3</DistanceMeters><Position><LatitudeDegrees>50.601339</LatitudeDegrees><LongitudeDegrees>3.058774</LongitudeDegrees></Position><AltitudeMeters>41.9</AltitudeMeters><Extensions><TPX xmlns="http://www.garmin.com/xmlschemas/ActivityExtension/v2"><Speed>2.95</Speed></TPX></Extensions></Trackpoint><Trackpoint><Time>2026-03-11T17:14:04+00:00</Time><DistanceMeters>3176.0</DistanceMeters><Position><LatitudeDegrees>50.601341</LatitudeDegrees><LongitudeDegrees>3.058793</LongitudeDegrees></Position><AltitudeMeters>41.9</AltitudeMeters><Extensions><TPX xmlns="http://www.garmin.com/xmlschemas/ActivityExtension/v2"><Speed>3.02</Speed></TPX></Extensions></Trackpoint><Trackpoint><Time>2026-03-11T17:14:05+00:00</Time><DistanceMeters>3179.0</DistanceMeters><Position><LatitudeDegrees>50.601343</LatitudeDegrees><LongitudeDegrees>3.058854</LongitudeDegrees></Position><AltitudeMeters>41.9</AltitudeMeters><Extensions><TPX xmlns="http://www.garmin.com/xmlschemas/ActivityExtension/v2"><Speed>2.73</Speed></TPX></Extensions></Trackpoint><Trackpoint><Time>2026-03-11T17:14:06+00:00</Time><DistanceMeters>3181.9</DistanceMeters><Position><LatitudeDegrees>50.601344</LatitudeDegrees><LongitudeDegrees>3.058877</LongitudeDegrees></Position><AltitudeMeters>41.9</AltitudeMeters><Extensions><TPX xmlns="http://www.garmin.com/xmlschemas/ActivityExtension/v2"><Speed>2.8</Speed></TPX></Extensions></Trackpoint><Trackpoint><Time>2026-03-11T17:14:07+00:00</Time><DistanceMeters>3184.8</DistanceMeters><Position><LatitudeDegrees>50.601347</LatitudeDegrees><LongitudeDegrees>3.058937</LongitudeDegrees></Position><AltitudeMeters>41.9</AltitudeMeters><Extensions><TPX xmlns="http://www.garmin.com/xmlschemas/ActivityExtension/v2"><Speed>2.86</Speed></TPX></Extensions></Trackpoint><Trackpoint><Time>2026-03-11T17:14:08+00:00</Time><DistanceMeters>3187.7</DistanceMeters><Position><LatitudeDegrees>50.601347</LatitudeDegrees><LongitudeDegrees>3.058958</LongitudeDegrees></Position><AltitudeMeters>41.8</AltitudeMeters><Extensions><TPX xmlns="http://www.garmin.com/xmlschemas/ActivityExtension/v2"><Speed>2.89</Speed></TPX></Extensions></Trackpoint><Trackpoint><Time>2026-03-11T17:14:09+00:00</Time><DistanceMeters>3190.7</DistanceMeters><Position><LatitudeDegrees>50.601351</LatitudeDegrees><LongitudeDegrees>3.059001</LongitudeDegrees></Position><AltitudeMeters>41.8</AltitudeMeters><Extensions><TPX xmlns="http://www.garmin.com/xmlschemas/ActivityExtension/v2"><Speed>2.94</Speed></TPX></Extensions></Trackpoint><Trackpoint><Time>2026-03-11T17:14:10+00:00</Time><DistanceMeters>3194.1</DistanceMeters><Position><LatitudeDegrees>50.601346</LatitudeDegrees><LongitudeDegrees>3.059068</LongitudeDegrees></Position><AltitudeMeters>41.8</AltitudeMeters><Extensions><TPX xmlns="http://www.garmin.com/xmlschemas/ActivityExtension/v2"><Speed>3.03</Speed></TPX></Extensions></Trackpoint><Trackpoint><Time>2026-03-11T17:14:11+00:00</Time><DistanceMeters>3197.5</DistanceMeters><Position><LatitudeDegrees>50.601342</LatitudeDegrees><LongitudeDegrees>3.059096</LongitudeDegrees></Position><AltitudeMeters>41.8</AltitudeMeters><Extensions><TPX xmlns="http://www.garmin.com/xmlschemas/ActivityExtension/v2"><Speed>3.12</Speed></TPX></Extensions></Trackpoint><Trackpoint><Time>2026-03-11T17:14:12+00:00</Time><DistanceMeters>3199.9</DistanceMeters><Position><LatitudeDegrees>50.601332</LatitudeDegrees><LongitudeDegrees>3.05914</LongitudeDegrees></Position><AltitudeMeters>41.7</AltitudeMeters><Extensions><TPX xmlns="http://www.garmin.com/xmlschemas/ActivityExtension/v2"><Speed>3.01</Speed></TPX></Extensions></Trackpoint><Trackpoint><Time>2026-03-11T17:14:13+00:00</Time><DistanceMeters>3202.2</DistanceMeters><Position><LatitudeDegrees>50.601325</LatitudeDegrees><LongitudeDegrees>3.059157</LongitudeDegrees></Position><AltitudeMeters>41.7</AltitudeMeters><Extensions><TPX xmlns="http://www.garmin.com/xmlschemas/ActivityExtension/v2"><Speed>2.9</Speed></TPX></Extensions></Trackpoint><Trackpoint><Time>2026-03-11T17:14:14+00:00</Time><DistanceMeters>3206.1</DistanceMeters><Position><LatitudeDegrees>50.601293</LatitudeDegrees><LongitudeDegrees>3.059178</LongitudeDegrees></Position><AltitudeMeters>41.7</AltitudeMeters><Extensions><TPX xmlns="http://www.garmin.com/xmlschemas/ActivityExtension/v2"><Speed>3.08</Speed></TPX></Extensions></Trackpoint><Trackpoint><Time>2026-03-11T17:14:15+00:00</Time><DistanceMeters>3208.3</DistanceMeters><Position><LatitudeDegrees>50.601269</LatitudeDegrees><LongitudeDegrees>3.059192</LongitudeDegrees></Position><AltitudeMeters>41.6</AltitudeMeters><Extensions><TPX xmlns="http://www.garmin.com/xmlschemas/ActivityExtension/v2"><Speed>2.84</Speed></TPX></Extensions></Trackpoint><Trackpoint><Time>2026-03-11T17:14:16+00:00</Time><DistanceMeters>3210.5</DistanceMeters><Position><LatitudeDegrees>50.601257</LatitudeDegrees><LongitudeDegrees>3.059204</LongitudeDegrees></Position><AltitudeMeters>41.6</AltitudeMeters><Extensions><TPX xmlns="http://www.garmin.com/xmlschemas/ActivityExtension/v2"><Speed>2.6</Speed></TPX></Extensions></Trackpoint><Trackpoint><Time>2026-03-11T17:14:17+00:00</Time><DistanceMeters>3210.5</DistanceMeters><Position><LatitudeDegrees>50.601241</LatitudeDegrees><LongitudeDegrees>3.059213</LongitudeDegrees></Position><AltitudeMeters>41.6</AltitudeMeters><Extensions><TPX xmlns="http://www.garmin.com/xmlschemas/ActivityExtension/v2"><Speed>2.13</Speed></TPX></Extensions></Trackpoint><Trackpoint><Time>2026-03-11T17:14:18+00:00</Time><DistanceMeters>3214.4</DistanceMeters><Position><LatitudeDegrees>50.601224</LatitudeDegrees><LongitudeDegrees>3.059225</LongitudeDegrees></Position><AltitudeMeters>41.6</AltitudeMeters><Extensions><TPX xmlns="http://www.garmin.com/xmlschemas/ActivityExtension/v2"><Speed>2.44</Speed></TPX></Extensions></Trackpoint><Trackpoint><Time>2026-03-11T17:14:19+00:00</Time><DistanceMeters>3219.4</DistanceMeters><Position><LatitudeDegrees>50.60119</LatitudeDegrees><LongitudeDegrees>3.059271</LongitudeDegrees></Position><AltitudeMeters>41.5</AltitudeMeters><Extensions><TPX xmlns="http://www.garmin.com/xmlschemas/ActivityExtension/v2"><Speed>2.66</Speed></TPX></Extensions></Trackpoint><Trackpoint><Time>2026-03-11T17:14:20+00:00</Time><DistanceMeters>3221.8</DistanceMeters><Position><LatitudeDegrees>50.601169</LatitudeDegrees><LongitudeDegrees>3.059301</LongitudeDegrees></Position><AltitudeMeters>41.5</AltitudeMeters><Extensions><TPX xmlns="http://www.garmin.com/xmlschemas/ActivityExtension/v2"><Speed>2.69</Speed></TPX></Extensions></Trackpoint><Trackpoint><Time>2026-03-11T17:14:21+00:00</Time><DistanceMeters>3224.1</DistanceMeters><Position><LatitudeDegrees>50.601158</LatitudeDegrees><LongitudeDegrees>3.059315</LongitudeDegrees></Position><AltitudeMeters>41.5</AltitudeMeters><Extensions><TPX xmlns="http://www.garmin.com/xmlschemas/ActivityExtension/v2"><Speed>2.72</Speed></TPX></Extensions></Trackpoint><Trackpoint><Time>2026-03-11T17:14:22+00:00</Time><DistanceMeters>3227.2</DistanceMeters><Position><LatitudeDegrees>50.601134</LatitudeDegrees><LongitudeDegrees>3.059335</LongitudeDegrees></Position><AltitudeMeters>41.5</AltitudeMeters><Extensions><TPX xmlns="http://www.garmin.com/xmlschemas/ActivityExtension/v2"><Speed>3.34</Speed></TPX></Extensions></Trackpoint><Trackpoint><Time>2026-03-11T17:14:23+00:00</Time><DistanceMeters>3229.8</DistanceMeters><Position><LatitudeDegrees>50.601108</LatitudeDegrees><LongitudeDegrees>3.05937</LongitudeDegrees></Position><AltitudeMeters>41.4</AltitudeMeters><Extensions><TPX xmlns="http://www.garmin.com/xmlschemas/ActivityExtension/v2"><Speed>3.08</Speed></TPX></Extensions></Trackpoint><Trackpoint><Time>2026-03-11T17:14:24+00:00</Time><DistanceMeters>3232.4</DistanceMeters><Position><LatitudeDegrees>50.601096</LatitudeDegrees><LongitudeDegrees>3.05938</LongitudeDegrees></Position><AltitudeMeters>41.4</AltitudeMeters><Extensions><TPX xmlns="http://www.garmin.com/xmlschemas/ActivityExtension/v2"><Speed>2.6</Speed></TPX></Extensions></Trackpoint><Trackpoint><Time>2026-03-11T17:14:25+00:00</Time><DistanceMeters>3235.0</DistanceMeters><Position><LatitudeDegrees>50.601065</LatitudeDegrees><LongitudeDegrees>3.059405</LongitudeDegrees></Position><AltitudeMeters>41.4</AltitudeMeters><Extensions><TPX xmlns="http://www.garmin.com/xmlschemas/ActivityExtension/v2"><Speed>2.65</Speed></TPX></Extensions></Trackpoint><Trackpoint><Time>2026-03-11T17:14:26+00:00</Time><DistanceMeters>3237.6</DistanceMeters><Position><LatitudeDegrees>50.601054</LatitudeDegrees><LongitudeDegrees>3.059412</LongitudeDegrees></Position><AltitudeMeters>41.4</AltitudeMeters><Extensions><TPX xmlns="http://www.garmin.com/xmlschemas/ActivityExtension/v2"><Speed>2.7</Speed></TPX></Extensions></Trackpoint><Trackpoint><Time>2026-03-11T17:14:27+00:00</Time><DistanceMeters>3240.4</DistanceMeters><Position><LatitudeDegrees>50.601017</LatitudeDegrees><LongitudeDegrees>3.059421</LongitudeDegrees></Position><AltitudeMeters>41.4</AltitudeMeters><Extensions><TPX xmlns="http://www.garmin.com/xmlschemas/ActivityExtension/v2"><Speed>2.63</Speed></TPX></Extensions></Trackpoint><Trackpoint><Time>2026-03-11T17:14:28+00:00</Time><DistanceMeters>3243.1</DistanceMeters><Position><LatitudeDegrees>50.601006</LatitudeDegrees><LongitudeDegrees>3.059426</LongitudeDegrees></Position><AltitudeMeters>41.4</AltitudeMeters><Extensions><TPX xmlns="http://www.garmin.com/xmlschemas/ActivityExtension/v2"><Speed>2.66</Speed></TPX></Extensions></Trackpoint><Trackpoint><Time>2026-03-11T17:14:29+00:00</Time><DistanceMeters>3245.6</DistanceMeters><Position><LatitudeDegrees>50.600974</LatitudeDegrees><LongitudeDegrees>3.05944</LongitudeDegrees></Position><AltitudeMeters>41.4</AltitudeMeters><Extensions><TPX xmlns="http://www.garmin.com/xmlschemas/ActivityExtension/v2"><Speed>2.63</Speed></TPX></Extensions></Trackpoint><Trackpoint><Time>2026-03-11T17:14:30+00:00</Time><DistanceMeters>3248.0</DistanceMeters><Position><LatitudeDegrees>50.600964</LatitudeDegrees><LongitudeDegrees>3.059448</LongitudeDegrees></Position><AltitudeMeters>41.4</AltitudeMeters><Extensions><TPX xmlns="http://www.garmin.com/xmlschemas/ActivityExtension/v2"><Speed>2.6</Speed></TPX></Extensions></Trackpoint><Trackpoint><Time>2026-03-11T17:14:31+00:00</Time><DistanceMeters>3250.5</DistanceMeters><Position><LatitudeDegrees>50.600936</LatitudeDegrees><LongitudeDegrees>3.059475</LongitudeDegrees></Position><AltitudeMeters>41.4</AltitudeMeters><Extensions><TPX xmlns="http://www.garmin.com/xmlschemas/ActivityExtension/v2"><Speed>2.58</Speed></TPX></Extensions></Trackpoint><Trackpoint><Time>2026-03-11T17:14:32+00:00</Time><DistanceMeters>3253.0</DistanceMeters><Position><LatitudeDegrees>50.600925</LatitudeDegrees><LongitudeDegrees>3.059483</LongitudeDegrees></Position><AltitudeMeters>41.4</AltitudeMeters><Extensions><TPX xmlns="http://www.garmin.com/xmlschemas/ActivityExtension/v2"><Speed>2.53</Speed></TPX></Extensions></Trackpoint><Trackpoint><Time>2026-03-11T17:14:33+00:00</Time><DistanceMeters>3255.8</DistanceMeters><Position><LatitudeDegrees>50.600896</LatitudeDegrees><LongitudeDegrees>3.059512</LongitudeDegrees></Position><AltitudeMeters>41.5</AltitudeMeters><Extensions><TPX xmlns="http://www.garmin.com/xmlschemas/ActivityExtension/v2"><Speed>2.53</Speed></TPX></Extensions></Trackpoint><Trackpoint><Time>2026-03-11T17:14:34+00:00</Time><DistanceMeters>3258.5</DistanceMeters><Position><LatitudeDegrees>50.600885</LatitudeDegrees><LongitudeDegrees>3.059528</LongitudeDegrees></Position><AltitudeMeters>41.5</AltitudeMeters><Extensions><TPX xmlns="http://www.garmin.com/xmlschemas/ActivityExtension/v2"><Speed>2.59</Speed></TPX></Extensions></Trackpoint><Trackpoint><Time>2026-03-11T17:14:35+00:00</Time><DistanceMeters>3262.3</DistanceMeters><Position><LatitudeDegrees>50.600851</LatitudeDegrees><LongitudeDegrees>3.059535</LongitudeDegrees></Position><AltitudeMeters>41.5</AltitudeMeters><Extensions><TPX xmlns="http://www.garmin.com/xmlschemas/ActivityExtension/v2"><Speed>2.86</Speed></TPX></Extensions></Trackpoint><Trackpoint><Time>2026-03-11T17:14:36+00:00</Time><DistanceMeters>3266.3</DistanceMeters><Position><LatitudeDegrees>50.600816</LatitudeDegrees><LongitudeDegrees>3.059545</LongitudeDegrees></Position><AltitudeMeters>41.5</AltitudeMeters><Extensions><TPX xmlns="http://www.garmin.com/xmlschemas/ActivityExtension/v2"><Speed>3.16</Speed></TPX></Extensions></Trackpoint><Trackpoint><Time>2026-03-11T17:14:37+00:00</Time><DistanceMeters>3269.5</DistanceMeters><Position><LatitudeDegrees>50.600791</LatitudeDegrees><LongitudeDegrees>3.059567</LongitudeDegrees></Position><AltitudeMeters>41.5</AltitudeMeters><Extensions><TPX xmlns="http://www.garmin.com/xmlschemas/ActivityExtension/v2"><Speed>3.3</Speed></TPX></Extensions></Trackpoint><Trackpoint><Time>2026-03-11T17:14:38+00:00</Time><DistanceMeters>3272.8</DistanceMeters><Position><LatitudeDegrees>50.600767</LatitudeDegrees><LongitudeDegrees>3.059596</LongitudeDegrees></Position><AltitudeMeters>41.5</AltitudeMeters><Extensions><TPX xmlns="http://www.garmin.com/xmlschemas/ActivityExtension/v2"><Speed>3.41</Speed></TPX></Extensions></Trackpoint><Trackpoint><Time>2026-03-11T17:14:39+00:00</Time><DistanceMeters>3276.7</DistanceMeters><Position><LatitudeDegrees>50.600739</LatitudeDegrees><LongitudeDegrees>3.059629</LongitudeDegrees></Position><AltitudeMeters>41.5</AltitudeMeters><Extensions><TPX xmlns="http://www.garmin.com/xmlschemas/ActivityExtension/v2"><Speed>3.64</Speed></TPX></Extensions></Trackpoint><Trackpoint><Time>2026-03-11T17:14:40+00:00</Time><DistanceMeters>3279.7</DistanceMeters><Position><LatitudeDegrees>50.600712</LatitudeDegrees><LongitudeDegrees>3.05963</LongitudeDegrees></Position><AltitudeMeters>41.6</AltitudeMeters><Extensions><TPX xmlns="http://www.garmin.com/xmlschemas/ActivityExtension/v2"><Speed>3.48</Speed></TPX></Extensions></Trackpoint><Trackpoint><Time>2026-03-11T17:14:41+00:00</Time><DistanceMeters>3283.2</DistanceMeters><Position><LatitudeDegrees>50.600685</LatitudeDegrees><LongitudeDegrees>3.059653</LongitudeDegrees></Position><AltitudeMeters>41.6</AltitudeMeters><Extensions><TPX xmlns="http://www.garmin.com/xmlschemas/ActivityExtension/v2"><Speed>3.38</Speed></TPX></Extensions></Trackpoint><Trackpoint><Time>2026-03-11T17:14:42+00:00</Time><DistanceMeters>3286.7</DistanceMeters><Position><LatitudeDegrees>50.600656</LatitudeDegrees><LongitudeDegrees>3.059676</LongitudeDegrees></Position><AltitudeMeters>41.6</AltitudeMeters><Extensions><TPX xmlns="http://www.garmin.com/xmlschemas/ActivityExtension/v2"><Speed>3.44</Speed></TPX></Extensions></Trackpoint><Trackpoint><Time>2026-03-11T17:14:43+00:00</Time><DistanceMeters>3289.4</DistanceMeters><Position><LatitudeDegrees>50.600621</LatitudeDegrees><LongitudeDegrees>3.05969</LongitudeDegrees></Position><AltitudeMeters>41.6</AltitudeMeters><Extensions><TPX xmlns="http://www.garmin.com/xmlschemas/ActivityExtension/v2"><Speed>3.31</Speed></TPX></Extensions></Trackpoint><Trackpoint><Time>2026-03-11T17:14:44+00:00</Time><DistanceMeters>3292.0</DistanceMeters><Position><LatitudeDegrees>50.60061</LatitudeDegrees><LongitudeDegrees>3.059691</LongitudeDegrees></Position><AltitudeMeters>41.6</AltitudeMeters><Extensions><TPX xmlns="http://www.garmin.com/xmlschemas/ActivityExtension/v2"><Speed>3.06</Speed></TPX></Extensions></Trackpoint><Trackpoint><Time>2026-03-11T17:14:45+00:00</Time><DistanceMeters>3294.6</DistanceMeters><Position><LatitudeDegrees>50.600578</LatitudeDegrees><LongitudeDegrees>3.059705</LongitudeDegrees></Position><AltitudeMeters>41.7</AltitudeMeters><Extensions><TPX xmlns="http://www.garmin.com/xmlschemas/ActivityExtension/v2"><Speed>2.98</Speed></TPX></Extensions></Trackpoint><Trackpoint><Time>2026-03-11T17:14:46+00:00</Time><DistanceMeters>3297.2</DistanceMeters><Position><LatitudeDegrees>50.600565</LatitudeDegrees><LongitudeDegrees>3.059715</LongitudeDegrees></Position><AltitudeMeters>41.7</AltitudeMeters><Extensions><TPX xmlns="http://www.garmin.com/xmlschemas/ActivityExtension/v2"><Speed>2.8</Speed></TPX></Extensions></Trackpoint><Trackpoint><Time>2026-03-11T17:14:47+00:00</Time><DistanceMeters>3300.5</DistanceMeters><Position><LatitudeDegrees>50.600527</LatitudeDegrees><LongitudeDegrees>3.059736</LongitudeDegrees></Position><AltitudeMeters>41.7</AltitudeMeters><Extensions><TPX xmlns="http://www.garmin.com/xmlschemas/ActivityExtension/v2"><Speed>2.76</Speed></TPX></Extensions></Trackpoint><Trackpoint><Time>2026-03-11T17:14:48+00:00</Time><DistanceMeters>3303.8</DistanceMeters><Position><LatitudeDegrees>50.600512</LatitudeDegrees><LongitudeDegrees>3.059754</LongitudeDegrees></Position><AltitudeMeters>41.7</AltitudeMeters><Extensions><TPX xmlns="http://www.garmin.com/xmlschemas/ActivityExtension/v2"><Speed>2.89</Speed></TPX></Extensions></Trackpoint><Trackpoint><Time>2026-03-11T17:14:49+00:00</Time><DistanceMeters>3307.3</DistanceMeters><Position><LatitudeDegrees>50.600484</LatitudeDegrees><LongitudeDegrees>3.059778</LongitudeDegrees></Position><AltitudeMeters>41.7</AltitudeMeters><Extensions><TPX xmlns="http://www.garmin.com/xmlschemas/ActivityExtension/v2"><Speed>3.06</Speed></TPX></Extensions></Trackpoint><Trackpoint><Time>2026-03-11T17:14:50+00:00</Time><DistanceMeters>3310.5</DistanceMeters><Position><LatitudeDegrees>50.600458</LatitudeDegrees><LongitudeDegrees>3.059796</LongitudeDegrees></Position><AltitudeMeters>41.7</AltitudeMeters><Extensions><TPX xmlns="http://www.garmin.com/xmlschemas/ActivityExtension/v2"><Speed>3.18</Speed></TPX></Extensions></Trackpoint><Trackpoint><Time>2026-03-11T17:14:51+00:00</Time><DistanceMeters>3313.8</DistanceMeters><Position><LatitudeDegrees>50.600431</LatitudeDegrees><LongitudeDegrees>3.059816</LongitudeDegrees></Position><AltitudeMeters>41.8</AltitudeMeters><Extensions><TPX xmlns="http://www.garmin.com/xmlschemas/ActivityExtension/v2"><Speed>3.32</Speed></TPX></Extensions></Trackpoint><Trackpoint><Time>2026-03-11T17:14:52+00:00</Time><DistanceMeters>3316.7</DistanceMeters><Position><LatitudeDegrees>50.600395</LatitudeDegrees><LongitudeDegrees>3.059828</LongitudeDegrees></Position><AltitudeMeters>41.8</AltitudeMeters><Extensions><TPX xmlns="http://www.garmin.com/xmlschemas/ActivityExtension/v2"><Speed>3.23</Speed></TPX></Extensions></Trackpoint><Trackpoint><Time>2026-03-11T17:14:53+00:00</Time><DistanceMeters>3319.5</DistanceMeters><Position><LatitudeDegrees>50.600382</LatitudeDegrees><LongitudeDegrees>3.059834</LongitudeDegrees></Position><AltitudeMeters>41.8</AltitudeMeters><Extensions><TPX xmlns="http://www.garmin.com/xmlschemas/ActivityExtension/v2"><Speed>3.14</Speed></TPX></Extensions></Trackpoint><Trackpoint><Time>2026-03-11T17:14:54+00:00</Time><DistanceMeters>3321.9</DistanceMeters><Position><LatitudeDegrees>50.600349</LatitudeDegrees><LongitudeDegrees>3.059853</LongitudeDegrees></Position><AltitudeMeters>41.8</AltitudeMeters><Extensions><TPX xmlns="http://www.garmin.com/xmlschemas/ActivityExtension/v2"><Speed>2.92</Speed></TPX></Extensions></Trackpoint><Trackpoint><Time>2026-03-11T17:14:55+00:00</Time><DistanceMeters>3324.3</DistanceMeters><Position><LatitudeDegrees>50.600341</LatitudeDegrees><LongitudeDegrees>3.059857</LongitudeDegrees></Position><AltitudeMeters>41.8</AltitudeMeters><Extensions><TPX xmlns="http://www.garmin.com/xmlschemas/ActivityExtension/v2"><Speed>2.76</Speed></TPX></Extensions></Trackpoint><Trackpoint><Time>2026-03-11T17:14:56+00:00</Time><DistanceMeters>3326.8</DistanceMeters><Position><LatitudeDegrees>50.600315</LatitudeDegrees><LongitudeDegrees>3.059887</LongitudeDegrees></Position><AltitudeMeters>41.8</AltitudeMeters><Extensions><TPX xmlns="http://www.garmin.com/xmlschemas/ActivityExtension/v2"><Speed>2.59</Speed></TPX></Extensions></Trackpoint><Trackpoint><Time>2026-03-11T17:14:57+00:00</Time><DistanceMeters>3329.2</DistanceMeters><Position><LatitudeDegrees>50.600305</LatitudeDegrees><LongitudeDegrees>3.059898</LongitudeDegrees></Position><AltitudeMeters>41.8</AltitudeMeters><Extensions><TPX xmlns="http://www.garmin.com/xmlschemas/ActivityExtension/v2"><Speed>2.51</Speed></TPX></Extensions></Trackpoint><Trackpoint><Time>2026-03-11T17:14:58+00:00</Time><DistanceMeters>3331.9</DistanceMeters><Position><LatitudeDegrees>50.600273</LatitudeDegrees><LongitudeDegrees>3.059923</LongitudeDegrees></Position><AltitudeMeters>41.8</AltitudeMeters><Extensions><TPX xmlns="http://www.garmin.com/xmlschemas/ActivityExtension/v2"><Speed>2.47</Speed></TPX></Extensions></Trackpoint><Trackpoint><Time>2026-03-11T17:14:59+00:00</Time><DistanceMeters>3334.5</DistanceMeters><Position><LatitudeDegrees>50.600263</LatitudeDegrees><LongitudeDegrees>3.059934</LongitudeDegrees></Position><AltitudeMeters>41.8</AltitudeMeters><Extensions><TPX xmlns="http://www.garmin.com/xmlschemas/ActivityExtension/v2"><Speed>2.52</Speed></TPX></Extensions></Trackpoint><Trackpoint><Time>2026-03-11T17:15:00+00:00</Time><DistanceMeters>3336.9</DistanceMeters><Position><LatitudeDegrees>50.600234</LatitudeDegrees><LongitudeDegrees>3.059955</LongitudeDegrees></Position><AltitudeMeters>41.8</AltitudeMeters><Extensions><TPX xmlns="http://www.garmin.com/xmlschemas/ActivityExtension/v2"><Speed>2.52</Speed></TPX></Extensions></Trackpoint><Trackpoint><Time>2026-03-11T17:15:01+00:00</Time><DistanceMeters>3339.3</DistanceMeters><Position><LatitudeDegrees>50.600224</LatitudeDegrees><LongitudeDegrees>3.059961</LongitudeDegrees></Position><AltitudeMeters>41.8</AltitudeMeters><Extensions><TPX xmlns="http://www.garmin.com/xmlschemas/ActivityExtension/v2"><Speed>2.51</Speed></TPX></Extensions></Trackpoint><Trackpoint><Time>2026-03-11T17:15:02+00:00</Time><DistanceMeters>3342.0</DistanceMeters><Position><LatitudeDegrees>50.600195</LatitudeDegrees><LongitudeDegrees>3.059993</LongitudeDegrees></Position><AltitudeMeters>41.8</AltitudeMeters><Extensions><TPX xmlns="http://www.garmin.com/xmlschemas/ActivityExtension/v2"><Speed>2.56</Speed></TPX></Extensions></Trackpoint><Trackpoint><Time>2026-03-11T17:15:03+00:00</Time><DistanceMeters>3344.7</DistanceMeters><Position><LatitudeDegrees>50.600184</LatitudeDegrees><LongitudeDegrees>3.060003</LongitudeDegrees></Position><AltitudeMeters>41.8</AltitudeMeters><Extensions><TPX xmlns="http://www.garmin.com/xmlschemas/ActivityExtension/v2"><Speed>2.57</Speed></TPX></Extensions></Trackpoint><Trackpoint><Time>2026-03-11T17:15:04+00:00</Time><DistanceMeters>3347.4</DistanceMeters><Position><LatitudeDegrees>50.600154</LatitudeDegrees><LongitudeDegrees>3.060032</LongitudeDegrees></Position><AltitudeMeters>41.8</AltitudeMeters><Extensions><TPX xmlns="http://www.garmin.com/xmlschemas/ActivityExtension/v2"><Speed>2.57</Speed></TPX></Extensions></Trackpoint><Trackpoint><Time>2026-03-11T17:15:05+00:00</Time><DistanceMeters>3350.0</DistanceMeters><Position><LatitudeDegrees>50.600143</LatitudeDegrees><LongitudeDegrees>3.060042</LongitudeDegrees></Position><AltitudeMeters>41.8</AltitudeMeters><Extensions><TPX xmlns="http://www.garmin.com/xmlschemas/ActivityExtension/v2"><Speed>2.62</Speed></TPX></Extensions></Trackpoint><Trackpoint><Time>2026-03-11T17:15:06+00:00</Time><DistanceMeters>3352.7</DistanceMeters><Position><LatitudeDegrees>50.600112</LatitudeDegrees><LongitudeDegrees>3.060069</LongitudeDegrees></Position><AltitudeMeters>41.8</AltitudeMeters><Extensions><TPX xmlns="http://www.garmin.com/xmlschemas/ActivityExtension/v2"><Speed>2.67</Speed></TPX></Extensions></Trackpoint><Trackpoint><Time>2026-03-11T17:15:07+00:00</Time><DistanceMeters>3355.3</DistanceMeters><Position><LatitudeDegrees>50.600101</LatitudeDegrees><LongitudeDegrees>3.060078</LongitudeDegrees></Position><AltitudeMeters>41.8</AltitudeMeters><Extensions><TPX xmlns="http://www.garmin.com/xmlschemas/ActivityExtension/v2"><Speed>2.66</Speed></TPX></Extensions></Trackpoint><Trackpoint><Time>2026-03-11T17:15:08+00:00</Time><DistanceMeters>3357.7</DistanceMeters><Position><LatitudeDegrees>50.600073</LatitudeDegrees><LongitudeDegrees>3.060106</LongitudeDegrees></Position><AltitudeMeters>41.8</AltitudeMeters><Extensions><TPX xmlns="http://www.garmin.com/xmlschemas/ActivityExtension/v2"><Speed>2.6</Speed></TPX></Extensions></Trackpoint><Trackpoint><Time>2026-03-11T17:15:09+00:00</Time><DistanceMeters>3360.1</DistanceMeters><Position><LatitudeDegrees>50.600063</LatitudeDegrees><LongitudeDegrees>3.060113</LongitudeDegrees></Position><AltitudeMeters>41.8</AltitudeMeters><Extensions><TPX xmlns="http://www.garmin.com/xmlschemas/ActivityExtension/v2"><Speed>2.55</Speed></TPX></Extensions></Trackpoint><Trackpoint><Time>2026-03-11T17:15:10+00:00</Time><DistanceMeters>3362.5</DistanceMeters><Position><LatitudeDegrees>50.600034</LatitudeDegrees><LongitudeDegrees>3.060132</LongitudeDegrees></Position><AltitudeMeters>41.8</AltitudeMeters><Extensions><TPX xmlns="http://www.garmin.com/xmlschemas/ActivityExtension/v2"><Speed>2.5</Speed></TPX></Extensions></Trackpoint><Trackpoint><Time>2026-03-11T17:15:11+00:00</Time><DistanceMeters>3364.9</DistanceMeters><Position><LatitudeDegrees>50.600025</LatitudeDegrees><LongitudeDegrees>3.060144</LongitudeDegrees></Position><AltitudeMeters>41.8</AltitudeMeters><Extensions><TPX xmlns="http://www.garmin.com/xmlschemas/ActivityExtension/v2"><Speed>2.45</Speed></TPX></Extensions></Trackpoint><Trackpoint><Time>2026-03-11T17:15:12+00:00</Time><DistanceMeters>3367.4</DistanceMeters><Position><LatitudeDegrees>50.599994</LatitudeDegrees><LongitudeDegrees>3.060164</LongitudeDegrees></Position><AltitudeMeters>41.8</AltitudeMeters><Extensions><TPX xmlns="http://www.garmin.com/xmlschemas/ActivityExtension/v2"><Speed>2.41</Speed></TPX></Extensions></Trackpoint><Trackpoint><Time>2026-03-11T17:15:13+00:00</Time><DistanceMeters>3369.8</DistanceMeters><Position><LatitudeDegrees>50.599985</LatitudeDegrees><LongitudeDegrees>3.06017</LongitudeDegrees></Position><AltitudeMeters>41.8</AltitudeMeters><Extensions><TPX xmlns="http://www.garmin.com/xmlschemas/ActivityExtension/v2"><Speed>2.42</Speed></TPX></Extensions></Trackpoint><Trackpoint><Time>2026-03-11T17:15:14+00:00</Time><DistanceMeters>3372.1</DistanceMeters><Position><LatitudeDegrees>50.599956</LatitudeDegrees><LongitudeDegrees>3.060196</LongitudeDegrees></Position><AltitudeMeters>41.8</AltitudeMeters><Extensions><TPX xmlns="http://www.garmin.com/xmlschemas/ActivityExtension/v2"><Speed>2.4</Speed></TPX></Extensions></Trackpoint><Trackpoint><Time>2026-03-11T17:15:15+00:00</Time><DistanceMeters>3374.4</DistanceMeters><Position><LatitudeDegrees>50.599948</LatitudeDegrees><LongitudeDegrees>3.060202</LongitudeDegrees></Position><AltitudeMeters>41.8</AltitudeMeters><Extensions><TPX xmlns="http://www.garmin.com/xmlschemas/ActivityExtension/v2"><Speed>2.38</Speed></TPX></Extensions></Trackpoint><Trackpoint><Time>2026-03-11T17:15:16+00:00</Time><DistanceMeters>3378.1</DistanceMeters><Position><LatitudeDegrees>50.599919</LatitudeDegrees><LongitudeDegrees>3.060225</LongitudeDegrees></Position><AltitudeMeters>41.8</AltitudeMeters><Extensions><TPX xmlns="http://www.garmin.com/xmlschemas/ActivityExtension/v2"><Speed>2.64</Speed></TPX></Extensions></Trackpoint><Trackpoint><Time>2026-03-11T17:15:17+00:00</Time><DistanceMeters>3380.8</DistanceMeters><Position><LatitudeDegrees>50.599891</LatitudeDegrees><LongitudeDegrees>3.060252</LongitudeDegrees></Position><AltitudeMeters>41.8</AltitudeMeters><Extensions><TPX xmlns="http://www.garmin.com/xmlschemas/ActivityExtension/v2"><Speed>2.68</Speed></TPX></Extensions></Trackpoint><Trackpoint><Time>2026-03-11T17:15:18+00:00</Time><DistanceMeters>3383.4</DistanceMeters><Position><LatitudeDegrees>50.599877</LatitudeDegrees><LongitudeDegrees>3.06026</LongitudeDegrees></Position><AltitudeMeters>41.8</AltitudeMeters><Extensions><TPX xmlns="http://www.garmin.com/xmlschemas/ActivityExtension/v2"><Speed>2.72</Speed></TPX></Extensions></Trackpoint><Trackpoint><Time>2026-03-11T17:15:19+00:00</Time><DistanceMeters>3386.3</DistanceMeters><Position><LatitudeDegrees>50.599849</LatitudeDegrees><LongitudeDegrees>3.06029</LongitudeDegrees></Position><AltitudeMeters>41.8</AltitudeMeters><Extensions><TPX xmlns="http://www.garmin.com/xmlschemas/ActivityExtension/v2"><Speed>2.83</Speed></TPX></Extensions></Trackpoint><Trackpoint><Time>2026-03-11T17:15:20+00:00</Time><DistanceMeters>3389.1</DistanceMeters><Position><LatitudeDegrees>50.599835</LatitudeDegrees><LongitudeDegrees>3.060308</LongitudeDegrees></Position><AltitudeMeters>41.8</AltitudeMeters><Extensions><TPX xmlns="http://www.garmin.com/xmlschemas/ActivityExtension/v2"><Speed>2.94</Speed></TPX></Extensions></Trackpoint><Trackpoint><Time>2026-03-11T17:15:21+00:00</Time><DistanceMeters>3391.9</DistanceMeters><Position><LatitudeDegrees>50.599807</LatitudeDegrees><LongitudeDegrees>3.060329</LongitudeDegrees></Position><AltitudeMeters>41.8</AltitudeMeters><Extensions><TPX xmlns="http://www.garmin.com/xmlschemas/ActivityExtension/v2"><Speed>2.75</Speed></TPX></Extensions></Trackpoint><Trackpoint><Time>2026-03-11T17:15:22+00:00</Time><DistanceMeters>3394.6</DistanceMeters><Position><LatitudeDegrees>50.59979</LatitudeDegrees><LongitudeDegrees>3.060341</LongitudeDegrees></Position><AltitudeMeters>41.8</AltitudeMeters><Extensions><TPX xmlns="http://www.garmin.com/xmlschemas/ActivityExtension/v2"><Speed>2.77</Speed></TPX></Extensions></Trackpoint><Trackpoint><Time>2026-03-11T17:15:24+00:00</Time><DistanceMeters>3397.3</DistanceMeters><Position><LatitudeDegrees>50.599762</LatitudeDegrees><LongitudeDegrees>3.060357</LongitudeDegrees></Position><AltitudeMeters>41.7</AltitudeMeters><Extensions><TPX xmlns="http://www.garmin.com/xmlschemas/ActivityExtension/v2"><Speed>2.2</Speed></TPX></Extensions></Trackpoint><Trackpoint><Time>2026-03-11T17:15:25+00:00</Time><DistanceMeters>3399.9</DistanceMeters><Position><LatitudeDegrees>50.599746</LatitudeDegrees><LongitudeDegrees>3.060367</LongitudeDegrees></Position><AltitudeMeters>41.7</AltitudeMeters><Extensions><TPX xmlns="http://www.garmin.com/xmlschemas/ActivityExtension/v2"><Speed>2.16</Speed></TPX></Extensions></Trackpoint><Trackpoint><Time>2026-03-11T17:15:26+00:00</Time><DistanceMeters>3402.5</DistanceMeters><Position><LatitudeDegrees>50.599717</LatitudeDegrees><LongitudeDegrees>3.060375</LongitudeDegrees></Position><AltitudeMeters>41.7</AltitudeMeters><Extensions><TPX xmlns="http://www.garmin.com/xmlschemas/ActivityExtension/v2"><Speed>2.13</Speed></TPX></Extensions></Trackpoint><Trackpoint><Time>2026-03-11T17:15:27+00:00</Time><DistanceMeters>3405.1</DistanceMeters><Position><LatitudeDegrees>50.5997</LatitudeDegrees><LongitudeDegrees>3.060379</LongitudeDegrees></Position><AltitudeMeters>41.8</AltitudeMeters><Extensions><TPX xmlns="http://www.garmin.com/xmlschemas/ActivityExtension/v2"><Speed>2.1</Speed></TPX></Extensions></Trackpoint><Trackpoint><Time>2026-03-11T17:15:28+00:00</Time><DistanceMeters>3407.6</DistanceMeters><Position><LatitudeDegrees>50.599675</LatitudeDegrees><LongitudeDegrees>3.06041</LongitudeDegrees></Position><AltitudeMeters>41.8</AltitudeMeters><Extensions><TPX xmlns="http://www.garmin.com/xmlschemas/ActivityExtension/v2"><Speed>2.158</Speed></TPX></Extensions></Trackpoint><Trackpoint><Time>2026-03-11T17:15:29+00:00</Time><DistanceMeters>3410.0</DistanceMeters><Position><LatitudeDegrees>50.599664</LatitudeDegrees><LongitudeDegrees>3.06042</LongitudeDegrees></Position><AltitudeMeters>41.8</AltitudeMeters><Extensions><TPX xmlns="http://www.garmin.com/xmlschemas/ActivityExtension/v2"><Speed>2.55</Speed></TPX></Extensions></Trackpoint><Trackpoint><Time>2026-03-11T17:15:30+00:00</Time><DistanceMeters>3412.8</DistanceMeters><Position><LatitudeDegrees>50.599633</LatitudeDegrees><LongitudeDegrees>3.060454</LongitudeDegrees></Position><AltitudeMeters>41.8</AltitudeMeters><Extensions><TPX xmlns="http://www.garmin.com/xmlschemas/ActivityExtension/v2"><Speed>2.58</Speed></TPX></Extensions></Trackpoint><Trackpoint><Time>2026-03-11T17:15:31+00:00</Time><DistanceMeters>3415.6</DistanceMeters><Position><LatitudeDegrees>50.599624</LatitudeDegrees><LongitudeDegrees>3.060468</LongitudeDegrees></Position><AltitudeMeters>41.8</AltitudeMeters><Extensions><TPX xmlns="http://www.garmin.com/xmlschemas/ActivityExtension/v2"><Speed>2.62</Speed></TPX></Extensions></Trackpoint><Trackpoint><Time>2026-03-11T17:15:32+00:00</Time><DistanceMeters>3418.3</DistanceMeters><Position><LatitudeDegrees>50.599597</LatitudeDegrees><LongitudeDegrees>3.060507</LongitudeDegrees></Position><AltitudeMeters>41.8</AltitudeMeters><Extensions><TPX xmlns="http://www.garmin.com/xmlschemas/ActivityExtension/v2"><Speed>2.64</Speed></TPX></Extensions></Trackpoint><Trackpoint><Time>2026-03-11T17:15:33+00:00</Time><DistanceMeters>3421.0</DistanceMeters><Position><LatitudeDegrees>50.599588</LatitudeDegrees><LongitudeDegrees>3.06052</LongitudeDegrees></Position><AltitudeMeters>41.8</AltitudeMeters><Extensions><TPX xmlns="http://www.garmin.com/xmlschemas/ActivityExtension/v2"><Speed>2.69</Speed></TPX></Extensions></Trackpoint><Trackpoint><Time>2026-03-11T17:15:34+00:00</Time><DistanceMeters>3424.1</DistanceMeters><Position><LatitudeDegrees>50.599566</LatitudeDegrees><LongitudeDegrees>3.060545</LongitudeDegrees></Position><AltitudeMeters>41.8</AltitudeMeters><Extensions><TPX xmlns="http://www.garmin.com/xmlschemas/ActivityExtension/v2"><Speed>2.82</Speed></TPX></Extensions></Trackpoint><Trackpoint><Time>2026-03-11T17:15:35+00:00</Time><DistanceMeters>3427.2</DistanceMeters><Position><LatitudeDegrees>50.599536</LatitudeDegrees><LongitudeDegrees>3.060584</LongitudeDegrees></Position><AltitudeMeters>41.9</AltitudeMeters><Extensions><TPX xmlns="http://www.garmin.com/xmlschemas/ActivityExtension/v2"><Speed>2.88</Speed></TPX></Extensions></Trackpoint><Trackpoint><Time>2026-03-11T17:15:36+00:00</Time><DistanceMeters>3430.3</DistanceMeters><Position><LatitudeDegrees>50.599522</LatitudeDegrees><LongitudeDegrees>3.060599</LongitudeDegrees></Position><AltitudeMeters>41.9</AltitudeMeters><Extensions><TPX xmlns="http://www.garmin.com/xmlschemas/ActivityExtension/v2"><Speed>2.94</Speed></TPX></Extensions></Trackpoint><Trackpoint><Time>2026-03-11T17:15:37+00:00</Time><DistanceMeters>3432.9</DistanceMeters><Position><LatitudeDegrees>50.599488</LatitudeDegrees><LongitudeDegrees>3.060626</LongitudeDegrees></Position><AltitudeMeters>41.9</AltitudeMeters><Extensions><TPX xmlns="http://www.garmin.com/xmlschemas/ActivityExtension/v2"><Speed>2.91</Speed></TPX></Extensions></Trackpoint><Trackpoint><Time>2026-03-11T17:15:38+00:00</Time><DistanceMeters>3435.4</DistanceMeters><Position><LatitudeDegrees>50.599468</LatitudeDegrees><LongitudeDegrees>3.060647</LongitudeDegrees></Position><AltitudeMeters>41.9</AltitudeMeters><Extensions><TPX xmlns="http://www.garmin.com/xmlschemas/ActivityExtension/v2"><Speed>2.88</Speed></TPX></Extensions></Trackpoint><Trackpoint><Time>2026-03-11T17:15:39+00:00</Time><DistanceMeters>3440.8</DistanceMeters><Position><LatitudeDegrees>50.599441</LatitudeDegrees><LongitudeDegrees>3.060675</LongitudeDegrees></Position><AltitudeMeters>41.9</AltitudeMeters><Extensions><TPX xmlns="http://www.garmin.com/xmlschemas/ActivityExtension/v2"><Speed>3.34</Speed></TPX></Extensions></Trackpoint><Trackpoint><Time>2026-03-11T17:15:40+00:00</Time><DistanceMeters>3443.4</DistanceMeters><Position><LatitudeDegrees>50.599412</LatitudeDegrees><LongitudeDegrees>3.060686</LongitudeDegrees></Position><AltitudeMeters>41.9</AltitudeMeters><Extensions><TPX xmlns="http://www.garmin.com/xmlschemas/ActivityExtension/v2"><Speed>3.24</Speed></TPX></Extensions></Trackpoint><Trackpoint><Time>2026-03-11T17:15:41+00:00</Time><DistanceMeters>3446.0</DistanceMeters><Position><LatitudeDegrees>50.599397</LatitudeDegrees><LongitudeDegrees>3.060699</LongitudeDegrees></Position><AltitudeMeters>42.0</AltitudeMeters><Extensions><TPX xmlns="http://www.garmin.com/xmlschemas/ActivityExtension/v2"><Speed>3.14</Speed></TPX></Extensions></Trackpoint><Trackpoint><Time>2026-03-11T17:15:42+00:00</Time><DistanceMeters>3448.3</DistanceMeters><Position><LatitudeDegrees>50.599375</LatitudeDegrees><LongitudeDegrees>3.060728</LongitudeDegrees></Position><AltitudeMeters>42.0</AltitudeMeters><Extensions><TPX xmlns="http://www.garmin.com/xmlschemas/ActivityExtension/v2"><Speed>3.08</Speed></TPX></Extensions></Trackpoint><Trackpoint><Time>2026-03-11T17:15:43+00:00</Time><DistanceMeters>3450.5</DistanceMeters><Position><LatitudeDegrees>50.599365</LatitudeDegrees><LongitudeDegrees>3.060737</LongitudeDegrees></Position><AltitudeMeters>42.0</AltitudeMeters><Extensions><TPX xmlns="http://www.garmin.com/xmlschemas/ActivityExtension/v2"><Speed>3.02</Speed></TPX></Extensions></Trackpoint><Trackpoint><Time>2026-03-11T17:15:44+00:00</Time><DistanceMeters>3453.1</DistanceMeters><Position><LatitudeDegrees>50.599335</LatitudeDegrees><LongitudeDegrees>3.060769</LongitudeDegrees></Position><AltitudeMeters>42.0</AltitudeMeters><Extensions><TPX xmlns="http://www.garmin.com/xmlschemas/ActivityExtension/v2"><Speed>2.46</Speed></TPX></Extensions></Trackpoint><Trackpoint><Time>2026-03-11T17:15:45+00:00</Time><DistanceMeters>3455.7</DistanceMeters><Position><LatitudeDegrees>50.599326</LatitudeDegrees><LongitudeDegrees>3.060778</LongitudeDegrees></Position><AltitudeMeters>42.0</AltitudeMeters><Extensions><TPX xmlns="http://www.garmin.com/xmlschemas/ActivityExtension/v2"><Speed>2.46</Speed></TPX></Extensions></Trackpoint><Trackpoint><Time>2026-03-11T17:15:46+00:00</Time><DistanceMeters>3458.9</DistanceMeters><Position><LatitudeDegrees>50.599302</LatitudeDegrees><LongitudeDegrees>3.060802</LongitudeDegrees></Position><AltitudeMeters>42.0</AltitudeMeters><Extensions><TPX xmlns="http://www.garmin.com/xmlschemas/ActivityExtension/v2"><Speed>2.58</Speed></TPX></Extensions></Trackpoint><Trackpoint><Time>2026-03-11T17:15:47+00:00</Time><DistanceMeters>3461.8</DistanceMeters><Position><LatitudeDegrees>50.599273</LatitudeDegrees><LongitudeDegrees>3.060828</LongitudeDegrees></Position><AltitudeMeters>42.0</AltitudeMeters><Extensions><TPX xmlns="http://www.garmin.com/xmlschemas/ActivityExtension/v2"><Speed>2.7</Speed></TPX></Extensions></Trackpoint><Trackpoint><Time>2026-03-11T17:15:48+00:00</Time><DistanceMeters>3464.6</DistanceMeters><Position><LatitudeDegrees>50.599259</LatitudeDegrees><LongitudeDegrees>3.060846</LongitudeDegrees></Position><AltitudeMeters>42.1</AltitudeMeters><Extensions><TPX xmlns="http://www.garmin.com/xmlschemas/ActivityExtension/v2"><Speed>2.82</Speed></TPX></Extensions></Trackpoint><Trackpoint><Time>2026-03-11T17:15:49+00:00</Time><DistanceMeters>3467.6</DistanceMeters><Position><LatitudeDegrees>50.59923</LatitudeDegrees><LongitudeDegrees>3.060874</LongitudeDegrees></Position><AltitudeMeters>42.1</AltitudeMeters><Extensions><TPX xmlns="http://www.garmin.com/xmlschemas/ActivityExtension/v2"><Speed>2.9</Speed></TPX></Extensions></Trackpoint><Trackpoint><Time>2026-03-11T17:15:50+00:00</Time><DistanceMeters>3470.6</DistanceMeters><Position><LatitudeDegrees>50.599214</LatitudeDegrees><LongitudeDegrees>3.060895</LongitudeDegrees></Position><AltitudeMeters>42.1</AltitudeMeters><Extensions><TPX xmlns="http://www.garmin.com/xmlschemas/ActivityExtension/v2"><Speed>2.98</Speed></TPX></Extensions></Trackpoint><Trackpoint><Time>2026-03-11T17:15:51+00:00</Time><DistanceMeters>3470.6</DistanceMeters><Position><LatitudeDegrees>50.599207</LatitudeDegrees><LongitudeDegrees>3.060904</LongitudeDegrees></Position><AltitudeMeters>42.1</AltitudeMeters><Extensions><TPX xmlns="http://www.garmin.com/xmlschemas/ActivityExtension/v2"><Speed>2.34</Speed></TPX></Extensions></Trackpoint><Trackpoint><Time>2026-03-11T17:15:52+00:00</Time><DistanceMeters>3474.6</DistanceMeters><Position><LatitudeDegrees>50.599182</LatitudeDegrees><LongitudeDegrees>3.060921</LongitudeDegrees></Position><AltitudeMeters>42.1</AltitudeMeters><Extensions><TPX xmlns="http://www.garmin.com/xmlschemas/ActivityExtension/v2"><Speed>2.57</Speed></TPX></Extensions></Trackpoint><Trackpoint><Time>2026-03-11T17:15:53+00:00</Time><DistanceMeters>3477.4</DistanceMeters><Position><LatitudeDegrees>50.599154</LatitudeDegrees><LongitudeDegrees>3.06095</LongitudeDegrees></Position><AltitudeMeters>42.1</AltitudeMeters><Extensions><TPX xmlns="http://www.garmin.com/xmlschemas/ActivityExtension/v2"><Speed>2.56</Speed></TPX></Extensions></Trackpoint><Trackpoint><Time>2026-03-11T17:15:54+00:00</Time><DistanceMeters>3480.2</DistanceMeters><Position><LatitudeDegrees>50.599139</LatitudeDegrees><LongitudeDegrees>3.06096</LongitudeDegrees></Position><AltitudeMeters>42.1</AltitudeMeters><Extensions><TPX xmlns="http://www.garmin.com/xmlschemas/ActivityExtension/v2"><Speed>2.52</Speed></TPX></Extensions></Trackpoint><Trackpoint><Time>2026-03-11T17:15:55+00:00</Time><DistanceMeters>3482.5</DistanceMeters><Position><LatitudeDegrees>50.599113</LatitudeDegrees><LongitudeDegrees>3.060975</LongitudeDegrees></Position><AltitudeMeters>42.1</AltitudeMeters><Extensions><TPX xmlns="http://www.garmin.com/xmlschemas/ActivityExtension/v2"><Speed>2.37</Speed></TPX></Extensions></Trackpoint><Trackpoint><Time>2026-03-11T17:15:56+00:00</Time><DistanceMeters>3484.7</DistanceMeters><Position><LatitudeDegrees>50.599101</LatitudeDegrees><LongitudeDegrees>3.060983</LongitudeDegrees></Position><AltitudeMeters>42.1</AltitudeMeters><Extensions><TPX xmlns="http://www.garmin.com/xmlschemas/ActivityExtension/v2"><Speed>2.82</Speed></TPX></Extensions></Trackpoint><Trackpoint><Time>2026-03-11T17:15:57+00:00</Time><DistanceMeters>3487.3</DistanceMeters><Position><LatitudeDegrees>50.599069</LatitudeDegrees><LongitudeDegrees>3.061</LongitudeDegrees></Position><AltitudeMeters>42.2</AltitudeMeters><Extensions><TPX xmlns="http://www.garmin.com/xmlschemas/ActivityExtension/v2"><Speed>2.53</Speed></TPX></Extensions></Trackpoint><Trackpoint><Time>2026-03-11T17:15:58+00:00</Time><DistanceMeters>3489.8</DistanceMeters><Position><LatitudeDegrees>50.599058</LatitudeDegrees><LongitudeDegrees>3.061006</LongitudeDegrees></Position><AltitudeMeters>42.2</AltitudeMeters><Extensions><TPX xmlns="http://www.garmin.com/xmlschemas/ActivityExtension/v2"><Speed>2.48</Speed></TPX></Extensions></Trackpoint><Trackpoint><Time>2026-03-11T17:15:59+00:00</Time><DistanceMeters>3493.4</DistanceMeters><Position><LatitudeDegrees>50.599026</LatitudeDegrees><LongitudeDegrees>3.061014</LongitudeDegrees></Position><AltitudeMeters>42.2</AltitudeMeters><Extensions><TPX xmlns="http://www.garmin.com/xmlschemas/ActivityExtension/v2"><Speed>2.64</Speed></TPX></Extensions></Trackpoint><Trackpoint><Time>2026-03-11T17:16:00+00:00</Time><DistanceMeters>3496.3</DistanceMeters><Position><LatitudeDegrees>50.598995</LatitudeDegrees><LongitudeDegrees>3.061033</LongitudeDegrees></Position><AltitudeMeters>42.3</AltitudeMeters><Extensions><TPX xmlns="http://www.garmin.com/xmlschemas/ActivityExtension/v2"><Speed>2.77</Speed></TPX></Extensions></Trackpoint><Trackpoint><Time>2026-03-11T17:16:01+00:00</Time><DistanceMeters>3499.2</DistanceMeters><Position><LatitudeDegrees>50.598977</LatitudeDegrees><LongitudeDegrees>3.061044</LongitudeDegrees></Position><AltitudeMeters>42.3</AltitudeMeters><Extensions><TPX xmlns="http://www.garmin.com/xmlschemas/ActivityExtension/v2"><Speed>2.9</Speed></TPX></Extensions></Trackpoint><Trackpoint><Time>2026-03-11T17:16:02+00:00</Time><DistanceMeters>3501.8</DistanceMeters><Position><LatitudeDegrees>50.59895</LatitudeDegrees><LongitudeDegrees>3.061063</LongitudeDegrees></Position><AltitudeMeters>42.4</AltitudeMeters><Extensions><TPX xmlns="http://www.garmin.com/xmlschemas/ActivityExtension/v2"><Speed>2.9</Speed></TPX></Extensions></Trackpoint><Trackpoint><Time>2026-03-11T17:16:03+00:00</Time><DistanceMeters>3504.3</DistanceMeters><Position><LatitudeDegrees>50.598935</LatitudeDegrees><LongitudeDegrees>3.061072</LongitudeDegrees></Position><AltitudeMeters>42.5</AltitudeMeters><Extensions><TPX xmlns="http://www.garmin.com/xmlschemas/ActivityExtension/v2"><Speed>2.9</Speed></TPX></Extensions></Trackpoint><Trackpoint><Time>2026-03-11T17:16:04+00:00</Time><DistanceMeters>3506.9</DistanceMeters><Position><LatitudeDegrees>50.59891</LatitudeDegrees><LongitudeDegrees>3.061096</LongitudeDegrees></Position><AltitudeMeters>42.6</AltitudeMeters><Extensions><TPX xmlns="http://www.garmin.com/xmlschemas/ActivityExtension/v2"><Speed>2.69</Speed></TPX></Extensions></Trackpoint><Trackpoint><Time>2026-03-11T17:16:05+00:00</Time><DistanceMeters>3509.4</DistanceMeters><Position><LatitudeDegrees>50.598896</LatitudeDegrees><LongitudeDegrees>3.061109</LongitudeDegrees></Position><AltitudeMeters>42.7</AltitudeMeters><Extensions><TPX xmlns="http://www.garmin.com/xmlschemas/ActivityExtension/v2"><Speed>2.62</Speed></TPX></Extensions></Trackpoint><Trackpoint><Time>2026-03-11T17:16:06+00:00</Time><DistanceMeters>3512.0</DistanceMeters><Position><LatitudeDegrees>50.598866</LatitudeDegrees><LongitudeDegrees>3.061112</LongitudeDegrees></Position><AltitudeMeters>42.8</AltitudeMeters><Extensions><TPX xmlns="http://www.garmin.com/xmlschemas/ActivityExtension/v2"><Speed>2.55</Speed></TPX></Extensions></Trackpoint><Trackpoint><Time>2026-03-11T17:16:07+00:00</Time><DistanceMeters>3514.5</DistanceMeters><Position><LatitudeDegrees>50.59885</LatitudeDegrees><LongitudeDegrees>3.061116</LongitudeDegrees></Position><AltitudeMeters>42.8</AltitudeMeters><Extensions><TPX xmlns="http://www.garmin.com/xmlschemas/ActivityExtension/v2"><Speed>2.55</Speed></TPX></Extensions></Trackpoint><Trackpoint><Time>2026-03-11T17:16:08+00:00</Time><DistanceMeters>3516.9</DistanceMeters><Position><LatitudeDegrees>50.598823</LatitudeDegrees><LongitudeDegrees>3.061115</LongitudeDegrees></Position><AltitudeMeters>42.9</AltitudeMeters><Extensions><TPX xmlns="http://www.garmin.com/xmlschemas/ActivityExtension/v2"><Speed>2.51</Speed></TPX></Extensions></Trackpoint><Trackpoint><Time>2026-03-11T17:16:09+00:00</Time><DistanceMeters>3519.2</DistanceMeters><Position><LatitudeDegrees>50.598807</LatitudeDegrees><LongitudeDegrees>3.061115</LongitudeDegrees></Position><AltitudeMeters>43.0</AltitudeMeters><Extensions><TPX xmlns="http://www.garmin.com/xmlschemas/ActivityExtension/v2"><Speed>2.47</Speed></TPX></Extensions></Trackpoint><Trackpoint><Time>2026-03-11T17:16:10+00:00</Time><DistanceMeters>3519.2</DistanceMeters><Position><LatitudeDegrees>50.598795</LatitudeDegrees><LongitudeDegrees>3.06111</LongitudeDegrees></Position><AltitudeMeters>43.0</AltitudeMeters><Extensions><TPX xmlns="http://www.garmin.com/xmlschemas/ActivityExtension/v2"><Speed>1.96</Speed></TPX></Extensions></Trackpoint><Trackpoint><Time>2026-03-11T17:16:11+00:00</Time><DistanceMeters>3522.7</DistanceMeters><Position><LatitudeDegrees>50.598779</LatitudeDegrees><LongitudeDegrees>3.061094</LongitudeDegrees></Position><AltitudeMeters>43.1</AltitudeMeters><Extensions><TPX xmlns="http://www.garmin.com/xmlschemas/ActivityExtension/v2"><Speed>2.15</Speed></TPX></Extensions></Trackpoint><Trackpoint><Time>2026-03-11T17:16:12+00:00</Time><DistanceMeters>3522.7</DistanceMeters><Position><LatitudeDegrees>50.59878</LatitudeDegrees><LongitudeDegrees>3.06107</LongitudeDegrees></Position><AltitudeMeters>43.1</AltitudeMeters><Extensions><TPX xmlns="http://www.garmin.com/xmlschemas/ActivityExtension/v2"><Speed>1.64</Speed></TPX></Extensions></Trackpoint><Trackpoint><Time>2026-03-11T17:16:13+00:00</Time><DistanceMeters>3526.4</DistanceMeters><Position><LatitudeDegrees>50.598788</LatitudeDegrees><LongitudeDegrees>3.061045</LongitudeDegrees></Position><AltitudeMeters>43.2</AltitudeMeters><Extensions><TPX xmlns="http://www.garmin.com/xmlschemas/ActivityExtension/v2"><Speed>1.91</Speed></TPX></Extensions></Trackpoint><Trackpoint><Time>2026-03-11T17:16:14+00:00</Time><DistanceMeters>3526.4</DistanceMeters><Position><LatitudeDegrees>50.598794</LatitudeDegrees><LongitudeDegrees>3.06101</LongitudeDegrees></Position><AltitudeMeters>43.2</AltitudeMeters><Extensions><TPX xmlns="http://www.garmin.com/xmlschemas/ActivityExtension/v2"><Speed>1.44</Speed></TPX></Extensions></Trackpoint><Trackpoint><Time>2026-03-11T17:16:15+00:00</Time><DistanceMeters>3526.4</DistanceMeters><Position><LatitudeDegrees>50.598796</LatitudeDegrees><LongitudeDegrees>3.061006</LongitudeDegrees></Position><AltitudeMeters>43.2</AltitudeMeters><Extensions><TPX xmlns="http://www.garmin.com/xmlschemas/ActivityExtension/v2"><Speed>1.44</Speed></TPX></Extensions></Trackpoint><Trackpoint><Time>2026-03-11T17:16:16+00:00</Time><DistanceMeters>3529.6</DistanceMeters><Position><LatitudeDegrees>50.598793</LatitudeDegrees><LongitudeDegrees>3.061</LongitudeDegrees></Position><AltitudeMeters>43.2</AltitudeMeters><Extensions><TPX xmlns="http://www.garmin.com/xmlschemas/ActivityExtension/v2"><Speed>1.38</Speed></TPX></Extensions></Trackpoint><Trackpoint><Time>2026-03-11T17:16:17+00:00</Time><DistanceMeters>3529.6</DistanceMeters><Position><LatitudeDegrees>50.598787</LatitudeDegrees><LongitudeDegrees>3.060989</LongitudeDegrees></Position><AltitudeMeters>43.3</AltitudeMeters><Extensions><TPX xmlns="http://www.garmin.com/xmlschemas/ActivityExtension/v2"><Speed>1.38</Speed></TPX></Extensions></Trackpoint><Trackpoint><Time>2026-03-11T17:16:18+00:00</Time><DistanceMeters>3533.5</DistanceMeters><Position><LatitudeDegrees>50.598767</LatitudeDegrees><LongitudeDegrees>3.060963</LongitudeDegrees></Position><AltitudeMeters>43.3</AltitudeMeters><Extensions><TPX xmlns="http://www.garmin.com/xmlschemas/ActivityExtension/v2"><Speed>1.42</Speed></TPX></Extensions></Trackpoint><Trackpoint><Time>2026-03-11T17:16:19+00:00</Time><DistanceMeters>3537.9</DistanceMeters><Position><LatitudeDegrees>50.598734</LatitudeDegrees><LongitudeDegrees>3.060929</LongitudeDegrees></Position><AltitudeMeters>43.4</AltitudeMeters><Extensions><TPX xmlns="http://www.garmin.com/xmlschemas/ActivityExtension/v2"><Speed>2.3</Speed></TPX></Extensions></Trackpoint><Trackpoint><Time>2026-03-11T17:16:20+00:00</Time><DistanceMeters>3541.2</DistanceMeters><Position><LatitudeDegrees>50.598696</LatitudeDegrees><LongitudeDegrees>3.06093</LongitudeDegrees></Position><AltitudeMeters>43.4</AltitudeMeters><Extensions><TPX xmlns="http://www.garmin.com/xmlschemas/ActivityExtension/v2"><Speed>2.95</Speed></TPX></Extensions></Trackpoint><Trackpoint><Time>2026-03-11T17:16:21+00:00</Time><DistanceMeters>3544.4</DistanceMeters><Position><LatitudeDegrees>50.598675</LatitudeDegrees><LongitudeDegrees>3.060927</LongitudeDegrees></Position><AltitudeMeters>43.5</AltitudeMeters><Extensions><TPX xmlns="http://www.garmin.com/xmlschemas/ActivityExtension/v2"><Speed>2.96</Speed></TPX></Extensions></Trackpoint><Trackpoint><Time>2026-03-11T17:16:22+00:00</Time><DistanceMeters>3546.8</DistanceMeters><Position><LatitudeDegrees>50.598648</LatitudeDegrees><LongitudeDegrees>3.060942</LongitudeDegrees></Position><AltitudeMeters>43.5</AltitudeMeters><Extensions><TPX xmlns="http://www.garmin.com/xmlschemas/ActivityExtension/v2"><Speed>3.43</Speed></TPX></Extensions></Trackpoint><Trackpoint><Time>2026-03-11T17:16:23+00:00</Time><DistanceMeters>3549.1</DistanceMeters><Position><LatitudeDegrees>50.598635</LatitudeDegrees><LongitudeDegrees>3.060943</LongitudeDegrees></Position><AltitudeMeters>43.5</AltitudeMeters><Extensions><TPX xmlns="http://www.garmin.com/xmlschemas/ActivityExtension/v2"><Speed>3.12</Speed></TPX></Extensions></Trackpoint><Trackpoint><Time>2026-03-11T17:16:24+00:00</Time><DistanceMeters>3551.5</DistanceMeters><Position><LatitudeDegrees>50.598608</LatitudeDegrees><LongitudeDegrees>3.060914</LongitudeDegrees></Position><AltitudeMeters>43.6</AltitudeMeters><Extensions><TPX xmlns="http://www.garmin.com/xmlschemas/ActivityExtension/v2"><Speed>2.72</Speed></TPX></Extensions></Trackpoint><Trackpoint><Time>2026-03-11T17:16:25+00:00</Time><DistanceMeters>3553.9</DistanceMeters><Position><LatitudeDegrees>50.598601</LatitudeDegrees><LongitudeDegrees>3.060899</LongitudeDegrees></Position><AltitudeMeters>43.6</AltitudeMeters><Extensions><TPX xmlns="http://www.garmin.com/xmlschemas/ActivityExtension/v2"><Speed>2.55</Speed></TPX></Extensions></Trackpoint><Trackpoint><Time>2026-03-11T17:16:26+00:00</Time><DistanceMeters>3557.1</DistanceMeters><Position><LatitudeDegrees>50.598586</LatitudeDegrees><LongitudeDegrees>3.060842</LongitudeDegrees></Position><AltitudeMeters>43.7</AltitudeMeters><Extensions><TPX xmlns="http://www.garmin.com/xmlschemas/ActivityExtension/v2"><Speed>2.53</Speed></TPX></Extensions></Trackpoint><Trackpoint><Time>2026-03-11T17:16:27+00:00</Time><DistanceMeters>3560.2</DistanceMeters><Position><LatitudeDegrees>50.598579</LatitudeDegrees><LongitudeDegrees>3.060818</LongitudeDegrees></Position><AltitudeMeters>43.7</AltitudeMeters><Extensions><TPX xmlns="http://www.garmin.com/xmlschemas/ActivityExtension/v2"><Speed>2.69</Speed></TPX></Extensions></Trackpoint><Trackpoint><Time>2026-03-11T17:16:28+00:00</Time><DistanceMeters>3563.0</DistanceMeters><Position><LatitudeDegrees>50.59857</LatitudeDegrees><LongitudeDegrees>3.060771</LongitudeDegrees></Position><AltitudeMeters>43.8</AltitudeMeters><Extensions><TPX xmlns="http://www.garmin.com/xmlschemas/ActivityExtension/v2"><Speed>2.77</Speed></TPX></Extensions></Trackpoint><Trackpoint><Time>2026-03-11T17:16:29+00:00</Time><DistanceMeters>3565.7</DistanceMeters><Position><LatitudeDegrees>50.598564</LatitudeDegrees><LongitudeDegrees>3.060744</LongitudeDegrees></Position><AltitudeMeters>43.8</AltitudeMeters><Extensions><TPX xmlns="http://www.garmin.com/xmlschemas/ActivityExtension/v2"><Speed>2.84</Speed></TPX></Extensions></Trackpoint><Trackpoint><Time>2026-03-11T17:16:30+00:00</Time><DistanceMeters>3567.9</DistanceMeters><Position><LatitudeDegrees>50.59856</LatitudeDegrees><LongitudeDegrees>3.060702</LongitudeDegrees></Position><AltitudeMeters>43.9</AltitudeMeters><Extensions><TPX xmlns="http://www.garmin.com/xmlschemas/ActivityExtension/v2"><Speed>2.79</Speed></TPX></Extensions></Trackpoint><Trackpoint><Time>2026-03-11T17:16:31+00:00</Time><DistanceMeters>3570.0</DistanceMeters><Position><LatitudeDegrees>50.598556</LatitudeDegrees><LongitudeDegrees>3.060684</LongitudeDegrees></Position><AltitudeMeters>43.9</AltitudeMeters><Extensions><TPX xmlns="http://www.garmin.com/xmlschemas/ActivityExtension/v2"><Speed>2.59</Speed></TPX></Extensions></Trackpoint><Trackpoint><Time>2026-03-11T17:16:32+00:00</Time><DistanceMeters>3572.8</DistanceMeters><Position><LatitudeDegrees>50.598544</LatitudeDegrees><LongitudeDegrees>3.060627</LongitudeDegrees></Position><AltitudeMeters>44.0</AltitudeMeters><Extensions><TPX xmlns="http://www.garmin.com/xmlschemas/ActivityExtension/v2"><Speed>2.52</Speed></TPX></Extensions></Trackpoint><Trackpoint><Time>2026-03-11T17:16:33+00:00</Time><DistanceMeters>3575.6</DistanceMeters><Position><LatitudeDegrees>50.59854</LatitudeDegrees><LongitudeDegrees>3.060609</LongitudeDegrees></Position><AltitudeMeters>44.0</AltitudeMeters><Extensions><TPX xmlns="http://www.garmin.com/xmlschemas/ActivityExtension/v2"><Speed>2.53</Speed></TPX></Extensions></Trackpoint><Trackpoint><Time>2026-03-11T17:16:34+00:00</Time><DistanceMeters>3579.0</DistanceMeters><Position><LatitudeDegrees>50.598531</LatitudeDegrees><LongitudeDegrees>3.060564</LongitudeDegrees></Position><AltitudeMeters>44.1</AltitudeMeters><Extensions><TPX xmlns="http://www.garmin.com/xmlschemas/ActivityExtension/v2"><Speed>2.66</Speed></TPX></Extensions></Trackpoint><Trackpoint><Time>2026-03-11T17:16:35+00:00</Time><DistanceMeters>3581.7</DistanceMeters><Position><LatitudeDegrees>50.598519</LatitudeDegrees><LongitudeDegrees>3.060516</LongitudeDegrees></Position><AltitudeMeters>44.1</AltitudeMeters><Extensions><TPX xmlns="http://www.garmin.com/xmlschemas/ActivityExtension/v2"><Speed>2.77</Speed></TPX></Extensions></Trackpoint><Trackpoint><Time>2026-03-11T17:16:36+00:00</Time><DistanceMeters>3584.4</DistanceMeters><Position><LatitudeDegrees>50.598514</LatitudeDegrees><LongitudeDegrees>3.060492</LongitudeDegrees></Position><AltitudeMeters>44.2</AltitudeMeters><Extensions><TPX xmlns="http://www.garmin.com/xmlschemas/ActivityExtension/v2"><Speed>2.88</Speed></TPX></Extensions></Trackpoint><Trackpoint><Time>2026-03-11T17:16:37+00:00</Time><DistanceMeters>3586.8</DistanceMeters><Position><LatitudeDegrees>50.598503</LatitudeDegrees><LongitudeDegrees>3.060451</LongitudeDegrees></Position><AltitudeMeters>44.2</AltitudeMeters><Extensions><TPX xmlns="http://www.garmin.com/xmlschemas/ActivityExtension/v2"><Speed>2.79</Speed></TPX></Extensions></Trackpoint><Trackpoint><Time>2026-03-11T17:16:38+00:00</Time><DistanceMeters>3589.1</DistanceMeters><Position><LatitudeDegrees>50.598497</LatitudeDegrees><LongitudeDegrees>3.06043</LongitudeDegrees></Position><AltitudeMeters>44.3</AltitudeMeters><Extensions><TPX xmlns="http://www.garmin.com/xmlschemas/ActivityExtension/v2"><Speed>2.7</Speed></TPX></Extensions></Trackpoint><Trackpoint><Time>2026-03-11T17:16:39+00:00</Time><DistanceMeters>3591.6</DistanceMeters><Position><LatitudeDegrees>50.598488</LatitudeDegrees><LongitudeDegrees>3.060388</LongitudeDegrees></Position><AltitudeMeters>44.3</AltitudeMeters><Extensions><TPX xmlns="http://www.garmin.com/xmlschemas/ActivityExtension/v2"><Speed>2.51</Speed></TPX></Extensions></Trackpoint><Trackpoint><Time>2026-03-11T17:16:40+00:00</Time><DistanceMeters>3594.0</DistanceMeters><Position><LatitudeDegrees>50.598481</LatitudeDegrees><LongitudeDegrees>3.060366</LongitudeDegrees></Position><AltitudeMeters>44.4</AltitudeMeters><Extensions><TPX xmlns="http://www.garmin.com/xmlschemas/ActivityExtension/v2"><Speed>2.46</Speed></TPX></Extensions></Trackpoint><Trackpoint><Time>2026-03-11T17:16:41+00:00</Time><DistanceMeters>3596.3</DistanceMeters><Position><LatitudeDegrees>50.598473</LatitudeDegrees><LongitudeDegrees>3.060326</LongitudeDegrees></Position><AltitudeMeters>44.4</AltitudeMeters><Extensions><TPX xmlns="http://www.garmin.com/xmlschemas/ActivityExtension/v2"><Speed>2.37</Speed></TPX></Extensions></Trackpoint><Trackpoint><Time>2026-03-11T17:16:42+00:00</Time><DistanceMeters>3598.5</DistanceMeters><Position><LatitudeDegrees>50.598468</LatitudeDegrees><LongitudeDegrees>3.060307</LongitudeDegrees></Position><AltitudeMeters>44.5</AltitudeMeters><Extensions><TPX xmlns="http://www.garmin.com/xmlschemas/ActivityExtension/v2"><Speed>2.35</Speed></TPX></Extensions></Trackpoint><Trackpoint><Time>2026-03-11T17:16:43+00:00</Time><DistanceMeters>3601.0</DistanceMeters><Position><LatitudeDegrees>50.59846</LatitudeDegrees><LongitudeDegrees>3.060261</LongitudeDegrees></Position><AltitudeMeters>44.6</AltitudeMeters><Extensions><TPX xmlns="http://www.garmin.com/xmlschemas/ActivityExtension/v2"><Speed>2.38</Speed></TPX></Extensions></Trackpoint><Trackpoint><Time>2026-03-11T17:16:44+00:00</Time><DistanceMeters>3603.5</DistanceMeters><Position><LatitudeDegrees>50.598456</LatitudeDegrees><LongitudeDegrees>3.060238</LongitudeDegrees></Position><AltitudeMeters>44.6</AltitudeMeters><Extensions><TPX xmlns="http://www.garmin.com/xmlschemas/ActivityExtension/v2"><Speed>2.39</Speed></TPX></Extensions></Trackpoint><Trackpoint><Time>2026-03-11T17:16:45+00:00</Time><DistanceMeters>3605.9</DistanceMeters><Position><LatitudeDegrees>50.598446</LatitudeDegrees><LongitudeDegrees>3.0602</LongitudeDegrees></Position><AltitudeMeters>44.7</AltitudeMeters><Extensions><TPX xmlns="http://www.garmin.com/xmlschemas/ActivityExtension/v2"><Speed>2.37</Speed></TPX></Extensions></Trackpoint><Trackpoint><Time>2026-03-11T17:16:46+00:00</Time><DistanceMeters>3608.2</DistanceMeters><Position><LatitudeDegrees>50.598442</LatitudeDegrees><LongitudeDegrees>3.060176</LongitudeDegrees></Position><AltitudeMeters>44.7</AltitudeMeters><Extensions><TPX xmlns="http://www.garmin.com/xmlschemas/ActivityExtension/v2"><Speed>2.39</Speed></TPX></Extensions></Trackpoint><Trackpoint><Time>2026-03-11T17:16:47+00:00</Time><DistanceMeters>3610.6</DistanceMeters><Position><LatitudeDegrees>50.598429</LatitudeDegrees><LongitudeDegrees>3.060139</LongitudeDegrees></Position><AltitudeMeters>44.8</AltitudeMeters><Extensions><TPX xmlns="http://www.garmin.com/xmlschemas/ActivityExtension/v2"><Speed>2.42</Speed></TPX></Extensions></Trackpoint><Trackpoint><Time>2026-03-11T17:16:48+00:00</Time><DistanceMeters>3613.0</DistanceMeters><Position><LatitudeDegrees>50.598423</LatitudeDegrees><LongitudeDegrees>3.060115</LongitudeDegrees></Position><AltitudeMeters>44.8</AltitudeMeters><Extensions><TPX xmlns="http://www.garmin.com/xmlschemas/ActivityExtension/v2"><Speed>2.4</Speed></TPX></Extensions></Trackpoint><Trackpoint><Time>2026-03-11T17:16:49+00:00</Time><DistanceMeters>3615.4</DistanceMeters><Position><LatitudeDegrees>50.598415</LatitudeDegrees><LongitudeDegrees>3.060074</LongitudeDegrees></Position><AltitudeMeters>44.9</AltitudeMeters><Extensions><TPX xmlns="http://www.garmin.com/xmlschemas/ActivityExtension/v2"><Speed>2.37</Speed></TPX></Extensions></Trackpoint><Trackpoint><Time>2026-03-11T17:16:50+00:00</Time><DistanceMeters>3617.7</DistanceMeters><Position><LatitudeDegrees>50.59841</LatitudeDegrees><LongitudeDegrees>3.060051</LongitudeDegrees></Position><AltitudeMeters>44.9</AltitudeMeters><Extensions><TPX xmlns="http://www.garmin.com/xmlschemas/ActivityExtension/v2"><Speed>2.37</Speed></TPX></Extensions></Trackpoint><Trackpoint><Time>2026-03-11T17:16:51+00:00</Time><DistanceMeters>3617.7</DistanceMeters><Position><LatitudeDegrees>50.598411</LatitudeDegrees><LongitudeDegrees>3.060028</LongitudeDegrees></Position><AltitudeMeters>45.0</AltitudeMeters><Extensions><TPX xmlns="http://www.garmin.com/xmlschemas/ActivityExtension/v2"><Speed>1.9</Speed></TPX></Extensions></Trackpoint><Trackpoint><Time>2026-03-11T17:16:52+00:00</Time><DistanceMeters>3621.6</DistanceMeters><Position><LatitudeDegrees>50.598397</LatitudeDegrees><LongitudeDegrees>3.060001</LongitudeDegrees></Position><AltitudeMeters>45.0</AltitudeMeters><Extensions><TPX xmlns="http://www.garmin.com/xmlschemas/ActivityExtension/v2"><Speed>2.2</Speed></TPX></Extensions></Trackpoint><Trackpoint><Time>2026-03-11T17:16:53+00:00</Time><DistanceMeters>3624.6</DistanceMeters><Position><LatitudeDegrees>50.598392</LatitudeDegrees><LongitudeDegrees>3.059959</LongitudeDegrees></Position><AltitudeMeters>45.1</AltitudeMeters><Extensions><TPX xmlns="http://www.garmin.com/xmlschemas/ActivityExtension/v2"><Speed>2.32</Speed></TPX></Extensions></Trackpoint><Trackpoint><Time>2026-03-11T17:16:54+00:00</Time><DistanceMeters>3627.2</DistanceMeters><Position><LatitudeDegrees>50.598389</LatitudeDegrees><LongitudeDegrees>3.059912</LongitudeDegrees></Position><AltitudeMeters>45.2</AltitudeMeters><Extensions><TPX xmlns="http://www.garmin.com/xmlschemas/ActivityExtension/v2"><Speed>2.36</Speed></TPX></Extensions></Trackpoint><Trackpoint><Time>2026-03-11T17:16:55+00:00</Time><DistanceMeters>3629.7</DistanceMeters><Position><LatitudeDegrees>50.598388</LatitudeDegrees><LongitudeDegrees>3.059887</LongitudeDegrees></Position><AltitudeMeters>45.2</AltitudeMeters><Extensions><TPX xmlns="http://www.garmin.com/xmlschemas/ActivityExtension/v2"><Speed>2.4</Speed></TPX></Extensions></Trackpoint><Trackpoint><Time>2026-03-11T17:16:56+00:00</Time><DistanceMeters>3632.1</DistanceMeters><Position><LatitudeDegrees>50.598376</LatitudeDegrees><LongitudeDegrees>3.059851</LongitudeDegrees></Position><AltitudeMeters>45.3</AltitudeMeters><Extensions><TPX xmlns="http://www.garmin.com/xmlschemas/ActivityExtension/v2"><Speed>2.88</Speed></TPX></Extensions></Trackpoint><Trackpoint><Time>2026-03-11T17:16:57+00:00</Time><DistanceMeters>3634.5</DistanceMeters><Position><LatitudeDegrees>50.598369</LatitudeDegrees><LongitudeDegrees>3.059826</LongitudeDegrees></Position><AltitudeMeters>45.3</AltitudeMeters><Extensions><TPX xmlns="http://www.garmin.com/xmlschemas/ActivityExtension/v2"><Speed>2.58</Speed></TPX></Extensions></Trackpoint><Trackpoint><Time>2026-03-11T17:16:58+00:00</Time><DistanceMeters>3637.6</DistanceMeters><Position><LatitudeDegrees>50.598342</LatitudeDegrees><LongitudeDegrees>3.059814</LongitudeDegrees></Position><AltitudeMeters>45.4</AltitudeMeters><Extensions><TPX xmlns="http://www.garmin.com/xmlschemas/ActivityExtension/v2"><Speed>2.6</Speed></TPX></Extensions></Trackpoint><Trackpoint><Time>2026-03-11T17:16:59+00:00</Time><DistanceMeters>3640.0</DistanceMeters><Position><LatitudeDegrees>50.598328</LatitudeDegrees><LongitudeDegrees>3.059766</LongitudeDegrees></Position><AltitudeMeters>45.5</AltitudeMeters><Extensions><TPX xmlns="http://www.garmin.com/xmlschemas/ActivityExtension/v2"><Speed>2.57</Speed></TPX></Extensions></Trackpoint><Trackpoint><Time>2026-03-11T17:17:00+00:00</Time><DistanceMeters>3642.4</DistanceMeters><Position><LatitudeDegrees>50.598326</LatitudeDegrees><LongitudeDegrees>3.059751</LongitudeDegrees></Position><AltitudeMeters>45.5</AltitudeMeters><Extensions><TPX xmlns="http://www.garmin.com/xmlschemas/ActivityExtension/v2"><Speed>2.54</Speed></TPX></Extensions></Trackpoint><Trackpoint><Time>2026-03-11T17:17:01+00:00</Time><DistanceMeters>3645.1</DistanceMeters><Position><LatitudeDegrees>50.598314</LatitudeDegrees><LongitudeDegrees>3.059697</LongitudeDegrees></Position><AltitudeMeters>45.6</AltitudeMeters><Extensions><TPX xmlns="http://www.garmin.com/xmlschemas/ActivityExtension/v2"><Speed>2.6</Speed></TPX></Extensions></Trackpoint><Trackpoint><Time>2026-03-11T17:17:02+00:00</Time><DistanceMeters>3647.8</DistanceMeters><Position><LatitudeDegrees>50.598309</LatitudeDegrees><LongitudeDegrees>3.059679</LongitudeDegrees></Position><AltitudeMeters>45.7</AltitudeMeters><Extensions><TPX xmlns="http://www.garmin.com/xmlschemas/ActivityExtension/v2"><Speed>2.66</Speed></TPX></Extensions></Trackpoint><Trackpoint><Time>2026-03-11T17:17:03+00:00</Time><DistanceMeters>3650.7</DistanceMeters><Position><LatitudeDegrees>50.598292</LatitudeDegrees><LongitudeDegrees>3.059625</LongitudeDegrees></Position><AltitudeMeters>45.8</AltitudeMeters><Extensions><TPX xmlns="http://www.garmin.com/xmlschemas/ActivityExtension/v2"><Speed>2.62</Speed></TPX></Extensions></Trackpoint><Trackpoint><Time>2026-03-11T17:17:04+00:00</Time><DistanceMeters>3653.6</DistanceMeters><Position><LatitudeDegrees>50.598287</LatitudeDegrees><LongitudeDegrees>3.059606</LongitudeDegrees></Position><AltitudeMeters>45.8</AltitudeMeters><Extensions><TPX xmlns="http://www.garmin.com/xmlschemas/ActivityExtension/v2"><Speed>2.72</Speed></TPX></Extensions></Trackpoint><Trackpoint><Time>2026-03-11T17:17:05+00:00</Time><DistanceMeters>3656.1</DistanceMeters><Position><LatitudeDegrees>50.598275</LatitudeDegrees><LongitudeDegrees>3.059556</LongitudeDegrees></Position><AltitudeMeters>45.9</AltitudeMeters><Extensions><TPX xmlns="http://www.garmin.com/xmlschemas/ActivityExtension/v2"><Speed>2.73</Speed></TPX></Extensions></Trackpoint><Trackpoint><Time>2026-03-11T17:17:06+00:00</Time><DistanceMeters>3658.5</DistanceMeters><Position><LatitudeDegrees>50.598271</LatitudeDegrees><LongitudeDegrees>3.05954</LongitudeDegrees></Position><AltitudeMeters>45.9</AltitudeMeters><Extensions><TPX xmlns="http://www.garmin.com/xmlschemas/ActivityExtension/v2"><Speed>2.68</Speed></TPX></Extensions></Trackpoint><Trackpoint><Time>2026-03-11T17:17:07+00:00</Time><DistanceMeters>3661.1</DistanceMeters><Position><LatitudeDegrees>50.59826</LatitudeDegrees><LongitudeDegrees>3.05949</LongitudeDegrees></Position><AltitudeMeters>46.0</AltitudeMeters><Extensions><TPX xmlns="http://www.garmin.com/xmlschemas/ActivityExtension/v2"><Speed>2.66</Speed></TPX></Extensions></Trackpoint><Trackpoint><Time>2026-03-11T17:17:08+00:00</Time><DistanceMeters>3663.7</DistanceMeters><Position><LatitudeDegrees>50.598254</LatitudeDegrees><LongitudeDegrees>3.059473</LongitudeDegrees></Position><AltitudeMeters>46.1</AltitudeMeters><Extensions><TPX xmlns="http://www.garmin.com/xmlschemas/ActivityExtension/v2"><Speed>2.6</Speed></TPX></Extensions></Trackpoint><Trackpoint><Time>2026-03-11T17:17:09+00:00</Time><DistanceMeters>3665.9</DistanceMeters><Position><LatitudeDegrees>50.598242</LatitudeDegrees><LongitudeDegrees>3.059429</LongitudeDegrees></Position><AltitudeMeters>46.2</AltitudeMeters><Extensions><TPX xmlns="http://www.garmin.com/xmlschemas/ActivityExtension/v2"><Speed>2.45</Speed></TPX></Extensions></Trackpoint><Trackpoint><Time>2026-03-11T17:17:10+00:00</Time><DistanceMeters>3668.0</DistanceMeters><Position><LatitudeDegrees>50.598238</LatitudeDegrees><LongitudeDegrees>3.059417</LongitudeDegrees></Position><AltitudeMeters>46.2</AltitudeMeters><Extensions><TPX xmlns="http://www.garmin.com/xmlschemas/ActivityExtension/v2"><Speed>2.39</Speed></TPX></Extensions></Trackpoint><Trackpoint><Time>2026-03-11T17:17:11+00:00</Time><DistanceMeters>3670.6</DistanceMeters><Position><LatitudeDegrees>50.598228</LatitudeDegrees><LongitudeDegrees>3.059367</LongitudeDegrees></Position><AltitudeMeters>46.3</AltitudeMeters><Extensions><TPX xmlns="http://www.garmin.com/xmlschemas/ActivityExtension/v2"><Speed>2.42</Speed></TPX></Extensions></Trackpoint><Trackpoint><Time>2026-03-11T17:17:12+00:00</Time><DistanceMeters>3673.2</DistanceMeters><Position><LatitudeDegrees>50.598224</LatitudeDegrees><LongitudeDegrees>3.059348</LongitudeDegrees></Position><AltitudeMeters>46.3</AltitudeMeters><Extensions><TPX xmlns="http://www.garmin.com/xmlschemas/ActivityExtension/v2"><Speed>2.42</Speed></TPX></Extensions></Trackpoint><Trackpoint><Time>2026-03-11T17:17:13+00:00</Time><DistanceMeters>3676.9</DistanceMeters><Position><LatitudeDegrees>50.59821</LatitudeDegrees><LongitudeDegrees>3.059299</LongitudeDegrees></Position><AltitudeMeters>46.5</AltitudeMeters><Extensions><TPX xmlns="http://www.garmin.com/xmlschemas/ActivityExtension/v2"><Speed>2.64</Speed></TPX></Extensions></Trackpoint><Trackpoint><Time>2026-03-11T17:17:14+00:00</Time><DistanceMeters>3680.8</DistanceMeters><Position><LatitudeDegrees>50.598198</LatitudeDegrees><LongitudeDegrees>3.059248</LongitudeDegrees></Position><AltitudeMeters>46.6</AltitudeMeters><Extensions><TPX xmlns="http://www.garmin.com/xmlschemas/ActivityExtension/v2"><Speed>2.99</Speed></TPX></Extensions></Trackpoint><Trackpoint><Time>2026-03-11T17:17:15+00:00</Time><DistanceMeters>3684.6</DistanceMeters><Position><LatitudeDegrees>50.598177</LatitudeDegrees><LongitudeDegrees>3.059206</LongitudeDegrees></Position><AltitudeMeters>46.7</AltitudeMeters><Extensions><TPX xmlns="http://www.garmin.com/xmlschemas/ActivityExtension/v2"><Speed>3.32</Speed></TPX></Extensions></Trackpoint><Trackpoint><Time>2026-03-11T17:17:16+00:00</Time><DistanceMeters>3688.1</DistanceMeters><Position><LatitudeDegrees>50.598159</LatitudeDegrees><LongitudeDegrees>3.059166</LongitudeDegrees></Position><AltitudeMeters>46.8</AltitudeMeters><Extensions><TPX xmlns="http://www.garmin.com/xmlschemas/ActivityExtension/v2"><Speed>3.5</Speed></TPX></Extensions></Trackpoint><Trackpoint><Time>2026-03-11T17:17:17+00:00</Time><DistanceMeters>3692.1</DistanceMeters><Position><LatitudeDegrees>50.598154</LatitudeDegrees><LongitudeDegrees>3.05911</LongitudeDegrees></Position><AltitudeMeters>46.9</AltitudeMeters><Extensions><TPX xmlns="http://www.garmin.com/xmlschemas/ActivityExtension/v2"><Speed>3.78</Speed></TPX></Extensions></Trackpoint><Trackpoint><Time>2026-03-11T17:17:18+00:00</Time><DistanceMeters>3695.0</DistanceMeters><Position><LatitudeDegrees>50.598133</LatitudeDegrees><LongitudeDegrees>3.05906</LongitudeDegrees></Position><AltitudeMeters>47.0</AltitudeMeters><Extensions><TPX xmlns="http://www.garmin.com/xmlschemas/ActivityExtension/v2"><Speed>3.62</Speed></TPX></Extensions></Trackpoint><Trackpoint><Time>2026-03-11T17:17:19+00:00</Time><DistanceMeters>3697.9</DistanceMeters><Position><LatitudeDegrees>50.598123</LatitudeDegrees><LongitudeDegrees>3.059044</LongitudeDegrees></Position><AltitudeMeters>47.0</AltitudeMeters><Extensions><TPX xmlns="http://www.garmin.com/xmlschemas/ActivityExtension/v2"><Speed>3.42</Speed></TPX></Extensions></Trackpoint><Trackpoint><Time>2026-03-11T17:17:20+00:00</Time><DistanceMeters>3702.2</DistanceMeters><Position><LatitudeDegrees>50.5981</LatitudeDegrees><LongitudeDegrees>3.058994</LongitudeDegrees></Position><AltitudeMeters>47.1</AltitudeMeters><Extensions><TPX xmlns="http://www.garmin.com/xmlschemas/ActivityExtension/v2"><Speed>3.52</Speed></TPX></Extensions></Trackpoint><Trackpoint><Time>2026-03-11T17:17:21+00:00</Time><DistanceMeters>3705.4</DistanceMeters><Position><LatitudeDegrees>50.598084</LatitudeDegrees><LongitudeDegrees>3.058956</LongitudeDegrees></Position><AltitudeMeters>47.2</AltitudeMeters><Extensions><TPX xmlns="http://www.garmin.com/xmlschemas/ActivityExtension/v2"><Speed>3.46</Speed></TPX></Extensions></Trackpoint><Trackpoint><Time>2026-03-11T17:17:22+00:00</Time><DistanceMeters>3708.2</DistanceMeters><Position><LatitudeDegrees>50.598067</LatitudeDegrees><LongitudeDegrees>3.058904</LongitudeDegrees></Position><AltitudeMeters>47.3</AltitudeMeters><Extensions><TPX xmlns="http://www.garmin.com/xmlschemas/ActivityExtension/v2"><Speed>3.22</Speed></TPX></Extensions></Trackpoint><Trackpoint><Time>2026-03-11T17:17:23+00:00</Time><DistanceMeters>3711.0</DistanceMeters><Position><LatitudeDegrees>50.59806</LatitudeDegrees><LongitudeDegrees>3.058886</LongitudeDegrees></Position><AltitudeMeters>47.3</AltitudeMeters><Extensions><TPX xmlns="http://www.garmin.com/xmlschemas/ActivityExtension/v2"><Speed>3.2</Speed></TPX></Extensions></Trackpoint><Trackpoint><Time>2026-03-11T17:17:24+00:00</Time><DistanceMeters>3713.7</DistanceMeters><Position><LatitudeDegrees>50.598042</LatitudeDegrees><LongitudeDegrees>3.058848</LongitudeDegrees></Position><AltitudeMeters>47.4</AltitudeMeters><Extensions><TPX xmlns="http://www.garmin.com/xmlschemas/ActivityExtension/v2"><Speed>3.16</Speed></TPX></Extensions></Trackpoint><Trackpoint><Time>2026-03-11T17:17:25+00:00</Time><DistanceMeters>3716.4</DistanceMeters><Position><LatitudeDegrees>50.598034</LatitudeDegrees><LongitudeDegrees>3.058823</LongitudeDegrees></Position><AltitudeMeters>47.5</AltitudeMeters><Extensions><TPX xmlns="http://www.garmin.com/xmlschemas/ActivityExtension/v2"><Speed>2.84</Speed></TPX></Extensions></Trackpoint><Trackpoint><Time>2026-03-11T17:17:26+00:00</Time><DistanceMeters>3719.9</DistanceMeters><Position><LatitudeDegrees>50.598024</LatitudeDegrees><LongitudeDegrees>3.058776</LongitudeDegrees></Position><AltitudeMeters>47.6</AltitudeMeters><Extensions><TPX xmlns="http://www.garmin.com/xmlschemas/ActivityExtension/v2"><Speed>2.9</Speed></TPX></Extensions></Trackpoint><Trackpoint><Time>2026-03-11T17:17:27+00:00</Time><DistanceMeters>3722.9</DistanceMeters><Position><LatitudeDegrees>50.598015</LatitudeDegrees><LongitudeDegrees>3.058736</LongitudeDegrees></Position><AltitudeMeters>47.7</AltitudeMeters><Extensions><TPX xmlns="http://www.garmin.com/xmlschemas/ActivityExtension/v2"><Speed>2.94</Speed></TPX></Extensions></Trackpoint><Trackpoint><Time>2026-03-11T17:17:28+00:00</Time><DistanceMeters>3722.9</DistanceMeters><Position><LatitudeDegrees>50.597999</LatitudeDegrees><LongitudeDegrees>3.058713</LongitudeDegrees></Position><AltitudeMeters>47.7</AltitudeMeters><Extensions><TPX xmlns="http://www.garmin.com/xmlschemas/ActivityExtension/v2"><Speed>2.38</Speed></TPX></Extensions></Trackpoint><Trackpoint><Time>2026-03-11T17:17:30+00:00</Time><DistanceMeters>3728.3</DistanceMeters><Position><LatitudeDegrees>50.597986</LatitudeDegrees><LongitudeDegrees>3.058674</LongitudeDegrees></Position><AltitudeMeters>47.8</AltitudeMeters><Extensions><TPX xmlns="http://www.garmin.com/xmlschemas/ActivityExtension/v2"><Speed>2.38</Speed></TPX></Extensions></Trackpoint><Trackpoint><Time>2026-03-11T17:17:31+00:00</Time><DistanceMeters>3730.8</DistanceMeters><Position><LatitudeDegrees>50.597972</LatitudeDegrees><LongitudeDegrees>3.058626</LongitudeDegrees></Position><AltitudeMeters>47.9</AltitudeMeters><Extensions><TPX xmlns="http://www.garmin.com/xmlschemas/ActivityExtension/v2"><Speed>2.18</Speed></TPX></Extensions></Trackpoint><Trackpoint><Time>2026-03-11T17:17:32+00:00</Time><DistanceMeters>3733.3</DistanceMeters><Position><LatitudeDegrees>50.597965</LatitudeDegrees><LongitudeDegrees>3.058612</LongitudeDegrees></Position><AltitudeMeters>47.9</AltitudeMeters><Extensions><TPX xmlns="http://www.garmin.com/xmlschemas/ActivityExtension/v2"><Speed>2.08</Speed></TPX></Extensions></Trackpoint><Trackpoint><Time>2026-03-11T17:17:33+00:00</Time><DistanceMeters>3737.2</DistanceMeters><Position><LatitudeDegrees>50.597948</LatitudeDegrees><LongitudeDegrees>3.058565</LongitudeDegrees></Position><AltitudeMeters>48.0</AltitudeMeters><Extensions><TPX xmlns="http://www.garmin.com/xmlschemas/ActivityExtension/v2"><Speed>2.86</Speed></TPX></Extensions></Trackpoint><Trackpoint><Time>2026-03-11T17:17:34+00:00</Time><DistanceMeters>3739.7</DistanceMeters><Position><LatitudeDegrees>50.597936</LatitudeDegrees><LongitudeDegrees>3.058521</LongitudeDegrees></Position><AltitudeMeters>48.1</AltitudeMeters><Extensions><TPX xmlns="http://www.garmin.com/xmlschemas/ActivityExtension/v2"><Speed>2.792</Speed></TPX></Extensions></Trackpoint><Trackpoint><Time>2026-03-11T17:17:35+00:00</Time><DistanceMeters>3742.1</DistanceMeters><Position><LatitudeDegrees>50.597929</LatitudeDegrees><LongitudeDegrees>3.058502</LongitudeDegrees></Position><AltitudeMeters>48.2</AltitudeMeters><Extensions><TPX xmlns="http://www.garmin.com/xmlschemas/ActivityExtension/v2"><Speed>2.76</Speed></TPX></Extensions></Trackpoint><Trackpoint><Time>2026-03-11T17:17:36+00:00</Time><DistanceMeters>3742.1</DistanceMeters><Position><LatitudeDegrees>50.597918</LatitudeDegrees><LongitudeDegrees>3.058464</LongitudeDegrees></Position><AltitudeMeters>48.2</AltitudeMeters><Extensions><TPX xmlns="http://www.garmin.com/xmlschemas/ActivityExtension/v2"><Speed>2.26</Speed></TPX></Extensions></Trackpoint><Trackpoint><Time>2026-03-11T17:17:37+00:00</Time><DistanceMeters>3746.1</DistanceMeters><Position><LatitudeDegrees>50.597911</LatitudeDegrees><LongitudeDegrees>3.058453</LongitudeDegrees></Position><AltitudeMeters>48.3</AltitudeMeters><Extensions><TPX xmlns="http://www.garmin.com/xmlschemas/ActivityExtension/v2"><Speed>2.56</Speed></TPX></Extensions></Trackpoint><Trackpoint><Time>2026-03-11T17:17:38+00:00</Time><DistanceMeters>3749.2</DistanceMeters><Position><LatitudeDegrees>50.597898</LatitudeDegrees><LongitudeDegrees>3.058414</LongitudeDegrees></Position><AltitudeMeters>48.4</AltitudeMeters><Extensions><TPX xmlns="http://www.garmin.com/xmlschemas/ActivityExtension/v2"><Speed>2.4</Speed></TPX></Extensions></Trackpoint><Trackpoint><Time>2026-03-11T17:17:39+00:00</Time><DistanceMeters>3749.2</DistanceMeters><Position><LatitudeDegrees>50.597886</LatitudeDegrees><LongitudeDegrees>3.058392</LongitudeDegrees></Position><AltitudeMeters>48.4</AltitudeMeters><Extensions><TPX xmlns="http://www.garmin.com/xmlschemas/ActivityExtension/v2"><Speed>1.91</Speed></TPX></Extensions></Trackpoint><Trackpoint><Time>2026-03-11T17:17:40+00:00</Time><DistanceMeters>3752.3</DistanceMeters><Position><LatitudeDegrees>50.597883</LatitudeDegrees><LongitudeDegrees>3.058378</LongitudeDegrees></Position><AltitudeMeters>48.4</AltitudeMeters><Extensions><TPX xmlns="http://www.garmin.com/xmlschemas/ActivityExtension/v2"><Speed>2.04</Speed></TPX></Extensions></Trackpoint><Trackpoint><Time>2026-03-11T17:17:41+00:00</Time><DistanceMeters>3754.4</DistanceMeters><Position><LatitudeDegrees>50.597868</LatitudeDegrees><LongitudeDegrees>3.058339</LongitudeDegrees></Position><AltitudeMeters>48.5</AltitudeMeters><Extensions><TPX xmlns="http://www.garmin.com/xmlschemas/ActivityExtension/v2"><Speed>2.46</Speed></TPX></Extensions></Trackpoint><Trackpoint><Time>2026-03-11T17:17:42+00:00</Time><DistanceMeters>3756.5</DistanceMeters><Position><LatitudeDegrees>50.59786</LatitudeDegrees><LongitudeDegrees>3.058329</LongitudeDegrees></Position><AltitudeMeters>48.5</AltitudeMeters><Extensions><TPX xmlns="http://www.garmin.com/xmlschemas/ActivityExtension/v2"><Speed>2.08</Speed></TPX></Extensions></Trackpoint><Trackpoint><Time>2026-03-11T17:17:43+00:00</Time><DistanceMeters>3759.6</DistanceMeters><Position><LatitudeDegrees>50.597847</LatitudeDegrees><LongitudeDegrees>3.058291</LongitudeDegrees></Position><AltitudeMeters>48.6</AltitudeMeters><Extensions><TPX xmlns="http://www.garmin.com/xmlschemas/ActivityExtension/v2"><Speed>2.08</Speed></TPX></Extensions></Trackpoint><Trackpoint><Time>2026-03-11T17:17:44+00:00</Time><DistanceMeters>3762.3</DistanceMeters><Position><LatitudeDegrees>50.597826</LatitudeDegrees><LongitudeDegrees>3.058252</LongitudeDegrees></Position><AltitudeMeters>48.7</AltitudeMeters><Extensions><TPX xmlns="http://www.garmin.com/xmlschemas/ActivityExtension/v2"><Speed>2.62</Speed></TPX></Extensions></Trackpoint><Trackpoint><Time>2026-03-11T17:17:45+00:00</Time><DistanceMeters>3765.0</DistanceMeters><Position><LatitudeDegrees>50.597819</LatitudeDegrees><LongitudeDegrees>3.058229</LongitudeDegrees></Position><AltitudeMeters>48.7</AltitudeMeters><Extensions><TPX xmlns="http://www.garmin.com/xmlschemas/ActivityExtension/v2"><Speed>2.54</Speed></TPX></Extensions></Trackpoint><Trackpoint><Time>2026-03-11T17:17:46+00:00</Time><DistanceMeters>3768.5</DistanceMeters><Position><LatitudeDegrees>50.5978</LatitudeDegrees><LongitudeDegrees>3.058168</LongitudeDegrees></Position><AltitudeMeters>48.8</AltitudeMeters><Extensions><TPX xmlns="http://www.garmin.com/xmlschemas/ActivityExtension/v2"><Speed>2.82</Speed></TPX></Extensions></Trackpoint><Trackpoint><Time>2026-03-11T17:17:47+00:00</Time><DistanceMeters>3772.0</DistanceMeters><Position><LatitudeDegrees>50.597792</LatitudeDegrees><LongitudeDegrees>3.05814</LongitudeDegrees></Position><AltitudeMeters>48.9</AltitudeMeters><Extensions><TPX xmlns="http://www.garmin.com/xmlschemas/ActivityExtension/v2"><Speed>3.1</Speed></TPX></Extensions></Trackpoint><Trackpoint><Time>2026-03-11T17:17:48+00:00</Time><DistanceMeters>3774.7</DistanceMeters><Position><LatitudeDegrees>50.597773</LatitudeDegrees><LongitudeDegrees>3.058077</LongitudeDegrees></Position><AltitudeMeters>49.0</AltitudeMeters><Extensions><TPX xmlns="http://www.garmin.com/xmlschemas/ActivityExtension/v2"><Speed>3.01</Speed></TPX></Extensions></Trackpoint><Trackpoint><Time>2026-03-11T17:17:49+00:00</Time><DistanceMeters>3777.3</DistanceMeters><Position><LatitudeDegrees>50.597759</LatitudeDegrees><LongitudeDegrees>3.058048</LongitudeDegrees></Position><AltitudeMeters>49.1</AltitudeMeters><Extensions><TPX xmlns="http://www.garmin.com/xmlschemas/ActivityExtension/v2"><Speed>3.0</Speed></TPX></Extensions></Trackpoint><Trackpoint><Time>2026-03-11T17:17:50+00:00</Time><DistanceMeters>3783.0</DistanceMeters><Position><LatitudeDegrees>50.597745</LatitudeDegrees><LongitudeDegrees>3.058005</LongitudeDegrees></Position><AltitudeMeters>49.2</AltitudeMeters><Extensions><TPX xmlns="http://www.garmin.com/xmlschemas/ActivityExtension/v2"><Speed>3.6</Speed></TPX></Extensions></Trackpoint><Trackpoint><Time>2026-03-11T17:17:51+00:00</Time><DistanceMeters>3785.4</DistanceMeters><Position><LatitudeDegrees>50.597728</LatitudeDegrees><LongitudeDegrees>3.057965</LongitudeDegrees></Position><AltitudeMeters>49.2</AltitudeMeters><Extensions><TPX xmlns="http://www.garmin.com/xmlschemas/ActivityExtension/v2"><Speed>3.38</Speed></TPX></Extensions></Trackpoint><Trackpoint><Time>2026-03-11T17:17:52+00:00</Time><DistanceMeters>3787.8</DistanceMeters><Position><LatitudeDegrees>50.597721</LatitudeDegrees><LongitudeDegrees>3.057948</LongitudeDegrees></Position><AltitudeMeters>49.3</AltitudeMeters><Extensions><TPX xmlns="http://www.garmin.com/xmlschemas/ActivityExtension/v2"><Speed>3.16</Speed></TPX></Extensions></Trackpoint><Trackpoint><Time>2026-03-11T17:17:53+00:00</Time><DistanceMeters>3790.5</DistanceMeters><Position><LatitudeDegrees>50.597702</LatitudeDegrees><LongitudeDegrees>3.0579</LongitudeDegrees></Position><AltitudeMeters>49.4</AltitudeMeters><Extensions><TPX xmlns="http://www.garmin.com/xmlschemas/ActivityExtension/v2"><Speed>3.16</Speed></TPX></Extensions></Trackpoint><Trackpoint><Time>2026-03-11T17:17:54+00:00</Time><DistanceMeters>3793.1</DistanceMeters><Position><LatitudeDegrees>50.597699</LatitudeDegrees><LongitudeDegrees>3.057881</LongitudeDegrees></Position><AltitudeMeters>49.4</AltitudeMeters><Extensions><TPX xmlns="http://www.garmin.com/xmlschemas/ActivityExtension/v2"><Speed>3.16</Speed></TPX></Extensions></Trackpoint><Trackpoint><Time>2026-03-11T17:17:55+00:00</Time><DistanceMeters>3795.9</DistanceMeters><Position><LatitudeDegrees>50.597681</LatitudeDegrees><LongitudeDegrees>3.057828</LongitudeDegrees></Position><AltitudeMeters>49.5</AltitudeMeters><Extensions><TPX xmlns="http://www.garmin.com/xmlschemas/ActivityExtension/v2"><Speed>2.58</Speed></TPX></Extensions></Trackpoint><Trackpoint><Time>2026-03-11T17:17:56+00:00</Time><DistanceMeters>3798.7</DistanceMeters><Position><LatitudeDegrees>50.597676</LatitudeDegrees><LongitudeDegrees>3.057811</LongitudeDegrees></Position><AltitudeMeters>49.5</AltitudeMeters><Extensions><TPX xmlns="http://www.garmin.com/xmlschemas/ActivityExtension/v2"><Speed>2.66</Speed></TPX></Extensions></Trackpoint><Trackpoint><Time>2026-03-11T17:17:57+00:00</Time><DistanceMeters>3801.3</DistanceMeters><Position><LatitudeDegrees>50.59766</LatitudeDegrees><LongitudeDegrees>3.057763</LongitudeDegrees></Position><AltitudeMeters>49.5</AltitudeMeters><Extensions><TPX xmlns="http://www.garmin.com/xmlschemas/ActivityExtension/v2"><Speed>2.7</Speed></TPX></Extensions></Trackpoint><Trackpoint><Time>2026-03-11T17:17:58+00:00</Time><DistanceMeters>3803.9</DistanceMeters><Position><LatitudeDegrees>50.597653</LatitudeDegrees><LongitudeDegrees>3.057748</LongitudeDegrees></Position><AltitudeMeters>49.6</AltitudeMeters><Extensions><TPX xmlns="http://www.garmin.com/xmlschemas/ActivityExtension/v2"><Speed>2.69</Speed></TPX></Extensions></Trackpoint><Trackpoint><Time>2026-03-11T17:17:59+00:00</Time><DistanceMeters>3807.4</DistanceMeters><Position><LatitudeDegrees>50.597644</LatitudeDegrees><LongitudeDegrees>3.057699</LongitudeDegrees></Position><AltitudeMeters>49.6</AltitudeMeters><Extensions><TPX xmlns="http://www.garmin.com/xmlschemas/ActivityExtension/v2"><Speed>2.86</Speed></TPX></Extensions></Trackpoint><Trackpoint><Time>2026-03-11T17:18:00+00:00</Time><DistanceMeters>3810.4</DistanceMeters><Position><LatitudeDegrees>50.597631</LatitudeDegrees><LongitudeDegrees>3.057642</LongitudeDegrees></Position><AltitudeMeters>49.7</AltitudeMeters><Extensions><TPX xmlns="http://www.garmin.com/xmlschemas/ActivityExtension/v2"><Speed>2.89</Speed></TPX></Extensions></Trackpoint><Trackpoint><Time>2026-03-11T17:18:01+00:00</Time><DistanceMeters>3813.3</DistanceMeters><Position><LatitudeDegrees>50.597623</LatitudeDegrees><LongitudeDegrees>3.057623</LongitudeDegrees></Position><AltitudeMeters>49.7</AltitudeMeters><Extensions><TPX xmlns="http://www.garmin.com/xmlschemas/ActivityExtension/v2"><Speed>2.92</Speed></TPX></Extensions></Trackpoint><Trackpoint><Time>2026-03-11T17:18:02+00:00</Time><DistanceMeters>3815.6</DistanceMeters><Position><LatitudeDegrees>50.597604</LatitudeDegrees><LongitudeDegrees>3.057583</LongitudeDegrees></Position><AltitudeMeters>49.8</AltitudeMeters><Extensions><TPX xmlns="http://www.garmin.com/xmlschemas/ActivityExtension/v2"><Speed>2.86</Speed></TPX></Extensions></Trackpoint><Trackpoint><Time>2026-03-11T17:18:03+00:00</Time><DistanceMeters>3817.9</DistanceMeters><Position><LatitudeDegrees>50.5976</LatitudeDegrees><LongitudeDegrees>3.057568</LongitudeDegrees></Position><AltitudeMeters>49.8</AltitudeMeters><Extensions><TPX xmlns="http://www.garmin.com/xmlschemas/ActivityExtension/v2"><Speed>2.8</Speed></TPX></Extensions></Trackpoint><Trackpoint><Time>2026-03-11T17:18:04+00:00</Time><DistanceMeters>3821.4</DistanceMeters><Position><LatitudeDegrees>50.597597</LatitudeDegrees><LongitudeDegrees>3.057521</LongitudeDegrees></Position><AltitudeMeters>49.9</AltitudeMeters><Extensions><TPX xmlns="http://www.garmin.com/xmlschemas/ActivityExtension/v2"><Speed>2.8</Speed></TPX></Extensions></Trackpoint><Trackpoint><Time>2026-03-11T17:18:05+00:00</Time><DistanceMeters>3824.0</DistanceMeters><Position><LatitudeDegrees>50.597588</LatitudeDegrees><LongitudeDegrees>3.057466</LongitudeDegrees></Position><AltitudeMeters>49.9</AltitudeMeters><Extensions><TPX xmlns="http://www.garmin.com/xmlschemas/ActivityExtension/v2"><Speed>2.73</Speed></TPX></Extensions></Trackpoint><Trackpoint><Time>2026-03-11T17:18:06+00:00</Time><DistanceMeters>3826.6</DistanceMeters><Position><LatitudeDegrees>50.597584</LatitudeDegrees><LongitudeDegrees>3.057449</LongitudeDegrees></Position><AltitudeMeters>50.0</AltitudeMeters><Extensions><TPX xmlns="http://www.garmin.com/xmlschemas/ActivityExtension/v2"><Speed>2.66</Speed></TPX></Extensions></Trackpoint><Trackpoint><Time>2026-03-11T17:18:07+00:00</Time><DistanceMeters>3828.9</DistanceMeters><Position><LatitudeDegrees>50.597568</LatitudeDegrees><LongitudeDegrees>3.057409</LongitudeDegrees></Position><AltitudeMeters>50.0</AltitudeMeters><Extensions><TPX xmlns="http://www.garmin.com/xmlschemas/ActivityExtension/v2"><Speed>2.65</Speed></TPX></Extensions></Trackpoint><Trackpoint><Time>2026-03-11T17:18:08+00:00</Time><DistanceMeters>3831.1</DistanceMeters><Position><LatitudeDegrees>50.597561</LatitudeDegrees><LongitudeDegrees>3.057398</LongitudeDegrees></Position><AltitudeMeters>50.0</AltitudeMeters><Extensions><TPX xmlns="http://www.garmin.com/xmlschemas/ActivityExtension/v2"><Speed>2.64</Speed></TPX></Extensions></Trackpoint><Trackpoint><Time>2026-03-11T17:18:09+00:00</Time><DistanceMeters>3833.9</DistanceMeters><Position><LatitudeDegrees>50.597525</LatitudeDegrees><LongitudeDegrees>3.057399</LongitudeDegrees></Position><AltitudeMeters>50.1</AltitudeMeters><Extensions><TPX xmlns="http://www.garmin.com/xmlschemas/ActivityExtension/v2"><Speed>2.5</Speed></TPX></Extensions></Trackpoint><Trackpoint><Time>2026-03-11T17:18:10+00:00</Time><DistanceMeters>3836.7</DistanceMeters><Position><LatitudeDegrees>50.597511</LatitudeDegrees><LongitudeDegrees>3.057411</LongitudeDegrees></Position><AltitudeMeters>50.1</AltitudeMeters><Extensions><TPX xmlns="http://www.garmin.com/xmlschemas/ActivityExtension/v2"><Speed>2.54</Speed></TPX></Extensions></Trackpoint><Trackpoint><Time>2026-03-11T17:18:11+00:00</Time><DistanceMeters>3839.6</DistanceMeters><Position><LatitudeDegrees>50.59748</LatitudeDegrees><LongitudeDegrees>3.05745</LongitudeDegrees></Position><AltitudeMeters>50.1</AltitudeMeters><Extensions><TPX xmlns="http://www.garmin.com/xmlschemas/ActivityExtension/v2"><Speed>2.6</Speed></TPX></Extensions></Trackpoint><Trackpoint><Time>2026-03-11T17:18:12+00:00</Time><DistanceMeters>3842.5</DistanceMeters><Position><LatitudeDegrees>50.597471</LatitudeDegrees><LongitudeDegrees>3.057465</LongitudeDegrees></Position><AltitudeMeters>50.1</AltitudeMeters><Extensions><TPX xmlns="http://www.garmin.com/xmlschemas/ActivityExtension/v2"><Speed>2.73</Speed></TPX></Extensions></Trackpoint><Trackpoint><Time>2026-03-11T17:18:13+00:00</Time><DistanceMeters>3845.1</DistanceMeters><Position><LatitudeDegrees>50.597441</LatitudeDegrees><LongitudeDegrees>3.057487</LongitudeDegrees></Position><AltitudeMeters>50.2</AltitudeMeters><Extensions><TPX xmlns="http://www.garmin.com/xmlschemas/ActivityExtension/v2"><Speed>2.79</Speed></TPX></Extensions></Trackpoint><Trackpoint><Time>2026-03-11T17:18:14+00:00</Time><DistanceMeters>3847.6</DistanceMeters><Position><LatitudeDegrees>50.59743</LatitudeDegrees><LongitudeDegrees>3.057496</LongitudeDegrees></Position><AltitudeMeters>50.2</AltitudeMeters><Extensions><TPX xmlns="http://www.garmin.com/xmlschemas/ActivityExtension/v2"><Speed>2.74</Speed></TPX></Extensions></Trackpoint><Trackpoint><Time>2026-03-11T17:18:15+00:00</Time><DistanceMeters>3849.9</DistanceMeters><Position><LatitudeDegrees>50.597401</LatitudeDegrees><LongitudeDegrees>3.057515</LongitudeDegrees></Position><AltitudeMeters>50.2</AltitudeMeters><Extensions><TPX xmlns="http://www.garmin.com/xmlschemas/ActivityExtension/v2"><Speed>2.64</Speed></TPX></Extensions></Trackpoint><Trackpoint><Time>2026-03-11T17:18:16+00:00</Time><DistanceMeters>3852.2</DistanceMeters><Position><LatitudeDegrees>50.597391</LatitudeDegrees><LongitudeDegrees>3.057518</LongitudeDegrees></Position><AltitudeMeters>50.2</AltitudeMeters><Extensions><TPX xmlns="http://www.garmin.com/xmlschemas/ActivityExtension/v2"><Speed>2.52</Speed></TPX></Extensions></Trackpoint><Trackpoint><Time>2026-03-11T17:18:17+00:00</Time><DistanceMeters>3854.4</DistanceMeters><Position><LatitudeDegrees>50.597362</LatitudeDegrees><LongitudeDegrees>3.057525</LongitudeDegrees></Position><AltitudeMeters>50.3</AltitudeMeters><Extensions><TPX xmlns="http://www.garmin.com/xmlschemas/ActivityExtension/v2"><Speed>2.38</Speed></TPX></Extensions></Trackpoint><Trackpoint><Time>2026-03-11T17:18:18+00:00</Time><DistanceMeters>3856.6</DistanceMeters><Position><LatitudeDegrees>50.597352</LatitudeDegrees><LongitudeDegrees>3.057528</LongitudeDegrees></Position><AltitudeMeters>50.3</AltitudeMeters><Extensions><TPX xmlns="http://www.garmin.com/xmlschemas/ActivityExtension/v2"><Speed>2.31</Speed></TPX></Extensions></Trackpoint><Trackpoint><Time>2026-03-11T17:18:19+00:00</Time><DistanceMeters>3859.0</DistanceMeters><Position><LatitudeDegrees>50.597321</LatitudeDegrees><LongitudeDegrees>3.057514</LongitudeDegrees></Position><AltitudeMeters>50.3</AltitudeMeters><Extensions><TPX xmlns="http://www.garmin.com/xmlschemas/ActivityExtension/v2"><Speed>2.27</Speed></TPX></Extensions></Trackpoint><Trackpoint><Time>2026-03-11T17:18:20+00:00</Time><DistanceMeters>3861.3</DistanceMeters><Position><LatitudeDegrees>50.597314</LatitudeDegrees><LongitudeDegrees>3.057501</LongitudeDegrees></Position><AltitudeMeters>50.3</AltitudeMeters><Extensions><TPX xmlns="http://www.garmin.com/xmlschemas/ActivityExtension/v2"><Speed>2.28</Speed></TPX></Extensions></Trackpoint><Trackpoint><Time>2026-03-11T17:18:21+00:00</Time><DistanceMeters>3861.3</DistanceMeters><Position><LatitudeDegrees>50.597293</LatitudeDegrees><LongitudeDegrees>3.057498</LongitudeDegrees></Position><AltitudeMeters>50.3</AltitudeMeters><Extensions><TPX xmlns="http://www.garmin.com/xmlschemas/ActivityExtension/v2"><Speed>1.82</Speed></TPX></Extensions></Trackpoint><Trackpoint><Time>2026-03-11T17:18:22+00:00</Time><DistanceMeters>3865.2</DistanceMeters><Position><LatitudeDegrees>50.597278</LatitudeDegrees><LongitudeDegrees>3.057497</LongitudeDegrees></Position><AltitudeMeters>50.3</AltitudeMeters><Extensions><TPX xmlns="http://www.garmin.com/xmlschemas/ActivityExtension/v2"><Speed>2.16</Speed></TPX></Extensions></Trackpoint><Trackpoint><Time>2026-03-11T17:18:23+00:00</Time><DistanceMeters>3868.1</DistanceMeters><Position><LatitudeDegrees>50.597241</LatitudeDegrees><LongitudeDegrees>3.057486</LongitudeDegrees></Position><AltitudeMeters>50.4</AltitudeMeters><Extensions><TPX xmlns="http://www.garmin.com/xmlschemas/ActivityExtension/v2"><Speed>2.29</Speed></TPX></Extensions></Trackpoint><Trackpoint><Time>2026-03-11T17:18:24+00:00</Time><DistanceMeters>3870.9</DistanceMeters><Position><LatitudeDegrees>50.597228</LatitudeDegrees><LongitudeDegrees>3.057487</LongitudeDegrees></Position><AltitudeMeters>50.4</AltitudeMeters><Extensions><TPX xmlns="http://www.garmin.com/xmlschemas/ActivityExtension/v2"><Speed>2.39</Speed></TPX></Extensions></Trackpoint><Trackpoint><Time>2026-03-11T17:18:25+00:00</Time><DistanceMeters>3873.3</DistanceMeters><Position><LatitudeDegrees>50.597196</LatitudeDegrees><LongitudeDegrees>3.05748</LongitudeDegrees></Position><AltitudeMeters>50.4</AltitudeMeters><Extensions><TPX xmlns="http://www.garmin.com/xmlschemas/ActivityExtension/v2"><Speed>2.4</Speed></TPX></Extensions></Trackpoint><Trackpoint><Time>2026-03-11T17:18:26+00:00</Time><DistanceMeters>3875.7</DistanceMeters><Position><LatitudeDegrees>50.597185</LatitudeDegrees><LongitudeDegrees>3.057477</LongitudeDegrees></Position><AltitudeMeters>50.4</AltitudeMeters><Extensions><TPX xmlns="http://www.garmin.com/xmlschemas/ActivityExtension/v2"><Speed>2.88</Speed></TPX></Extensions></Trackpoint><Trackpoint><Time>2026-03-11T17:18:27+00:00</Time><DistanceMeters>3878.4</DistanceMeters><Position><LatitudeDegrees>50.59715</LatitudeDegrees><LongitudeDegrees>3.057478</LongitudeDegrees></Position><AltitudeMeters>50.4</AltitudeMeters><Extensions><TPX xmlns="http://www.garmin.com/xmlschemas/ActivityExtension/v2"><Speed>2.63</Speed></TPX></Extensions></Trackpoint><Trackpoint><Time>2026-03-11T17:18:28+00:00</Time><DistanceMeters>3881.0</DistanceMeters><Position><LatitudeDegrees>50.597138</LatitudeDegrees><LongitudeDegrees>3.057482</LongitudeDegrees></Position><AltitudeMeters>50.4</AltitudeMeters><Extensions><TPX xmlns="http://www.garmin.com/xmlschemas/ActivityExtension/v2"><Speed>2.59</Speed></TPX></Extensions></Trackpoint><Trackpoint><Time>2026-03-11T17:18:29+00:00</Time><DistanceMeters>3881.0</DistanceMeters><Position><LatitudeDegrees>50.597122</LatitudeDegrees><LongitudeDegrees>3.057488</LongitudeDegrees></Position><AltitudeMeters>50.4</AltitudeMeters><Extensions><TPX xmlns="http://www.garmin.com/xmlschemas/ActivityExtension/v2"><Speed>2.02</Speed></TPX></Extensions></Trackpoint></Track></Lap></Activity></Activities></TrainingCenterDatabase>